Time,UB,LB
0.000000,140.000000,20.102432
0.002679,140.000000,33.357942
0.003499,140.000000,34.523392
0.004265,140.000000,36.404822
0.004615,140.000000,39.409763
0.004983,140.000000,41.123363
0.005720,140.000000,42.187523
0.005892,140.000000,43.445558
0.006587,140.000000,43.901123
0.006907,140.000000,44.170102
0.007224,140.000000,44.389974
0.007543,140.000000,44.560374
0.008357,140.000000,47.229430
0.008747,140.000000,48.093654
0.008944,140.000000,48.264054
0.009308,140.000000,48.589942
0.010075,140.000000,48.755414
0.010726,140.000000,48.925814
0.011764,140.000000,49.133142
0.012209,140.000000,49.233072
0.012587,140.000000,49.518224
0.012786,140.000000,49.725622
0.012971,140.000000,49.889987
0.013327,140.000000,51.421942
0.013706,140.000000,51.499654
0.013910,140.000000,51.641846
0.014972,140.000000,51.736822
0.015422,140.000000,52.293622
0.015809,140.000000,52.629494
0.016245,140.000000,52.735510
0.016613,140.000000,52.907184
0.017107,140.000000,52.971386
0.017308,140.000000,52.983670
0.017526,140.000000,53.502262
0.017966,140.000000,53.633146
0.018339,140.000000,54.139174
0.018531,140.000000,54.147824
0.018635,140.000000,54.587350
0.019013,140.000000,54.975024
0.019211,140.000000,55.010864
0.019450,140.000000,55.345526
0.019835,140.000000,55.651510
0.020031,140.000000,56.051542
0.020225,140.000000,56.097274
0.020715,140.000000,56.325584
0.020923,140.000000,56.809558
0.021304,140.000000,56.997264
0.021677,140.000000,57.055174
0.021781,140.000000,57.057718
0.021971,140.000000,57.503350
0.022163,140.000000,57.536784
0.022386,140.000000,57.805904
0.022610,140.000000,58.080022
0.022990,140.000000,58.231824
0.023188,140.000000,58.291030
0.023361,140.000000,58.663984
0.024212,140.000000,58.831750
0.024389,140.000000,58.907184
0.024888,140.000000,59.725558
0.025103,140.000000,59.800954
0.025298,140.000000,60.065062
0.025489,140.000000,60.067606
0.025864,140.000000,60.142870
0.026055,140.000000,60.313222
0.026158,140.000000,60.761398
0.026337,140.000000,60.831814
0.026538,140.000000,60.955184
0.026632,140.000000,61.207030
0.026721,140.000000,61.626864
0.026958,140.000000,61.916902
0.027183,140.000000,61.919446
0.027627,140.000000,62.365078
0.027844,140.000000,62.614582
0.028304,140.000000,62.981062
0.028427,140.000000,62.983606
0.028632,140.000000,63.058870
0.028738,140.000000,63.400918
0.028926,140.000000,63.536784
0.029390,140.000000,63.549142
0.030309,140.000000,63.597274
0.030569,140.000000,63.702230
0.031041,140.000000,63.849142
0.031491,140.000000,64.139110
0.031696,140.000000,64.273782
0.031962,140.000000,64.387270
0.032088,140.000000,64.660182
0.032473,140.000000,64.681200
0.032709,140.000000,64.832902
0.032816,140.000000,64.835446
0.033017,140.000000,64.921942
0.033357,140.000000,65.174950
0.033531,140.000000,65.281078
0.033627,140.000000,65.620582
0.033718,140.000000,65.623126
0.033891,140.000000,65.747830
0.034286,140.000000,65.796016
0.034509,140.000000,65.847834
0.034724,140.000000,66.009590
0.034943,140.000000,66.032982
0.035129,140.000000,66.068758
0.035363,140.000000,66.316918
0.035464,140.000000,66.375034
0.035578,140.000000,66.383702
0.035983,140.000000,66.577414
0.036130,140.000000,66.626902
0.036526,140.000000,67.055110
0.036633,140.000000,67.120630
0.036810,140.000000,67.244182
0.037043,140.000000,67.300954
0.037198,140.000000,67.397158
0.037406,140.000000,67.472422
0.037515,140.000000,67.474966
0.037712,140.000000,67.513302
0.037954,140.000000,67.518224
0.038173,140.000000,67.552822
0.038425,140.000000,67.821942
0.038643,140.000000,68.071382
0.039057,140.000000,68.090950
0.039209,140.000000,68.119510
0.040015,140.000000,68.178742
0.040355,140.000000,68.262672
0.040582,140.000000,68.290966
0.040768,140.000000,68.331830
0.040984,140.000000,68.452784
0.041391,140.000000,68.497158
0.041539,140.000000,68.536582
0.041607,140.000000,68.539126
0.041709,140.000000,68.600950
0.041920,140.000000,68.605872
0.042134,140.000000,68.747830
0.042555,140.000000,68.984758
0.042691,140.000000,69.126874
0.042940,140.000000,69.248998
0.043170,140.000000,69.289782
0.043376,140.000000,69.336752
0.043641,140.000000,69.423078
0.043785,140.000000,69.499696
0.043923,140.000000,69.551542
0.044128,140.000000,69.563824
0.044335,140.000000,69.621904
0.044543,140.000000,69.663792
0.044753,140.000000,69.679990
0.045339,140.000000,69.694630
0.045497,140.000000,69.783632
0.045783,140.000000,69.825584
0.046006,140.000000,70.116982
0.046422,140.000000,70.120630
0.046655,140.000000,70.142806
0.046880,140.000000,70.157744
0.047410,140.000000,70.161456
0.047689,140.000000,70.313158
0.047825,140.000000,70.377430
0.048047,140.000000,70.388422
0.048120,140.000000,70.390966
0.048226,140.000000,70.425616
0.048363,140.000000,70.651472
0.048570,140.000000,70.662582
0.048699,140.000000,70.730470
0.048827,140.000000,70.936624
0.048956,140.000000,71.035510
0.049213,140.000000,71.048950
0.049473,140.000000,71.206966
0.049592,140.000000,71.256502
0.049816,140.000000,71.403344
0.049986,140.000000,71.409622
0.050465,140.000000,71.466422
0.050875,140.000000,71.489782
0.051084,140.000000,71.515632
0.051231,140.000000,71.525622
0.051471,140.000000,71.530544
0.051694,140.000000,71.624278
0.051810,140.000000,71.678742
0.052647,140.000000,71.750230
0.052778,140.000000,71.921942
0.053206,140.000000,72.024272
0.053331,140.000000,72.078630
0.053481,140.000000,72.145424
0.053899,140.000000,72.147824
0.054037,140.000000,72.164998
0.054184,140.000000,72.182422
0.054453,140.000000,72.416944
0.054612,140.000000,72.497274
0.055170,140.000000,72.557750
0.055419,140.000000,72.610630
0.055506,140.000000,72.700982
0.055718,140.000000,72.830554
0.055858,140.000000,72.877488
0.056085,140.000000,72.952678
0.056204,140.000000,72.970102
0.056422,140.000000,72.975024
0.056646,140.000000,73.010864
0.056922,140.000000,73.058806
0.057045,140.000000,73.082384
0.057245,140.000000,73.099674
0.057638,140.000000,73.116982
0.058005,140.000000,73.233072
0.058430,140.000000,73.270070
0.058664,140.000000,73.275024
0.058912,140.000000,73.281053
0.059077,140.000000,73.347750
0.059211,140.000000,73.377430
0.059418,140.000000,73.398310
0.059563,140.000000,73.400854
0.059774,140.000000,73.435398
0.059930,140.000000,73.512022
0.060387,140.000000,73.518224
0.060967,140.000000,73.616870
0.061138,140.000000,73.646470
0.061241,140.000000,73.651472
0.061493,140.000000,73.846486
0.061650,140.000000,73.865136
0.061830,140.000000,74.093542
0.062454,140.000000,74.193424
0.062612,140.000000,74.325622
0.062881,140.000000,74.413232
0.063046,140.000000,74.455184
0.063191,140.000000,74.489782
0.063404,140.000000,74.540278
0.063496,140.000000,74.605872
0.063794,140.000000,74.660182
0.064187,140.000000,74.667670
0.065044,140.000000,74.746582
0.065257,140.000000,74.750230
0.065391,140.000000,74.787344
0.065630,140.000000,74.791056
0.065788,140.000000,74.804518
0.065925,140.000000,74.813270
0.066156,140.000000,74.857354
0.066328,140.000000,74.884822
0.066538,140.000000,74.978598
0.066689,140.000000,75.020624
0.066901,140.000000,75.024272
0.067034,140.000000,75.058934
0.067283,140.000000,75.078704
0.067462,140.000000,75.088560
0.067743,140.000000,75.126874
0.068263,140.000000,75.159997
0.068409,140.000000,75.235510
0.068898,140.000000,75.281072
0.069031,140.000000,75.315670
0.069240,140.000000,75.339152
0.069399,140.000000,75.449062
0.069638,140.000000,75.452784
0.070078,140.000000,75.566224
0.070177,140.000000,75.620518
0.070311,140.000000,75.678550
0.070467,140.000000,75.698326
0.070600,140.000000,75.713264
0.070849,140.000000,75.755190
0.071027,140.000000,75.868678
0.071121,140.000000,76.032982
0.071374,140.000000,76.096022
0.071658,140.000000,76.119382
0.071816,140.000000,76.200954
0.072688,140.000000,76.228150
0.073186,140.000000,76.272422
0.073352,140.000000,76.314310
0.073451,140.000000,76.316854
0.073587,140.000000,76.331792
0.073847,140.000000,76.365142
0.074096,140.000000,76.370064
0.074345,140.000000,76.393424
0.074484,140.000000,76.512022
0.074865,140.000000,76.551542
0.075796,140.000000,76.581168
0.075974,140.000000,76.620518
0.076170,140.000000,76.631798
0.076500,140.000000,76.653872
0.076617,140.000000,76.665110
0.076899,140.000000,76.688470
0.077055,140.000000,76.762486
0.077165,140.000000,76.775024
0.077728,140.000000,76.803354
0.077926,140.000000,76.825584
0.078226,140.000000,76.858870
0.078480,140.000000,76.994630
0.078803,140.000000,77.009542
0.079087,140.000000,77.198310
0.079273,140.000000,77.198342
0.079464,140.000000,77.204403
0.079667,140.000000,77.349142
0.080160,140.000000,77.472358
0.080313,140.000000,77.507088
0.080478,140.000000,77.518230
0.080936,140.000000,77.530390
0.081115,140.000000,77.583670
0.081365,140.000000,77.602224
0.081861,140.000000,77.604624
0.082027,140.000000,77.607030
0.082222,140.000000,77.720518
0.082323,140.000000,77.729274
0.082514,140.000000,77.746582
0.082749,140.000000,77.803382
0.083047,140.000000,77.862672
0.083604,140.000000,77.865110
0.083878,140.000000,77.873744
0.084035,140.000000,77.884822
0.084261,140.000000,77.899670
0.084422,140.000000,78.020624
0.084653,140.000000,78.036784
0.084948,140.000000,78.108310
0.085235,140.000000,78.141622
0.085466,140.000000,78.147824
0.086204,140.000000,78.168790
0.086384,140.000000,78.231670
0.086558,140.000000,78.281072
0.086717,140.000000,78.315670
0.086951,140.000000,78.320477
0.087072,140.000000,78.337974
0.087377,140.000000,78.365062
0.087542,140.000000,78.415664
0.087776,140.000000,78.429168
0.087969,140.000000,78.536518
0.088075,140.000000,78.614326
0.088182,140.000000,78.710710
0.088417,140.000000,78.731824
0.088724,140.000000,78.739174
0.089028,140.000000,78.741718
0.090056,140.000000,78.830554
0.090808,140.000000,78.935430
0.091001,140.000000,78.953830
0.091107,140.000000,78.956374
0.091316,140.000000,78.975024
0.091937,140.000000,79.010864
0.092306,140.000000,79.119382
0.092466,140.000000,79.182422
0.092724,140.000000,79.246397
0.092857,140.000000,79.273638
0.093024,140.000000,79.289782
0.093296,140.000000,79.347750
0.093867,140.000000,79.371190
0.094058,140.000000,79.384669
0.094258,140.000000,79.393424
0.094426,140.000000,79.442870
0.094615,140.000000,79.510678
0.094938,140.000000,79.514422
0.095121,140.000000,79.563824
0.095479,140.000000,79.649062
0.096164,140.000000,79.650224
0.096347,140.000000,79.688470
0.096517,140.000000,79.711990
0.096686,140.000000,79.716950
0.096970,140.000000,79.788464
0.097123,140.000000,79.829238
0.097330,140.000000,79.858870
0.097557,140.000000,79.865142
0.098032,140.000000,79.945270
0.098186,140.000000,79.960150
0.098469,140.000000,80.074790
0.098638,140.000000,80.082384
0.099448,140.000000,80.083510
0.099602,140.000000,80.168742
0.099808,140.000000,80.177277
0.099978,140.000000,80.194589
0.100201,140.000000,80.198390
0.100512,140.000000,80.219312
0.100692,140.000000,80.263677
0.100842,140.000000,80.295750
0.100975,140.000000,80.302198
0.101540,140.000000,80.388358
0.101686,140.000000,80.405840
0.101983,140.000000,80.412874
0.102137,140.000000,80.531760
0.102326,140.000000,80.578678
0.102630,140.000000,80.589648
0.102860,140.000000,80.641702
0.103337,140.000000,80.662582
0.103517,140.000000,80.687270
0.103844,140.000000,80.715517
0.103989,140.000000,80.730406
0.104168,140.000000,80.936624
0.104336,140.000000,80.937942
0.104608,140.000000,80.961392
0.104821,140.000000,80.997264
0.105343,140.000000,80.999664
0.105548,140.000000,81.023024
0.105685,140.000000,81.034262
0.105987,140.000000,81.052822
0.106280,140.000000,81.103197
0.106504,140.000000,81.105702
0.106738,140.000000,81.108342
0.107256,140.000000,81.125478
0.107457,140.000000,81.141622
0.107696,140.000000,81.176038
0.107816,140.000000,81.189597
0.107947,140.000000,81.223030
0.108133,140.000000,81.228022
0.108365,140.000000,81.231670
0.108524,140.000000,81.237942
0.108796,140.000000,81.268784
0.108971,140.000000,81.294678
0.109251,140.000000,81.294710
0.109424,140.000000,81.318070
0.109547,140.000000,81.318160
0.109812,140.000000,81.321942
0.110109,140.000000,81.410525
0.110280,140.000000,81.415664
0.110562,140.000000,81.455184
0.111221,140.000000,81.488470
0.111402,140.000000,81.507062
0.111619,140.000000,81.511782
0.111865,140.000000,81.545149
0.112065,140.000000,81.563830
0.112271,140.000000,81.624214
0.112461,140.000000,81.639152
0.112873,140.000000,81.641437
0.113038,140.000000,81.655174
0.113216,140.000000,81.657718
0.113482,140.000000,81.677245
0.113658,140.000000,81.710710
0.113905,140.000000,81.762512
0.114073,140.000000,81.766320
0.114250,140.000000,81.783670
0.114796,140.000000,81.830365
0.114992,140.000000,81.834003
0.115141,140.000000,81.869830
0.115241,140.000000,81.872374
0.115365,140.000000,81.887312
0.115564,140.000000,81.939158
0.115858,140.000000,81.997222
0.116143,140.000000,82.111869
0.116388,140.000000,82.126864
0.116710,140.000000,82.140406
0.116999,140.000000,82.155158
0.117176,140.000000,82.182358
0.117475,140.000000,82.220598
0.117747,140.000000,82.231824
0.118283,140.000000,82.310774
0.118565,140.000000,82.336445
0.118727,140.000000,82.343926
0.118986,140.000000,82.355069
0.119207,140.000000,82.370064
0.119774,140.000000,82.405904
0.120086,140.000000,82.424278
0.120259,140.000000,82.432982
0.120446,140.000000,82.435350
0.120730,140.000000,82.468499
0.120909,140.000000,82.489629
0.121101,140.000000,82.514422
0.121260,140.000000,82.565062
0.121713,140.000000,82.569843
0.121939,140.000000,82.577462
0.122295,140.000000,82.586006
0.122624,140.000000,82.600822
0.122819,140.000000,82.650224
0.122999,140.000000,82.688317
0.123140,140.000000,82.693203
0.123332,140.000000,82.737910
0.123528,140.000000,82.788464
0.123692,140.000000,82.800912
0.124022,140.000000,82.861270
0.124153,140.000000,82.891030
0.124426,140.000000,82.945270
0.124592,140.000000,82.958589
0.124724,140.000000,82.982358
0.124989,140.000000,83.027878
0.125117,140.000000,83.045264
0.125280,140.000000,83.079862
0.125531,140.000000,83.083510
0.125702,140.000000,83.172211
0.125903,140.000000,83.190634
0.126071,140.000000,83.260182
0.126353,140.000000,83.277203
0.126585,140.000000,83.305638
0.126761,140.000000,83.314246
0.126953,140.000000,83.340310
0.127140,140.000000,83.403165
0.127390,140.000000,83.490992
0.127731,140.000000,83.550118
0.127943,140.000000,83.557702
0.128280,140.000000,83.586074
0.128610,140.000000,83.589597
0.128826,140.000000,83.604624
0.129701,140.000000,83.614237
0.129842,140.000000,83.614352
0.130014,140.000000,83.635133
0.130211,140.000000,83.646406
0.130343,140.000000,83.658806
0.130615,140.000000,83.663830
0.130842,140.000000,83.812022
0.131037,140.000000,83.814358
0.131310,140.000000,83.868499
0.131521,140.000000,83.977350
0.131677,140.000000,84.020467
0.132097,140.000000,84.023024
0.132234,140.000000,84.036784
0.132915,140.000000,84.081142
0.133112,140.000000,84.092038
0.133239,140.000000,84.111878
0.133475,140.000000,84.173427
0.133715,140.000000,84.186106
0.134031,140.000000,84.193424
0.134263,140.000000,84.228022
0.134556,140.000000,84.235440
0.134725,140.000000,84.242790
0.134988,140.000000,84.277277
0.135246,140.000000,84.285875
0.135442,140.000000,84.344112
0.135728,140.000000,84.374634
0.135939,140.000000,84.377318
0.136147,140.000000,84.383526
0.136360,140.000000,84.418064
0.136518,140.000000,84.447606
0.136669,140.000000,84.452662
0.136868,140.000000,84.488470
0.137055,140.000000,84.494742
0.137387,140.000000,84.540214
0.137548,140.000000,84.544118
0.137979,140.000000,84.546438
0.138141,140.000000,84.589750
0.138388,140.000000,84.611763
0.138582,140.000000,84.623062
0.138848,140.000000,84.627910
0.139011,140.000000,84.641622
0.139211,140.000000,84.642838
0.139606,140.000000,84.713110
0.139760,140.000000,84.715750
0.140382,140.000000,84.742870
0.140665,140.000000,84.812022
0.140918,140.000000,84.827990
0.141111,140.000000,84.903270
0.141253,140.000000,84.913222
0.141440,140.000000,84.947830
0.141718,140.000000,85.025622
0.142039,140.000000,85.035440
0.142239,140.000000,85.079667
0.142416,140.000000,85.084637
0.142548,140.000000,85.119069
0.142683,140.000000,85.157478
0.142858,140.000000,85.160182
0.143890,140.000000,85.161158
0.144044,140.000000,85.161360
0.144214,140.000000,85.166086
0.144410,140.000000,85.273638
0.144618,140.000000,85.277174
0.144866,140.000000,85.277334
0.145066,140.000000,85.316870
0.145294,140.000000,85.321942
0.145848,140.000000,85.334150
0.146205,140.000000,85.353757
0.146363,140.000000,85.420662
0.146676,140.000000,85.515670
0.146906,140.000000,85.564870
0.147076,140.000000,85.566224
0.147215,140.000000,85.600822
0.147388,140.000000,85.626864
0.147997,140.000000,85.630310
0.148150,140.000000,85.663862
0.148338,140.000000,85.669789
0.148511,140.000000,85.684797
0.148845,140.000000,85.693382
0.148991,140.000000,85.713200
0.149316,140.000000,85.715638
0.149660,140.000000,85.769958
0.149868,140.000000,85.807030
0.150055,140.000000,85.815526
0.150251,140.000000,85.816854
0.150445,140.000000,85.857622
0.150617,140.000000,85.857718
0.151265,140.000000,85.874726
0.151459,140.000000,85.884822
0.151769,140.000000,85.890998
0.152027,140.000000,85.924278
0.152361,140.000000,85.932982
0.152552,140.000000,85.937904
0.152747,140.000000,85.943878
0.152869,140.000000,85.961360
0.153118,140.000000,85.982358
0.153441,140.000000,85.984637
0.153667,140.000000,85.995862
0.153869,140.000000,85.997274
0.154423,140.000000,86.039190
0.154715,140.000000,86.045264
0.154887,140.000000,86.049971
0.155093,140.000000,86.071270
0.155366,140.000000,86.079862
0.155622,140.000000,86.103110
0.155763,140.000000,86.127958
0.155973,140.000000,86.131664
0.156151,140.000000,86.136662
0.156390,140.000000,86.144070
0.156676,140.000000,86.167478
0.157008,140.000000,86.195952
0.157327,140.000000,86.197222
0.157986,140.000000,86.221638
0.158119,140.000000,86.232797
0.158316,140.000000,86.232950
0.158504,140.000000,86.247830
0.159009,140.000000,86.248758
0.159211,140.000000,86.262470
0.159376,140.000000,86.272358
0.159608,140.000000,86.285926
0.159744,140.000000,86.299446
0.159887,140.000000,86.340310
0.160081,140.000000,86.402000
0.160340,140.000000,86.405629
0.160589,140.000000,86.426710
0.160782,140.000000,86.476118
0.160988,140.000000,86.517878
0.161209,140.000000,86.519293
0.161459,140.000000,86.531590
0.161678,140.000000,86.532982
0.162023,140.000000,86.614352
0.162233,140.000000,86.619302
0.162410,140.000000,86.655222
0.162763,140.000000,86.658749
0.163052,140.000000,86.679830
0.163256,140.000000,86.684637
0.163454,140.000000,86.742774
0.163661,140.000000,86.751398
0.163889,140.000000,86.801907
0.164118,140.000000,86.811958
0.164336,140.000000,86.848598
0.164517,140.000000,86.861318
0.164801,140.000000,86.931507
0.164992,140.000000,86.938899
0.165209,140.000000,86.955158
0.165503,140.000000,86.965078
0.165785,140.000000,86.999664
0.166626,140.000000,87.053878
0.166842,140.000000,87.056400
0.167464,140.000000,87.067302
0.167661,140.000000,87.125478
0.167880,140.000000,87.141309
0.168041,140.000000,87.152598
0.168273,140.000000,87.179734
0.168430,140.000000,87.194493
0.168678,140.000000,87.199443
0.168863,140.000000,87.207062
0.169082,140.000000,87.230422
0.169244,140.000000,87.318160
0.169640,140.000000,87.332797
0.169857,140.000000,87.336477
0.170019,140.000000,87.385885
0.170182,140.000000,87.402038
0.170376,140.000000,87.418064
0.170512,140.000000,87.452662
0.170690,140.000000,87.468758
0.170976,140.000000,87.476182
0.171166,140.000000,87.481014
0.171375,140.000000,87.481104
0.171563,140.000000,87.482150
0.171728,140.000000,87.488528
0.171927,140.000000,87.521629
0.172117,140.000000,87.525558
0.172393,140.000000,87.587350
0.172890,140.000000,87.601917
0.173100,140.000000,87.605597
0.173272,140.000000,87.623062
0.173567,140.000000,87.631526
0.173731,140.000000,87.631750
0.174078,140.000000,87.640147
0.174261,140.000000,87.658870
0.174444,140.000000,87.677245
0.174640,140.000000,87.677318
0.174864,140.000000,87.709462
0.175035,140.000000,87.713110
0.175183,140.000000,87.719446
0.175467,140.000000,87.726566
0.175658,140.000000,87.737878
0.175880,140.000000,87.744182
0.176545,140.000000,87.776150
0.176738,140.000000,87.837654
0.177002,140.000000,87.900854
0.177319,140.000000,87.913158
0.177762,140.000000,87.945043
0.178099,140.000000,87.983504
0.178312,140.000000,88.000918
0.179020,140.000000,88.014205
0.179256,140.000000,88.020445
0.179478,140.000000,88.045149
0.179664,140.000000,88.090960
0.180046,140.000000,88.113206
0.180282,140.000000,88.121661
0.180504,140.000000,88.136566
0.180726,140.000000,88.158685
0.180871,140.000000,88.186000
0.181297,140.000000,88.204390
0.181475,140.000000,88.240317
0.182006,140.000000,88.278550
0.182211,140.000000,88.310678
0.182581,140.000000,88.311805
0.182763,140.000000,88.324246
0.182961,140.000000,88.332637
0.183110,140.000000,88.342870
0.183450,140.000000,88.398166
0.183703,140.000000,88.406934
0.183960,140.000000,88.409478
0.184389,140.000000,88.425469
0.184722,140.000000,88.427805
0.184898,140.000000,88.429200
0.185152,140.000000,88.593366
0.185369,140.000000,88.640310
0.185786,140.000000,88.678742
0.186856,140.000000,88.679709
0.187054,140.000000,88.696918
0.187317,140.000000,88.713264
0.187599,140.000000,88.714326
0.187935,140.000000,88.716982
0.188440,140.000000,88.718013
0.188654,140.000000,88.728947
0.188843,140.000000,88.730470
0.189179,140.000000,88.742630
0.189322,140.000000,88.758582
0.189470,140.000000,88.762614
0.189745,140.000000,88.825366
0.189947,140.000000,88.832723
0.190148,140.000000,88.857622
0.190325,140.000000,88.861158
0.190483,140.000000,88.911878
0.190707,140.000000,88.915475
0.190872,140.000000,88.919142
0.191068,140.000000,88.921942
0.191625,140.000000,88.926630
0.191831,140.000000,88.946419
0.192088,140.000000,88.946429
0.192293,140.000000,88.949939
0.192455,140.000000,88.953766
0.192605,140.000000,88.958685
0.192790,140.000000,88.973670
0.193134,140.000000,88.987270
0.193331,140.000000,88.995862
0.193525,140.000000,89.004438
0.193751,140.000000,89.011958
0.194099,140.000000,89.013200
0.194457,140.000000,89.030230
0.194698,140.000000,89.082262
0.194843,140.000000,89.094486
0.195047,140.000000,89.098198
0.195240,140.000000,89.113222
0.195678,140.000000,89.131664
0.195867,140.000000,89.145117
0.196032,140.000000,89.154845
0.196184,140.000000,89.173430
0.196409,140.000000,89.176038
0.196550,140.000000,89.201926
0.196679,140.000000,89.240189
0.197024,140.000000,89.247571
0.197206,140.000000,89.252662
0.197398,140.000000,89.257510
0.197537,140.000000,89.324086
0.197775,140.000000,89.324208
0.198035,140.000000,89.361158
0.198180,140.000000,89.378525
0.198430,140.000000,89.392246
0.198776,140.000000,89.420592
0.198938,140.000000,89.426710
0.199140,140.000000,89.491987
0.199364,140.000000,89.525107
0.199487,140.000000,89.526704
0.199688,140.000000,89.550118
0.200153,140.000000,89.561398
0.200630,140.000000,89.570950
0.200921,140.000000,89.577430
0.201126,140.000000,89.624278
0.201476,140.000000,89.716726
0.201658,140.000000,89.720582
0.201897,140.000000,89.728947
0.202086,140.000000,89.740221
0.202254,140.000000,89.764998
0.202661,140.000000,89.775891
0.202927,140.000000,89.789782
0.204735,140.000000,89.821750
0.204914,140.000000,89.837798
0.205148,140.000000,89.845117
0.205298,140.000000,89.875859
0.205457,140.000000,89.881078
0.205655,140.000000,89.922877
0.205831,140.000000,89.939046
0.205984,140.000000,89.962502
0.206218,140.000000,89.962525
0.206471,140.000000,89.963718
0.206721,140.000000,89.965046
0.206956,140.000000,89.966045
0.207102,140.000000,89.977203
0.207288,140.000000,89.979670
0.207575,140.000000,89.997174
0.207838,140.000000,90.020467
0.208205,140.000000,90.029117
0.208379,140.000000,90.032982
0.209037,140.000000,90.051542
0.209321,140.000000,90.063824
0.209628,140.000000,90.071037
0.209787,140.000000,90.089782
0.210101,140.000000,90.095734
0.210233,140.000000,90.099350
0.210450,140.000000,90.101958
0.210590,140.000000,90.108278
0.210892,140.000000,90.113053
0.211342,140.000000,90.113238
0.211663,140.000000,90.116573
0.211834,140.000000,90.169821
0.212040,140.000000,90.183430
0.212207,140.000000,90.206918
0.212484,140.000000,90.208166
0.212633,140.000000,90.210582
0.212853,140.000000,90.220582
0.213057,140.000000,90.223126
0.213714,140.000000,90.230422
0.213860,140.000000,90.235165
0.214025,140.000000,90.254966
0.214181,140.000000,90.271270
0.214953,140.000000,90.304550
0.215210,140.000000,90.342800
0.215440,140.000000,90.349939
0.215595,140.000000,90.383526
0.215800,140.000000,90.399558
0.215973,140.000000,90.416838
0.216217,140.000000,90.451357
0.216683,140.000000,90.501907
0.216932,140.000000,90.503350
0.217451,140.000000,90.565104
0.217749,140.000000,90.567504
0.217903,140.000000,90.574960
0.218502,140.000000,90.593203
0.218703,140.000000,90.598198
0.219052,140.000000,90.616982
0.220057,140.000000,90.625462
0.220215,140.000000,90.668790
0.220443,140.000000,90.684563
0.220668,140.000000,90.709462
0.220845,140.000000,90.712998
0.220998,140.000000,90.741558
0.221320,140.000000,90.746454
0.221512,140.000000,90.752371
0.221739,140.000000,90.761264
0.221877,140.000000,90.771037
0.222040,140.000000,90.794461
0.222388,140.000000,90.825552
0.222794,140.000000,90.832694
0.222980,140.000000,90.832790
0.223171,140.000000,90.832854
0.223325,140.000000,90.836624
0.223482,140.000000,90.845213
0.223727,140.000000,90.845398
0.224677,140.000000,90.848797
0.224864,140.000000,90.848934
0.225065,140.000000,90.874806
0.225374,140.000000,90.889670
0.225570,140.000000,90.892070
0.225714,140.000000,90.916918
0.225924,140.000000,90.950198
0.226834,140.000000,90.968646
0.227006,140.000000,90.983504
0.227194,140.000000,91.015574
0.227399,140.000000,91.020371
0.227697,140.000000,91.022771
0.227915,140.000000,91.032765
0.228119,140.000000,91.034198
0.228431,140.000000,91.035229
0.228623,140.000000,91.050198
0.228840,140.000000,91.066141
0.229014,140.000000,91.084637
0.229338,140.000000,91.101910
0.229541,140.000000,91.101974
0.229706,140.000000,91.162582
0.230365,140.000000,91.164854
0.230509,140.000000,91.190899
0.230873,140.000000,91.198358
0.231141,140.000000,91.200886
0.231489,140.000000,91.210614
0.231725,140.000000,91.212998
0.231875,140.000000,91.240317
0.232131,140.000000,91.256198
0.232324,140.000000,91.268720
0.232617,140.000000,91.275859
0.232810,140.000000,91.278550
0.233031,140.000000,91.284694
0.233212,140.000000,91.289427
0.233449,140.000000,91.309430
0.233689,140.000000,91.310646
0.233936,140.000000,91.325478
0.234112,140.000000,91.331526
0.234256,140.000000,91.336371
0.234525,140.000000,91.341469
0.234740,140.000000,91.390902
0.234945,140.000000,91.399574
0.235273,140.000000,91.427827
0.235522,140.000000,91.456147
0.235761,140.000000,91.478646
0.236031,140.000000,91.490918
0.236215,140.000000,91.540157
0.236369,140.000000,91.553814
0.236530,140.000000,91.568566
0.236720,140.000000,91.580787
0.236919,140.000000,91.584758
0.237135,140.000000,91.585949
0.237391,140.000000,91.594608
0.237531,140.000000,91.594710
0.237771,140.000000,91.604317
0.237959,140.000000,91.622803
0.238134,140.000000,91.672189
0.238356,140.000000,91.684797
0.238793,140.000000,91.686000
0.239252,140.000000,91.693235
0.239433,140.000000,91.696947
0.239681,140.000000,91.742742
0.239882,140.000000,91.755037
0.240099,140.000000,91.783606
0.240433,140.000000,91.788317
0.240588,140.000000,91.788374
0.240914,140.000000,91.793238
0.241118,140.000000,91.812957
0.241299,140.000000,91.815590
0.241519,140.000000,91.817990
0.241671,140.000000,91.869766
0.241806,140.000000,91.882310
0.242133,140.000000,91.887248
0.242388,140.000000,91.892006
0.242562,140.000000,91.906877
0.242876,140.000000,91.915664
0.243200,140.000000,91.937904
0.243435,140.000000,91.940294
0.243687,140.000000,91.968413
0.243889,140.000000,91.976118
0.244152,140.000000,91.979638
0.244440,140.000000,91.989782
0.244792,140.000000,92.074966
0.245516,140.000000,92.082262
0.245665,140.000000,92.085587
0.245800,140.000000,92.087110
0.245971,140.000000,92.098326
0.246255,140.000000,92.106806
0.246407,140.000000,92.108304
0.246727,140.000000,92.113302
0.247136,140.000000,92.115590
0.247338,140.000000,92.141597
0.247716,140.000000,92.145302
0.247943,140.000000,92.163709
0.248184,140.000000,92.164627
0.248362,140.000000,92.166237
0.248651,140.000000,92.189638
0.249131,140.000000,92.213264
0.249874,140.000000,92.225334
0.250018,140.000000,92.227933
0.250298,140.000000,92.231453
0.250457,140.000000,92.240157
0.250617,140.000000,92.252662
0.250806,140.000000,92.268678
0.251039,140.000000,92.303222
0.251233,140.000000,92.334086
0.251418,140.000000,92.337782
0.251711,140.000000,92.350118
0.251947,140.000000,92.356304
0.252119,140.000000,92.357354
0.252375,140.000000,92.435357
0.252653,140.000000,92.452784
0.253323,140.000000,92.466077
0.253489,140.000000,92.482003
0.253701,140.000000,92.483357
0.253875,140.000000,92.494419
0.254061,140.000000,92.510678
0.254296,140.000000,92.512957
0.254473,140.000000,92.513200
0.254836,140.000000,92.520486
0.255060,140.000000,92.525334
0.255268,140.000000,92.526704
0.255457,140.000000,92.526758
0.255715,140.000000,92.527891
0.255981,140.000000,92.531411
0.256150,140.000000,92.562237
0.256280,140.000000,92.603206
0.256440,140.000000,92.606886
0.256598,140.000000,92.613104
0.256752,140.000000,92.616918
0.257152,140.000000,92.622858
0.257395,140.000000,92.657558
0.257576,140.000000,92.677174
0.257729,140.000000,92.684534
0.257927,140.000000,92.684678
0.258096,140.000000,92.689654
0.258294,140.000000,92.714237
0.258457,140.000000,92.724230
0.258765,140.000000,92.751261
0.258953,140.000000,92.766166
0.259132,140.000000,92.769958
0.259385,140.000000,92.788371
0.259601,140.000000,92.793286
0.259815,140.000000,92.817926
0.260006,140.000000,92.821750
0.260201,140.000000,92.871091
0.260514,140.000000,92.887069
0.260713,140.000000,92.905558
0.260980,140.000000,92.908150
0.261130,140.000000,92.914259
0.261408,140.000000,92.932765
0.261573,140.000000,92.958774
0.261778,140.000000,92.972470
0.262003,140.000000,93.024278
0.262240,140.000000,93.025462
0.262480,140.000000,93.027571
0.262702,140.000000,93.040208
0.262922,140.000000,93.041510
0.263129,140.000000,93.058726
0.263302,140.000000,93.122771
0.263568,140.000000,93.124272
0.263751,140.000000,93.125437
0.263979,140.000000,93.139126
0.264186,140.000000,93.141494
0.264397,140.000000,93.142870
0.265048,140.000000,93.157373
0.265223,140.000000,93.166077
0.265394,140.000000,93.182278
0.265717,140.000000,93.187270
0.266186,140.000000,93.227894
0.266347,140.000000,93.238877
0.266541,140.000000,93.243869
0.266759,140.000000,93.246512
0.266989,140.000000,93.278163
0.267130,140.000000,93.284630
0.267376,140.000000,93.320349
0.267572,140.000000,93.332797
0.268012,140.000000,93.336477
0.268351,140.000000,93.342864
0.268780,140.000000,93.346582
0.269086,140.000000,93.355005
0.269315,140.000000,93.358547
0.269496,140.000000,93.393174
0.269693,140.000000,93.407005
0.270073,140.000000,93.409277
0.270269,140.000000,93.410614
0.270472,140.000000,93.414294
0.270695,140.000000,93.420566
0.270958,140.000000,93.432829
0.271211,140.000000,93.443901
0.271382,140.000000,93.456374
0.271636,140.000000,93.481104
0.271852,140.000000,93.497014
0.272027,140.000000,93.551542
0.272751,140.000000,93.599542
0.273065,140.000000,93.625462
0.273227,140.000000,93.634118
0.273916,140.000000,93.635446
0.274265,140.000000,93.640189
0.274573,140.000000,93.663766
0.274846,140.000000,93.666230
0.275253,140.000000,93.675933
0.275449,140.000000,93.687094
0.275713,140.000000,93.699389
0.275987,140.000000,93.732797
0.276168,140.000000,93.733834
0.276380,140.000000,93.739088
0.276671,140.000000,93.747453
0.276826,140.000000,93.756157
0.277024,140.000000,93.756390
0.277398,140.000000,93.761398
0.278167,140.000000,93.766150
0.278521,140.000000,93.847622
0.278874,140.000000,93.866198
0.279417,140.000000,93.873501
0.279659,140.000000,93.876246
0.280610,140.000000,93.889661
0.281068,140.000000,93.898390
0.281334,140.000000,93.899504
0.281515,140.000000,93.919206
0.281956,140.000000,93.925334
0.282195,140.000000,93.938950
0.282428,140.000000,93.942790
0.282737,140.000000,93.947443
0.283015,140.000000,93.950198
0.283272,140.000000,93.964998
0.283806,140.000000,93.971046
0.283985,140.000000,93.972339
0.284272,140.000000,93.974950
0.284668,140.000000,93.980989
0.284930,140.000000,93.984624
0.285183,140.000000,94.012022
0.286429,140.000000,94.016627
0.286676,140.000000,94.050192
0.286816,140.000000,94.054845
0.286971,140.000000,94.061267
0.287225,140.000000,94.071078
0.287415,140.000000,94.074960
0.287844,140.000000,94.105597
0.288131,140.000000,94.106813
0.288383,140.000000,94.130278
0.288608,140.000000,94.135510
0.289197,140.000000,94.137782
0.289433,140.000000,94.156304
0.289589,140.000000,94.158685
0.289928,140.000000,94.190902
0.290129,140.000000,94.207997
0.290298,140.000000,94.208086
0.290492,140.000000,94.255958
0.290653,140.000000,94.272502
0.290984,140.000000,94.294630
0.291192,140.000000,94.299526
0.291525,140.000000,94.315574
0.291749,140.000000,94.340214
0.291985,140.000000,94.346259
0.292193,140.000000,94.347645
0.292387,140.000000,94.359974
0.292573,140.000000,94.378598
0.292852,140.000000,94.382294
0.293082,140.000000,94.389533
0.293302,140.000000,94.456157
0.293486,140.000000,94.462429
0.293677,140.000000,94.482150
0.293903,140.000000,94.485814
0.294168,140.000000,94.501885
0.294364,140.000000,94.501949
0.294569,140.000000,94.509286
0.294726,140.000000,94.536637
0.295205,140.000000,94.537798
0.295756,140.000000,94.583526
0.296258,140.000000,94.585750
0.296458,140.000000,94.601853
0.296662,140.000000,94.603101
0.296888,140.000000,94.618006
0.297109,140.000000,94.620374
0.297283,140.000000,94.621798
0.297591,140.000000,94.650198
0.297901,140.000000,94.670950
0.298189,140.000000,94.684605
0.298395,140.000000,94.697117
0.298929,140.000000,94.742838
0.299151,140.000000,94.746326
0.299308,140.000000,94.769821
0.299469,140.000000,94.776086
0.300525,140.000000,94.777174
0.300760,140.000000,94.805629
0.300969,140.000000,94.806832
0.301191,140.000000,94.809590
0.301641,140.000000,94.814077
0.301777,140.000000,94.814214
0.301993,140.000000,94.819283
0.302427,140.000000,94.820486
0.302691,140.000000,94.842717
0.303031,140.000000,94.864854
0.303193,140.000000,94.875891
0.303500,140.000000,94.877053
0.303658,140.000000,94.891030
0.303991,140.000000,94.907997
0.304166,140.000000,94.916678
0.304310,140.000000,94.919446
0.305578,140.000000,94.934045
0.305797,140.000000,94.940125
0.306094,140.000000,94.957638
0.306455,140.000000,94.975894
0.306760,140.000000,94.988307
0.307024,140.000000,94.988445
0.307258,140.000000,94.988502
0.307555,140.000000,94.989590
0.307762,140.000000,94.989638
0.308427,140.000000,94.990966
0.308643,140.000000,95.001926
0.308812,140.000000,95.016880
0.309042,140.000000,95.031517
0.309311,140.000000,95.056390
0.310026,140.000000,95.083485
0.310275,140.000000,95.110678
0.310629,140.000000,95.116918
0.311238,140.000000,95.126470
0.311484,140.000000,95.138973
0.311792,140.000000,95.142800
0.312008,140.000000,95.161149
0.312206,140.000000,95.162470
0.312375,140.000000,95.183411
0.312623,140.000000,95.188326
0.312863,140.000000,95.194704
0.313314,140.000000,95.209203
0.313584,140.000000,95.218038
0.313833,140.000000,95.240022
0.314002,140.000000,95.245014
0.314233,140.000000,95.246582
0.316353,140.000000,95.253661
0.316608,140.000000,95.272246
0.316765,140.000000,95.272406
0.317108,140.000000,95.298288
0.317257,140.000000,95.316870
0.317651,140.000000,95.330470
0.317882,140.000000,95.352403
0.318097,140.000000,95.384822
0.318415,140.000000,95.396998
0.318609,140.000000,95.411734
0.318848,140.000000,95.420598
0.319178,140.000000,95.427805
0.319352,140.000000,95.480925
0.319555,140.000000,95.482182
0.319894,140.000000,95.482269
0.320214,140.000000,95.506813
0.320428,140.000000,95.506845
0.320672,140.000000,95.509398
0.321236,140.000000,95.515606
0.321521,140.000000,95.518022
0.321714,140.000000,95.543734
0.321905,140.000000,95.560022
0.322106,140.000000,95.562365
0.322400,140.000000,95.563702
0.322584,140.000000,95.570038
0.322956,140.000000,95.598246
0.323133,140.000000,95.599382
0.323363,140.000000,95.604486
0.323675,140.000000,95.608304
0.324365,140.000000,95.613104
0.324528,140.000000,95.630294
0.324759,140.000000,95.636285
0.324899,140.000000,95.647613
0.325220,140.000000,95.668758
0.325506,140.000000,95.690886
0.325718,140.000000,95.696925
0.325948,140.000000,95.698067
0.326177,140.000000,95.704371
0.326460,140.000000,95.721629
0.327014,140.000000,95.740134
0.327275,140.000000,95.746294
0.327662,140.000000,95.750045
0.327939,140.000000,95.753846
0.328212,140.000000,95.762333
0.328487,140.000000,95.768726
0.329271,140.000000,95.795763
0.329571,140.000000,95.798326
0.329871,140.000000,95.840214
0.330089,140.000000,95.852371
0.330358,140.000000,95.879677
0.330688,140.000000,95.894461
0.331064,140.000000,95.908150
0.331226,140.000000,95.914227
0.331519,140.000000,95.919027
0.331704,140.000000,95.939030
0.331907,140.000000,95.939046
0.332266,140.000000,95.962525
0.332869,140.000000,95.966045
0.333583,140.000000,95.982278
0.333962,140.000000,96.020502
0.334164,140.000000,96.027894
0.334417,140.000000,96.062230
0.334581,140.000000,96.082134
0.334842,140.000000,96.087069
0.335033,140.000000,96.101974
0.335256,140.000000,96.114256
0.335462,140.000000,96.136307
0.335659,140.000000,96.142726
0.335889,140.000000,96.177174
0.336103,140.000000,96.197158
0.336533,140.000000,96.199485
0.336743,140.000000,96.213072
0.336913,140.000000,96.221661
0.337094,140.000000,96.224208
0.337243,140.000000,96.224278
0.337489,140.000000,96.227869
0.337742,140.000000,96.233917
0.337947,140.000000,96.252403
0.338110,140.000000,96.278323
0.338331,140.000000,96.294544
0.338507,140.000000,96.298067
0.338728,140.000000,96.303005
0.338935,140.000000,96.329053
0.339190,140.000000,96.333990
0.339365,140.000000,96.400733
0.339573,140.000000,96.400918
0.341044,140.000000,96.404454
0.341217,140.000000,96.436371
0.341579,140.000000,96.437590
0.341815,140.000000,96.443942
0.342053,140.000000,96.451357
0.342550,140.000000,96.461110
0.342785,140.000000,96.501907
0.343061,140.000000,96.506877
0.343316,140.000000,96.510557
0.343493,140.000000,96.511878
0.344066,140.000000,96.516848
0.344272,140.000000,96.524166
0.344465,140.000000,96.550118
0.344762,140.000000,96.553814
0.345002,140.000000,96.567504
0.345457,140.000000,96.568563
0.345691,140.000000,96.572253
0.345974,140.000000,96.576054
0.346254,140.000000,96.596022
0.347156,140.000000,96.622845
0.347410,140.000000,96.622909
0.347579,140.000000,96.638886
0.347743,140.000000,96.646294
0.348123,140.000000,96.651261
0.348319,140.000000,96.659965
0.348550,140.000000,96.667446
0.349002,140.000000,96.695741
0.349212,140.000000,96.710589
0.349427,140.000000,96.737904
0.349869,140.000000,96.751334
0.350131,140.000000,96.774902
0.350290,140.000000,96.806726
0.350485,140.000000,96.806854
0.350758,140.000000,96.814333
0.351285,140.000000,96.821501
0.351445,140.000000,96.876086
0.351806,140.000000,96.887046
0.351958,140.000000,96.891891
0.352193,140.000000,96.896989
0.352366,140.000000,96.932797
0.352912,140.000000,96.947549
0.353099,140.000000,96.953814
0.353308,140.000000,96.955094
0.353535,140.000000,96.978310
0.353761,140.000000,96.981104
0.354213,140.000000,96.999382
0.354418,140.000000,97.011667
0.354620,140.000000,97.019069
0.354786,140.000000,97.022771
0.354998,140.000000,97.030470
0.355410,140.000000,97.032765
0.355847,140.000000,97.044022
0.356024,140.000000,97.046294
0.356261,140.000000,97.048944
0.356427,140.000000,97.054934
0.356686,140.000000,97.058672
0.356992,140.000000,97.079638
0.357285,140.000000,97.090726
0.357466,140.000000,97.092157
0.358080,140.000000,97.093398
0.358288,140.000000,97.100541
0.358461,140.000000,97.111603
0.358649,140.000000,97.124246
0.359088,140.000000,97.125213
0.359283,140.000000,97.128893
0.359445,140.000000,97.136534
0.359654,140.000000,97.138998
0.359882,140.000000,97.156304
0.360043,140.000000,97.188413
0.360291,140.000000,97.190899
0.360664,140.000000,97.190902
0.360863,140.000000,97.201917
0.361216,140.000000,97.215526
0.361493,140.000000,97.223046
0.362500,140.000000,97.229053
0.363037,140.000000,97.232758
0.363324,140.000000,97.240317
0.363583,140.000000,97.253814
0.363792,140.000000,97.253853
0.364064,140.000000,97.255110
0.364281,140.000000,97.263622
0.364457,140.000000,97.275901
0.364704,140.000000,97.298262
0.364870,140.000000,97.314278
0.365030,140.000000,97.316816
0.365189,140.000000,97.326653
0.365422,140.000000,97.330374
0.365590,140.000000,97.336582
0.365814,140.000000,97.338886
0.365974,140.000000,97.339126
0.366487,140.000000,97.343990
0.366650,140.000000,97.348758
0.366831,140.000000,97.351114
0.367021,140.000000,97.363574
0.367249,140.000000,97.368477
0.367394,140.000000,97.389622
0.367632,140.000000,97.399558
0.367842,140.000000,97.425286
0.367990,140.000000,97.427827
0.368591,140.000000,97.442768
0.368835,140.000000,97.451350
0.368997,140.000000,97.460006
0.369469,140.000000,97.469878
0.369700,140.000000,97.480950
0.369941,140.000000,97.488182
0.370096,140.000000,97.495814
0.370279,140.000000,97.505587
0.370594,140.000000,97.510685
0.370895,140.000000,97.514205
0.371064,140.000000,97.517949
0.371284,140.000000,97.547581
0.371456,140.000000,97.547686
0.371780,140.000000,97.552678
0.372026,140.000000,97.553811
0.372353,140.000000,97.573542
0.372665,140.000000,97.621654
0.372955,140.000000,97.642838
0.373900,140.000000,97.650166
0.374232,140.000000,97.655062
0.374426,140.000000,97.669808
0.374597,140.000000,97.671037
0.374813,140.000000,97.672339
0.375066,140.000000,97.689565
0.375353,140.000000,97.690771
0.375687,140.000000,97.692054
0.375898,140.000000,97.697043
0.376315,140.000000,97.697117
0.376595,140.000000,97.732765
0.376828,140.000000,97.741638
0.378111,140.000000,97.770963
0.378304,140.000000,97.774758
0.378514,140.000000,97.780854
0.378674,140.000000,97.783325
0.378874,140.000000,97.790870
0.379087,140.000000,97.795574
0.379293,140.000000,97.825526
0.379697,140.000000,97.835446
0.380459,140.000000,97.868477
0.380633,140.000000,97.872342
0.380814,140.000000,97.879677
0.381032,140.000000,97.881014
0.381271,140.000000,97.886006
0.381598,140.000000,97.893302
0.381814,140.000000,97.894557
0.382061,140.000000,97.894611
0.382494,140.000000,97.906877
0.383207,140.000000,97.910710
0.383472,140.000000,97.912874
0.383693,140.000000,97.918045
0.384077,140.000000,97.929104
0.384260,140.000000,97.940230
0.384434,140.000000,97.949949
0.384610,140.000000,97.956390
0.385399,140.000000,97.972214
0.385654,140.000000,97.999526
0.385991,140.000000,98.005558
0.386290,140.000000,98.014173
0.386521,140.000000,98.048998
0.386916,140.000000,98.051114
0.387121,140.000000,98.062429
0.387330,140.000000,98.063654
0.387505,140.000000,98.064918
0.387755,140.000000,98.066045
0.388326,140.000000,98.066198
0.388610,140.000000,98.068477
0.388786,140.000000,98.085757
0.389008,140.000000,98.085926
0.389267,140.000000,98.099411
0.389498,140.000000,98.106934
0.389971,140.000000,98.141597
0.390533,140.000000,98.142589
0.390801,140.000000,98.142646
0.391151,140.000000,98.147670
0.391388,140.000000,98.153629
0.391630,140.000000,98.162406
0.391806,140.000000,98.166237
0.392402,140.000000,98.174950
0.393117,140.000000,98.201821
0.393397,140.000000,98.209558
0.394078,140.000000,98.224182
0.394304,140.000000,98.232694
0.394471,140.000000,98.236477
0.394907,140.000000,98.238870
0.395179,140.000000,98.240198
0.395370,140.000000,98.245366
0.395778,140.000000,98.246582
0.396570,140.000000,98.250038
0.396817,140.000000,98.250109
0.397068,140.000000,98.294397
0.397245,140.000000,98.303158
0.397544,140.000000,98.306870
0.397882,140.000000,98.310390
0.398074,140.000000,98.312950
0.398325,140.000000,98.314070
0.398474,140.000000,98.325478
0.398723,140.000000,98.334086
0.399073,140.000000,98.337846
0.399395,140.000000,98.348806
0.399584,140.000000,98.395750
0.399889,140.000000,98.421734
0.400082,140.000000,98.422771
0.400305,140.000000,98.427731
0.400742,140.000000,98.430131
0.400913,140.000000,98.431526
0.401066,140.000000,98.446486
0.401314,140.000000,98.469779
0.401542,140.000000,98.477222
0.401878,140.000000,98.497014
0.402123,140.000000,98.506813
0.402375,140.000000,98.510365
0.402554,140.000000,98.514045
0.402718,140.000000,98.520486
0.402973,140.000000,98.524157
0.403438,140.000000,98.563702
0.403630,140.000000,98.572147
0.403864,140.000000,98.572390
0.404076,140.000000,98.580893
0.404351,140.000000,98.592070
0.404598,140.000000,98.598259
0.404885,140.000000,98.606886
0.405083,140.000000,98.614224
0.405302,140.000000,98.614246
0.405443,140.000000,98.617782
0.405651,140.000000,98.621629
0.405881,140.000000,98.623037
0.406131,140.000000,98.627910
0.406312,140.000000,98.636413
0.406563,140.000000,98.641622
0.408781,140.000000,98.673469
0.408998,140.000000,98.683510
0.409170,140.000000,98.692150
0.409581,140.000000,98.696787
0.409798,140.000000,98.699251
0.409990,140.000000,98.709382
0.410211,140.000000,98.715510
0.410471,140.000000,98.727926
0.410857,140.000000,98.729126
0.411139,140.000000,98.735101
0.411334,140.000000,98.743731
0.411619,140.000000,98.748758
0.411857,140.000000,98.769853
0.412056,140.000000,98.799494
0.412262,140.000000,98.819222
0.412530,140.000000,98.820502
0.412710,140.000000,98.824093
0.413022,140.000000,98.846480
0.413199,140.000000,98.863507
0.413440,140.000000,98.867379
0.413726,140.000000,98.871091
0.414031,140.000000,98.883366
0.414179,140.000000,98.884822
0.414578,140.000000,98.892157
0.414863,140.000000,98.910525
0.415055,140.000000,98.914205
0.415226,140.000000,98.915664
0.415557,140.000000,98.950038
0.415781,140.000000,98.960118
0.416400,140.000000,98.971142
0.416635,140.000000,98.994397
0.416789,140.000000,99.003254
0.417094,140.000000,99.006774
0.417261,140.000000,99.030163
0.417451,140.000000,99.033926
0.417633,140.000000,99.055005
0.418133,140.000000,99.058726
0.418333,140.000000,99.060006
0.418554,140.000000,99.072294
0.418761,140.000000,99.079549
0.418983,140.000000,99.100678
0.419179,140.000000,99.113158
0.419457,140.000000,99.121782
0.419801,140.000000,99.122771
0.420026,140.000000,99.122790
0.420221,140.000000,99.132765
0.420480,140.000000,99.135190
0.420820,140.000000,99.141478
0.421016,140.000000,99.155062
0.421237,140.000000,99.164790
0.421490,140.000000,99.176029
0.421736,140.000000,99.182134
0.422069,140.000000,99.183325
0.422259,140.000000,99.184605
0.422544,140.000000,99.189638
0.423114,140.000000,99.190966
0.423663,140.000000,99.197014
0.423907,140.000000,99.200598
0.424127,140.000000,99.203133
0.424480,140.000000,99.242614
0.424702,140.000000,99.262374
0.425059,140.000000,99.266013
0.425336,140.000000,99.271126
0.425696,140.000000,99.274726
0.425911,140.000000,99.275894
0.426088,140.000000,99.282086
0.426251,140.000000,99.301917
0.426484,140.000000,99.303197
0.426754,140.000000,99.306774
0.427056,140.000000,99.311677
0.427244,140.000000,99.316918
0.428309,140.000000,99.321670
0.428672,140.000000,99.329021
0.428946,140.000000,99.336253
0.429107,140.000000,99.350198
0.429475,140.000000,99.357565
0.429761,140.000000,99.367206
0.430000,140.000000,99.403142
0.430350,140.000000,99.404518
0.430575,140.000000,99.406867
0.431036,140.000000,99.407005
0.431501,140.000000,99.412883
0.431702,140.000000,99.435229
0.431906,140.000000,99.436432
0.432151,140.000000,99.449917
0.432318,140.000000,99.453843
0.432677,140.000000,99.468726
0.433078,140.000000,99.474781
0.433306,140.000000,99.506902
0.433490,140.000000,99.517990
0.433726,140.000000,99.520630
0.434040,140.000000,99.521648
0.434250,140.000000,99.530470
0.434805,140.000000,99.572147
0.435071,140.000000,99.599389
0.435293,140.000000,99.626598
0.435496,140.000000,99.634134
0.435943,140.000000,99.641430
0.436212,140.000000,99.667334
0.436428,140.000000,99.689757
0.436838,140.000000,99.693277
0.437296,140.000000,99.693302
0.437478,140.000000,99.713085
0.437684,140.000000,99.720317
0.437874,140.000000,99.725309
0.438085,140.000000,99.725414
0.438260,140.000000,99.735133
0.438485,140.000000,99.746154
0.438678,140.000000,99.763517
0.438833,140.000000,99.772400
0.439022,140.000000,99.778406
0.439211,140.000000,99.782230
0.439481,140.000000,99.789782
0.440238,140.000000,99.793290
0.440500,140.000000,99.801789
0.440681,140.000000,99.825382
0.440977,140.000000,99.827731
0.441508,140.000000,99.835510
0.442423,140.000000,99.836445
0.442646,140.000000,99.837757
0.442928,140.000000,99.845203
0.443343,140.000000,99.847638
0.443639,140.000000,99.847766
0.444667,140.000000,99.855046
0.445307,140.000000,99.871094
0.445540,140.000000,99.873494
0.445876,140.000000,99.880902
0.446211,140.000000,99.882954
0.446405,140.000000,99.888445
0.447037,140.000000,99.889363
0.447280,140.000000,99.890886
0.447523,140.000000,99.901757
0.447684,140.000000,99.914045
0.447837,140.000000,99.914269
0.448056,140.000000,99.915494
0.448234,140.000000,99.919318
0.448866,140.000000,99.924054
0.449115,140.000000,99.948774
0.449283,140.000000,99.962365
0.449624,140.000000,99.985949
0.449964,140.000000,99.986954
0.450267,140.000000,99.988400
0.450450,140.000000,99.994314
0.450655,140.000000,99.999382
0.450882,140.000000,100.011677
0.451051,140.000000,100.014422
0.451611,140.000000,100.050198
0.451907,140.000000,100.080982
0.452186,140.000000,100.092157
0.452499,140.000000,100.098067
0.452822,140.000000,100.106813
0.453335,140.000000,100.108214
0.453701,140.000000,100.111782
0.454015,140.000000,100.121680
0.454220,140.000000,100.127846
0.454475,140.000000,100.128982
0.454732,140.000000,100.133974
0.454952,140.000000,100.139046
0.455739,140.000000,100.140189
0.456014,140.000000,100.149917
0.456165,140.000000,100.157427
0.456423,140.000000,100.157565
0.456712,140.000000,100.168534
0.456908,140.000000,100.175894
0.457056,140.000000,100.180829
0.457469,140.000000,100.182278
0.457869,140.000000,100.188358
0.458304,140.000000,100.199638
0.458592,140.000000,100.206909
0.458833,140.000000,100.226470
0.459079,140.000000,100.237597
0.459232,140.000000,100.237670
0.459401,140.000000,100.237904
0.460486,140.000000,100.251414
0.460913,140.000000,100.262422
0.461129,140.000000,100.281046
0.461533,140.000000,100.282173
0.461781,140.000000,100.289597
0.462082,140.000000,100.298326
0.462335,140.000000,100.321619
0.462614,140.000000,100.343574
0.462805,140.000000,100.343942
0.463029,140.000000,100.353661
0.463353,140.000000,100.364957
0.463684,140.000000,100.371027
0.463956,140.000000,100.371101
0.464284,140.000000,100.376006
0.464827,140.000000,100.379645
0.465110,140.000000,100.383446
0.465366,140.000000,100.399421
0.465593,140.000000,100.400701
0.465854,140.000000,100.406774
0.466050,140.000000,100.413021
0.466527,140.000000,100.446154
0.466761,140.000000,100.446550
0.467061,140.000000,100.463517
0.467239,140.000000,100.466064
0.467481,140.000000,100.468678
0.467669,140.000000,100.472413
0.468269,140.000000,100.474966
0.469821,140.000000,100.489542
0.470078,140.000000,100.495766
0.470506,140.000000,100.514301
0.470808,140.000000,100.518067
0.471104,140.000000,100.527731
0.471586,140.000000,100.529085
0.471913,140.000000,100.530131
0.472109,140.000000,100.532605
0.472311,140.000000,100.536285
0.472474,140.000000,100.536637
0.472984,140.000000,100.554998
0.473263,140.000000,100.557446
0.473421,140.000000,100.559782
0.473645,140.000000,100.569862
0.473844,140.000000,100.584733
0.474179,140.000000,100.585814
0.474406,140.000000,100.588253
0.474602,140.000000,100.601757
0.474792,140.000000,100.619222
0.474991,140.000000,100.625334
0.475242,140.000000,100.645078
0.475484,140.000000,100.657488
0.475699,140.000000,100.666070
0.476040,140.000000,100.670634
0.476221,140.000000,100.672214
0.476412,140.000000,100.675894
0.476703,140.000000,100.684605
0.476964,140.000000,100.689437
0.477135,140.000000,100.690634
0.477353,140.000000,100.695702
0.477744,140.000000,100.705718
0.478148,140.000000,100.710493
0.478395,140.000000,100.736253
0.478566,140.000000,100.743846
0.478800,140.000000,100.743856
0.479024,140.000000,100.763613
0.479446,140.000000,100.764723
0.479708,140.000000,100.772371
0.480291,140.000000,100.792134
0.480548,140.000000,100.797014
0.480816,140.000000,100.799251
0.481027,140.000000,100.802006
0.481318,140.000000,100.812723
0.481522,140.000000,100.821590
0.481810,140.000000,100.824246
0.482077,140.000000,100.826566
0.482262,140.000000,100.828976
0.482580,140.000000,100.842672
0.482768,140.000000,100.851357
0.483138,140.000000,100.857373
0.483323,140.000000,100.867453
0.483658,140.000000,100.870973
0.483846,140.000000,100.878365
0.484045,140.000000,100.893238
0.484275,140.000000,100.903165
0.484530,140.000000,100.903174
0.484710,140.000000,100.905597
0.485023,140.000000,100.920374
0.485173,140.000000,100.924144
0.485343,140.000000,100.930422
0.485706,140.000000,100.937597
0.485869,140.000000,100.952518
0.486068,140.000000,100.955165
0.486500,140.000000,100.964998
0.486777,140.000000,100.965142
0.487180,140.000000,100.967350
0.487467,140.000000,100.976118
0.487770,140.000000,100.984605
0.488067,140.000000,100.988445
0.488890,140.000000,101.001926
0.489067,140.000000,101.016646
0.489261,140.000000,101.018077
0.489529,140.000000,101.020496
0.489683,140.000000,101.025245
0.489924,140.000000,101.037702
0.490276,140.000000,101.050109
0.490567,140.000000,101.065104
0.491319,140.000000,101.116630
0.491595,140.000000,101.125558
0.492266,140.000000,101.132627
0.492501,140.000000,101.136477
0.492743,140.000000,101.141478
0.493231,140.000000,101.143699
0.493442,140.000000,101.147702
0.493812,140.000000,101.152582
0.494169,140.000000,101.160006
0.494720,140.000000,101.166045
0.494920,140.000000,101.185814
0.495131,140.000000,101.201853
0.495397,140.000000,101.201990
0.495664,140.000000,101.205654
0.495875,140.000000,101.206854
0.496202,140.000000,101.221629
0.496428,140.000000,101.234102
0.496694,140.000000,101.246406
0.497134,140.000000,101.253587
0.497364,140.000000,101.253846
0.497626,140.000000,101.255094
0.497991,140.000000,101.258614
0.498190,140.000000,101.279718
0.498423,140.000000,101.287069
0.498645,140.000000,101.287197
0.498948,140.000000,101.288272
0.499234,140.000000,101.297021
0.499560,140.000000,101.320566
0.500018,140.000000,101.324157
0.500304,140.000000,101.324246
0.500980,140.000000,101.325437
0.501552,140.000000,101.345078
0.501809,140.000000,101.354803
0.502019,140.000000,101.355123
0.502524,140.000000,101.358493
0.502702,140.000000,101.362486
0.502915,140.000000,101.389437
0.503109,140.000000,101.391827
0.503341,140.000000,101.402867
0.503529,140.000000,101.423987
0.503779,140.000000,101.433974
0.504119,140.000000,101.435165
0.504318,140.000000,101.436445
0.504543,140.000000,101.446454
0.504825,140.000000,101.454934
0.505134,140.000000,101.467334
0.505349,140.000000,101.467606
0.506613,140.000000,101.471142
0.506856,140.000000,101.479696
0.507067,140.000000,101.495782
0.507264,140.000000,101.506813
0.507486,140.000000,101.527734
0.507667,140.000000,101.537629
0.507860,140.000000,101.537798
0.508332,140.000000,101.564925
0.508549,140.000000,101.566141
0.508834,140.000000,101.578365
0.509028,140.000000,101.580861
0.509269,140.000000,101.588093
0.509415,140.000000,101.592842
0.509606,140.000000,101.594646
0.509888,140.000000,101.617843
0.510269,140.000000,101.632758
0.510583,140.000000,101.637654
0.510803,140.000000,101.641622
0.511861,140.000000,101.645126
0.512116,140.000000,101.657494
0.512310,140.000000,101.669766
0.512519,140.000000,101.676144
0.512795,140.000000,101.678544
0.512993,140.000000,101.685942
0.513242,140.000000,101.688272
0.513565,140.000000,101.698246
0.513950,140.000000,101.699478
0.514191,140.000000,101.703142
0.514445,140.000000,101.709296
0.514603,140.000000,101.732797
0.514888,140.000000,101.735101
0.515122,140.000000,101.747686
0.515465,140.000000,101.752678
0.515984,140.000000,101.796893
0.516174,140.000000,101.800614
0.516348,140.000000,101.803174
0.516588,140.000000,101.820502
0.516756,140.000000,101.829094
0.516947,140.000000,101.833834
0.517164,140.000000,101.834160
0.517373,140.000000,101.840240
0.517548,140.000000,101.844957
0.517701,140.000000,101.850013
0.517932,140.000000,101.862358
0.518158,140.000000,101.872317
0.518406,140.000000,101.877318
0.518667,140.000000,101.877366
0.519050,140.000000,101.884710
0.519243,140.000000,101.884822
0.519634,140.000000,101.887101
0.519838,140.000000,101.893270
0.520090,140.000000,101.904390
0.520465,140.000000,101.916733
0.520671,140.000000,101.926614
0.520845,140.000000,101.942582
0.521231,140.000000,101.946416
0.521447,140.000000,101.947664
0.521630,140.000000,101.962365
0.521888,140.000000,101.963709
0.522523,140.000000,101.966182
0.522767,140.000000,101.973590
0.522958,140.000000,101.985974
0.523923,140.000000,101.988253
0.524126,140.000000,101.991891
0.524420,140.000000,102.002899
0.524715,140.000000,102.005299
0.524909,140.000000,102.021654
0.525302,140.000000,102.025174
0.525505,140.000000,102.033014
0.526068,140.000000,102.036534
0.527546,140.000000,102.056390
0.529052,140.000000,102.067398
0.529382,140.000000,102.071030
0.529895,140.000000,102.071046
0.530285,140.000000,102.077302
0.530717,140.000000,102.078310
0.531047,140.000000,102.080822
0.531257,140.000000,102.088413
0.531858,140.000000,102.089510
0.532142,140.000000,102.089565
0.532598,140.000000,102.094544
0.532827,140.000000,102.095798
0.533189,140.000000,102.099478
0.533451,140.000000,102.109334
0.533670,140.000000,102.111734
0.533904,140.000000,102.129053
0.534484,140.000000,102.136400
0.534740,140.000000,102.147750
0.535076,140.000000,102.149971
0.535370,140.000000,102.189398
0.535727,140.000000,102.194406
0.535884,140.000000,102.206813
0.536183,140.000000,102.213072
0.536331,140.000000,102.214205
0.536664,140.000000,102.221427
0.536933,140.000000,102.227734
0.537239,140.000000,102.229222
0.537575,140.000000,102.231485
0.537849,140.000000,102.235286
0.538154,140.000000,102.242710
0.538334,140.000000,102.247632
0.538520,140.000000,102.248998
0.539573,140.000000,102.250077
0.539867,140.000000,102.256182
0.540282,140.000000,102.257373
0.540484,140.000000,102.257427
0.541168,140.000000,102.262397
0.541522,140.000000,102.279773
0.541923,140.000000,102.280723
0.542163,140.000000,102.280797
0.542397,140.000000,102.285926
0.542865,140.000000,102.306854
0.543178,140.000000,102.308157
0.543601,140.000000,102.320518
0.543818,140.000000,102.325203
0.544082,140.000000,102.334003
0.544978,140.000000,102.349942
0.545182,140.000000,102.351197
0.545498,140.000000,102.357494
0.545705,140.000000,102.362246
0.545894,140.000000,102.362374
0.546158,140.000000,102.364950
0.546410,140.000000,102.373520
0.546651,140.000000,102.375901
0.546955,140.000000,102.377245
0.547204,140.000000,102.378454
0.547384,140.000000,102.383254
0.547640,140.000000,102.387190
0.547812,140.000000,102.389590
0.548002,140.000000,102.422909
0.548220,140.000000,102.429142
0.548692,140.000000,102.432797
0.548966,140.000000,102.503254
0.549397,140.000000,102.509277
0.549610,140.000000,102.510646
0.549809,140.000000,102.522886
0.550061,140.000000,102.529014
0.550277,140.000000,102.529021
0.550578,140.000000,102.534086
0.551373,140.000000,102.536605
0.551623,140.000000,102.540310
0.551809,140.000000,102.544957
0.551971,140.000000,102.554966
0.552178,140.000000,102.558704
0.552353,140.000000,102.563574
0.552565,140.000000,102.567382
0.552800,140.000000,102.583293
0.553046,140.000000,102.594397
0.553319,140.000000,102.595696
0.553527,140.000000,102.598198
0.553801,140.000000,102.601846
0.554039,140.000000,102.604566
0.555502,140.000000,102.616563
0.555743,140.000000,102.626614
0.555916,140.000000,102.647574
0.556419,140.000000,102.647613
0.556824,140.000000,102.652374
0.557055,140.000000,102.658614
0.557243,140.000000,102.659837
0.557496,140.000000,102.661021
0.557725,140.000000,102.676086
0.557944,140.000000,102.694406
0.558100,140.000000,102.694512
0.558278,140.000000,102.695798
0.558502,140.000000,102.709309
0.558708,140.000000,102.741382
0.558943,140.000000,102.752502
0.559208,140.000000,102.758493
0.559372,140.000000,102.759997
0.559646,140.000000,102.766141
0.559899,140.000000,102.771046
0.560337,140.000000,102.775984
0.560511,140.000000,102.777174
0.560767,140.000000,102.777213
0.561038,140.000000,102.777270
0.561261,140.000000,102.779507
0.561469,140.000000,102.780925
0.561845,140.000000,102.784445
0.562032,140.000000,102.806886
0.562250,140.000000,102.809334
0.562430,140.000000,102.814352
0.562622,140.000000,102.825267
0.563075,140.000000,102.873494
0.563474,140.000000,102.877174
0.563766,140.000000,102.888202
0.564106,140.000000,102.888326
0.564415,140.000000,102.900758
0.565085,140.000000,102.904054
0.565279,140.000000,102.911798
0.565768,140.000000,102.913072
0.565935,140.000000,102.913107
0.566263,140.000000,102.920477
0.566501,140.000000,102.920531
0.567323,140.000000,102.922931
0.567609,140.000000,102.927734
0.567824,140.000000,102.932797
0.569138,140.000000,102.940198
0.569323,140.000000,102.945142
0.569522,140.000000,102.959846
0.569716,140.000000,102.962154
0.569893,140.000000,102.966045
0.570336,140.000000,102.969693
0.570548,140.000000,102.969840
0.570736,140.000000,102.974854
0.570943,140.000000,102.988093
0.571096,140.000000,102.988317
0.571343,140.000000,102.996950
0.571734,140.000000,103.004390
0.572016,140.000000,103.024214
0.572292,140.000000,103.036413
0.572589,140.000000,103.036470
0.572822,140.000000,103.043846
0.573037,140.000000,103.048944
0.573216,140.000000,103.049974
0.573391,140.000000,103.051312
0.573595,140.000000,103.053693
0.573910,140.000000,103.057494
0.574204,140.000000,103.069757
0.574657,140.000000,103.073430
0.574975,140.000000,103.078454
0.575197,140.000000,103.080816
0.575505,140.000000,103.087133
0.575739,140.000000,103.103206
0.576231,140.000000,103.105427
0.576458,140.000000,103.109398
0.576649,140.000000,103.121789
0.577076,140.000000,103.127734
0.577407,140.000000,103.127926
0.577649,140.000000,103.129062
0.577927,140.000000,103.136413
0.578161,140.000000,103.138992
0.578324,140.000000,103.141405
0.578529,140.000000,103.142806
0.578923,140.000000,103.153654
0.579199,140.000000,103.162483
0.579548,140.000000,103.167414
0.579816,140.000000,103.168605
0.580025,140.000000,103.177181
0.580242,140.000000,103.193302
0.580391,140.000000,103.197046
0.580635,140.000000,103.232774
0.580880,140.000000,103.245085
0.581126,140.000000,103.245117
0.581355,140.000000,103.254707
0.581530,140.000000,103.255062
0.581869,140.000000,103.257510
0.582040,140.000000,103.264886
0.582262,140.000000,103.267382
0.582523,140.000000,103.287101
0.582760,140.000000,103.288294
0.583015,140.000000,103.295773
0.583322,140.000000,103.301821
0.583619,140.000000,103.332790
0.583849,140.000000,103.333875
0.584025,140.000000,103.335027
0.584230,140.000000,103.336470
0.584426,140.000000,103.338982
0.584604,140.000000,103.342582
0.584851,140.000000,103.346358
0.585054,140.000000,103.390966
0.586066,140.000000,103.403197
0.586476,140.000000,103.411686
0.586674,140.000000,103.411766
0.586952,140.000000,103.413994
0.587121,140.000000,103.431526
0.587307,140.000000,103.435366
0.587821,140.000000,103.441478
0.588125,140.000000,103.441526
0.588390,140.000000,103.453693
0.588647,140.000000,103.455005
0.588946,140.000000,103.456310
0.589214,140.000000,103.458694
0.589734,140.000000,103.466230
0.589928,140.000000,103.467344
0.590086,140.000000,103.480822
0.590282,140.000000,103.501814
0.590476,140.000000,103.510685
0.591189,140.000000,103.514205
0.591963,140.000000,103.523914
0.592145,140.000000,103.540112
0.592453,140.000000,103.555046
0.593228,140.000000,103.556374
0.594838,140.000000,103.567421
0.595734,140.000000,103.579862
0.596271,140.000000,103.580982
0.596562,140.000000,103.582134
0.596976,140.000000,103.588214
0.597145,140.000000,103.594438
0.597309,140.000000,103.595686
0.597821,140.000000,103.599421
0.598310,140.000000,103.600742
0.598618,140.000000,103.603133
0.599145,140.000000,103.604518
0.599929,140.000000,103.606653
0.600157,140.000000,103.610333
0.600359,140.000000,103.610557
0.600797,140.000000,103.621718
0.601077,140.000000,103.624240
0.601451,140.000000,103.635229
0.601775,140.000000,103.641446
0.602299,140.000000,103.658742
0.602675,140.000000,103.662454
0.603060,140.000000,103.666013
0.603424,140.000000,103.669853
0.604022,140.000000,103.672339
0.604460,140.000000,103.675910
0.604641,140.000000,103.679517
0.604840,140.000000,103.680797
0.605124,140.000000,103.680934
0.605396,140.000000,103.689606
0.605652,140.000000,103.697117
0.606071,140.000000,103.699382
0.606438,140.000000,103.703190
0.606716,140.000000,103.705427
0.606962,140.000000,103.705712
0.607336,140.000000,103.706774
0.607747,140.000000,103.714198
0.608093,140.000000,103.715606
0.608632,140.000000,103.732797
0.608933,140.000000,103.746480
0.609127,140.000000,103.747379
0.609335,140.000000,103.749942
0.609528,140.000000,103.750086
0.609822,140.000000,103.765078
0.610642,140.000000,103.771078
0.610847,140.000000,103.786867
0.611067,140.000000,103.791818
0.611322,140.000000,103.805558
0.611532,140.000000,103.816726
0.611952,140.000000,103.821597
0.612224,140.000000,103.832790
0.612935,140.000000,103.838992
0.613103,140.000000,103.841494
0.613491,140.000000,103.843731
0.613791,140.000000,103.845014
0.614007,140.000000,103.846422
0.614270,140.000000,103.858678
0.614481,140.000000,103.863782
0.614747,140.000000,103.868662
0.614960,140.000000,103.871062
0.615170,140.000000,103.883366
0.615345,140.000000,103.893366
0.615579,140.000000,103.901821
0.615827,140.000000,103.902963
0.616069,140.000000,103.903024
0.616341,140.000000,103.905395
0.616522,140.000000,103.910621
0.616831,140.000000,103.921312
0.617003,140.000000,103.951318
0.617223,140.000000,103.958621
0.617434,140.000000,103.962390
0.617651,140.000000,103.973565
0.618054,140.000000,103.975754
0.618230,140.000000,103.995699
0.618583,140.000000,103.999389
0.618806,140.000000,104.029174
0.619062,140.000000,104.029213
0.619522,140.000000,104.032765
0.619801,140.000000,104.041414
0.620039,140.000000,104.052534
0.620270,140.000000,104.053654
0.620586,140.000000,104.054835
0.620897,140.000000,104.054982
0.621164,140.000000,104.067325
0.621357,140.000000,104.070707
0.621521,140.000000,104.096630
0.621701,140.000000,104.109309
0.621939,140.000000,104.110653
0.622901,140.000000,104.124134
0.623078,140.000000,104.127667
0.623266,140.000000,104.131357
0.623408,140.000000,104.131526
0.623598,140.000000,104.136445
0.623808,140.000000,104.138941
0.624013,140.000000,104.141334
0.624232,140.000000,104.161110
0.624512,140.000000,104.162406
0.624833,140.000000,104.171005
0.625103,140.000000,104.172211
0.625332,140.000000,104.177149
0.625526,140.000000,104.178483
0.625829,140.000000,104.194419
0.626096,140.000000,104.214086
0.626279,140.000000,104.214205
0.626487,140.000000,104.221693
0.626793,140.000000,104.229053
0.627322,140.000000,104.239030
0.627519,140.000000,104.269782
0.627826,140.000000,104.273494
0.628188,140.000000,104.278518
0.628472,140.000000,104.280902
0.628817,140.000000,104.284646
0.629033,140.000000,104.288214
0.629207,140.000000,104.289798
0.630549,140.000000,104.306966
0.631097,140.000000,104.308150
0.631365,140.000000,104.309014
0.631561,140.000000,104.314230
0.631869,140.000000,104.321654
0.632052,140.000000,104.325334
0.632247,140.000000,104.329014
0.632574,140.000000,104.341405
0.632893,140.000000,104.361117
0.633100,140.000000,104.367446
0.633322,140.000000,104.383606
0.633989,140.000000,104.395603
0.634351,140.000000,104.399485
0.634851,140.000000,104.410544
0.635020,140.000000,104.411830
0.635216,140.000000,104.430131
0.635588,140.000000,104.438899
0.635847,140.000000,104.459933
0.636024,140.000000,104.477350
0.636580,140.000000,104.480902
0.636838,140.000000,104.487126
0.637206,140.000000,104.488406
0.637519,140.000000,104.505558
0.637722,140.000000,104.520358
0.637884,140.000000,104.526547
0.638143,140.000000,104.528982
0.638417,140.000000,104.532637
0.638600,140.000000,104.541405
0.638783,140.000000,104.556230
0.638964,140.000000,104.558822
0.639454,140.000000,104.563379
0.639700,140.000000,104.563734
0.640057,140.000000,104.573530
0.640278,140.000000,104.583366
0.640468,140.000000,104.588374
0.640752,140.000000,104.598259
0.641293,140.000000,104.601830
0.641447,140.000000,104.603037
0.641726,140.000000,104.605437
0.641882,140.000000,104.606854
0.642102,140.000000,104.614246
0.642459,140.000000,104.615549
0.642692,140.000000,104.620509
0.643017,140.000000,104.623037
0.643573,140.000000,104.624029
0.643793,140.000000,104.624086
0.644053,140.000000,104.627814
0.644241,140.000000,104.628982
0.644487,140.000000,104.643894
0.644754,140.000000,104.650118
0.645035,140.000000,104.653747
0.645378,140.000000,104.668678
0.645851,140.000000,104.678310
0.646030,140.000000,104.685872
0.646250,140.000000,104.715677
0.647214,140.000000,104.719174
0.647423,140.000000,104.728925
0.647645,140.000000,104.731590
0.647877,140.000000,104.732797
0.648143,140.000000,104.737654
0.648400,140.000000,104.743520
0.648567,140.000000,104.751280
0.648749,140.000000,104.752534
0.648928,140.000000,104.769789
0.649172,140.000000,104.770934
0.649372,140.000000,104.777174
0.649548,140.000000,104.777277
0.649864,140.000000,104.781907
0.650101,140.000000,104.784598
0.650342,140.000000,104.802038
0.650768,140.000000,104.803165
0.650967,140.000000,104.817958
0.651313,140.000000,104.819286
0.651550,140.000000,104.846237
0.651824,140.000000,104.863677
0.652040,140.000000,104.864922
0.652208,140.000000,104.871123
0.652707,140.000000,104.895734
0.653887,140.000000,104.895766
0.654270,140.000000,104.896755
0.654469,140.000000,104.899414
0.654945,140.000000,104.901974
0.655190,140.000000,104.905670
0.655405,140.000000,104.911773
0.655585,140.000000,104.914205
0.655954,140.000000,104.916598
0.656338,140.000000,104.922726
0.656520,140.000000,104.927731
0.656745,140.000000,104.962422
0.656991,140.000000,104.973542
0.657164,140.000000,104.977286
0.657477,140.000000,104.980918
0.657675,140.000000,104.987046
0.657882,140.000000,104.988253
0.658106,140.000000,104.995485
0.658247,140.000000,104.997040
0.658459,140.000000,105.005597
0.658774,140.000000,105.010333
0.658934,140.000000,105.012874
0.659174,140.000000,105.012883
0.659548,140.000000,105.020467
0.659940,140.000000,105.021654
0.660134,140.000000,105.025334
0.660344,140.000000,105.057277
0.660521,140.000000,105.078429
0.660800,140.000000,105.078512
0.661045,140.000000,105.091990
0.661330,140.000000,105.095702
0.661718,140.000000,105.104403
0.662103,140.000000,105.116854
0.662436,140.000000,105.123062
0.662843,140.000000,105.143901
0.663110,140.000000,105.147613
0.663476,140.000000,105.158742
0.664116,140.000000,105.163613
0.664445,140.000000,105.164998
0.664943,140.000000,105.176144
0.665190,140.000000,105.187110
0.665450,140.000000,105.189654
0.666355,140.000000,105.190813
0.666659,140.000000,105.201926
0.666851,140.000000,105.204390
0.667137,140.000000,105.210566
0.667343,140.000000,105.211734
0.667582,140.000000,105.215558
0.667823,140.000000,105.220317
0.668079,140.000000,105.220496
0.668365,140.000000,105.221597
0.668643,140.000000,105.222854
0.668878,140.000000,105.224086
0.669444,140.000000,105.228976
0.669764,140.000000,105.287088
0.669966,140.000000,105.295645
0.670245,140.000000,105.305533
0.670520,140.000000,105.315517
0.670746,140.000000,105.324125
0.670943,140.000000,105.333926
0.671095,140.000000,105.337654
0.671365,140.000000,105.337750
0.671564,140.000000,105.340093
0.671797,140.000000,105.340272
0.672046,140.000000,105.353814
0.672289,140.000000,105.354845
0.672474,140.000000,105.374634
0.672742,140.000000,105.379571
0.672976,140.000000,105.380902
0.673211,140.000000,105.405597
0.673394,140.000000,105.419254
0.673645,140.000000,105.425245
0.673919,140.000000,105.431574
0.674198,140.000000,105.431798
0.674784,140.000000,105.436422
0.675058,140.000000,105.436486
0.675336,140.000000,105.438643
0.675481,140.000000,105.438886
0.675697,140.000000,105.446406
0.676094,140.000000,105.448806
0.676385,140.000000,105.451190
0.676597,140.000000,105.453629
0.676789,140.000000,105.458576
0.677068,140.000000,105.458774
0.677414,140.000000,105.477174
0.677626,140.000000,105.491754
0.677819,140.000000,105.501590
0.678030,140.000000,105.501757
0.678336,140.000000,105.505629
0.678681,140.000000,105.536432
0.678886,140.000000,105.537840
0.679098,140.000000,105.541469
0.679368,140.000000,105.549949
0.679600,140.000000,105.550006
0.679883,140.000000,105.551133
0.680154,140.000000,105.553734
0.680336,140.000000,105.555005
0.680611,140.000000,105.558525
0.680945,140.000000,105.558685
0.681131,140.000000,105.567446
0.681547,140.000000,105.579766
0.681846,140.000000,105.584605
0.682093,140.000000,105.600330
0.682303,140.000000,105.603222
0.682793,140.000000,105.610653
0.683060,140.000000,105.614205
0.683484,140.000000,105.618995
0.683753,140.000000,105.629014
0.683985,140.000000,105.653587
0.684236,140.000000,105.657398
0.684425,140.000000,105.659603
0.684581,140.000000,105.662198
0.684766,140.000000,105.662422
0.685008,140.000000,105.663574
0.685286,140.000000,105.663734
0.685532,140.000000,105.667398
0.685767,140.000000,105.668445
0.686047,140.000000,105.679709
0.686516,140.000000,105.683366
0.686930,140.000000,105.684582
0.687281,140.000000,105.689494
0.687459,140.000000,105.690806
0.687819,140.000000,105.696925
0.688014,140.000000,105.717958
0.688224,140.000000,105.720413
0.688566,140.000000,105.721622
0.689066,140.000000,105.743878
0.689423,140.000000,105.747453
0.689658,140.000000,105.778429
0.689893,140.000000,105.782182
0.690128,140.000000,105.783357
0.690314,140.000000,105.784637
0.690731,140.000000,105.799478
0.690946,140.000000,105.803059
0.691175,140.000000,105.806934
0.691428,140.000000,105.810461
0.691663,140.000000,105.817693
0.691829,140.000000,105.826566
0.692028,140.000000,105.829142
0.692844,140.000000,105.830131
0.693234,140.000000,105.833974
0.693660,140.000000,105.836470
0.694232,140.000000,105.836566
0.694512,140.000000,105.847526
0.694851,140.000000,105.847603
0.695133,140.000000,105.851261
0.695407,140.000000,105.860006
0.695695,140.000000,105.883414
0.695964,140.000000,105.884659
0.696244,140.000000,105.886998
0.696428,140.000000,105.888307
0.696784,140.000000,105.888445
0.697704,140.000000,105.893373
0.697987,140.000000,105.908038
0.698192,140.000000,105.909318
0.698363,140.000000,105.920477
0.698563,140.000000,105.921597
0.699056,140.000000,105.922547
0.699257,140.000000,105.931517
0.700271,140.000000,105.932637
0.700450,140.000000,105.935350
0.700662,140.000000,105.942461
0.700846,140.000000,105.943594
0.701029,140.000000,105.974483
0.701298,140.000000,105.979507
0.701525,140.000000,105.984637
0.701830,140.000000,106.002070
0.702085,140.000000,106.008198
0.702395,140.000000,106.010525
0.702664,140.000000,106.030323
0.702995,140.000000,106.045062
0.703193,140.000000,106.051286
0.703446,140.000000,106.055005
0.704030,140.000000,106.061254
0.704277,140.000000,106.073427
0.704581,140.000000,106.073437
0.704828,140.000000,106.074886
0.705825,140.000000,106.080918
0.706081,140.000000,106.090934
0.706470,140.000000,106.092157
0.706742,140.000000,106.103206
0.707012,140.000000,106.109296
0.707191,140.000000,106.110518
0.707403,140.000000,106.111635
0.707578,140.000000,106.115302
0.707761,140.000000,106.117853
0.708024,140.000000,106.141334
0.708193,140.000000,106.148774
0.708411,140.000000,106.153712
0.708584,140.000000,106.157235
0.708770,140.000000,106.157427
0.709293,140.000000,106.169789
0.709802,140.000000,106.175965
0.709973,140.000000,106.184477
0.710242,140.000000,106.191754
0.710428,140.000000,106.193382
0.710987,140.000000,106.200598
0.711205,140.000000,106.204438
0.711491,140.000000,106.210461
0.711711,140.000000,106.214326
0.711904,140.000000,106.216573
0.712139,140.000000,106.217946
0.712444,140.000000,106.224246
0.712674,140.000000,106.225405
0.713088,140.000000,106.227734
0.713241,140.000000,106.245043
0.713484,140.000000,106.262358
0.713720,140.000000,106.275990
0.714017,140.000000,106.277334
0.714492,140.000000,106.281014
0.714783,140.000000,106.301674
0.714986,140.000000,106.305744
0.715348,140.000000,106.306822
0.715598,140.000000,106.319133
0.715857,140.000000,106.319197
0.716136,140.000000,106.338838
0.716318,140.000000,106.338950
0.716550,140.000000,106.347654
0.716743,140.000000,106.354902
0.716976,140.000000,106.357398
0.717172,140.000000,106.357526
0.717357,140.000000,106.361149
0.717600,140.000000,106.362342
0.717863,140.000000,106.363485
0.718067,140.000000,106.364563
0.718211,140.000000,106.364957
0.718493,140.000000,106.366150
0.718732,140.000000,106.380893
0.718926,140.000000,106.395485
0.719083,140.000000,106.400854
0.719765,140.000000,106.401974
0.720115,140.000000,106.405494
0.720313,140.000000,106.412893
0.720563,140.000000,106.433885
0.720735,140.000000,106.448758
0.720930,140.000000,106.458685
0.721154,140.000000,106.467389
0.721458,140.000000,106.469674
0.721779,140.000000,106.472374
0.721963,140.000000,106.480822
0.722223,140.000000,106.485942
0.722487,140.000000,106.498288
0.722726,140.000000,106.501917
0.722954,140.000000,106.506918
0.723391,140.000000,106.509350
0.723641,140.000000,106.511686
0.723889,140.000000,106.515526
0.724117,140.000000,106.516701
0.724306,140.000000,106.522547
0.724502,140.000000,106.525139
0.724722,140.000000,106.526566
0.724918,140.000000,106.530131
0.725333,140.000000,106.530150
0.725533,140.000000,106.530230
0.725822,140.000000,106.530358
0.726116,140.000000,106.533990
0.726480,140.000000,106.536400
0.726726,140.000000,106.546333
0.726930,140.000000,106.548944
0.727147,140.000000,106.557446
0.727521,140.000000,106.563702
0.727952,140.000000,106.572125
0.728152,140.000000,106.572166
0.728345,140.000000,106.584733
0.729067,140.000000,106.586998
0.729279,140.000000,106.588253
0.730205,140.000000,106.589654
0.730490,140.000000,106.595360
0.730671,140.000000,106.603120
0.730996,140.000000,106.616266
0.731163,140.000000,106.620074
0.731484,140.000000,106.621629
0.731775,140.000000,106.641382
0.732168,140.000000,106.643594
0.732358,140.000000,106.643926
0.732850,140.000000,106.655030
0.733141,140.000000,106.656182
0.733567,140.000000,106.660938
0.733810,140.000000,106.669734
0.734152,140.000000,106.672368
0.734366,140.000000,106.678534
0.734557,140.000000,106.681078
0.734809,140.000000,106.688147
0.735006,140.000000,106.690838
0.735475,140.000000,106.701814
0.735720,140.000000,106.708070
0.735945,140.000000,106.708102
0.736181,140.000000,106.709277
0.736364,140.000000,106.713072
0.736569,140.000000,106.716762
0.736736,140.000000,106.720374
0.736927,140.000000,106.724144
0.737097,140.000000,106.732790
0.737355,140.000000,106.732854
0.737614,140.000000,106.743901
0.738053,140.000000,106.751197
0.738341,140.000000,106.753514
0.738532,140.000000,106.753814
0.738828,140.000000,106.754845
0.739015,140.000000,106.757510
0.739260,140.000000,106.761203
0.739608,140.000000,106.762374
0.739869,140.000000,106.762486
0.740111,140.000000,106.763613
0.740305,140.000000,106.766000
0.740506,140.000000,106.774566
0.740690,140.000000,106.777350
0.740893,140.000000,106.780854
0.741995,140.000000,106.789622
0.742207,140.000000,106.806845
0.742568,140.000000,106.809366
0.742787,140.000000,106.812874
0.743144,140.000000,106.814227
0.744318,140.000000,106.831606
0.744521,140.000000,106.835101
0.744782,140.000000,106.835293
0.745127,140.000000,106.838643
0.745293,140.000000,106.845043
0.745683,140.000000,106.846291
0.746103,140.000000,106.846397
0.746333,140.000000,106.847750
0.746904,140.000000,106.858822
0.747109,140.000000,106.874832
0.747299,140.000000,106.876054
0.747735,140.000000,106.877232
0.747907,140.000000,106.894448
0.748141,140.000000,106.894461
0.748355,140.000000,106.895645
0.748646,140.000000,106.900598
0.748869,140.000000,106.902006
0.749199,140.000000,106.905725
0.749484,140.000000,106.924198
0.749703,140.000000,106.929021
0.750018,140.000000,106.947526
0.750253,140.000000,106.952566
0.750631,140.000000,106.953853
0.750935,140.000000,106.955062
0.751193,140.000000,106.955165
0.751696,140.000000,106.956234
0.752091,140.000000,106.958774
0.752523,140.000000,106.959965
0.752895,140.000000,106.963686
0.753188,140.000000,106.967366
0.753414,140.000000,106.970982
0.753643,140.000000,106.977206
0.753922,140.000000,106.979443
0.754125,140.000000,106.989494
0.754424,140.000000,106.994326
0.754688,140.000000,106.994397
0.755020,140.000000,106.995741
0.755248,140.000000,106.997014
0.755541,140.000000,106.998198
0.755826,140.000000,107.002867
0.756006,140.000000,107.003120
0.756192,140.000000,107.018077
0.756773,140.000000,107.019190
0.756926,140.000000,107.022854
0.757099,140.000000,107.023126
0.758543,140.000000,107.026662
0.758741,140.000000,107.036438
0.758981,140.000000,107.038838
0.759162,140.000000,107.047574
0.759393,140.000000,107.047613
0.759802,140.000000,107.051293
0.760131,140.000000,107.052509
0.760360,140.000000,107.058934
0.761382,140.000000,107.088189
0.761596,140.000000,107.090806
0.761971,140.000000,107.093149
0.762180,140.000000,107.103222
0.762482,140.000000,107.106774
0.762934,140.000000,107.106813
0.763267,140.000000,107.115517
0.763490,140.000000,107.119037
0.763689,140.000000,107.133885
0.763862,140.000000,107.138928
0.764075,140.000000,107.146352
0.764239,140.000000,107.150166
0.764503,140.000000,107.151453
0.765824,140.000000,107.154867
0.766188,140.000000,107.154934
0.766466,140.000000,107.157267
0.766745,140.000000,107.158621
0.767004,140.000000,107.166045
0.767375,140.000000,107.172358
0.767588,140.000000,107.184566
0.767786,140.000000,107.200646
0.767973,140.000000,107.209494
0.768654,140.000000,107.212893
0.768895,140.000000,107.214227
0.769185,140.000000,107.215510
0.769430,140.000000,107.215526
0.769672,140.000000,107.217693
0.769823,140.000000,107.221661
0.770102,140.000000,107.223997
0.770346,140.000000,107.227798
0.770567,140.000000,107.229126
0.770874,140.000000,107.241462
0.771086,140.000000,107.243773
0.771332,140.000000,107.245053
0.771643,140.000000,107.253811
0.772013,140.000000,107.258662
0.772281,140.000000,107.272125
0.772483,140.000000,107.273574
0.772709,140.000000,107.279760
0.772885,140.000000,107.283446
0.773072,140.000000,107.288317
0.773741,140.000000,107.291795
0.773953,140.000000,107.292051
0.774223,140.000000,107.292070
0.774450,140.000000,107.297014
0.774697,140.000000,107.301853
0.774889,140.000000,107.303030
0.775125,140.000000,107.305469
0.775315,140.000000,107.310291
0.775597,140.000000,107.310416
0.775899,140.000000,107.316467
0.776115,140.000000,107.329277
0.776675,140.000000,107.331414
0.776936,140.000000,107.342461
0.777164,140.000000,107.343830
0.777513,140.000000,107.358547
0.777733,140.000000,107.358694
0.777979,140.000000,107.359805
0.778184,140.000000,107.369693
0.778445,140.000000,107.373267
0.778685,140.000000,107.373542
0.778942,140.000000,107.377117
0.779229,140.000000,107.380998
0.779486,140.000000,107.395741
0.779727,140.000000,107.410582
0.780432,140.000000,107.411862
0.780699,140.000000,107.414278
0.781028,140.000000,107.419270
0.781308,140.000000,107.420374
0.781518,140.000000,107.432838
0.781791,140.000000,107.432886
0.782142,140.000000,107.436605
0.782819,140.000000,107.437766
0.783107,140.000000,107.443952
0.783296,140.000000,107.450160
0.783492,140.000000,107.459910
0.783901,140.000000,107.473437
0.784149,140.000000,107.473469
0.784399,140.000000,107.480816
0.784677,140.000000,107.498086
0.784852,140.000000,107.500435
0.785039,140.000000,107.505427
0.785286,140.000000,107.506685
0.785535,140.000000,107.528957
0.785806,140.000000,107.531549
0.786039,140.000000,107.541478
0.786249,140.000000,107.541494
0.787069,140.000000,107.543837
0.787265,140.000000,107.557427
0.787903,140.000000,107.569798
0.788132,140.000000,107.572342
0.788315,140.000000,107.580966
0.788575,140.000000,107.582150
0.788850,140.000000,107.589162
0.789037,140.000000,107.594550
0.789436,140.000000,107.598070
0.789679,140.000000,107.598099
0.790002,140.000000,107.599440
0.790181,140.000000,107.606774
0.790429,140.000000,107.606845
0.790932,140.000000,107.610598
0.791475,140.000000,107.619229
0.792007,140.000000,107.626566
0.792526,140.000000,107.643974
0.792776,140.000000,107.645085
0.793113,140.000000,107.650003
0.793701,140.000000,107.651318
0.793989,140.000000,107.661334
0.794756,140.000000,107.667366
0.795048,140.000000,107.678544
0.795457,140.000000,107.680912
0.795661,140.000000,107.688294
0.795989,140.000000,107.699443
0.796611,140.000000,107.703030
0.796877,140.000000,107.703270
0.797136,140.000000,107.705725
0.797474,140.000000,107.706934
0.797988,140.000000,107.708157
0.798322,140.000000,107.710416
0.798603,140.000000,107.711856
0.798790,140.000000,107.715542
0.799029,140.000000,107.721629
0.799315,140.000000,107.735206
0.799566,140.000000,107.735286
0.799768,140.000000,107.738998
0.800675,140.000000,107.744918
0.800970,140.000000,107.745094
0.801222,140.000000,107.750934
0.801402,140.000000,107.761021
0.801692,140.000000,107.764563
0.801855,140.000000,107.773494
0.802368,140.000000,107.778387
0.802822,140.000000,107.784742
0.803066,140.000000,107.801907
0.803357,140.000000,107.802973
0.803602,140.000000,107.804518
0.804648,140.000000,107.806845
0.804893,140.000000,107.811702
0.805175,140.000000,107.811766
0.805455,140.000000,107.820381
0.805663,140.000000,107.825318
0.805936,140.000000,107.826614
0.806208,140.000000,107.836563
0.806546,140.000000,107.841446
0.807016,140.000000,107.851229
0.807251,140.000000,107.863677
0.807469,140.000000,107.864710
0.807706,140.000000,107.874717
0.807923,140.000000,107.879773
0.808626,140.000000,107.880723
0.808825,140.000000,107.884413
0.809006,140.000000,107.894390
0.809266,140.000000,107.894461
0.809571,140.000000,107.894486
0.809754,140.000000,107.898109
0.810012,140.000000,107.914246
0.810317,140.000000,107.915414
0.810624,140.000000,107.916701
0.810845,140.000000,107.919133
0.811034,140.000000,107.920470
0.811237,140.000000,107.932816
0.811439,140.000000,107.948774
0.811604,140.000000,107.952582
0.811821,140.000000,107.961136
0.812020,140.000000,107.967142
0.812248,140.000000,107.972390
0.812487,140.000000,107.974806
0.812817,140.000000,107.975958
0.813019,140.000000,107.983366
0.813287,140.000000,107.988253
0.813695,140.000000,107.989590
0.814283,140.000000,107.994419
0.814552,140.000000,107.995360
0.814731,140.000000,107.995686
0.815068,140.000000,108.001766
0.815243,140.000000,108.001917
0.815473,140.000000,108.010525
0.815681,140.000000,108.012950
0.815915,140.000000,108.013040
0.816078,140.000000,108.048765
0.816384,140.000000,108.051334
0.816746,140.000000,108.052403
0.816944,140.000000,108.052438
0.817153,140.000000,108.053862
0.817379,140.000000,108.058774
0.817639,140.000000,108.059805
0.817819,140.000000,108.062301
0.818055,140.000000,108.066166
0.818249,140.000000,108.068413
0.818461,140.000000,108.069533
0.818616,140.000000,108.071078
0.818873,140.000000,108.073430
0.819127,140.000000,108.078406
0.819577,140.000000,108.079517
0.819792,140.000000,108.083315
0.820066,140.000000,108.084534
0.820243,140.000000,108.093203
0.820465,140.000000,108.093363
0.820836,140.000000,108.094422
0.821073,140.000000,108.114198
0.821329,140.000000,108.122902
0.821523,140.000000,108.126566
0.821715,140.000000,108.131558
0.821909,140.000000,108.141430
0.822182,140.000000,108.147750
0.822494,140.000000,108.160086
0.824285,140.000000,108.167382
0.824503,140.000000,108.173437
0.824764,140.000000,108.179731
0.825462,140.000000,108.189597
0.825769,140.000000,108.191901
0.825999,140.000000,108.197021
0.826251,140.000000,108.209462
0.827199,140.000000,108.214237
0.827510,140.000000,108.216234
0.827732,140.000000,108.217974
0.828247,140.000000,108.220083
0.828467,140.000000,108.222950
0.829068,140.000000,108.223882
0.829304,140.000000,108.224278
0.829593,140.000000,108.229222
0.829937,140.000000,108.232790
0.831499,140.000000,108.247632
0.831670,140.000000,108.249926
0.831827,140.000000,108.253840
0.832286,140.000000,108.259974
0.832566,140.000000,108.269514
0.832744,140.000000,108.274806
0.832990,140.000000,108.277210
0.833192,140.000000,108.279699
0.833513,140.000000,108.280797
0.833946,140.000000,108.282038
0.834148,140.000000,108.282214
0.834389,140.000000,108.283389
0.834618,140.000000,108.284614
0.834837,140.000000,108.288262
0.834996,140.000000,108.290886
0.835276,140.000000,108.295571
0.835476,140.000000,108.295645
0.835743,140.000000,108.296902
0.835971,140.000000,108.300598
0.836191,140.000000,108.301821
0.836449,140.000000,108.303024
0.836740,140.000000,108.308022
0.836978,140.000000,108.308157
0.837291,140.000000,108.313078
0.837548,140.000000,108.315517
0.837773,140.000000,108.328893
0.838022,140.000000,108.331453
0.838347,140.000000,108.332694
0.838637,140.000000,108.332733
0.838971,140.000000,108.334166
0.839653,140.000000,108.335312
0.840159,140.000000,108.353757
0.840426,140.000000,108.357299
0.840649,140.000000,108.358806
0.840995,140.000000,108.361190
0.841267,140.000000,108.362406
0.841681,140.000000,108.368371
0.842063,140.000000,108.368541
0.842287,140.000000,108.369693
0.842590,140.000000,108.369872
0.842781,140.000000,108.372147
0.843081,140.000000,108.398173
0.843441,140.000000,108.398294
0.843758,140.000000,108.406803
0.844126,140.000000,108.420502
0.844551,140.000000,108.424022
0.844773,140.000000,108.432765
0.845090,140.000000,108.436317
0.845349,140.000000,108.453757
0.845575,140.000000,108.466064
0.845754,140.000000,108.475958
0.846043,140.000000,108.482182
0.846209,140.000000,108.485974
0.846677,140.000000,108.493382
0.846924,140.000000,108.515366
0.847105,140.000000,108.523990
0.847337,140.000000,108.525360
0.847520,140.000000,108.530374
0.847730,140.000000,108.531421
0.847955,140.000000,108.532624
0.848203,140.000000,108.532765
0.848504,140.000000,108.536605
0.849421,140.000000,108.539987
0.849617,140.000000,108.540125
0.849822,140.000000,108.540221
0.850066,140.000000,108.554867
0.850428,140.000000,108.559910
0.850671,140.000000,108.559942
0.850914,140.000000,108.563654
0.851108,140.000000,108.563782
0.851758,140.000000,108.569853
0.852579,140.000000,108.569958
0.852880,140.000000,108.571005
0.853184,140.000000,108.571037
0.853486,140.000000,108.579734
0.853701,140.000000,108.583398
0.853896,140.000000,108.599366
0.854280,140.000000,108.606742
0.854580,140.000000,108.606832
0.854789,140.000000,108.614205
0.855110,140.000000,108.617840
0.855388,140.000000,108.627926
0.855691,140.000000,108.629053
0.855940,140.000000,108.631411
0.856149,140.000000,108.632733
0.856347,140.000000,108.635280
0.856511,140.000000,108.643686
0.856695,140.000000,108.652582
0.856873,140.000000,108.653606
0.857049,140.000000,108.659869
0.857254,140.000000,108.664918
0.857421,140.000000,108.673565
0.857879,140.000000,108.683446
0.858075,140.000000,108.688253
0.858492,140.000000,108.692058
0.858666,140.000000,108.698326
0.859175,140.000000,108.701766
0.859342,140.000000,108.706621
0.859535,140.000000,108.714230
0.859865,140.000000,108.716266
0.860015,140.000000,108.719197
0.860351,140.000000,108.721354
0.860533,140.000000,108.722934
0.860742,140.000000,108.725302
0.861073,140.000000,108.737622
0.861360,140.000000,108.738909
0.861579,140.000000,108.741427
0.861803,140.000000,108.742726
0.862358,140.000000,108.752438
0.862554,140.000000,108.752566
0.862753,140.000000,108.752573
0.863026,140.000000,108.759997
0.863310,140.000000,108.761110
0.863483,140.000000,108.762237
0.863645,140.000000,108.762483
0.864384,140.000000,108.763526
0.864677,140.000000,108.764733
0.864985,140.000000,108.764854
0.865326,140.000000,108.766045
0.865516,140.000000,108.768541
0.865703,140.000000,108.783325
0.865900,140.000000,108.789395
0.866097,140.000000,108.789597
0.866311,140.000000,108.797158
0.866996,140.000000,108.820406
0.867178,140.000000,108.822902
0.867358,140.000000,108.822928
0.867558,140.000000,108.832627
0.867792,140.000000,108.845117
0.868088,140.000000,108.846390
0.868283,140.000000,108.852550
0.868453,140.000000,108.854960
0.868635,140.000000,108.856074
0.868956,140.000000,108.858685
0.869367,140.000000,108.862262
0.869612,140.000000,108.867414
0.869940,140.000000,108.874790
0.870254,140.000000,108.877245
0.870534,140.000000,108.882086
0.870785,140.000000,108.886794
0.870960,140.000000,108.887110
0.871275,140.000000,108.888102
0.871502,140.000000,108.890790
0.871758,140.000000,108.893117
0.871951,140.000000,108.895475
0.872186,140.000000,108.901878
0.872380,140.000000,108.901958
0.872698,140.000000,108.903286
0.872991,140.000000,108.904349
0.873187,140.000000,108.904400
0.873384,140.000000,108.910566
0.873615,140.000000,108.910582
0.874460,140.000000,108.920339
0.874690,140.000000,108.921782
0.875468,140.000000,108.922931
0.876033,140.000000,108.940029
0.876226,140.000000,108.943830
0.876444,140.000000,108.949926
0.876586,140.000000,108.956147
0.876863,140.000000,108.958717
0.877172,140.000000,108.967165
0.877359,140.000000,108.967206
0.877555,140.000000,108.967286
0.877801,140.000000,108.969514
0.877992,140.000000,108.976947
0.878227,140.000000,108.982038
0.878430,140.000000,108.984694
0.878724,140.000000,108.987046
0.878901,140.000000,108.988051
0.879204,140.000000,108.990886
0.880127,140.000000,108.991965
0.880354,140.000000,108.995645
0.880593,140.000000,108.996918
0.880962,140.000000,108.996998
0.881241,140.000000,108.998099
0.881563,140.000000,108.999350
0.881829,140.000000,109.002963
0.882085,140.000000,109.003037
0.882393,140.000000,109.004374
0.882802,140.000000,109.010461
0.883076,140.000000,109.010502
0.883283,140.000000,109.010525
0.883516,140.000000,109.010547
0.883750,140.000000,109.011830
0.883964,140.000000,109.014214
0.884212,140.000000,109.015494
0.884400,140.000000,109.016509
0.884588,140.000000,109.031357
0.884754,140.000000,109.036406
0.884944,140.000000,109.048822
0.885129,140.000000,109.057446
0.885371,140.000000,109.058717
0.885620,140.000000,109.064733
0.885880,140.000000,109.069590
0.886049,140.000000,109.069619
0.886271,140.000000,109.075837
0.886555,140.000000,109.079638
0.886826,140.000000,109.079766
0.887218,140.000000,109.083027
0.887416,140.000000,109.083286
0.887632,140.000000,109.101974
0.887974,140.000000,109.105446
0.888140,140.000000,109.111933
0.888625,140.000000,109.117696
0.888899,140.000000,109.118006
0.889118,140.000000,109.122941
0.889370,140.000000,109.129053
0.889970,140.000000,109.131574
0.890241,140.000000,109.137654
0.890503,140.000000,109.137757
0.890841,140.000000,109.141277
0.891034,140.000000,109.143734
0.891189,140.000000,109.148870
0.891425,140.000000,109.151206
0.891666,140.000000,109.152726
0.892924,140.000000,109.154698
0.893120,140.000000,109.154941
0.893358,140.000000,109.161053
0.893615,140.000000,109.162454
0.894358,140.000000,109.168307
0.894571,140.000000,109.179702
0.894898,140.000000,109.205616
0.895221,140.000000,109.206918
0.895540,140.000000,109.209309
0.895811,140.000000,109.214182
0.895994,140.000000,109.214262
0.896211,140.000000,109.222822
0.896443,140.000000,109.225002
0.896622,140.000000,109.229094
0.896964,140.000000,109.233942
0.897196,140.000000,109.241437
0.897407,140.000000,109.246237
0.897694,140.000000,109.247581
0.897926,140.000000,109.248598
0.898183,140.000000,109.256166
0.898371,140.000000,109.257373
0.898590,140.000000,109.258525
0.898859,140.000000,109.258653
0.899108,140.000000,109.266118
0.899349,140.000000,109.271126
0.900103,140.000000,109.279766
0.900391,140.000000,109.299414
0.900618,140.000000,109.300637
0.901084,140.000000,109.303027
0.901377,140.000000,109.306707
0.901732,140.000000,109.309338
0.901903,140.000000,109.315472
0.902097,140.000000,109.315526
0.902422,140.000000,109.316854
0.903057,140.000000,109.328778
0.903282,140.000000,109.342646
0.903668,140.000000,109.346374
0.903873,140.000000,109.347606
0.904294,140.000000,109.349942
0.904503,140.000000,109.357558
0.905125,140.000000,109.358614
0.905508,140.000000,109.376982
0.905686,140.000000,109.379434
0.905873,140.000000,109.392048
0.906096,140.000000,109.393238
0.906376,140.000000,109.395862
0.906606,140.000000,109.401942
0.906812,140.000000,109.402858
0.907001,140.000000,109.412659
0.907154,140.000000,109.415475
0.907669,140.000000,109.419302
0.907887,140.000000,109.421354
0.908056,140.000000,109.424182
0.908256,140.000000,109.428950
0.908481,140.000000,109.430365
0.908771,140.000000,109.431526
0.908957,140.000000,109.435091
0.909182,140.000000,109.438877
0.909399,140.000000,109.438886
0.909564,140.000000,109.441286
0.909770,140.000000,109.441478
0.910548,140.000000,109.446333
0.910872,140.000000,109.455005
0.911498,140.000000,109.466131
0.911780,140.000000,109.469533
0.911927,140.000000,109.475837
0.912203,140.000000,109.476947
0.912382,140.000000,109.494550
0.912817,140.000000,109.501885
0.913029,140.000000,109.505654
0.913242,140.000000,109.505683
0.913815,140.000000,109.506918
0.914111,140.000000,109.510557
0.914324,140.000000,109.513126
0.914602,140.000000,109.524061
0.914815,140.000000,109.524272
0.915248,140.000000,109.530406
0.915575,140.000000,109.532467
0.915766,140.000000,109.551197
0.916288,140.000000,109.553814
0.916615,140.000000,109.554870
0.916852,140.000000,109.561200
0.917012,140.000000,109.562256
0.917267,140.000000,109.568598
0.917725,140.000000,109.574781
0.917991,140.000000,109.583414
0.918307,140.000000,109.585734
0.918601,140.000000,109.586794
0.918756,140.000000,109.594301
0.918943,140.000000,109.596758
0.919196,140.000000,109.596934
0.919417,140.000000,109.599574
0.919834,140.000000,109.604534
0.920458,140.000000,109.606822
0.920688,140.000000,109.610493
0.920963,140.000000,109.610518
0.921139,140.000000,109.610566
0.921400,140.000000,109.616630
0.921700,140.000000,109.625277
0.922036,140.000000,109.626640
0.922403,140.000000,109.630131
0.922629,140.000000,109.639030
0.922794,140.000000,109.646429
0.923118,140.000000,109.646486
0.923995,140.000000,109.648854
0.924198,140.000000,109.657456
0.924473,140.000000,109.661318
0.924776,140.000000,109.676038
0.924963,140.000000,109.678486
0.925154,140.000000,109.679517
0.925359,140.000000,109.679667
0.925639,140.000000,109.680797
0.925822,140.000000,109.684470
0.926056,140.000000,109.687046
0.926224,140.000000,109.687094
0.926450,140.000000,109.688422
0.926677,140.000000,109.694502
0.926936,140.000000,109.708006
0.927132,140.000000,109.708112
0.927577,140.000000,109.726557
0.927802,140.000000,109.728982
0.928021,140.000000,109.729149
0.928652,140.000000,109.732563
0.928857,140.000000,109.732797
0.929154,140.000000,109.737546
0.929470,140.000000,109.740189
0.929790,140.000000,109.743728
0.930021,140.000000,109.743990
0.931093,140.000000,109.748822
0.931286,140.000000,109.751165
0.931552,140.000000,109.757299
0.931735,140.000000,109.757510
0.931922,140.000000,109.764934
0.932165,140.000000,109.767366
0.932412,140.000000,109.768541
0.932638,140.000000,109.780918
0.932899,140.000000,109.783254
0.933378,140.000000,109.784598
0.933613,140.000000,109.784656
0.933822,140.000000,109.805744
0.934243,140.000000,109.809331
0.934560,140.000000,109.815526
0.934912,140.000000,109.819037
0.935073,140.000000,109.824022
0.935265,140.000000,109.825245
0.935540,140.000000,109.825302
0.935764,140.000000,109.832710
0.935972,140.000000,109.832806
0.936229,140.000000,109.833834
0.936432,140.000000,109.834038
0.936640,140.000000,109.835206
0.936902,140.000000,109.836422
0.937172,140.000000,109.843734
0.937315,140.000000,109.843901
0.937560,140.000000,109.845126
0.937835,140.000000,109.846259
0.938087,140.000000,109.850096
0.938312,140.000000,109.854698
0.938501,140.000000,109.858576
0.938753,140.000000,109.859997
0.939149,140.000000,109.863670
0.939347,140.000000,109.863782
0.939642,140.000000,109.868566
0.939924,140.000000,109.880854
0.940084,140.000000,109.883366
0.940277,140.000000,109.884637
0.940573,140.000000,109.886867
0.940852,140.000000,109.891798
0.941018,140.000000,109.893126
0.941203,140.000000,109.893206
0.941433,140.000000,109.893213
0.941647,140.000000,109.895750
0.942043,140.000000,109.896925
0.942308,140.000000,109.896934
0.942495,140.000000,109.910621
0.942828,140.000000,109.919027
0.943019,140.000000,109.921626
0.943268,140.000000,109.925245
0.943496,140.000000,109.936445
0.943752,140.000000,109.936534
0.944608,140.000000,109.937750
0.944838,140.000000,109.939126
0.945838,140.000000,109.940134
0.946120,140.000000,109.956166
0.946284,140.000000,109.964966
0.946587,140.000000,109.969872
0.947006,140.000000,109.977222
0.947401,140.000000,109.977302
0.947869,140.000000,109.979773
0.948160,140.000000,109.980848
0.948370,140.000000,109.980989
0.948597,140.000000,109.984307
0.948769,140.000000,109.993318
0.949083,140.000000,109.994419
0.949294,140.000000,109.994643
0.949889,140.000000,109.995699
0.950325,140.000000,109.998099
0.950587,140.000000,110.009206
0.950786,140.000000,110.016646
0.951114,140.000000,110.017885
0.951280,140.000000,110.020051
0.951431,140.000000,110.021533
0.951683,140.000000,110.029213
0.952210,140.000000,110.042630
0.952435,140.000000,110.043926
0.952666,140.000000,110.046227
0.952918,140.000000,110.047686
0.953384,140.000000,110.050074
0.953561,140.000000,110.053974
0.954413,140.000000,110.062422
0.954804,140.000000,110.063574
0.955095,140.000000,110.067197
0.955310,140.000000,110.068445
0.955598,140.000000,110.077126
0.955880,140.000000,110.080678
0.956100,140.000000,110.080861
0.956344,140.000000,110.082054
0.956566,140.000000,110.086973
0.956804,140.000000,110.088326
0.957083,140.000000,110.098301
0.957533,140.000000,110.119254
0.957811,140.000000,110.121622
0.958046,140.000000,110.122934
0.958397,140.000000,110.129050
0.958624,140.000000,110.131526
0.958804,140.000000,110.132659
0.959019,140.000000,110.132797
0.959265,140.000000,110.135229
0.959746,140.000000,110.136307
0.959958,140.000000,110.138886
0.960148,140.000000,110.140182
0.960403,140.000000,110.141341
0.960671,140.000000,110.143734
0.960893,140.000000,110.147453
0.961174,140.000000,110.149974
0.961337,140.000000,110.150006
0.961593,140.000000,110.152403
0.961826,140.000000,110.162237
0.962007,140.000000,110.164854
0.962410,140.000000,110.165974
0.962630,140.000000,110.180822
0.963110,140.000000,110.181738
0.963299,140.000000,110.184534
0.963513,140.000000,110.189395
0.963726,140.000000,110.199190
0.963938,140.000000,110.205331
0.964124,140.000000,110.205565
0.964382,140.000000,110.209334
0.964634,140.000000,110.209366
0.964881,140.000000,110.213030
0.965106,140.000000,110.226557
0.965334,140.000000,110.230310
0.965558,140.000000,110.232627
0.965889,140.000000,110.241392
0.966086,140.000000,110.245994
0.966302,140.000000,110.247526
0.966631,140.000000,110.258614
0.966817,140.000000,110.259750
0.967058,140.000000,110.262195
0.967255,140.000000,110.270771
0.967479,140.000000,110.273501
0.968002,140.000000,110.274694
0.968194,140.000000,110.274758
0.968429,140.000000,110.275603
0.968607,140.000000,110.278195
0.968822,140.000000,110.285990
0.969135,140.000000,110.288317
0.969353,140.000000,110.296966
0.969652,140.000000,110.298045
0.969939,140.000000,110.298166
0.970239,140.000000,110.298301
0.970461,140.000000,110.299517
0.970825,140.000000,110.300662
0.971119,140.000000,110.303037
0.971509,140.000000,110.303046
0.971844,140.000000,110.311414
0.972001,140.000000,110.319158
0.972329,140.000000,110.325363
0.972613,140.000000,110.327862
0.972823,140.000000,110.331414
0.973026,140.000000,110.332694
0.973187,140.000000,110.347558
0.973452,140.000000,110.353766
0.973653,140.000000,110.357430
0.973993,140.000000,110.357558
0.974310,140.000000,110.371030
0.974824,140.000000,110.374832
0.975037,140.000000,110.375786
0.975285,140.000000,110.379773
0.975505,140.000000,110.380797
0.975700,140.000000,110.383261
0.975933,140.000000,110.384464
0.976232,140.000000,110.385974
0.977268,140.000000,110.392061
0.977617,140.000000,110.396957
0.977839,140.000000,110.406774
0.978141,140.000000,110.406934
0.978483,140.000000,110.408006
0.978687,140.000000,110.409107
0.978905,140.000000,110.414134
0.979140,140.000000,110.415507
0.979710,140.000000,110.416509
0.979927,140.000000,110.431357
0.980116,140.000000,110.438902
0.980308,140.000000,110.443741
0.980545,140.000000,110.447574
0.980809,140.000000,110.451286
0.981157,140.000000,110.455005
0.981838,140.000000,110.457478
0.982032,140.000000,110.457494
0.982477,140.000000,110.457718
0.983532,140.000000,110.474726
0.983807,140.000000,110.483408
0.984053,140.000000,110.489533
0.984323,140.000000,110.493264
0.984531,140.000000,110.494323
0.984827,140.000000,110.494454
0.985190,140.000000,110.494470
0.985468,140.000000,110.496966
0.985665,140.000000,110.498214
0.985921,140.000000,110.510653
0.986563,140.000000,110.514205
0.987044,140.000000,110.517942
0.987229,140.000000,110.526598
0.987419,140.000000,110.527856
0.987698,140.000000,110.532637
0.987881,140.000000,110.532806
0.988139,140.000000,110.536438
0.988315,140.000000,110.538960
0.988519,140.000000,110.540166
0.988797,140.000000,110.542566
0.989172,140.000000,110.543898
0.989346,140.000000,110.555126
0.989658,140.000000,110.564950
0.989837,140.000000,110.568438
0.990020,140.000000,110.580733
0.990297,140.000000,110.580854
0.990485,140.000000,110.582102
0.990779,140.000000,110.583366
0.990984,140.000000,110.585523
0.991188,140.000000,110.588278
0.991501,140.000000,110.590749
0.991727,140.000000,110.596934
0.991912,140.000000,110.601814
0.992083,140.000000,110.601843
0.992430,140.000000,110.610682
0.992664,140.000000,110.617885
0.992879,140.000000,110.617990
0.993167,140.000000,110.620381
0.993375,140.000000,110.627878
0.993586,140.000000,110.631670
0.993804,140.000000,110.633949
0.994031,140.000000,110.637798
0.994287,140.000000,110.646198
0.994728,140.000000,110.647510
0.995001,140.000000,110.650134
0.995319,140.000000,110.653523
0.995575,140.000000,110.658742
0.995799,140.000000,110.661174
0.996086,140.000000,110.661181
0.996385,140.000000,110.664742
0.996658,140.000000,110.672374
0.997218,140.000000,110.673299
0.997614,140.000000,110.673478
0.997922,140.000000,110.678429
0.998154,140.000000,110.680806
0.998332,140.000000,110.683197
0.998528,140.000000,110.684605
0.998833,140.000000,110.684627
0.999051,140.000000,110.685926
0.999311,140.000000,110.698237
0.999666,140.000000,110.704390
0.999851,140.000000,110.715421
1.000072,140.000000,110.715526
1.000568,140.000000,110.718995
1.000822,140.000000,110.719133
1.001113,140.000000,110.729014
1.001402,140.000000,110.729206
1.001899,140.000000,110.732797
1.002222,140.000000,110.732806
1.002495,140.000000,110.733926
1.002730,140.000000,110.738934
1.003028,140.000000,110.741318
1.003255,140.000000,110.742630
1.003510,140.000000,110.747379
1.003682,140.000000,110.747453
1.003906,140.000000,110.749942
1.004095,140.000000,110.751222
1.004339,140.000000,110.757446
1.004687,140.000000,110.759958
1.004918,140.000000,110.762342
1.005201,140.000000,110.767254
1.005396,140.000000,110.768662
1.005592,140.000000,110.771078
1.005785,140.000000,110.776016
1.006042,140.000000,110.779773
1.006374,140.000000,110.785862
1.006589,140.000000,110.789590
1.006793,140.000000,110.790742
1.006985,140.000000,110.795670
1.007234,140.000000,110.803222
1.007615,140.000000,110.821670
1.007843,140.000000,110.822845
1.008163,140.000000,110.828851
1.008545,140.000000,110.834038
1.008766,140.000000,110.835366
1.009070,140.000000,110.836317
1.009239,140.000000,110.840093
1.009409,140.000000,110.841002
1.009599,140.000000,110.849974
1.009763,140.000000,110.858774
1.010076,140.000000,110.865974
1.010327,140.000000,110.869939
1.010913,140.000000,110.872093
1.011169,140.000000,110.873523
1.011528,140.000000,110.879613
1.011856,140.000000,110.885926
1.012075,140.000000,110.887126
1.012432,140.000000,110.891722
1.012658,140.000000,110.893174
1.012883,140.000000,110.899558
1.013593,140.000000,110.903142
1.013807,140.000000,110.905712
1.014002,140.000000,110.906909
1.014255,140.000000,110.909334
1.014662,140.000000,110.911686
1.014942,140.000000,110.917766
1.015088,140.000000,110.919293
1.015436,140.000000,110.920381
1.015685,140.000000,110.921392
1.015931,140.000000,110.942566
1.016273,140.000000,110.945971
1.016420,140.000000,110.958461
1.016606,140.000000,110.964765
1.016852,140.000000,110.968566
1.017108,140.000000,110.973437
1.017365,140.000000,110.974774
1.017572,140.000000,110.975894
1.017964,140.000000,110.977142
1.018278,140.000000,110.982134
1.018558,140.000000,110.988294
1.018769,140.000000,110.990749
1.019002,140.000000,110.992006
1.019238,140.000000,110.994406
1.019606,140.000000,111.001853
1.019838,140.000000,111.003165
1.020163,140.000000,111.006877
1.020513,140.000000,111.014077
1.020677,140.000000,111.020467
1.021119,140.000000,111.031414
1.021334,140.000000,111.032694
1.021533,140.000000,111.045174
1.021841,140.000000,111.048646
1.022028,140.000000,111.058557
1.022287,140.000000,111.063347
1.022541,140.000000,111.069734
1.022892,140.000000,111.072326
1.023131,140.000000,111.074758
1.023317,140.000000,111.088275
1.023516,140.000000,111.108080
1.023735,140.000000,111.110550
1.023996,140.000000,111.111603
1.024195,140.000000,111.114237
1.024492,140.000000,111.117846
1.024867,140.000000,111.122950
1.025081,140.000000,111.124272
1.025259,140.000000,111.125405
1.026012,140.000000,111.127888
1.026205,140.000000,111.131517
1.026497,140.000000,111.132646
1.026690,140.000000,111.135110
1.026943,140.000000,111.135286
1.027377,140.000000,111.136467
1.027706,140.000000,111.147622
1.028026,140.000000,111.161178
1.028263,140.000000,111.163686
1.028872,140.000000,111.166000
1.029126,140.000000,111.169597
1.029352,140.000000,111.169821
1.029631,140.000000,111.175974
1.029868,140.000000,111.176768
1.030050,140.000000,111.178544
1.030448,140.000000,111.179571
1.030773,140.000000,111.185757
1.031131,140.000000,111.190774
1.031426,140.000000,111.193302
1.031797,140.000000,111.200614
1.032018,140.000000,111.200758
1.032239,140.000000,111.206886
1.032466,140.000000,111.214237
1.032703,140.000000,111.217942
1.032903,140.000000,111.222918
1.033094,140.000000,111.224086
1.033372,140.000000,111.227795
1.033628,140.000000,111.235254
1.033878,140.000000,111.240157
1.034164,140.000000,111.241494
1.034723,140.000000,111.245158
1.034904,140.000000,111.245174
1.035276,140.000000,111.246163
1.035519,140.000000,111.258838
1.035979,140.000000,111.268566
1.036201,140.000000,111.273341
1.036456,140.000000,111.275933
1.036697,140.000000,111.282150
1.036971,140.000000,111.283197
1.037130,140.000000,111.283478
1.037428,140.000000,111.285830
1.037662,140.000000,111.289629
1.037993,140.000000,111.301706
1.038238,140.000000,111.301757
1.038491,140.000000,111.301814
1.038648,140.000000,111.301910
1.038938,140.000000,111.306838
1.039681,140.000000,111.309430
1.039920,140.000000,111.310678
1.040119,140.000000,111.328787
1.040307,140.000000,111.333949
1.040493,140.000000,111.338864
1.040706,140.000000,111.342672
1.041095,140.000000,111.352566
1.041532,140.000000,111.354845
1.041739,140.000000,111.362397
1.042048,140.000000,111.366118
1.042329,140.000000,111.368614
1.042595,140.000000,111.377206
1.042903,140.000000,111.382086
1.043061,140.000000,111.384307
1.043239,140.000000,111.385782
1.043472,140.000000,111.389494
1.043771,140.000000,111.392070
1.043973,140.000000,111.393107
1.044255,140.000000,111.398038
1.044568,140.000000,111.403046
1.044849,140.000000,111.403059
1.045447,140.000000,111.403126
1.045697,140.000000,111.403206
1.046094,140.000000,111.406781
1.046348,140.000000,111.415526
1.046611,140.000000,111.420051
1.046779,140.000000,111.427894
1.047108,140.000000,111.431347
1.047298,140.000000,111.433974
1.047574,140.000000,111.434963
1.047746,140.000000,111.435206
1.047988,140.000000,111.437469
1.048193,140.000000,111.443862
1.048374,140.000000,111.455987
1.048628,140.000000,111.458726
1.048898,140.000000,111.462422
1.049220,140.000000,111.464893
1.049467,140.000000,111.466086
1.049741,140.000000,111.472342
1.050022,140.000000,111.477350
1.050943,140.000000,111.483357
1.051151,140.000000,111.490742
1.051338,140.000000,111.495594
1.051583,140.000000,111.495699
1.051834,140.000000,111.497014
1.052201,140.000000,111.498214
1.052488,140.000000,111.501907
1.052787,140.000000,111.503990
1.052966,140.000000,111.504432
1.053342,140.000000,111.506813
1.053651,140.000000,111.509149
1.053900,140.000000,111.516627
1.054151,140.000000,111.517949
1.054422,140.000000,111.520326
1.054578,140.000000,111.523990
1.054788,140.000000,111.526614
1.055054,140.000000,111.531606
1.055284,140.000000,111.535229
1.055799,140.000000,111.550006
1.056036,140.000000,111.551350
1.056727,140.000000,111.557462
1.056928,140.000000,111.557590
1.057122,140.000000,111.558621
1.057367,140.000000,111.563718
1.057622,140.000000,111.564854
1.058012,140.000000,111.573430
1.058286,140.000000,111.575891
1.058519,140.000000,111.578614
1.058778,140.000000,111.584720
1.058975,140.000000,111.590662
1.059236,140.000000,111.600656
1.059508,140.000000,111.604349
1.059763,140.000000,111.608070
1.059974,140.000000,111.610653
1.061048,140.000000,111.611507
1.061291,140.000000,111.616774
1.061533,140.000000,111.617766
1.061697,140.000000,111.618070
1.061987,140.000000,111.623997
1.062276,140.000000,111.626614
1.062548,140.000000,111.627798
1.062810,140.000000,111.628947
1.063068,140.000000,111.636438
1.063338,140.000000,111.637702
1.063549,140.000000,111.643773
1.063797,140.000000,111.643901
1.064652,140.000000,111.644682
1.064855,140.000000,111.645053
1.065144,140.000000,111.646454
1.066059,140.000000,111.651206
1.066220,140.000000,111.652486
1.066476,140.000000,111.657558
1.066701,140.000000,111.658726
1.067355,140.000000,111.661190
1.067643,140.000000,111.664554
1.067818,140.000000,111.667302
1.068088,140.000000,111.668573
1.068301,140.000000,111.673235
1.068534,140.000000,111.674806
1.068875,140.000000,111.687046
1.069127,140.000000,111.693174
1.069358,140.000000,111.693334
1.069916,140.000000,111.695773
1.070218,140.000000,111.696998
1.070404,140.000000,111.698045
1.070591,140.000000,111.698237
1.070939,140.000000,111.701757
1.071136,140.000000,111.703037
1.071513,140.000000,111.706621
1.071736,140.000000,111.707997
1.071985,140.000000,111.710294
1.072287,140.000000,111.710416
1.072578,140.000000,111.710566
1.072841,140.000000,111.726483
1.073100,140.000000,111.727846
1.073401,140.000000,111.738643
1.073581,140.000000,111.742589
1.073882,140.000000,111.743773
1.074120,140.000000,111.746269
1.074358,140.000000,111.747613
1.074758,140.000000,111.747632
1.074948,140.000000,111.752598
1.075567,140.000000,111.754707
1.075782,140.000000,111.759958
1.076008,140.000000,111.762237
1.076166,140.000000,111.767187
1.076402,140.000000,111.773466
1.076623,140.000000,111.777085
1.076899,140.000000,111.779734
1.077123,140.000000,111.799350
1.077500,140.000000,111.802003
1.077888,140.000000,111.805459
1.078105,140.000000,111.805648
1.078365,140.000000,111.809299
1.078622,140.000000,111.813046
1.078802,140.000000,111.814237
1.079155,140.000000,111.815494
1.079363,140.000000,111.826566
1.079570,140.000000,111.826621
1.079888,140.000000,111.832829
1.080153,140.000000,111.835110
1.080336,140.000000,111.836147
1.080535,140.000000,111.836285
1.080717,140.000000,111.836371
1.080937,140.000000,111.846099
1.081192,140.000000,111.846259
1.081427,140.000000,111.846419
1.081833,140.000000,111.851261
1.082094,140.000000,111.856230
1.082383,140.000000,111.859997
1.082768,140.000000,111.861171
1.083076,140.000000,111.865875
1.083431,140.000000,111.872211
1.083757,140.000000,111.874717
1.084015,140.000000,111.879766
1.084231,140.000000,111.887046
1.084487,140.000000,111.893286
1.084760,140.000000,111.894470
1.084990,140.000000,111.894486
1.085238,140.000000,111.900656
1.085499,140.000000,111.900694
1.085734,140.000000,111.901914
1.085936,140.000000,111.908166
1.086251,140.000000,111.915574
1.086563,140.000000,111.916637
1.086799,140.000000,111.917926
1.087032,140.000000,111.919091
1.087260,140.000000,111.920477
1.087473,140.000000,111.921558
1.087729,140.000000,111.921590
1.088068,140.000000,111.932637
1.088252,140.000000,111.932758
1.088517,140.000000,111.936310
1.088749,140.000000,111.938813
1.089001,140.000000,111.938950
1.089183,140.000000,111.951293
1.089416,140.000000,111.956374
1.090414,140.000000,111.968477
1.090792,140.000000,111.976038
1.090971,140.000000,111.978198
1.091287,140.000000,111.982102
1.091563,140.000000,111.983197
1.091787,140.000000,111.984637
1.092109,140.000000,111.984662
1.092503,140.000000,111.985885
1.092773,140.000000,111.985894
1.092978,140.000000,111.987069
1.093259,140.000000,111.988438
1.093542,140.000000,111.990790
1.093803,140.000000,111.990918
1.094412,140.000000,111.992150
1.095965,140.000000,111.995830
1.096781,140.000000,112.009139
1.096983,140.000000,112.010598
1.097213,140.000000,112.014333
1.097449,140.000000,112.015443
1.097927,140.000000,112.016758
1.098147,140.000000,112.023818
1.098337,140.000000,112.025171
1.098568,140.000000,112.027667
1.098790,140.000000,112.030454
1.099075,140.000000,112.043878
1.099328,140.000000,112.047466
1.099544,140.000000,112.050192
1.099725,140.000000,112.053808
1.099926,140.000000,112.056358
1.100239,140.000000,112.057510
1.100416,140.000000,112.064870
1.100663,140.000000,112.066045
1.101051,140.000000,112.067206
1.101281,140.000000,112.068499
1.101566,140.000000,112.071046
1.101948,140.000000,112.072246
1.102336,140.000000,112.073462
1.102525,140.000000,112.073542
1.102793,140.000000,112.075859
1.103026,140.000000,112.082086
1.103205,140.000000,112.084550
1.103440,140.000000,112.085750
1.103644,140.000000,112.085878
1.103856,140.000000,112.096829
1.104059,140.000000,112.105405
1.104225,140.000000,112.106726
1.104447,140.000000,112.110416
1.104700,140.000000,112.110454
1.104886,140.000000,112.113968
1.105128,140.000000,112.116762
1.105307,140.000000,112.131440
1.105518,140.000000,112.131590
1.105845,140.000000,112.139965
1.106025,140.000000,112.143638
1.106207,140.000000,112.143862
1.106429,140.000000,112.144787
1.106620,140.000000,112.148838
1.106833,140.000000,112.172246
1.107109,140.000000,112.173286
1.107280,140.000000,112.176144
1.107786,140.000000,112.178301
1.107998,140.000000,112.179434
1.108225,140.000000,112.179443
1.108556,140.000000,112.179638
1.108834,140.000000,112.184467
1.109160,140.000000,112.196854
1.109368,140.000000,112.201853
1.109673,140.000000,112.204371
1.110022,140.000000,112.207990
1.110304,140.000000,112.209078
1.110538,140.000000,112.209270
1.110966,140.000000,112.209398
1.111341,140.000000,112.211702
1.111682,140.000000,112.220326
1.111871,140.000000,112.223990
1.112114,140.000000,112.225254
1.112435,140.000000,112.225318
1.112755,140.000000,112.231526
1.112985,140.000000,112.236598
1.113228,140.000000,112.240147
1.113555,140.000000,112.240166
1.113889,140.000000,112.243734
1.114115,140.000000,112.247542
1.114575,140.000000,112.255037
1.115052,140.000000,112.259926
1.115305,140.000000,112.263606
1.115588,140.000000,112.275894
1.115748,140.000000,112.288310
1.115951,140.000000,112.290742
1.116125,140.000000,112.291974
1.116319,140.000000,112.294461
1.116618,140.000000,112.298067
1.116882,140.000000,112.309318
1.117063,140.000000,112.310582
1.118163,140.000000,112.312957
1.118408,140.000000,112.314134
1.118689,140.000000,112.315414
1.118966,140.000000,112.317757
1.119206,140.000000,112.317910
1.119508,140.000000,112.319312
1.119699,140.000000,112.323958
1.120002,140.000000,112.324093
1.120296,140.000000,112.328966
1.120574,140.000000,112.329014
1.120801,140.000000,112.329110
1.121255,140.000000,112.332701
1.121535,140.000000,112.341382
1.121772,140.000000,112.343613
1.121959,140.000000,112.343974
1.122541,140.000000,112.345971
1.122702,140.000000,112.347408
1.122958,140.000000,112.351206
1.123139,140.000000,112.355197
1.124260,140.000000,112.357309
1.124491,140.000000,112.360883
1.124682,140.000000,112.364554
1.124876,140.000000,112.373437
1.125161,140.000000,112.376006
1.125565,140.000000,112.384582
1.125832,140.000000,112.388358
1.126155,140.000000,112.391731
1.126377,140.000000,112.394576
1.126585,140.000000,112.396742
1.126823,140.000000,112.403037
1.127317,140.000000,112.403270
1.127887,140.000000,112.412950
1.128123,140.000000,112.414077
1.128283,140.000000,112.414134
1.128464,140.000000,112.420278
1.128645,140.000000,112.424134
1.128893,140.000000,112.427827
1.129193,140.000000,112.438899
1.129485,140.000000,112.446406
1.129733,140.000000,112.449014
1.130751,140.000000,112.451030
1.130957,140.000000,112.457366
1.131267,140.000000,112.457526
1.131546,140.000000,112.479718
1.131764,140.000000,112.480829
1.131974,140.000000,112.483366
1.132295,140.000000,112.490781
1.132567,140.000000,112.494422
1.132826,140.000000,112.495734
1.133174,140.000000,112.496765
1.133334,140.000000,112.499446
1.133690,140.000000,112.501811
1.133935,140.000000,112.508086
1.134204,140.000000,112.510582
1.134675,140.000000,112.514294
1.134946,140.000000,112.519206
1.135406,140.000000,112.522886
1.135784,140.000000,112.524019
1.136092,140.000000,112.524061
1.136319,140.000000,112.524246
1.136813,140.000000,112.524947
1.136986,140.000000,112.526566
1.137184,140.000000,112.530269
1.137447,140.000000,112.535037
1.137654,140.000000,112.536371
1.137851,140.000000,112.545014
1.138026,140.000000,112.551357
1.138440,140.000000,112.551382
1.140431,140.000000,112.551398
1.140792,140.000000,112.552534
1.141078,140.000000,112.554877
1.141555,140.000000,112.576768
1.141729,140.000000,112.585683
1.141967,140.000000,112.590790
1.142244,140.000000,112.594486
1.142462,140.000000,112.599293
1.142734,140.000000,112.604374
1.143004,140.000000,112.604406
1.143258,140.000000,112.615590
1.143847,140.000000,112.616637
1.144121,140.000000,112.617974
1.144546,140.000000,112.620470
1.144971,140.000000,112.621670
1.145203,140.000000,112.627677
1.145452,140.000000,112.627795
1.145772,140.000000,112.632288
1.145949,140.000000,112.632637
1.146170,140.000000,112.636413
1.146403,140.000000,112.637830
1.146672,140.000000,112.641158
1.146887,140.000000,112.642640
1.147037,140.000000,112.645149
1.147279,140.000000,112.648563
1.147524,140.000000,112.650954
1.147758,140.000000,112.661238
1.148041,140.000000,112.662333
1.148267,140.000000,112.675702
1.148429,140.000000,112.677174
1.148702,140.000000,112.678326
1.149034,140.000000,112.679686
1.149224,140.000000,112.682230
1.149417,140.000000,112.683197
1.149583,140.000000,112.683366
1.149785,140.000000,112.691731
1.150025,140.000000,112.691990
1.150239,140.000000,112.695306
1.150429,140.000000,112.696787
1.150663,140.000000,112.696947
1.150964,140.000000,112.704214
1.151153,140.000000,112.706845
1.151768,140.000000,112.710454
1.151961,140.000000,112.710566
1.152222,140.000000,112.710621
1.152778,140.000000,112.712883
1.152976,140.000000,112.715389
1.153176,140.000000,112.723818
1.153370,140.000000,112.726454
1.153576,140.000000,112.726630
1.153831,140.000000,112.734003
1.154135,140.000000,112.735219
1.154368,140.000000,112.738966
1.154535,140.000000,112.741107
1.154780,140.000000,112.745014
1.154998,140.000000,112.748806
1.155197,140.000000,112.751197
1.155707,140.000000,112.754845
1.155926,140.000000,112.757430
1.156314,140.000000,112.757488
1.156524,140.000000,112.758742
1.156781,140.000000,112.763603
1.157038,140.000000,112.767219
1.157263,140.000000,112.771046
1.157671,140.000000,112.775997
1.157953,140.000000,112.777350
1.158169,140.000000,112.780854
1.158401,140.000000,112.781014
1.159186,140.000000,112.784646
1.159455,140.000000,112.787094
1.159719,140.000000,112.788326
1.159949,140.000000,112.788358
1.160217,140.000000,112.798128
1.160425,140.000000,112.800637
1.160667,140.000000,112.801974
1.161396,140.000000,112.806845
1.161694,140.000000,112.812874
1.162092,140.000000,112.817776
1.162446,140.000000,112.817917
1.162891,140.000000,112.831347
1.163154,140.000000,112.836342
1.163398,140.000000,112.842589
1.163695,140.000000,112.846397
1.164137,140.000000,112.847443
1.164377,140.000000,112.848694
1.164578,140.000000,112.849875
1.164805,140.000000,112.852534
1.165197,140.000000,112.853878
1.165418,140.000000,112.858822
1.165634,140.000000,112.864989
1.166145,140.000000,112.877232
1.166462,140.000000,112.878448
1.166733,140.000000,112.879600
1.166908,140.000000,112.890813
1.167335,140.000000,112.894333
1.167563,140.000000,112.894397
1.167792,140.000000,112.899350
1.168044,140.000000,112.901958
1.168247,140.000000,112.904406
1.168467,140.000000,112.905616
1.168752,140.000000,112.907882
1.169029,140.000000,112.909117
1.169231,140.000000,112.909318
1.169418,140.000000,112.913834
1.169618,140.000000,112.926598
1.169796,140.000000,112.927507
1.169961,140.000000,112.931421
1.170176,140.000000,112.932624
1.170425,140.000000,112.935018
1.170627,140.000000,112.936518
1.170833,140.000000,112.946323
1.171228,140.000000,112.949814
1.171420,140.000000,112.950166
1.171755,140.000000,112.951101
1.172002,140.000000,112.952598
1.172362,140.000000,112.962173
1.172523,140.000000,112.963686
1.173238,140.000000,112.964710
1.173467,140.000000,112.967254
1.173753,140.000000,112.967261
1.173985,140.000000,112.969798
1.174247,140.000000,112.974790
1.174475,140.000000,112.975894
1.174634,140.000000,112.975933
1.174867,140.000000,112.983430
1.175049,140.000000,112.986950
1.175227,140.000000,112.988349
1.175482,140.000000,112.990790
1.175832,140.000000,112.990870
1.176034,140.000000,112.991974
1.176225,140.000000,112.993126
1.176467,140.000000,112.993286
1.176671,140.000000,112.995702
1.177118,140.000000,112.999293
1.177358,140.000000,113.003197
1.177878,140.000000,113.004138
1.178101,140.000000,113.011798
1.178341,140.000000,113.014301
1.178650,140.000000,113.017840
1.178879,140.000000,113.018086
1.179200,140.000000,113.028989
1.179393,140.000000,113.032624
1.179587,140.000000,113.042682
1.179751,140.000000,113.048531
1.179997,140.000000,113.051350
1.180461,140.000000,113.069750
1.180834,140.000000,113.069757
1.181282,140.000000,113.075846
1.181465,140.000000,113.091933
1.181628,140.000000,113.096998
1.181828,140.000000,113.098045
1.182020,140.000000,113.098166
1.182275,140.000000,113.102794
1.182503,140.000000,113.104285
1.182729,140.000000,113.105462
1.182920,140.000000,113.109085
1.183122,140.000000,113.109267
1.183349,140.000000,113.110566
1.183847,140.000000,113.114134
1.184010,140.000000,113.120275
1.184271,140.000000,113.120406
1.184475,140.000000,113.125334
1.184671,140.000000,113.125366
1.185263,140.000000,113.127773
1.185516,140.000000,113.127920
1.185728,140.000000,113.132765
1.185979,140.000000,113.133974
1.186257,140.000000,113.136470
1.186724,140.000000,113.136474
1.186930,140.000000,113.136486
1.187125,140.000000,113.137622
1.187418,140.000000,113.137670
1.187682,140.000000,113.143888
1.187913,140.000000,113.150045
1.188203,140.000000,113.151174
1.188495,140.000000,113.157267
1.188758,140.000000,113.162294
1.188965,140.000000,113.162406
1.189203,140.000000,113.163526
1.189478,140.000000,113.165821
1.189634,140.000000,113.166118
1.189831,140.000000,113.167229
1.190033,140.000000,113.171078
1.190223,140.000000,113.173629
1.190704,140.000000,113.178448
1.190908,140.000000,113.183526
1.191248,140.000000,113.185782
1.191443,140.000000,113.189590
1.191696,140.000000,113.193382
1.192672,140.000000,113.196765
1.192827,140.000000,113.199558
1.193064,140.000000,113.210397
1.193340,140.000000,113.210582
1.193592,140.000000,113.211574
1.193836,140.000000,113.214099
1.194079,140.000000,113.214230
1.194292,140.000000,113.222886
1.194684,140.000000,113.224054
1.194933,140.000000,113.236285
1.195098,140.000000,113.236342
1.195316,140.000000,113.238877
1.195557,140.000000,113.243830
1.195868,140.000000,113.245014
1.196031,140.000000,113.251261
1.196577,140.000000,113.252550
1.196766,140.000000,113.253814
1.197113,140.000000,113.258717
1.197477,140.000000,113.262454
1.197786,140.000000,113.263677
1.198246,140.000000,113.266166
1.198779,140.000000,113.277149
1.198982,140.000000,113.277158
1.199222,140.000000,113.279574
1.199482,140.000000,113.279702
1.199747,140.000000,113.280765
1.200006,140.000000,113.282166
1.200327,140.000000,113.289309
1.200530,140.000000,113.296966
1.200722,140.000000,113.300534
1.200914,140.000000,113.300630
1.201160,140.000000,113.301974
1.201728,140.000000,113.309213
1.201956,140.000000,113.316733
1.202216,140.000000,113.316838
1.202512,140.000000,113.322675
1.202760,140.000000,113.336445
1.202956,140.000000,113.340246
1.203258,140.000000,113.342557
1.203491,140.000000,113.343830
1.203726,140.000000,113.347549
1.203962,140.000000,113.350054
1.204206,140.000000,113.357456
1.204490,140.000000,113.361238
1.204701,140.000000,113.363574
1.204902,140.000000,113.367286
1.205137,140.000000,113.372019
1.205412,140.000000,113.373565
1.205774,140.000000,113.374710
1.206080,140.000000,113.377085
1.206478,140.000000,113.377174
1.206754,140.000000,113.377302
1.207522,140.000000,113.379443
1.207757,140.000000,113.380838
1.207979,140.000000,113.380982
1.208483,140.000000,113.386739
1.208645,140.000000,113.389331
1.209003,140.000000,113.390685
1.209233,140.000000,113.394486
1.209527,140.000000,113.401917
1.209759,140.000000,113.409302
1.209969,140.000000,113.410461
1.210232,140.000000,113.415389
1.210425,140.000000,113.420486
1.210744,140.000000,113.422685
1.210917,140.000000,113.422966
1.211140,140.000000,113.424029
1.211402,140.000000,113.426454
1.211626,140.000000,113.432723
1.211936,140.000000,113.433578
1.212118,140.000000,113.434006
1.212411,140.000000,113.436518
1.212647,140.000000,113.436605
1.213676,140.000000,113.440214
1.213958,140.000000,113.442502
1.214228,140.000000,113.443434
1.214417,140.000000,113.446422
1.214703,140.000000,113.451059
1.215081,140.000000,113.452528
1.215447,140.000000,113.454845
1.215642,140.000000,113.463574
1.215898,140.000000,113.475750
1.216098,140.000000,113.475766
1.216294,140.000000,113.475837
1.216556,140.000000,113.479638
1.216805,140.000000,113.480787
1.217046,140.000000,113.484598
1.217281,140.000000,113.493286
1.217577,140.000000,113.505405
1.217751,140.000000,113.514198
1.217946,140.000000,113.515526
1.218276,140.000000,113.521622
1.218598,140.000000,113.525139
1.218802,140.000000,113.529053
1.219426,140.000000,113.530150
1.219589,140.000000,113.530326
1.219856,140.000000,113.531558
1.220080,140.000000,113.531638
1.220354,140.000000,113.532886
1.220563,140.000000,113.534000
1.220917,140.000000,113.538886
1.221374,140.000000,113.539965
1.221541,140.000000,113.540115
1.221809,140.000000,113.545126
1.222085,140.000000,113.548944
1.222508,140.000000,113.549949
1.222683,140.000000,113.550922
1.222943,140.000000,113.551206
1.223204,140.000000,113.557286
1.223349,140.000000,113.558685
1.223612,140.000000,113.562461
1.223847,140.000000,113.568560
1.223999,140.000000,113.568582
1.224364,140.000000,113.569523
1.224594,140.000000,113.572189
1.224876,140.000000,113.572246
1.225129,140.000000,113.577174
1.225332,140.000000,113.582035
1.225592,140.000000,113.588253
1.226081,140.000000,113.591805
1.226274,140.000000,113.595686
1.226541,140.000000,113.600477
1.226726,140.000000,113.601926
1.226949,140.000000,113.604285
1.227190,140.000000,113.606611
1.227585,140.000000,113.606854
1.227855,140.000000,113.622858
1.228157,140.000000,113.631526
1.228571,140.000000,113.635366
1.228943,140.000000,113.636374
1.229150,140.000000,113.636534
1.229748,140.000000,113.643974
1.229977,140.000000,113.652403
1.230378,140.000000,113.653878
1.230861,140.000000,113.661139
1.231111,140.000000,113.667334
1.231300,140.000000,113.674902
1.231963,140.000000,113.677117
1.232177,140.000000,113.683408
1.232383,140.000000,113.686950
1.232564,140.000000,113.687078
1.232738,140.000000,113.693318
1.233062,140.000000,113.703101
1.233311,140.000000,113.703270
1.233753,140.000000,113.704234
1.234001,140.000000,113.710387
1.234255,140.000000,113.710566
1.234553,140.000000,113.724048
1.234735,140.000000,113.725405
1.235240,140.000000,113.728989
1.235446,140.000000,113.730406
1.235970,140.000000,113.741398
1.236363,140.000000,113.745117
1.237067,140.000000,113.747606
1.237451,140.000000,113.747699
1.237942,140.000000,113.751229
1.238148,140.000000,113.761158
1.238408,140.000000,113.770931
1.238655,140.000000,113.775709
1.238817,140.000000,113.779798
1.239036,140.000000,113.784637
1.239242,140.000000,113.784742
1.239686,140.000000,113.788326
1.239964,140.000000,113.790790
1.240178,140.000000,113.793334
1.240390,140.000000,113.801846
1.240631,140.000000,113.801926
1.240799,140.000000,113.805520
1.240971,140.000000,113.806928
1.241190,140.000000,113.809309
1.241480,140.000000,113.810566
1.241733,140.000000,113.812861
1.241939,140.000000,113.815494
1.242157,140.000000,113.820253
1.242369,140.000000,113.825270
1.242617,140.000000,113.830246
1.242842,140.000000,113.830326
1.243063,140.000000,113.834922
1.243248,140.000000,113.835216
1.243505,140.000000,113.836182
1.243659,140.000000,113.837734
1.243865,140.000000,113.846406
1.244293,140.000000,113.847472
1.244492,140.000000,113.854832
1.244692,140.000000,113.858547
1.244934,140.000000,113.859837
1.245175,140.000000,113.859910
1.245406,140.000000,113.861107
1.245672,140.000000,113.863677
1.245906,140.000000,113.868598
1.246141,140.000000,113.869830
1.246620,140.000000,113.875837
1.246888,140.000000,113.877270
1.247265,140.000000,113.884502
1.247557,140.000000,113.889363
1.247773,140.000000,113.889590
1.248031,140.000000,113.889686
1.248324,140.000000,113.893334
1.248668,140.000000,113.895718
1.248929,140.000000,113.896790
1.249110,140.000000,113.896861
1.249316,140.000000,113.901853
1.249547,140.000000,113.905459
1.249757,140.000000,113.905661
1.250024,140.000000,113.909366
1.250267,140.000000,113.919206
1.250476,140.000000,113.923891
1.250719,140.000000,113.925302
1.250907,140.000000,113.925382
1.251167,140.000000,113.927590
1.251362,140.000000,113.929907
1.251516,140.000000,113.937590
1.251743,140.000000,113.938707
1.251921,140.000000,113.944883
1.252145,140.000000,113.951302
1.252619,140.000000,113.953555
1.252823,140.000000,113.954877
1.253212,140.000000,113.959795
1.253445,140.000000,113.962256
1.253704,140.000000,113.962291
1.253978,140.000000,113.967366
1.254311,140.000000,113.968477
1.254566,140.000000,113.973654
1.254845,140.000000,113.979443
1.255046,140.000000,113.979686
1.255315,140.000000,113.982045
1.255488,140.000000,113.983280
1.255700,140.000000,113.985734
1.255964,140.000000,113.995475
1.256163,140.000000,113.996627
1.256325,140.000000,113.996966
1.256588,140.000000,114.001917
1.256825,140.000000,114.010397
1.257258,140.000000,114.010630
1.257480,140.000000,114.016499
1.257672,140.000000,114.021565
1.257986,140.000000,114.021648
1.258178,140.000000,114.023958
1.258373,140.000000,114.025126
1.258553,140.000000,114.025299
1.258750,140.000000,114.025462
1.258935,140.000000,114.027539
1.259106,140.000000,114.029110
1.260022,140.000000,114.030067
1.260220,140.000000,114.030397
1.260875,140.000000,114.031478
1.261142,140.000000,114.032288
1.261292,140.000000,114.038717
1.261515,140.000000,114.040051
1.261771,140.000000,114.041494
1.262373,140.000000,114.047526
1.262636,140.000000,114.049821
1.262806,140.000000,114.056230
1.263117,140.000000,114.062342
1.263322,140.000000,114.062406
1.263534,140.000000,114.066182
1.263767,140.000000,114.071078
1.264277,140.000000,114.074758
1.264477,140.000000,114.076029
1.264763,140.000000,114.076947
1.264980,140.000000,114.079466
1.265232,140.000000,114.085974
1.266189,140.000000,114.088214
1.266441,140.000000,114.088304
1.266692,140.000000,114.092038
1.266897,140.000000,114.094419
1.267238,140.000000,114.100646
1.267497,140.000000,114.101974
1.267724,140.000000,114.105686
1.268117,140.000000,114.111837
1.268516,140.000000,114.112829
1.268751,140.000000,114.119174
1.268925,140.000000,114.119302
1.269440,140.000000,114.121629
1.269695,140.000000,114.122685
1.269864,140.000000,114.125478
1.270117,140.000000,114.128982
1.270352,140.000000,114.131485
1.270729,140.000000,114.135197
1.271000,140.000000,114.138918
1.271172,140.000000,114.139994
1.271435,140.000000,114.143728
1.271697,140.000000,114.143962
1.272059,140.000000,114.144851
1.272325,140.000000,114.157494
1.272515,140.000000,114.158525
1.272762,140.000000,114.159830
1.273087,140.000000,114.161043
1.273285,140.000000,114.162163
1.273482,140.000000,114.162227
1.273721,140.000000,114.163677
1.274072,140.000000,114.163734
1.274561,140.000000,114.164797
1.274817,140.000000,114.167190
1.275035,140.000000,114.168563
1.275586,140.000000,114.169750
1.275921,140.000000,114.173398
1.276178,140.000000,114.174758
1.276412,140.000000,114.175987
1.276939,140.000000,114.183408
1.277222,140.000000,114.184566
1.277407,140.000000,114.184598
1.277697,140.000000,114.188374
1.278755,140.000000,114.189597
1.279012,140.000000,114.198150
1.279280,140.000000,114.199248
1.279527,140.000000,114.201894
1.279753,140.000000,114.203078
1.280025,140.000000,114.203190
1.280816,140.000000,114.209171
1.281208,140.000000,114.210646
1.281525,140.000000,114.212950
1.281864,140.000000,114.226550
1.282151,140.000000,114.231411
1.282374,140.000000,114.240093
1.282611,140.000000,114.240166
1.282890,140.000000,114.242589
1.283155,140.000000,114.242653
1.283429,140.000000,114.247379
1.283702,140.000000,114.249949
1.283875,140.000000,114.252403
1.284126,140.000000,114.254934
1.284806,140.000000,114.255786
1.284986,140.000000,114.256157
1.285214,140.000000,114.257286
1.285364,140.000000,114.266038
1.285556,140.000000,114.268566
1.285841,140.000000,114.270774
1.286113,140.000000,114.275798
1.286396,140.000000,114.277142
1.286672,140.000000,114.280822
1.286915,140.000000,114.282118
1.287187,140.000000,114.287056
1.287442,140.000000,114.288326
1.287717,140.000000,114.290918
1.287966,140.000000,114.293206
1.288207,140.000000,114.298246
1.289049,140.000000,114.299155
1.289289,140.000000,114.299504
1.289479,140.000000,114.301843
1.289786,140.000000,114.306758
1.290027,140.000000,114.308093
1.290247,140.000000,114.310614
1.290547,140.000000,114.311677
1.290786,140.000000,114.314294
1.291106,140.000000,114.314362
1.291471,140.000000,114.315517
1.291697,140.000000,114.316694
1.291907,140.000000,114.319046
1.292131,140.000000,114.319152
1.292306,140.000000,114.328947
1.292552,140.000000,114.331526
1.292747,140.000000,114.332394
1.292912,140.000000,114.332669
1.293104,140.000000,114.335158
1.293380,140.000000,114.340134
1.293880,140.000000,114.359933
1.294315,140.000000,114.362173
1.294518,140.000000,114.362438
1.294833,140.000000,114.363654
1.295096,140.000000,114.365853
1.295264,140.000000,114.366198
1.295562,140.000000,114.369789
1.295835,140.000000,114.375901
1.296156,140.000000,114.376029
1.296660,140.000000,114.379549
1.296876,140.000000,114.380765
1.297139,140.000000,114.388294
1.297465,140.000000,114.389267
1.297686,140.000000,114.394534
1.298065,140.000000,114.394598
1.298343,140.000000,114.395574
1.298546,140.000000,114.401686
1.298755,140.000000,114.404138
1.298967,140.000000,114.406579
1.299195,140.000000,114.414013
1.299399,140.000000,114.421533
1.299646,140.000000,114.430310
1.300175,140.000000,114.432694
1.300419,140.000000,114.435101
1.300703,140.000000,114.438794
1.300900,140.000000,114.438934
1.301187,140.000000,114.442630
1.301454,140.000000,114.445117
1.301664,140.000000,114.446326
1.301880,140.000000,114.447670
1.302154,140.000000,114.451293
1.302533,140.000000,114.451357
1.303043,140.000000,114.453491
1.303330,140.000000,114.453757
1.303565,140.000000,114.454899
1.303847,140.000000,114.454902
1.304089,140.000000,114.456157
1.304325,140.000000,114.457478
1.304558,140.000000,114.458806
1.304778,140.000000,114.459830
1.304998,140.000000,114.463654
1.305237,140.000000,114.466086
1.305620,140.000000,114.477126
1.305900,140.000000,114.477139
1.306093,140.000000,114.479571
1.306294,140.000000,114.488381
1.306539,140.000000,114.493382
1.306759,140.000000,114.494490
1.306959,140.000000,114.498166
1.307209,140.000000,114.500435
1.307396,140.000000,114.501526
1.307559,140.000000,114.506870
1.307938,140.000000,114.508125
1.308234,140.000000,114.511667
1.308452,140.000000,114.512976
1.308747,140.000000,114.526397
1.308945,140.000000,114.527677
1.309163,140.000000,114.530205
1.309411,140.000000,114.531526
1.309616,140.000000,114.532774
1.309895,140.000000,114.536349
1.310218,140.000000,114.539046
1.310451,140.000000,114.540221
1.310730,140.000000,114.543837
1.310925,140.000000,114.557267
1.311194,140.000000,114.559837
1.311479,140.000000,114.562227
1.312129,140.000000,114.564627
1.312366,140.000000,114.566022
1.312611,140.000000,114.569958
1.313299,140.000000,114.571014
1.313473,140.000000,114.574496
1.313739,140.000000,114.583197
1.314028,140.000000,114.587126
1.314356,140.000000,114.592029
1.314600,140.000000,114.593398
1.314898,140.000000,114.597917
1.315065,140.000000,114.600563
1.315368,140.000000,114.601654
1.315560,140.000000,114.612998
1.315727,140.000000,114.614205
1.316421,140.000000,114.622918
1.316679,140.000000,114.624054
1.316929,140.000000,114.624214
1.317184,140.000000,114.625309
1.317557,140.000000,114.625398
1.318330,140.000000,114.626566
1.318535,140.000000,114.631558
1.318790,140.000000,114.642333
1.318946,140.000000,114.643635
1.319347,140.000000,114.654877
1.319747,140.000000,114.654966
1.320021,140.000000,114.657494
1.320588,140.000000,114.658390
1.320742,140.000000,114.671037
1.321014,140.000000,114.672349
1.321380,140.000000,114.672406
1.321863,140.000000,114.674448
1.322204,140.000000,114.674870
1.322536,140.000000,114.677149
1.322772,140.000000,114.682045
1.322991,140.000000,114.682134
1.323322,140.000000,114.689638
1.323587,140.000000,114.690902
1.323856,140.000000,114.691658
1.324055,140.000000,114.694470
1.324263,140.000000,114.695734
1.324436,140.000000,114.698045
1.324755,140.000000,114.698227
1.325097,140.000000,114.699414
1.325665,140.000000,114.700550
1.325970,140.000000,114.700662
1.326282,140.000000,114.707997
1.326511,140.000000,114.716726
1.327229,140.000000,114.717926
1.327596,140.000000,114.724054
1.327866,140.000000,114.730131
1.328156,140.000000,114.730294
1.328472,140.000000,114.732861
1.329665,140.000000,114.738678
1.329874,140.000000,114.738886
1.330098,140.000000,114.741414
1.330344,140.000000,114.742621
1.330603,140.000000,114.752371
1.330804,140.000000,114.753683
1.331114,140.000000,114.761053
1.331373,140.000000,114.761136
1.331648,140.000000,114.762099
1.331895,140.000000,114.762237
1.332281,140.000000,114.762438
1.332536,140.000000,114.765738
1.332712,140.000000,114.766262
1.333459,140.000000,114.773334
1.333725,140.000000,114.777085
1.334130,140.000000,114.779347
1.334308,140.000000,114.783261
1.334542,140.000000,114.784464
1.334816,140.000000,114.784614
1.335382,140.000000,114.786739
1.335541,140.000000,114.789597
1.336002,140.000000,114.798045
1.336201,140.000000,114.800854
1.337889,140.000000,114.801654
1.338086,140.000000,114.801846
1.338469,140.000000,114.801894
1.338772,140.000000,114.804214
1.338962,140.000000,114.810323
1.339193,140.000000,114.815606
1.339492,140.000000,114.822611
1.339738,140.000000,114.825328
1.340072,140.000000,114.828989
1.340334,140.000000,114.833747
1.340531,140.000000,114.835286
1.340798,140.000000,114.836454
1.341088,140.000000,114.843763
1.341329,140.000000,114.845117
1.341982,140.000000,114.847645
1.342610,140.000000,114.851133
1.342971,140.000000,114.858550
1.343245,140.000000,114.864861
1.344025,140.000000,114.871046
1.344506,140.000000,114.872029
1.344701,140.000000,114.872374
1.345658,140.000000,114.879635
1.345991,140.000000,114.884464
1.346213,140.000000,114.884486
1.346476,140.000000,114.885555
1.346840,140.000000,114.888211
1.347198,140.000000,114.888272
1.347431,140.000000,114.890774
1.347755,140.000000,114.901894
1.347997,140.000000,114.903126
1.348305,140.000000,114.904358
1.348532,140.000000,114.904438
1.348777,140.000000,114.906800
1.349129,140.000000,114.907997
1.349377,140.000000,114.909222
1.349614,140.000000,114.909309
1.349868,140.000000,114.910512
1.350115,140.000000,114.911677
1.350513,140.000000,114.914198
1.350699,140.000000,114.914205
1.351213,140.000000,114.915510
1.351574,140.000000,114.915590
1.351812,140.000000,114.923997
1.352086,140.000000,114.924061
1.352319,140.000000,114.931411
1.352546,140.000000,114.934045
1.352980,140.000000,114.947568
1.353188,140.000000,114.951219
1.353395,140.000000,114.951382
1.353603,140.000000,114.953459
1.353792,140.000000,114.962202
1.354087,140.000000,114.964816
1.354437,140.000000,114.979517
1.354672,140.000000,114.980733
1.354942,140.000000,114.980950
1.355263,140.000000,114.985830
1.355534,140.000000,114.985885
1.355766,140.000000,114.987046
1.356097,140.000000,114.988314
1.356311,140.000000,114.990886
1.356518,140.000000,114.991805
1.356728,140.000000,114.993174
1.357072,140.000000,114.996998
1.358158,140.000000,115.004432
1.358531,140.000000,115.005533
1.358775,140.000000,115.010262
1.359050,140.000000,115.010525
1.359615,140.000000,115.011677
1.359877,140.000000,115.025245
1.360147,140.000000,115.032394
1.360327,140.000000,115.036486
1.360696,140.000000,115.039997
1.361028,140.000000,115.042451
1.361215,140.000000,115.042579
1.361498,140.000000,115.043699
1.361700,140.000000,115.043869
1.361952,140.000000,115.045094
1.362147,140.000000,115.053798
1.362567,140.000000,115.064838
1.362767,140.000000,115.066118
1.363067,140.000000,115.072294
1.363305,140.000000,115.077171
1.363559,140.000000,115.084726
1.363861,140.000000,115.085427
1.364020,140.000000,115.085926
1.364539,140.000000,115.086963
1.364724,140.000000,115.087987
1.364892,140.000000,115.088144
1.365186,140.000000,115.088182
1.365409,140.000000,115.090771
1.365971,140.000000,115.092102
1.366286,140.000000,115.095517
1.366538,140.000000,115.095702
1.366763,140.000000,115.098102
1.366965,140.000000,115.104096
1.367188,140.000000,115.105606
1.367425,140.000000,115.105629
1.367775,140.000000,115.109334
1.368345,140.000000,115.110429
1.368553,140.000000,115.112854
1.368716,140.000000,115.113008
1.368928,140.000000,115.124125
1.369158,140.000000,115.124272
1.370115,140.000000,115.129043
1.370459,140.000000,115.130301
1.370681,140.000000,115.133974
1.370945,140.000000,115.136285
1.371186,140.000000,115.136486
1.371583,140.000000,115.141254
1.371841,140.000000,115.141318
1.372088,140.000000,115.143539
1.372313,140.000000,115.146358
1.373183,140.000000,115.148806
1.373400,140.000000,115.152550
1.373633,140.000000,115.155005
1.374214,140.000000,115.157456
1.374507,140.000000,115.162067
1.374806,140.000000,115.164605
1.374973,140.000000,115.166086
1.375415,140.000000,115.168560
1.375830,140.000000,115.169766
1.376112,140.000000,115.171037
1.376404,140.000000,115.175837
1.376639,140.000000,115.178323
1.376907,140.000000,115.182077
1.377193,140.000000,115.182134
1.377503,140.000000,115.183318
1.377727,140.000000,115.184256
1.377963,140.000000,115.184726
1.378266,140.000000,115.188061
1.378451,140.000000,115.188400
1.378721,140.000000,115.190726
1.378945,140.000000,115.191933
1.379182,140.000000,115.194163
1.379357,140.000000,115.195670
1.379651,140.000000,115.197014
1.380101,140.000000,115.206742
1.380425,140.000000,115.212957
1.380820,140.000000,115.212976
1.381146,140.000000,115.214013
1.381346,140.000000,115.216838
1.381734,140.000000,115.217747
1.381977,140.000000,115.221258
1.382169,140.000000,115.227677
1.382409,140.000000,115.228925
1.382662,140.000000,115.234013
1.382930,140.000000,115.241171
1.383159,140.000000,115.241437
1.383661,140.000000,115.242614
1.383885,140.000000,115.243734
1.384091,140.000000,115.244966
1.384354,140.000000,115.246294
1.384620,140.000000,115.246480
1.385104,140.000000,115.247542
1.385587,140.000000,115.247590
1.385877,140.000000,115.250022
1.386079,140.000000,115.257462
1.386320,140.000000,115.258717
1.386723,140.000000,115.271005
1.387101,140.000000,115.295338
1.387302,140.000000,115.299306
1.387561,140.000000,115.300656
1.387891,140.000000,115.305469
1.388105,140.000000,115.305542
1.388367,140.000000,115.306845
1.388740,140.000000,115.320317
1.389055,140.000000,115.322886
1.389513,140.000000,115.325437
1.390218,140.000000,115.333917
1.390435,140.000000,115.336438
1.390694,140.000000,115.337427
1.390952,140.000000,115.341494
1.391263,140.000000,115.345222
1.391448,140.000000,115.346454
1.391828,140.000000,115.356083
1.392015,140.000000,115.357302
1.392219,140.000000,115.358685
1.392623,140.000000,115.359750
1.392860,140.000000,115.360925
1.393056,140.000000,115.361238
1.393255,140.000000,115.363517
1.393670,140.000000,115.364797
1.393943,140.000000,115.364838
1.394235,140.000000,115.364861
1.394474,140.000000,115.371046
1.394741,140.000000,115.375837
1.394995,140.000000,115.381990
1.395167,140.000000,115.388230
1.395368,140.000000,115.388326
1.395587,140.000000,115.390726
1.395873,140.000000,115.390771
1.396143,140.000000,115.391658
1.396342,140.000000,115.393190
1.396566,140.000000,115.393366
1.396979,140.000000,115.396950
1.397528,140.000000,115.397853
1.397773,140.000000,115.398262
1.397943,140.000000,115.399430
1.398162,140.000000,115.399542
1.399800,140.000000,115.400678
1.400008,140.000000,115.403059
1.400218,140.000000,115.403222
1.401362,140.000000,115.412989
1.401624,140.000000,115.415517
1.401900,140.000000,115.417661
1.402079,140.000000,115.419037
1.402294,140.000000,115.419302
1.402784,140.000000,115.420371
1.403055,140.000000,115.420438
1.403621,140.000000,115.421456
1.403857,140.000000,115.422410
1.404018,140.000000,115.424086
1.404243,140.000000,115.429142
1.405376,140.000000,115.430067
1.405565,140.000000,115.430365
1.406309,140.000000,115.432637
1.406540,140.000000,115.432694
1.406850,140.000000,115.432854
1.407088,140.000000,115.434867
1.407281,140.000000,115.438886
1.407855,140.000000,115.446269
1.408119,140.000000,115.446310
1.408407,140.000000,115.448733
1.408613,140.000000,115.452371
1.408820,140.000000,115.452454
1.409013,140.000000,115.463350
1.409341,140.000000,115.464966
1.409610,140.000000,115.465738
1.409806,140.000000,115.472019
1.410008,140.000000,115.477085
1.410468,140.000000,115.485814
1.410774,140.000000,115.485958
1.411091,140.000000,115.491942
1.411312,140.000000,115.494314
1.411612,140.000000,115.496934
1.411811,140.000000,115.496989
1.412026,140.000000,115.500678
1.412312,140.000000,115.509066
1.412525,140.000000,115.513126
1.412872,140.000000,115.514134
1.413241,140.000000,115.516726
1.413518,140.000000,115.517949
1.413785,140.000000,115.520374
1.414001,140.000000,115.535312
1.414195,140.000000,115.548838
1.414486,140.000000,115.554877
1.414679,140.000000,115.555059
1.415071,140.000000,115.559910
1.415309,140.000000,115.568253
1.415471,140.000000,115.578461
1.415667,140.000000,115.578566
1.416038,140.000000,115.583446
1.416266,140.000000,115.584605
1.416780,140.000000,115.585862
1.417270,140.000000,115.593373
1.417642,140.000000,115.594323
1.417934,140.000000,115.596925
1.418260,140.000000,115.601661
1.418467,140.000000,115.603206
1.420476,140.000000,115.609494
1.421738,140.000000,115.611734
1.422032,140.000000,115.612893
1.422263,140.000000,115.616563
1.422467,140.000000,115.619254
1.423199,140.000000,115.620253
1.423437,140.000000,115.624054
1.423820,140.000000,115.628938
1.424065,140.000000,115.633917
1.424310,140.000000,115.637574
1.424501,140.000000,115.643773
1.424694,140.000000,115.643846
1.424941,140.000000,115.648806
1.425213,140.000000,115.653718
1.425582,140.000000,115.653821
1.425899,140.000000,115.658662
1.426198,140.000000,115.659926
1.426517,140.000000,115.661318
1.427239,140.000000,115.662246
1.427442,140.000000,115.667146
1.427716,140.000000,115.667382
1.427984,140.000000,115.673523
1.428560,140.000000,115.678454
1.428987,140.000000,115.679517
1.429223,140.000000,115.687046
1.429610,140.000000,115.688358
1.429887,140.000000,115.690803
1.430138,140.000000,115.693011
1.430340,140.000000,115.697014
1.430907,140.000000,115.699312
1.431115,140.000000,115.701843
1.431434,140.000000,115.706672
1.431677,140.000000,115.710534
1.432002,140.000000,115.711306
1.432190,140.000000,115.719978
1.432379,140.000000,115.727677
1.432663,140.000000,115.728861
1.432923,140.000000,115.733971
1.433179,140.000000,115.735158
1.433456,140.000000,115.737680
1.433682,140.000000,115.738877
1.433934,140.000000,115.743699
1.434132,140.000000,115.748701
1.434350,140.000000,115.753693
1.434588,140.000000,115.757501
1.434827,140.000000,115.764854
1.435222,140.000000,115.766038
1.435416,140.000000,115.766045
1.435600,140.000000,115.766134
1.436012,140.000000,115.770982
1.436216,140.000000,115.772150
1.436506,140.000000,115.772157
1.436811,140.000000,115.775731
1.437106,140.000000,115.775814
1.437304,140.000000,115.788253
1.437500,140.000000,115.790547
1.437681,140.000000,115.790768
1.437925,140.000000,115.799334
1.438139,140.000000,115.802762
1.438334,140.000000,115.803046
1.438621,140.000000,115.803158
1.438919,140.000000,115.804138
1.439159,140.000000,115.805523
1.439414,140.000000,115.809331
1.439763,140.000000,115.814013
1.439982,140.000000,115.819955
1.440162,140.000000,115.824086
1.440411,140.000000,115.826557
1.440685,140.000000,115.829046
1.440968,140.000000,115.830278
1.441185,140.000000,115.830358
1.441350,140.000000,115.832733
1.441649,140.000000,115.832790
1.441917,140.000000,115.837597
1.442137,140.000000,115.840022
1.442346,140.000000,115.840317
1.443122,140.000000,115.841510
1.443371,140.000000,115.853725
1.443634,140.000000,115.856182
1.443907,140.000000,115.858422
1.444082,140.000000,115.858566
1.444393,140.000000,115.864854
1.444641,140.000000,115.864861
1.445041,140.000000,115.873334
1.445318,140.000000,115.877139
1.445543,140.000000,115.878614
1.446226,140.000000,115.879638
1.446483,140.000000,115.884467
1.446752,140.000000,115.884694
1.446957,140.000000,115.895859
1.447983,140.000000,115.901661
1.448161,140.000000,115.902973
1.448359,140.000000,115.909149
1.448615,140.000000,115.909286
1.448785,140.000000,115.910352
1.449036,140.000000,115.910390
1.449237,140.000000,115.910566
1.449581,140.000000,115.911805
1.449836,140.000000,115.914154
1.450124,140.000000,115.914310
1.450438,140.000000,115.919197
1.450788,140.000000,115.921258
1.450959,140.000000,115.926342
1.451121,140.000000,115.926598
1.451365,140.000000,115.927670
1.451622,140.000000,115.936445
1.452797,140.000000,115.936509
1.453184,140.000000,115.939030
1.453385,140.000000,115.940166
1.453661,140.000000,115.941494
1.454795,140.000000,115.942390
1.455072,140.000000,115.944989
1.455241,140.000000,115.957478
1.455480,140.000000,115.959926
1.455730,140.000000,115.962227
1.456230,140.000000,115.964669
1.456477,140.000000,115.964966
1.456786,140.000000,115.968499
1.457089,140.000000,115.969789
1.457353,140.000000,115.971014
1.457553,140.000000,115.971126
1.457844,140.000000,115.972138
1.458076,140.000000,115.973277
1.458320,140.000000,115.973469
1.458572,140.000000,115.973558
1.458850,140.000000,115.974813
1.459134,140.000000,115.975990
1.459447,140.000000,115.977021
1.459734,140.000000,115.978534
1.460057,140.000000,115.983325
1.460497,140.000000,115.994365
1.460738,140.000000,115.995338
1.460917,140.000000,115.995718
1.461163,140.000000,115.996790
1.461379,140.000000,116.001878
1.461649,140.000000,116.002899
1.461910,140.000000,116.003094
1.462140,140.000000,116.005350
1.462343,140.000000,116.010550
1.462939,140.000000,116.013046
1.463169,140.000000,116.015187
1.463418,140.000000,116.015542
1.463664,140.000000,116.016371
1.463814,140.000000,116.017802
1.464116,140.000000,116.024054
1.464385,140.000000,116.025149
1.464647,140.000000,116.026566
1.465065,140.000000,116.026621
1.465311,140.000000,116.032726
1.465499,140.000000,116.036214
1.465719,140.000000,116.036406
1.465902,140.000000,116.036477
1.466109,140.000000,116.038928
1.466340,140.000000,116.045994
1.466582,140.000000,116.047283
1.466811,140.000000,116.049990
1.467107,140.000000,116.050038
1.467910,140.000000,116.050192
1.468435,140.000000,116.051126
1.468694,140.000000,116.051133
1.468921,140.000000,116.052486
1.469094,140.000000,116.053734
1.469364,140.000000,116.054918
1.469652,140.000000,116.055030
1.469955,140.000000,116.056221
1.470219,140.000000,116.063574
1.470530,140.000000,116.063702
1.470757,140.000000,116.067174
1.471041,140.000000,116.069750
1.471523,140.000000,116.069942
1.472299,140.000000,116.073430
1.472631,140.000000,116.078390
1.472898,140.000000,116.078470
1.473208,140.000000,116.081014
1.473875,140.000000,116.082118
1.474046,140.000000,116.082230
1.474317,140.000000,116.083376
1.474580,140.000000,116.088358
1.474906,140.000000,116.089629
1.475219,140.000000,116.090525
1.475375,140.000000,116.090634
1.475663,140.000000,116.091933
1.475898,140.000000,116.092134
1.476248,140.000000,116.094544
1.476638,140.000000,116.095686
1.476917,140.000000,116.096944
1.477284,140.000000,116.098246
1.477529,140.000000,116.100435
1.477803,140.000000,116.103005
1.478040,140.000000,116.105363
1.478305,140.000000,116.106672
1.478522,140.000000,116.107997
1.478796,140.000000,116.110630
1.479104,140.000000,116.110646
1.479404,140.000000,116.112947
1.479695,140.000000,116.117853
1.479935,140.000000,116.117878
1.480121,140.000000,116.120083
1.480276,140.000000,116.120253
1.480640,140.000000,116.131222
1.480794,140.000000,116.135027
1.481049,140.000000,116.136342
1.481331,140.000000,116.137565
1.481577,140.000000,116.138886
1.481915,140.000000,116.140157
1.482926,140.000000,116.152371
1.483364,140.000000,116.152454
1.483600,140.000000,116.160957
1.483857,140.000000,116.162237
1.484255,140.000000,116.162365
1.484579,140.000000,116.167091
1.485006,140.000000,116.172214
1.485272,140.000000,116.173510
1.485554,140.000000,116.175942
1.485751,140.000000,116.179510
1.485967,140.000000,116.180925
1.486241,140.000000,116.183133
1.486434,140.000000,116.183366
1.486707,140.000000,116.185750
1.487058,140.000000,116.185949
1.487743,140.000000,116.187005
1.488017,140.000000,116.190547
1.488185,140.000000,116.196989
1.488486,140.000000,116.200522
1.488776,140.000000,116.206813
1.489035,140.000000,116.213072
1.489236,140.000000,116.214070
1.489436,140.000000,116.214320
1.489613,140.000000,116.215494
1.489843,140.000000,116.216694
1.490285,140.000000,116.217936
1.490551,140.000000,116.220358
1.490746,140.000000,116.221459
1.490972,140.000000,116.221629
1.491890,140.000000,116.225430
1.493590,140.000000,116.230256
1.493888,140.000000,116.231462
1.494175,140.000000,116.232605
1.494468,140.000000,116.241446
1.494958,140.000000,116.242259
1.495131,140.000000,116.242589
1.495428,140.000000,116.247414
1.495638,140.000000,116.247670
1.495876,140.000000,116.253757
1.496193,140.000000,116.255786
1.496376,140.000000,116.259910
1.496605,140.000000,116.270941
1.496794,140.000000,116.271046
1.497808,140.000000,116.273405
1.498267,140.000000,116.278003
1.498452,140.000000,116.278397
1.498785,140.000000,116.282150
1.499112,140.000000,116.284534
1.499398,140.000000,116.284726
1.499776,140.000000,116.285990
1.500486,140.000000,116.287158
1.500691,140.000000,116.288317
1.500908,140.000000,116.289437
1.501106,140.000000,116.290758
1.501383,140.000000,116.290781
1.501633,140.000000,116.296838
1.501819,140.000000,116.296966
1.502142,140.000000,116.300307
1.502342,116.300307,116.300307
