Time,UB,LB
0.000000,319.120278,17.407360
0.000030,319.120278,19.259200
0.000090,319.120278,20.529536
0.000118,319.120278,21.455456
0.000150,319.120278,21.640640
0.000173,319.120278,22.566560
0.000223,319.120278,22.592512
0.000238,319.120278,23.177667
0.000275,319.120278,23.307296
0.000368,319.120278,24.418400
0.000403,319.120278,24.776416
0.000429,319.120278,24.973952
0.000446,319.120278,25.344320
0.000554,319.120278,26.120826
0.000584,319.120278,26.270240
0.000603,319.120278,26.293664
0.000616,319.120278,26.664032
0.000631,319.120278,26.825792
0.000645,319.120278,27.196160
0.000657,319.120278,27.775136
0.000676,319.120278,27.898592
0.000787,319.120278,28.002304
0.000808,319.120278,28.307264
0.000830,319.120278,28.515872
0.000858,319.120278,28.589946
0.000875,319.120278,28.918371
0.000892,319.120278,29.009696
0.000905,319.120278,29.048000
0.000936,319.120278,29.380064
0.000952,319.120278,29.824506
0.000965,319.120278,29.935616
0.000992,319.120278,30.194874
0.001182,319.120278,30.367712
0.001210,319.120278,30.714656
0.001236,319.120278,30.984992
0.001251,319.120278,31.085024
0.001284,319.120278,31.231904
0.001300,319.120278,31.305978
0.001328,319.120278,31.478816
0.001358,319.120278,31.705984
0.001395,319.120278,31.861530
0.001424,319.120278,32.034368
0.001437,319.120278,32.219552
0.001450,319.120278,32.293626
0.001482,319.120278,32.404736
0.001496,319.120278,32.589920
0.001512,319.120278,33.083744
0.001542,319.120278,33.515840
0.001832,319.120278,33.639296
0.001844,319.120278,33.701024
0.001861,319.120278,33.720864
0.001887,319.120278,33.898554
0.001911,319.120278,34.071392
0.001923,319.120278,34.256576
0.001956,319.120278,34.330650
0.001972,319.120278,34.515776
0.001993,319.120278,34.515834
0.002008,319.120278,34.577504
0.002027,319.120278,34.688672
0.002056,319.120278,34.750400
0.002069,319.120278,34.935584
0.002098,319.120278,35.009658
0.002128,319.120278,35.182496
0.002139,319.120278,35.378720
0.002153,319.120278,35.552864
0.002167,319.120278,35.565210
0.002178,319.120278,35.757888
0.002204,319.120278,35.997306
0.002216,319.120278,36.120704
0.002227,319.120278,36.189984
0.002248,319.120278,36.366368
0.002273,319.120278,36.397232
0.002287,319.120278,36.458960
0.002300,319.120278,36.520864
0.002316,319.120278,36.613280
0.002343,319.120278,36.736736
0.002359,319.120278,36.972608
0.002376,319.120278,36.983648
0.002388,319.120278,37.137968
0.002856,319.120278,37.231808
0.002871,319.120278,37.354016
0.002902,319.120278,37.404704
0.002950,319.120278,37.478778
0.002966,319.120278,37.972544
0.003007,319.120278,38.002160
0.003017,319.120278,38.219514
0.003050,319.120278,38.243008
0.003064,319.120278,38.279936
0.003074,319.120278,38.372528
0.003100,319.120278,38.392352
0.003111,319.120278,38.639264
0.003123,319.120278,38.713338
0.003134,319.120278,38.906016
0.003155,319.120278,38.989984
0.003176,319.120278,38.991056
0.003194,319.120278,39.009632
0.003208,319.120278,39.026976
0.003230,319.120278,39.145376
0.003260,319.120278,39.207104
0.003290,319.120278,39.391040
0.003304,319.120278,39.452768
0.003317,319.120278,39.720826
0.003336,319.120278,39.854000
0.003348,319.120278,39.893664
0.003367,319.120278,40.008320
0.003391,319.120278,40.070048
0.003414,319.120278,40.120736
0.003429,319.120278,40.131776
0.003445,319.120278,40.156576
0.003467,319.120278,40.193504
0.003483,319.120278,40.676288
0.003511,319.120278,40.935546
0.003527,319.120278,40.995968
0.003540,319.120278,41.026832
0.003567,319.120278,41.088560
0.003615,319.120278,41.108384
0.003644,319.120278,41.150288
0.003661,319.120278,41.182458
0.003689,319.120278,41.212016
0.003705,319.120278,41.242880
0.003716,319.120278,41.366336
0.004411,319.120278,41.706016
0.004435,319.120278,41.736704
0.004446,319.120278,41.743008
0.004462,319.120278,41.767568
0.004487,319.120278,41.789984
0.004568,319.120278,41.861408
0.004596,319.120278,41.983616
0.004606,319.120278,41.984864
0.004629,319.120278,42.231776
0.004648,319.120278,42.520826
0.004669,319.120278,42.602144
0.004700,319.120278,42.609696
0.004722,319.120278,42.693664
0.004766,319.120278,42.713312
0.004792,319.120278,42.755216
0.004802,319.120278,42.847808
0.004815,319.120278,42.872608
0.004828,319.120278,42.996064
0.004846,319.120278,43.002128
0.004856,319.120278,43.094720
0.004869,319.120278,43.145408
0.004883,319.120278,43.242976
0.004901,319.120278,43.330592
0.004916,319.120278,43.424506
0.004934,319.120278,43.620656
0.004963,319.120278,43.656576
0.004996,319.120278,43.774976
0.005007,319.120278,43.824416
0.005033,319.120278,43.836704
0.005044,319.120278,43.866320
0.005058,319.120278,44.020640
0.005082,319.120278,44.082368
0.005104,319.120278,44.113232
0.005118,319.120278,44.379968
0.005128,319.120278,44.483600
0.005151,319.120278,44.607056
0.005167,319.120278,44.637920
0.005178,319.120278,44.639226
0.005203,319.120278,44.699648
0.005213,319.120278,44.750336
0.005226,319.120278,44.761376
0.005253,319.120278,44.812064
0.005264,319.120278,44.823104
0.005290,319.120278,44.853968
0.005307,319.120278,44.886080
0.005322,319.120278,44.947808
0.005336,319.120278,45.058896
0.005378,319.120278,45.182432
0.005395,319.120278,45.299744
0.005422,319.120278,45.320826
0.005464,319.120278,45.493664
0.005518,319.120278,45.539296
0.005557,319.120278,45.587488
0.005607,319.120278,45.613376
0.005629,319.120278,45.626816
0.005651,319.120278,45.656432
0.005664,319.120278,45.688544
0.005685,319.120278,45.713344
0.005772,319.120278,45.718160
0.005782,319.120278,45.779888
0.005808,319.120278,45.841616
0.005834,319.120278,45.861440
0.005850,319.120278,45.893626
0.005869,319.120278,45.897280
0.005882,319.120278,45.959008
0.005893,319.120278,45.995936
0.005903,319.120278,46.224506
0.006988,319.120278,46.293536
0.007004,319.120278,46.372608
0.007029,319.120278,46.397168
0.007039,319.120278,46.416992
0.007051,319.120278,46.491008
0.007062,319.120278,46.496064
0.007082,319.120278,46.520704
0.007098,319.120278,46.614464
0.007126,319.120278,46.624512
0.007166,319.120278,46.638016
0.007185,319.120278,46.645328
0.007203,319.120278,46.676250
0.007221,319.120278,46.707056
0.007238,319.120278,46.742976
0.007258,319.120278,46.849088
0.007284,319.120278,46.861376
0.007312,319.120278,47.034272
0.007339,319.120278,47.107040
0.007393,319.120278,47.108346
0.007408,319.120278,47.231744
0.007419,319.120278,47.306016
0.007459,319.120278,47.477408
0.007483,319.120278,47.508272
0.007495,319.120278,47.528096
0.007508,319.120278,47.570000
0.007525,319.120278,47.625664
0.007542,319.120278,47.656528
0.007558,319.120278,47.670144
0.007580,319.120278,47.724320
0.007608,319.120278,47.847776
0.007622,319.120278,47.872576
0.007639,319.120278,47.898464
0.007652,319.120278,47.988656
0.007692,319.120278,48.091136
0.007711,319.120278,48.250256
0.007722,319.120278,48.317056
0.007735,319.120278,48.329408
0.007757,319.120278,48.342848
0.007770,319.120278,48.342906
0.007781,319.120278,48.454016
0.007805,319.120278,48.491104
0.007829,319.120278,48.495920
0.007852,319.120278,48.535584
0.007868,319.120278,48.650240
0.008015,319.120278,48.711968
0.008026,319.120278,48.713274
0.008040,319.120278,48.742832
0.008062,319.120278,48.756608
0.008086,319.120278,48.799744
0.008109,319.120278,48.866288
0.008125,319.120278,48.886112
0.008148,319.120278,49.024506
0.008202,319.120278,49.071296
0.008216,319.120278,49.113200
0.008226,319.120278,49.118256
0.008247,319.120278,49.236656
0.008274,319.120278,49.291168
0.008326,319.120278,49.354048
0.008339,319.120278,49.361360
0.008355,319.120278,49.390976
0.008366,319.120278,49.397280
0.008380,319.120278,49.452704
0.008390,319.120278,49.459008
0.008404,319.120278,49.483568
0.008438,319.120278,49.503392
0.008453,319.120278,49.515680
0.008476,319.120278,49.565120
0.008501,319.120278,49.575040
0.008590,319.120278,49.577408
0.008616,319.120278,49.639136
0.008633,319.120278,49.700864
0.008694,319.120278,49.713296
0.008715,319.120278,49.793632
0.008739,319.120278,49.824378
0.008755,319.120278,49.929344
0.008776,319.120278,49.997216
0.008801,319.120278,50.026928
0.008825,319.120278,50.102096
0.008843,319.120278,50.138016
0.008867,319.120278,50.224384
0.008895,319.120278,50.242976
0.009003,319.120278,50.247856
0.009021,319.120278,50.256416
0.009056,319.120278,50.318144
0.009086,319.120278,50.328192
0.009144,319.120278,50.372560
0.009158,319.120278,50.379930
0.009184,319.120278,50.409488
0.009194,319.120278,50.470144
0.009219,319.120278,50.471216
0.009229,319.120278,50.502080
0.009243,319.120278,50.526880
0.009257,319.120278,50.552768
0.009267,319.120278,50.563808
0.009280,319.120278,50.588608
0.009292,319.120278,50.650336
0.009308,319.120278,50.712064
0.009328,319.120278,50.737952
0.009339,319.120278,50.739267
0.009361,319.120278,50.812026
0.009386,319.120278,50.828160
0.009411,319.120278,50.868896
0.009473,319.120278,50.923136
0.009488,319.120278,51.108320
0.009503,319.120278,51.125664
0.009538,319.120278,51.156528
0.009559,319.120278,51.244064
0.009570,319.120278,51.267616
0.009591,319.120278,51.274928
0.011633,319.120278,51.313344
0.011703,319.120278,51.335584
0.011763,319.120278,51.336656
0.011797,319.120278,51.372576
0.011827,319.120278,51.461536
0.011857,319.120278,51.490976
0.011871,319.120278,51.520592
0.011885,319.120278,51.582320
0.011898,319.120278,51.602144
0.011922,319.120278,51.736640
0.011944,319.120278,51.760288
0.011981,319.120278,51.918256
0.012020,319.120278,51.991104
0.012045,319.120278,52.034240
0.012059,319.120278,52.082400
0.012075,319.120278,52.083696
0.012098,319.120278,52.107008
0.012109,319.120278,52.126880
0.012147,319.120278,52.137872
0.012169,319.120278,52.157696
0.012180,319.120278,52.172640
0.012206,319.120278,52.199600
0.012229,319.120278,52.219424
0.012247,319.120278,52.239264
0.012265,319.120278,52.261328
0.012282,319.120278,52.286128
0.012300,319.120278,52.287450
0.012323,319.120278,52.299744
0.012408,319.120278,52.323056
0.012423,319.120278,52.353920
0.012433,319.120278,52.355168
0.012446,319.120278,52.416954
0.012470,319.120278,52.460288
0.012568,319.120278,52.461536
0.012586,319.120278,52.477376
0.012610,319.120278,52.508416
0.012631,319.120278,52.589792
0.012640,319.120278,52.602080
0.012653,319.120278,52.618256
0.012790,319.120278,52.661440
0.012824,319.120278,52.742960
0.012839,319.120278,52.774976
0.012866,319.120278,52.833088
0.012902,319.120278,52.849050
0.012917,319.120278,52.854048
0.012932,319.120278,52.959008
0.012981,319.120278,52.972448
0.013005,319.120278,53.034176
0.013021,319.120278,53.034234
0.013035,319.120278,53.082464
0.013067,319.120278,53.095904
0.013097,319.120278,53.120704
0.013126,319.120278,53.125520
0.013136,319.120278,53.207072
0.013162,319.120278,53.209664
0.013185,319.120278,53.213296
0.013207,319.120278,53.268800
0.013217,319.120278,53.324474
0.013241,319.120278,53.342816
0.013258,319.120278,53.366368
0.013271,319.120278,53.372432
0.013281,319.120278,53.372608
0.013304,319.120278,53.429344
0.013336,319.120278,53.495888
0.013362,319.120278,53.497312
0.013493,319.120278,53.517027
0.013525,319.120278,53.528058
0.013551,319.120278,53.605920
0.013613,319.120278,53.613280
0.013625,319.120278,53.646656
0.013637,319.120278,53.700896
0.013647,319.120278,53.747856
0.013732,319.120278,53.804704
0.013770,319.120278,53.866256
0.013780,319.120278,53.872560
0.013794,319.120278,53.897120
0.013808,319.120278,53.983648
0.013820,319.120278,53.990960
0.013843,319.120278,54.026880
0.013866,319.120278,54.071264
0.013878,319.120278,54.083610
0.013888,319.120278,54.088608
0.013911,319.120278,54.107104
0.013928,319.120278,54.113168
0.013937,319.120278,54.114416
0.013953,319.120278,54.145280
0.013964,319.120278,54.150336
0.013982,319.120278,54.207008
0.013993,319.120278,54.212064
0.014012,319.120278,54.268736
0.014046,319.120278,54.276288
0.014061,319.120278,54.330464
0.014087,319.120278,54.342896
0.014104,319.120278,54.354016
0.014122,319.120278,54.361328
0.014178,319.120278,54.399744
0.014216,319.120278,54.476320
0.014253,319.120278,54.515706
0.014264,319.120278,54.639104
0.014276,319.120278,54.656528
0.014351,319.120278,54.708384
0.014367,319.120278,54.731696
0.014395,319.120278,54.767616
0.014424,319.120278,54.775011
0.014457,319.120278,54.860160
0.014472,319.120278,54.863904
0.014510,319.120278,54.872576
0.014570,319.120278,54.883696
0.014591,319.120278,54.884768
0.014615,319.120278,54.886016
0.014625,319.120278,54.904640
0.014658,319.120278,54.915632
0.014670,319.120278,54.947744
0.014680,319.120278,54.977360
0.014702,319.120278,55.002160
0.014713,319.120278,55.039264
0.014786,319.120278,55.099744
0.014857,319.120278,55.125616
0.014874,319.120278,55.131680
0.014918,319.120278,55.165216
0.014999,319.120278,55.193408
0.015019,319.120278,55.224272
0.015029,319.120278,55.224448
0.015048,319.120278,55.255136
0.015062,319.120278,55.279936
0.015075,319.120278,55.291130
0.015109,319.120278,55.341664
0.015123,319.120278,55.372528
0.015137,319.120278,55.409632
0.015151,319.120278,55.439200
0.015163,319.120278,55.463968
0.015204,319.120278,55.470042
0.015219,319.120278,55.502048
0.015228,319.120278,55.656368
0.015241,319.120278,55.750208
0.015253,319.120278,55.786080
0.015265,319.120278,55.786128
0.015291,319.120278,55.872416
0.015311,319.120278,55.876320
0.015386,319.120278,55.892288
0.015402,319.120278,55.893536
0.018380,319.120278,55.904528
0.018397,319.120278,55.923104
0.018427,319.120278,55.966256
0.018441,319.120278,55.983680
0.018458,319.120278,55.991130
0.018536,319.120278,55.997120
0.018550,319.120278,55.997178
0.018566,319.120278,56.055232
0.018586,319.120278,56.056480
0.018639,319.120278,56.058848
0.018659,319.120278,56.065184
0.018704,319.120278,56.145376
0.018726,319.120278,56.150192
0.018750,319.120278,56.163968
0.018815,319.120278,56.165216
0.018868,319.120278,56.207104
0.018886,319.120278,56.211920
0.018908,319.120278,56.228128
0.018947,319.120278,56.229440
0.019039,252.515046,56.229440
0.019058,252.444646,56.229440
0.019082,241.140966,56.229440
0.019109,240.256998,56.229440
0.019148,238.000166,56.229440
0.019183,237.328614,56.229440
0.019197,237.258214,56.229440
0.019294,233.253318,56.229440
0.019308,224.782918,56.229440
0.019540,218.684166,56.229440
0.019564,217.800198,56.229440
0.019599,215.543366,56.229440
0.020190,214.308806,56.229440
0.020218,211.722438,56.229440
0.020231,203.252038,56.229440
0.025067,200.452125,56.229440
0.025125,198.469405,56.229440
0.030462,197.569414,56.229440
0.030522,195.586694,56.229440
0.032249,190.809030,56.229440
0.037232,188.979325,56.229440
0.037604,187.373018,56.229440
0.037832,185.213904,56.229440
0.038178,180.062150,56.229440
0.040527,179.896710,56.229440
0.040573,176.755910,56.229440
0.048108,175.210234,56.229440
0.048231,173.184390,56.229440
0.048244,173.113990,56.229440
0.055037,170.890576,56.229440
0.056648,170.062170,56.229440
0.056756,165.384390,56.229440
0.056768,165.313990,56.229440
0.058566,162.054534,56.229440
0.059016,160.517507,56.229440
0.059035,155.565638,56.229440
0.078538,153.462170,56.229440
0.079188,152.784390,56.229440
0.079199,152.713990,56.229440
0.079269,152.662150,56.229440
0.095017,152.458333,56.229440
0.095589,151.567110,56.229440
0.095746,150.457254,56.229440
0.095787,147.316454,56.229440
0.095906,142.989456,56.229440
0.096021,138.789456,56.229440
0.097059,137.863536,56.229440
0.105506,135.892883,56.229440
0.105571,134.505309,56.229440
0.105677,133.616550,56.229440
0.106241,131.306557,56.229440
0.106305,127.675782,56.229440
0.106393,123.864816,56.229440
0.107354,122.012976,56.229440
0.222195,121.357411,56.229440
0.223113,119.505571,56.229440
0.224406,119.135984,56.229440
0.225350,117.162275,56.229440
0.299386,116.126032,56.229440
0.299514,115.292656,56.229440
0.299518,113.996707,56.229440
0.300188,112.736016,56.229440
0.300539,110.606691,56.229440
0.599168,110.606691,56.490944
0.599189,110.606691,56.520736
0.599214,110.606691,56.547856
0.599252,110.606691,56.604704
0.599272,110.606691,56.620704
0.599298,110.606691,56.713296
0.599367,110.606691,56.724416
0.599389,110.606691,56.737914
0.599405,110.606691,56.756480
0.599425,110.606691,56.782496
0.599449,110.606691,56.809632
0.599468,110.606691,56.866368
0.599486,110.606691,56.890928
0.599515,110.606691,56.913344
0.599585,110.606691,56.929344
0.599679,110.606691,56.952656
0.599694,110.606691,56.984768
0.599708,110.606691,57.008320
0.599725,110.606691,57.015632
0.599739,110.606691,57.028154
0.599793,110.606691,57.044064
0.599807,110.606691,57.070048
0.599820,110.606691,57.074992
0.599853,110.606691,57.076288
0.599896,110.606691,57.077360
0.599911,110.606691,57.113280
0.599926,110.606691,57.138016
0.599970,110.606691,57.246640
0.600011,110.606691,57.247856
0.600066,110.606691,57.291040
0.600095,110.606691,57.335546
0.600117,110.606691,57.355136
0.600133,110.606691,57.372560
0.600173,110.606691,57.424416
0.600190,110.606691,57.429296
0.600208,110.606691,57.462688
0.600242,110.606691,57.483648
0.600255,110.606691,57.496016
0.600276,110.606691,57.508384
0.600334,110.606691,57.509456
0.600351,110.606691,57.545376
0.600367,110.606691,57.545408
0.600385,110.606691,57.588608
0.600408,110.606691,57.607104
0.600429,110.606691,57.645440
0.600452,110.606691,57.663776
0.600467,110.606691,57.670112
0.600488,110.606691,57.686176
0.600526,110.606691,57.696064
0.600572,110.606691,57.712064
0.600626,110.606691,57.725504
0.600658,110.606691,57.742928
0.600698,110.606691,57.756368
0.600716,110.606691,57.818096
0.600731,110.606691,57.819520
0.600750,110.606691,57.842896
0.600768,110.606691,57.962586
0.600788,110.606691,58.088560
0.600804,110.606691,58.180000
0.600839,110.606691,58.239226
0.600856,110.606691,58.345440
0.600880,110.606691,58.366336
0.600897,110.606691,58.412064
0.600914,110.606691,58.460250
0.601002,110.606691,58.502160
0.601022,110.606691,58.517056
0.601048,110.606691,58.547776
0.601069,110.606691,58.577504
0.601097,110.606691,58.608320
0.601116,110.606691,58.609568
0.601159,110.606691,58.618304
0.601210,110.606691,58.625616
0.601231,110.606691,58.634336
0.601247,110.606691,58.650176
0.601261,110.606691,58.670048
0.601294,110.606691,58.671296
0.601309,110.606691,58.674976
0.601324,110.606691,58.711904
0.601338,110.606691,58.736704
0.601355,110.606691,58.744016
0.601370,110.606691,58.767568
0.601388,110.606691,58.779936
0.601404,110.606691,58.813296
0.601443,110.606691,58.841664
0.601460,110.606691,58.857664
0.601483,110.606691,58.872528
0.601504,110.606691,58.990928
0.601520,110.606691,59.029344
0.601559,110.606691,59.082400
0.601585,110.606691,59.113312
0.601612,110.606691,59.160208
0.601648,110.606691,59.199584
0.601671,110.606691,59.213312
0.601689,110.606691,59.234304
0.601712,110.606691,59.286128
0.601733,110.606691,59.397248
0.601756,110.606691,59.404611
0.601771,110.606691,59.418240
0.601792,110.606691,59.476288
0.601857,110.606691,59.493504
0.601875,110.606691,59.513296
0.601916,110.606691,59.533050
0.601937,110.606691,59.556480
0.602015,110.606691,59.580000
0.602038,110.606691,59.668688
0.602059,110.606691,59.694810
0.602086,110.606691,59.700858
0.602101,110.606691,59.728006
0.602120,110.606691,59.729344
0.602140,110.606691,59.730416
0.602155,110.606691,59.730592
0.602174,110.606691,59.755216
0.602192,110.606691,59.799696
0.602214,110.606691,59.852752
0.602227,110.606691,59.854048
0.602279,110.606691,59.868896
0.602293,110.606691,59.884736
0.602309,110.606691,59.977328
0.602326,110.606691,59.977504
0.602400,110.606691,60.068800
0.602434,110.606691,60.125504
0.602447,110.606691,60.135546
0.602466,110.606691,60.224416
0.602563,110.606691,60.240448
0.602599,110.606691,60.285968
0.602614,110.606691,60.308384
0.602713,110.606691,60.415760
0.602732,110.606691,60.450368
0.602768,110.606691,60.458960
0.602782,110.606691,60.463840
0.602802,110.606691,60.486176
0.602871,110.606691,60.503264
0.602887,110.606691,60.513312
0.602946,110.606691,60.523136
0.602981,110.606691,60.617024
0.603011,110.606691,60.617056
0.603030,110.606691,60.656576
0.603084,110.606691,60.686080
0.603126,110.606691,60.694784
0.603165,110.606691,60.731834
0.603202,110.606691,60.736736
0.603221,110.606691,60.747744
0.603235,110.606691,60.750176
0.603252,110.606691,60.779968
0.603284,110.606691,60.811904
0.603300,110.606691,60.853952
0.603317,110.606691,60.855296
0.603337,110.606691,60.857728
0.603373,110.606691,60.941696
0.603402,110.606691,60.950320
0.603415,110.606691,60.961440
0.603435,110.606691,60.992064
0.603449,110.606691,61.039226
0.603574,110.606691,61.076250
0.603590,110.606691,61.120544
0.603616,110.606691,61.128096
0.603633,110.606691,61.176282
0.603672,110.606691,61.212064
0.603730,110.606691,61.228096
0.603763,110.606691,61.273616
0.603773,110.606691,61.342896
0.603818,110.606691,61.349120
0.603871,110.606691,61.354016
0.603883,110.606691,61.387328
0.603900,110.606691,61.389760
0.603913,110.606691,61.389856
0.603926,110.606691,61.418304
0.603981,110.606691,61.449056
0.603993,110.606691,61.482464
0.604016,110.606691,61.495968
0.604029,110.606691,61.514464
0.604045,110.606691,61.519424
0.604067,110.606691,61.520528
0.604086,110.606691,61.523200
0.604120,110.606691,61.582256
0.604130,110.606691,61.614368
0.604142,110.606691,61.658726
0.604153,110.606691,61.666266
0.604165,110.606691,61.704592
0.604196,110.606691,61.706960
0.604207,110.606691,61.742880
0.604219,110.606691,61.761376
0.604249,110.606691,61.767616
0.604279,110.606691,61.768688
0.604299,110.606691,61.792288
0.604333,110.606691,61.804640
0.604352,110.606691,61.823104
0.604367,110.606691,61.830416
0.604384,110.606691,61.860160
0.604406,110.606691,61.866336
0.604425,110.606691,61.871296
0.604449,110.606691,61.876240
0.604485,110.606691,61.876282
0.604508,110.606691,61.942906
0.604525,110.606691,61.945408
0.604543,110.606691,61.977344
0.604557,110.606691,61.984736
0.604583,110.606691,62.002160
0.604618,110.606691,62.036634
0.604635,110.606691,62.049120
0.604691,110.606691,62.074976
0.604704,110.606691,62.120736
0.604726,110.606691,62.125616
0.604793,110.606691,62.139056
0.604808,110.606691,62.154016
0.604846,110.606691,62.163930
0.604952,110.606691,62.174976
0.604977,110.606691,62.209472
0.604989,110.606691,62.236704
0.605018,110.606691,62.246608
0.605057,110.606691,62.251456
0.605069,110.606691,62.252704
0.605090,110.606691,62.276006
0.605102,110.606691,62.293376
0.605112,110.606691,62.299712
0.605134,110.606691,62.302208
0.605152,110.606691,62.325664
0.605202,110.606691,62.329328
0.605238,110.606691,62.334240
0.605250,110.606691,62.338016
0.605266,110.606691,62.341664
0.605321,110.606691,62.345408
0.605341,110.606691,62.355104
0.605365,110.606691,62.372528
0.605424,110.606691,62.373728
0.605438,110.606691,62.385968
0.605449,110.606691,62.388506
0.605469,110.606691,62.447696
0.605480,110.606691,62.487392
0.605519,110.606691,62.491011
0.605536,110.606691,62.505766
0.605552,110.606691,62.561344
0.605567,110.606691,62.579904
0.605584,110.606691,62.599696
0.605624,110.606691,62.650336
0.605652,110.606691,62.657728
0.605679,110.606691,62.693536
0.605700,110.606691,62.713344
0.605749,110.606691,62.741638
0.605770,110.606691,62.765146
0.605791,110.606691,62.786080
0.605805,110.606691,62.816992
0.605829,110.606691,62.823152
0.605843,110.606691,62.841616
0.605859,110.606691,62.846560
0.605871,110.606691,62.891168
0.605899,110.606691,62.928090
0.605920,110.606691,62.937984
0.605936,110.606691,62.940448
0.605951,110.606691,62.973696
0.605976,110.606691,62.991056
0.606003,110.606691,63.000896
0.606022,110.606691,63.018208
0.606040,110.606691,63.031856
0.606102,110.606691,63.039200
0.606130,110.606691,63.070080
0.606149,110.606691,63.074976
0.606171,110.606691,63.086144
0.606274,110.606691,63.100928
0.606287,110.606691,63.121920
0.606298,110.606691,63.125456
0.606312,110.606691,63.162656
0.606332,110.606691,63.168896
0.606353,110.606691,63.179968
0.606396,110.606691,63.207104
0.606479,110.606691,63.228128
0.606491,110.606691,63.236730
0.606505,110.606691,63.237920
0.606523,110.606691,63.239168
0.606558,110.606691,63.241600
0.606570,110.606691,63.249088
0.606605,110.606691,63.255216
0.606633,110.606691,63.279776
0.606658,110.606691,63.300896
0.606672,110.606691,63.320576
0.606690,110.606691,63.341504
0.606751,110.606691,63.372368
0.606765,110.606691,63.372608
0.606796,110.606691,63.373616
0.606806,110.606691,63.377344
0.606828,110.606691,63.409568
0.606848,110.606691,63.431686
0.606860,110.606691,63.434272
0.606954,110.606691,63.442896
0.607001,110.606691,63.502128
0.607015,110.606691,63.518106
0.607035,110.606691,63.520736
0.607059,110.606691,63.577296
0.607069,110.606691,63.609536
0.607093,110.606691,63.620528
0.607102,110.606691,63.676288
0.607126,110.606691,63.772480
0.607158,110.606691,63.781184
0.607196,110.606691,63.805824
0.607223,110.606691,63.818144
0.607238,110.606691,63.831792
0.607257,110.606691,63.839226
0.607360,110.606691,63.844038
0.607380,110.606691,63.863904
0.607424,110.606691,63.895872
0.607438,110.606691,63.928096
0.607473,110.606691,63.928192
0.607502,110.606691,63.941600
0.607533,110.606691,63.944128
0.607632,110.606691,64.012064
0.607734,110.606691,64.026848
0.607769,110.606691,64.034211
0.607782,110.606691,64.044064
0.607805,110.606691,64.047840
0.607838,110.606691,64.061312
0.607857,110.606691,64.103296
0.608008,110.606691,64.119440
0.608044,110.606691,64.123104
0.608069,110.606691,64.131776
0.608090,110.606691,64.142896
0.608125,110.606691,64.154048
0.608161,110.606691,64.162650
0.608193,110.606691,64.186080
0.608215,110.606691,64.189856
0.608259,110.606691,64.216992
0.608289,110.606691,64.231744
0.608316,110.606691,64.247744
0.608332,110.606691,64.256432
0.608349,110.606691,64.271328
0.887994,110.606691,64.274976
0.888018,110.606691,64.298288
0.888033,110.606691,64.336704
0.888054,110.606691,64.360016
0.888068,110.606691,64.386138
0.888089,110.606691,64.412026
0.888104,110.606691,64.413184
0.888126,110.606691,64.429296
0.888224,110.606691,64.483648
0.888241,110.606691,64.557632
0.888261,110.606691,64.561408
0.888277,110.606691,64.587328
0.888297,110.606691,64.607104
0.888333,110.606691,64.637968
0.888358,110.606691,64.661440
0.888383,110.606691,64.662592
0.888401,110.606691,64.668768
0.888419,110.606691,64.698400
0.888455,110.606691,64.713312
0.888487,110.606691,64.730528
0.888508,110.606691,64.742906
0.888543,110.606691,64.757472
0.888560,110.606691,64.773728
0.888576,110.606691,64.790992
0.888596,110.606691,64.821792
0.888614,110.606691,64.854016
0.888709,110.606691,64.870048
0.888747,110.606691,64.879962
0.888788,110.606691,64.914464
0.888809,110.606691,64.918304
0.888869,110.606691,64.962640
0.888909,110.606691,65.014464
0.888976,110.606691,65.045360
0.889011,110.606691,65.054048
0.889027,110.606691,65.066112
0.889041,110.606691,65.088560
0.889074,110.606691,65.118086
0.889094,110.606691,65.132864
0.889108,110.606691,65.156416
0.889124,110.606691,65.173664
0.889143,110.606691,65.212016
0.889162,110.606691,65.240416
0.889199,110.606691,65.261376
0.889218,110.606691,65.283526
0.889234,110.606691,65.323136
0.889273,110.606691,65.412064
0.889318,110.606691,65.430528
0.889341,110.606691,65.472544
0.889369,110.606691,65.476250
0.889387,110.606691,65.493536
0.889406,110.606691,65.531808
0.889432,110.606691,65.545338
0.889449,110.606691,65.571296
0.889497,110.606691,65.577504
0.889519,110.606691,65.621664
0.889536,110.606691,65.641648
0.889571,110.606691,65.649088
0.889601,110.606691,65.687280
0.889618,110.606691,65.691168
0.889635,110.606691,65.694752
0.889655,110.606691,65.719424
0.889671,110.606691,65.723107
0.889690,110.606691,65.730528
0.889704,110.606691,65.745360
0.889741,110.606691,65.783546
0.889766,110.606691,65.791008
0.889785,110.606691,65.812000
0.889806,110.606691,65.816960
0.889837,110.606691,65.817027
0.889857,110.606691,65.824416
0.889927,110.606691,65.831856
0.889985,110.606691,65.841600
0.889999,110.606691,65.857696
0.890032,110.606691,65.886051
0.890052,110.606691,65.896016
0.890074,110.606691,65.905920
0.890099,110.606691,65.940416
0.890117,110.606691,65.961408
0.890138,110.606691,65.965120
0.890160,110.606691,65.979686
0.890176,110.606691,66.005888
0.890248,110.606691,66.020608
0.890272,110.606691,66.034256
0.890287,110.606691,66.044006
0.890302,110.606691,66.049088
0.890321,110.606691,66.060288
0.890344,110.606691,66.076218
0.890360,110.606691,66.111802
0.890379,110.606691,66.112064
0.890422,110.606691,66.191072
0.890459,110.606691,66.224378
0.890481,110.606691,66.236768
0.890498,110.606691,66.250304
0.890509,110.606691,66.288326
0.890525,110.606691,66.295866
0.890540,110.606691,66.303264
0.890552,110.606691,66.308346
0.890607,110.606691,66.334208
0.890630,110.606691,66.368736
0.890655,110.606691,66.371136
0.890666,110.606691,66.387296
0.890683,110.606691,66.398432
0.890707,110.606691,66.434240
0.890722,110.606691,66.445318
0.890741,110.606691,66.471248
0.890763,110.606691,66.529296
0.890802,110.606691,66.557696
0.890823,110.606691,66.561440
0.890839,110.606691,66.582336
0.890859,110.606691,66.589731
0.890874,110.606691,66.600922
0.890893,110.606691,66.616986
0.890929,110.606691,66.621798
0.890947,110.606691,66.623168
0.890980,110.606691,66.624384
0.891006,110.606691,66.644096
0.891024,110.606691,66.658976
0.891043,110.606691,66.678624
0.891062,110.606691,66.687296
0.891079,110.606691,66.713264
0.891099,110.606691,66.716864
0.891123,110.606691,66.728192
0.891145,110.606691,66.755216
0.891163,110.606691,66.779930
0.891324,110.606691,66.783552
0.891343,110.606691,66.814368
0.891367,110.606691,66.851418
0.891385,110.606691,66.876208
0.891417,110.606691,66.881056
0.891433,110.606691,66.929312
0.891454,110.606691,66.940410
0.891475,110.606691,66.958928
0.891494,110.606691,66.990976
0.891517,110.606691,66.991008
0.891531,110.606691,66.993456
0.891548,110.606691,67.002128
0.891592,110.606691,67.014320
0.891605,110.606691,67.074944
0.891629,110.606691,67.088544
0.891656,110.606691,67.094720
0.891672,110.606691,67.109520
0.891690,110.606691,67.120611
0.891754,110.606691,67.135424
0.891776,110.606691,67.137952
0.891791,110.606691,67.176224
0.891835,110.606691,67.184928
0.891856,110.606691,67.186112
0.891877,110.606691,67.209504
0.891895,110.606691,67.229296
0.891972,110.606691,67.239104
0.891992,110.606691,67.240448
0.892013,110.606691,67.242976
0.892062,110.606691,67.250240
0.892079,110.606691,67.261232
0.892101,110.606691,67.276064
0.892115,110.606691,67.279936
0.892138,110.606691,67.287328
0.892162,110.606691,67.322960
0.892174,110.606691,67.354000
0.892191,110.606691,67.379968
0.892213,110.606691,67.394746
0.892235,110.606691,67.395872
0.892257,110.606691,67.402016
0.892277,110.606691,67.426816
0.892302,110.606691,67.436608
0.892320,110.606691,67.508320
0.892351,110.606691,67.535472
0.892373,110.606691,67.542906
0.892494,110.606691,67.557690
0.892528,110.606691,67.568832
0.892547,110.606691,67.570048
0.892571,110.606691,67.576208
0.892593,110.606691,67.592154
0.892609,110.606691,67.600848
0.892625,110.606691,67.618150
0.892637,110.606691,67.620656
0.892660,110.606691,67.627936
0.892736,110.606691,67.642784
0.892848,110.606691,67.647808
0.892863,110.606691,67.693504
0.892883,110.606691,67.702096
0.892910,110.606691,67.704576
0.892928,110.606691,67.731744
0.892951,110.606691,67.747744
0.892975,110.606691,67.792256
0.892996,110.606691,67.808224
0.893015,110.606691,67.836704
0.893038,110.606691,67.867520
0.893058,110.606691,67.895846
0.893071,110.606691,67.928006
0.893096,110.606691,67.928058
0.893115,110.606691,67.930496
0.893173,110.606691,67.944026
0.893191,110.606691,67.956448
0.893228,110.606691,68.005766
0.893248,110.606691,68.039168
0.893283,110.606691,68.042912
0.893325,110.606691,68.083584
0.893388,110.606691,68.086112
0.893401,110.606691,68.089818
0.893415,110.606691,68.125664
0.893454,110.606691,68.146560
0.893475,110.606691,68.150336
0.893516,110.606691,68.194736
0.893556,110.606691,68.239136
0.893571,110.606691,68.261312
0.893584,110.606691,68.261370
0.893602,110.606691,68.265024
0.893615,110.606691,68.293536
0.893652,110.606691,68.297158
0.893670,110.606691,68.313344
0.893696,110.606691,68.321792
0.893710,110.606691,68.357680
0.893743,110.606691,68.365056
0.893760,110.606691,68.365120
0.893775,110.606691,68.366272
0.893788,110.606691,68.387296
0.893803,110.606691,68.410784
0.893839,110.606691,68.416992
0.893851,110.606691,68.434208
0.893864,110.606691,68.435424
0.893887,110.606691,68.439139
0.893904,110.606691,68.461152
0.893924,110.606691,68.461392
0.893941,110.606691,68.468672
0.893955,110.606691,68.483600
0.893999,110.606691,68.493504
0.894020,110.606691,68.498278
0.894035,110.606691,68.500867
0.894047,110.606691,68.508288
0.894057,110.606691,68.528032
0.894082,110.606691,68.529216
0.894100,110.606691,68.557696
0.894113,110.606691,68.568768
0.894124,110.606691,68.573728
0.894153,110.606691,68.583642
0.894165,110.606691,68.589760
0.894176,110.606691,68.618086
0.894217,110.606691,68.631680
0.894235,110.606691,68.634016
0.894246,110.606691,68.635456
0.894279,110.606691,68.654019
0.894299,110.606691,68.656448
0.894315,110.606691,68.657696
0.894356,110.606691,68.660192
0.894377,110.606691,68.663811
0.894388,110.606691,68.666320
0.894400,110.606691,68.677440
0.894416,110.606691,68.699648
0.894438,110.606691,68.720704
0.894474,110.606691,68.739168
0.894495,110.606691,68.749040
0.894507,110.606691,68.750256
0.894525,110.606691,68.757536
0.894537,110.606691,68.757728
0.894550,110.606691,68.761408
0.894580,110.606691,68.783648
0.894594,110.606691,68.792250
0.894610,110.606691,68.807104
0.894699,110.606691,68.810768
0.894718,110.606691,68.853968
0.894737,110.606691,68.853978
0.894770,110.606691,68.860288
0.894795,110.606691,68.876096
0.894811,110.606691,68.886032
0.894825,110.606691,68.896960
0.894841,110.606691,68.927888
0.894851,110.606691,68.944096
0.894863,110.606691,68.945152
0.894878,110.606691,68.952736
0.894898,110.606691,68.953926
0.894914,110.606691,68.954976
0.894926,110.606691,68.982336
0.894954,110.606691,68.983552
0.894979,110.606691,68.988512
0.894996,110.606691,68.989616
0.895006,110.606691,69.024378
0.895029,110.606691,69.026816
0.895042,110.606691,69.028064
0.895056,110.606691,69.058896
0.895154,110.606691,69.084832
0.895173,110.606691,69.134013
0.895189,110.606691,69.134208
0.895204,110.606691,69.151456
0.895226,110.606691,69.165056
0.895238,110.606691,69.174976
0.895267,110.606691,69.187280
0.895284,110.606691,69.188544
0.895297,110.606691,69.197216
0.895347,110.606691,69.199600
0.895358,110.606691,69.212000
0.895376,110.606691,69.216928
0.895390,110.606691,69.235488
0.895403,110.606691,69.236704
0.895430,110.606691,69.249018
0.895443,110.606691,69.262566
0.895460,110.606691,69.267568
0.895541,110.606691,69.274976
0.895562,110.606691,69.277408
0.895576,110.606691,69.298368
0.895591,110.606691,69.299744
0.895635,110.606691,69.303354
0.895648,110.606691,69.331856
0.895681,110.606691,69.339200
0.895722,110.606691,69.340384
0.895743,110.606691,69.345328
0.895773,110.606691,69.352768
0.895785,110.606691,69.360128
0.895800,110.606691,69.375008
0.895818,110.606691,69.398432
0.895830,110.606691,69.399558
0.895847,110.606691,69.400928
0.895859,110.606691,69.403328
0.895883,110.606691,69.421824
0.895901,110.606691,69.423104
0.895913,110.606691,69.436480
0.895925,110.606691,69.449040
0.895936,110.606691,69.471258
0.895953,110.606691,69.483616
0.895992,110.606691,69.487226
0.896005,110.606691,69.500704
0.896018,110.606691,69.526784
0.896036,110.606691,69.528096
0.896084,110.606691,69.544006
0.896099,110.606691,69.544064
0.896111,110.606691,69.561376
0.896127,110.606691,69.564928
0.896139,110.606691,69.579930
0.896163,110.606691,69.592240
0.896198,110.606691,69.618256
0.896330,110.606691,69.619392
0.896354,110.606691,69.636576
0.896369,110.606691,69.644064
0.896383,110.606691,69.645344
0.896394,110.606691,69.653968
0.896428,110.606691,69.668800
0.896442,110.606691,69.674960
0.896457,110.606691,69.679738
0.896469,110.606691,69.707072
0.896492,110.606691,69.709568
0.896506,110.606691,69.713312
0.896524,110.606691,69.718160
0.896587,110.606691,69.724288
0.896601,110.606691,69.737936
0.896612,110.606691,69.752768
0.896640,110.606691,69.771216
0.896651,110.606691,69.782336
0.896671,110.606691,69.815482
0.896683,110.606691,69.825616
0.896718,110.606691,69.831744
0.896741,110.606691,69.841616
0.896782,110.606691,69.849088
0.896803,110.606691,69.853894
0.896819,110.606691,69.866304
0.896831,110.606691,69.870016
0.896858,110.606691,69.882448
0.896879,110.606691,69.890976
0.896891,110.606691,69.897312
0.896912,110.606691,69.898371
0.896926,110.606691,69.928058
0.896938,110.606691,69.952736
0.896953,110.606691,69.956416
0.896966,110.606691,69.987264
0.896982,110.606691,70.000848
0.896996,110.606691,70.012026
0.897081,110.606691,70.018208
0.897093,110.606691,70.028000
0.897103,110.606691,70.040384
0.897121,110.606691,70.041664
0.897163,110.606691,70.046624
0.897191,110.606691,70.059933
0.897204,110.606691,70.060128
0.897221,110.606691,70.072416
0.897234,110.606691,70.079936
0.897251,110.606691,70.099616
0.897264,110.606691,70.102112
0.897276,110.606691,70.102144
0.897322,110.606691,70.113152
0.897335,110.606691,70.142848
0.897351,110.606691,70.154010
0.897373,110.606691,70.161408
0.897412,110.606691,70.166246
0.897426,110.606691,70.174938
0.897440,110.606691,70.207104
0.897490,110.606691,70.210726
0.897518,110.606691,70.218112
0.897530,110.606691,70.263936
0.897556,110.606691,70.265120
0.897567,110.606691,70.271248
0.897595,110.606691,70.312992
0.897605,110.606691,70.316880
0.897617,110.606691,70.320666
0.897628,110.606691,70.324352
0.897643,110.606691,70.325478
0.897652,110.606691,70.326848
0.897678,110.606691,70.328064
0.897721,110.606691,70.349024
0.897735,110.606691,70.352707
0.897754,110.606691,70.355216
0.897814,110.606691,70.360128
0.897825,110.606691,70.362656
0.897836,110.606691,70.374960
0.897852,110.606691,70.400672
0.897864,110.606691,70.409504
0.897887,110.606691,70.412032
0.897901,110.606691,70.416944
0.897911,110.606691,70.420544
0.897923,110.606691,70.420608
0.897938,110.606691,70.436656
0.897975,110.606691,70.440336
0.897990,110.606691,70.441600
0.898026,110.606691,70.446560
0.898049,110.606691,70.450304
0.898069,110.606691,70.454016
0.898092,110.606691,70.469984
0.898106,110.606691,70.483610
0.898119,110.606691,70.485856
0.898130,110.606691,70.486016
0.898146,110.606691,70.498176
0.898157,110.606691,70.515651
0.898172,110.606691,70.525616
0.898223,110.606691,70.555098
0.898241,110.606691,70.571264
0.898259,110.606691,70.594656
0.898279,110.606691,70.621632
0.898297,110.606691,70.655040
0.898329,110.606691,70.663856
0.898344,110.606691,70.672416
0.898363,110.606691,70.691043
0.898455,110.606691,70.741664
0.898486,110.606691,70.742976
0.898538,110.606691,70.778624
0.898558,110.606691,70.800848
0.898573,110.606691,70.802144
0.898589,110.606691,70.813200
0.898600,110.606691,70.820672
0.898625,110.606691,70.866368
0.898642,110.606691,70.879904
0.898673,110.606691,70.886112
0.898691,110.606691,70.905792
0.898727,110.606691,70.916954
0.898750,110.606691,70.944128
0.898769,110.606691,70.963808
0.898783,110.606691,70.974928
0.898797,110.606691,70.979744
0.898808,110.606691,70.983616
0.898821,110.606691,70.991008
0.898842,110.606691,71.016896
0.898855,110.606691,71.022976
0.898869,110.606691,71.028032
0.898888,110.606691,71.042848
0.898903,110.606691,71.053904
0.898920,110.606691,71.066272
0.898945,110.606691,71.074918
0.898955,110.606691,71.098426
0.898968,110.606691,71.099552
0.898978,110.606691,71.100848
0.899004,110.606691,71.105696
0.899013,110.606691,71.130496
0.899035,110.606691,71.135456
0.899058,110.606691,71.140288
0.899071,110.606691,71.158896
0.899110,110.606691,71.177184
0.899120,110.606691,71.179840
0.899131,110.606691,71.187296
1.038622,110.606691,71.188544
1.038652,110.606691,71.210720
1.038667,110.606691,71.226842
1.038685,110.606691,71.295834
1.038713,110.606691,71.321830
1.038730,110.606691,71.323200
1.038756,110.606691,71.339066
1.038773,110.606691,71.342864
1.038792,110.606691,71.351488
1.038827,110.606691,71.352544
1.038841,110.606691,71.394656
1.038859,110.606691,71.405776
1.038880,110.606691,71.444096
1.038906,110.606691,71.455200
1.038926,110.606691,71.473696
1.038948,110.606691,71.476064
1.038970,110.606691,71.565120
1.038996,110.606691,71.565216
1.039071,110.606691,71.570010
1.039087,110.606691,71.576128
1.039107,110.606691,71.583584
1.039131,110.606691,71.584864
1.039149,110.606691,71.598336
1.039165,110.606691,71.598480
1.039185,110.606691,71.603328
1.039204,110.606691,71.616954
1.039218,110.606691,71.623056
1.039236,110.606691,71.631686
1.039260,110.606691,71.647706
1.039278,110.606691,71.653856
1.039291,110.606691,71.668768
1.039306,110.606691,71.704608
1.039324,110.606691,71.709446
1.039340,110.606691,71.718144
1.039366,110.606691,71.742848
1.039381,110.606691,71.744064
1.039396,110.606691,71.746592
1.039427,110.606691,71.787264
1.039453,110.606691,71.789792
1.039464,110.606691,71.805824
1.039499,110.606691,71.813344
1.039531,110.606691,71.821792
1.039550,110.606691,71.824378
1.039567,110.606691,71.847808
1.039588,110.606691,71.858896
1.039619,110.606691,71.872576
1.039665,110.606691,71.889728
1.039683,110.606691,71.889792
1.039700,110.606691,71.909536
1.039720,110.606691,71.911773
1.039730,110.606691,71.924256
1.039748,110.606691,71.936614
1.039764,110.606691,71.947846
1.039806,110.606691,71.958848
1.039826,110.606691,71.977408
1.039843,110.606691,71.979968
1.039864,110.606691,71.983600
1.039876,110.606691,71.990976
1.039894,110.606691,71.997216
1.039955,110.606691,72.000838
1.039971,110.606691,72.021760
1.039986,110.606691,72.024346
1.040001,110.606691,72.052736
1.040038,110.606691,72.061360
1.040053,110.606691,72.099744
1.040076,110.606691,72.107056
1.040092,110.606691,72.134144
1.040110,110.606691,72.165008
1.040132,110.606691,72.177344
1.040154,110.606691,72.187290
1.040171,110.606691,72.190912
1.040190,110.606691,72.190960
1.040203,110.606691,72.198432
1.040218,110.606691,72.199648
1.040234,110.606691,72.232896
1.040257,110.606691,72.245213
1.040282,110.606691,72.250256
1.040355,110.606691,72.261376
1.040375,110.606691,72.276320
1.040403,110.606691,72.277408
1.040415,110.606691,72.288486
1.040437,110.606691,72.323104
1.040464,110.606691,72.323200
1.040481,110.606691,72.335424
1.040498,110.606691,72.339072
1.040511,110.606691,72.339136
1.040526,110.606691,72.357699
1.040542,110.606691,72.365024
1.040557,110.606691,72.370000
1.040591,110.606691,72.371206
1.040606,110.606691,72.378592
1.040624,110.606691,72.391130
1.040647,110.606691,72.406938
1.040660,110.606691,72.407072
1.040676,110.606691,72.473648
1.040696,110.606691,72.476134
1.040707,110.606691,72.487328
1.040721,110.606691,72.509504
1.040738,110.606691,72.520634
1.040750,110.606691,72.546496
1.040769,110.606691,72.557658
1.040787,110.606691,72.565120
1.040811,110.606691,72.565216
1.040828,110.606691,72.572448
1.040844,110.606691,72.586048
1.040875,110.606691,72.593504
1.040896,110.606691,72.631654
1.040914,110.606691,72.647712
1.040932,110.606691,72.657606
1.040948,110.606691,72.668768
1.040964,110.606691,72.673664
1.040981,110.606691,72.690944
1.040996,110.606691,72.698278
1.041016,110.606691,72.702096
1.041033,110.606691,72.728058
1.041052,110.606691,72.731744
1.041065,110.606691,72.734240
1.041078,110.606691,72.756416
1.041098,110.606691,72.776160
1.041116,110.606691,72.779936
1.041137,110.606691,72.784774
1.041174,110.606691,72.799744
1.041355,110.606691,72.824336
1.041391,110.606691,72.831584
1.041402,110.606691,72.855136
1.041425,110.606691,72.861318
1.041443,110.606691,72.876288
1.041471,110.606691,72.890912
1.041487,110.606691,72.890970
1.041501,110.606691,72.900896
1.041518,110.606691,72.903328
1.041532,110.606691,72.918144
1.041565,110.606691,72.956416
1.041585,110.606691,72.957536
1.041603,110.606691,72.987280
1.041634,110.606691,72.992128
1.041659,110.606691,72.995920
1.041677,110.606691,73.071248
1.041723,110.606691,73.090992
1.041741,110.606691,73.093338
1.041757,110.606691,73.103238
1.041775,110.606691,73.116880
1.041793,110.606691,73.118256
1.041937,110.606691,73.125536
1.041958,110.606691,73.130333
1.041980,110.606691,73.146528
1.041999,110.606691,73.157616
1.042016,110.606691,73.157632
1.042034,110.606691,73.183456
1.042049,110.606691,73.195968
1.042065,110.606691,73.214384
1.042082,110.606691,73.230496
1.042108,110.606691,73.236656
1.042141,110.606691,73.247808
1.042164,110.606691,73.261338
1.042181,110.606691,73.265056
1.042212,110.606691,73.284832
1.042241,110.606691,73.287296
1.042371,110.606691,73.293504
1.042414,110.606691,73.309536
1.042430,110.606691,73.313344
1.042461,110.606691,73.356358
1.042484,110.606691,73.357648
1.042511,110.606691,73.368768
1.042528,110.606691,73.410752
1.042561,110.606691,73.413126
1.042578,110.606691,73.428154
1.042598,110.606691,73.432800
1.042614,110.606691,73.435424
1.042626,110.606691,73.436704
1.042655,110.606691,73.439107
1.042671,110.606691,73.440368
1.042686,110.606691,73.452704
1.042712,110.606691,73.459008
1.042742,110.606691,73.461286
1.042755,110.606691,73.461360
1.042770,110.606691,73.483578
1.042786,110.606691,73.498368
1.042798,110.606691,73.528000
1.042816,110.606691,73.545328
1.042836,110.606691,73.547856
1.042858,110.606691,73.561286
1.042873,110.606691,73.576064
1.042885,110.606691,73.582336
1.042911,110.606691,73.602144
1.042948,110.606691,73.612016
1.042981,110.606691,73.620704
1.043033,110.606691,73.657664
1.043047,110.606691,73.661216
1.043068,110.606691,73.713296
1.043116,110.606691,73.715706
1.043138,110.606691,73.750256
1.043158,110.606691,73.758816
1.043174,110.606691,73.761376
1.043194,110.606691,73.783616
1.043213,110.606691,73.802208
1.043230,110.606691,73.816880
1.043244,110.606691,73.846528
1.043261,110.606691,73.869926
1.043279,110.606691,73.897168
1.043301,110.606691,73.914406
1.043321,110.606691,73.921792
1.043337,110.606691,73.921840
1.043352,110.606691,73.929344
1.043402,110.606691,73.940336
1.043422,110.606691,73.965056
1.043493,110.606691,73.966304
1.043507,110.606691,73.974928
1.043522,110.606691,74.053798
1.043538,110.606691,74.097094
1.043555,110.606691,74.108160
1.043576,110.606691,74.114432
1.043595,110.606691,74.116826
1.043611,110.606691,74.144048
1.043632,110.606691,74.153984
1.043648,110.606691,74.156384
1.043662,110.606691,74.187200
1.043678,110.606691,74.208256
1.043706,110.606691,74.215712
1.043725,110.606691,74.247856
1.043785,110.606691,74.248992
1.043801,110.606691,74.283568
1.043834,110.606691,74.320486
1.043853,110.606691,74.336672
1.043874,110.606691,74.394723
1.043897,110.606691,74.411936
1.043911,110.606691,74.416954
1.043931,110.606691,74.420640
1.043955,110.606691,74.429264
1.043974,110.606691,74.434170
1.043991,110.606691,74.455216
1.044027,110.606691,74.471216
1.044101,110.606691,74.483552
1.044154,110.606691,74.539072
1.044178,110.606691,74.544032
1.044193,110.606691,74.588608
1.044222,110.606691,74.608256
1.044236,110.606691,74.609472
1.044277,110.606691,74.634272
1.044317,110.606691,74.645280
1.044331,110.606691,74.669984
1.044357,110.606691,74.674880
1.044382,110.606691,74.679840
1.044403,110.606691,74.707008
1.044419,110.606691,74.731744
1.044445,110.606691,74.757690
1.044462,110.606691,74.767293
1.044485,110.606691,74.799520
1.044501,110.606691,74.806816
1.044517,110.606691,74.818086
1.044537,110.606691,74.820646
1.044561,110.606691,74.826819
1.044582,110.606691,74.836704
1.044628,110.606691,74.839136
1.044644,110.606691,74.852672
1.044663,110.606691,74.871296
1.044683,110.606691,74.895904
1.044703,110.606691,74.913152
1.044724,110.606691,74.914400
1.044739,110.606691,74.918112
1.044763,110.606691,74.925632
1.044787,110.606691,74.930522
1.044800,110.606691,74.974944
1.044822,110.606691,74.977408
1.044836,110.606691,74.984816
1.044851,110.606691,74.995936
1.044871,110.606691,74.999514
1.044881,110.606691,75.021824
1.044905,110.606691,75.026778
1.044922,110.606691,75.042746
1.044940,110.606691,75.055168
1.044966,110.606691,75.066256
1.044996,110.606691,75.098336
1.045014,110.606691,75.110746
1.045037,110.606691,75.113184
1.045050,110.606691,75.134170
1.045072,110.606691,75.134176
1.045137,110.606691,75.139104
1.045151,110.606691,75.155216
1.045168,110.606691,75.156528
1.045217,110.606691,75.158880
1.045228,110.606691,75.179744
1.045241,110.606691,75.184698
1.045253,110.606691,75.192096
1.045265,110.606691,75.200864
1.045277,110.606691,75.204544
1.045300,110.606691,75.224320
1.045328,110.606691,75.231696
1.045360,110.606691,75.231776
1.045395,110.606691,75.235450
1.045413,110.606691,75.242848
1.045436,110.606691,75.265088
1.045447,110.606691,75.268800
1.045458,110.606691,75.268896
1.045472,110.606691,75.273690
1.045499,110.606691,75.279808
1.045519,110.606691,75.284832
1.045533,110.606691,75.287264
1.045547,110.606691,75.307008
1.045559,110.606691,75.307104
1.045596,110.606691,75.320634
1.045607,110.606691,75.336656
1.045637,110.606691,75.342886
1.045664,110.606691,75.351386
1.045673,110.606691,75.372576
1.045757,110.606691,75.384768
1.045771,110.606691,75.386016
1.045789,110.606691,75.395878
1.045803,110.606691,75.408096
1.045821,110.606691,75.408288
1.045832,110.606691,75.409414
1.045844,110.606691,75.423066
1.045861,110.606691,75.426592
1.045873,110.606691,75.430448
1.045898,110.606691,75.447744
1.045923,110.606691,75.479824
1.045945,110.606691,75.495968
1.045958,110.606691,75.509504
1.045972,110.606691,75.518144
1.045990,110.606691,75.528058
1.046008,110.606691,75.529184
1.046023,110.606691,75.551488
1.046036,110.606691,75.593408
1.046071,110.606691,75.593472
1.046083,110.606691,75.597184
1.046102,110.606691,75.599744
1.046124,110.606691,75.627936
1.046142,110.606691,75.631680
1.046158,110.606691,75.655136
1.046171,110.606691,75.656416
1.046188,110.606691,75.661254
1.046201,110.606691,75.662528
1.046212,110.606691,75.672448
1.046224,110.606691,75.673504
1.046240,110.606691,75.678624
1.046259,110.606691,75.693213
1.046271,110.606691,75.700896
1.046298,110.606691,75.704518
1.046315,110.606691,75.705766
1.046340,110.606691,75.721754
1.046359,110.606691,75.756416
1.046396,110.606691,75.765040
1.046408,110.606691,75.766246
1.046422,110.606691,75.766256
1.046458,110.606691,75.769888
1.046474,110.606691,75.772198
1.046486,110.606691,75.818144
1.046501,110.606691,75.839072
1.046517,110.606691,75.862560
1.046535,110.606691,75.866336
1.046554,110.606691,75.867456
1.046564,110.606691,75.868688
1.046592,110.606691,75.876288
1.046613,110.606691,75.880998
1.046644,110.606691,75.881056
1.046665,110.606691,75.884768
1.046751,110.606691,75.887248
1.046771,110.606691,75.894592
1.046785,110.606691,75.936576
1.046808,110.606691,75.937914
1.046828,110.606691,75.941600
1.046846,110.606691,75.951430
1.046862,110.606691,75.957616
1.046932,110.606691,75.965024
1.047062,110.606691,75.977370
1.047093,110.606691,75.980000
1.047107,110.606691,75.993456
1.047128,110.606691,76.024256
1.047152,110.606691,76.029344
1.047176,110.606691,76.030438
1.047195,110.606691,76.035376
1.047207,110.606691,76.042752
1.047221,110.606691,76.042816
1.047258,110.606691,76.065056
1.047284,110.606691,76.068704
1.047297,110.606691,76.073680
1.047310,110.606691,76.073696
1.047329,110.606691,76.074886
1.047367,110.606691,76.080838
1.047381,110.606691,76.082272
1.047393,110.606691,76.084800
1.047410,110.606691,76.094810
1.047425,110.606691,76.103296
1.047437,110.606691,76.110752
1.047489,110.606691,76.135366
1.047511,110.606691,76.142566
1.047523,110.606691,76.156400
1.047541,110.606691,76.177328
1.047559,110.606691,76.177392
1.047574,110.606691,76.179814
1.047587,110.606691,76.191008
1.047600,110.606691,76.199600
1.047625,110.606691,76.199610
1.047638,110.606691,76.214464
1.047687,110.606691,76.227936
1.047700,110.606691,76.232733
1.047714,110.606691,76.244016
1.047732,110.606691,76.250176
1.047766,110.606691,76.261286
1.047787,110.606691,76.261338
1.047797,110.606691,76.261360
1.047819,110.606691,76.268800
1.047831,110.606691,76.268896
1.047845,110.606691,76.286128
1.047869,110.606691,76.298368
1.047892,110.606691,76.322976
1.047916,110.606691,76.334016
1.047928,110.606691,76.334144
1.047944,110.606691,76.335334
1.047955,110.606691,76.339046
1.047967,110.606691,76.361286
1.047984,110.606691,76.376192
1.048001,110.606691,76.394624
1.048020,110.606691,76.401958
1.048031,110.606691,76.404528
1.048047,110.606691,76.416864
1.048059,110.606691,76.421824
1.048075,110.606691,76.426758
1.048097,110.606691,76.431738
1.048109,110.606691,76.434176
1.048127,110.606691,76.435424
1.048138,110.606691,76.438976
1.048158,110.606691,76.451206
1.048172,110.606691,76.455168
1.048190,110.606691,76.460096
1.048202,110.606691,76.466256
1.048217,110.606691,76.477408
1.048237,110.606691,76.485968
1.048251,110.606691,76.488454
1.048266,110.606691,76.513296
1.048289,110.606691,76.519392
1.048305,110.606691,76.520448
1.048317,110.606691,76.520454
1.048330,110.606691,76.523104
1.048364,110.606691,76.539136
1.048386,110.606691,76.547696
1.048405,110.606691,76.558816
1.048423,110.606691,76.566214
1.048434,110.606691,76.569978
1.048450,110.606691,76.578496
1.048463,110.606691,76.587328
1.048481,110.606691,76.588448
1.048500,110.606691,76.607008
1.048512,110.606691,76.609414
1.048523,110.606691,76.609424
1.048535,110.606691,76.613200
1.048554,110.606691,76.621792
1.048572,110.606691,76.623104
1.048585,110.606691,76.626630
1.048597,110.606691,76.630438
1.048606,110.606691,76.631616
1.048625,110.606691,76.636576
1.048654,110.606691,76.642848
1.048676,110.606691,76.656378
1.048695,110.606691,76.668736
1.048714,110.606691,76.682336
1.048827,110.606691,76.686016
1.048845,110.606691,76.690960
1.048856,110.606691,76.708384
1.048881,110.606691,76.729344
1.048901,110.606691,76.733024
1.048922,110.606691,76.736656
1.048939,110.606691,76.740358
1.048960,110.606691,76.744064
1.048973,110.606691,76.747712
1.049033,110.606691,76.751398
1.049049,110.606691,76.763744
1.049061,110.606691,76.774928
1.049095,110.606691,76.794598
1.049112,110.606691,76.806918
1.049124,110.606691,76.812000
1.049143,110.606691,76.820560
1.049155,110.606691,76.829216
1.049169,110.606691,76.830464
1.049183,110.606691,76.834013
1.049203,110.606691,76.841594
1.049216,110.606691,76.850208
1.049227,110.606691,76.877350
1.049241,110.606691,76.886176
1.049263,110.606691,76.887136
1.049281,110.606691,76.890976
1.049293,110.606691,76.899648
1.049308,110.606691,76.905728
1.049327,110.606691,76.918086
1.049342,110.606691,76.928000
1.049356,110.606691,76.951488
1.049369,110.606691,76.952704
1.049393,110.606691,76.961296
1.049414,110.606691,76.965018
1.049425,110.606691,76.965024
1.049440,110.606691,76.968736
1.049457,110.606691,76.982368
1.049604,110.606691,76.983568
1.049671,110.606691,76.986080
1.049694,110.606691,76.988512
1.049707,110.606691,76.990848
1.049718,110.606691,76.990976
1.049766,110.606691,76.993472
1.049778,110.606691,76.999616
1.049811,110.606691,77.007056
1.049831,110.606691,77.013216
1.049844,110.606691,77.017024
1.049859,110.606691,77.020538
1.049874,110.606691,77.020560
1.049886,110.606691,77.031584
1.049904,110.606691,77.052704
1.049923,110.606691,77.061286
1.049936,110.606691,77.061328
1.049963,110.606691,77.076256
1.049984,110.606691,77.083526
1.050006,110.606691,77.103248
1.050020,110.606691,77.105658
1.050030,110.606691,77.114432
1.050042,110.606691,77.116806
1.050054,110.606691,77.131834
1.050073,110.606691,77.136480
1.050091,110.606691,77.139104
1.050102,110.606691,77.144048
1.050112,110.606691,77.145296
1.050126,110.606691,77.153856
1.050141,110.606691,77.156416
1.050160,110.606691,77.165040
1.050172,110.606691,77.177312
1.050190,110.606691,77.187206
1.050227,110.606691,77.187258
1.050240,110.606691,77.202048
1.050254,110.606691,77.213296
1.050305,110.606691,77.223104
1.050353,110.606691,77.249008
1.050366,110.606691,77.264966
1.050382,110.606691,77.277312
1.050396,110.606691,77.279744
1.050406,110.606691,77.287206
1.050418,110.606691,77.305824
1.050442,110.606691,77.331696
1.050490,110.606691,77.335392
1.050507,110.606691,77.342784
1.050527,110.606691,77.346528
1.050574,110.606691,77.350320
1.050590,110.606691,77.361344
1.050601,110.606691,77.364896
1.050613,110.606691,77.386016
1.050629,110.606691,77.403200
1.050646,110.606691,77.423072
1.050675,110.606691,77.429344
1.050773,110.606691,77.452688
1.050791,110.606691,77.453936
1.050799,110.606691,77.457600
1.050812,110.606691,77.462496
1.050829,110.606691,77.484736
1.050842,110.606691,77.492134
1.050862,110.606691,77.515664
1.050878,110.606691,77.529158
1.050900,110.606691,77.535334
1.050922,110.606691,77.541616
1.050954,110.606691,77.547744
1.050981,110.606691,77.556358
1.050997,110.606691,77.557536
1.051010,110.606691,77.560080
1.051028,110.606691,77.625520
1.051047,110.606691,77.628000
1.051060,110.606691,77.630496
1.051076,110.606691,77.638016
1.051104,110.606691,77.648864
1.051126,110.606691,77.657533
1.051146,110.606691,77.661286
1.051177,110.606691,77.661360
1.051202,110.606691,77.673632
1.051219,110.606691,77.689664
1.051240,110.606691,77.700848
1.051306,110.606691,77.707056
1.051344,110.606691,77.718048
1.051363,110.606691,77.720352
1.051375,110.606691,77.732864
1.051388,110.606691,77.737920
1.051405,110.606691,77.738016
1.051425,110.606691,77.747856
1.051585,110.606691,77.755008
1.051597,110.606691,77.756384
1.051614,110.606691,77.759933
1.051627,110.606691,77.776128
1.051644,110.606691,77.793370
1.051657,110.606691,77.818112
1.051673,110.606691,77.818144
1.051694,110.606691,77.824304
1.051712,110.606691,77.844006
1.051730,110.606691,77.847728
1.051740,110.606691,77.848976
1.051754,110.606691,77.866246
1.051781,110.606691,77.866256
1.051791,110.606691,77.872560
1.051824,110.606691,77.877408
1.051844,110.606691,77.878464
1.051859,110.606691,77.890880
1.051875,110.606691,77.890938
1.051889,110.606691,77.905536
1.051903,110.606691,77.920576
1.051922,110.606691,77.923104
1.051972,110.606691,77.923200
1.051991,110.606691,77.926784
1.052007,110.606691,77.934112
1.052021,110.606691,77.943974
1.052035,110.606691,77.946512
1.052048,110.606691,77.965024
1.052084,110.606691,77.966208
1.052093,110.606691,77.969856
1.052103,110.606691,77.985958
1.052117,110.606691,77.995840
1.052132,110.606691,78.028992
1.052148,110.606691,78.029168
1.052162,110.606691,78.036512
1.052176,110.606691,78.040352
1.052190,110.606691,78.065024
1.052204,110.606691,78.069968
1.052218,110.606691,78.071216
1.052234,110.606691,78.082336
1.052251,110.606691,78.088608
1.052328,110.606691,78.090886
1.052340,110.606691,78.090960
1.052353,110.606691,78.124320
1.052370,110.606691,78.131648
1.052388,110.606691,78.132944
1.052398,110.606691,78.137850
1.052409,110.606691,78.145232
1.052420,110.606691,78.151398
1.052439,110.606691,78.174928
1.052462,110.606691,78.185856
1.052481,110.606691,78.187232
1.052504,110.606691,78.203200
1.052525,110.606691,78.203232
1.052539,110.606691,78.212064
1.052580,110.606691,78.213126
1.052601,110.606691,78.241616
1.052710,110.606691,78.242752
1.052727,110.606691,78.247712
1.052741,110.606691,78.253798
1.052788,110.606691,78.313152
1.052810,110.606691,78.320672
1.052826,110.606691,78.337952
1.052839,110.606691,78.340294
1.052905,110.606691,78.342896
1.052927,110.606691,78.362528
1.052942,110.606691,78.372416
1.052968,110.606691,78.378560
1.052980,110.606691,78.379856
1.052990,110.606691,78.410656
1.053011,110.606691,78.420480
1.053023,110.606691,78.446432
1.053038,110.606691,78.449120
1.053061,110.606691,78.461370
1.053073,110.606691,78.470973
1.053085,110.606691,78.476128
1.053099,110.606691,78.483456
1.053122,110.606691,78.499526
1.053134,110.606691,78.505786
1.053152,110.606691,78.535232
1.053172,110.606691,78.544006
1.053184,110.606691,78.563792
1.053197,110.606691,78.565056
1.053225,110.606691,78.569936
1.053250,110.606691,78.582368
1.053265,110.606691,78.594656
1.053279,110.606691,78.599584
1.053298,110.606691,78.618080
1.053313,110.606691,78.678624
1.053330,110.606691,78.679872
1.053345,110.606691,78.699616
1.053357,110.606691,78.709376
1.053379,110.606691,78.725504
1.053400,110.606691,78.730458
1.053411,110.606691,78.737920
1.053430,110.606691,78.758848
1.053459,110.606691,78.767616
1.053482,110.606691,78.768762
1.053496,110.606691,78.781018
1.053508,110.606691,78.792288
1.053526,110.606691,78.807104
1.053571,110.606691,78.814426
1.053583,110.606691,78.837850
1.053598,110.606691,78.837856
1.053612,110.606691,78.848896
1.053631,110.606691,78.871078
1.053650,110.606691,78.900858
1.053671,110.606691,78.904544
1.053683,110.606691,78.911878
1.053700,110.606691,78.913184
1.053733,110.606691,78.920576
1.053757,110.606691,78.926720
1.053769,110.606691,78.929216
1.053801,110.606691,78.934160
1.053819,110.606691,78.939130
1.053851,110.606691,78.946528
1.053870,110.606691,78.948960
1.053890,110.606691,78.950086
1.053900,110.606691,78.977370
1.053911,110.606691,78.987264
1.053927,110.606691,78.988448
1.053940,110.606691,78.988512
1.053949,110.606691,79.002160
1.053962,110.606691,79.039200
1.053981,110.606691,79.044016
1.053996,110.606691,79.058864
1.054011,110.606691,79.077312
1.054023,110.606691,79.078650
1.054036,110.606691,79.100736
1.054056,110.606691,79.113024
1.054066,110.606691,79.113094
1.054078,110.606691,79.113152
1.054087,110.606691,79.128026
1.054107,110.606691,79.140096
1.054120,110.606691,79.142790
1.054133,110.606691,79.151328
1.054146,110.606691,79.164928
1.054159,110.606691,79.171200
1.054173,110.606691,79.211936
1.197387,110.606691,79.231834
1.197448,110.606691,79.232864
1.197475,110.606691,79.244048
1.197502,110.606691,79.255168
1.197573,110.606691,79.261376
1.197606,110.606691,79.286010
1.197638,110.606691,79.298336
1.197682,110.606691,79.300864
1.197712,110.606691,79.304381
1.197736,110.606691,79.304480
1.197765,110.606691,79.325664
1.197823,110.606691,79.341664
1.197880,110.606691,79.342848
1.197901,110.606691,79.365056
1.197936,110.606691,79.384768
1.197963,110.606691,79.398336
1.197992,110.606691,79.402048
1.198014,110.606691,79.409488
1.198047,110.606691,79.419248
1.198079,110.606691,79.420416
1.198108,110.606691,79.424256
1.198136,110.606691,79.425446
1.198158,110.606691,79.435376
1.198197,110.606691,79.446470
1.198231,110.606691,79.460064
1.198259,110.606691,79.460096
1.198278,110.606691,79.468736
1.198304,110.606691,79.469926
1.198328,110.606691,79.562333
1.198384,110.606691,79.584736
1.198417,110.606691,79.603392
1.198453,110.606691,79.605728
1.198475,110.606691,79.605792
1.198500,110.606691,79.611773
1.198533,110.606691,79.611872
1.198553,110.606691,79.625536
1.198582,110.606691,79.651424
1.198628,110.606691,79.667456
1.198661,110.606691,79.667520
1.198683,110.606691,79.674848
1.198713,110.606691,79.684768
1.198734,110.606691,79.695968
1.198767,110.606691,79.698384
1.198789,110.606691,79.699600
1.198810,110.606691,79.705728
1.198836,110.606691,79.736576
1.198865,110.606691,79.740346
1.198890,110.606691,79.744026
1.198914,110.606691,79.747552
1.198939,110.606691,79.760000
1.198964,110.606691,79.768736
1.199019,110.606691,79.774944
1.199042,110.606691,79.777360
1.199063,110.606691,79.786128
1.199136,110.606691,79.820538
1.199166,110.606691,79.872448
1.199212,110.606691,79.892122
1.199248,110.606691,79.903290
1.199269,110.606691,79.904480
1.199289,110.606691,79.904528
1.199316,110.606691,79.905734
1.199396,110.606691,79.914432
1.199414,110.606691,79.928006
1.199472,110.606691,79.936413
1.199493,110.606691,79.936704
1.199553,110.606691,79.942736
1.199580,110.606691,79.965018
1.199613,110.606691,79.965056
1.199647,110.606691,79.966256
1.199700,110.606691,79.977376
1.199753,110.606691,80.013296
1.199793,110.606691,80.019328
1.199829,110.606691,80.039072
1.199868,110.606691,80.043968
1.199896,110.606691,80.055136
1.199920,110.606691,80.119232
1.199956,110.606691,80.135398
1.199980,110.606691,80.139104
1.199999,110.606691,80.148934
1.200026,110.606691,80.164992
1.200061,110.606691,80.170048
1.200102,110.606691,80.184800
1.200123,110.606691,80.210662
1.200149,110.606691,80.228000
1.200178,110.606691,80.229344
1.200235,110.606691,80.231696
1.200259,110.606691,80.232966
1.200283,110.606691,80.239226
1.200321,110.606691,80.242816
1.200348,110.606691,80.262496
1.200375,110.606691,80.279888
1.200406,110.606691,80.294608
1.200436,110.606691,80.323040
1.200460,110.606691,80.325472
1.200485,110.606691,80.347712
1.200522,110.606691,80.354048
1.200547,110.606691,80.372416
1.200576,110.606691,80.394656
1.200600,110.606691,80.408192
1.200625,110.606691,80.426560
1.200654,110.606691,80.454048
1.200691,110.606691,80.455078
1.200713,110.606691,80.456368
1.200734,110.606691,80.468544
1.200753,110.606691,80.469920
1.200770,110.606691,80.472416
1.200790,110.606691,80.474752
1.200818,110.606691,80.495936
1.200846,110.606691,80.505696
1.200866,110.606691,80.519440
1.200898,110.606691,80.528038
1.200949,110.606691,80.550080
1.200978,110.606691,80.557478
1.200995,110.606691,80.637824
1.201036,110.606691,80.655168
1.201071,110.606691,80.672416
1.201092,110.606691,80.676096
1.201123,110.606691,80.694656
1.201174,110.606691,80.711872
1.201206,110.606691,80.747648
1.201242,110.606691,80.760064
1.201272,110.606691,80.764934
1.201294,110.606691,80.787248
1.201320,110.606691,80.792160
1.201337,110.606691,80.806992
1.201357,110.606691,80.820608
1.201393,110.606691,80.841408
1.201423,110.606691,80.844064
1.201447,110.606691,80.847680
1.201479,110.606691,80.857536
1.201531,110.606691,80.868720
1.201562,110.606691,80.889670
1.201599,110.606691,80.902160
1.201641,110.606691,80.914368
1.201668,110.606691,80.915558
1.201697,110.606691,80.934042
1.201723,110.606691,80.936656
1.201783,110.606691,80.951398
1.201801,110.606691,80.952656
1.201850,110.606691,80.958848
1.201890,110.606691,80.968646
1.201915,110.606691,81.027773
1.201942,110.606691,81.032864
1.201963,110.606691,81.035344
1.201990,110.606691,81.051424
1.202013,110.606691,81.073664
1.202046,110.606691,81.077408
1.202087,110.606691,81.084768
1.202113,110.606691,81.087264
1.202130,110.606691,81.113216
1.202169,110.606691,81.114464
1.202208,110.606691,81.142896
1.202243,110.606691,81.146576
1.202273,110.606691,81.148928
1.202300,110.606691,81.151392
1.202320,110.606691,81.151424
1.202342,110.606691,81.152704
1.202387,110.606691,81.157616
1.202408,110.606691,81.158842
1.202431,110.606691,81.166176
1.202456,110.606691,81.168736
1.202486,110.606691,81.174816
1.202515,110.606691,81.179706
1.202539,110.606691,81.199526
1.202575,110.606691,81.199578
1.202595,110.606691,81.207046
1.202687,110.606691,81.217024
1.202732,110.606691,81.249008
1.202764,110.606691,81.261286
1.202805,110.606691,81.261328
1.202834,110.606691,81.268762
1.202860,110.606691,81.268858
1.202891,110.606691,81.271168
1.202917,110.606691,81.273504
1.202945,110.606691,81.339014
1.202988,110.606691,81.341552
1.203012,110.606691,81.357498
1.203034,110.606691,81.361213
1.203059,110.606691,81.364966
1.203086,110.606691,81.366256
1.203111,110.606691,81.373664
1.203130,110.606691,81.385978
1.203157,110.606691,81.395920
1.203193,110.606691,81.408250
1.203222,110.606691,81.424208
1.203247,110.606691,81.431715
1.203268,110.606691,81.436576
1.203293,110.606691,81.454048
1.203322,110.606691,81.458816
1.203358,110.606691,81.465056
1.203378,110.606691,81.466256
1.203401,110.606691,81.469856
1.203436,110.606691,81.483648
1.203460,110.606691,81.506880
1.203489,110.606691,81.536544
1.203529,110.606691,81.546438
1.203557,110.606691,81.557600
1.203581,110.606691,81.569926
1.203617,110.606691,81.582214
1.203638,110.606691,81.598272
1.203660,110.606691,81.613168
1.203687,110.606691,81.613178
1.203712,110.606691,81.619232
1.203743,110.606691,81.630406
1.203795,110.606691,81.636656
1.203823,110.606691,81.637792
1.203848,110.606691,81.662490
1.203879,110.606691,81.673606
1.203910,110.606691,81.682304
1.203933,110.606691,81.700858
1.203965,110.606691,81.734042
1.203993,110.606691,81.735334
1.204011,110.606691,81.736672
1.204041,110.606691,81.774896
1.204065,110.606691,81.794566
1.204093,110.606691,81.805696
1.204117,110.606691,81.842896
1.204257,110.606691,81.852477
1.204290,110.606691,81.852704
1.204317,110.606691,81.861286
1.204345,110.606691,81.866128
1.204368,110.606691,81.878496
1.204402,110.606691,81.879718
1.204420,110.606691,81.886080
1.204463,110.606691,81.890854
1.204485,110.606691,81.894608
1.204514,110.606691,81.900669
1.204541,110.606691,81.914205
1.204574,110.606691,81.916864
1.204613,110.606691,81.926672
1.204631,110.606691,81.932864
1.204675,110.606691,81.961296
1.204702,110.606691,81.977408
1.204727,110.606691,81.979962
1.204769,110.606691,81.982278
1.204801,110.606691,82.021824
1.204839,110.606691,82.097072
1.204866,110.606691,82.103216
1.204890,110.606691,82.114368
1.204911,110.606691,82.120518
1.204931,110.606691,82.169936
1.204969,110.606691,82.171216
1.205014,110.606691,82.172454
1.205045,110.606691,82.187136
1.205084,110.606691,82.187344
1.205119,110.606691,82.192096
1.205150,110.606691,82.193328
1.205174,110.606691,82.203136
1.205198,110.606691,82.211904
1.205230,110.606691,82.231696
1.205266,110.606691,82.242880
1.205306,110.606691,82.267616
1.205386,110.606691,82.268858
1.205411,110.606691,82.276096
1.205440,110.606691,82.292016
1.205470,110.606691,82.295878
1.205499,110.606691,82.316800
1.205535,110.606691,82.328000
1.205562,110.606691,82.336656
1.205593,110.606691,82.340336
1.205622,110.606691,82.361280
1.205645,110.606691,82.385984
1.205669,110.606691,82.395776
1.205692,110.606691,82.403296
1.205725,110.606691,82.423040
1.205751,110.606691,82.434240
1.205786,110.606691,82.435386
1.205805,110.606691,82.447744
1.205839,110.606691,82.452573
1.205868,110.606691,82.502160
1.205919,110.606691,82.506816
1.205950,110.606691,82.511888
1.205973,110.606691,82.513232
1.206033,110.606691,82.518106
1.206061,110.606691,82.552704
1.206093,110.606691,82.557696
1.206135,110.606691,82.571296
1.206178,110.606691,82.620560
1.206212,110.606691,82.625616
1.206268,110.606691,82.631680
1.206289,110.606691,82.639046
1.206317,110.606691,82.673632
1.206346,110.606691,82.677286
1.206362,110.606691,82.681088
1.206384,110.606691,82.692192
1.206408,110.606691,82.693408
1.206429,110.606691,82.700816
1.206451,110.606691,82.702144
1.206493,110.606691,82.720486
1.206544,110.606691,82.735360
1.206573,110.606691,82.741510
1.206590,110.606691,82.747696
1.206616,110.606691,82.758758
1.206643,110.606691,82.771168
1.206670,110.606691,82.793376
1.206698,110.606691,82.804416
1.206731,110.606691,82.820486
1.206752,110.606691,82.825664
1.206779,110.606691,82.840125
1.206798,110.606691,82.841664
1.206906,110.606691,82.855104
1.206928,110.606691,82.856352
1.206949,110.606691,82.871216
1.206995,110.606691,82.874816
1.207021,110.606691,82.876131
1.207042,110.606691,82.896992
1.207065,110.606691,82.905792
1.207096,110.606691,82.910640
1.207126,110.606691,82.915616
1.207143,110.606691,82.916864
1.207164,110.606691,82.922944
1.207191,110.606691,82.947696
1.207239,110.606691,82.947728
1.207254,110.606691,82.948784
1.207281,110.606691,82.958848
1.207301,110.606691,82.965024
1.207328,110.606691,82.983616
1.207397,110.606691,82.989690
1.207414,110.606691,82.995920
1.207438,110.606691,83.000768
1.207465,110.606691,83.000832
1.207491,110.606691,83.002016
1.207526,110.606691,83.015616
1.207566,110.606691,83.018016
1.207589,110.606691,83.031744
1.207683,110.606691,83.046438
1.207710,110.606691,83.046528
1.207727,110.606691,83.047613
1.207753,110.606691,83.088448
1.207779,110.606691,83.111878
1.207808,110.606691,83.113168
1.207825,110.606691,83.122928
1.207995,110.606691,83.125504
1.208023,110.606691,83.139056
1.208061,110.606691,83.150150
1.208085,110.606691,83.153712
1.208113,110.606691,83.173606
1.208139,110.606691,83.182176
1.208176,110.606691,83.195696
1.208204,110.606691,83.204416
1.208226,110.606691,83.211968
1.208246,110.606691,83.220656
1.208310,110.606691,83.261286
1.208344,110.606691,83.266013
1.208361,110.606691,83.305696
1.208387,110.606691,83.309472
1.208404,110.606691,83.315453
1.208433,110.606691,83.316848
1.208456,110.606691,83.334128
1.208490,110.606691,83.355104
1.208528,110.606691,83.361296
1.208555,110.606691,83.371136
1.208585,110.606691,83.371200
1.208603,110.606691,83.372416
1.208646,110.606691,83.378528
1.208665,110.606691,83.383648
1.208707,110.606691,83.397024
1.208750,110.606691,83.418112
1.208785,110.606691,83.426662
1.208805,110.606691,83.432864
1.208828,110.606691,83.436704
1.208924,110.606691,83.440256
1.208942,110.606691,83.441552
1.208962,110.606691,83.447706
1.209055,110.606691,83.450176
1.209080,110.606691,83.452752
1.209221,110.606691,83.463680
1.209249,110.606691,83.472416
1.209269,110.606691,83.476096
1.209294,110.606691,83.478624
1.209313,110.606691,83.482246
1.209335,110.606691,83.498304
1.209402,110.606691,83.499494
1.209422,110.606691,83.505824
1.209454,110.606691,83.539014
1.209497,110.606691,83.543974
1.209521,110.606691,83.562499
1.209593,110.606691,83.570976
1.209633,110.606691,83.584688
1.209659,110.606691,83.600800
1.209693,110.606691,83.603248
1.209719,110.606691,83.628064
1.209763,110.606691,83.631776
1.209802,110.606691,83.646416
1.209830,110.606691,83.651392
1.209858,110.606691,83.663808
1.209883,110.606691,83.663904
1.209909,110.606691,83.668698
1.209924,110.606691,83.673616
1.209951,110.606691,83.674816
1.209972,110.606691,83.678365
1.209999,110.606691,83.692128
1.210023,110.606691,83.704512
1.210053,110.606691,83.706918
1.210078,110.606691,83.707104
1.210164,110.606691,83.723008
1.210206,110.606691,83.742752
1.210285,110.606691,83.755216
1.210321,110.606691,83.758816
1.210340,110.606691,83.793286
1.210378,110.606691,83.798320
1.210400,110.606691,83.803232
1.210439,110.606691,83.803296
1.210466,110.606691,83.831744
1.210515,110.606691,83.833968
1.210541,110.606691,83.842784
1.210560,110.606691,83.862464
1.210582,110.606691,83.884768
1.210623,110.606691,83.888480
1.210640,110.606691,83.890976
1.210685,110.606691,83.895846
1.210715,110.606691,83.916816
1.210751,110.606691,83.920480
1.210772,110.606691,83.927936
1.210793,110.606691,83.930464
1.210821,110.606691,83.932733
1.210852,110.606691,83.933981
1.210870,110.606691,83.946496
1.210898,110.606691,83.994534
1.210935,110.606691,83.998288
1.210963,110.606691,84.002128
1.211062,110.606691,84.014368
1.211100,110.606691,84.019280
1.211120,110.606691,84.019344
1.211145,110.606691,84.026758
1.211173,110.606691,84.032896
1.211190,110.606691,84.048848
1.211206,110.606691,84.048864
1.211231,110.606691,84.050016
1.211241,110.606691,84.051392
1.211259,110.606691,84.052544
1.211269,110.606691,84.053856
1.211286,110.606691,84.064976
1.211319,110.606691,84.079846
1.211342,110.606691,84.095904
1.211357,110.606691,84.099526
1.211367,110.606691,84.108096
1.211383,110.606691,84.109520
1.211436,110.606691,84.120528
1.211466,110.606691,84.120576
1.211506,110.606691,84.137824
1.211539,110.606691,84.145158
1.211572,110.606691,84.155104
1.211600,110.606691,84.157600
1.211617,110.606691,84.176096
1.211633,110.606691,84.182288
1.211679,110.606691,84.184832
1.211702,110.606691,84.214336
1.211718,110.606691,84.235392
1.211733,110.606691,84.236448
1.211748,110.606691,84.241472
1.211759,110.606691,84.253760
1.211771,110.606691,84.255136
1.211790,110.606691,84.263696
1.211807,110.606691,84.277376
1.211830,110.606691,84.297056
1.211843,110.606691,84.329200
1.211888,110.606691,84.342630
1.211899,110.606691,84.348838
1.211910,110.606691,84.350256
1.211926,110.606691,84.358848
1.211941,110.606691,84.360096
1.211969,110.606691,84.371238
1.211991,110.606691,84.377152
1.212004,110.606691,84.379776
1.212025,110.606691,84.389600
1.212036,110.606691,84.398336
1.212064,110.606691,84.404416
1.212078,110.606691,84.406976
1.212093,110.606691,84.452656
1.212122,110.606691,84.463744
1.212161,110.606691,84.468688
1.212177,110.606691,84.468704
1.212189,110.606691,84.490928
1.212203,110.606691,84.534080
1.212219,110.606691,84.535334
1.212240,110.606691,84.543968
1.212252,110.606691,84.551360
1.212263,110.606691,84.551504
1.212306,110.606691,84.561318
1.212320,110.606691,84.566013
1.212329,110.606691,84.572336
1.212340,110.606691,84.572400
1.212350,110.606691,84.593350
1.212372,110.606691,84.594566
1.212385,110.606691,84.594656
1.212396,110.606691,84.602086
1.212412,110.606691,84.606976
1.212432,110.606691,84.614464
1.212456,110.606691,84.619238
1.212475,110.606691,84.631526
1.212489,110.606691,84.631584
1.212498,110.606691,84.642896
1.212550,110.606691,84.644000
1.212563,110.606691,84.648928
1.212575,110.606691,84.655078
1.212588,110.606691,84.662592
1.212601,110.606691,84.663808
1.212617,110.606691,84.673568
1.212630,110.606691,84.676048
1.212642,110.606691,84.684736
1.212656,110.606691,84.698310
1.212669,110.606691,84.705696
1.212689,110.606691,84.708032
1.212711,110.606691,84.713056
1.212724,110.606691,84.720518
1.212743,110.606691,84.735334
1.212758,110.606691,84.736544
1.212767,110.606691,84.739024
1.212800,110.606691,84.777344
1.212844,110.606691,84.778534
1.212854,110.606691,84.794592
1.212876,110.606691,84.799648
1.212892,110.606691,84.836704
1.212945,110.606691,84.840262
1.212955,110.606691,84.843968
1.212972,110.606691,84.850256
1.212987,110.606691,84.853856
1.213009,110.606691,84.855104
1.213028,110.606691,84.861296
1.213039,110.606691,84.862522
1.213048,110.606691,84.871136
1.213060,110.606691,84.883386
1.213070,110.606691,84.909488
1.213101,110.606691,84.910726
1.213126,110.606691,84.920454
1.213150,110.606691,84.924208
1.213162,110.606691,84.931584
1.213178,110.606691,84.932976
1.213217,110.606691,84.957568
1.213232,110.606691,84.964934
1.213250,110.606691,84.964966
1.213270,110.606691,84.969856
1.213287,110.606691,84.972442
1.213298,110.606691,84.972454
1.213458,110.606691,84.974784
1.213474,110.606691,84.976131
1.213488,110.606691,84.977312
1.213500,110.606691,84.979776
1.213559,110.606691,84.983648
1.213601,110.606691,84.989565
1.213621,110.606691,84.989664
1.213631,110.606691,84.994720
1.213672,110.606691,84.995872
1.213692,110.606691,84.997216
1.213825,110.606691,85.002016
1.213851,110.606691,85.024256
1.213868,110.606691,85.025446
1.213881,110.606691,85.027846
1.213892,110.606691,85.028006
1.213910,110.606691,85.045184
1.213930,110.606691,85.047696
1.213944,110.606691,85.056160
1.213957,110.606691,85.061184
1.213969,110.606691,85.065024
1.213987,110.606691,85.068646
1.214001,110.606691,85.084678
1.214014,110.606691,85.102016
1.214029,110.606691,85.107104
1.214052,110.606691,85.115642
1.214067,110.606691,85.119200
1.214078,110.606691,85.140224
1.214095,110.606691,85.146464
1.214118,110.606691,85.162496
1.214161,110.606691,85.169936
1.214171,110.606691,85.173536
1.214182,110.606691,85.250118
1.214213,110.606691,85.254960
1.214252,110.606691,85.267424
1.214267,110.606691,85.269952
1.214287,110.606691,85.273606
1.214306,110.606691,85.273728
1.214324,110.606691,85.274758
1.214335,110.606691,85.274816
1.214345,110.606691,85.281094
1.214385,110.606691,85.283456
1.214404,110.606691,85.298246
1.214426,110.606691,85.305696
1.214439,110.606691,85.327904
1.214455,110.606691,85.341472
1.214469,110.606691,85.342848
1.214485,110.606691,85.344000
1.214497,110.606691,85.344096
1.214510,110.606691,85.364864
1.214527,110.606691,85.366170
1.214537,110.606691,85.377248
1.214548,110.606691,85.394608
1.214564,110.606691,85.404518
1.214578,110.606691,85.404538
1.214588,110.606691,85.408224
1.214611,110.606691,85.416848
1.214625,110.606691,85.427968
1.214646,110.606691,85.458810
1.214662,110.606691,85.461254
1.214708,110.606691,85.471008
1.214719,110.606691,85.477280
1.214735,110.606691,85.487136
1.214746,110.606691,85.519270
1.214764,110.606691,85.542656
1.214779,110.606691,85.557504
1.214799,110.606691,85.564966
1.214832,110.606691,85.566256
1.214843,110.606691,85.574848
1.214875,110.606691,85.582176
1.214945,110.606691,85.582256
1.214978,110.606691,85.588448
1.215002,110.606691,85.594464
1.215032,110.606691,85.594534
1.215048,110.606691,85.619270
1.215088,110.606691,85.620544
1.215126,110.606691,85.633952
1.215146,110.606691,85.643974
1.215174,110.606691,85.662592
1.215196,110.606691,85.681104
1.215213,110.606691,85.685958
1.215234,110.606691,85.690918
1.215258,110.606691,85.702144
1.215283,110.606691,85.704454
1.215298,110.606691,85.707008
1.215312,110.606691,85.742630
1.215333,110.606691,85.744064
1.215375,110.606691,85.766182
1.215393,110.606691,85.775008
1.215415,110.606691,85.778592
1.215430,110.606691,85.780992
1.215440,110.606691,85.795776
1.215454,110.606691,85.804416
1.215464,110.606691,85.850128
1.215488,110.606691,85.853798
1.215515,110.606691,85.873616
1.215531,110.606691,85.878333
1.215543,110.606691,85.890816
1.215564,110.606691,85.903232
1.215584,110.606691,85.941536
1.215603,110.606691,85.953766
1.215617,110.606691,85.976080
1.215633,110.606691,85.999558
1.215675,110.606691,86.000720
1.215684,110.606691,86.003264
1.215702,110.606691,86.020480
1.215716,110.606691,86.021840
1.215729,110.606691,86.025520
1.215794,110.606691,86.030272
1.215815,110.606691,86.034048
1.215842,110.606691,86.058896
1.215871,110.606691,86.072384
1.215903,110.606691,86.095856
1.215931,110.606691,86.106976
1.215952,110.606691,86.136480
1.215967,110.606691,86.153798
1.215988,110.606691,86.156253
1.216006,110.606691,86.166144
1.216018,110.606691,86.176038
1.216030,110.606691,86.199526
1.216047,110.606691,86.210496
1.216065,110.606691,86.221786
1.216078,110.606691,86.223034
1.216092,110.606691,86.231616
1.216114,110.606691,86.236704
1.216137,110.606691,86.253824
1.216169,110.606691,86.256416
1.216201,110.606691,86.257600
1.216217,110.606691,86.261184
1.216247,110.606691,86.266256
1.216273,110.606691,86.283398
1.216290,110.606691,86.292032
1.216307,110.606691,86.295738
1.216318,110.606691,86.298304
1.216337,110.606691,86.320454
1.216363,110.606691,86.340259
1.216376,110.606691,86.342726
1.216395,110.606691,86.366272
1.216414,110.606691,86.368678
1.216438,110.606691,86.385978
1.216454,110.606691,86.395872
1.216467,110.606691,86.413056
1.216483,110.606691,86.426758
1.216505,110.606691,86.429152
1.216517,110.606691,86.439040
1.216533,110.606691,86.446560
1.216552,110.606691,86.466045
1.216565,110.606691,86.469830
1.216575,110.606691,86.474848
1.216585,110.606691,86.482077
1.216599,110.606691,86.482272
1.216613,110.606691,86.495728
1.216629,110.606691,86.513040
1.216641,110.606691,86.515680
1.216655,110.606691,86.524208
1.216667,110.606691,86.543805
1.216679,110.606691,86.546464
1.216712,110.606691,86.589501
1.216730,110.606691,86.589818
1.216749,110.606691,86.594656
1.216773,110.606691,86.599590
1.216785,110.606691,86.600672
1.216794,110.606691,86.607008
1.216816,110.606691,86.608272
1.216856,110.606691,86.612064
1.216879,110.606691,86.620544
1.216890,110.606691,86.643840
1.216905,110.606691,86.651424
1.216918,110.606691,86.663549
1.216934,110.606691,86.664944
1.216947,110.606691,86.673574
1.216964,110.606691,86.681104
1.216983,110.606691,86.689696
1.216997,110.606691,86.704448
1.217010,110.606691,86.704512
1.217021,110.606691,86.718160
1.217042,110.606691,86.748928
1.217068,110.606691,86.750118
1.217080,110.606691,86.755046
1.217091,110.606691,86.756346
1.217107,110.606691,86.778470
1.217124,110.606691,86.779718
1.217139,110.606691,86.816736
1.217162,110.606691,86.822928
1.217172,110.606691,86.822944
1.217184,110.606691,86.827968
1.217203,110.606691,86.831744
1.217219,110.606691,86.841504
1.217237,110.606691,86.858790
1.217253,110.606691,86.861296
1.217302,110.606691,86.885856
1.217319,110.606691,86.905696
1.217332,110.606691,86.920486
1.217357,110.606691,86.932832
1.217383,110.606691,86.934112
1.217394,110.606691,86.952608
1.217418,110.606691,86.956192
1.217431,110.606691,86.964966
1.217448,110.606691,86.966256
1.217475,110.606691,86.969936
1.217487,110.606691,86.971168
1.217506,110.606691,86.971248
1.217530,110.606691,86.977376
1.217562,110.606691,86.979718
1.217577,110.606691,86.995936
1.217611,110.606691,87.010752
1.217632,110.606691,87.014336
1.217647,110.606691,87.020480
1.217665,110.606691,87.032992
1.217714,110.606691,87.040224
1.217725,110.606691,87.041520
1.217738,110.606691,87.041664
1.217760,110.606691,87.043952
1.217772,110.606691,87.059933
1.217788,110.606691,87.092064
1.217807,110.606691,87.100768
1.217832,110.606691,87.112998
1.217867,110.606691,87.114336
1.217881,110.606691,87.124198
1.217896,110.606691,87.125446
1.217916,110.606691,87.131584
1.217932,110.606691,87.136416
1.217942,110.606691,87.142832
1.217968,110.606691,87.151376
1.217986,110.606691,87.153856
1.217996,110.606691,87.157574
1.218062,110.606691,87.176096
1.218081,110.606691,87.179776
1.218106,110.606691,87.187296
1.218122,110.606691,87.229126
1.218142,110.606691,87.242694
1.218153,110.606691,87.246438
1.218175,110.606691,87.255216
1.218235,110.606691,87.261280
1.218247,110.606691,87.277216
1.218272,110.606691,87.294598
1.218290,110.606691,87.303232
1.218302,110.606691,87.306976
1.218323,110.606691,87.310688
1.218334,110.606691,87.322848
1.218350,110.606691,87.323008
1.218360,110.606691,87.325504
1.218376,110.606691,87.327773
1.218390,110.606691,87.331744
1.218405,110.606691,87.341536
1.218421,110.606691,87.347616
1.218436,110.606691,87.350086
1.218447,110.606691,87.364960
1.218465,110.606691,87.367488
1.218474,110.606691,87.367584
1.218486,110.606691,87.372256
1.218503,110.606691,87.373616
1.218517,110.606691,87.377296
1.218527,110.606691,87.382045
1.218536,110.606691,87.383456
1.218550,110.606691,87.383520
1.218562,110.606691,87.388358
1.218573,110.606691,87.408192
1.218588,110.606691,87.409344
1.218602,110.606691,87.414464
1.218626,110.606691,87.416896
1.218640,110.606691,87.434016
1.218655,110.606691,87.440352
1.218670,110.606691,87.442896
1.218716,110.606691,87.452576
1.218731,110.606691,87.456189
1.218743,110.606691,87.483398
1.218769,110.606691,87.502128
1.218829,110.606691,87.505696
1.218848,110.606691,87.505731
1.218860,110.606691,87.506976
1.218870,110.606691,87.515421
1.218882,110.606691,87.521754
1.218895,110.606691,87.526816
1.218909,110.606691,87.540240
1.218921,110.606691,87.552544
1.218933,110.606691,87.563738
1.218949,110.606691,87.577296
1.218970,110.606691,87.579872
1.218996,110.606691,87.594522
1.219010,110.606691,87.594624
1.219022,110.606691,87.620528
1.219064,110.606691,87.621728
1.219074,110.606691,87.622896
1.219083,110.606691,87.625520
1.219103,110.606691,87.631616
1.219115,110.606691,87.636413
1.219130,110.606691,87.637754
1.219143,110.606691,87.645216
1.219157,110.606691,87.650176
1.219186,110.606691,87.656256
1.219198,110.606691,87.661344
1.219245,110.606691,87.669850
1.219256,110.606691,87.681056
1.219300,110.606691,87.718048
1.219315,110.606691,87.723024
1.219327,110.606691,87.735328
1.219347,110.606691,87.741478
1.219357,110.606691,87.742656
1.219376,110.606691,87.748992
1.219396,110.606691,87.752528
1.219407,110.606691,87.752544
1.219418,110.606691,87.755104
1.219430,110.606691,87.759968
1.219444,110.606691,87.762333
1.219458,110.606691,87.768656
1.219486,110.606691,87.776048
1.219500,110.606691,87.781088
1.219518,110.606691,87.783312
1.219528,110.606691,87.792032
1.219553,110.606691,87.799584
1.219564,110.606691,87.803206
1.219575,110.606691,87.824256
1.219608,110.606691,87.825296
1.219623,110.606691,87.841504
1.219650,110.606691,87.850256
1.219718,110.606691,87.855034
1.219734,110.606691,87.861184
1.219753,110.606691,87.884608
1.219793,110.606691,87.885968
1.219809,110.606691,87.886048
1.219847,110.606691,87.918083
1.219890,110.606691,87.931536
1.219915,110.606691,87.946394
1.219946,110.606691,87.958816
1.219964,110.606691,87.963728
1.219987,110.606691,87.974768
1.220011,110.606691,87.995888
1.220069,110.606691,88.000736
1.220085,110.606691,88.002016
1.220117,110.606691,88.026624
1.220145,110.606691,88.026688
1.220168,110.606691,88.033792
1.220186,110.606691,88.041594
1.220209,110.606691,88.047712
1.220228,110.606691,88.050336
1.220274,110.606691,88.062464
1.220295,110.606691,88.093280
1.220329,110.606691,88.099600
1.220358,110.606691,88.113056
1.220394,110.606691,88.120656
1.220485,110.606691,88.121840
1.220506,110.606691,88.140416
1.220552,110.606691,88.142848
1.220579,110.606691,88.143904
1.220612,110.606691,88.144000
1.220643,110.606691,88.172368
1.220674,110.606691,88.172384
1.220694,110.606691,88.173574
1.220712,110.606691,88.192099
1.220741,110.606691,88.193248
1.220765,110.606691,88.193312
1.220785,110.606691,88.202054
1.220809,110.606691,88.229152
1.220831,110.606691,88.232848
1.220841,110.606691,88.253824
1.220868,110.606691,88.261376
1.220889,110.606691,88.276016
1.220902,110.606691,88.280992
1.220919,110.606691,88.287238
1.220933,110.606691,88.290880
1.220945,110.606691,88.299488
1.220964,110.606691,88.314278
1.220980,110.606691,88.324256
1.221007,110.606691,88.328006
1.221069,110.606691,88.335206
1.221079,110.606691,88.336368
1.221091,110.606691,88.336704
1.221208,110.606691,88.344016
1.221226,110.606691,88.352608
1.221239,110.606691,88.361216
1.221260,110.606691,88.363520
1.221281,110.606691,88.364896
1.221294,110.606691,88.367488
1.221305,110.606691,88.378496
1.221318,110.606691,88.382109
1.221332,110.606691,88.392096
1.221351,110.606691,88.401990
1.221375,110.606691,88.422886
1.221392,110.606691,88.427920
1.221404,110.606691,88.432704
1.221415,110.606691,88.432896
1.221429,110.606691,88.463568
1.221445,110.606691,88.463648
1.221463,110.606691,88.476064
1.221482,110.606691,88.489600
1.221505,110.606691,88.498272
1.221523,110.606691,88.501888
1.221540,110.606691,88.525446
1.221558,110.606691,88.544064
1.221584,110.606691,88.545328
1.221602,110.606691,88.551376
1.221617,110.606691,88.557536
1.221662,110.606691,88.560064
1.221686,110.606691,88.562333
1.221695,110.606691,88.563680
1.221712,110.606691,88.563728
1.221726,110.606691,88.569830
1.221746,110.606691,88.576096
1.221764,110.606691,88.582176
1.221777,110.606691,88.605670
1.221798,110.606691,88.619136
1.221811,110.606691,88.625408
1.221822,110.606691,88.627888
1.221832,110.606691,88.631558
1.221846,110.606691,88.635264
1.221865,110.606691,88.636656
1.221885,110.606691,88.650336
1.221912,110.606691,88.656358
1.221927,110.606691,88.668688
1.221950,110.606691,88.674848
1.221969,110.606691,88.680864
1.221982,110.606691,88.693286
1.222004,110.606691,88.699552
1.222015,110.606691,88.700896
1.222029,110.606691,88.705670
1.222045,110.606691,88.727936
1.222064,110.606691,88.748864
1.222082,110.606691,88.750080
1.222092,110.606691,88.750176
1.222114,110.606691,88.758880
1.222133,110.606691,88.767424
1.222158,110.606691,88.768736
1.222180,110.606691,88.774758
1.222192,110.606691,88.793408
1.222219,110.606691,88.805696
1.222231,110.606691,88.810528
1.222243,110.606691,88.813053
1.222263,110.606691,88.817926
1.222276,110.606691,88.819322
1.222285,110.606691,88.830464
1.222328,110.606691,88.866048
1.222346,110.606691,88.866176
1.222366,110.606691,88.873690
1.222383,110.606691,88.878528
1.222400,110.606691,88.884736
1.222418,110.606691,88.893296
1.222429,110.606691,88.928038
1.222454,110.606691,88.929152
1.222468,110.606691,88.946464
1.222481,110.606691,88.952544
1.222499,110.606691,88.956144
1.222511,110.606691,88.958810
1.222527,110.606691,88.966138
1.222548,110.606691,88.976256
1.222566,110.606691,88.987136
1.222586,110.606691,88.989504
1.222601,110.606691,88.989696
1.222627,110.606691,89.008122
1.222643,110.606691,89.009376
1.222653,110.606691,89.028016
1.222679,110.606691,89.036672
1.222693,110.606691,89.047680
1.222704,110.606691,89.053824
1.222743,110.606691,89.066256
1.222766,110.606691,89.071136
1.222787,110.606691,89.082256
1.222837,110.606691,89.089664
1.222851,110.606691,89.093344
1.222862,110.606691,89.099494
1.222877,110.606691,89.105824
1.222899,110.606691,89.131648
1.222914,110.606691,89.162490
1.222929,110.606691,89.164934
1.222968,110.606691,89.174816
1.222988,110.606691,89.181104
1.223013,110.606691,89.187206
1.223031,110.606691,89.193248
1.223050,110.606691,89.203056
1.223067,110.606691,89.222950
1.223079,110.606691,89.236544
1.223105,110.606691,89.243984
1.223118,110.606691,89.244064
1.223132,110.606691,89.248838
1.223143,110.606691,89.250176
1.223157,110.606691,89.250256
1.223181,110.606691,89.262438
1.223199,110.606691,89.268736
1.223223,110.606691,89.273600
1.223234,110.606691,89.284678
1.223246,110.606691,89.285856
1.223265,110.606691,89.289440
1.223278,110.606691,89.299488
1.223294,110.606691,89.310525
1.223313,110.606691,89.310624
1.223326,110.606691,89.322950
1.223338,110.606691,89.335392
1.223369,110.606691,89.337632
1.223390,110.606691,89.342768
1.223415,110.606691,89.346406
1.223429,110.606691,89.352656
1.223447,110.606691,89.366080
1.223459,110.606691,89.378490
1.223481,110.606691,89.394598
1.223497,110.606691,89.404544
1.223519,110.606691,89.408134
1.223536,110.606691,89.408272
1.223574,110.606691,89.409370
1.223587,110.606691,89.420352
1.223608,110.606691,89.433981
1.223636,110.606691,89.446310
1.223647,110.606691,89.451366
1.223664,110.606691,89.452736
1.223689,110.606691,89.453766
1.223701,110.606691,89.460032
1.223711,110.606691,89.473574
1.223734,110.606691,89.478688
1.223749,110.606691,89.482272
1.223761,110.606691,89.487200
1.223772,110.606691,89.489635
1.223786,110.606691,89.490816
1.223800,110.606691,89.532768
1.223825,110.606691,89.540352
1.223852,110.606691,89.542560
1.223865,110.606691,89.544000
1.223883,110.606691,89.550054
1.223896,110.606691,89.558896
1.223954,110.606691,89.561184
1.223966,110.606691,89.562576
1.223994,110.606691,89.569728
1.224007,110.606691,89.582013
1.224020,110.606691,89.584544
1.224033,110.606691,89.594496
1.224049,110.606691,89.600592
1.224061,110.606691,89.602080
1.224084,110.606691,89.605731
1.224097,110.606691,89.609376
1.224110,110.606691,89.619165
1.224127,110.606691,89.619264
1.224135,110.606691,89.624320
1.224163,110.606691,89.625472
1.224182,110.606691,89.627888
1.224196,110.606691,89.631494
1.224204,110.606691,89.631680
1.224217,110.606691,89.640134
1.224228,110.606691,89.645216
1.224240,110.606691,89.677296
1.224264,110.606691,89.679888
1.224290,110.606691,89.685990
1.224309,110.606691,89.687280
1.224326,110.606691,89.693408
1.224341,110.606691,89.694624
1.224356,110.606691,89.698278
1.224373,110.606691,89.705696
1.224388,110.606691,89.706944
1.224399,110.606691,89.710624
1.224416,110.606691,89.711968
1.224443,110.606691,89.732832
1.224463,110.606691,89.736448
1.224482,110.606691,89.736704
1.224673,110.606691,89.737824
1.224692,110.606691,89.768640
1.224719,110.606691,89.773600
1.224735,110.606691,89.776064
1.224747,110.606691,89.779718
1.224774,110.606691,89.782144
1.224817,110.606691,89.787238
1.224836,110.606691,89.792096
1.224851,110.606691,89.795738
1.224868,110.606691,89.810752
1.224894,110.606691,89.822874
1.224908,110.606691,89.824288
1.224922,110.606691,89.830368
1.224932,110.606691,89.840288
1.224951,110.606691,89.842746
1.224962,110.606691,89.851165
1.224980,110.606691,89.857478
1.224997,110.606691,89.858784
1.225019,110.606691,89.879718
1.225032,110.606691,89.884560
1.225042,110.606691,89.885968
1.225069,110.606691,89.903136
1.225098,110.606691,89.903328
1.225129,110.606691,89.908102
1.225143,110.606691,89.913056
1.225156,110.606691,89.920486
1.225172,110.606691,89.922912
1.225184,110.606691,89.927805
1.225201,110.606691,89.927846
1.225211,110.606691,89.943901
1.225227,110.606691,89.947664
1.225239,110.606691,89.947696
1.225276,110.606691,89.951136
1.225286,110.606691,89.962496
1.225300,110.606691,89.964864
1.225319,110.606691,89.973536
1.225332,110.606691,89.983616
1.225392,110.606691,89.989533
1.225411,110.606691,89.992096
1.225427,110.606691,90.008058
1.225442,110.606691,90.025344
1.225459,110.606691,90.026784
1.225482,110.606691,90.029248
1.225498,110.606691,90.032864
1.225511,110.606691,90.034118
1.225526,110.606691,90.046448
1.225542,110.606691,90.052656
1.225573,110.606691,90.054976
1.225589,110.606691,90.057568
1.225618,110.606691,90.073606
1.225641,110.606691,90.078618
1.225660,110.606691,90.084736
1.225672,110.606691,90.090784
1.225762,110.606691,90.090854
1.225890,110.606691,90.094528
1.225903,110.606691,90.095878
1.225935,110.606691,90.102016
1.225955,110.606691,90.150086
1.225987,110.606691,90.156432
1.226012,110.606691,90.163712
1.226024,110.606691,90.167360
1.226034,110.606691,90.168573
1.226048,110.606691,90.173568
1.226059,110.606691,90.174758
1.226076,110.606691,90.179744
1.226087,110.606691,90.180944
1.226099,110.606691,90.183440
1.226187,110.606691,90.185952
1.226198,110.606691,90.194566
1.226217,110.606691,90.211776
1.226232,110.606691,90.211805
1.226244,110.606691,90.218160
1.226260,110.606691,90.222816
1.226275,110.606691,90.224064
1.226284,110.606691,90.236445
1.226296,110.606691,90.242672
1.226310,110.606691,90.242755
1.226320,110.606691,90.261312
1.226338,110.606691,90.262464
1.226351,110.606691,90.262496
1.226358,110.606691,90.268688
1.226373,110.606691,90.274832
1.226385,110.606691,90.276038
1.226411,110.606691,90.290854
1.226431,110.606691,90.292000
1.226447,110.606691,90.293498
1.226462,110.606691,90.310464
1.226477,110.606691,90.315558
1.226489,110.606691,90.329200
1.226534,110.606691,90.331744
1.226578,110.606691,90.332864
1.226627,110.606691,90.335360
1.226641,110.606691,90.336560
1.226661,110.606691,90.347680
1.226688,110.606691,90.358810
1.226707,110.606691,90.360000
1.226725,110.606691,90.367229
1.226736,110.606691,90.372288
1.226747,110.606691,90.377296
1.226770,110.606691,90.380928
1.226789,110.606691,90.389632
1.226806,110.606691,90.390928
1.226851,110.606691,90.390976
1.226883,110.606691,90.397056
1.226898,110.606691,90.408128
1.226911,110.606691,90.409376
1.226932,110.606691,90.414272
1.226948,110.606691,90.426842
1.227020,110.606691,90.458758
1.227058,110.606691,90.460026
1.227068,110.606691,90.478544
1.227085,110.606691,90.483398
1.227096,110.606691,90.495808
1.227111,110.606691,90.508038
1.227151,110.606691,90.509328
1.227164,110.606691,90.510714
1.227181,110.606691,90.519238
1.227196,110.606691,90.520416
1.227223,110.606691,90.520454
1.227235,110.606691,90.526608
1.227251,110.606691,90.530304
1.227273,110.606691,90.531648
1.227282,110.606691,90.540352
1.227301,110.606691,90.541664
1.227314,110.606691,90.551322
1.227332,110.606691,90.563718
1.227347,110.606691,90.572384
1.227371,110.606691,90.582336
1.227413,110.606691,90.589760
1.227439,110.606691,90.602144
1.227492,110.606691,90.605808
1.227515,110.606691,90.624166
1.227542,110.606691,90.626557
1.227569,110.606691,90.632864
1.227599,110.606691,90.650192
1.227629,110.606691,90.652544
1.227651,110.606691,90.656288
1.227687,110.606691,90.660096
1.227724,110.606691,90.674848
1.227745,110.606691,90.674928
1.227782,110.606691,90.683408
1.227802,110.606691,90.695744
1.227822,110.606691,90.695843
1.227840,110.606691,90.707104
1.227882,110.606691,90.708064
1.227932,110.606691,90.711920
1.227959,110.606691,90.716768
1.227983,110.606691,90.718016
1.228042,110.606691,90.722813
1.228068,110.606691,90.724160
1.228084,110.606691,90.729136
1.228115,110.606691,90.731616
1.228150,110.606691,90.745200
1.228169,110.606691,90.763613
1.228197,110.606691,90.767296
1.228218,110.606691,90.768656
1.228239,110.606691,90.776096
1.228277,110.606691,90.778496
1.228292,110.606691,90.778560
1.228311,110.606691,90.779776
1.228331,110.606691,90.783398
1.228344,110.606691,90.788410
1.228356,110.606691,90.791997
1.228366,110.606691,90.801856
1.228379,110.606691,90.804448
1.228392,110.606691,90.808058
1.228408,110.606691,90.829056
1.228426,110.606691,90.835264
1.228436,110.606691,90.838976
1.228453,110.606691,90.840096
1.228462,110.606691,90.841504
1.228477,110.606691,90.853766
1.228498,110.606691,90.858800
1.228516,110.606691,90.866240
1.228528,110.606691,90.872378
1.228542,110.606691,90.878406
1.228562,110.606691,90.889606
1.228579,110.606691,90.890784
1.228589,110.606691,90.897168
1.228640,110.606691,90.915453
1.228656,110.606691,90.921664
1.228678,110.606691,90.921840
1.228698,110.606691,90.929123
1.228712,110.606691,90.935398
1.228738,110.606691,90.951222
1.228762,110.606691,90.969859
1.228773,110.606691,90.974810
1.228788,110.606691,90.980896
1.228800,110.606691,90.992048
1.228817,110.606691,90.994464
1.228829,110.606691,90.994554
1.228840,110.606691,90.998278
1.228853,110.606691,91.002128
1.228919,110.606691,91.008128
1.228933,110.606691,91.015520
1.228947,110.606691,91.015568
1.228964,110.606691,91.025616
1.228988,110.606691,91.031376
1.229002,110.606691,91.031453
1.229013,110.606691,91.051296
1.229058,110.606691,91.056358
1.229078,110.606691,91.058752
1.229089,110.606691,91.064896
1.229102,110.606691,91.064960
1.229113,110.606691,91.068640
1.229124,110.606691,91.076096
1.229144,110.606691,91.077296
1.229174,110.606691,91.077306
1.229183,110.606691,91.080928
1.229198,110.606691,91.080998
1.229221,110.606691,91.087136
1.229237,110.606691,91.087200
1.229247,110.606691,91.089533
1.229269,110.606691,91.117952
1.229286,110.606691,91.118144
1.229306,110.606691,91.120486
1.229339,110.606691,91.127936
1.229353,110.606691,91.130368
1.229385,110.606691,91.137664
1.229402,110.606691,91.142656
1.229415,110.606691,91.156256
1.229428,110.606691,91.162365
1.229447,110.606691,91.162464
1.229464,110.606691,91.168672
1.229480,110.606691,91.185872
1.229492,110.606691,91.187078
1.229510,110.606691,91.217984
1.229526,110.606691,91.224256
1.229549,110.606691,91.229190
1.229570,110.606691,91.229296
1.229613,110.606691,91.237872
1.229639,110.606691,91.241664
1.229653,110.606691,91.243837
1.229663,110.606691,91.247558
1.229673,110.606691,91.259974
1.229688,110.606691,91.273440
1.229700,110.606691,91.277152
1.229714,110.606691,91.281088
1.229740,110.606691,91.292224
1.229754,110.606691,91.298202
1.229762,110.606691,91.305760
1.229786,110.606691,91.305792
1.229811,110.606691,91.319296
1.229827,110.606691,91.322874
1.229839,110.606691,91.322960
1.229860,110.606691,91.328976
1.229872,110.606691,91.334048
1.229881,110.606691,91.335366
1.229900,110.606691,91.353856
1.229912,110.606691,91.361376
1.229958,110.606691,91.362416
1.229970,110.606691,91.366368
1.229986,110.606691,91.390928
1.230022,110.606691,91.399552
1.230034,110.606691,91.403069
1.230044,110.606691,91.421728
1.230056,110.606691,91.422918
1.230067,110.606691,91.427888
1.230081,110.606691,91.433958
1.230096,110.606691,91.434045
1.230108,110.606691,91.439008
1.230125,110.606691,91.441536
1.230136,110.606691,91.446336
1.230152,110.606691,91.448765
1.230163,110.606691,91.455168
1.230176,110.606691,91.458624
1.230195,110.606691,91.464797
1.230213,110.606691,91.471216
1.230229,110.606691,91.484768
1.230244,110.606691,91.500765
1.230264,110.606691,91.506813
1.230275,110.606691,91.519104
1.230287,110.606691,91.535456
1.230303,110.606691,91.537680
1.230312,110.606691,91.549968
1.230327,110.606691,91.555078
1.230374,110.606691,91.558880
1.230392,110.606691,91.559936
1.230446,110.606691,91.564864
1.230459,110.606691,91.581024
1.230476,110.606691,91.582208
1.230486,110.606691,91.585792
1.230499,110.606691,91.587200
1.230508,110.606691,91.594502
1.230519,110.606691,91.600848
1.230533,110.606691,91.606976
1.230577,110.606691,91.611846
1.230594,110.606691,91.619264
1.230613,110.606691,91.643936
1.230627,110.606691,91.650074
1.230637,110.606691,91.656288
1.230646,110.606691,91.662592
1.230670,110.606691,91.664912
1.230684,110.606691,91.673552
1.230694,110.606691,91.673690
1.230707,110.606691,91.674746
1.230725,110.606691,91.677158
1.230740,110.606691,91.693181
1.230754,110.606691,91.693376
1.230773,110.606691,91.702016
1.230787,110.606691,91.702080
1.230798,110.606691,91.710461
1.230811,110.606691,91.710560
1.230821,110.606691,91.714288
1.230836,110.606691,91.717917
1.230851,110.606691,91.718016
1.230862,110.606691,91.731744
1.230889,110.606691,91.735280
1.230903,110.606691,91.736560
1.230913,110.606691,91.741424
1.230922,110.606691,91.742598
1.230938,110.606691,91.742758
1.230954,110.606691,91.745184
1.230964,110.606691,91.746464
1.230980,110.606691,91.753798
1.230991,110.606691,91.797008
1.231014,110.606691,91.797072
1.231024,110.606691,91.805696
1.231035,110.606691,91.822896
1.231050,110.606691,91.824256
1.231080,110.606691,91.828016
1.231098,110.606691,91.829120
1.231107,110.606691,91.840326
1.231124,110.606691,91.841373
1.231140,110.606691,91.847584
1.231151,110.606691,91.847680
1.231159,110.606691,91.853824
1.231170,110.606691,91.854944
1.231183,110.606691,91.858688
1.231211,110.606691,91.873632
1.231225,110.606691,91.889552
1.231240,110.606691,91.895738
1.231251,110.606691,91.895808
1.231269,110.606691,91.898304
1.231290,110.606691,91.900806
1.231307,110.606691,91.908240
1.231326,110.606691,91.915558
1.231338,110.606691,91.916867
1.231352,110.606691,91.922976
1.231379,110.606691,91.929248
1.231399,110.606691,91.932832
1.231428,110.606691,91.936576
1.231446,110.606691,91.938912
1.231456,110.606691,91.955104
1.231481,110.606691,91.970838
1.231506,110.606691,91.971136
1.231517,110.606691,91.983472
1.231529,110.606691,91.984768
1.231558,110.606691,92.000710
1.231584,110.606691,92.001856
1.231599,110.606691,92.013056
1.231610,110.606691,92.013120
1.231619,110.606691,92.026598
1.231633,110.606691,92.032864
1.231647,110.606691,92.044058
1.231667,110.606691,92.044064
1.231681,110.606691,92.046496
1.231692,110.606691,92.066256
1.231709,110.606691,92.067200
1.231719,110.606691,92.069824
1.231731,110.606691,92.069888
1.231751,110.606691,92.069952
1.231763,110.606691,92.093344
1.231791,110.606691,92.094608
1.231806,110.606691,92.095776
1.231823,110.606691,92.098336
1.231846,110.606691,92.106938
1.231863,110.606691,92.112998
1.231874,110.606691,92.115642
1.231887,110.606691,92.121565
1.231903,110.606691,92.130269
1.231915,110.606691,92.131536
1.231930,110.606691,92.136576
1.231940,110.606691,92.142598
1.231955,110.606691,92.143840
1.231968,110.606691,92.148880
1.231985,110.606691,92.161376
1.232013,110.606691,92.162544
1.232030,110.606691,92.164992
1.232046,110.606691,92.168768
1.232063,110.606691,92.193280
1.232077,110.606691,92.205792
1.232098,110.606691,92.216698
1.232109,110.606691,92.218144
1.232123,110.606691,92.225504
1.232164,110.606691,92.229094
1.232175,110.606691,92.230240
1.232186,110.606691,92.247552
1.232199,110.606691,92.248829
1.232230,110.606691,92.249008
1.232243,110.606691,92.259968
1.232257,110.606691,92.261216
1.232276,110.606691,92.266013
1.232284,110.606691,92.267360
1.232291,110.606691,92.267395
1.232297,110.606691,92.267408
1.232304,110.606691,92.267504
1.232336,110.606691,92.268656
1.232345,110.606691,92.268736
1.232362,110.606691,92.273510
1.232376,110.606691,92.279776
1.232386,110.606691,92.299600
1.232409,110.606691,92.305638
1.232421,110.606691,92.309350
1.232432,110.606691,92.310656
1.232442,110.606691,92.319264
1.232459,110.606691,92.330384
1.232471,110.606691,92.335238
1.232484,110.606691,92.341504
1.232497,110.606691,92.342755
1.232507,110.606691,92.358848
1.232522,110.606691,92.358896
1.232553,110.606691,92.359878
1.232587,110.606691,92.364928
1.232597,110.606691,92.372368
1.232606,110.606691,92.372576
1.232649,110.606691,92.378592
1.232661,110.606691,92.389568
1.232672,110.606691,92.392048
1.232683,110.606691,92.395834
1.232694,110.606691,92.405648
1.232703,110.606691,92.409350
1.232712,110.606691,92.410688
1.232723,110.606691,92.412032
1.232752,110.606691,92.434080
1.232781,110.606691,92.452544
1.232792,110.606691,92.453856
1.232811,110.606691,92.458560
1.232826,110.606691,92.471104
1.232837,110.606691,92.473680
1.232849,110.606691,92.483600
1.232864,110.606691,92.489632
1.232879,110.606691,92.490784
1.232893,110.606691,92.490976
1.232930,110.606691,92.508128
1.232949,110.606691,92.515648
1.232964,110.606691,92.520486
1.232997,110.606691,92.535238
1.233010,110.606691,92.547683
1.233025,110.606691,92.552736
1.233039,110.606691,92.557440
1.233050,110.606691,92.559869
1.233070,110.606691,92.559994
1.233080,110.606691,92.561078
1.233088,110.606691,92.561136
1.233094,110.606691,92.569856
1.233122,110.606691,92.573498
1.233135,110.606691,92.580896
1.233149,110.606691,92.587046
1.233164,110.606691,92.599584
1.233203,110.606691,92.600742
1.233220,110.606691,92.602000
1.233231,110.606691,92.615632
1.233260,110.606691,92.625488
1.233300,110.606691,92.631584
1.233320,110.606691,92.637920
1.233344,110.606691,92.662490
1.233361,110.606691,92.668518
1.233398,110.606691,92.679936
1.233414,110.606691,92.680925
1.233429,110.606691,92.699648
1.233459,110.606691,92.703069
1.233475,110.606691,92.711872
1.233494,110.606691,92.713085
1.233510,110.606691,92.729200
1.233524,110.606691,92.741376
1.233536,110.606691,92.750176
1.233552,110.606691,92.750256
1.233624,110.606691,92.757376
1.233640,110.606691,92.757504
1.233654,110.606691,92.760006
1.233690,110.606691,92.765024
1.233725,110.606691,92.770016
1.233748,110.606691,92.773600
1.233762,110.606691,92.774768
1.233777,110.606691,92.793344
1.233792,110.606691,92.801888
1.233802,110.606691,92.805648
1.233820,110.606691,92.818048
1.233833,110.606691,92.821699
1.233845,110.606691,92.822848
1.233874,110.606691,92.836349
1.233891,110.606691,92.846336
1.233907,110.606691,92.847712
1.233922,110.606691,92.860000
1.233940,110.606691,92.864832
1.233956,110.606691,92.866176
1.233976,110.606691,92.868614
1.234002,110.606691,92.872416
1.234015,110.606691,92.877200
1.234034,110.606691,92.878496
1.234048,110.606691,92.908176
1.234068,110.606691,92.910592
1.234080,110.606691,92.921728
1.234098,110.606691,92.929088
1.234109,110.606691,92.929184
1.234132,110.606691,92.937856
1.234163,110.606691,92.940224
1.234185,110.606691,92.947664
1.234195,110.606691,92.951328
1.234204,110.606691,92.953856
1.234217,110.606691,92.957606
1.234267,110.606691,92.961200
1.234277,110.606691,92.965968
1.234285,110.606691,92.966118
1.234297,110.606691,92.968678
1.234318,110.606691,92.973616
1.234345,110.606691,92.984698
1.234366,110.606691,92.985926
1.234385,110.606691,92.989536
1.234402,110.606691,92.990816
1.234412,110.606691,92.995920
1.234444,110.606691,92.997120
1.234467,110.606691,93.013184
1.234484,110.606691,93.014246
1.234510,110.606691,93.021696
1.234524,110.606691,93.032838
1.234542,110.606691,93.037712
1.234552,110.606691,93.039072
1.234564,110.606691,93.043936
1.234578,110.606691,93.045232
1.234606,110.606691,93.057504
1.234620,110.606691,93.057536
1.234635,110.606691,93.058896
1.234690,110.606691,93.081030
1.234717,110.606691,93.082170
1.234725,110.606691,93.087296
1.234740,110.606691,93.088400
1.234759,110.606691,93.093248
1.234769,110.606691,93.104256
1.234788,110.606691,93.106912
1.234801,110.606691,93.107008
1.234834,110.606691,93.120518
1.234863,110.606691,93.124032
1.234882,110.606691,93.124224
1.234896,110.606691,93.127872
1.234907,110.606691,93.130272
1.234919,110.606691,93.131488
1.234935,110.606691,93.132848
1.234947,110.606691,93.137760
1.234959,110.606691,93.143968
1.234990,110.606691,93.151190
1.235016,110.606691,93.155046
1.235035,110.606691,93.157446
1.235054,110.606691,93.158688
1.235070,110.606691,93.162544
1.235088,110.606691,93.174810
1.235102,110.606691,93.180976
1.235114,110.606691,93.183552
1.235131,110.606691,93.185952
1.235141,110.606691,93.187136
1.235152,110.606691,93.198368
1.235181,110.606691,93.199488
1.235226,110.606691,93.206960
1.235247,110.606691,93.211680
1.235257,110.606691,93.211776
1.235266,110.606691,93.211904
1.235280,110.606691,93.211968
1.235328,110.606691,93.226746
1.235350,110.606691,93.235270
1.235360,110.606691,93.236448
1.235394,110.606691,93.244016
1.235437,110.606691,93.247680
1.235447,110.606691,93.250080
1.235459,110.606691,93.254973
1.235475,110.606691,93.264864
1.235487,110.606691,93.267568
1.235536,110.606691,93.273504
1.235549,110.606691,93.278480
1.235560,110.606691,93.279936
1.235574,110.606691,93.280944
1.235584,110.606691,93.282256
1.235594,110.606691,93.285958
1.235611,110.606691,93.290848
1.235626,110.606691,93.298176
1.235655,110.606691,93.304368
1.235669,110.606691,93.304442
1.235680,110.606691,93.304448
1.235691,110.606691,93.317853
1.235703,110.606691,93.322886
1.235712,110.606691,93.331587
1.235725,110.606691,93.335270
1.235737,110.606691,93.353920
1.235762,110.606691,93.360016
1.235777,110.606691,93.364829
1.235788,110.606691,93.367450
1.235800,110.606691,93.367546
1.235815,110.606691,93.372192
1.235825,110.606691,93.372384
1.235847,110.606691,93.372454
1.235865,110.606691,93.379776
1.235925,110.606691,93.398336
1.235957,110.606691,93.403056
1.235969,110.606691,93.419238
1.235991,110.606691,93.420480
1.236005,110.606691,93.423008
1.236017,110.606691,93.431616
1.236031,110.606691,93.440128
1.236042,110.606691,93.451133
1.236054,110.606691,93.460064
1.236102,110.606691,93.462656
1.236122,110.606691,93.468646
1.236136,110.606691,93.483616
1.236171,110.606691,93.485824
1.236183,110.606691,93.489510
1.236195,110.606691,93.490918
1.236217,110.606691,93.493344
1.236228,110.606691,93.495776
1.236237,110.606691,93.495808
1.236247,110.606691,93.499418
1.236257,110.606691,93.506938
1.236271,110.606691,93.508128
1.236284,110.606691,93.520358
1.236296,110.606691,93.531494
1.236314,110.606691,93.541478
1.236327,110.606691,93.546426
1.236335,110.606691,93.552736
1.236348,110.606691,93.554845
1.236355,110.606691,93.557638
1.236371,110.606691,93.562464
1.236389,110.606691,93.564992
1.236402,110.606691,93.566128
1.236413,110.606691,93.568550
1.236424,110.606691,93.569757
1.236435,110.606691,93.584502
1.236452,110.606691,93.585818
1.236464,110.606691,93.588368
1.236476,110.606691,93.588410
1.236485,110.606691,93.594528
1.236495,110.606691,93.605568
1.236506,110.606691,93.613200
1.236538,110.606691,93.616736
1.236548,110.606691,93.617936
1.236561,110.606691,93.619296
1.236579,110.606691,93.624022
1.236590,110.606691,93.636432
1.236601,110.606691,93.652454
1.236616,110.606691,93.657536
1.236625,110.606691,93.673430
1.236641,110.606691,93.673469
1.236650,110.606691,93.678493
1.236664,110.606691,93.685926
1.236679,110.606691,93.687152
1.236689,110.606691,93.688416
1.236706,110.606691,93.693213
1.236719,110.606691,93.705542
1.236730,110.606691,93.706883
1.236737,110.606691,93.709338
1.236745,110.606691,93.718160
1.236779,110.606691,93.727904
1.236800,110.606691,93.735197
1.236820,110.606691,93.735424
1.236838,110.606691,93.736422
1.236851,110.606691,93.736538
1.236862,110.606691,93.747584
1.236878,110.606691,93.750128
1.236885,110.606691,93.758656
1.236894,110.606691,93.773690
1.236908,110.606691,93.782298
1.236917,110.606691,93.785968
1.236950,110.606691,93.789638
1.236964,110.606691,93.792128
1.236975,110.606691,93.794534
1.237006,110.606691,93.799546
1.237018,110.606691,93.801984
1.237035,110.606691,93.810595
1.237050,110.606691,93.822976
1.237066,110.606691,93.827808
1.237073,110.606691,93.832656
1.237082,110.606691,93.833904
1.237097,110.606691,93.835360
1.237111,110.606691,93.846400
1.237125,110.606691,93.853798
1.237145,110.606691,93.853818
1.237156,110.606691,93.858688
1.237167,110.606691,93.863776
1.237182,110.606691,93.866144
1.237192,110.606691,93.866224
1.237205,110.606691,93.872253
1.237217,110.606691,93.873584
1.237224,110.606691,93.878406
1.237233,110.606691,93.884704
1.237247,110.606691,93.892038
1.237258,110.606691,93.906816
1.237272,110.606691,93.913184
1.237290,110.606691,93.915456
1.237298,110.606691,93.922976
1.237322,110.606691,93.927936
1.237340,110.606691,93.929088
1.237349,110.606691,93.935248
1.237359,110.606691,93.939034
1.237371,110.606691,93.940125
1.237386,110.606691,93.940224
1.237396,110.606691,93.947616
1.237412,110.606691,93.958778
1.237429,110.606691,93.963590
1.237439,110.606691,93.972368
1.237452,110.606691,93.977184
1.237479,110.606691,93.979718
1.237493,110.606691,93.982256
1.237514,110.606691,93.984768
1.237531,110.606691,93.994464
1.237554,110.606691,93.994534
1.237563,110.606691,93.995712
1.237584,110.606691,94.008048
1.237598,110.606691,94.014368
1.237610,110.606691,94.015632
1.237628,110.606691,94.025360
1.237640,110.606691,94.027904
1.237651,110.606691,94.034144
1.237668,110.606691,94.036544
1.237679,110.606691,94.037734
1.237688,110.606691,94.037872
1.237710,110.606691,94.049952
1.237724,110.606691,94.053792
1.237736,110.606691,94.055088
1.237755,110.606691,94.062490
1.237766,110.606691,94.063581
1.237783,110.606691,94.083520
1.237797,110.606691,94.084608
1.237806,110.606691,94.093312
1.237820,110.606691,94.098141
1.237829,110.606691,94.101978
1.237839,110.606691,94.103174
1.237856,110.606691,94.103248
1.237872,110.606691,94.106960
1.237894,110.606691,94.111910
1.237915,110.606691,94.111968
1.237934,110.606691,94.113056
1.237969,110.606691,94.119235
1.237981,110.606691,94.125520
1.237994,110.606691,94.130522
1.238017,110.606691,94.151376
1.238037,110.606691,94.155040
1.238050,110.606691,94.162406
1.238063,110.606691,94.162438
1.238081,110.606691,94.169926
1.238117,110.606691,94.169952
1.238128,110.606691,94.172160
1.238138,110.606691,94.174656
1.238153,110.606691,94.196896
1.238168,110.606691,94.214144
1.238181,110.606691,94.214394
1.238190,110.606691,94.226778
1.238210,110.606691,94.230192
1.238218,110.606691,94.231680
1.238230,110.606691,94.248765
1.238263,110.606691,94.256285
1.238283,110.606691,94.261280
1.238302,110.606691,94.266150
1.238316,110.606691,94.272336
1.238336,110.606691,94.283456
1.238349,110.606691,94.285824
1.238364,110.606691,94.286032
1.238379,110.606691,94.292016
1.238393,110.606691,94.293376
1.238423,110.606691,94.298304
1.238437,110.606691,94.305680
1.238448,110.606691,94.309488
1.238460,110.606691,94.315590
1.238472,110.606691,94.316688
1.238488,110.606691,94.316800
1.238502,110.606691,94.323008
1.238530,110.606691,94.324272
1.238573,110.606691,94.327846
1.238586,110.606691,94.336544
1.238597,110.606691,94.340224
1.238608,110.606691,94.362432
1.238630,110.606691,94.366048
1.238646,110.606691,94.366112
1.238657,110.606691,94.367424
1.238668,110.606691,94.367546
1.238682,110.606691,94.372432
1.238713,110.606691,94.390704
1.238729,110.606691,94.397168
1.238767,110.606691,94.400864
1.238782,110.606691,94.401792
1.238802,110.606691,94.409338
1.238816,110.606691,94.411744
1.238851,110.606691,94.421696
1.238870,110.606691,94.426493
1.238883,110.606691,94.429344
1.238930,110.606691,94.440336
1.238953,110.606691,94.442672
1.238962,110.606691,94.450144
1.238983,110.606691,94.452506
1.239000,110.606691,94.453888
1.239012,110.606691,94.460000
1.239029,110.606691,94.461344
1.239048,110.606691,94.463744
1.239070,110.606691,94.471104
1.239085,110.606691,94.479446
1.239097,110.606691,94.479776
1.239109,110.606691,94.482240
1.239121,110.606691,94.484736
1.239138,110.606691,94.487078
1.239148,110.606691,94.488384
1.239159,110.606691,94.493280
1.239179,110.606691,94.495776
1.239189,110.606691,94.505536
1.239200,110.606691,94.508128
1.239213,110.606691,94.511738
1.239224,110.606691,94.525408
1.239237,110.606691,94.532774
1.239255,110.606691,94.534074
1.239265,110.606691,94.537702
1.239275,110.606691,94.540294
1.239325,110.606691,94.541504
1.239351,110.606691,94.543968
1.239371,110.606691,94.557405
1.239392,110.606691,94.558736
1.239408,110.606691,94.574720
1.239422,110.606691,94.576096
1.239439,110.606691,94.577296
1.239499,110.606691,94.579446
1.239510,110.606691,94.584707
1.239527,110.606691,94.592096
1.239543,110.606691,94.594464
1.239553,110.606691,94.605504
1.239568,110.606691,94.605696
1.239578,110.606691,94.606752
1.239587,110.606691,94.613056
1.239598,110.606691,94.613088
1.239613,110.606691,94.619133
1.239632,110.606691,94.621696
1.239642,110.606691,94.624288
1.239660,110.606691,94.625344
1.239688,110.606691,94.636368
1.239704,110.606691,94.636486
1.239716,110.606691,94.656384
1.239734,110.606691,94.661078
1.239746,110.606691,94.663718
1.239759,110.606691,94.668608
1.239774,110.606691,94.673498
1.239784,110.606691,94.673568
1.239804,110.606691,94.676048
1.239818,110.606691,94.682256
1.239863,110.606691,94.683366
1.239887,110.606691,94.694627
1.239902,110.606691,94.699514
1.239915,110.606691,94.700806
1.239934,110.606691,94.703206
1.239952,110.606691,94.709110
1.239973,110.606691,94.714336
1.239983,110.606691,94.715558
1.239998,110.606691,94.718128
1.240014,110.606691,94.720384
1.240034,110.606691,94.720454
1.240106,110.606691,94.727904
1.240139,110.606691,94.737728
1.240165,110.606691,94.747856
1.240213,110.606691,94.748694
1.240223,110.606691,94.748992
1.240263,110.606691,94.757446
1.240277,110.606691,94.757520
1.240291,110.606691,94.759933
1.240316,110.606691,94.767094
1.240328,110.606691,94.774784
1.240343,110.606691,94.779686
1.240361,110.606691,94.782086
1.240384,110.606691,94.784678
1.240402,110.606691,94.792064
1.240425,110.606691,94.810544
1.240437,110.606691,94.810640
1.240451,110.606691,94.813040
1.240461,110.606691,94.816608
1.240475,110.606691,94.816646
1.240487,110.606691,94.818144
1.240576,110.606691,94.822960
1.240591,110.606691,94.834048
1.240617,110.606691,94.841488
1.240634,110.606691,94.847584
1.240648,110.606691,94.852416
1.240659,110.606691,94.858688
1.240673,110.606691,94.863504
1.240686,110.606691,94.864912
1.240701,110.606691,94.866045
1.240711,110.606691,94.868736
1.240745,110.606691,94.871136
1.240768,110.606691,94.872272
1.240778,110.606691,94.872352
1.240786,110.606691,94.872355
1.240798,110.606691,94.890624
1.240813,110.606691,94.892096
1.240831,110.606691,94.895744
1.240851,110.606691,94.909488
1.240890,110.606691,94.927936
1.240909,110.606691,94.931680
1.240923,110.606691,94.933968
1.240938,110.606691,94.934118
1.240962,110.606691,94.940224
1.240984,110.606691,94.950118
1.241007,110.606691,94.960256
1.241033,110.606691,94.962464
1.241048,110.606691,94.964960
1.241059,110.606691,94.970928
1.241067,110.606691,94.971216
1.241085,110.606691,94.973568
1.241095,110.606691,94.977280
1.241110,110.606691,94.989501
1.241124,110.606691,94.989600
1.241137,110.606691,95.001888
1.241148,110.606691,95.009328
1.241165,110.606691,95.014173
1.241176,110.606691,95.016698
1.241184,110.606691,95.019232
1.241324,110.606691,95.024198
1.241363,110.606691,95.027888
1.241377,110.606691,95.029094
1.241404,110.606691,95.038848
1.241415,110.606691,95.038976
1.241425,110.606691,95.041504
1.241439,110.606691,95.043773
1.241453,110.606691,95.043872
1.241462,110.606691,95.046416
1.241473,110.606691,95.046490
1.241486,110.606691,95.047642
1.241497,110.606691,95.050022
1.241505,110.606691,95.057536
1.241517,110.606691,95.063616
1.241532,110.606691,95.074848
1.241558,110.606691,95.078406
1.241575,110.606691,95.088358
1.241589,110.606691,95.088378
1.241599,110.606691,95.088608
1.241630,110.606691,95.089616
1.241655,110.606691,95.092208
1.241675,110.606691,95.095846
1.241704,110.606691,95.097120
1.241734,110.606691,95.111866
1.241749,110.606691,95.113168
1.241798,110.606691,95.119264
1.241808,110.606691,95.125408
1.241819,110.606691,95.129184
1.241837,110.606691,95.130320
1.241848,110.606691,95.131568
1.241862,110.606691,95.131610
1.241875,110.606691,95.132896
1.241885,110.606691,95.137462
1.241894,110.606691,95.137638
1.241906,110.606691,95.145168
1.241926,110.606691,95.145216
1.241934,110.606691,95.148838
1.241943,110.606691,95.150016
1.241953,110.606691,95.158848
1.241969,110.606691,95.158896
1.242005,110.606691,95.159968
1.242014,110.606691,95.162304
1.242032,110.606691,95.162432
1.242044,110.606691,95.168477
1.242061,110.606691,95.169952
1.242075,110.606691,95.172198
1.242083,110.606691,95.176038
1.242105,110.606691,95.180790
1.242116,110.606691,95.180922
1.242125,110.606691,95.184573
1.242138,110.606691,95.199398
1.242157,110.606691,95.221693
1.242179,110.606691,95.231744
1.242246,110.606691,95.236320
1.242265,110.606691,95.246298
1.242278,110.606691,95.253766
1.242295,110.606691,95.258758
1.242363,110.606691,95.262464
1.242374,110.606691,95.274778
1.242388,110.606691,95.278406
1.242494,110.606691,95.279792
1.242513,110.606691,95.282144
1.242522,110.606691,95.284704
1.242533,110.606691,95.285888
1.242542,110.606691,95.298304
1.242573,110.606691,95.325344
1.242600,110.606691,95.325443
1.242610,110.606691,95.327712
1.242621,110.606691,95.335238
1.242633,110.606691,95.336704
1.242648,110.606691,95.337664
1.242682,110.606691,95.341520
1.242709,110.606691,95.347616
1.242720,110.606691,95.355056
1.242735,110.606691,95.358656
1.242838,110.606691,95.358736
1.242848,110.606691,95.361216
1.242861,110.606691,95.364816
1.242875,110.606691,95.366048
1.242884,110.606691,95.378426
1.242900,110.606691,95.389664
1.242918,110.606691,95.396896
1.242931,110.606691,95.396957
1.242950,110.606691,95.409376
1.242964,110.606691,95.414141
1.242975,110.606691,95.427904
1.242989,110.606691,95.433878
1.242999,110.606691,95.446400
1.243016,110.606691,95.467424
1.243037,110.606691,95.471072
1.243053,110.606691,95.471104
1.243062,110.606691,95.477408
1.243080,110.606691,95.478650
1.243097,110.606691,95.495712
1.243112,110.606691,95.495776
1.243125,110.606691,95.500688
1.243137,110.606691,95.508006
1.243155,110.606691,95.510432
1.243175,110.606691,95.513024
1.243187,110.606691,95.518013
1.243207,110.606691,95.525350
1.243219,110.606691,95.526576
1.243233,110.606691,95.529216
1.243252,110.606691,95.532800
1.243273,110.606691,95.545053
1.243286,110.606691,95.549958
1.243303,110.606691,95.552381
1.243316,110.606691,95.558723
1.243329,110.606691,95.562368
1.243343,110.606691,95.564998
1.243378,110.606691,95.565024
1.243396,110.606691,95.571104
1.243408,110.606691,95.577312
1.243419,110.606691,95.579728
1.243433,110.606691,95.582208
1.243458,110.606691,95.593232
1.243473,110.606691,95.594608
1.243491,110.606691,95.599488
1.243505,110.606691,95.621648
1.243521,110.606691,95.624019
1.243534,110.606691,95.629126
1.243575,110.606691,95.632928
1.243586,110.606691,95.637728
1.243597,110.606691,95.642800
1.243614,110.606691,95.645120
1.243625,110.606691,95.646304
1.243652,110.606691,95.648896
1.243676,110.606691,95.655216
1.243693,110.606691,95.660976
1.243702,110.606691,95.662544
1.243740,110.606691,95.663696
1.243750,110.606691,95.668550
1.243763,110.606691,95.680896
1.243774,110.606691,95.683366
1.243795,110.606691,95.688448
1.243822,110.606691,95.696858
1.243832,110.606691,95.704390
1.243849,110.606691,95.705696
1.243860,110.606691,95.710598
1.243872,110.606691,95.716736
1.243882,110.606691,95.716800
1.243897,110.606691,95.730278
1.243915,110.606691,95.736544
1.243925,110.606691,95.742518
1.243942,110.606691,95.747552
1.243953,110.606691,95.747738
1.243963,110.606691,95.748870
1.243982,110.606691,95.750086
1.244005,110.606691,95.758880
1.244020,110.606691,95.759968
1.244030,110.606691,95.762262
1.244040,110.606691,95.767264
1.244055,110.606691,95.773504
1.244066,110.606691,95.791965
1.244088,110.606691,95.798272
1.244101,110.606691,95.810618
1.244115,110.606691,95.816678
1.244125,110.606691,95.819322
1.244135,110.606691,95.820221
1.244142,110.606691,95.825245
1.244156,110.606691,95.835120
1.244168,110.606691,95.835302
1.244183,110.606691,95.841478
1.244200,110.606691,95.846278
1.244209,110.606691,95.852560
1.244224,110.606691,95.853856
1.244245,110.606691,95.858790
1.244258,110.606691,95.858896
1.244317,110.606691,95.860000
1.244331,110.606691,95.868646
1.244351,110.606691,95.883424
1.244369,110.606691,95.885958
1.244445,110.606691,95.889574
1.244455,110.606691,95.897088
1.244478,110.606691,95.899584
1.244495,110.606691,95.903040
1.244511,110.606691,95.909136
1.244522,110.606691,95.909472
1.244534,110.606691,95.910688
1.244549,110.606691,95.915421
1.244574,110.606691,95.921824
1.244586,110.606691,95.922874
1.244599,110.606691,95.927808
1.244609,110.606691,95.932656
1.244623,110.606691,95.935360
1.244643,110.606691,95.935392
1.244667,110.606691,95.945152
1.244681,110.606691,95.950118
1.244695,110.606691,95.952509
1.244705,110.606691,95.952560
1.244722,110.606691,95.958576
1.244731,110.606691,95.964896
1.244747,110.606691,95.965088
1.244759,110.606691,95.972336
1.244769,110.606691,95.975933
1.244782,110.606691,95.977248
1.244792,110.606691,95.982086
1.244805,110.606691,95.983552
1.244820,110.606691,95.983600
1.244850,110.606691,95.988480
1.244870,110.606691,95.989402
1.244886,110.606691,95.992016
1.244895,110.606691,95.994624
1.244922,110.606691,95.995674
1.244933,110.606691,95.995968
1.244947,110.606691,96.006880
1.244960,110.606691,96.008128
1.244974,110.606691,96.009318
1.244982,110.606691,96.014278
1.245002,110.606691,96.015488
1.245020,110.606691,96.019264
1.245062,110.606691,96.020528
1.245104,110.606691,96.031421
1.245119,110.606691,96.032669
1.245128,110.606691,96.041594
1.245159,110.606691,96.057488
1.245173,110.606691,96.060016
1.245187,110.606691,96.061078
1.245196,110.606691,96.063558
1.245218,110.606691,96.068608
1.245228,110.606691,96.074758
1.245239,110.606691,96.085718
1.245260,110.606691,96.088224
1.245271,110.606691,96.093248
1.245285,110.606691,96.093286
1.245298,110.606691,96.094397
1.245307,110.606691,96.099514
1.245318,110.606691,96.114368
1.245344,110.606691,96.115712
1.245370,110.606691,96.120384
1.245400,110.606691,96.120576
1.245429,110.606691,96.121648
1.245456,110.606691,96.129248
1.245508,110.606691,96.148704
1.245541,110.606691,96.162240
1.245562,110.606691,96.162333
1.245592,110.606691,96.163488
1.245612,110.606691,96.165056
1.245636,110.606691,96.168678
1.245667,110.606691,96.179568
1.245688,110.606691,96.184678
1.245717,110.606691,96.193254
1.245743,110.606691,96.193312
1.245762,110.606691,96.194598
1.245841,110.606691,96.199648
1.245889,110.606691,96.211808
1.245951,110.606691,96.219248
1.245972,110.606691,96.224102
1.245987,110.606691,96.230368
1.246012,110.606691,96.241446
1.246039,110.606691,96.243936
1.246064,110.606691,96.251418
1.246091,110.606691,96.259872
1.246131,110.606691,96.260006
1.246163,110.606691,96.261120
1.246181,110.606691,96.261328
1.246207,110.606691,96.267360
1.246235,110.606691,96.273536
1.246296,110.606691,96.277178
1.246306,110.606691,96.282048
1.246315,110.606691,96.284576
1.246327,110.606691,96.285830
1.246339,110.606691,96.285888
1.246347,110.606691,96.292096
1.246368,110.606691,96.292192
1.246388,110.606691,96.294512
1.246401,110.606691,96.303104
1.246417,110.606691,96.304288
1.246429,110.606691,96.304422
1.246440,110.606691,96.305568
1.246453,110.606691,96.318144
1.246472,110.606691,96.335136
1.246488,110.606691,96.335264
1.246508,110.606691,96.340160
1.246520,110.606691,96.341472
1.246538,110.606691,96.343888
1.246549,110.606691,96.347558
1.246574,110.606691,96.347616
1.246585,110.606691,96.364992
1.246630,110.606691,96.366000
1.246642,110.606691,96.366336
1.246687,110.606691,96.371024
1.246778,110.606691,96.372022
1.246787,110.606691,96.372198
1.246804,110.606691,96.372358
1.246817,110.606691,96.372416
1.246831,110.606691,96.376090
1.246848,110.606691,96.379718
1.246871,110.606691,96.384605
1.246913,110.606691,96.384646
1.246926,110.606691,96.389696
1.246938,110.606691,96.396864
1.246956,110.606691,96.397018
1.246977,110.606691,96.404352
1.246989,110.606691,96.406906
1.247025,110.606691,96.409286
1.247071,110.606691,96.415552
1.247094,110.606691,96.426608
1.247108,110.606691,96.433926
1.247136,110.606691,96.436352
1.247148,110.606691,96.446038
1.247161,110.606691,96.446416
1.247173,110.606691,96.452570
1.247191,110.606691,96.453856
1.247320,110.606691,96.461184
1.247337,110.606691,96.464912
1.247351,110.606691,96.468704
1.247369,110.606691,96.470973
1.247387,110.606691,96.471104
1.247400,110.606691,96.484736
1.247444,110.606691,96.488288
1.247492,110.606691,96.488416
1.247516,110.606691,96.501686
1.247529,110.606691,96.505638
1.247552,110.606691,96.509328
1.247569,110.606691,96.514304
1.247591,110.606691,96.519152
1.247603,110.606691,96.519264
1.247617,110.606691,96.520518
1.247638,110.606691,96.527904
1.247666,110.606691,96.530406
1.247685,110.606691,96.531610
1.247701,110.606691,96.536576
1.247727,110.606691,96.537840
1.247741,110.606691,96.539040
1.247766,110.606691,96.540029
1.247775,110.606691,96.544000
1.247793,110.606691,96.546467
1.247811,110.606691,96.547616
1.247824,110.606691,96.549984
1.247834,110.606691,96.558848
1.247859,110.606691,96.562432
1.247873,110.606691,96.568512
1.247886,110.606691,96.569856
1.247900,110.606691,96.580992
1.247917,110.606691,96.587040
1.247931,110.606691,96.588355
1.247942,110.606691,96.602054
1.247992,110.606691,96.606816
1.248007,110.606691,96.607008
1.248020,110.606691,96.611856
1.248031,110.606691,96.614368
1.248062,110.606691,96.630310
1.248076,110.606691,96.631488
1.248089,110.606691,96.632864
1.248112,110.606691,96.635296
1.248133,110.606691,96.650192
1.248174,110.606691,96.656198
1.248191,110.606691,96.662464
1.248202,110.606691,96.662544
1.248220,110.606691,96.667488
1.248244,110.606691,96.673520
1.248257,110.606691,96.674810
1.248271,110.606691,96.685888
1.248294,110.606691,96.693216
1.248326,110.606691,96.693286
1.248342,110.606691,96.699488
1.248359,110.606691,96.711920
1.248400,110.606691,96.714394
1.248414,110.606691,96.714464
1.248437,110.606691,96.717926
1.248451,110.606691,96.723990
1.248465,110.606691,96.724122
1.248480,110.606691,96.724208
1.248492,110.606691,96.725376
1.248502,110.606691,96.728925
1.248517,110.606691,96.730272
1.248527,110.606691,96.736518
1.248541,110.606691,96.736528
1.248555,110.606691,96.741424
1.248588,110.606691,96.751165
1.248601,110.606691,96.753766
1.248612,110.606691,96.761136
1.248621,110.606691,96.761280
1.248632,110.606691,96.767232
1.248644,110.606691,96.767424
1.248660,110.606691,96.773440
1.248672,110.606691,96.773552
1.248683,110.606691,96.778406
1.248694,110.606691,96.778480
1.248705,110.606691,96.787133
1.248725,110.606691,96.789638
1.248753,110.606691,96.790976
1.248764,110.606691,96.792144
1.248776,110.606691,96.822938
1.248799,110.606691,96.832672
1.248811,110.606691,96.840032
1.248822,110.606691,96.847648
1.248840,110.606691,96.848896
1.248868,110.606691,96.849872
1.248877,110.606691,96.855104
1.248933,110.606691,96.861126
1.248948,110.606691,96.862368
1.248955,110.606691,96.875901
1.248974,110.606691,96.877222
1.249022,110.606691,96.878490
1.249030,110.606691,96.882096
1.249040,110.606691,96.890816
1.249051,110.606691,96.896995
1.249061,110.606691,96.897104
1.249087,110.606691,96.898336
1.249100,110.606691,96.902048
1.249114,110.606691,96.903110
1.249123,110.606691,96.908006
1.249134,110.606691,96.915456
1.249148,110.606691,96.921824
1.249175,110.606691,96.926534
1.249187,110.606691,96.927718
1.249197,110.606691,96.929200
1.249210,110.606691,96.930426
1.249219,110.606691,96.933914
1.249233,110.606691,96.938950
1.249243,110.606691,96.940128
1.249260,110.606691,96.942810
1.249278,110.606691,96.952544
1.249297,110.606691,96.958653
1.249311,110.606691,96.964838
1.249320,110.606691,96.972355
1.249332,110.606691,96.980858
1.249347,110.606691,96.983408
1.249360,110.606691,96.988336
1.249381,110.606691,96.989478
1.249415,110.606691,97.001856
1.249433,110.606691,97.004285
1.249443,110.606691,97.004416
1.249454,110.606691,97.039830
1.249486,110.606691,97.040224
1.249502,110.606691,97.042621
1.249515,110.606691,97.045178
1.249527,110.606691,97.047568
1.249538,110.606691,97.048896
1.249582,110.606691,97.071130
1.249594,110.606691,97.083456
1.249610,110.606691,97.100768
1.249627,110.606691,97.105638
1.249641,110.606691,97.113200
1.249679,110.606691,97.120384
1.249692,110.606691,97.124272
1.249728,110.606691,97.130237
1.249738,110.606691,97.131616
1.249792,110.606691,97.136480
1.249806,110.606691,97.145088
1.249823,110.606691,97.147712
1.249836,110.606691,97.150022
1.249845,110.606691,97.150086
1.249858,110.606691,97.154813
1.249867,110.606691,97.156218
1.249878,110.606691,97.156352
1.249904,110.606691,97.158784
1.249921,110.606691,97.166336
1.249946,110.606691,97.173430
1.249967,110.606691,97.178230
1.249982,110.606691,97.185926
1.249999,110.606691,97.187040
1.250008,110.606691,97.197024
1.250026,110.606691,97.209338
1.250046,110.606691,97.224038
1.250060,110.606691,97.229184
1.250101,110.606691,97.229344
1.250125,110.606691,97.232678
1.250138,110.606691,97.233968
1.250150,110.606691,97.236656
1.250171,110.606691,97.241478
1.250249,110.606691,97.244096
1.250267,110.606691,97.245232
1.250291,110.606691,97.247648
1.250302,110.606691,97.248701
1.250312,110.606691,97.248768
1.250331,110.606691,97.251197
1.250342,110.606691,97.253728
1.250354,110.606691,97.256352
1.250375,110.606691,97.261184
1.250388,110.606691,97.289498
1.250412,110.606691,97.292048
1.250440,110.606691,97.297942
1.250454,110.606691,97.298118
1.250478,110.606691,97.309248
1.250504,110.606691,97.310704
1.250524,110.606691,97.315462
1.250537,110.606691,97.321616
1.250554,110.606691,97.321728
1.250565,110.606691,97.326461
1.250574,110.606691,97.327840
1.250594,110.606691,97.342736
1.250612,110.606691,97.347680
1.250634,110.606691,97.351261
1.250648,110.606691,97.353648
1.250659,110.606691,97.353818
1.250672,110.606691,97.355056
1.250687,110.606691,97.364966
1.250708,110.606691,97.366240
1.250730,110.606691,97.373504
1.250742,110.606691,97.389606
1.250784,110.606691,97.390976
1.250816,110.606691,97.392096
1.250834,110.606691,97.392128
1.250844,110.606691,97.396934
1.250860,110.606691,97.399616
1.250899,110.606691,97.403104
1.250918,110.606691,97.404368
1.250928,110.606691,97.409222
1.250937,110.606691,97.410464
1.250947,110.606691,97.415392
1.250965,110.606691,97.425632
1.250986,110.606691,97.435248
1.250998,110.606691,97.440128
1.251017,110.606691,97.442390
1.251029,110.606691,97.445120
1.251038,110.606691,97.446240
1.251050,110.606691,97.450128
1.251068,110.606691,97.451088
1.251078,110.606691,97.451299
1.251087,110.606691,97.452448
1.251102,110.606691,97.452704
1.251134,110.606691,97.453824
1.251187,110.606691,97.459776
1.251204,110.606691,97.471990
1.251219,110.606691,97.475936
1.251229,110.606691,97.477312
1.251242,110.606691,97.484640
1.251254,110.606691,97.495674
1.251267,110.606691,97.498214
1.251282,110.606691,97.501686
1.251295,110.606691,97.503226
1.251306,110.606691,97.506800
1.251317,110.606691,97.506848
1.251329,110.606691,97.510656
1.251349,110.606691,97.510800
1.251370,110.606691,97.515632
1.251425,110.606691,97.518144
1.251446,110.606691,97.525446
1.251463,110.606691,97.526656
1.251472,110.606691,97.532816
1.251488,110.606691,97.537584
1.251504,110.606691,97.540288
1.251520,110.606691,97.546400
1.251533,110.606691,97.550080
1.251584,110.606691,97.550118
1.251605,110.606691,97.557478
1.251626,110.606691,97.557498
1.251634,110.606691,97.557520
1.251649,110.606691,97.557600
1.251663,110.606691,97.558784
1.251675,110.606691,97.563686
1.251693,110.606691,97.567456
1.251707,110.606691,97.569824
1.251717,110.606691,97.571104
1.251729,110.606691,97.573696
1.251750,110.606691,97.574720
1.251759,110.606691,97.580870
1.251770,110.606691,97.587206
1.251861,110.606691,97.588384
1.251871,110.606691,97.590800
1.251879,110.606691,97.595718
1.251888,110.606691,97.605552
1.251901,110.606691,97.615526
1.251920,110.606691,97.619328
1.251933,110.606691,97.623827
1.251945,110.606691,97.624102
1.251956,110.606691,97.625520
1.252002,110.606691,97.626656
1.252026,110.606691,97.626720
1.252038,110.606691,97.633878
1.252051,110.606691,97.635101
1.252060,110.606691,97.643846
1.252072,110.606691,97.648896
1.252090,110.606691,97.656192
1.252110,110.606691,97.659901
1.252122,110.606691,97.661274
1.252139,110.606691,97.662458
1.252147,110.606691,97.673536
1.252160,110.606691,97.675936
1.252170,110.606691,97.679613
1.252181,110.606691,97.680864
1.252218,110.606691,97.681056
1.252235,110.606691,97.685789
1.252247,110.606691,97.687056
1.252260,110.606691,97.687136
1.252272,110.606691,97.693152
1.252286,110.606691,97.693344
1.252327,110.606691,97.694656
1.252345,110.606691,97.699360
1.252356,110.606691,97.700720
1.252371,110.606691,97.704326
1.252380,110.606691,97.704400
1.252394,110.606691,97.710630
1.252407,110.606691,97.711638
1.252416,110.606691,97.711728
1.252448,110.606691,97.711936
1.252465,110.606691,97.717853
1.252476,110.606691,97.718000
1.252488,110.606691,97.724016
1.252500,110.606691,97.731584
1.252511,110.606691,97.731680
1.252527,110.606691,97.732736
1.252545,110.606691,97.740224
1.252572,110.606691,97.743920
1.252583,110.606691,97.745248
1.252595,110.606691,97.747440
1.252602,110.606691,97.750118
1.252624,110.606691,97.751264
1.252635,110.606691,97.753632
1.252645,110.606691,97.753824
1.252655,110.606691,97.757472
1.252665,110.606691,97.758768
1.252683,110.606691,97.761088
1.252696,110.606691,97.761280
1.252708,110.606691,97.767360
1.252719,110.606691,97.773568
1.252742,110.606691,97.779738
1.252756,110.606691,97.779776
1.252769,110.606691,97.779792
1.252780,110.606691,97.784646
1.252791,110.606691,97.785798
1.252799,110.606691,97.787136
1.252813,110.606691,97.792144
1.252826,110.606691,97.806928
1.252844,110.606691,97.810470
1.252859,110.606691,97.815648
1.252870,110.606691,97.816736
1.252898,110.606691,97.816928
1.252913,110.606691,97.821632
1.252928,110.606691,97.822781
1.252940,110.606691,97.829030
1.252956,110.606691,97.829088
1.252970,110.606691,97.829200
1.252981,110.606691,97.835296
1.252992,110.606691,97.836560
1.253004,110.606691,97.846490
1.253020,110.606691,97.847472
1.253031,110.606691,97.847546
1.253047,110.606691,97.847642
1.253059,110.606691,97.848928
1.253070,110.606691,97.852454
1.253086,110.606691,97.853702
1.253098,110.606691,97.856346
1.253110,110.606691,97.860064
1.253139,110.606691,97.862333
1.253149,110.606691,97.866048
1.253160,110.606691,97.873616
1.253218,110.606691,97.876208
1.253238,110.606691,97.877376
1.253261,110.606691,97.878336
1.253273,110.606691,97.879680
1.253283,110.606691,97.881094
1.253302,110.606691,97.890758
1.253318,110.606691,97.891830
1.253329,110.606691,97.895846
1.253372,110.606691,97.897168
1.253410,110.606691,97.903104
1.253425,110.606691,97.910544
1.253442,110.606691,97.914256
1.253463,110.606691,97.915558
1.253475,110.606691,97.916736
1.253487,110.606691,97.921840
1.253504,110.606691,97.926630
1.253521,110.606691,97.927776
1.253530,110.606691,97.927814
1.253543,110.606691,97.930458
1.253555,110.606691,97.933968
1.253565,110.606691,97.935334
1.253578,110.606691,97.938816
1.253590,110.606691,97.950144
1.253617,110.606691,97.952486
1.253625,110.606691,97.962333
1.253640,110.606691,97.976016
1.253662,110.606691,97.978464
1.253675,110.606691,97.979904
1.253701,110.606691,97.987136
1.253716,110.606691,97.988253
1.253734,110.606691,97.988326
1.253746,110.606691,97.989504
1.253759,110.606691,97.992186
1.253778,110.606691,98.001984
1.253806,110.606691,98.002054
1.253824,110.606691,98.009376
1.253868,110.606691,98.014166
1.253890,110.606691,98.014173
1.253904,110.606691,98.020368
1.253919,110.606691,98.020480
1.253928,110.606691,98.024198
1.253962,110.606691,98.025312
1.253971,110.606691,98.041370
1.253990,110.606691,98.044886
1.254003,110.606691,98.045200
1.254039,110.606691,98.046304
1.254050,110.606691,98.051360
1.254070,110.606691,98.051424
1.254086,110.606691,98.053766
1.254133,110.606691,98.056157
1.254150,110.606691,98.063648
1.254172,110.606691,98.068538
1.254183,110.606691,98.078406
1.254207,110.606691,98.079696
1.254226,110.606691,98.082272
1.254242,110.606691,98.092256
1.254259,110.606691,98.094384
1.254274,110.606691,98.098246
1.254287,110.606691,98.099408
1.254296,110.606691,98.103136
1.254309,110.606691,98.104150
1.254321,110.606691,98.104544
1.254332,110.606691,98.105472
1.254350,110.606691,98.105632
1.254363,110.606691,98.106976
1.254391,110.606691,98.112960
1.254402,110.606691,98.115389
1.254413,110.606691,98.115424
1.254425,110.606691,98.119110
1.254438,110.606691,98.122944
1.254452,110.606691,98.124128
1.254461,110.606691,98.125248
1.254474,110.606691,98.125376
1.254490,110.606691,98.125408
1.254499,110.606691,98.130272
1.254510,110.606691,98.132736
1.254520,110.606691,98.136538
1.254533,110.606691,98.139926
1.254549,110.606691,98.142566
1.254557,110.606691,98.143936
1.254571,110.606691,98.144016
1.254589,110.606691,98.145158
1.254601,110.606691,98.150128
1.254624,110.606691,98.155130
1.254641,110.606691,98.156186
1.254656,110.606691,98.161094
1.254670,110.606691,98.163600
1.254683,110.606691,98.165024
1.254695,110.606691,98.166272
1.254711,110.606691,98.174758
1.254730,110.606691,98.185856
1.254748,110.606691,98.187238
1.254783,110.606691,98.188416
1.254800,110.606691,98.192064
1.254811,110.606691,98.198150
1.254820,110.606691,98.199357
1.254831,110.606691,98.211744
1.254844,110.606691,98.211808
1.254855,110.606691,98.220182
1.254869,110.606691,98.230202
1.254884,110.606691,98.235168
1.254906,110.606691,98.235238
1.254918,110.606691,98.243974
1.254943,110.606691,98.246464
1.254962,110.606691,98.247536
1.254972,110.606691,98.247648
1.254981,110.606691,98.247712
1.254997,110.606691,98.248896
1.255015,110.606691,98.253760
1.255031,110.606691,98.256352
1.255046,110.606691,98.257696
1.255070,110.606691,98.258589
1.255080,110.606691,98.262416
1.255096,110.606691,98.266032
1.255105,110.606691,98.267322
1.255118,110.606691,98.277312
1.255138,110.606691,98.279738
1.255152,110.606691,98.287168
1.255173,110.606691,98.288442
1.255185,110.606691,98.290547
1.255194,110.606691,98.309184
1.255211,110.606691,98.309376
1.255220,110.606691,98.313024
1.255257,110.606691,98.315526
1.255279,110.606691,98.316768
1.255302,110.606691,98.318016
1.255325,110.606691,98.322813
1.255360,110.606691,98.327968
1.255375,110.606691,98.336483
1.255388,110.606691,98.340048
1.255403,110.606691,98.350176
1.255432,110.606691,98.355168
1.255456,110.606691,98.356246
1.255477,110.606691,98.357504
1.255489,110.606691,98.359872
1.255501,110.606691,98.361168
1.255516,110.606691,98.361280
1.255532,110.606691,98.364826
1.255548,110.606691,98.365024
1.255585,110.606691,98.366022
1.255601,110.606691,98.366192
1.255623,110.606691,98.366256
1.255670,110.606691,98.368310
1.255682,110.606691,98.372288
1.255699,110.606691,98.377072
1.255712,110.606691,98.377184
1.255722,110.606691,98.377248
1.255732,110.606691,98.378368
1.255742,110.606691,98.380998
1.255757,110.606691,98.387046
1.255789,110.606691,98.390736
1.255812,110.606691,98.390928
1.255831,110.606691,98.401978
1.255851,110.606691,98.403194
1.255859,110.606691,98.419238
1.255893,110.606691,98.421629
1.255907,110.606691,98.421728
1.255918,110.606691,98.423104
1.255957,110.606691,98.424134
1.255987,110.606691,98.425632
1.256002,110.606691,98.435062
1.256016,110.606691,98.437824
1.256035,110.606691,98.438813
1.256045,110.606691,98.440195
1.256057,110.606691,98.441456
1.256068,110.606691,98.444064
1.256081,110.606691,98.450118
1.256095,110.606691,98.452374
1.256106,110.606691,98.452506
1.256118,110.606691,98.461136
1.256134,110.606691,98.461184
1.256153,110.606691,98.461200
1.256161,110.606691,98.462496
1.256171,110.606691,98.462522
1.256183,110.606691,98.463504
1.256193,110.606691,98.463613
1.256209,110.606691,98.464960
1.256222,110.606691,98.468688
1.256241,110.606691,98.471216
1.256286,110.606691,98.476000
1.256298,110.606691,98.478464
1.256310,110.606691,98.483398
1.256321,110.606691,98.484656
1.256333,110.606691,98.490886
1.256358,110.606691,98.495744
1.256375,110.606691,98.495776
1.256399,110.606691,98.495824
1.256410,110.606691,98.514304
1.256431,110.606691,98.520326
1.256439,110.606691,98.520384
1.256452,110.606691,98.527936
1.256465,110.606691,98.535184
1.256483,110.606691,98.537712
1.256493,110.606691,98.537728
1.256509,110.606691,98.538742
1.256525,110.606691,98.542784
1.256544,110.606691,98.545168
1.256552,110.606691,98.551264
1.256562,110.606691,98.551392
1.256576,110.606691,98.552576
1.256589,110.606691,98.556326
1.256604,110.606691,98.557536
1.256624,110.606691,98.562262
1.256641,110.606691,98.568470
1.256652,110.606691,98.568518
1.256659,110.606691,98.568592
1.256671,110.606691,98.569725
1.256686,110.606691,98.569766
1.256698,110.606691,98.574816
1.256712,110.606691,98.576112
1.256726,110.606691,98.588378
1.256740,110.606691,98.594438
1.256759,110.606691,98.599456
1.256771,110.606691,98.600605
1.256787,110.606691,98.606784
1.256800,110.606691,98.606880
1.256818,110.606691,98.610714
1.256841,110.606691,98.611728
1.256848,110.606691,98.613120
1.256863,110.606691,98.613168
1.256912,110.606691,98.614368
1.256924,110.606691,98.625280
1.256938,110.606691,98.635200
1.256959,110.606691,98.645232
1.256974,110.606691,98.649904
1.256984,110.606691,98.650106
1.256991,110.606691,98.651328
1.257004,110.606691,98.651392
1.257018,110.606691,98.667334
1.257037,110.606691,98.669792
1.257049,110.606691,98.673568
1.257071,110.606691,98.676038
1.257117,110.606691,98.684688
1.257132,110.606691,98.688448
1.257150,110.606691,98.691974
1.257163,110.606691,98.693181
1.257177,110.606691,98.698278
1.257189,110.606691,98.699584
1.257206,110.606691,98.704182
1.257215,110.606691,98.710582
1.257229,110.606691,98.712966
1.257241,110.606691,98.713120
1.257250,110.606691,98.722912
1.257266,110.606691,98.727878
1.257281,110.606691,98.729062
1.257293,110.606691,98.731520
1.257306,110.606691,98.732774
1.257338,110.606691,98.736560
1.257373,110.606691,98.740294
1.257407,110.606691,98.741334
1.257420,110.606691,98.741510
1.257432,110.606691,98.741616
1.257467,110.606691,98.742656
1.257477,110.606691,98.745126
1.257493,110.606691,98.747453
1.257507,110.606691,98.750096
1.257515,110.606691,98.751322
1.257523,110.606691,98.760006
1.257535,110.606691,98.767162
1.257554,110.606691,98.768570
1.257569,110.606691,98.773536
1.257588,110.606691,98.773542
1.257601,110.606691,98.777328
1.257621,110.606691,98.778528
1.257639,110.606691,98.779792
1.257651,110.606691,98.780896
1.257659,110.606691,98.780976
1.257670,110.606691,98.783552
1.257687,110.606691,98.784640
1.257696,110.606691,98.787264
1.257715,110.606691,98.792038
1.257724,110.606691,98.792096
1.257743,110.606691,98.795888
1.257760,110.606691,98.798288
1.257774,110.606691,98.804256
1.257788,110.606691,98.809392
1.257803,110.606691,98.813008
1.257824,110.606691,98.830464
1.257998,110.606691,98.833952
1.258010,110.606691,98.834000
1.258022,110.606691,98.835290
1.258031,110.606691,98.846368
1.258053,110.606691,98.853696
1.258069,110.606691,98.863696
1.258092,110.606691,98.863744
1.258114,110.606691,98.866112
1.258141,110.606691,98.877110
1.258161,110.606691,98.877158
1.258170,110.606691,98.878365
1.258186,110.606691,98.878406
1.258198,110.606691,98.879718
1.258217,110.606691,98.885885
1.258239,110.606691,98.895750
1.258252,110.606691,98.898304
1.258271,110.606691,98.901936
1.258285,110.606691,98.903037
1.258297,110.606691,98.903078
1.258311,110.606691,98.905824
1.258330,110.606691,98.912000
1.258355,110.606691,98.915424
1.258367,110.606691,98.915558
1.258397,110.606691,98.921616
1.258406,110.606691,98.921680
1.258419,110.606691,98.925312
1.258441,110.606691,98.926592
1.258453,110.606691,98.927904
1.258468,110.606691,98.928000
1.258485,110.606691,98.934045
1.258505,110.606691,98.940000
1.258516,110.606691,98.940224
1.258533,110.606691,98.941248
1.258544,110.606691,98.946288
1.258556,110.606691,98.946400
1.258567,110.606691,98.950118
1.258598,110.606691,98.951232
1.258607,110.606691,98.953872
1.258630,110.606691,98.962438
1.258657,110.606691,98.967450
1.258673,110.606691,98.973478
1.258687,110.606691,98.982086
1.258702,110.606691,98.984768
1.258719,110.606691,98.987136
1.258732,110.606691,98.988320
1.258742,110.606691,98.997088
1.258767,110.606691,99.001821
1.258784,110.606691,99.014336
1.258804,110.606691,99.015190
1.258818,110.606691,99.020413
1.258832,110.606691,99.020640
1.258847,110.606691,99.021600
1.258859,110.606691,99.021760
1.258875,110.606691,99.024166
1.258906,110.606691,99.025286
1.258918,110.606691,99.031392
1.258933,110.606691,99.037552
1.258952,110.606691,99.037632
1.258965,110.606691,99.041344
1.258987,110.606691,99.043846
1.259011,110.606691,99.057466
1.259093,110.606691,99.058832
1.259112,110.606691,99.062336
1.259223,110.606691,99.065846
1.259237,110.606691,99.069936
1.259253,110.606691,99.072272
1.259262,110.606691,99.082160
1.259284,110.606691,99.082368
1.259314,110.606691,99.092096
1.259334,110.606691,99.092122
1.259362,110.606691,99.098246
1.259387,110.606691,99.100637
1.259399,110.606691,99.106928
1.259472,110.606691,99.124070
1.259560,110.606691,99.125277
1.259570,110.606691,99.125488
1.259614,110.606691,99.131584
1.259625,110.606691,99.131680
1.259654,110.606691,99.137728
1.259676,110.606691,99.139040
1.259690,110.606691,99.143888
1.259705,110.606691,99.162544
1.259743,110.606691,99.171104
1.259759,110.606691,99.172384
1.259784,110.606691,99.174624
1.259802,110.606691,99.174752
1.259815,110.606691,99.179686
1.259830,110.606691,99.187005
1.259845,110.606691,99.188336
1.259868,110.606691,99.193408
1.259900,110.606691,99.194496
1.259914,110.606691,99.200768
1.259938,110.606691,99.204320
1.259948,110.606691,99.204448
1.259961,110.606691,99.205600
1.259978,110.606691,99.205696
1.259989,110.606691,99.214307
1.260004,110.606691,99.216704
1.260018,110.606691,99.222912
1.260043,110.606691,99.231648
1.260057,110.606691,99.232896
1.260067,110.606691,99.235104
1.260076,110.606691,99.236480
1.260088,110.606691,99.242688
1.260103,110.606691,99.243888
1.260115,110.606691,99.247526
1.260126,110.606691,99.247642
1.260140,110.606691,99.248733
1.260154,110.606691,99.253638
1.260163,110.606691,99.253680
1.260175,110.606691,99.253824
1.260194,110.606691,99.260006
1.260215,110.606691,99.262499
1.260228,110.606691,99.265968
1.260237,110.606691,99.267456
1.260251,110.606691,99.267616
1.260277,110.606691,99.283408
1.260292,110.606691,99.284278
1.260302,110.606691,99.285888
1.260314,110.606691,99.291888
1.260326,110.606691,99.291942
1.260335,110.606691,99.293318
1.260350,110.606691,99.298208
1.260361,110.606691,99.303104
1.260375,110.606691,99.304288
1.260388,110.606691,99.305648
1.260403,110.606691,99.310355
1.260419,110.606691,99.316768
1.260432,110.606691,99.316800
1.260451,110.606691,99.322774
1.260464,110.606691,99.324227
1.260474,110.606691,99.327814
1.260487,110.606691,99.329114
1.260498,110.606691,99.330406
1.260512,110.606691,99.332806
1.260568,110.606691,99.338710
1.260586,110.606691,99.345158
1.260602,110.606691,99.346480
1.260613,110.606691,99.347558
1.260628,110.606691,99.347648
1.260646,110.606691,99.349984
1.260677,110.606691,99.350054
1.260734,110.606691,99.352486
1.260748,110.606691,99.355078
1.260792,110.606691,99.357504
1.260836,110.606691,99.358848
1.260857,110.606691,99.363744
1.260870,110.606691,99.372198
1.260890,110.606691,99.378592
1.260913,110.606691,99.397088
1.260941,110.606691,99.399546
1.260954,110.606691,99.401920
1.260965,110.606691,99.408070
1.260978,110.606691,99.414278
1.260991,110.606691,99.420480
1.261003,110.606691,99.426461
1.261014,110.606691,99.426560
1.261023,110.606691,99.433958
1.261037,110.606691,99.438870
1.261054,110.606691,99.440240
1.261065,110.606691,99.446304
1.261077,110.606691,99.450048
1.261092,110.606691,99.452400
1.261107,110.606691,99.452416
1.261118,110.606691,99.452534
1.261131,110.606691,99.452550
1.261141,110.606691,99.452560
1.261173,110.606691,99.463411
1.261193,110.606691,99.463648
1.261202,110.606691,99.469824
1.261225,110.606691,99.471056
1.261251,110.606691,99.477168
1.261264,110.606691,99.477242
1.261275,110.606691,99.483456
1.261300,110.606691,99.488288
1.261312,110.606691,99.494512
1.261325,110.606691,99.494598
1.261338,110.606691,99.495645
1.261347,110.606691,99.508032
1.261360,110.606691,99.508070
1.261371,110.606691,99.513008
1.261386,110.606691,99.514394
1.261400,110.606691,99.519264
1.261443,110.606691,99.520528
1.261455,110.606691,99.521696
1.261466,110.606691,99.535238
1.261509,110.606691,99.538896
1.261522,110.606691,99.538982
1.261538,110.606691,99.539040
1.261551,110.606691,99.540256
1.261570,110.606691,99.545120
1.261581,110.606691,99.546448
1.261593,110.606691,99.549984
1.261610,110.606691,99.551165
1.261623,110.606691,99.551392
1.261637,110.606691,99.556326
1.261651,110.606691,99.557536
1.261663,110.606691,99.563568
1.261674,110.606691,99.563680
1.261682,110.606691,99.563718
1.261693,110.606691,99.569904
1.261709,110.606691,99.574688
1.261726,110.606691,99.579718
1.261738,110.606691,99.582086
1.261751,110.606691,99.585718
1.261770,110.606691,99.587104
1.261797,110.606691,99.589638
1.261826,110.606691,99.604320
1.261856,110.606691,99.606720
1.261871,110.606691,99.606848
1.261885,110.606691,99.612893
1.261899,110.606691,99.616646
1.261913,110.606691,99.616672
1.261935,110.606691,99.619101
1.261946,110.606691,99.624230
1.261962,110.606691,99.626714
1.261991,110.606691,99.632864
1.262010,110.606691,99.632867
1.262025,110.606691,99.638928
1.262035,110.606691,99.643808
1.262049,110.606691,99.648832
1.262063,110.606691,99.653798
1.262146,110.606691,99.655034
1.262163,110.606691,99.667328
1.262176,110.606691,99.668576
1.262206,110.606691,99.669792
1.262217,110.606691,99.671104
1.262227,110.606691,99.673373
1.262235,110.606691,99.680870
1.262250,110.606691,99.693082
1.262267,110.606691,99.693216
1.262277,110.606691,99.700768
1.262301,110.606691,99.703248
1.262313,110.606691,99.704448
1.262325,110.606691,99.708006
1.262342,110.606691,99.716710
1.262358,110.606691,99.717958
1.262374,110.606691,99.721808
1.262387,110.606691,99.726720
1.262415,110.606691,99.729216
1.262438,110.606691,99.730522
1.262451,110.606691,99.735101
1.262463,110.606691,99.735264
1.262479,110.606691,99.737744
1.262492,110.606691,99.742566
1.262517,110.606691,99.742598
1.262541,110.606691,99.758618
1.262564,110.606691,99.760006
1.262587,110.606691,99.761168
1.262597,110.606691,99.761210
1.262619,110.606691,99.761376
1.262642,110.606691,99.762326
1.262653,110.606691,99.767238
1.262669,110.606691,99.767424
1.262684,110.606691,99.774758
1.262699,110.606691,99.774768
1.262711,110.606691,99.778438
1.262723,110.606691,99.779728
1.262739,110.606691,99.785808
1.262754,110.606691,99.785888
1.262771,110.606691,99.791904
1.262791,110.606691,99.798077
1.262802,110.606691,99.804285
1.262814,110.606691,99.805638
1.262826,110.606691,99.810608
1.262843,110.606691,99.821501
1.262857,110.606691,99.821670
1.262867,110.606691,99.822918
1.262878,110.606691,99.824160
1.262893,110.606691,99.826493
1.262918,110.606691,99.828998
1.262928,110.606691,99.832928
1.262940,110.606691,99.834045
1.262964,110.606691,99.836416
1.262976,110.606691,99.841344
1.262989,110.606691,99.841664
1.263027,110.606691,99.844989
1.263039,110.606691,99.847680
1.263055,110.606691,99.848896
1.263121,110.606691,99.851232
1.263133,110.606691,99.851293
1.263147,110.606691,99.858656
1.263162,110.606691,99.861120
1.263172,110.606691,99.864880
1.263188,110.606691,99.867168
1.263199,110.606691,99.872208
1.263213,110.606691,99.877376
1.263234,110.606691,99.878544
1.263250,110.606691,99.879613
1.263259,110.606691,99.879776
1.263298,110.606691,99.883366
1.263320,110.606691,99.883386
1.263332,110.606691,99.884656
1.263345,110.606691,99.887248
1.263366,110.606691,99.889520
1.263383,110.606691,99.910640
1.263417,110.606691,99.915488
1.263433,110.606691,99.920326
1.263446,110.606691,99.922928
1.263455,110.606691,99.926534
1.263466,110.606691,99.927904
1.263488,110.606691,99.941504
1.263564,110.606691,99.942598
1.263577,110.606691,99.942608
1.263587,110.606691,99.954976
1.263603,110.606691,99.955098
1.263612,110.606691,99.960006
1.263655,110.606691,99.960064
1.263686,110.606691,99.966138
1.263696,110.606691,99.967264
1.263729,110.606691,99.971056
1.263743,110.606691,99.977216
1.263773,110.606691,99.984736
1.263793,110.606691,99.984768
1.263806,110.606691,99.988416
1.263829,110.606691,99.989478
1.263854,110.606691,99.992288
1.263872,110.606691,99.994416
1.263881,110.606691,99.995776
1.263890,110.606691,99.995872
1.263901,110.606691,99.997120
1.264003,110.606691,100.015600
1.264029,110.606691,100.019264
1.264066,110.606691,100.031488
1.264081,110.606691,100.033715
1.264090,110.606691,100.035296
1.264109,110.606691,100.041478
1.264156,110.606691,100.045152
1.264174,110.606691,100.051197
1.264186,110.606691,100.057504
1.264199,110.606691,100.064838
1.264213,110.606691,100.075878
1.264231,110.606691,100.076000
1.264241,110.606691,100.080928
1.264255,110.606691,100.084570
1.264271,110.606691,100.088326
1.264292,110.606691,100.100672
1.264311,110.606691,100.100698
1.264325,110.606691,100.106960
1.264358,110.606691,100.107008
1.264393,110.606691,100.110586
1.264402,110.606691,100.112925
1.264412,110.606691,100.125312
1.264423,110.606691,100.125376
1.264432,110.606691,100.130288
1.264441,110.606691,100.132800
1.264460,110.606691,100.135030
1.264478,110.606691,100.137430
1.264489,110.606691,100.137606
1.264504,110.606691,100.140032
1.264513,110.606691,100.140093
1.264530,110.606691,100.147456
1.264552,110.606691,100.147616
1.264563,110.606691,100.148806
1.264574,110.606691,100.150096
1.264583,110.606691,100.155056
1.264598,110.606691,100.156176
1.264606,110.606691,100.162400
1.264617,110.606691,100.173373
1.264641,110.606691,100.173446
1.264649,110.606691,100.174653
1.264658,110.606691,100.179558
1.264670,110.606691,100.184438
1.264681,110.606691,100.184544
1.264690,110.606691,100.186928
1.264700,110.606691,100.191968
1.264711,110.606691,100.192006
1.264720,110.606691,100.194598
1.264736,110.606691,100.209318
1.264754,110.606691,100.216595
1.264769,110.606691,100.217862
1.264783,110.606691,100.219264
1.264894,110.606691,100.222832
1.264904,110.606691,100.224128
1.264917,110.606691,100.224208
1.264929,110.606691,100.225437
1.264948,110.606691,100.235290
1.264961,110.606691,100.240256
1.264982,110.606691,100.242720
1.264995,110.606691,100.247680
1.265010,110.606691,100.253619
1.265022,110.606691,100.258726
1.265033,110.606691,100.264630
1.265046,110.606691,100.266096
1.265060,110.606691,100.267226
1.265071,110.606691,100.270941
1.265081,110.606691,100.275904
1.265108,110.606691,100.278560
1.265130,110.606691,100.279536
1.265140,110.606691,100.281056
1.265161,110.606691,100.284672
1.265171,110.606691,100.285856
1.265200,110.606691,100.289632
1.265213,110.606691,100.292144
1.265235,110.606691,100.298118
1.265247,110.606691,100.298150
1.265254,110.606691,100.303206
1.265267,110.606691,100.308058
1.265278,110.606691,100.312966
1.265291,110.606691,100.316960
1.265319,110.606691,100.324096
1.265332,110.606691,100.333990
1.265343,110.606691,100.335136
1.265353,110.606691,100.335168
1.265363,110.606691,100.337606
1.265380,110.606691,100.338976
1.265397,110.606691,100.345280
1.265414,110.606691,100.346064
1.265422,110.606691,100.347584
1.265438,110.606691,100.349872
1.265447,110.606691,100.358704
1.265464,110.606691,100.358842
1.265483,110.606691,100.359878
1.265491,110.606691,100.371104
1.265506,110.606691,100.372118
1.265515,110.606691,100.372368
1.265535,110.606691,100.378490
1.265547,110.606691,100.379776
1.265567,110.606691,100.380662
1.265584,110.606691,100.392192
1.265605,110.606691,100.393472
1.265620,110.606691,100.395382
1.265634,110.606691,100.395744
1.265647,110.606691,100.396896
1.265662,110.606691,100.396966
1.265675,110.606691,100.397088
1.265692,110.606691,100.398176
1.265704,110.606691,100.401840
1.265716,110.606691,100.403328
1.265735,110.606691,100.404480
1.265753,110.606691,100.420432
1.265772,110.606691,100.421565
1.265785,110.606691,100.429040
1.265801,110.606691,100.432605
1.265815,110.606691,100.435267
1.265829,110.606691,100.439034
1.265844,110.606691,100.445072
1.265856,110.606691,100.446246
1.265878,110.606691,100.446432
1.265894,110.606691,100.448630
1.265906,110.606691,100.454845
1.265918,110.606691,100.459904
1.265934,110.606691,100.463549
1.265949,110.606691,100.464902
1.265961,110.606691,100.466176
1.265975,110.606691,100.477219
1.265996,110.606691,100.481088
1.266014,110.606691,100.482160
1.266023,110.606691,100.485856
1.266037,110.606691,100.485968
1.266053,110.606691,100.488390
1.266068,110.606691,100.490768
1.266084,110.606691,100.495808
1.266097,110.606691,100.495904
1.266112,110.606691,100.501926
1.266126,110.606691,100.515776
1.266153,110.606691,100.520448
1.266168,110.606691,100.521648
1.266183,110.606691,100.526688
1.266197,110.606691,100.527904
1.266220,110.606691,100.528790
1.266233,110.606691,100.530240
1.266245,110.606691,100.531680
1.266260,110.606691,100.532640
1.266274,110.606691,100.537776
1.266292,110.606691,100.538813
1.266302,110.606691,100.545021
1.266318,110.606691,100.556416
1.266333,110.606691,100.557498
1.266343,110.606691,100.558758
1.266366,110.606691,100.562336
1.266380,110.606691,100.562406
1.266392,110.606691,100.563712
1.266406,110.606691,100.564790
1.266423,110.606691,100.564992
1.266463,110.606691,100.569904
1.266478,110.606691,100.574781
1.266495,110.606691,100.575734
1.266503,110.606691,100.579718
1.266530,110.606691,100.583456
1.266549,110.606691,100.583616
1.266571,110.606691,100.593200
1.266588,110.606691,100.594688
1.266600,110.606691,100.594752
1.266620,110.606691,100.595904
1.266638,110.606691,100.600464
1.266647,110.606691,100.605533
1.266659,110.606691,100.606778
1.266673,110.606691,100.606848
1.266680,110.606691,100.615526
1.266697,110.606691,100.621616
1.266709,110.606691,100.625306
1.266725,110.606691,100.625504
1.266744,110.606691,100.626304
1.266755,110.606691,100.631398
1.266763,110.606691,100.632768
1.266772,110.606691,100.632928
1.266783,110.606691,100.633926
1.266806,110.606691,100.637594
1.266814,110.606691,100.643808
1.266829,110.606691,100.645088
1.266838,110.606691,100.645184
1.266852,110.606691,100.646490
1.266875,110.606691,100.651392
1.266896,110.606691,100.656224
1.266911,110.606691,100.660128
1.266930,110.606691,100.661021
1.266937,110.606691,100.668518
1.266947,110.606691,100.680864
1.266959,110.606691,100.684538
1.266968,110.606691,100.685926
1.266981,110.606691,100.687088
1.267006,110.606691,100.689616
1.267016,110.606691,100.692982
1.267024,110.606691,100.693158
1.267041,110.606691,100.698211
1.267052,110.606691,100.699504
1.267074,110.606691,100.705504
1.267088,110.606691,100.705536
1.267098,110.606691,100.711632
1.267110,110.606691,100.711728
1.267119,110.606691,100.713120
1.267138,110.606691,100.714304
1.267157,110.606691,100.715318
1.267166,110.606691,100.716768
1.267178,110.606691,100.722848
1.267188,110.606691,100.730205
1.267218,110.606691,100.730246
1.267227,110.606691,100.730336
1.267245,110.606691,100.736656
1.267284,110.606691,100.743510
1.267306,110.606691,100.743904
1.267320,110.606691,100.743907
1.267334,110.606691,100.746301
1.267348,110.606691,100.747421
1.267375,110.606691,100.750176
1.267393,110.606691,100.751248
1.267403,110.606691,100.761232
1.267438,110.606691,100.766016
1.267451,110.606691,100.767334
1.267467,110.606691,100.773536
1.267484,110.606691,100.774938
1.267499,110.606691,100.779888
1.267521,110.606691,100.783520
1.267537,110.606691,100.787136
1.267556,110.606691,100.791933
1.267572,110.606691,100.791974
1.267586,110.606691,100.794656
1.267614,110.606691,100.797030
1.267631,110.606691,100.797158
1.267655,110.606691,100.798278
1.267667,110.606691,100.803296
1.267682,110.606691,100.804400
1.267697,110.606691,100.809286
1.267711,110.606691,100.809318
1.267726,110.606691,100.816864
1.267740,110.606691,100.820496
1.267755,110.606691,100.829062
1.267772,110.606691,100.835296
1.267793,110.606691,100.839990
1.267808,110.606691,100.841408
1.267819,110.606691,100.846298
1.267830,110.606691,100.848768
1.267841,110.606691,100.848848
1.267855,110.606691,100.852454
1.267866,110.606691,100.855056
1.267882,110.606691,100.859968
1.267895,110.606691,100.860032
1.267908,110.606691,100.862464
1.267923,110.606691,100.867456
1.267945,110.606691,100.872314
1.267959,110.606691,100.879632
1.267971,110.606691,100.880864
1.267982,110.606691,100.881910
1.267995,110.606691,100.889606
1.268017,110.606691,100.889667
1.268032,110.606691,100.890720
1.268041,110.606691,100.896976
1.268055,110.606691,100.898288
1.268090,110.606691,100.899552
1.268102,110.606691,100.903136
1.268112,110.606691,100.904445
1.268131,110.606691,100.911606
1.268149,110.606691,100.914109
1.268160,110.606691,100.921696
1.268175,110.606691,100.922960
1.268193,110.606691,100.930320
1.268209,110.606691,100.930406
1.268234,110.606691,100.932704
1.268245,110.606691,100.932832
1.268262,110.606691,100.936704
1.268278,110.606691,100.945158
1.268294,110.606691,100.950128
1.268314,110.606691,100.950176
1.268334,110.606691,100.952448
1.268347,110.606691,100.952704
1.268381,110.606691,100.958656
1.268395,110.606691,100.960016
1.268461,110.606691,100.961216
1.268474,110.606691,100.964736
1.268485,110.606691,100.964864
1.268495,110.606691,100.970790
1.268507,110.606691,100.970973
1.268519,110.606691,100.971072
1.268531,110.606691,100.977158
1.268541,110.606691,100.990710
1.268561,110.606691,100.995600
1.268571,110.606691,100.995728
1.268593,110.606691,100.995936
1.268621,110.606691,101.001798
1.268640,110.606691,101.001984
1.268664,110.606691,101.004474
1.268678,110.606691,101.009318
1.268698,110.606691,101.014205
1.268713,110.606691,101.014384
1.268725,110.606691,101.019200
1.268740,110.606691,101.024224
1.268756,110.606691,101.025216
1.268768,110.606691,101.025408
1.268777,110.606691,101.026464
1.268787,110.606691,101.026592
1.268800,110.606691,101.030237
1.268823,110.606691,101.031430
1.268838,110.606691,101.031632
1.268868,110.606691,101.038886
1.268882,110.606691,101.048848
1.268905,110.606691,101.051232
1.268916,110.606691,101.054941
1.268928,110.606691,101.057498
1.268938,110.606691,101.058486
1.268952,110.606691,101.061110
1.268974,110.606691,101.063526
1.269000,110.606691,101.064598
1.269020,110.606691,101.064928
1.269039,110.606691,101.066013
1.269051,110.606691,101.066112
1.269115,110.606691,101.071104
1.269129,110.606691,101.081024
1.269145,110.606691,101.082096
1.269157,110.606691,101.088192
1.269169,110.606691,101.088320
1.269178,110.606691,101.089600
1.269202,110.606691,101.094512
1.269214,110.606691,101.099440
1.269230,110.606691,101.099526
1.269245,110.606691,101.100573
1.269259,110.606691,101.103296
1.269276,110.606691,101.106976
1.269291,110.606691,101.111478
1.269302,110.606691,101.114336
1.269360,110.606691,101.119056
1.269375,110.606691,101.122944
1.269390,110.606691,101.137824
1.269413,110.606691,101.138928
1.269423,110.606691,101.139958
1.269433,110.606691,101.142566
1.269445,110.606691,101.143728
1.269453,110.606691,101.143904
1.269467,110.606691,101.144016
1.269502,110.606691,101.150080
1.269518,110.606691,101.150118
1.269538,110.606691,101.151357
1.269551,110.606691,101.153808
1.269569,110.606691,101.154944
1.269581,110.606691,101.157504
1.269649,110.606691,101.160006
1.269668,110.606691,101.162330
1.269682,110.606691,101.166176
1.269699,110.606691,101.168400
1.269707,110.606691,101.172368
1.269729,110.606691,101.179738
1.269747,110.606691,101.179776
1.269781,110.606691,101.198112
1.269814,110.606691,101.199414
1.269825,110.606691,101.206938
1.269845,110.606691,101.211808
1.269859,110.606691,101.213014
1.269880,110.606691,101.214336
1.269899,110.606691,101.216614
1.269915,110.606691,101.217955
1.269925,110.606691,101.224070
1.269936,110.606691,101.230336
1.269948,110.606691,101.239046
1.270056,110.606691,101.247494
1.270072,110.606691,101.253760
1.270089,110.606691,101.261088
1.270102,110.606691,101.261200
1.270110,110.606691,101.262464
1.270123,110.606691,101.262522
1.270136,110.606691,101.267366
1.270154,110.606691,101.276134
1.270172,110.606691,101.277376
1.270194,110.606691,101.279776
1.270212,110.606691,101.279792
1.270237,110.606691,101.284666
1.270251,110.606691,101.285798
1.270274,110.606691,101.290880
1.270294,110.606691,101.292096
1.270316,110.606691,101.292144
1.270332,110.606691,101.297056
1.270355,110.606691,101.297200
1.270380,110.606691,101.304368
1.270394,110.606691,101.315526
1.270453,110.606691,101.316470
1.270462,110.606691,101.322742
1.270486,110.606691,101.322816
1.270495,110.606691,101.322886
1.270505,110.606691,101.332928
1.270521,110.606691,101.339910
1.270530,110.606691,101.341520
1.270557,110.606691,101.344064
1.270573,110.606691,101.347526
1.270584,110.606691,101.352544
1.270600,110.606691,101.352576
1.270611,110.606691,101.353590
1.270618,110.606691,101.358525
1.270630,110.606691,101.360064
1.270691,110.606691,101.364954
1.270704,110.606691,101.366096
1.270722,110.606691,101.375798
1.270738,110.606691,101.384544
1.270757,110.606691,101.389600
1.270775,110.606691,101.389616
1.270798,110.606691,101.397024
1.270820,110.606691,101.398051
1.270829,110.606691,101.398288
1.270845,110.606691,101.403152
1.270856,110.606691,101.404400
1.270865,110.606691,101.415408
1.270884,110.606691,101.415616
1.270897,110.606691,101.427664
1.270920,110.606691,101.429040
1.270936,110.606691,101.436544
1.270951,110.606691,101.438848
1.270973,110.606691,101.440240
1.271012,110.606691,101.441469
1.271039,110.606691,101.441478
1.271232,110.606691,101.441696
1.271246,110.606691,101.446400
1.271262,110.606691,101.448826
1.271275,110.606691,101.451197
1.271288,110.606691,101.453888
1.271313,110.606691,101.457504
1.271323,110.606691,101.462528
1.271344,110.606691,101.466144
1.271367,110.606691,101.467184
1.271378,110.606691,101.469920
1.271399,110.606691,101.472086
1.271419,110.606691,101.473664
1.271443,110.606691,101.477344
1.271462,110.606691,101.478496
1.271488,110.606691,101.484678
1.271504,110.606691,101.488320
1.271525,110.606691,101.489690
1.271538,110.606691,101.493046
1.271554,110.606691,101.500672
1.271574,110.606691,101.500701
1.271588,110.606691,101.501968
1.271628,110.606691,101.503296
1.271653,110.606691,101.504182
1.271666,110.606691,101.508070
1.271687,110.606691,101.508128
1.271701,110.606691,101.510262
1.271718,110.606691,101.514320
1.271734,110.606691,101.519168
1.271748,110.606691,101.520416
1.271763,110.606691,101.529152
1.271778,110.606691,101.537606
1.271789,110.606691,101.538688
1.271801,110.606691,101.549904
1.271824,110.606691,101.551222
1.271841,110.606691,101.551226
1.271857,110.606691,101.551322
1.271865,110.606691,101.551424
1.271882,110.606691,101.552224
1.271891,110.606691,101.556134
1.271900,110.606691,101.557318
1.271909,110.606691,101.560026
1.271918,110.606691,101.562224
1.271927,110.606691,101.562400
1.271939,110.606691,101.563514
1.271950,110.606691,101.566013
1.271962,110.606691,101.569728
1.271970,110.606691,101.569757
1.271985,110.606691,101.569798
1.272015,110.606691,101.572157
1.272024,110.606691,101.572336
1.272038,110.606691,101.579888
1.272060,110.606691,101.581056
1.272073,110.606691,101.582144
1.272083,110.606691,101.583616
1.272108,110.606691,101.589504
1.272123,110.606691,101.594752
1.272154,110.606691,101.599450
1.272173,110.606691,101.600704
1.272197,110.606691,101.614464
1.272231,110.606691,101.617936
1.272245,110.606691,101.620368
1.272256,110.606691,101.625520
1.272272,110.606691,101.631456
1.272282,110.606691,101.632890
1.272298,110.606691,101.638976
1.272321,110.606691,101.640224
1.272335,110.606691,101.640288
1.272348,110.606691,101.648928
1.272376,110.606691,101.651392
1.272395,110.606691,101.663648
1.272413,110.606691,101.669824
1.272438,110.606691,101.669904
1.272456,110.606691,101.672112
1.272470,110.606691,101.680797
1.272481,110.606691,101.686016
1.272520,110.606691,101.689565
1.272589,110.606691,101.692006
1.272601,110.606691,101.693184
1.272611,110.606691,101.695866
1.272624,110.606691,101.700768
1.272643,110.606691,101.705664
1.272661,110.606691,101.713056
1.272679,110.606691,101.714096
1.272691,110.606691,101.717757
1.272704,110.606691,101.717853
1.272713,110.606691,101.718016
1.272730,110.606691,101.724048
1.272743,110.606691,101.725181
1.272755,110.606691,101.730128
1.272769,110.606691,101.730368
1.272788,110.606691,101.731632
1.272807,110.606691,101.736506
1.272818,110.606691,101.737792
1.272834,110.606691,101.746304
1.272856,110.606691,101.747587
1.272873,110.606691,101.749984
1.272887,110.606691,101.750118
1.272946,110.606691,101.753872
1.272968,110.606691,101.755008
1.272985,110.606691,101.755104
1.272998,110.606691,101.759795
1.273022,110.606691,101.761216
1.273035,110.606691,101.761232
1.273061,110.606691,101.766080
1.273070,110.606691,101.767328
1.273097,110.606691,101.773466
1.273111,110.606691,101.778326
1.273123,110.606691,101.782086
1.273147,110.606691,101.783376
1.273162,110.606691,101.784678
1.273177,110.606691,101.786944
1.273190,110.606691,101.788416
1.273202,110.606691,101.789606
1.273235,110.606691,101.795936
1.273248,110.606691,101.796819
1.273260,110.606691,101.799520
1.273271,110.606691,101.809152
1.273291,110.606691,101.809312
1.273301,110.606691,101.815392
1.273312,110.606691,101.815526
1.273324,110.606691,101.816640
1.273332,110.606691,101.821584
1.273340,110.606691,101.822694
1.273362,110.606691,101.822960
1.273402,110.606691,101.827734
1.273416,110.606691,101.828928
1.273428,110.606691,101.829056
1.273454,110.606691,101.830365
1.273465,110.606691,101.835248
1.273477,110.606691,101.835376
1.273487,110.606691,101.836480
1.273504,110.606691,101.840176
1.273520,110.606691,101.840218
1.273528,110.606691,101.841520
1.273539,110.606691,101.847616
1.273551,110.606691,101.853808
1.273571,110.606691,101.858810
1.273584,110.606691,101.859942
1.273599,110.606691,101.866256
1.273644,110.606691,101.867376
1.273656,110.606691,101.868576
1.273672,110.606691,101.869952
1.273683,110.606691,101.878438
1.273699,110.606691,101.885952
1.273712,110.606691,101.889536
1.273724,110.606691,101.890656
1.273735,110.606691,101.892122
1.273752,110.606691,101.893344
1.273765,110.606691,101.895770
1.273779,110.606691,101.909434
1.273800,110.606691,101.911936
1.273821,110.606691,101.915238
1.273833,110.606691,101.915318
1.273843,110.606691,101.915424
1.273855,110.606691,101.921648
1.273865,110.606691,101.921670
1.273879,110.606691,101.921786
1.273891,110.606691,101.924208
1.273908,110.606691,101.927718
1.273940,110.606691,101.927744
1.273952,110.606691,101.927904
1.273977,110.606691,101.931254
1.273985,110.606691,101.933882
1.273994,110.606691,101.935062
1.274003,110.606691,101.935206
1.274012,110.606691,101.936518
1.274031,110.606691,101.938848
1.274042,110.606691,101.938976
1.274053,110.606691,101.945062
1.274064,110.606691,101.946512
1.274080,110.606691,101.950144
1.274092,110.606691,101.951216
1.274101,110.606691,101.951392
1.274119,110.606691,101.956157
1.274132,110.606691,101.957440
1.274142,110.606691,101.961376
1.274164,110.606691,101.969840
1.274181,110.606691,101.971002
1.274188,110.606691,101.977216
1.274209,110.606691,101.977280
1.274240,110.606691,101.982150
1.274253,110.606691,101.983248
1.274260,110.606691,101.983418
1.274268,110.606691,101.984656
1.274290,110.606691,101.987248
1.274308,110.606691,101.988336
1.274325,110.606691,101.990518
1.274336,110.606691,101.990646
1.274347,110.606691,101.990848
1.274358,110.606691,101.991830
1.274376,110.606691,101.992122
1.274385,110.606691,101.994566
1.274402,110.606691,102.000646
1.274414,110.606691,102.004253
1.274423,110.606691,102.006790
1.274434,110.606691,102.010640
1.274451,110.606691,102.016704
1.274464,110.606691,102.017885
1.274476,110.606691,102.019206
1.274493,110.606691,102.021696
1.274512,110.606691,102.026534
1.274645,110.606691,102.029216
1.274683,110.606691,102.031648
1.274694,110.606691,102.032880
1.274708,110.606691,102.039005
1.274728,110.606691,102.052538
1.274748,110.606691,102.053856
1.274768,110.606691,102.057267
1.274782,110.606691,102.058848
1.274796,110.606691,102.061184
1.274824,110.606691,102.062262
1.274839,110.606691,102.062374
1.274851,110.606691,102.065875
1.274862,110.606691,102.067526
1.274885,110.606691,102.072384
1.274900,110.606691,102.075840
1.274911,110.606691,102.079706
1.274925,110.606691,102.079728
1.274937,110.606691,102.080688
1.274944,110.606691,102.082048
1.274954,110.606691,102.083424
1.274997,110.606691,102.084678
1.275009,110.606691,102.090726
1.275021,110.606691,102.093245
1.275034,110.606691,102.094416
1.275047,110.606691,102.094608
1.275070,110.606691,102.098246
1.275094,110.606691,102.103088
1.275104,110.606691,102.105658
1.275117,110.606691,102.113120
1.275139,110.606691,102.118934
1.275151,110.606691,102.121648
1.275165,110.606691,102.124032
1.275177,110.606691,102.125309
1.275187,110.606691,102.125334
1.275196,110.606691,102.130224
1.275208,110.606691,102.135334
1.275247,110.606691,102.136448
1.275256,110.606691,102.141235
1.275268,110.606691,102.142493
1.275278,110.606691,102.145136
1.275286,110.606691,102.145158
1.275316,110.606691,102.145232
1.275341,110.606691,102.147744
1.275355,110.606691,102.148733
1.275375,110.606691,102.153744
1.275393,110.606691,102.155046
1.275405,110.606691,102.156336
1.275440,110.606691,102.162202
1.275458,110.606691,102.164816
1.275471,110.606691,102.164864
1.275489,110.606691,102.167184
1.275499,110.606691,102.168698
1.275511,110.606691,102.170995
1.275526,110.606691,102.173456
1.275537,110.606691,102.176038
1.275553,110.606691,102.179680
1.275563,110.606691,102.187078
1.275574,110.606691,102.193286
1.275590,110.606691,102.195446
1.275600,110.606691,102.195776
1.275616,110.606691,102.201984
1.275639,110.606691,102.203296
1.275652,110.606691,102.204294
1.275664,110.606691,102.224198
1.275704,110.606691,102.225318
1.275715,110.606691,102.228992
1.275732,110.606691,102.236358
1.275749,110.606691,102.236445
1.275761,110.606691,102.241408
1.275776,110.606691,102.244992
1.275790,110.606691,102.245126
1.275821,110.606691,102.246496
1.275838,110.606691,102.248806
1.275850,110.606691,102.248832
1.275866,110.606691,102.253427
1.275875,110.606691,102.253702
1.275883,110.606691,102.261024
1.275902,110.606691,102.264701
1.275911,110.606691,102.266048
1.275920,110.606691,102.273446
1.275932,110.606691,102.273616
1.275946,110.606691,102.274736
1.275961,110.606691,102.279632
1.275975,110.606691,102.282010
1.275987,110.606691,102.290643
1.276007,110.606691,102.290720
1.276018,110.606691,102.292096
1.276037,110.606691,102.293248
1.276048,110.606691,102.296912
1.276057,110.606691,102.297910
1.276067,110.606691,102.298118
1.276084,110.606691,102.298288
1.276100,110.606691,102.302048
1.276129,110.606691,102.303136
1.276152,110.606691,102.305533
1.276166,110.606691,102.305696
1.276187,110.606691,102.310454
1.276197,110.606691,102.310464
1.276214,110.606691,102.310656
1.276227,110.606691,102.314394
1.276239,110.606691,102.316422
1.276249,110.606691,102.318106
1.276272,110.606691,102.321632
1.276282,110.606691,102.322752
1.276290,110.606691,102.322944
1.276319,110.606691,102.328960
1.276341,110.606691,102.329088
1.276355,110.606691,102.331472
1.276368,110.606691,102.332864
1.276383,110.606691,102.336288
1.276396,110.606691,102.340230
1.276413,110.606691,102.341328
1.276423,110.606691,102.341360
1.276433,110.606691,102.345158
1.276484,110.606691,102.348899
1.276499,110.606691,102.349984
1.276508,110.606691,102.353616
1.276518,110.606691,102.363382
1.276531,110.606691,102.363696
1.276548,110.606691,102.367389
1.276563,110.606691,102.371926
1.276575,110.606691,102.377248
1.276598,110.606691,102.379718
1.276659,110.606691,102.380864
1.276668,110.606691,102.385936
1.276689,110.606691,102.388368
1.276701,110.606691,102.390592
1.276713,110.606691,102.390688
1.276725,110.606691,102.404416
1.276745,110.606691,102.409376
1.276767,110.606691,102.410454
1.276781,110.606691,102.410627
1.276791,110.606691,102.415514
1.276804,110.606691,102.416646
1.276815,110.606691,102.416736
1.276837,110.606691,102.427888
1.276869,110.606691,102.440016
1.276885,110.606691,102.440070
1.276898,110.606691,102.446336
1.276914,110.606691,102.451133
1.276925,110.606691,102.451232
1.276935,110.606691,102.452320
1.276947,110.606691,102.452528
1.276958,110.606691,102.458842
1.276977,110.606691,102.464896
1.276993,110.606691,102.464912
1.277005,110.606691,102.464992
1.277021,110.606691,102.470842
1.277032,110.606691,102.470976
1.277042,110.606691,102.471066
1.277065,110.606691,102.472250
1.277075,110.606691,102.473430
1.277093,110.606691,102.475933
1.277108,110.606691,102.477222
1.277117,110.606691,102.477242
1.277127,110.606691,102.477408
1.277142,110.606691,102.485792
1.277236,110.606691,102.489616
1.277382,110.606691,102.490944
1.277394,110.606691,102.492029
1.277472,110.606691,102.493286
1.277487,110.606691,102.495616
1.277498,110.606691,102.501840
1.277514,110.606691,102.505530
1.277525,110.606691,102.505808
1.277538,110.606691,102.507936
1.277548,110.606691,102.508064
1.277561,110.606691,102.510694
1.277580,110.606691,102.512886
1.277600,110.606691,102.513024
1.277638,110.606691,102.513072
1.277672,110.606691,102.516688
1.277695,110.606691,102.519184
1.277707,110.606691,102.519270
1.277724,110.606691,102.537680
1.277743,110.606691,102.538928
1.277758,110.606691,102.544822
1.277770,110.606691,102.545158
1.277783,110.606691,102.550048
1.277799,110.606691,102.557376
1.277815,110.606691,102.557430
1.277824,110.606691,102.563334
1.277836,110.606691,102.563642
1.277847,110.606691,102.567424
1.277864,110.606691,102.568614
1.277874,110.606691,102.569818
1.277890,110.606691,102.574944
1.277907,110.606691,102.575837
1.277920,110.606691,102.582256
1.277937,110.606691,102.588390
1.277959,110.606691,102.592099
1.277987,110.606691,102.594374
1.277997,110.606691,102.594470
1.278008,110.606691,102.594566
1.278085,110.606691,102.595808
1.278110,110.606691,102.605616
1.278124,110.606691,102.605648
1.278135,110.606691,102.608016
1.278146,110.606691,102.612755
1.278157,110.606691,102.616736
1.278171,110.606691,102.617853
1.278181,110.606691,102.617926
1.278190,110.606691,102.619104
1.278198,110.606691,102.619216
1.278207,110.606691,102.624029
1.278233,110.606691,102.625370
1.278245,110.606691,102.625488
1.278287,110.606691,102.628992
1.278298,110.606691,102.631584
1.278318,110.606691,102.631680
1.278328,110.606691,102.636570
1.278341,110.606691,102.642557
1.278357,110.606691,102.643677
1.278367,110.606691,102.643773
1.278381,110.606691,102.643904
1.278392,110.606691,102.646464
1.278417,110.606691,102.647680
1.278428,110.606691,102.649968
1.278450,110.606691,102.650118
1.278466,110.606691,102.658758
1.278484,110.606691,102.658800
1.278497,110.606691,102.659808
1.278509,110.606691,102.665981
1.278535,110.606691,102.669904
1.278549,110.606691,102.670970
1.278557,110.606691,102.671130
1.278564,110.606691,102.672022
1.278580,110.606691,102.680960
1.278593,110.606691,102.683261
1.278602,110.606691,102.683366
1.278627,110.606691,102.688358
1.278645,110.606691,102.688512
1.278668,110.606691,102.693248
1.278678,110.606691,102.695878
1.278694,110.606691,102.704448
1.278709,110.606691,102.705542
1.278722,110.606691,102.708006
1.278738,110.606691,102.711840
1.278755,110.606691,102.723984
1.278769,110.606691,102.724093
1.278782,110.606691,102.725440
1.278795,110.606691,102.727846
1.278836,110.606691,102.729930
1.278854,110.606691,102.731648
1.278868,110.606691,102.732736
1.278878,110.606691,102.735232
1.278887,110.606691,102.741232
1.278900,110.606691,102.742598
1.278913,110.606691,102.743888
1.278936,110.606691,102.745024
1.278961,110.606691,102.748694
1.278979,110.606691,102.748710
1.278991,110.606691,102.750118
1.279004,110.606691,102.752544
1.279041,110.606691,102.754848
1.279053,110.606691,102.754976
1.279063,110.606691,102.755008
1.279081,110.606691,102.759872
1.279090,110.606691,102.760006
1.279123,110.606691,102.762490
1.279136,110.606691,102.762512
1.279147,110.606691,102.763446
1.279161,110.606691,102.773536
1.279176,110.606691,102.773616
1.279188,110.606691,102.779728
1.279202,110.606691,102.782096
1.279216,110.606691,102.785840
1.279231,110.606691,102.787104
1.279256,110.606691,102.790694
1.279271,110.606691,102.795776
1.279284,110.606691,102.797936
1.279295,110.606691,102.804358
1.279306,110.606691,102.804416
1.279322,110.606691,102.808061
1.279336,110.606691,102.811475
1.279353,110.606691,102.815382
1.279370,110.606691,102.815456
1.279382,110.606691,102.816838
1.279416,110.606691,102.817754
1.279430,110.606691,102.818032
1.279443,110.606691,102.827664
1.279466,110.606691,102.836656
1.279490,110.606691,102.841408
1.279502,110.606691,102.846320
1.279512,110.606691,102.847568
1.279537,110.606691,102.847610
1.279549,110.606691,102.853462
1.279562,110.606691,102.858768
1.279580,110.606691,102.859670
1.279592,110.606691,102.859802
1.279602,110.606691,102.861168
1.279618,110.606691,102.862330
1.279629,110.606691,102.862438
1.279642,110.606691,102.864838
1.279651,110.606691,102.865056
1.279671,110.606691,102.868576
1.279687,110.606691,102.878304
1.279706,110.606691,102.883366
1.279718,110.606691,102.885952
1.279731,110.606691,102.887194
1.279742,110.606691,102.887296
1.279756,110.606691,102.891766
1.279771,110.606691,102.891997
1.279786,110.606691,102.892016
1.279806,110.606691,102.892038
1.279823,110.606691,102.896784
1.279834,110.606691,102.898176
1.279849,110.606691,102.899642
1.279866,110.606691,102.902010
1.279884,110.606691,102.909280
1.279904,110.606691,102.910560
1.279914,110.606691,102.911654
1.279927,110.606691,102.920147
1.279941,110.606691,102.926496
1.279956,110.606691,102.926720
1.279968,110.606691,102.932864
1.279986,110.606691,102.938784
1.279995,110.606691,102.940160
1.280066,110.606691,102.942624
1.280094,110.606691,102.945078
1.280112,110.606691,102.945126
1.280137,110.606691,102.946368
1.280148,110.606691,102.947616
1.280222,110.606691,102.950998
1.280233,110.606691,102.951094
1.280244,110.606691,102.951322
1.280252,110.606691,102.951366
1.280266,110.606691,102.952413
1.280289,110.606691,102.952454
1.280300,110.606691,102.957488
1.280369,110.606691,102.957504
1.280409,110.606691,102.967264
1.280427,110.606691,102.969648
1.280434,110.606691,102.971046
1.280452,110.606691,102.971056
1.280463,110.606691,102.979776
1.280482,110.606691,102.983126
1.280494,110.606691,102.984544
1.280504,110.606691,102.984768
1.280525,110.606691,102.987958
1.280542,110.606691,102.994397
1.280563,110.606691,102.994624
1.280598,110.606691,102.995792
1.280631,110.606691,102.997910
1.280642,110.606691,103.001888
1.280653,110.606691,103.004413
1.280670,110.606691,103.007968
1.280692,110.606691,103.019264
1.280742,110.606691,103.020336
1.280752,110.606691,103.020528
1.280765,110.606691,103.026624
1.280779,110.606691,103.027907
1.280820,110.606691,103.036486
1.280840,110.606691,103.042390
1.280857,110.606691,103.046310
1.280871,110.606691,103.048838
1.280885,110.606691,103.051229
1.280903,110.606691,103.051254
1.280913,110.606691,103.052704
1.280938,110.606691,103.053664
1.280951,110.606691,103.056320
1.280960,110.606691,103.057350
1.280973,110.606691,103.057398
1.280985,110.606691,103.058758
1.281008,110.606691,103.061184
1.281021,110.606691,103.062368
1.281032,110.606691,103.067424
1.281044,110.606691,103.068544
1.281059,110.606691,103.069904
1.281087,110.606691,103.072086
1.281114,110.606691,103.079718
1.281126,110.606691,103.080832
1.281138,110.606691,103.081974
1.281146,110.606691,103.090736
1.281158,110.606691,103.100576
1.281171,110.606691,103.103072
1.281185,110.606691,103.103226
1.281193,110.606691,103.111750
1.281207,110.606691,103.112966
1.281222,110.606691,103.114208
1.281235,110.606691,103.115382
1.281249,110.606691,103.117984
1.281265,110.606691,103.120486
1.281281,110.606691,103.124122
1.281295,110.606691,103.125376
1.281313,110.606691,103.130141
1.281322,110.606691,103.133814
1.281348,110.606691,103.137606
1.281377,110.606691,103.137638
1.281389,110.606691,103.143616
1.281402,110.606691,103.145072
1.281415,110.606691,103.149958
1.281431,110.606691,103.149984
1.281451,110.606691,103.153728
1.281467,110.606691,103.153888
1.281486,110.606691,103.157536
1.281497,110.606691,103.162400
1.281508,110.606691,103.164784
1.281520,110.606691,103.167091
1.281528,110.606691,103.167328
1.281538,110.606691,103.168598
1.281553,110.606691,103.170870
1.281576,110.606691,103.171037
1.281612,110.606691,103.172368
1.281632,110.606691,103.172384
1.281648,110.606691,103.173142
1.281659,110.606691,103.174928
1.281675,110.606691,103.176038
1.281690,110.606691,103.180848
1.281707,110.606691,103.180992
1.281720,110.606691,103.185888
1.281736,110.606691,103.185926
1.281747,110.606691,103.187136
1.281762,110.606691,103.194448
1.281777,110.606691,103.198192
1.281787,110.606691,103.200502
1.281801,110.606691,103.205648
1.281816,110.606691,103.210640
1.281837,110.606691,103.216688
1.281850,110.606691,103.217846
1.281858,110.606691,103.222944
1.281873,110.606691,103.224038
1.281883,110.606691,103.231494
1.281897,110.606691,103.241309
1.281912,110.606691,103.242720
1.281926,110.606691,103.244016
1.281960,110.606691,103.248502
1.281972,110.606691,103.248800
1.281980,110.606691,103.254880
1.281991,110.606691,103.259920
1.282007,110.606691,103.261053
1.282021,110.606691,103.263616
1.282037,110.606691,103.264800
1.282048,110.606691,103.278291
1.282066,110.606691,103.280992
1.282080,110.606691,103.283398
1.282093,110.606691,103.284560
1.282101,110.606691,103.285936
1.282117,110.606691,103.289696
1.282133,110.606691,103.293328
1.282175,110.606691,103.295744
1.282211,110.606691,103.296934
1.282220,110.606691,103.298170
1.282228,110.606691,103.298246
1.282255,110.606691,103.299392
1.282263,110.606691,103.299488
1.282276,110.606691,103.305638
1.282355,110.606691,103.309440
1.282368,110.606691,103.310528
1.282379,110.606691,103.316608
1.282392,110.606691,103.321520
1.282404,110.606691,103.321526
1.282415,110.606691,103.321574
1.282423,110.606691,103.322781
1.282436,110.606691,103.327878
1.282454,110.606691,103.327936
1.282469,110.606691,103.328944
1.282482,110.606691,103.330394
1.282492,110.606691,103.336547
1.282505,110.606691,103.344989
1.282520,110.606691,103.357478
1.282542,110.606691,103.358662
1.282557,110.606691,103.361120
1.282566,110.606691,103.365990
1.282577,110.606691,103.368704
1.282593,110.606691,103.369894
1.282610,110.606691,103.369952
1.282622,110.606691,103.371216
1.282649,110.606691,103.372256
1.282673,110.606691,103.374726
1.282687,110.606691,103.377053
1.282696,110.606691,103.377072
1.282707,110.606691,103.378240
1.282716,110.606691,103.378544
1.282748,110.606691,103.379776
1.282765,110.606691,103.380992
1.282781,110.606691,103.384550
1.282803,110.606691,103.398170
1.282824,110.606691,103.404448
1.282846,110.606691,103.406928
1.282858,110.606691,103.407878
1.282869,110.606691,103.407974
1.282879,110.606691,103.408128
1.282889,110.606691,103.410640
1.282909,110.606691,103.416864
1.282929,110.606691,103.420390
1.282941,110.606691,103.421696
1.282952,110.606691,103.425488
1.282963,110.606691,103.427888
1.282984,110.606691,103.429126
1.283012,110.606691,103.432896
1.283024,110.606691,103.438992
1.283038,110.606691,103.441424
1.283047,110.606691,103.442608
1.283057,110.606691,103.442688
1.283074,110.606691,103.446246
1.283083,110.606691,103.454742
1.283103,110.606691,103.460064
1.283183,110.606691,103.462298
1.283192,110.606691,103.463552
1.283200,110.606691,103.463600
1.283208,110.606691,103.475936
1.283225,110.606691,103.475968
1.283234,110.606691,103.483350
1.283249,110.606691,103.483408
1.283257,110.606691,103.483504
1.283301,110.606691,103.485856
1.283313,110.606691,103.494528
1.283330,110.606691,103.495920
1.283347,110.606691,103.506710
1.283360,110.606691,103.507965
1.283371,110.606691,103.509318
1.283381,110.606691,103.511734
1.283395,110.606691,103.513120
1.283424,110.606691,103.515254
1.283435,110.606691,103.521667
1.283447,110.606691,103.525350
1.283460,110.606691,103.526618
1.283474,110.606691,103.527520
1.283481,110.606691,103.532637
1.283492,110.606691,103.532678
1.283500,110.606691,103.533878
1.283509,110.606691,103.535424
1.283545,110.606691,103.536544
1.283568,110.606691,103.542656
1.283593,110.606691,103.543805
1.283611,110.606691,103.543846
1.283621,110.606691,103.545024
1.283634,110.606691,103.545158
1.283671,110.606691,103.549949
1.283684,110.606691,103.551280
1.283693,110.606691,103.551302
1.283707,110.606691,103.554912
1.283725,110.606691,103.557312
1.283739,110.606691,103.557498
1.283755,110.606691,103.557504
1.283768,110.606691,103.561280
1.283782,110.606691,103.562592
1.283802,110.606691,103.563485
1.283814,110.606691,103.568560
1.283830,110.606691,103.569693
1.283840,110.606691,103.572384
1.283854,110.606691,103.575888
1.283866,110.606691,103.581750
1.283876,110.606691,103.582144
1.283887,110.606691,103.588176
1.283902,110.606691,103.590928
1.283922,110.606691,103.596880
1.283941,110.606691,103.598016
1.283952,110.606691,103.599155
1.283961,110.606691,103.599424
1.283975,110.606691,103.603078
1.283987,110.606691,103.606960
1.284026,110.606691,103.609286
1.284075,110.606691,103.611677
1.284086,110.606691,103.614320
1.284114,110.606691,103.618998
1.284134,110.606691,103.619040
1.284147,110.606691,103.619152
1.284164,110.606691,103.619168
1.284177,110.606691,103.620390
1.284194,110.606691,103.625248
1.284209,110.606691,103.625504
1.284227,110.606691,103.626688
1.284240,110.606691,103.627773
1.284253,110.606691,103.627936
1.284306,110.606691,103.630205
1.284320,110.606691,103.631421
1.284335,110.606691,103.632576
1.284348,110.606691,103.633984
1.284371,110.606691,103.637430
1.284391,110.606691,103.644790
1.284403,110.606691,103.647456
1.284412,110.606691,103.648656
1.284423,110.606691,103.650208
1.284439,110.606691,103.650240
1.284452,110.606691,103.651360
1.284463,110.606691,103.653766
1.284472,110.606691,103.653856
1.284488,110.606691,103.655850
1.284499,110.606691,103.661152
1.284509,110.606691,103.661286
1.284523,110.606691,103.667152
1.284534,110.606691,103.667376
1.284553,110.606691,103.667427
1.284562,110.606691,103.668480
1.284571,110.606691,103.670944
1.284589,110.606691,103.673446
1.284598,110.606691,103.676038
1.284624,110.606691,103.680896
1.284658,110.606691,103.682010
1.284666,110.606691,103.684538
1.284677,110.606691,103.690707
1.284694,110.606691,103.693158
1.284703,110.606691,103.693190
1.284711,110.606691,103.695446
1.284719,110.606691,103.699360
1.284738,110.606691,103.710294
1.284755,110.606691,103.710752
1.284766,110.606691,103.711760
1.284775,110.606691,103.711968
1.284796,110.606691,103.713024
1.284807,110.606691,103.717750
1.284817,110.606691,103.725536
1.284834,110.606691,103.727846
1.284850,110.606691,103.727862
1.284862,110.606691,103.730278
1.284873,110.606691,103.730320
1.284885,110.606691,103.731286
1.284894,110.606691,103.731296
1.284903,110.606691,103.731584
1.284914,110.606691,103.732470
1.284929,110.606691,103.736416
1.284939,110.606691,103.736528
1.284999,110.606691,103.738976
1.285009,110.606691,103.749846
1.285028,110.606691,103.751184
1.285043,110.606691,103.752374
1.285052,110.606691,103.754877
1.285072,110.606691,103.761184
1.285081,110.606691,103.761280
1.285100,110.606691,103.764736
1.285108,110.606691,103.768518
1.285119,110.606691,103.768640
1.285135,110.606691,103.773360
1.285144,110.606691,103.773488
1.285152,110.606691,103.774944
1.285175,110.606691,103.778688
1.285198,110.606691,103.788250
1.285212,110.606691,103.790976
1.285230,110.606691,103.792064
1.285242,110.606691,103.792144
1.285260,110.606691,103.796627
1.285271,110.606691,103.804224
1.285282,110.606691,103.805520
1.285299,110.606691,103.809030
1.285309,110.606691,103.809200
1.285316,110.606691,103.815610
1.285336,110.606691,103.816605
1.285347,110.606691,103.816646
1.285358,110.606691,103.821568
1.285370,110.606691,103.822928
1.285386,110.606691,103.823008
1.285406,110.606691,103.824096
1.285416,110.606691,103.830368
1.285454,110.606691,103.840112
1.285467,110.606691,103.841286
1.285481,110.606691,103.841504
1.285497,110.606691,103.843542
1.285512,110.606691,103.843773
1.285534,110.606691,103.853626
1.285553,110.606691,103.861216
1.285583,110.606691,103.863600
1.285598,110.606691,103.866080
1.285606,110.606691,103.868736
1.285632,110.606691,103.872368
1.285651,110.606691,103.878237
1.285665,110.606691,103.878333
1.285674,110.606691,103.881008
1.285689,110.606691,103.883424
1.285702,110.606691,103.884768
1.285720,110.606691,103.890653
1.285730,110.606691,103.892099
1.285740,110.606691,103.896966
1.285753,110.606691,103.900541
1.285775,110.606691,103.909286
1.285846,110.606691,103.921542
1.285861,110.606691,103.921584
1.285871,110.606691,103.922918
1.285885,110.606691,103.922944
1.285898,110.606691,103.927808
1.285912,110.606691,103.932509
1.285944,110.606691,103.933888
1.285966,110.606691,103.942566
1.286018,110.606691,103.949846
1.286033,110.606691,103.958672
1.286044,110.606691,103.958810
1.286058,110.606691,103.959904
1.286070,110.606691,103.960006
1.286086,110.606691,103.962406
1.286100,110.606691,103.968358
1.286112,110.606691,103.970906
1.286121,110.606691,103.974758
1.286146,110.606691,103.975776
1.286157,110.606691,103.979584
1.286188,110.606691,103.982086
1.286197,110.606691,103.982240
1.286209,110.606691,103.982278
1.286233,110.606691,103.984736
1.286251,110.606691,103.987104
1.286282,110.606691,103.988240
1.286301,110.606691,103.989536
1.286328,110.606691,103.994362
1.286337,110.606691,104.008096
1.286350,110.606691,104.009318
1.286385,110.606691,104.009504
1.286408,110.606691,104.010784
1.286431,110.606691,104.012902
1.286441,110.606691,104.019104
1.286456,110.606691,104.020442
1.286467,110.606691,104.020640
1.286482,110.606691,104.025296
1.286493,110.606691,104.026688
1.286506,110.606691,104.029146
1.286516,110.606691,104.031382
1.286529,110.606691,104.032502
1.286537,110.606691,104.034144
1.286549,110.606691,104.037670
1.286558,110.606691,104.040224
1.286577,110.606691,104.047776
1.286600,110.606691,104.048896
1.286611,110.606691,104.050176
1.286629,110.606691,104.051264
1.286643,110.606691,104.057142
1.286660,110.606691,104.057472
1.286674,110.606691,104.062384
1.286702,110.606691,104.062522
1.286713,110.606691,104.063526
1.286723,110.606691,104.063558
1.286735,110.606691,104.068608
1.286756,110.606691,104.075904
1.286770,110.606691,104.082000
1.286779,110.606691,104.083456
1.286794,110.606691,104.085725
1.286825,110.606691,104.093248
1.286841,110.606691,104.095872
1.286856,110.606691,104.098288
1.286868,110.606691,104.099424
1.286879,110.606691,104.100544
1.286889,110.606691,104.100656
1.286904,110.606691,104.104506
1.286920,110.606691,104.105520
1.286930,110.606691,104.107008
1.286946,110.606691,104.109344
1.286966,110.606691,104.112822
1.286977,110.606691,104.112864
1.286988,110.606691,104.113056
1.287001,110.606691,104.117888
1.287016,110.606691,104.119088
1.287026,110.606691,104.125245
1.287036,110.606691,104.125286
1.287045,110.606691,104.125594
1.287066,110.606691,104.131648
1.287078,110.606691,104.136512
1.287093,110.606691,104.140224
1.287108,110.606691,104.142608
1.287117,110.606691,104.142714
1.287126,110.606691,104.142832
1.287160,110.606691,104.143766
1.287168,110.606691,104.147453
1.287199,110.606691,104.148864
1.287211,110.606691,104.151296
1.287219,110.606691,104.152576
1.287235,110.606691,104.155008
1.287247,110.606691,104.156272
1.287270,110.606691,104.157536
1.287283,110.606691,104.160006
1.287303,110.606691,104.161053
1.287318,110.606691,104.162294
1.287329,110.606691,104.164838
1.287340,110.606691,104.164986
1.287358,110.606691,104.168582
1.287376,110.606691,104.169546
1.287399,110.606691,104.169856
1.287409,110.606691,104.173328
1.287424,110.606691,104.176048
1.287435,110.606691,104.180992
1.287447,110.606691,104.187136
1.287461,110.606691,104.189648
1.287474,110.606691,104.191741
1.287485,110.606691,104.193318
1.287506,110.606691,104.197878
1.287516,110.606691,104.199504
1.287527,110.606691,104.204288
1.287535,110.606691,104.204416
1.287553,110.606691,104.216704
1.287570,110.606691,104.221664
1.287584,110.606691,104.222854
1.287596,110.606691,104.224128
1.287606,110.606691,104.225328
1.287620,110.606691,104.230224
1.287634,110.606691,104.230304
1.287647,110.606691,104.231584
1.287686,110.606691,104.236320
1.287697,110.606691,104.236448
1.287706,110.606691,104.239104
1.287747,110.606691,104.240288
1.287761,110.606691,104.242493
1.287773,110.606691,104.247421
1.287786,110.606691,104.248701
1.287796,110.606691,104.248838
1.287810,110.606691,104.260096
1.287827,110.606691,104.261232
1.287843,110.606691,104.261318
1.287866,110.606691,104.262464
1.287889,110.606691,104.262467
1.287900,110.606691,104.266086
1.287916,110.606691,104.268646
1.287934,110.606691,104.269728
1.287947,110.606691,104.272176
1.287959,110.606691,104.283398
1.287977,110.606691,104.284582
1.287987,110.606691,104.287136
1.288008,110.606691,104.291910
1.288022,110.606691,104.298176
1.288034,110.606691,104.298432
1.288049,110.606691,104.299584
1.288060,110.606691,104.304326
1.288077,110.606691,104.309338
1.288088,110.606691,104.310458
1.288100,110.606691,104.322816
1.288122,110.606691,104.327930
1.288141,110.606691,104.328986
1.288154,110.606691,104.330368
1.288166,110.606691,104.333798
1.288180,110.606691,104.337606
1.288212,110.606691,104.339072
1.288228,110.606691,104.345078
1.288246,110.606691,104.346144
1.288259,110.606691,104.346310
1.288267,110.606691,104.347488
1.288291,110.606691,104.348864
1.288315,110.606691,104.355056
1.288366,110.606691,104.364701
1.288378,110.606691,104.364960
1.288392,110.606691,104.366000
1.288403,110.606691,104.366192
1.288433,110.606691,104.368528
1.288446,110.606691,104.372198
1.288480,110.606691,104.373616
1.288499,110.606691,104.378544
1.288517,110.606691,104.379776
1.288531,110.606691,104.383488
1.288548,110.606691,104.387216
1.288563,110.606691,104.388192
1.288576,110.606691,104.389520
1.288593,110.606691,104.389536
1.288605,110.606691,104.390768
1.288618,110.606691,104.390976
1.288632,110.606691,104.396838
1.288646,110.606691,104.400768
1.288660,110.606691,104.401888
1.288674,110.606691,104.404358
1.288687,110.606691,104.408038
1.288697,110.606691,104.409216
1.288708,110.606691,104.412915
1.288731,110.606691,104.415488
1.288743,110.606691,104.417984
1.288755,110.606691,104.419264
1.288807,110.606691,104.420448
1.288816,110.606691,104.426502
1.288833,110.606691,104.428000
1.288849,110.606691,104.430464
1.288868,110.606691,104.432832
1.288885,110.606691,104.433885
1.288907,110.606691,104.433926
1.288920,110.606691,104.434016
1.288940,110.606691,104.438790
1.288957,110.606691,104.440208
1.288971,110.606691,104.445216
1.288995,110.606691,104.453760
1.289010,110.606691,104.459798
1.289021,110.606691,104.459968
1.289038,110.606691,104.461158
1.289056,110.606691,104.461184
1.289068,110.606691,104.461216
1.289093,110.606691,104.462464
1.289107,110.606691,104.463645
1.289128,110.606691,104.469766
1.289141,110.606691,104.477280
1.289153,110.606691,104.478496
1.289188,110.606691,104.481056
1.289202,110.606691,104.483232
1.289216,110.606691,104.488256
1.289225,110.606691,104.488410
1.289239,110.606691,104.489440
1.289248,110.606691,104.494480
1.289259,110.606691,104.494608
1.289277,110.606691,104.495613
1.289290,110.606691,104.506976
1.289310,110.606691,104.508144
1.289320,110.606691,104.509376
1.289370,110.606691,104.512966
1.289386,110.606691,104.515357
1.289402,110.606691,104.515552
1.289411,110.606691,104.516848
1.289424,110.606691,104.517958
1.289464,110.606691,104.519120
1.289473,110.606691,104.520576
1.289502,110.606691,104.521459
1.289523,110.606691,104.523936
1.289543,110.606691,104.525347
1.289554,110.606691,104.527968
1.289575,110.606691,104.532742
1.289590,110.606691,104.535254
1.289612,110.606691,104.537606
1.289646,110.606691,104.540240
1.289659,110.606691,104.545088
1.289669,110.606691,104.551226
1.289683,110.606691,104.552528
1.289691,110.606691,104.552544
1.289705,110.606691,104.553856
1.289720,110.606691,104.557341
1.289746,110.606691,104.557504
1.289766,110.606691,104.570710
1.289784,110.606691,104.571104
1.289864,110.606691,104.571136
1.289881,110.606691,104.574778
1.289899,110.606691,104.575994
1.289907,110.606691,104.576096
1.289925,110.606691,104.577126
1.289935,110.606691,104.580806
1.289948,110.606691,104.589328
1.289962,110.606691,104.593152
1.289974,110.606691,104.593222
1.289983,110.606691,104.593347
1.289994,110.606691,104.599453
1.290011,110.606691,104.600656
1.290020,110.606691,104.606816
1.290034,110.606691,104.614240
1.290045,110.606691,104.614336
1.290057,110.606691,104.623837
1.290069,110.606691,104.624096
1.290080,110.606691,104.625376
1.290088,110.606691,104.626720
1.290115,110.606691,104.634000
1.290124,110.606691,104.634086
1.290201,110.606691,104.635056
1.290212,110.606691,104.635232
1.290231,110.606691,104.635322
1.290243,110.606691,104.636304
1.290261,110.606691,104.636374
1.290282,110.606691,104.637680
1.290297,110.606691,104.637824
1.290324,110.606691,104.645200
1.290340,110.606691,104.646246
1.290356,110.606691,104.651184
1.290369,110.606691,104.653766
1.290398,110.606691,104.653808
1.290415,110.606691,104.662336
1.290428,110.606691,104.664896
1.290445,110.606691,104.673530
1.290461,110.606691,104.674653
1.290471,110.606691,104.677210
1.290480,110.606691,104.678368
1.290499,110.606691,104.678432
1.290523,110.606691,104.680797
1.290531,110.606691,104.685856
1.290544,110.606691,104.686992
1.290556,110.606691,104.687104
1.290566,110.606691,104.693392
1.290587,110.606691,104.694438
1.290596,110.606691,104.699408
1.290619,110.606691,104.701622
1.290636,110.606691,104.705478
1.290649,110.606691,104.708154
1.290658,110.606691,104.710512
1.290667,110.606691,104.721786
1.290685,110.606691,104.723104
1.290706,110.606691,104.727904
1.290769,110.606691,104.729152
1.290787,110.606691,104.735062
1.290800,110.606691,104.735110
1.290807,110.606691,104.736560
1.290829,110.606691,104.742525
1.290843,110.606691,104.750016
1.290857,110.606691,104.752528
1.290874,110.606691,104.755104
1.290891,110.606691,104.759840
1.290902,110.606691,104.761046
1.290911,110.606691,104.761136
1.290925,110.606691,104.762400
1.290939,110.606691,104.764630
1.290948,110.606691,104.767206
1.290964,110.606691,104.768278
1.290980,110.606691,104.768608
1.290992,110.606691,104.773235
1.291003,110.606691,104.773405
1.291014,110.606691,104.776096
1.291038,110.606691,104.781024
1.291062,110.606691,104.782013
1.291073,110.606691,104.783514
1.291089,110.606691,104.784656
1.291109,110.606691,104.789696
1.291123,110.606691,104.792000
1.291133,110.606691,104.796918
1.291149,110.606691,104.797088
1.291173,110.606691,104.801821
1.291315,110.606691,104.803206
1.291333,110.606691,104.804157
1.291344,110.606691,104.804253
1.291371,110.606691,104.809344
1.291391,110.606691,104.810640
1.291411,110.606691,104.810656
1.291421,110.606691,104.811712
1.291433,110.606691,104.815526
1.291479,110.606691,104.821606
1.291497,110.606691,104.821638
1.291511,110.606691,104.822906
1.291519,110.606691,104.824198
1.291536,110.606691,104.832826
1.291567,110.606691,104.839798
1.291576,110.606691,104.840080
1.291589,110.606691,104.841174
1.291598,110.606691,104.847462
1.291615,110.606691,104.855037
1.291629,110.606691,104.856198
1.291648,110.606691,104.859808
1.291661,110.606691,104.859866
1.291671,110.606691,104.861184
1.291686,110.606691,104.863610
1.291695,110.606691,104.864720
1.291706,110.606691,104.865875
1.291716,110.606691,104.868704
1.291732,110.606691,104.869856
1.291745,110.606691,104.872384
1.291760,110.606691,104.873456
1.291773,110.606691,104.879706
1.291790,110.606691,104.881974
1.291802,110.606691,104.883418
1.291814,110.606691,104.888326
1.291930,110.606691,104.903078
1.291948,110.606691,104.905504
1.292006,110.606691,104.914134
1.292023,110.606691,104.914272
1.292039,110.606691,104.915254
1.292051,110.606691,104.915456
1.292061,110.606691,104.917917
1.292107,110.606691,104.923926
1.292130,110.606691,104.935238
1.292148,110.606691,104.939962
1.292161,110.606691,104.942566
1.292180,110.606691,104.942726
1.292209,110.606691,104.946560
1.292224,110.606691,104.957302
1.292240,110.606691,104.957424
1.292252,110.606691,104.957440
1.292265,110.606691,104.960966
1.292282,110.606691,104.964736
1.292294,110.606691,104.964838
1.292316,110.606691,104.966106
1.292324,110.606691,104.967520
1.292339,110.606691,104.971104
1.292357,110.606691,104.973696
1.292374,110.606691,104.974685
1.292388,110.606691,104.974886
1.292408,110.606691,104.977056
1.292425,110.606691,104.977184
1.292434,110.606691,104.984730
1.292456,110.606691,104.988346
1.292467,110.606691,104.988422
1.292488,110.606691,104.994400
1.292505,110.606691,104.995286
1.292513,110.606691,104.995776
1.292532,110.606691,105.000736
1.292551,110.606691,105.001968
1.292563,110.606691,105.008048
1.292582,110.606691,105.008070
1.292596,110.606691,105.009286
1.292610,110.606691,105.009328
1.292624,110.606691,105.010784
1.292652,110.606691,105.018080
1.292676,110.606691,105.018931
1.292685,110.606691,105.021792
1.292701,110.606691,105.023888
1.292713,110.606691,105.026496
1.292722,110.606691,105.026688
1.292796,110.606691,105.027776
1.292805,110.606691,105.027872
1.292914,110.606691,105.031440
1.292922,110.606691,105.035264
1.292938,110.606691,105.049910
1.292958,110.606691,105.051165
1.292982,110.606691,105.052246
1.293007,110.606691,105.053670
1.293022,110.606691,105.058640
1.293032,110.606691,105.058736
1.293049,110.606691,105.060950
1.293065,110.606691,105.062205
1.293074,110.606691,105.064867
1.293086,110.606691,105.067261
1.293099,110.606691,105.069776
1.293116,110.606691,105.071056
1.293145,110.606691,105.073373
1.293280,110.606691,105.075846
1.293297,110.606691,105.080864
1.293321,110.606691,105.083254
1.293330,110.606691,105.084800
1.293346,110.606691,105.088086
1.293356,110.606691,105.089504
1.293368,110.606691,105.089606
1.293416,110.606691,105.093216
1.293431,110.606691,105.098336
1.293450,110.606691,105.106819
1.293468,110.606691,105.106845
1.293483,110.606691,105.106976
1.293512,110.606691,105.111478
1.293524,110.606691,105.112893
1.293539,110.606691,105.112934
1.293552,110.606691,105.113056
1.293568,110.606691,105.117990
1.293583,110.606691,105.120368
1.293593,110.606691,105.121632
1.293608,110.606691,105.122944
1.293640,110.606691,105.125277
1.293661,110.606691,105.125408
1.293681,110.606691,105.125594
1.293705,110.606691,105.126659
1.293716,110.606691,105.126672
1.293761,110.606691,105.127846
1.293782,110.606691,105.130464
1.293800,110.606691,105.136400
1.293813,110.606691,105.140250
1.293828,110.606691,105.143920
1.293860,110.606691,105.145158
1.293910,110.606691,105.148704
1.293922,110.606691,105.151248
1.293934,110.606691,105.157568
1.293949,110.606691,105.158390
1.293960,110.606691,105.162368
1.293972,110.606691,105.163648
1.293987,110.606691,105.174518
1.294007,110.606691,105.174621
1.294020,110.606691,105.179718
1.294038,110.606691,105.181024
1.294055,110.606691,105.181984
1.294065,110.606691,105.187238
1.294082,110.606691,105.191936
1.294093,110.606691,105.192000
1.294109,110.606691,105.193254
1.294123,110.606691,105.193312
1.294134,110.606691,105.199504
1.294149,110.606691,105.201984
1.294174,110.606691,105.204326
1.294189,110.606691,105.204352
1.294201,110.606691,105.206976
1.294214,110.606691,105.209318
1.294228,110.606691,105.211750
1.294246,110.606691,105.213056
1.294258,110.606691,105.214144
1.294272,110.606691,105.216736
1.294296,110.606691,105.222800
1.294307,110.606691,105.222848
1.294320,110.606691,105.222950
1.294337,110.606691,105.224096
1.294350,110.606691,105.225376
1.294363,110.606691,105.227635
1.294375,110.606691,105.230080
1.294389,110.606691,105.230246
1.294402,110.606691,105.231632
1.294454,110.606691,105.233808
1.294468,110.606691,105.237661
1.294489,110.606691,105.238630
1.294498,110.606691,105.240096
1.294512,110.606691,105.240288
1.294556,110.606691,105.241446
1.294571,110.606691,105.247680
1.294592,110.606691,105.250144
1.294606,110.606691,105.253584
1.294623,110.606691,105.255040
1.294639,110.606691,105.255104
1.294652,110.606691,105.258586
1.294666,110.606691,105.260886
1.294685,110.606691,105.260998
1.294691,110.606691,105.261232
1.294705,110.606691,105.263526
1.294728,110.606691,105.264922
1.294743,110.606691,105.265904
1.294752,110.606691,105.266080
1.294764,110.606691,105.267194
1.294770,110.606691,105.267408
1.294790,110.606691,105.268646
1.294804,110.606691,105.271110
1.294815,110.606691,105.273437
1.294825,110.606691,105.273478
1.294850,110.606691,105.274784
1.294861,110.606691,105.276016
1.294873,110.606691,105.279686
1.294890,110.606691,105.279792
1.294910,110.606691,105.285824
1.294920,110.606691,105.293120
1.294940,110.606691,105.296870
1.294947,110.606691,105.298118
1.294957,110.606691,105.298432
1.294971,110.606691,105.304086
1.294987,110.606691,105.304096
1.294996,110.606691,105.304384
1.295009,110.606691,105.315062
1.295023,110.606691,105.315526
1.295035,110.606691,105.316662
1.295050,110.606691,105.316688
1.295058,110.606691,105.318112
1.295077,110.606691,105.322758
1.295111,110.606691,105.322944
1.295150,110.606691,105.331558
1.295173,110.606691,105.335104
1.295189,110.606691,105.336570
1.295199,110.606691,105.337818
1.295216,110.606691,105.338835
1.295229,110.606691,105.341232
1.295237,110.606691,105.341328
1.295245,110.606691,105.341520
1.295259,110.606691,105.342566
1.295270,110.606691,105.342720
1.295282,110.606691,105.343904
1.295298,110.606691,105.343968
1.295310,110.606691,105.352608
1.295336,110.606691,105.357309
1.295350,110.606691,105.357318
1.295360,110.606691,105.359805
1.295384,110.606691,105.360982
1.295400,110.606691,105.366000
1.295416,110.606691,105.366256
1.295444,110.606691,105.371136
1.295461,110.606691,105.373507
1.295473,110.606691,105.379776
1.295492,110.606691,105.387136
1.295509,110.606691,105.390512
1.295522,110.606691,105.392240
1.295550,110.606691,105.393440
1.295570,110.606691,105.394470
1.295586,110.606691,105.396864
1.295600,110.606691,105.398192
1.295609,110.606691,105.399360
1.295635,110.606691,105.403056
1.295649,110.606691,105.403136
1.295660,110.606691,105.409488
1.295677,110.606691,105.415360
1.295694,110.606691,105.416736
1.295707,110.606691,105.420400
1.295721,110.606691,105.420442
1.295734,110.606691,105.421574
1.295743,110.606691,105.424256
1.295769,110.606691,105.426630
1.295780,110.606691,105.427728
1.295811,110.606691,105.431238
1.295825,110.606691,105.434000
1.295839,110.606691,105.435030
1.295857,110.606691,105.437309
1.295874,110.606691,105.438918
1.295886,110.606691,105.440186
1.295894,110.606691,105.441472
1.295906,110.606691,105.443878
1.295920,110.606691,105.447680
1.295934,110.606691,105.451158
1.295953,110.606691,105.451267
1.295966,110.606691,105.453302
1.295979,110.606691,105.453664
1.295992,110.606691,105.453798
1.296066,110.606691,105.458358
1.296090,110.606691,105.458454
1.296100,110.606691,105.458662
1.296110,110.606691,105.458688
1.296121,110.606691,105.459920
1.296138,110.606691,105.461318
1.296181,110.606691,105.462522
1.296192,110.606691,105.464688
1.296202,110.606691,105.464896
1.296213,110.606691,105.465904
1.296222,110.606691,105.469590
1.296232,110.606691,105.471008
1.296258,110.606691,105.474816
1.296274,110.606691,105.477146
1.296285,110.606691,105.478448
1.296298,110.606691,105.483261
1.296315,110.606691,105.484656
1.296338,110.606691,105.489600
1.296355,110.606691,105.489632
1.296373,110.606691,105.490886
1.296394,110.606691,105.495744
1.296415,110.606691,105.495776
1.296441,110.606691,105.496630
1.296451,110.606691,105.498118
1.296462,110.606691,105.500678
1.296504,110.606691,105.501744
1.296517,110.606691,105.501914
1.296526,110.606691,105.507862
1.296538,110.606691,105.514336
1.296570,110.606691,105.515526
1.296652,110.606691,105.519072
1.296665,110.606691,105.519206
1.296684,110.606691,105.527888
1.296736,110.606691,105.531648
1.296756,110.606691,105.532608
1.296767,110.606691,105.532736
1.296794,110.606691,105.533984
1.296815,110.606691,105.534045
1.296827,110.606691,105.534064
1.296843,110.606691,105.540128
1.296861,110.606691,105.540160
1.296876,110.606691,105.546230
1.296902,110.606691,105.549926
1.296913,110.606691,105.551296
1.296922,110.606691,105.551376
1.296940,110.606691,105.552560
1.296952,110.606691,105.559866
1.296977,110.606691,105.562333
1.296997,110.606691,105.562352
1.297008,110.606691,105.562490
1.297020,110.606691,105.563622
1.297030,110.606691,105.563642
1.297042,110.606691,105.564864
1.297059,110.606691,105.568358
1.297075,110.606691,105.569702
1.297088,110.606691,105.575702
1.297102,110.606691,105.579728
1.297116,110.606691,105.587104
1.297156,110.606691,105.588102
1.297167,110.606691,105.589616
1.297241,110.606691,105.590816
1.297258,110.606691,105.592208
1.297279,110.606691,105.594262
1.297299,110.606691,105.594336
1.297310,110.606691,105.597024
1.297328,110.606691,105.603226
1.297342,110.606691,105.604352
1.297361,110.606691,105.613114
1.297382,110.606691,105.615616
1.297399,110.606691,105.625328
1.297411,110.606691,105.625350
1.297421,110.606691,105.625466
1.297432,110.606691,105.627888
1.297450,110.606691,105.631398
1.297484,110.606691,105.633984
1.297518,110.606691,105.640198
1.297534,110.606691,105.641478
1.297630,110.606691,105.647421
1.297654,110.606691,105.647446
1.297671,110.606691,105.648720
1.297687,110.606691,105.650192
1.297704,110.606691,105.653856
1.297725,110.606691,105.655072
1.297739,110.606691,105.660893
1.297751,110.606691,105.661232
1.297776,110.606691,105.667200
1.297806,110.606691,105.667430
1.297827,110.606691,105.667456
1.297853,110.606691,105.672214
1.297874,110.606691,105.678464
1.297906,110.606691,105.683398
1.297921,110.606691,105.687194
1.297937,110.606691,105.688288
1.297953,110.606691,105.689462
1.297973,110.606691,105.690550
1.297988,110.606691,105.690710
1.297999,110.606691,105.690928
1.298018,110.606691,105.692016
1.298035,110.606691,105.692128
1.298057,110.606691,105.693126
1.298094,110.606691,105.695744
1.298110,110.606691,105.702016
1.298127,110.606691,105.705696
1.298145,110.606691,105.706944
1.298159,110.606691,105.710624
1.298173,110.606691,105.711770
1.298186,110.606691,105.720272
1.298198,110.606691,105.723008
1.298214,110.606691,105.725504
1.298236,110.606691,105.727904
1.298266,110.606691,105.728957
1.298281,110.606691,105.730173
1.298295,110.606691,105.732896
1.298310,110.606691,105.734870
1.298328,110.606691,105.735120
1.298340,110.606691,105.736512
1.298358,110.606691,105.741366
1.298383,110.606691,105.742586
1.298401,110.606691,105.744893
1.298414,110.606691,105.747776
1.298437,110.606691,105.750118
1.298454,110.606691,105.758518
1.298474,110.606691,105.761046
1.298495,110.606691,105.762656
1.298515,110.606691,105.765718
1.298530,110.606691,105.767094
1.298540,110.606691,105.767424
1.298584,110.606691,105.772118
1.298596,110.606691,105.772224
1.298610,110.606691,105.773616
1.298666,110.606691,105.779648
1.298686,110.606691,105.779680
1.298695,110.606691,105.779718
1.298716,110.606691,105.783408
1.298728,110.606691,105.787104
1.298785,110.606691,105.789606
1.298802,110.606691,105.798240
1.298827,110.606691,105.798288
1.298843,110.606691,105.799514
1.298859,110.606691,105.801686
1.298871,110.606691,105.809376
1.298908,110.606691,105.818048
1.298929,110.606691,105.820198
1.298939,110.606691,105.827664
1.298967,110.606691,105.827712
1.298977,110.606691,105.831424
1.299001,110.606691,105.831472
1.299015,110.606691,105.834016
1.299044,110.606691,105.841248
1.299061,110.606691,105.841408
1.299070,110.606691,105.842614
1.299082,110.606691,105.847360
1.299093,110.606691,105.850096
1.299106,110.606691,105.852608
1.299128,110.606691,105.854678
1.299144,110.606691,105.857424
1.299160,110.606691,105.860016
1.299178,110.606691,105.861280
1.299197,110.606691,105.862288
1.299216,110.606691,105.865882
1.299225,110.606691,105.866128
1.299245,110.606691,105.867408
1.299258,110.606691,105.868214
1.299276,110.606691,105.868486
1.299300,110.606691,105.876982
1.299322,110.606691,105.880726
1.299339,110.606691,105.880896
1.299354,110.606691,105.881878
1.299374,110.606691,105.883360
1.299388,110.606691,105.883440
1.299402,110.606691,105.884656
1.299432,110.606691,105.886886
1.299444,110.606691,105.890656
1.299456,110.606691,105.892016
1.299468,110.606691,105.895760
1.299490,110.606691,105.899050
1.299507,110.606691,105.900390
1.299522,110.606691,105.901856
1.299534,110.606691,105.906976
1.299547,110.606691,105.909200
1.299559,110.606691,105.912890
1.299579,110.606691,105.914077
1.299594,110.606691,105.914342
1.299608,110.606691,105.915357
1.299617,110.606691,105.921680
1.299632,110.606691,105.921696
1.299645,110.606691,105.921792
1.299665,110.606691,105.925216
1.299677,110.606691,105.926496
1.299685,110.606691,105.926672
1.299698,110.606691,105.926688
1.299717,110.606691,105.926800
1.299733,110.606691,105.927744
1.299742,110.606691,105.932736
1.299759,110.606691,105.932858
1.299774,110.606691,105.934010
1.299785,110.606691,105.936182
1.299802,110.606691,105.936342
1.299814,110.606691,105.944000
1.299833,110.606691,105.950902
1.299861,110.606691,105.952342
1.299874,110.606691,105.952512
1.299889,110.606691,105.952528
1.299903,110.606691,105.959888
1.299922,110.606691,105.964704
1.299940,110.606691,105.966112
1.299988,110.606691,105.967418
1.300006,110.606691,105.968598
1.300021,110.606691,105.973696
1.300044,110.606691,105.975952
1.300058,110.606691,105.976067
1.300072,110.606691,105.985690
1.300084,110.606691,105.989606
1.300140,110.606691,105.994464
1.300154,110.606691,105.995325
1.300167,110.606691,105.995674
1.300179,110.606691,105.995696
1.300189,110.606691,105.995738
1.300200,110.606691,105.995834
1.300215,110.606691,105.995936
1.300236,110.606691,105.998192
1.300255,110.606691,106.001766
1.300293,110.606691,106.005728
1.300306,110.606691,106.006534
1.300316,110.606691,106.006547
1.300325,110.606691,106.009350
1.300340,110.606691,106.009376
1.300359,110.606691,106.012982
1.300373,110.606691,106.014067
1.300383,110.606691,106.019069
1.300399,110.606691,106.020528
1.300429,110.606691,106.021786
1.300443,110.606691,106.026608
1.300458,110.606691,106.026624
1.300471,110.606691,106.031558
1.300490,110.606691,106.032470
1.300501,110.606691,106.032768
1.300513,110.606691,106.036368
1.300525,110.606691,106.037398
1.300533,110.606691,106.038813
1.300542,110.606691,106.039773
1.300555,110.606691,106.043968
1.300573,110.606691,106.045008
1.300581,110.606691,106.045158
1.300599,110.606691,106.046333
1.300615,110.606691,106.047552
1.300627,110.606691,106.051504
1.300647,110.606691,106.052579
1.300657,110.606691,106.058582
1.300674,110.606691,106.058758
1.300688,110.606691,106.064960
1.300709,110.606691,106.066256
1.300723,110.606691,106.071168
1.300742,110.606691,106.075872
1.300758,110.606691,106.076000
1.300769,110.606691,106.077168
1.300782,110.606691,106.082256
1.300833,110.606691,106.083398
1.300847,110.606691,106.084310
1.300858,110.606691,106.086960
1.300872,110.606691,106.090918
1.300887,110.606691,106.094592
1.300902,110.606691,106.095744
1.300919,110.606691,106.101747
1.300938,110.606691,106.103264
1.300956,110.606691,106.104349
1.300977,110.606691,106.106736
1.300991,110.606691,106.106928
1.301008,110.606691,106.106944
1.301019,110.606691,106.112902
1.301030,110.606691,106.114278
1.301042,110.606691,106.117824
1.301052,110.606691,106.119194
1.301059,110.606691,106.120310
1.301068,110.606691,106.120326
1.301079,110.606691,106.125488
1.301123,110.606691,106.130272
1.301136,110.606691,106.130301
1.301146,110.606691,106.132896
1.301179,110.606691,106.134144
1.301195,110.606691,106.137670
1.301205,110.606691,106.137728
1.301215,110.606691,106.138928
1.301226,110.606691,106.143920
1.301246,110.606691,106.146464
1.301256,110.606691,106.150016
1.301267,110.606691,106.153462
1.301287,110.606691,106.153555
1.301305,110.606691,106.154813
1.301316,110.606691,106.156000
1.301324,110.606691,106.156208
1.301331,110.606691,106.156358
1.301360,110.606691,106.157286
1.301370,110.606691,106.158752
1.301380,110.606691,106.162230
1.301389,110.606691,106.162522
1.301399,110.606691,106.163581
1.301411,110.606691,106.168576
1.301422,110.606691,106.168672
1.301431,110.606691,106.172416
1.301456,110.606691,106.174746
1.301468,110.606691,106.179504
1.301480,110.606691,106.179613
1.301494,110.606691,106.181104
1.301541,110.606691,106.185757
1.301554,110.606691,106.185888
1.301573,110.606691,106.191965
1.301589,110.606691,106.192000
1.301599,110.606691,106.194560
1.301619,110.606691,106.196992
1.301646,110.606691,106.199357
1.301662,110.606691,106.199398
1.301680,110.606691,106.199536
1.301697,110.606691,106.199600
1.301722,110.606691,106.200656
1.301745,110.606691,106.201968
1.301759,110.606691,106.202998
1.301779,110.606691,106.206515
1.301789,110.606691,106.209488
1.301809,110.606691,106.210598
1.301824,110.606691,106.211542
1.301832,110.606691,106.211744
1.301845,110.606691,106.211776
1.301860,110.606691,106.214070
1.301873,110.606691,106.216614
1.301887,110.606691,106.216666
1.301897,110.606691,106.217750
1.301909,110.606691,106.222864
1.301923,110.606691,106.222941
1.301935,110.606691,106.222950
1.301951,110.606691,106.235110
1.301966,110.606691,106.242608
1.301992,110.606691,106.244064
1.302008,110.606691,106.246416
1.302028,110.606691,106.251296
1.302042,110.606691,106.253696
1.302060,110.606691,106.253728
1.302074,110.606691,106.257478
1.302087,110.606691,106.259898
1.302102,110.606691,106.261024
1.302113,110.606691,106.261328
1.302136,110.606691,106.263709
1.302186,110.606691,106.264890
1.302202,110.606691,106.267392
1.302231,110.606691,106.268262
1.302248,110.606691,106.269824
1.302268,110.606691,106.272150
1.302290,110.606691,106.273498
1.302301,110.606691,106.273568
1.302316,110.606691,106.279398
1.302328,110.606691,106.279517
1.302340,110.606691,106.279568
1.302349,110.606691,106.284592
1.302360,110.606691,106.285725
1.302370,110.606691,106.293174
1.302390,110.606691,106.298054
1.302398,110.606691,106.298150
1.302404,110.606691,106.298246
1.302424,110.606691,106.299030
1.302435,110.606691,106.299491
1.302447,110.606691,106.301712
1.302455,110.606691,106.302941
1.302463,110.606691,106.304208
1.302475,110.606691,106.309078
1.302490,110.606691,106.310438
1.302502,110.606691,106.315674
1.302521,110.606691,106.321533
1.302534,110.606691,106.322896
1.302540,110.606691,106.323862
1.302550,110.606691,106.325213
1.302560,110.606691,106.326429
1.302568,110.606691,106.326714
1.302587,110.606691,106.330368
1.302599,110.606691,106.335264
1.302612,110.606691,106.335360
1.302627,110.606691,106.337632
1.302646,110.606691,106.342656
1.302678,110.606691,106.343696
1.302685,110.606691,106.346227
1.302703,110.606691,106.347453
1.302711,110.606691,106.347478
1.302725,110.606691,106.347616
1.302740,110.606691,106.351094
1.302761,110.606691,106.356022
1.302777,110.606691,106.358438
1.302786,110.606691,106.359974
1.302799,110.606691,106.360950
1.302809,110.606691,106.361232
1.302820,110.606691,106.362480
1.302831,110.606691,106.362496
1.302846,110.606691,106.366086
1.302859,110.606691,106.366106
1.302866,110.606691,106.370742
1.302879,110.606691,106.370918
1.302888,110.606691,106.374726
1.302903,110.606691,106.377078
1.302915,110.606691,106.378464
1.302934,110.606691,106.384278
1.302950,110.606691,106.384541
1.302963,110.606691,106.384566
1.302973,110.606691,106.384582
1.302982,110.606691,106.385792
1.302993,110.606691,106.389395
1.303005,110.606691,106.389437
1.303014,110.606691,106.389568
1.303031,110.606691,106.390832
1.303061,110.606691,106.396928
1.303070,110.606691,106.403008
1.303084,110.606691,106.404448
1.303099,110.606691,106.405290
1.303108,110.606691,106.406816
1.303127,110.606691,106.407830
1.303140,110.606691,106.409286
1.303152,110.606691,106.409309
1.303164,110.606691,106.410406
1.303179,110.606691,106.414278
1.303189,110.606691,106.415200
1.303200,110.606691,106.415376
1.303212,110.606691,106.415520
1.303222,110.606691,106.415552
1.303241,110.606691,106.416736
1.303261,110.606691,106.422550
1.303271,110.606691,106.422928
1.303292,110.606691,106.438912
1.303306,110.606691,106.441664
1.303324,110.606691,106.444992
1.303337,110.606691,106.445046
1.303353,110.606691,106.445126
1.303367,110.606691,106.452294
1.303392,110.606691,106.452560
1.303449,110.606691,106.453766
1.303504,110.606691,106.458528
1.303515,110.606691,106.458656
1.303523,110.606691,106.459904
1.303535,110.606691,106.461286
1.303553,110.606691,106.462298
1.303565,110.606691,106.467408
1.303587,110.606691,106.468294
1.303597,110.606691,106.472358
1.303616,110.606691,106.473600
1.303643,110.606691,106.476038
1.303678,110.606691,106.477120
1.303697,110.606691,106.478464
1.303722,110.606691,106.482106
1.303738,110.606691,106.483408
1.303751,110.606691,106.483418
1.303764,110.606691,106.484736
1.303804,110.606691,106.489542
1.303821,110.606691,106.491798
1.303833,110.606691,106.494374
1.303844,110.606691,106.496976
1.303858,110.606691,106.500624
1.303872,110.606691,106.500646
1.303882,110.606691,106.504198
1.303904,110.606691,106.508038
1.303913,110.606691,106.511741
1.303927,110.606691,106.514288
1.303952,110.606691,106.519136
1.303962,110.606691,106.520256
1.303971,110.606691,106.522944
1.303988,110.606691,106.525392
1.304003,110.606691,106.526310
1.304013,110.606691,106.528854
1.304029,110.606691,106.531344
1.304045,110.606691,106.531376
1.304053,110.606691,106.531642
1.304068,110.606691,106.536150
1.304082,110.606691,106.537600
1.304094,110.606691,106.544918
1.304104,110.606691,106.545024
1.304111,110.606691,106.547366
1.304126,110.606691,106.551194
1.304142,110.606691,106.551248
1.304153,110.606691,106.551290
1.304160,110.606691,106.557318
1.304208,110.606691,106.561184
1.304222,110.606691,106.563382
1.304233,110.606691,106.564992
1.304248,110.606691,106.566010
1.304255,110.606691,106.566118
1.304271,110.606691,106.568736
1.304290,110.606691,106.572125
1.304303,110.606691,106.576112
1.304317,110.606691,106.579696
1.304332,110.606691,106.579776
1.304343,110.606691,106.589552
1.304357,110.606691,106.589565
1.304374,110.606691,106.590976
1.304386,110.606691,106.593350
1.304398,110.606691,106.595718
1.304414,110.606691,106.598288
1.304435,110.606691,106.599238
1.304448,110.606691,106.600736
1.304463,110.606691,106.601885
1.304475,110.606691,106.603322
1.304485,110.606691,106.605690
1.304496,110.606691,106.608998
1.304505,110.606691,106.614288
1.304519,110.606691,106.615382
1.304531,110.606691,106.616426
1.304538,110.606691,106.616848
1.304550,110.606691,106.617936
1.304560,110.606691,106.620118
1.304569,110.606691,106.621430
1.304578,110.606691,106.622790
1.304596,110.606691,106.624320
1.304632,110.606691,106.625440
1.304652,110.606691,106.630400
1.304664,110.606691,106.633984
1.304675,110.606691,106.636390
1.304684,110.606691,106.640240
1.304695,110.606691,106.642518
1.304707,110.606691,106.643840
1.304724,110.606691,106.645120
1.304745,110.606691,106.646304
1.304759,110.606691,106.648758
1.304779,110.606691,106.648806
1.304790,110.606691,106.649894
1.304800,110.606691,106.651296
1.304811,110.606691,106.653824
1.304826,110.606691,106.662528
1.304841,110.606691,106.668605
1.304859,110.606691,106.671152
1.304871,110.606691,106.674726
1.304879,110.606691,106.675846
1.304895,110.606691,106.679478
1.304913,110.606691,106.683456
1.304927,110.606691,106.684730
1.304944,110.606691,106.687046
1.304955,110.606691,106.688054
1.304972,110.606691,106.688224
1.304983,110.606691,106.693286
1.304998,110.606691,106.698077
1.305009,110.606691,106.699302
1.305018,110.606691,106.705440
1.305033,110.606691,106.706976
1.305045,110.606691,106.711648
1.305056,110.606691,106.713024
1.305141,110.606691,106.716566
1.305154,110.606691,106.717958
1.305171,110.606691,106.724208
1.305185,110.606691,106.735056
1.305199,110.606691,106.735059
1.305210,110.606691,106.736134
1.305224,110.606691,106.736640
1.305253,110.606691,106.736704
1.305274,110.606691,106.741286
1.305285,110.606691,106.742720
1.305297,110.606691,106.748608
1.305308,110.606691,106.751248
1.305316,110.606691,106.753632
1.305338,110.606691,106.754742
1.305346,110.606691,106.754909
1.305355,110.606691,106.758518
1.305384,110.606691,106.759824
1.305392,110.606691,106.761146
1.305408,110.606691,106.761376
1.305432,110.606691,106.764864
1.305448,110.606691,106.767517
1.305498,110.606691,106.768704
1.305515,110.606691,106.772224
1.305530,110.606691,106.773264
1.305537,110.606691,106.774566
1.305550,110.606691,106.774758
1.305573,110.606691,106.776064
1.305597,110.606691,106.779776
1.305613,110.606691,106.784646
1.305629,110.606691,106.785936
1.305656,110.606691,106.787078
1.305670,110.606691,106.792096
1.305692,110.606691,106.794416
1.305701,110.606691,106.794566
1.305822,110.606691,106.798160
1.305836,110.606691,106.803014
1.305846,110.606691,106.805638
1.305859,110.606691,106.805648
1.305869,110.606691,106.809107
1.305887,110.606691,106.809280
1.305898,110.606691,106.809318
1.305962,110.606691,106.822832
1.305978,110.606691,106.825277
1.306002,110.606691,106.826758
1.306022,110.606691,106.831478
1.306042,110.606691,106.831584
1.306060,110.606691,106.832928
1.306075,110.606691,106.841277
1.306089,110.606691,106.847680
1.306120,110.606691,106.848896
1.306142,110.606691,106.851133
1.306153,110.606691,106.854909
1.306172,110.606691,106.855040
1.306193,110.606691,106.855104
1.306210,110.606691,106.856198
1.306236,110.606691,106.857568
1.306247,110.606691,106.858720
1.306258,110.606691,106.865958
1.306273,110.606691,106.866045
1.306284,110.606691,106.871008
1.306294,110.606691,106.871984
1.306306,110.606691,106.874550
1.306328,110.606691,106.874726
1.306357,110.606691,106.876048
1.306369,110.606691,106.876822
1.306380,110.606691,106.877072
1.306392,110.606691,106.878544
1.306423,110.606691,106.879718
1.306439,110.606691,106.890624
1.306453,110.606691,106.903005
1.306468,110.606691,106.909232
1.306477,110.606691,106.910496
1.306492,110.606691,106.910640
1.306514,110.606691,106.913056
1.306531,110.606691,106.916502
1.306541,110.606691,106.919270
1.306561,110.606691,106.920243
1.306570,110.606691,106.920320
1.306578,110.606691,106.920448
1.306589,110.606691,106.921616
1.306602,110.606691,106.921696
1.306613,110.606691,106.931616
1.306635,110.606691,106.936576
1.306658,110.606691,106.944989
1.306672,110.606691,106.946160
1.306682,110.606691,106.947706
1.306697,110.606691,106.947738
1.306710,110.606691,106.948784
1.306728,110.606691,106.952544
1.306760,110.606691,106.952608
1.306780,110.606691,106.958560
1.306795,110.606691,106.958688
1.306806,110.606691,106.960064
1.306831,110.606691,106.963600
1.306847,110.606691,106.964733
1.306860,110.606691,106.966045
1.306877,110.606691,106.968339
1.306887,110.606691,106.968598
1.306903,110.606691,106.969702
1.306918,110.606691,106.969830
1.306927,110.606691,106.970960
1.306934,110.606691,106.976096
1.306955,110.606691,106.978624
1.306978,110.606691,106.989616
1.306999,110.606691,106.990838
1.307016,110.606691,106.992000
1.307077,110.606691,106.993376
1.307088,110.606691,106.994438
1.307101,110.606691,106.995936
1.307124,110.606691,106.996989
1.307137,110.606691,106.997216
1.307149,110.606691,107.001654
1.307160,110.606691,107.003168
1.307173,110.606691,107.006717
1.307184,110.606691,107.009318
1.307231,110.606691,107.019350
1.307254,110.606691,107.020176
1.307262,110.606691,107.020253
1.307275,110.606691,107.021664
1.307325,110.606691,107.023955
1.307341,110.606691,107.024902
1.307351,110.606691,107.030269
1.307367,110.606691,107.034016
1.307382,110.606691,107.036214
1.307394,110.606691,107.042454
1.307416,110.606691,107.042656
1.307429,110.606691,107.046246
1.307446,110.606691,107.047488
1.307458,110.606691,107.056192
1.307471,110.606691,107.057174
1.307481,110.606691,107.058486
1.307497,110.606691,107.062272
1.307508,110.606691,107.068736
1.307532,110.606691,107.072384
1.307545,110.606691,107.075936
1.307569,110.606691,107.076038
1.307590,110.606691,107.076998
1.307603,110.606691,107.079680
1.307624,110.606691,107.080733
1.307633,110.606691,107.086973
1.307663,110.606691,107.092122
1.307678,110.606691,107.093434
1.307697,110.606691,107.094512
1.307707,110.606691,107.099418
1.307724,110.606691,107.100576
1.307731,110.606691,107.101850
1.307740,110.606691,107.104256
1.307762,110.606691,107.106710
1.307773,110.606691,107.106714
1.307784,110.606691,107.106832
1.307793,110.606691,107.107008
1.307806,110.606691,107.116800
1.307822,110.606691,107.117920
1.307831,110.606691,107.119034
1.307843,110.606691,107.122886
1.308017,110.606691,107.124070
1.308029,110.606691,107.125216
1.308040,110.606691,107.125318
1.308055,110.606691,107.131440
1.308070,110.606691,107.135120
1.308090,110.606691,107.138838
1.308112,110.606691,107.142461
1.308126,110.606691,107.142586
1.308138,110.606691,107.146288
1.308150,110.606691,107.148598
1.308166,110.606691,107.148710
1.308173,110.606691,107.148784
1.308183,110.606691,107.149958
1.308191,110.606691,107.153712
1.308213,110.606691,107.157446
1.308243,110.606691,107.158422
1.308257,110.606691,107.162304
1.308268,110.606691,107.164976
1.308280,110.606691,107.168528
1.308292,110.606691,107.168736
1.308310,110.606691,107.171056
1.308324,110.606691,107.172118
1.308333,110.606691,107.172336
1.308345,110.606691,107.173286
1.308356,110.606691,107.173405
1.308371,110.606691,107.173536
1.308385,110.606691,107.174758
1.308396,110.606691,107.175632
1.308406,110.606691,107.177110
1.308418,110.606691,107.177274
1.308427,110.606691,107.179648
1.308436,110.606691,107.181050
1.308454,110.606691,107.187184
1.308469,110.606691,107.189405
1.308477,110.606691,107.193168
1.308489,110.606691,107.194467
1.308502,110.606691,107.195696
1.308522,110.606691,107.198208
1.308530,110.606691,107.204400
1.308549,110.606691,107.205437
1.308558,110.606691,107.216678
1.308576,110.606691,107.225341
1.308591,110.606691,107.225408
1.308626,110.606691,107.230288
1.308641,110.606691,107.230298
1.308647,110.606691,107.232614
1.308662,110.606691,107.233910
1.308678,110.606691,107.237728
1.308696,110.606691,107.240125
1.308715,110.606691,107.241094
1.308723,110.606691,107.244000
1.308747,110.606691,107.245085
1.308840,110.606691,107.248816
1.308859,110.606691,107.253629
1.308871,110.606691,107.253718
1.308880,110.606691,107.254982
1.308894,110.606691,107.256246
1.308911,110.606691,107.256378
1.308927,110.606691,107.261184
1.308963,110.606691,107.266170
1.308974,110.606691,107.266272
1.308987,110.606691,107.267014
1.308994,110.606691,107.267165
1.309005,110.606691,107.267200
1.309016,110.606691,107.267408
1.309033,110.606691,107.268576
1.309048,110.606691,107.272157
1.309059,110.606691,107.272208
1.309073,110.606691,107.273277
1.309082,110.606691,107.276064
1.309097,110.606691,107.279568
1.309107,110.606691,107.279718
1.309117,110.606691,107.280832
1.309136,110.606691,107.282112
1.309152,110.606691,107.283360
1.309167,110.606691,107.286016
1.309226,110.606691,107.287136
1.309241,110.606691,107.289565
1.309258,110.606691,107.291856
1.309274,110.606691,107.292128
1.309297,110.606691,107.295770
1.309315,110.606691,107.298086
1.309329,110.606691,107.300560
1.309344,110.606691,107.300742
1.309356,110.606691,107.303184
1.309370,110.606691,107.304080
1.309377,110.606691,107.305504
1.309387,110.606691,107.312822
1.309402,110.606691,107.312861
1.309411,110.606691,107.312966
1.309496,110.606691,107.315315
1.309510,110.606691,107.315558
1.309634,110.606691,107.317958
1.309656,110.606691,107.320486
1.309704,110.606691,107.321430
1.309716,110.606691,107.322720
1.309730,110.606691,107.322832
1.309744,110.606691,107.322848
1.309782,110.606691,107.323792
1.309793,110.606691,107.324070
1.309803,110.606691,107.325478
1.309820,110.606691,107.331453
1.309833,110.606691,107.335142
1.309842,110.606691,107.336406
1.309861,110.606691,107.337594
1.309876,110.606691,107.337606
1.309957,110.606691,107.338518
1.309975,110.606691,107.341472
1.309989,110.606691,107.344016
1.310008,110.606691,107.348758
1.310018,110.606691,107.348848
1.310032,110.606691,107.348864
1.310058,110.606691,107.352538
1.310073,110.606691,107.353690
1.310084,110.606691,107.353888
1.310095,110.606691,107.357446
1.310108,110.606691,107.359530
1.310120,110.606691,107.364806
1.310139,110.606691,107.370912
1.310150,110.606691,107.371056
1.310166,110.606691,107.374384
1.310180,110.606691,107.374624
1.310201,110.606691,107.376918
1.310219,110.606691,107.378214
1.310229,110.606691,107.378294
1.310251,110.606691,107.378310
1.310275,110.606691,107.382144
1.310302,110.606691,107.382298
1.310318,110.606691,107.384576
1.310344,110.606691,107.384656
1.310362,110.606691,107.385814
1.310377,110.606691,107.388218
1.310386,110.606691,107.395773
1.310448,110.606691,107.396870
1.310459,110.606691,107.400534
1.310473,110.606691,107.400576
1.310488,110.606691,107.403040
1.310500,110.606691,107.404358
1.310511,110.606691,107.410531
1.310527,110.606691,107.411696
1.310536,110.606691,107.413974
1.310553,110.606691,107.415440
1.310562,110.606691,107.415462
1.310574,110.606691,107.417718
1.310585,110.606691,107.419030
1.310601,110.606691,107.420294
1.310616,110.606691,107.421366
1.310636,110.606691,107.425110
1.310652,110.606691,107.429126
1.310670,110.606691,107.429184
1.310683,110.606691,107.429216
1.310693,110.606691,107.433958
1.310706,110.606691,107.434000
1.310714,110.606691,107.435322
1.310726,110.606691,107.439942
1.310736,110.606691,107.440096
1.310743,110.606691,107.454966
1.310767,110.606691,107.457264
1.310778,110.606691,107.457341
1.310823,110.606691,107.457466
1.310833,110.606691,107.462262
1.310846,110.606691,107.466256
1.310862,110.606691,107.470944
1.310872,110.606691,107.473414
1.310890,110.606691,107.477168
1.310919,110.606691,107.477210
1.310933,110.606691,107.477376
1.310997,110.606691,107.483238
1.311060,110.606691,107.489270
1.311077,110.606691,107.490768
1.311089,110.606691,107.492038
1.311107,110.606691,107.494656
1.311122,110.606691,107.495606
1.311135,110.606691,107.495782
1.311152,110.606691,107.495936
1.311187,110.606691,107.498246
1.311210,110.606691,107.507904
1.311224,110.606691,107.508096
1.311238,110.606691,107.513120
1.311265,110.606691,107.515392
1.311273,110.606691,107.519290
1.311285,110.606691,107.521638
1.311303,110.606691,107.524208
1.311319,110.606691,107.527776
1.311331,110.606691,107.537600
1.311349,110.606691,107.539862
1.311359,110.606691,107.541254
1.311371,110.606691,107.542816
1.311393,110.606691,107.546368
1.311411,110.606691,107.547222
1.311419,110.606691,107.547350
1.311433,110.606691,107.554976
1.311449,110.606691,107.556112
1.311461,110.606691,107.556291
1.311474,110.606691,107.567280
1.311492,110.606691,107.567293
1.311503,110.606691,107.572256
1.311522,110.606691,107.574726
1.311535,110.606691,107.575517
1.311544,110.606691,107.577216
1.311584,110.606691,107.581018
1.311603,110.606691,107.582013
1.311638,110.606691,107.584688
1.311653,110.606691,107.587104
1.311681,110.606691,107.587958
1.311689,110.606691,107.588448
1.311704,110.606691,107.589533
1.311719,110.606691,107.593210
1.311735,110.606691,107.593280
1.311749,110.606691,107.594525
1.311764,110.606691,107.595776
1.311825,110.606691,107.600646
1.311839,110.606691,107.600656
1.311874,110.606691,107.600678
1.311895,110.606691,107.603248
1.311914,110.606691,107.606960
1.311929,110.606691,107.607722
1.311942,110.606691,107.611824
1.311959,110.606691,107.612726
1.311966,110.606691,107.613782
1.311978,110.606691,107.614144
1.311992,110.606691,107.614336
1.312020,110.606691,107.616704
1.312052,110.606691,107.617824
1.312064,110.606691,107.621606
1.312080,110.606691,107.625264
1.312094,110.606691,107.626624
1.312124,110.606691,107.634013
1.312141,110.606691,107.634144
1.312168,110.606691,107.643645
1.312181,110.606691,107.645053
1.312197,110.606691,107.646246
1.312214,110.606691,107.649760
1.312226,110.606691,107.653728
1.312248,110.606691,107.655040
1.312259,110.606691,107.655056
1.312274,110.606691,107.655798
1.312281,110.606691,107.657507
1.312298,110.606691,107.661178
1.312312,110.606691,107.662352
1.312333,110.606691,107.662490
1.312343,110.606691,107.663584
1.312353,110.606691,107.666086
1.312365,110.606691,107.669798
1.312383,110.606691,107.672384
1.312397,110.606691,107.676096
1.312417,110.606691,107.677312
1.312433,110.606691,107.679552
1.312448,110.606691,107.680701
1.312466,110.606691,107.683264
1.312483,110.606691,107.684438
1.312501,110.606691,107.684608
1.312527,110.606691,107.686950
1.312545,110.606691,107.690784
1.312559,110.606691,107.693046
1.312574,110.606691,107.693178
1.312586,110.606691,107.693216
1.312598,110.606691,107.699366
1.312617,110.606691,107.700678
1.312632,110.606691,107.701984
1.312656,110.606691,107.704144
1.312665,110.606691,107.704416
1.312683,110.606691,107.710406
1.312698,110.606691,107.713120
1.312736,110.606691,107.719130
1.312748,110.606691,107.719264
1.312770,110.606691,107.724122
1.312778,110.606691,107.725360
1.312790,110.606691,107.725504
1.312810,110.606691,107.727888
1.312827,110.606691,107.731526
1.312845,110.606691,107.732736
1.312876,110.606691,107.732826
1.312883,110.606691,107.735024
1.312892,110.606691,107.735027
1.312904,110.606691,107.740256
1.312926,110.606691,107.741184
1.312946,110.606691,107.741350
1.312955,110.606691,107.742582
1.312969,110.606691,107.743904
1.312993,110.606691,107.747600
1.313017,110.606691,107.747728
1.313032,110.606691,107.753856
1.313050,110.606691,107.754742
1.313062,110.606691,107.754944
1.313079,110.606691,107.757504
1.313116,110.606691,107.761040
1.313131,110.606691,107.761152
1.313145,110.606691,107.761280
1.313178,110.606691,107.765056
1.313201,110.606691,107.767030
1.313215,110.606691,107.767238
1.313230,110.606691,107.771130
1.313244,110.606691,107.774672
1.313254,110.606691,107.774685
1.313281,110.606691,107.778528
1.313305,110.606691,107.779558
1.313314,110.606691,107.779584
1.313321,110.606691,107.779888
1.313400,110.606691,107.780838
1.313412,110.606691,107.783398
1.313425,110.606691,107.784800
1.313440,110.606691,107.785718
1.313450,110.606691,107.791878
1.313473,110.606691,107.792000
1.313481,110.606691,107.795542
1.313494,110.606691,107.799094
1.313541,110.606691,107.801968
1.313559,110.606691,107.801984
1.313576,110.606691,107.803024
1.313585,110.606691,107.808186
1.313598,110.606691,107.810448
1.313608,110.606691,107.813024
1.313621,110.606691,107.814394
1.313657,110.606691,107.815488
1.313700,110.606691,107.816730
1.313730,110.606691,107.816736
1.313746,110.606691,107.822950
1.313765,110.606691,107.822960
1.313794,110.606691,107.823008
1.313816,110.606691,107.826726
1.313858,110.606691,107.828925
1.313872,110.606691,107.828966
1.313883,110.606691,107.832566
1.313906,110.606691,107.835248
1.313917,110.606691,107.836445
1.313931,110.606691,107.846288
1.313941,110.606691,107.847446
1.313952,110.606691,107.847578
1.313963,110.606691,107.852544
1.313975,110.606691,107.853430
1.313983,110.606691,107.856198
1.313996,110.606691,107.856368
1.314010,110.606691,107.857478
1.314023,110.606691,107.858262
1.314038,110.606691,107.861318
1.314054,110.606691,107.862198
1.314070,110.606691,107.864490
1.314085,110.606691,107.868294
1.314094,110.606691,107.868528
1.314133,110.606691,107.868666
1.314143,110.606691,107.870909
1.314158,110.606691,107.871056
1.314171,110.606691,107.873616
1.314294,110.606691,107.880864
1.314313,110.606691,107.884480
1.314324,110.606691,107.889334
1.314339,110.606691,107.889520
1.314349,110.606691,107.890486
1.314357,110.606691,107.890653
1.314368,110.606691,107.890906
1.314385,110.606691,107.894454
1.314398,110.606691,107.903037
1.314420,110.606691,107.910496
1.314445,110.606691,107.911318
1.314455,110.606691,107.920374
1.314472,110.606691,107.925344
1.314510,110.606691,107.926672
1.314538,110.606691,107.927846
1.314555,110.606691,107.929088
1.314566,110.606691,107.935238
1.314653,110.606691,107.940061
1.314670,110.606691,107.940128
1.314678,110.606691,107.941142
1.314693,110.606691,107.941408
1.314701,110.606691,107.943574
1.314711,110.606691,107.946208
1.314734,110.606691,107.950106
1.314751,110.606691,107.951126
1.314760,110.606691,107.953661
1.314781,110.606691,107.956320
1.314810,110.606691,107.957478
1.314820,110.606691,107.958656
1.314845,110.606691,107.972416
1.314864,110.606691,107.973408
1.314873,110.606691,107.978090
1.314888,110.606691,107.980954
1.314911,110.606691,107.987078
1.314942,110.606691,107.988192
1.314955,110.606691,107.990810
1.314971,110.606691,107.995302
1.314980,110.606691,107.995590
1.314989,110.606691,107.995776
1.315003,110.606691,107.998278
1.315025,110.606691,108.000768
1.315040,110.606691,108.001856
1.315061,110.606691,108.008144
1.315083,110.606691,108.009286
1.315111,110.606691,108.010592
1.315125,110.606691,108.013018
1.315133,110.606691,108.014150
1.315146,110.606691,108.016390
1.315160,110.606691,108.019280
1.315179,110.606691,108.022838
1.315200,110.606691,108.026496
1.315208,110.606691,108.026640
1.315224,110.606691,108.031610
1.315235,110.606691,108.032592
1.315248,110.606691,108.032960
1.315263,110.606691,108.038675
1.315278,110.606691,108.041286
1.315292,110.606691,108.042358
1.315315,110.606691,108.042752
1.315326,110.606691,108.048806
1.315354,110.606691,108.049990
1.315361,110.606691,108.050176
1.315380,110.606691,108.052544
1.315395,110.606691,108.057360
1.315405,110.606691,108.058810
1.315421,110.606691,108.064922
1.315447,110.606691,108.067408
1.315464,110.606691,108.068406
1.315475,110.606691,108.068570
1.315486,110.606691,108.068640
1.315498,110.606691,108.069341
1.315505,110.606691,108.072294
1.315521,110.606691,108.074704
1.315531,110.606691,108.074842
1.315544,110.606691,108.078550
1.315565,110.606691,108.079776
1.315587,110.606691,108.089520
1.315603,110.606691,108.090896
1.315614,110.606691,108.094288
1.315667,110.606691,108.094448
1.315678,110.606691,108.100342
1.315687,110.606691,108.101552
1.315697,110.606691,108.108192
1.315715,110.606691,108.108998
1.315724,110.606691,108.109472
1.315736,110.606691,108.114176
1.315749,110.606691,108.115578
1.315765,110.606691,108.122944
1.315804,110.606691,108.125520
1.315818,110.606691,108.131680
1.315833,110.606691,108.136432
1.315844,110.606691,108.136506
1.315858,110.606691,108.137565
1.315867,110.606691,108.137824
1.315885,110.606691,108.141190
1.315901,110.606691,108.142278
1.315910,110.606691,108.142470
1.315918,110.606691,108.142720
1.315938,110.606691,108.144886
1.315958,110.606691,108.145040
1.315970,110.606691,108.146294
1.315987,110.606691,108.148896
1.315998,110.606691,108.150080
1.316008,110.606691,108.153661
1.316021,110.606691,108.154016
1.316037,110.606691,108.159862
1.316063,110.606691,108.162390
1.316076,110.606691,108.163648
1.316087,110.606691,108.164896
1.316099,110.606691,108.166045
1.316112,110.606691,108.170710
1.316126,110.606691,108.172256
1.316136,110.606691,108.173341
1.316144,110.606691,108.174525
1.316153,110.606691,108.174758
1.316169,110.606691,108.179549
1.316180,110.606691,108.180902
1.316191,110.606691,108.182166
1.316206,110.606691,108.187104
1.316219,110.606691,108.192090
1.316230,110.606691,108.192240
1.316253,110.606691,108.193085
1.316261,110.606691,108.198160
1.316271,110.606691,108.198288
1.316287,110.606691,108.199293
1.316295,110.606691,108.204384
1.316312,110.606691,108.204390
1.316324,110.606691,108.205238
1.316332,110.606691,108.208032
1.316346,110.606691,108.209318
1.316383,110.606691,108.211808
1.316395,110.606691,108.216646
1.316408,110.606691,108.217776
1.316418,110.606691,108.220528
1.316429,110.606691,108.221501
1.316450,110.606691,108.226566
1.316463,110.606691,108.228755
1.316472,110.606691,108.230067
1.316482,110.606691,108.230368
1.316503,110.606691,108.231062
1.316514,110.606691,108.231584
1.316528,110.606691,108.231648
1.316538,110.606691,108.232598
1.316552,110.606691,108.233610
1.316561,110.606691,108.236560
1.316583,110.606691,108.237856
1.316597,110.606691,108.237872
1.316635,110.606691,108.238781
1.316647,110.606691,108.238886
1.316682,110.606691,108.241664
1.316731,110.606691,108.243878
1.316777,110.606691,108.243920
1.316813,110.606691,108.246042
1.316819,110.606691,108.248598
1.316830,110.606691,108.248640
1.316838,110.606691,108.249990
1.316851,110.606691,108.251229
1.316882,110.606691,108.253776
1.316900,110.606691,108.254848
1.316910,110.606691,108.254906
1.316918,110.606691,108.255104
1.316958,110.606691,108.256198
1.316999,110.606691,108.256256
1.317019,110.606691,108.257536
1.317030,110.606691,108.261021
1.317045,110.606691,108.261062
1.317051,110.606691,108.261184
1.317062,110.606691,108.263526
1.317081,110.606691,108.263696
1.317096,110.606691,108.271008
1.317118,110.606691,108.272416
1.317128,110.606691,108.278198
1.317138,110.606691,108.278458
1.317147,110.606691,108.279536
1.317162,110.606691,108.280806
1.317177,110.606691,108.283366
1.317225,110.606691,108.285450
1.317239,110.606691,108.288224
1.317249,110.606691,108.290886
1.317265,110.606691,108.291965
1.317278,110.606691,108.295472
1.317287,110.606691,108.296976
1.317298,110.606691,108.298118
1.317313,110.606691,108.299456
1.317328,110.606691,108.300544
1.317354,110.606691,108.305130
1.317363,110.606691,108.305638
1.317381,110.606691,108.310496
1.317394,110.606691,108.310576
1.317409,110.606691,108.311610
1.317417,110.606691,108.315526
1.317443,110.606691,108.321398
1.317457,110.606691,108.322790
1.317465,110.606691,108.326470
1.317484,110.606691,108.328960
1.317501,110.606691,108.335110
1.317514,110.606691,108.337504
1.317524,110.606691,108.338912
1.317540,110.606691,108.339894
1.317559,110.606691,108.339984
1.317573,110.606691,108.340186
1.317588,110.606691,108.341360
1.317611,110.606691,108.341504
1.317627,110.606691,108.342624
1.317637,110.606691,108.347286
1.317655,110.606691,108.348806
1.317667,110.606691,108.350016
1.317680,110.606691,108.350144
1.317695,110.606691,108.354864
1.317708,110.606691,108.356320
1.317724,110.606691,108.357446
1.317758,110.606691,108.358518
1.317783,110.606691,108.358688
1.317792,110.606691,108.360006
1.317839,110.606691,108.367392
1.317861,110.606691,108.373568
1.317883,110.606691,108.377082
1.317898,110.606691,108.380784
1.317910,110.606691,108.383488
1.317926,110.606691,108.384477
1.317938,110.606691,108.384518
1.317947,110.606691,108.390672
1.317960,110.606691,108.390928
1.317994,110.606691,108.392000
1.318009,110.606691,108.398118
1.318018,110.606691,108.398288
1.318036,110.606691,108.399600
1.318060,110.606691,108.402960
1.318069,110.606691,108.403088
1.318102,110.606691,108.406896
1.318120,110.606691,108.408160
1.318132,110.606691,108.408288
1.318145,110.606691,108.415504
1.318171,110.606691,108.417917
1.318298,110.606691,108.426227
1.318310,110.606691,108.427936
1.318324,110.606691,108.431584
1.318346,110.606691,108.433491
1.318363,110.606691,108.433750
1.318382,110.606691,108.438800
1.318389,110.606691,108.439040
1.318402,110.606691,108.439104
1.318423,110.606691,108.446230
1.318435,110.606691,108.446336
1.318450,110.606691,108.447696
1.318461,110.606691,108.452656
1.318538,110.606691,108.462262
1.318550,110.606691,108.463443
1.318562,110.606691,108.464688
1.318571,110.606691,108.464816
1.318582,110.606691,108.467286
1.318595,110.606691,108.468266
1.318603,110.606691,108.468509
1.318615,110.606691,108.468646
1.318629,110.606691,108.468736
1.318641,110.606691,108.469712
1.318647,110.606691,108.470886
1.318657,110.606691,108.471104
1.318669,110.606691,108.475904
1.318678,110.606691,108.477280
1.318694,110.606691,108.478464
1.318728,110.606691,108.479776
1.318739,110.606691,108.481056
1.318758,110.606691,108.483398
1.318772,110.606691,108.485693
1.318784,110.606691,108.487194
1.318802,110.606691,108.488189
1.318810,110.606691,108.488378
1.318825,110.606691,108.490906
1.318840,110.606691,108.495728
1.318857,110.606691,108.495744
1.318870,110.606691,108.495888
1.318900,110.606691,108.500666
1.318916,110.606691,108.500768
1.318926,110.606691,108.501827
1.318936,110.606691,108.501968
1.318957,110.606691,108.507933
1.318977,110.606691,108.507974
1.318987,110.606691,108.508096
1.318997,110.606691,108.509411
1.319010,110.606691,108.513024
1.319021,110.606691,108.513088
1.319032,110.606691,108.514006
1.319038,110.606691,108.518144
1.319062,110.606691,108.526566
1.319078,110.606691,108.532992
1.319096,110.606691,108.533904
1.319103,110.606691,108.535126
1.319119,110.606691,108.536246
1.319130,110.606691,108.537558
1.319146,110.606691,108.539702
1.319154,110.606691,108.543478
1.319166,110.606691,108.544893
1.319175,110.606691,108.545062
1.319185,110.606691,108.547315
1.319195,110.606691,108.549917
1.319206,110.606691,108.554976
1.319221,110.606691,108.556256
1.319237,110.606691,108.558736
1.319249,110.606691,108.563488
1.319259,110.606691,108.571056
1.319282,110.606691,108.575680
1.319291,110.606691,108.576000
1.319304,110.606691,108.579648
1.319322,110.606691,108.589606
1.319338,110.606691,108.592006
1.319363,110.606691,108.603037
1.319389,110.606691,108.604358
1.319400,110.606691,108.605654
1.319417,110.606691,108.606582
1.319425,110.606691,108.606749
1.319437,110.606691,108.606976
1.319480,110.606691,108.609184
1.319510,110.606691,108.609370
1.319522,110.606691,108.610390
1.319556,110.606691,108.611792
1.319569,110.606691,108.612726
1.319581,110.606691,108.612870
1.319591,110.606691,108.614288
1.319644,110.606691,108.616704
1.319656,110.606691,108.617968
1.319672,110.606691,108.619136
1.319681,110.606691,108.619264
1.319721,110.606691,108.621430
1.319731,110.606691,108.626576
1.319742,110.606691,108.627904
1.319756,110.606691,108.631642
1.319784,110.606691,108.639040
1.319796,110.606691,108.639104
1.319816,110.606691,108.642502
1.319823,110.606691,108.643642
1.319830,110.606691,108.643866
1.319844,110.606691,108.645046
1.319855,110.606691,108.646230
1.319869,110.606691,108.648566
1.319878,110.606691,108.648704
1.319885,110.606691,108.648832
1.319899,110.606691,108.648896
1.319915,110.606691,108.650042
1.319924,110.606691,108.650240
1.319936,110.606691,108.652704
1.319949,110.606691,108.654854
1.319962,110.606691,108.659638
1.319984,110.606691,108.661104
1.319995,110.606691,108.662464
1.320010,110.606691,108.662592
1.320051,110.606691,108.666128
1.320086,110.606691,108.666176
1.320101,110.606691,108.668486
1.320112,110.606691,108.668518
1.320125,110.606691,108.669824
1.320136,110.606691,108.670902
1.320149,110.606691,108.672192
1.320163,110.606691,108.673552
1.320173,110.606691,108.675920
1.320185,110.606691,108.676048
1.320200,110.606691,108.677376
1.320211,110.606691,108.680662
1.320221,110.606691,108.680736
1.320231,110.606691,108.680864
1.320238,110.606691,108.683456
1.320252,110.606691,108.685760
1.320261,110.606691,108.686621
1.320267,110.606691,108.686742
1.320277,110.606691,108.686973
1.320285,110.606691,108.687072
1.320294,110.606691,108.688410
1.320305,110.606691,108.689334
1.320328,110.606691,108.692099
1.320339,110.606691,108.692102
1.320347,110.606691,108.693117
1.320357,110.606691,108.693158
1.320370,110.606691,108.697056
1.320405,110.606691,108.699446
1.320421,110.606691,108.704275
1.320436,110.606691,108.705290
1.320451,110.606691,108.705504
1.320458,110.606691,108.706422
1.320473,110.606691,108.707846
1.320495,110.606691,108.711750
1.320503,110.606691,108.712966
1.320526,110.606691,108.716592
1.320535,110.606691,108.719030
1.320546,110.606691,108.727904
1.320561,110.606691,108.729184
1.320578,110.606691,108.730144
1.320585,110.606691,108.733686
1.320594,110.606691,108.735958
1.320607,110.606691,108.736368
1.320616,110.606691,108.736560
1.320642,110.606691,108.738944
1.320657,110.606691,108.742390
1.320668,110.606691,108.742656
1.320681,110.606691,108.748688
1.320690,110.606691,108.756022
1.320701,110.606691,108.758358
1.320711,110.606691,108.758486
1.320744,110.606691,108.759542
1.320757,110.606691,108.762416
1.320771,110.606691,108.764848
1.320784,110.606691,108.768406
1.320794,110.606691,108.770941
1.320803,110.606691,108.779542
1.320814,110.606691,108.779776
1.320831,110.606691,108.783568
1.320843,110.606691,108.790653
1.320853,110.606691,108.794464
1.320865,110.606691,108.795574
1.320874,110.606691,108.796829
1.320884,110.606691,108.800630
1.320897,110.606691,108.804278
1.320909,110.606691,108.809238
1.320932,110.606691,108.809318
1.320947,110.606691,108.810400
1.320958,110.606691,108.812854
1.320980,110.606691,108.814067
1.320993,110.606691,108.815357
1.321005,110.606691,108.815440
1.321017,110.606691,108.816573
1.321028,110.606691,108.816662
1.321044,110.606691,108.816736
1.321054,110.606691,108.820179
1.321065,110.606691,108.820480
1.321073,110.606691,108.821341
1.321080,110.606691,108.822768
1.321092,110.606691,108.822918
1.321103,110.606691,108.826278
1.321112,110.606691,108.828957
1.321123,110.606691,108.836317
1.321139,110.606691,108.836416
1.321152,110.606691,108.838918
1.321173,110.606691,108.840038
1.321185,110.606691,108.841520
1.321216,110.606691,108.843930
1.321224,110.606691,108.845088
1.321240,110.606691,108.848838
1.321289,110.606691,108.853766
1.321302,110.606691,108.854928
1.321315,110.606691,108.856358
1.321351,110.606691,108.856368
1.321364,110.606691,108.858557
1.321378,110.606691,108.859782
1.321390,110.606691,108.859824
1.321397,110.606691,108.861216
1.321419,110.606691,108.866048
1.321432,110.606691,108.867398
1.321445,110.606691,108.877046
1.321459,110.606691,108.877200
1.321469,110.606691,108.878301
1.321478,110.606691,108.884576
1.321493,110.606691,108.886838
1.321507,110.606691,108.891898
1.321517,110.606691,108.895517
1.321529,110.606691,108.895904
1.321545,110.606691,108.896614
1.321555,110.606691,108.898246
1.321571,110.606691,108.900509
1.321582,110.606691,108.903126
1.321600,110.606691,108.908032
1.321614,110.606691,108.912998
1.321641,110.606691,108.915222
1.321652,110.606691,108.915632
1.321670,110.606691,108.916736
1.321680,110.606691,108.917782
1.321692,110.606691,108.921510
1.321703,110.606691,108.924198
1.321725,110.606691,108.925344
1.321740,110.606691,108.927776
1.321752,110.606691,108.935290
1.321764,110.606691,108.935312
1.321772,110.606691,108.940070
1.321790,110.606691,108.941478
1.321808,110.606691,108.942550
1.321825,110.606691,108.943542
1.321838,110.606691,108.943670
1.321853,110.606691,108.943734
1.321862,110.606691,108.944886
1.321870,110.606691,108.945110
1.321882,110.606691,108.963398
1.321907,110.606691,108.963494
1.321915,110.606691,108.963517
1.321928,110.606691,108.967206
1.321954,110.606691,108.976096
1.321972,110.606691,108.977158
1.321986,110.606691,108.978464
1.321998,110.606691,108.982144
1.322021,110.606691,108.983366
1.322035,110.606691,108.984656
1.322096,110.606691,108.984688
1.322112,110.606691,108.991965
1.322128,110.606691,108.993210
1.322142,110.606691,108.995600
1.322151,110.606691,108.995792
1.322170,110.606691,109.000432
1.322180,110.606691,109.000464
1.322195,110.606691,109.001766
1.322203,110.606691,109.001798
1.322216,110.606691,109.006880
1.322247,110.606691,109.008096
1.322261,110.606691,109.008144
1.322272,110.606691,109.009142
1.322292,110.606691,109.009286
1.322303,110.606691,109.013056
1.322316,110.606691,109.015523
1.322326,110.606691,109.017750
1.322341,110.606691,109.019216
1.322354,110.606691,109.020368
1.322361,110.606691,109.026586
1.322378,110.606691,109.029878
1.322390,110.606691,109.035238
1.322400,110.606691,109.036544
1.322412,110.606691,109.041498
1.322432,110.606691,109.042515
1.322441,110.606691,109.045008
1.322450,110.606691,109.048784
1.322464,110.606691,109.051165
1.322478,110.606691,109.051258
1.322486,110.606691,109.051296
1.322498,110.606691,109.051376
1.322513,110.606691,109.052176
1.322523,110.606691,109.055910
1.322531,110.606691,109.056144
1.322546,110.606691,109.057600
1.322557,110.606691,109.060064
1.322568,110.606691,109.063485
1.322582,110.606691,109.063526
1.322588,110.606691,109.067158
1.322598,110.606691,109.067350
1.322607,110.606691,109.069632
1.322618,110.606691,109.069680
1.322627,110.606691,109.074816
1.322642,110.606691,109.076822
1.322650,110.606691,109.077251
1.322657,110.606691,109.078550
1.322674,110.606691,109.079645
1.322691,110.606691,109.079776
1.322711,110.606691,109.081718
1.322718,110.606691,109.082096
1.322730,110.606691,109.084640
1.322745,110.606691,109.086941
1.322755,110.606691,109.090816
1.322775,110.606691,109.092064
1.322787,110.606691,109.092096
1.322802,110.606691,109.093245
1.322817,110.606691,109.098150
1.322826,110.606691,109.103190
1.322844,110.606691,109.105469
1.322856,110.606691,109.105600
1.322868,110.606691,109.114211
1.322885,110.606691,109.117661
1.322894,110.606691,109.117824
1.322912,110.606691,109.123990
1.322925,110.606691,109.124122
1.322932,110.606691,109.124208
1.322943,110.606691,109.125046
1.322951,110.606691,109.125213
1.322972,110.606691,109.128726
1.322986,110.606691,109.130182
1.323001,110.606691,109.131408
1.323013,110.606691,109.134144
1.323032,110.606691,109.136656
1.323051,110.606691,109.141126
1.323063,110.606691,109.141248
1.323073,110.606691,109.147421
1.323120,110.606691,109.147558
1.323154,110.606691,109.150176
1.323177,110.606691,109.152432
1.323189,110.606691,109.156058
1.323198,110.606691,109.156240
1.323227,110.606691,109.157478
1.323253,110.606691,109.157568
1.323267,110.606691,109.158816
1.323291,110.606691,109.162173
1.323301,110.606691,109.162342
1.323309,110.606691,109.162400
1.323325,110.606691,109.167197
1.323337,110.606691,109.168592
1.323348,110.606691,109.178496
1.323374,110.606691,109.181030
1.323424,110.606691,109.182128
1.323445,110.606691,109.183456
1.323481,110.606691,109.184736
1.323499,110.606691,109.186941
1.323520,110.606691,109.187104
1.323537,110.606691,109.189286
1.323549,110.606691,109.192950
1.323560,110.606691,109.196928
1.323574,110.606691,109.199424
1.323584,110.606691,109.202976
1.323595,110.606691,109.203296
1.323613,110.606691,109.204320
1.323627,110.606691,109.205526
1.323636,110.606691,109.205664
1.323646,110.606691,109.215350
1.323666,110.606691,109.216672
1.323678,110.606691,109.216730
1.323690,110.606691,109.217770
1.323703,110.606691,109.219206
1.323770,110.606691,109.219296
1.323786,110.606691,109.220246
1.323796,110.606691,109.220544
1.323818,110.606691,109.221392
1.323828,110.606691,109.223901
1.323840,110.606691,109.224070
1.323852,110.606691,109.225504
1.323869,110.606691,109.230320
1.323883,110.606691,109.231558
1.323896,110.606691,109.232928
1.323919,110.606691,109.235168
1.323927,110.606691,109.236416
1.323948,110.606691,109.237856
1.323962,110.606691,109.240256
1.323979,110.606691,109.241334
1.323989,110.606691,109.242512
1.323996,110.606691,109.242758
1.324035,110.606691,109.243776
1.324043,110.606691,109.243910
1.324057,110.606691,109.244758
1.324073,110.606691,109.247389
1.324086,110.606691,109.248710
1.324093,110.606691,109.254960
1.324110,110.606691,109.259712
1.324122,110.606691,109.261168
1.324138,110.606691,109.264656
1.324145,110.606691,109.265814
1.324157,110.606691,109.265904
1.324165,110.606691,109.265974
1.324175,110.606691,109.266013
1.324188,110.606691,109.266086
1.324223,110.606691,109.267322
1.324230,110.606691,109.267424
1.324242,110.606691,109.268736
1.324265,110.606691,109.273270
1.324276,110.606691,109.274640
1.324286,110.606691,109.275846
1.324299,110.606691,109.279414
1.324316,110.606691,109.281024
1.324331,110.606691,109.283216
1.324340,110.606691,109.283366
1.324379,110.606691,109.283408
1.324388,110.606691,109.285798
1.324402,110.606691,109.288336
1.324415,110.606691,109.289360
1.324427,110.606691,109.290800
1.324440,110.606691,109.290928
1.324450,110.606691,109.295696
1.324469,110.606691,109.295888
1.324485,110.606691,109.305766
1.324510,110.606691,109.307792
1.324651,110.606691,109.308032
1.324663,110.606691,109.310397
1.324674,110.606691,109.311878
1.324694,110.606691,109.316592
1.324703,110.606691,109.317846
1.324729,110.606691,109.320256
1.324738,110.606691,109.321728
1.324754,110.606691,109.322758
1.324765,110.606691,109.322992
1.324776,110.606691,109.325520
1.324792,110.606691,109.330464
1.324836,110.606691,109.333766
1.324856,110.606691,109.333885
1.324871,110.606691,109.335078
1.324881,110.606691,109.335264
1.324892,110.606691,109.340096
1.324906,110.606691,109.342598
1.324918,110.606691,109.342688
1.324934,110.606691,109.344016
1.324954,110.606691,109.347738
1.324971,110.606691,109.352704
1.324985,110.606691,109.357536
1.324999,110.606691,109.359670
1.325024,110.606691,109.360950
1.325043,110.606691,109.364550
1.325051,110.606691,109.364806
1.325060,110.606691,109.364928
1.325077,110.606691,109.367392
1.325090,110.606691,109.371088
1.325107,110.606691,109.371110
1.325117,110.606691,109.372125
1.325138,110.606691,109.373504
1.325149,110.606691,109.377200
1.325160,110.606691,109.378496
1.325171,110.606691,109.379645
1.325184,110.606691,109.384640
1.325194,110.606691,109.385904
1.325212,110.606691,109.390736
1.325223,110.606691,109.390752
1.325242,110.606691,109.391968
1.325255,110.606691,109.396806
1.325276,110.606691,109.397878
1.325325,110.606691,109.401885
1.325347,110.606691,109.405696
1.325368,110.606691,109.410624
1.325381,110.606691,109.416656
1.325400,110.606691,109.416736
1.325481,110.606691,109.416800
1.325491,110.606691,109.421664
1.325505,110.606691,109.421760
1.325520,110.606691,109.426598
1.325536,110.606691,109.426688
1.325554,110.606691,109.432858
1.325571,110.606691,109.433757
1.325587,110.606691,109.433853
1.325596,110.606691,109.438944
1.325611,110.606691,109.440192
1.325624,110.606691,109.446266
1.325637,110.606691,109.446330
1.325648,110.606691,109.447590
1.325665,110.606691,109.451456
1.325677,110.606691,109.453824
1.325696,110.606691,109.457392
1.325714,110.606691,109.457446
1.325729,110.606691,109.463478
1.325787,110.606691,109.466208
1.325806,110.606691,109.469398
1.325819,110.606691,109.469680
1.325827,110.606691,109.475866
1.325840,110.606691,109.477232
1.325885,110.606691,109.477408
1.325901,110.606691,109.483328
1.325958,110.606691,109.483398
1.325970,110.606691,109.485798
1.325987,110.606691,109.489408
1.326096,110.606691,109.490784
1.326108,110.606691,109.491690
1.326118,110.606691,109.494326
1.326128,110.606691,109.495792
1.326155,110.606691,109.496922
1.326169,110.606691,109.497968
1.326182,110.606691,109.498304
1.326194,110.606691,109.501920
1.326206,110.606691,109.503056
1.326219,110.606691,109.503194
1.326227,110.606691,109.506848
1.326240,110.606691,109.509472
1.326258,110.606691,109.516317
1.326280,110.606691,109.517926
1.326311,110.606691,109.520528
1.326340,110.606691,109.521728
1.326349,110.606691,109.521824
1.326384,110.606691,109.522918
1.326425,110.606691,109.525014
1.326436,110.606691,109.527702
1.326446,110.606691,109.527846
1.326483,110.606691,109.528822
1.326493,110.606691,109.531600
1.326507,110.606691,109.532502
1.326515,110.606691,109.535104
1.326567,110.606691,109.536310
1.326591,110.606691,109.538694
1.326601,110.606691,109.542624
1.326628,110.606691,109.544016
1.326645,110.606691,109.544854
1.326654,110.606691,109.544928
1.326664,110.606691,109.548806
1.326677,110.606691,109.557318
1.326702,110.606691,109.562192
1.326717,110.606691,109.564838
1.326727,110.606691,109.565024
1.326764,110.606691,109.566256
1.326777,110.606691,109.567190
1.326793,110.606691,109.569808
1.326809,110.606691,109.571136
1.326827,110.606691,109.572336
1.326837,110.606691,109.574758
1.326850,110.606691,109.582256
1.326923,110.606691,109.582278
1.326937,110.606691,109.586902
1.326947,110.606691,109.587040
1.326956,110.606691,109.592128
1.326977,110.606691,109.594438
1.326987,110.606691,109.594464
1.327000,110.606691,109.600150
1.327015,110.606691,109.600576
1.327032,110.606691,109.600688
1.327051,110.606691,109.605536
1.327062,110.606691,109.606582
1.327070,110.606691,109.606656
1.327079,110.606691,109.614128
1.327096,110.606691,109.621414
1.327110,110.606691,109.622845
1.327125,110.606691,109.625376
1.327137,110.606691,109.625488
1.327152,110.606691,109.628896
1.327161,110.606691,109.630006
1.327175,110.606691,109.631210
1.327186,110.606691,109.631238
1.327195,110.606691,109.632342
1.327205,110.606691,109.636538
1.327215,110.606691,109.637670
1.327226,110.606691,109.640208
1.327241,110.606691,109.641245
1.327255,110.606691,109.643734
1.327265,110.606691,109.648752
1.327275,110.606691,109.648768
1.327288,110.606691,109.649782
1.327298,110.606691,109.654582
1.327310,110.606691,109.655104
1.327327,110.606691,109.656208
1.327335,110.606691,109.656368
1.327357,110.606691,109.662512
1.327374,110.606691,109.667366
1.327390,110.606691,109.667408
1.327401,110.606691,109.668640
1.327418,110.606691,109.670973
1.327464,110.606691,109.671098
1.327474,110.606691,109.674608
1.327483,110.606691,109.677376
1.327502,110.606691,109.679510
1.327510,110.606691,109.679632
1.327521,110.606691,109.679936
1.327544,110.606691,109.680650
1.327556,110.606691,109.680765
1.327565,110.606691,109.683270
1.327574,110.606691,109.684704
1.327605,110.606691,109.687120
1.327616,110.606691,109.688189
1.327630,110.606691,109.688336
1.327640,110.606691,109.689024
1.327652,110.606691,109.690550
1.327667,110.606691,109.691965
1.327693,110.606691,109.693248
1.327708,110.606691,109.699376
1.327717,110.606691,109.699616
1.327736,110.606691,109.700656
1.327781,110.606691,109.701872
1.327796,110.606691,109.703248
1.327828,110.606691,109.704272
1.327837,110.606691,109.705270
1.327844,110.606691,109.705446
1.327857,110.606691,109.706848
1.327871,110.606691,109.710714
1.327888,110.606691,109.711776
1.327899,110.606691,109.712966
1.327914,110.606691,109.715526
1.327958,110.606691,109.715568
1.327991,110.606691,109.716541
1.328002,110.606691,109.719206
1.328033,110.606691,109.722749
1.328046,110.606691,109.722790
1.328056,110.606691,109.725066
1.328067,110.606691,109.729942
1.328077,110.606691,109.730368
1.328087,110.606691,109.731258
1.328102,110.606691,109.734742
1.328109,110.606691,109.735238
1.328119,110.606691,109.736445
1.328134,110.606691,109.742493
1.328149,110.606691,109.742534
1.328155,110.606691,109.742656
1.328169,110.606691,109.747590
1.328183,110.606691,109.748896
1.328199,110.606691,109.752544
1.328224,110.606691,109.754877
1.328238,110.606691,109.756272
1.328258,110.606691,109.758534
1.328275,110.606691,109.760064
1.328287,110.606691,109.762240
1.328303,110.606691,109.767392
1.328318,110.606691,109.767526
1.328334,110.606691,109.770614
1.328343,110.606691,109.773238
1.328354,110.606691,109.774758
1.328388,110.606691,109.774848
1.328398,110.606691,109.778304
1.328412,110.606691,109.779286
1.328419,110.606691,109.783462
1.328435,110.606691,109.783568
1.328449,110.606691,109.785744
1.328460,110.606691,109.787104
1.328563,110.606691,109.804221
1.328605,110.606691,109.804544
1.328630,110.606691,109.805462
1.328640,110.606691,109.806726
1.328662,110.606691,109.808989
1.328673,110.606691,109.809174
1.328686,110.606691,109.810416
1.328708,110.606691,109.810566
1.328726,110.606691,109.811776
1.328743,110.606691,109.815126
1.328760,110.606691,109.815222
1.328767,110.606691,109.816605
1.328779,110.606691,109.816838
1.328792,110.606691,109.821622
1.328805,110.606691,109.821658
1.328816,110.606691,109.822704
1.328825,110.606691,109.824166
1.328839,110.606691,109.826429
1.328858,110.606691,109.833638
1.328868,110.606691,109.833952
1.328876,110.606691,109.838918
1.328890,110.606691,109.840032
1.328904,110.606691,109.841350
1.328912,110.606691,109.843744
1.328924,110.606691,109.850118
1.328940,110.606691,109.851264
1.328952,110.606691,109.852448
1.328960,110.606691,109.852550
1.328969,110.606691,109.852656
1.328985,110.606691,109.853766
1.329014,110.606691,109.859846
1.329028,110.606691,109.861232
1.329048,110.606691,109.867261
1.329059,110.606691,109.869856
1.329070,110.606691,109.870806
1.329078,110.606691,109.871046
1.329087,110.606691,109.874800
1.329101,110.606691,109.876096
1.329118,110.606691,109.877178
1.329130,110.606691,109.880816
1.329142,110.606691,109.883184
1.329150,110.606691,109.884576
1.329162,110.606691,109.884768
1.329177,110.606691,109.889318
1.329187,110.606691,109.889568
1.329202,110.606691,109.893126
1.329232,110.606691,109.895680
1.329241,110.606691,109.898240
1.329252,110.606691,109.898246
1.329263,110.606691,109.898304
1.329279,110.606691,109.901584
1.329290,110.606691,109.903037
1.329300,110.606691,109.903078
1.329315,110.606691,109.905446
1.329339,110.606691,109.907856
1.329352,110.606691,109.909286
1.329363,110.606691,109.909328
1.329394,110.606691,109.911670
1.329422,110.606691,109.915222
1.329434,110.606691,109.916230
1.329445,110.606691,109.917984
1.329460,110.606691,109.921430
1.329471,110.606691,109.921520
1.329480,110.606691,109.922950
1.329491,110.606691,109.923894
1.329501,110.606691,109.927510
1.329510,110.606691,109.927718
1.329518,110.606691,109.928810
1.329530,110.606691,109.930086
1.329538,110.606691,109.931414
1.329548,110.606691,109.933824
1.329560,110.606691,109.941318
1.329573,110.606691,109.941504
1.329603,110.606691,109.943712
1.329614,110.606691,109.945184
1.329625,110.606691,109.946070
1.329639,110.606691,109.946288
1.329649,110.606691,109.949981
1.329665,110.606691,109.952278
1.329675,110.606691,109.952358
1.329697,110.606691,109.953856
1.329719,110.606691,109.957408
1.329732,110.606691,109.960064
1.329750,110.606691,109.961158
1.329765,110.606691,109.963578
1.329775,110.606691,109.963744
1.329790,110.606691,109.968435
1.329808,110.606691,109.968570
1.329817,110.606691,109.969936
1.329827,110.606691,109.977248
1.329839,110.606691,109.982022
1.329862,110.606691,109.983197
1.329873,110.606691,109.984605
1.329887,110.606691,109.985686
1.329903,110.606691,109.986909
1.329911,110.606691,109.986934
1.329923,110.606691,109.988125
1.329948,110.606691,109.988410
1.329960,110.606691,109.989405
1.329967,110.606691,109.989446
1.329977,110.606691,109.989616
1.329989,110.606691,109.993270
1.330005,110.606691,109.995600
1.330013,110.606691,109.995744
1.330024,110.606691,109.996694
1.330042,110.606691,110.002742
1.330058,110.606691,110.003168
1.330069,110.606691,110.003171
1.330079,110.606691,110.005565
1.330091,110.606691,110.005696
1.330104,110.606691,110.009376
1.330119,110.606691,110.010429
1.330136,110.606691,110.010560
1.330146,110.606691,110.011638
1.330156,110.606691,110.012861
1.330165,110.606691,110.014118
1.330177,110.606691,110.016678
1.330188,110.606691,110.016704
1.330199,110.606691,110.016736
1.330218,110.606691,110.019165
1.330230,110.606691,110.019354
1.330241,110.606691,110.021696
1.330258,110.606691,110.021840
1.330272,110.606691,110.022662
1.330286,110.606691,110.025110
1.330297,110.606691,110.026294
1.330311,110.606691,110.029046
1.330334,110.606691,110.030394
1.330355,110.606691,110.032656
1.330363,110.606691,110.034016
1.330433,110.606691,110.034106
1.330448,110.606691,110.037622
1.330461,110.606691,110.041130
1.330474,110.606691,110.044854
1.330491,110.606691,110.045168
1.330505,110.606691,110.051158
1.330516,110.606691,110.051296
1.330528,110.606691,110.057328
1.330538,110.606691,110.058582
1.330555,110.606691,110.062118
1.330563,110.606691,110.063190
1.330571,110.606691,110.066176
1.330585,110.606691,110.068486
1.330605,110.606691,110.069766
1.330614,110.606691,110.074618
1.330629,110.606691,110.075766
1.330642,110.606691,110.076979
1.330653,110.606691,110.077174
1.330664,110.606691,110.079696
1.330679,110.606691,110.080758
1.330688,110.606691,110.088093
1.330701,110.606691,110.088182
1.330712,110.606691,110.088246
1.330719,110.606691,110.088262
1.330727,110.606691,110.093248
1.330744,110.606691,110.099062
1.330763,110.606691,110.100438
1.330775,110.606691,110.103190
1.330794,110.606691,110.105395
1.330813,110.606691,110.110656
1.330828,110.606691,110.112861
1.330850,110.606691,110.112902
1.330859,110.606691,110.112966
1.330872,110.606691,110.116656
1.330887,110.606691,110.119056
1.330898,110.606691,110.120150
1.330915,110.606691,110.124950
1.330926,110.606691,110.125344
1.330941,110.606691,110.125376
1.330973,110.606691,110.126448
1.330980,110.606691,110.131344
1.330989,110.606691,110.131680
1.331003,110.606691,110.132317
1.331012,110.606691,110.137654
1.331031,110.606691,110.137712
1.331045,110.606691,110.143888
1.331073,110.606691,110.144822
1.331081,110.606691,110.146496
1.331093,110.606691,110.147558
1.331122,110.606691,110.148422
1.331135,110.606691,110.148672
1.331144,110.606691,110.148730
1.331156,110.606691,110.151094
1.331170,110.606691,110.152272
1.331180,110.606691,110.156186
1.331192,110.606691,110.157498
1.331207,110.606691,110.162336
1.331217,110.606691,110.165978
1.331226,110.606691,110.168093
1.331236,110.606691,110.169856
1.331255,110.606691,110.173488
1.331265,110.606691,110.174810
1.331279,110.606691,110.180912
1.331293,110.606691,110.182144
1.331312,110.606691,110.185702
1.331329,110.606691,110.185786
1.331339,110.606691,110.188221
1.331353,110.606691,110.188291
1.331360,110.606691,110.189606
1.331470,110.606691,110.191952
1.331478,110.606691,110.193075
1.331487,110.606691,110.193200
1.331499,110.606691,110.193408
1.331525,110.606691,110.194464
1.331536,110.606691,110.195510
1.331548,110.606691,110.195670
1.331561,110.606691,110.201766
1.331599,110.606691,110.204358
1.331640,110.606691,110.205302
1.331647,110.606691,110.206966
1.331668,110.606691,110.209286
1.331695,110.606691,110.209376
1.331710,110.606691,110.210294
1.331720,110.606691,110.211968
1.331748,110.606691,110.217510
1.331755,110.606691,110.217702
1.331775,110.606691,110.221696
1.331796,110.606691,110.221808
1.331808,110.606691,110.223862
1.331818,110.606691,110.223936
1.331826,110.606691,110.226624
1.331840,110.606691,110.229072
1.331853,110.606691,110.232688
1.331866,110.606691,110.235024
1.331880,110.606691,110.235184
1.331890,110.606691,110.235270
1.331901,110.606691,110.235322
1.331920,110.606691,110.236317
1.331932,110.606691,110.236528
1.331967,110.606691,110.240022
1.331981,110.606691,110.242512
1.331991,110.606691,110.250080
1.332014,110.606691,110.253680
1.332023,110.606691,110.254928
1.332035,110.606691,110.260998
1.332061,110.606691,110.261158
1.332073,110.606691,110.262288
1.332081,110.606691,110.264864
1.332092,110.606691,110.268672
1.332104,110.606691,110.269590
1.332118,110.606691,110.269936
1.332131,110.606691,110.277306
1.332145,110.606691,110.278227
1.332153,110.606691,110.279792
1.332164,110.606691,110.279936
1.332210,110.606691,110.282106
1.332230,110.606691,110.283293
1.332242,110.606691,110.283456
1.332259,110.606691,110.290598
1.332277,110.606691,110.290944
1.332296,110.606691,110.291549
1.332303,110.606691,110.291846
1.332315,110.606691,110.292032
1.332325,110.606691,110.293232
1.332332,110.606691,110.293344
1.332356,110.606691,110.295558
1.332364,110.606691,110.298394
1.332387,110.606691,110.304390
1.332413,110.606691,110.308006
1.332430,110.606691,110.311808
1.332492,110.606691,110.315318
1.332508,110.606691,110.315408
1.332518,110.606691,110.316736
1.332537,110.606691,110.317968
1.332550,110.606691,110.320528
1.332562,110.606691,110.321616
1.332571,110.606691,110.321680
1.332590,110.606691,110.322646
1.332604,110.606691,110.322726
1.332633,110.606691,110.322742
1.332642,110.606691,110.324128
1.332656,110.606691,110.327574
1.332666,110.606691,110.329120
1.332678,110.606691,110.331616
1.332698,110.606691,110.334051
1.332707,110.606691,110.336518
1.332723,110.606691,110.337533
1.332731,110.606691,110.337808
1.332753,110.606691,110.347350
1.332771,110.606691,110.347520
1.332780,110.606691,110.347680
1.332790,110.606691,110.352570
1.332801,110.606691,110.352608
1.332819,110.606691,110.354976
1.332833,110.606691,110.355104
1.332874,110.606691,110.358557
1.332883,110.606691,110.359677
1.332891,110.606691,110.360918
1.332903,110.606691,110.361942
1.332913,110.606691,110.362496
1.332935,110.606691,110.363610
1.332951,110.606691,110.363770
1.332963,110.606691,110.364470
1.332972,110.606691,110.364806
1.332981,110.606691,110.364864
1.332994,110.606691,110.365565
1.333001,110.606691,110.366106
1.333016,110.606691,110.366112
1.333027,110.606691,110.373078
1.333042,110.606691,110.373498
1.333059,110.606691,110.375686
1.333067,110.606691,110.375766
1.333085,110.606691,110.377126
1.333095,110.606691,110.377190
1.333103,110.606691,110.378496
1.333114,110.606691,110.378528
1.333133,110.606691,110.379718
1.333146,110.606691,110.383158
1.333163,110.606691,110.383312
1.333174,110.606691,110.385830
1.333185,110.606691,110.385904
1.333196,110.606691,110.387120
1.333205,110.606691,110.387206
1.333219,110.606691,110.387248
1.333237,110.606691,110.388346
1.333246,110.606691,110.390646
1.333255,110.606691,110.399094
1.333269,110.606691,110.400512
1.333280,110.606691,110.401766
1.333289,110.606691,110.407958
1.333308,110.606691,110.408064
1.333322,110.606691,110.409120
1.333341,110.606691,110.409248
1.333349,110.606691,110.409318
1.333364,110.606691,110.409488
1.333383,110.606691,110.411718
1.333395,110.606691,110.412816
1.333421,110.606691,110.414144
1.333431,110.606691,110.416704
1.333463,110.606691,110.420198
1.333473,110.606691,110.420448
1.333484,110.606691,110.421405
1.333495,110.606691,110.421638
1.333505,110.606691,110.421664
1.333519,110.606691,110.423888
1.333531,110.606691,110.426640
1.333545,110.606691,110.427840
1.333559,110.606691,110.427878
1.333569,110.606691,110.438678
1.333583,110.606691,110.438736
1.333592,110.606691,110.438938
1.333604,110.606691,110.442374
1.333611,110.606691,110.442832
1.333638,110.606691,110.447382
1.333654,110.606691,110.461024
1.333686,110.606691,110.462368
1.333701,110.606691,110.462470
1.333715,110.606691,110.468330
1.333730,110.606691,110.469862
1.333747,110.606691,110.470774
1.333754,110.606691,110.472384
1.333766,110.606691,110.476902
1.333779,110.606691,110.478237
1.333797,110.606691,110.479728
1.333816,110.606691,110.487030
1.333844,110.606691,110.487162
1.333855,110.606691,110.490880
1.333868,110.606691,110.491888
1.333878,110.606691,110.493110
1.333889,110.606691,110.495728
1.333900,110.606691,110.495776
1.333915,110.606691,110.497862
1.333923,110.606691,110.498086
1.333931,110.606691,110.498246
1.333951,110.606691,110.499366
1.333997,110.606691,110.500765
1.334011,110.606691,110.500768
1.334027,110.606691,110.501840
1.334038,110.606691,110.506582
1.334053,110.606691,110.508058
1.334067,110.606691,110.512998
1.334079,110.606691,110.513040
1.334088,110.606691,110.514336
1.334108,110.606691,110.515712
1.334139,110.606691,110.516486
1.334148,110.606691,110.516896
1.334187,110.606691,110.519110
1.334199,110.606691,110.520256
1.334208,110.606691,110.523878
1.334218,110.606691,110.525360
1.334229,110.606691,110.528650
1.334239,110.606691,110.530102
1.334248,110.606691,110.530205
1.334257,110.606691,110.530426
1.334270,110.606691,110.531456
1.334278,110.606691,110.535158
1.334288,110.606691,110.537590
1.334301,110.606691,110.538800
1.334318,110.606691,110.540048
1.334328,110.606691,110.542646
1.334340,110.606691,110.548704
1.334360,110.606691,110.551280
1.334369,110.606691,110.552656
1.334402,110.606691,110.558589
1.334412,110.606691,110.562205
1.334427,110.606691,110.563590
1.334438,110.606691,110.564720
1.334451,110.606691,110.565056
1.334477,110.606691,110.566166
1.334496,110.606691,110.567165
1.334528,110.606691,110.567376
1.334543,110.606691,110.574726
1.334639,110.606691,110.574768
1.334650,110.606691,110.576064
1.334669,110.606691,110.580720
1.334677,110.606691,110.582278
1.334691,110.606691,110.585501
1.334705,110.606691,110.589488
1.334714,110.606691,110.590736
1.334729,110.606691,110.591830
1.334742,110.606691,110.592118
1.334758,110.606691,110.592982
1.334771,110.606691,110.594304
1.334779,110.606691,110.599296
1.334798,110.606691,110.600710
1.334807,110.606691,110.603296
1.334819,110.606691,110.605552
1.334829,110.606691,110.605667
1.334841,110.606691,110.606691
