Time,UB,LB
0.000000,387.353293,19.459200
0.000079,387.353293,22.236960
0.000232,387.353293,23.507296
0.000262,387.353293,24.124576
0.000352,387.353293,25.359136
0.000384,387.353293,26.306048
0.000495,387.353293,26.840608
0.000539,387.353293,27.210976
0.000602,387.353293,27.655418
0.000942,387.353293,27.828256
0.001027,387.353293,27.936928
0.001063,387.353293,29.888704
0.001097,387.353293,30.009728
0.001347,387.353293,30.544288
0.001510,387.353293,30.750464
0.001572,387.353293,31.046752
0.001856,387.353293,31.431904
0.001905,387.353293,31.524496
0.002341,387.353293,31.740544
0.002356,387.353293,31.861568
0.002371,387.353293,32.478848
0.002392,387.353293,33.243008
0.002407,387.353293,33.283744
0.002420,387.353293,33.551648
0.002436,387.353293,33.592384
0.002457,387.353293,33.713408
0.002472,387.353293,34.083776
0.002489,387.353293,34.302256
0.002504,387.353293,34.518304
0.002532,387.353293,34.610896
0.002734,387.353293,35.094848
0.002749,387.353293,35.135584
0.002763,387.353293,35.194880
0.002785,387.353293,35.218304
0.002820,387.353293,35.565248
0.002856,387.353293,36.009690
0.002877,387.353293,36.083744
0.002902,387.353293,36.154096
0.002915,387.353293,36.182528
0.002988,387.353293,36.946688
0.003007,387.353293,37.872608
0.003130,387.353293,37.913344
0.003186,387.353293,37.965200
0.003207,387.353293,37.996064
0.003483,387.353293,38.005936
0.003504,387.353293,38.119520
0.003611,387.353293,38.181248
0.003647,387.353293,38.221984
0.003682,387.353293,38.242976
0.003694,387.353293,38.304704
0.003713,387.353293,38.404736
0.003737,387.353293,38.898560
0.003774,387.353293,38.931856
0.003799,387.353293,39.147904
0.003813,387.353293,39.240496
0.003848,387.353293,39.786176
0.003861,387.353293,39.847904
0.003877,387.353293,39.878768
0.003911,387.353293,40.094816
0.003925,387.353293,40.713344
0.003965,387.353293,40.897280
0.003980,387.353293,40.959008
0.004013,387.353293,40.999744
0.004026,387.353293,41.024544
0.004057,387.353293,41.205920
0.004073,387.353293,41.576288
0.004484,387.353293,41.638016
0.004496,387.353293,41.699744
0.004517,387.353293,41.946656
0.004536,387.353293,42.018256
0.004556,387.353293,42.502208
0.004567,387.353293,42.542944
0.004608,387.353293,42.594800
0.004637,387.353293,42.625664
0.004663,387.353293,42.635536
0.004694,387.353293,42.656528
0.004706,387.353293,42.718256
0.004725,387.353293,42.749120
0.004738,387.353293,42.810848
0.004751,387.353293,42.851584
0.004764,387.353293,42.872576
0.004819,387.353293,42.934304
0.004851,387.353293,42.965168
0.004870,387.353293,43.489856
0.004884,387.353293,43.561456
0.004896,387.353293,43.802304
0.004913,387.353293,43.870096
0.004926,387.353293,44.110944
0.004949,387.353293,44.202144
0.004984,387.353293,44.508368
0.004997,387.353293,44.510784
0.005020,387.353293,44.524544
0.005040,387.353293,44.550272
0.005053,387.353293,44.662688
0.005070,387.353293,44.749216
0.005094,387.353293,44.858912
0.005109,387.353293,45.320704
0.005124,387.353293,45.413296
0.005137,387.353293,45.629344
0.005183,387.353293,45.661376
0.005220,387.353293,45.712064
0.005234,387.353293,45.721936
0.005253,387.353293,45.772486
0.005828,387.353293,45.970016
0.005860,387.353293,46.031744
0.005885,387.353293,46.053984
0.005900,387.353293,46.081126
0.005914,387.353293,46.267616
0.005930,387.353293,46.329344
0.005959,387.353293,46.340384
0.006015,387.353293,46.402112
0.006038,387.353293,46.451494
0.006058,387.353293,46.647856
0.006081,387.353293,46.710752
0.006140,387.353293,47.172544
0.006155,387.353293,47.265136
0.006220,387.353293,47.302304
0.006236,387.353293,47.347856
0.006272,387.353293,47.505984
0.006297,387.353293,47.513216
0.006309,387.353293,47.563904
0.006322,387.353293,47.610944
0.006380,387.353293,47.624326
0.006394,387.353293,47.821856
0.006408,387.353293,47.905824
0.006425,387.353293,47.913344
0.006442,387.353293,47.932966
0.006568,387.353293,48.192224
0.006581,387.353293,48.276192
0.006604,387.353293,48.431904
0.006619,387.353293,48.524496
0.006641,387.353293,48.718304
0.006668,387.353293,48.740544
0.006690,387.353293,48.983648
0.006706,387.353293,49.024384
0.006724,387.353293,49.365056
0.006754,387.353293,49.498406
0.006774,387.353293,49.673696
0.006790,387.353293,49.735424
0.006823,387.353293,49.757664
0.006886,387.353293,49.846534
0.006901,387.353293,49.950304
0.006928,387.353293,50.042896
0.006947,387.353293,50.044064
0.007006,387.353293,50.066304
0.007045,387.353293,50.073824
0.007070,387.353293,50.105792
0.007126,387.353293,50.258944
0.007201,387.353293,50.298374
0.007228,387.353293,50.351536
0.007263,387.353293,50.414432
0.008349,387.353293,50.557632
0.008362,387.353293,50.676384
0.008410,387.353293,50.897216
0.008443,387.353293,50.957638
0.008486,387.353293,51.005984
0.008517,387.353293,51.110944
0.008607,387.353293,51.216896
0.008649,387.353293,51.266278
0.008669,387.353293,51.328006
0.008723,387.353293,51.525536
0.008780,387.353293,51.587264
0.008821,387.353293,51.636646
0.008869,387.353293,51.779846
0.008883,387.353293,51.895904
0.008913,387.353293,52.007014
0.008949,387.353293,52.024496
0.008977,387.353293,52.068864
0.008992,387.353293,52.113344
0.009009,387.353293,52.135584
0.009034,387.353293,52.240544
0.009074,387.353293,52.266272
0.009099,387.353293,52.565184
0.009126,387.353293,52.809478
0.009140,387.353293,53.036704
0.009154,387.353293,53.090976
0.009175,387.353293,53.098496
0.009197,387.353293,53.154096
0.009220,387.353293,53.439104
0.009236,387.353293,53.461344
0.009280,387.353293,53.468864
0.009296,387.353293,53.488486
0.009319,387.353293,53.613248
0.009350,387.353293,53.653984
0.009381,387.353293,53.674976
0.009394,387.353293,53.736704
0.009413,387.353293,53.769984
0.009447,387.353293,53.777504
0.009481,387.353293,53.809472
0.009494,387.353293,53.831712
0.009581,387.353293,53.983616
0.009599,387.353293,54.002054
0.009612,387.353293,54.118112
0.009645,387.353293,54.170144
0.009669,387.353293,54.273824
0.009707,387.353293,54.579904
0.009721,387.353293,54.661318
0.009737,387.353293,54.672496
0.009774,387.353293,54.888544
0.009788,387.353293,54.913344
0.009802,387.353293,54.920576
0.009855,387.353293,55.013344
0.009870,387.353293,55.031686
0.009901,387.353293,55.053926
0.009934,387.353293,55.153894
0.009947,387.353293,55.229216
0.009989,387.353293,55.290944
0.010046,387.353293,55.313184
0.010072,387.353293,55.340326
0.010100,387.353293,55.402054
0.010129,387.353293,55.442912
0.010154,387.353293,55.524496
0.010208,387.353293,55.526816
0.010222,387.353293,55.599584
0.010279,387.353293,55.621824
0.010295,387.353293,55.661312
0.010325,387.353293,55.710694
0.010358,387.353293,55.740544
0.010419,387.353293,55.853894
0.010429,387.353293,55.939232
0.010469,387.353293,55.939264
0.010507,387.353293,55.969952
0.012020,387.353293,56.142912
0.012035,387.353293,56.208416
0.012061,387.353293,56.240496
0.012084,387.353293,56.268864
0.012098,387.353293,56.391008
0.012111,387.353293,56.431744
0.012126,387.353293,56.513158
0.012185,387.353293,56.621984
0.012212,387.353293,56.637920
0.012229,387.353293,56.654096
0.012269,387.353293,56.699648
0.012286,387.353293,56.740384
0.012304,387.353293,56.772416
0.012315,387.353293,56.821798
0.012348,387.353293,56.883526
0.012374,387.353293,57.081056
0.012398,387.353293,57.165024
0.012429,387.353293,57.172544
0.012458,387.353293,57.192166
0.012495,387.353293,57.298496
0.012521,387.353293,57.365126
0.012537,387.353293,57.378656
0.012555,387.353293,57.378816
0.012597,387.353293,57.450256
0.012608,387.353293,57.473664
0.012623,387.353293,57.481184
0.012639,387.353293,57.535392
0.012674,387.353293,57.562534
0.012685,387.353293,57.624384
0.012698,387.353293,57.660256
0.012735,387.353293,57.666304
0.012778,387.353293,57.668864
0.012805,387.353293,57.758896
0.012821,387.353293,57.844032
0.012840,387.353293,57.851552
0.012860,387.353293,57.977504
0.012891,387.353293,58.005984
0.012932,387.353293,58.242848
0.012944,387.353293,58.265184
0.012967,387.353293,58.283584
0.012980,387.353293,58.287392
0.013001,387.353293,58.304576
0.013023,387.353293,58.366304
0.013051,387.353293,58.397168
0.013066,387.353293,58.583696
0.013085,387.353293,58.613216
0.013112,387.353293,58.624256
0.013124,387.353293,58.646496
0.013154,387.353293,58.654016
0.013172,387.353293,58.757606
0.013202,387.353293,58.799744
0.013237,387.353293,58.809606
0.013278,387.353293,58.924448
0.013292,387.353293,58.932896
0.013318,387.353293,58.994624
0.013355,387.353293,59.016864
0.013390,387.353293,59.066246
0.013408,387.353293,59.073766
0.013427,387.353293,59.094848
0.013469,387.353293,59.105734
0.013502,387.353293,59.231744
0.013518,387.353293,59.302096
0.013532,387.353293,59.303264
0.013558,387.353293,59.325504
0.013612,387.353293,59.333024
0.013645,387.353293,59.364992
0.013688,387.353293,59.387232
0.013710,387.353293,59.414374
0.013737,387.353293,59.542944
0.013769,387.353293,59.557574
0.013809,387.353293,59.642912
0.013850,387.353293,59.642944
0.013922,387.353293,59.673632
0.014005,387.353293,59.720704
0.014078,387.353293,59.725664
0.014150,387.353293,59.923200
0.014220,387.353293,60.017024
0.014249,387.353293,60.094688
0.014275,387.353293,60.154096
0.014370,387.353293,60.165126
0.014408,387.353293,60.209606
0.014432,387.353293,60.216838
0.014503,387.353293,60.342912
0.014526,387.353293,60.468864
0.014606,387.353293,60.476096
0.014642,387.353293,60.525478
0.014691,387.353293,60.587206
0.014782,387.353293,60.609446
0.014806,387.353293,60.739174
0.014842,387.353293,60.784736
0.014901,387.353293,60.829376
0.014939,387.353293,60.838016
0.015000,387.353293,60.846464
0.015052,387.353293,60.895846
0.015130,387.353293,60.898464
0.015177,387.353293,60.957574
0.015197,387.353293,60.998432
0.015233,387.353293,61.020608
0.015282,387.353293,61.061344
0.015323,387.353293,61.113200
0.015348,387.353293,61.144064
0.015369,387.353293,61.153936
0.015397,387.353293,61.155104
0.015441,387.353293,61.165216
0.015483,387.353293,61.239072
0.015511,387.353293,61.246592
0.015539,387.353293,61.266214
0.015619,387.353293,61.267520
0.015660,387.353293,61.329248
0.015702,387.353293,61.363936
0.015723,387.353293,61.369984
0.015882,387.353293,61.372544
0.015930,387.353293,61.390976
0.015978,387.353293,61.452704
0.016005,387.353293,61.462624
0.016070,387.353293,61.520646
0.016106,387.353293,61.525472
0.016123,387.353293,61.565126
0.016144,387.353293,61.681184
0.016169,387.353293,61.698432
0.016190,387.353293,61.763936
0.016261,387.353293,61.787392
0.016300,387.353293,61.824384
0.016340,387.353293,61.918246
0.016378,387.353293,62.008256
0.016424,387.353293,62.008416
0.019227,387.353293,62.051552
0.019317,387.353293,62.068678
0.019449,387.353293,62.079856
0.019480,387.353293,62.177504
0.019570,387.353293,62.256576
0.019588,387.353293,62.289856
0.019630,387.353293,62.295904
0.019644,387.353293,62.350176
0.019695,387.353293,62.357696
0.019770,387.353293,62.377318
0.019785,387.353293,62.388496
0.019821,387.353293,62.461286
0.019891,270.187859,62.461286
0.019958,270.117459,62.461286
0.019982,258.813779,62.461286
0.020007,257.929811,62.461286
0.020082,255.672979,62.461286
0.020114,251.501427,62.461286
0.020127,251.431027,62.461286
0.020246,250.926131,62.461286
0.020258,242.455731,62.461286
0.020280,241.053267,62.461286
0.020517,233.535987,62.461286
0.020539,232.652019,62.461286
0.020570,230.395187,62.461286
0.020889,227.318707,62.461286
0.020959,221.137203,62.461286
0.020971,221.066803,62.461286
0.021277,218.103859,62.461286
0.021350,218.080509,62.461286
0.021390,217.177939,62.461286
0.021409,211.614963,62.461286
0.022047,204.080403,62.461286
0.022066,202.677939,62.461286
0.023038,201.066941,62.461286
0.023057,200.182973,62.461286
0.023085,197.926141,62.461286
0.024065,190.856947,62.461286
0.024395,188.668157,62.461286
0.024406,188.597757,62.461286
0.025413,185.634813,62.461286
0.025687,181.642099,62.461286
0.025806,179.145917,62.461286
0.039713,173.392966,62.461286
0.040745,169.708893,62.461286
0.041178,164.990502,62.461286
0.050852,159.665757,62.461286
0.247632,156.098854,62.461286
0.251906,151.311363,62.461286
0.251924,149.092592,62.461286
0.422455,146.953232,62.461286
0.423955,144.486819,62.461286
0.423972,140.168048,62.461286
1.502742,139.084346,62.461286
1.996448,139.084346,62.468806
1.996469,139.084346,62.658816
1.996490,139.084346,62.666336
1.996527,139.084346,62.698304
1.996544,139.084346,62.720544
1.996563,139.084346,62.728064
1.996583,139.084346,62.831654
1.996606,139.084346,62.854016
1.996636,139.084346,62.881248
1.996664,139.084346,62.889824
1.996691,139.084346,62.894784
1.996728,139.084346,62.939232
1.996773,139.084346,63.006944
1.996791,139.084346,63.026768
1.996809,139.084346,63.029184
1.996828,139.084346,63.036704
1.996848,139.084346,63.042944
1.996919,139.084346,63.092320
1.996948,139.084346,63.187392
1.996966,139.084346,63.213296
1.996990,139.084346,63.273766
1.997014,139.084346,63.399552
1.997040,139.084346,63.407072
1.997068,139.084346,63.554048
1.997090,139.084346,63.583654
1.997134,139.084346,63.665126
1.997181,139.084346,63.677504
1.997203,139.084346,63.716992
1.997246,139.084346,63.724448
1.997290,139.084346,63.820704
1.997337,139.084346,63.842912
1.997385,139.084346,63.861344
1.997405,139.084346,63.875040
1.997422,139.084346,63.920518
1.997439,139.084346,63.972608
1.997458,139.084346,64.014464
1.997485,139.084346,64.139216
1.997530,139.084346,64.172544
1.997553,139.084346,64.245408
1.997583,139.084346,64.290886
1.997602,139.084346,64.313126
1.997624,139.084346,64.360218
1.997650,139.084346,64.365126
1.997766,139.084346,64.479968
1.997800,139.084346,64.599526
1.997826,139.084346,64.618208
1.997842,139.084346,64.621766
1.997863,139.084346,64.629286
1.997885,139.084346,64.641632
1.997907,139.084346,64.661254
1.997924,139.084346,64.847744
1.997945,139.084346,64.858784
1.997963,139.084346,64.884864
1.998009,139.084346,64.896032
1.998036,139.084346,64.939174
1.998061,139.084346,64.939206
1.998104,139.084346,65.094656
1.998124,139.084346,65.094816
1.998170,139.084346,65.098464
1.998201,139.084346,65.198464
1.998243,139.084346,65.202176
1.998269,139.084346,65.260256
1.998299,139.084346,65.276224
1.998345,139.084346,65.281184
1.998368,139.084346,65.313286
1.998414,139.084346,65.446592
1.998433,139.084346,65.458976
1.998476,139.084346,65.467616
1.998501,139.084346,65.491104
1.998522,139.084346,65.572544
1.998557,139.084346,65.578768
1.998584,139.084346,65.584864
1.998623,139.084346,65.619520
1.998651,139.084346,65.765126
1.998684,139.084346,65.783536
1.998707,139.084346,65.794816
1.998755,139.084346,65.820704
1.998772,139.084346,65.866256
1.998790,139.084346,66.020576
1.998812,139.084346,66.024384
1.998826,139.084346,66.080998
1.998846,139.084346,66.082304
1.998865,139.084346,66.113168
1.998883,139.084346,66.129344
1.998908,139.084346,66.305856
1.998935,139.084346,66.420666
1.998957,139.084346,66.424224
1.998977,139.084346,66.431744
1.999002,139.084346,66.508352
1.999044,139.084346,66.557696
1.999067,139.084346,66.593504
1.999084,139.084346,66.619520
1.999104,139.084346,66.623162
1.999128,139.084346,66.642912
1.999178,139.084346,66.767616
1.999205,139.084346,66.796000
1.999224,139.084346,66.846624
1.999271,139.084346,66.866336
1.999294,139.084346,66.886176
1.999325,139.084346,66.976288
1.999363,139.084346,67.018144
1.999397,139.084346,67.072410
1.999417,139.084346,67.083654
1.999442,139.084346,67.245248
1.999460,139.084346,67.258944
1.999481,139.084346,67.294800
1.999503,139.084346,67.319456
1.999527,139.084346,67.342912
1.999573,139.084346,67.350144
1.999593,139.084346,67.473766
1.999641,139.084346,67.503392
1.999665,139.084346,67.510848
1.999728,139.084346,67.524384
1.999766,139.084346,67.646438
1.999786,139.084346,67.653958
1.999815,139.084346,67.656368
1.999830,139.084346,67.657600
1.999852,139.084346,67.658784
1.999870,139.084346,67.672544
1.999965,139.084346,67.733024
1.999989,139.084346,67.842896
2.000028,139.084346,67.845376
2.000047,139.084346,67.897216
2.000066,139.084346,67.905696
2.000087,139.084346,67.913216
2.000113,139.084346,67.949088
2.000130,139.084346,68.016806
2.000148,139.084346,68.053984
2.000209,139.084346,68.063898
2.000226,139.084346,68.183648
2.000255,139.084346,68.214336
2.000289,139.084346,68.221856
2.000308,139.084346,68.253824
2.000323,139.084346,68.276064
2.000339,139.084346,68.291072
2.000358,139.084346,68.307104
2.000395,139.084346,68.346592
2.000413,139.084346,68.387174
2.000428,139.084346,68.445344
2.000469,139.084346,68.450304
2.000484,139.084346,68.489856
2.000529,139.084346,68.562464
2.000544,139.084346,68.584704
2.000558,139.084346,68.588544
2.000971,139.084346,68.602208
2.001006,139.084346,68.725606
2.001057,139.084346,68.742912
2.001086,139.084346,68.768816
2.001103,139.084346,68.829286
2.001122,139.084346,68.836704
2.001141,139.084346,68.869936
2.001159,139.084346,68.875008
2.001207,139.084346,68.955072
2.001224,139.084346,68.979904
2.001263,139.084346,68.989818
2.001304,139.084346,69.109568
2.001318,139.084346,69.118016
2.001335,139.084346,69.139174
2.001440,139.084346,69.146528
2.001454,139.084346,69.162656
2.001473,139.084346,69.163904
2.001489,139.084346,69.194784
2.001527,139.084346,69.201984
2.001543,139.084346,69.220646
2.001602,139.084346,69.233024
2.001645,139.084346,69.247808
2.001658,139.084346,69.271232
2.001672,139.084346,69.272512
2.001712,139.084346,69.288544
2.001726,139.084346,69.371264
2.001749,139.084346,69.376224
2.001772,139.084346,69.379904
2.001802,139.084346,69.398432
2.001847,139.084346,69.468806
2.001863,139.084346,69.476038
2.001880,139.084346,69.477344
2.001928,139.084346,69.483648
2.001949,139.084346,69.508368
2.001997,139.084346,69.524384
2.002031,139.084346,69.541664
2.002054,139.084346,69.568806
2.002070,139.084346,69.569984
2.002089,139.084346,69.599494
2.002107,139.084346,69.629344
2.002129,139.084346,69.658912
2.002168,139.084346,69.694736
2.002187,139.084346,69.724416
2.002243,139.084346,69.846406
2.002279,139.084346,69.857568
2.002295,139.084346,69.858752
2.002323,139.084346,69.868646
2.002340,139.084346,69.889856
2.002409,139.084346,69.905824
2.002428,139.084346,69.920646
2.002503,139.084346,69.972576
2.002519,139.084346,70.009536
2.002537,139.084346,70.023008
2.002557,139.084346,70.035488
2.002572,139.084346,70.097216
2.002586,139.084346,70.113248
2.002609,139.084346,70.120704
2.002646,139.084346,70.124346
2.002662,139.084346,70.155046
2.002677,139.084346,70.169984
2.002706,139.084346,70.173728
2.002720,139.084346,70.177286
2.002734,139.084346,70.208368
2.002797,139.084346,70.212032
2.002814,139.084346,70.216774
2.002827,139.084346,70.249120
2.002901,139.084346,70.326842
2.002918,139.084346,70.413136
2.002931,139.084346,70.414304
2.002944,139.084346,70.418208
2.002966,139.084346,70.424416
2.003009,139.084346,70.450304
2.003089,139.084346,70.451552
2.003166,139.084346,70.494694
2.003183,139.084346,70.494726
2.003222,139.084346,70.495856
2.003255,139.084346,70.498438
2.003281,139.084346,70.542896
2.003312,139.084346,70.598496
2.003360,139.084346,70.605824
2.003379,139.084346,70.610784
2.003403,139.084346,70.631744
2.003426,139.084346,70.653984
2.003499,139.084346,70.711904
2.003518,139.084346,70.721824
2.003553,139.084346,70.757696
2.003614,139.084346,70.758944
2.003719,139.084346,70.763878
2.003742,139.084346,70.776090
2.003756,139.084346,70.868806
2.003808,139.084346,70.881126
2.003847,139.084346,70.920672
2.003890,139.084346,70.969856
2.003907,139.084346,70.974944
2.003921,139.084346,71.002112
2.003937,139.084346,71.023136
2.003980,139.084346,71.080966
2.004021,139.084346,71.123072
2.004042,139.084346,71.128064
2.004072,139.084346,71.140384
2.004107,139.084346,71.177446
2.004131,139.084346,71.249120
2.004186,139.084346,71.272544
2.004237,139.084346,71.320646
2.004252,139.084346,71.361280
2.004268,139.084346,71.372576
2.004296,139.084346,71.397216
2.004396,139.084346,71.424192
2.004415,139.084346,71.470016
2.004481,139.084346,71.476224
2.004496,139.084346,71.515776
2.004510,139.084346,71.536704
2.004555,139.084346,71.565184
2.004611,139.084346,71.579904
2.004624,139.084346,71.584826
2.004665,139.084346,71.605888
2.004736,139.084346,71.636518
2.004752,139.084346,71.672496
2.004772,139.084346,71.688608
2.004788,139.084346,71.720486
2.004803,139.084346,71.724384
2.004817,139.084346,71.724448
2.004840,139.084346,71.728006
2.004857,139.084346,71.757664
2.004900,139.084346,71.795904
2.004917,139.084346,71.861376
2.004963,139.084346,71.866304
2.004982,139.084346,71.888544
2.005001,139.084346,71.916944
2.005025,139.084346,71.918016
2.005039,139.084346,71.924400
2.005101,139.084346,71.925536
2.005121,139.084346,71.939174
3.019079,139.084346,71.957504
3.019095,139.084346,71.976186
3.019138,139.084346,71.979744
3.019152,139.084346,71.987264
3.019172,139.084346,72.013344
3.019219,139.084346,72.090854
3.019235,139.084346,72.110720
3.019259,139.084346,72.113216
3.019275,139.084346,72.132992
3.019301,139.084346,72.142886
3.019353,139.084346,72.170016
3.019389,139.084346,72.198432
3.019433,139.084346,72.218115
3.019454,139.084346,72.257696
3.019473,139.084346,72.266144
3.019486,139.084346,72.276256
3.019512,139.084346,72.284826
3.019533,139.084346,72.288384
3.019546,139.084346,72.295904
3.019563,139.084346,72.307008
3.019595,139.084346,72.402144
3.019644,139.084346,72.446592
3.019662,139.084346,72.474976
3.019683,139.084346,72.484864
3.019705,139.084346,72.502176
3.019750,139.084346,72.532966
3.019768,139.084346,72.632912
3.019789,139.084346,72.639174
3.019837,139.084346,72.646406
3.019859,139.084346,72.658752
3.019893,139.084346,72.662592
3.019938,139.084346,72.666272
3.020004,139.084346,72.721824
3.020023,139.084346,72.731776
3.020068,139.084346,72.820646
3.020094,139.084346,72.828032
3.020119,139.084346,72.842854
3.020166,139.084346,72.883424
3.020187,139.084346,72.897136
3.020209,139.084346,72.898432
3.020256,139.084346,72.905664
3.020274,139.084346,72.936704
3.020299,139.084346,72.965184
3.020341,139.084346,72.976192
3.020396,139.084346,72.976256
3.020421,139.084346,72.983648
3.020448,139.084346,73.002144
3.020478,139.084346,73.014464
3.020526,139.084346,73.029286
3.020550,139.084346,73.053952
3.020589,139.084346,73.058912
3.020631,139.084346,73.074944
3.020656,139.084346,73.079904
3.020723,139.084346,73.088608
3.021011,139.084346,73.119456
3.021088,139.084346,73.192064
3.021121,139.084346,73.214304
3.021157,139.084346,73.221824
3.021190,139.084346,73.294768
3.021280,139.084346,73.367616
3.021311,139.084346,73.371296
3.021350,139.084346,73.398416
3.021407,139.084346,73.405824
3.021468,139.084346,73.467488
3.021491,139.084346,73.476224
3.021522,139.084346,73.479910
3.021544,139.084346,73.484864
3.021643,139.084346,73.499536
3.021665,139.084346,73.499584
3.021687,139.084346,73.531744
3.021716,139.084346,73.542854
3.021736,139.084346,73.553850
3.021762,139.084346,73.576224
3.021787,139.084346,73.609504
3.021812,139.084346,73.667456
3.021865,139.084346,73.739168
3.021913,139.084346,73.824384
3.021995,139.084346,73.846592
3.022055,139.084346,73.884806
3.022141,139.084346,74.000864
3.022176,139.084346,74.021856
3.022215,139.084346,74.042896
3.022258,139.084346,74.050246
3.022283,139.084346,74.086016
3.022301,139.084346,74.105638
3.022321,139.084346,74.113248
3.022396,139.084346,74.136666
3.022419,139.084346,74.139040
3.022438,139.084346,74.144064
3.022480,139.084346,74.153984
3.022562,139.084346,74.155232
3.022583,139.084346,74.171264
3.022606,139.084346,74.198406
3.022651,139.084346,74.236704
3.022678,139.084346,74.258944
3.022761,139.084346,74.276166
3.022804,139.084346,74.281126
3.022846,139.084346,74.298432
3.022889,139.084346,74.303366
3.022931,139.084346,74.310752
3.022946,139.084346,74.335520
3.022991,139.084346,74.386128
3.023011,139.084346,74.392224
3.023025,139.084346,74.473696
3.023068,139.084346,74.519456
3.023103,139.084346,74.535424
3.023140,139.084346,74.542816
3.023160,139.084346,74.572486
3.023179,139.084346,74.602176
3.023209,139.084346,74.665088
3.023227,139.084346,74.673824
3.023287,139.084346,74.694694
3.023312,139.084346,74.707072
3.023337,139.084346,74.728064
3.023387,139.084346,74.784646
3.023405,139.084346,74.788544
3.023425,139.084346,74.837968
3.023450,139.084346,74.866304
3.023479,139.084346,74.926784
3.023499,139.084346,74.995875
3.023550,139.084346,75.002176
3.023583,139.084346,75.010800
3.023609,139.084346,75.024326
3.023667,139.084346,75.024336
3.023691,139.084346,75.046576
3.023727,139.084346,75.058944
3.023755,139.084346,75.065184
3.023782,139.084346,75.069984
3.023798,139.084346,75.079904
3.023811,139.084346,75.084768
3.023824,139.084346,75.097184
3.023864,139.084346,75.172496
3.023923,139.084346,75.214432
3.023956,139.084346,75.223136
3.023977,139.084346,75.261344
3.023997,139.084346,75.383584
3.024016,139.084346,75.388544
3.024036,139.084346,75.389680
3.024056,139.084346,75.444032
3.024084,139.084346,75.461344
3.024098,139.084346,75.513344
3.024118,139.084346,75.621696
3.024137,139.084346,75.629216
3.024153,139.084346,75.668768
3.024172,139.084346,75.679866
3.024185,139.084346,75.683600
3.024200,139.084346,75.719312
3.024221,139.084346,75.735456
3.024266,139.084346,75.771168
3.024286,139.084346,75.794534
3.024301,139.084346,75.798432
3.024316,139.084346,75.799744
3.024338,139.084346,75.816896
3.024355,139.084346,75.831712
3.024376,139.084346,75.861344
3.024401,139.084346,75.878720
3.024415,139.084346,75.897216
3.024453,139.084346,75.929286
3.024475,139.084346,76.002176
3.024522,139.084346,76.007072
3.024563,139.084346,76.026816
3.024585,139.084346,76.053958
3.024628,139.084346,76.057568
3.024643,139.084346,76.100800
3.024664,139.084346,76.114400
3.024680,139.084346,76.154016
3.024723,139.084346,76.178656
3.024738,139.084346,76.223072
3.024778,139.084346,76.236646
3.024800,139.084346,76.274864
3.024815,139.084346,76.288576
3.024841,139.084346,76.293504
3.024861,139.084346,76.313216
3.024881,139.084346,76.319398
3.024906,139.084346,76.339008
3.024920,139.084346,76.339232
3.024980,139.084346,76.342854
3.025026,139.084346,76.357664
3.025045,139.084346,76.362432
3.025061,139.084346,76.366272
3.025077,139.084346,76.369952
3.025094,139.084346,76.387200
3.025112,139.084346,76.398320
3.025135,139.084346,76.402176
3.025154,139.084346,76.409504
3.025222,139.084346,76.424326
3.025238,139.084346,76.436646
3.025275,139.084346,76.462557
3.025303,139.084346,76.471232
3.025321,139.084346,76.476192
3.025361,139.084346,76.518176
3.025388,139.084346,76.524384
3.025411,139.084346,76.546544
3.025434,139.084346,76.578656
3.025457,139.084346,76.579904
3.025480,139.084346,76.595872
3.025510,139.084346,76.614368
3.025526,139.084346,76.634112
3.025544,139.084346,76.656352
3.025559,139.084346,76.674976
3.025591,139.084346,76.689808
3.025615,139.084346,76.718144
3.025633,139.084346,76.732966
3.025700,139.084346,76.740320
3.025717,139.084346,76.757632
3.025735,139.084346,76.762592
3.025754,139.084346,76.772486
3.025781,139.084346,76.779872
3.025800,139.084346,76.784832
3.025844,139.084346,76.828064
3.025896,139.084346,76.857568
3.025923,139.084346,76.861446
3.025980,139.084346,76.871296
3.026023,139.084346,76.887296
3.026036,139.084346,76.898416
3.026054,139.084346,76.905856
3.026108,139.084346,76.925504
3.026130,139.084346,76.936608
3.026148,139.084346,76.941440
3.026159,139.084346,77.020646
3.026180,139.084346,77.025536
3.026200,139.084346,77.036704
3.026214,139.084346,77.109504
3.026230,139.084346,77.131776
3.026246,139.084346,77.135392
3.026265,139.084346,77.140346
3.026281,139.084346,77.155101
3.026302,139.084346,77.188544
3.026316,139.084346,77.262512
3.026333,139.084346,77.279904
3.026360,139.084346,77.282336
3.026383,139.084346,77.361376
3.026400,139.084346,77.371136
3.026413,139.084346,77.379936
3.026428,139.084346,77.389808
3.026450,139.084346,77.416896
3.026470,139.084346,77.437760
3.026492,139.084346,77.450246
3.026506,139.084346,77.472464
3.026545,139.084346,77.477376
3.026583,139.084346,77.484733
3.026601,139.084346,77.494694
3.026641,139.084346,77.505760
3.026655,139.084346,77.526736
3.026669,139.084346,77.528064
3.026687,139.084346,77.531706
3.026709,139.084346,77.550272
3.026731,139.084346,77.588486
3.026748,139.084346,77.605760
3.026790,139.084346,77.605792
3.026829,139.084346,77.605856
3.026895,139.084346,77.613248
3.026954,139.084346,77.621824
3.026974,139.084346,77.642816
3.027013,139.084346,77.688512
3.027042,139.084346,77.698406
3.027102,139.084346,77.704544
3.027119,139.084346,77.709504
3.027132,139.084346,77.718208
3.027155,139.084346,77.725536
3.027177,139.084346,77.742854
3.027194,139.084346,77.813216
3.027213,139.084346,77.836704
3.027245,139.084346,77.840346
3.027265,139.084346,77.868736
3.027307,139.084346,77.874810
3.027326,139.084346,77.895936
3.027369,139.084346,77.899616
3.027398,139.084346,77.924368
3.027494,139.084346,77.937856
3.027510,139.084346,77.955014
3.027530,139.084346,77.962534
3.027549,139.084346,77.979846
3.027564,139.084346,77.983616
3.027595,139.084346,77.987296
3.027631,139.084346,77.997216
3.027659,139.084346,78.002112
3.027687,139.084346,78.007046
3.027730,139.084346,78.014432
3.027743,139.084346,78.028016
3.027757,139.084346,78.040285
3.027770,139.084346,78.068864
3.027807,139.084346,78.089766
3.027846,139.084346,78.095904
3.027858,139.084346,78.110816
3.027884,139.084346,78.126704
3.027900,139.084346,78.161344
3.027913,139.084346,78.177376
3.027927,139.084346,78.184832
3.027945,139.084346,78.194694
3.028001,139.084346,78.205725
3.028022,139.084346,78.214272
3.028034,139.084346,78.218112
3.028069,139.084346,78.220544
3.028083,139.084346,78.272454
3.028121,139.084346,78.287296
3.028156,139.084346,78.298406
3.028196,139.084346,78.301894
3.441395,139.084346,78.338877
3.540685,139.084346,78.376166
3.540739,139.084346,78.383552
3.540766,139.084346,78.398374
3.540843,139.084346,78.431680
3.540863,139.084346,78.453984
3.540909,139.084346,78.460000
3.540930,139.084346,78.466208
3.540951,139.084346,78.492224
3.540972,139.084346,78.508192
3.540994,139.084346,78.531712
3.541031,139.084346,78.557664
3.541094,139.084346,78.561309
3.541117,139.084346,78.569984
3.541190,139.084346,78.592160
3.541210,139.084346,78.609472
3.541248,139.084346,78.614432
3.541268,139.084346,78.631712
3.541286,139.084346,78.635424
3.541307,139.084346,78.646534
3.541415,139.084346,78.672496
3.541517,139.084346,78.742848
3.541536,139.084346,78.766304
3.541571,139.084346,78.783584
3.541594,139.084346,78.828006
3.541619,139.084346,78.839072
3.541656,139.084346,78.863776
3.541725,139.084346,78.866304
3.541784,139.084346,78.888544
3.541844,139.084346,78.918112
3.541893,139.084346,78.926816
3.541918,139.084346,78.953936
3.541938,139.084346,78.955264
3.541968,139.084346,78.961344
3.542011,139.084346,78.962528
3.542029,139.084346,78.965120
3.542048,139.084346,78.983616
3.542070,139.084346,79.021760
3.542089,139.084346,79.031744
3.542135,139.084346,79.035430
3.542154,139.084346,79.072448
3.542183,139.084346,79.087232
3.542199,139.084346,79.087264
3.542234,139.084346,79.120624
3.542263,139.084346,79.153984
3.542294,139.084346,79.181126
3.542311,139.084346,79.265184
3.542336,139.084346,79.285984
3.542355,139.084346,79.294688
3.542371,139.084346,79.295936
3.542393,139.084346,79.299744
3.542431,139.084346,79.324285
3.542448,139.084346,79.325533
3.542473,139.084346,79.339104
3.542496,139.084346,79.340416
3.542517,139.084346,79.357600
3.542539,139.084346,79.372448
3.542564,139.084346,79.402112
3.542598,139.084346,79.407046
3.542619,139.084346,79.440384
3.542639,139.084346,79.451494
3.542670,139.084346,79.472496
3.542698,139.084346,79.521856
3.542727,139.084346,79.535392
3.542749,139.084346,79.542784
3.542772,139.084346,79.584739
3.542822,139.084346,79.587328
3.542865,139.084346,79.605766
3.542934,139.084346,79.628000
3.542956,139.084346,79.646461
3.542973,139.084346,79.661344
3.543001,139.084346,79.666304
3.543016,139.084346,79.710752
3.543063,139.084346,79.753926
3.543107,139.084346,79.757638
3.543126,139.084346,79.776224
3.543153,139.084346,79.802096
3.543173,139.084346,79.824346
3.543192,139.084346,79.826720
3.543208,139.084346,79.836646
3.543225,139.084346,79.857597
3.543241,139.084346,79.857696
3.543280,139.084346,79.892125
3.543297,139.084346,79.920672
3.543328,139.084346,79.948928
3.543342,139.084346,79.969984
3.543369,139.084346,79.998368
3.543389,139.084346,80.024326
3.543415,139.084346,80.128006
3.543476,139.084346,80.142736
3.543500,139.084346,80.144064
3.543525,139.084346,80.148896
3.543540,139.084346,80.179872
3.543584,139.084346,80.182304
3.543614,139.084346,80.197088
3.543639,139.084346,80.213296
3.543664,139.084346,80.231744
3.543697,139.084346,80.262592
3.543744,139.084346,80.264989
3.543761,139.084346,80.283584
3.543831,139.084346,80.298438
3.543858,139.084346,80.361446
3.543898,139.084346,80.378528
3.543918,139.084346,80.383616
3.543946,139.084346,80.421824
3.543975,139.084346,80.429344
3.544088,139.084346,80.472368
3.544114,139.084346,80.491008
3.544141,139.084346,80.526816
3.544160,139.084346,80.531744
3.544210,139.084346,80.557696
3.544253,139.084346,80.558886
3.544276,139.084346,80.567456
3.544293,139.084346,80.579846
3.544310,139.084346,80.602096
3.544356,139.084346,80.613216
3.544392,139.084346,80.614464
3.544441,139.084346,80.616864
3.544481,139.084346,80.625504
3.544498,139.084346,80.631776
3.544521,139.084346,80.652704
3.544547,139.084346,80.669920
3.544570,139.084346,80.702128
3.544597,139.084346,80.708160
3.544618,139.084346,80.729216
3.544640,139.084346,80.735424
3.544666,139.084346,80.740384
3.544688,139.084346,80.764998
3.544712,139.084346,80.783517
3.544738,139.084346,80.790944
3.544760,139.084346,80.844026
3.544786,139.084346,80.868864
3.544817,139.084346,80.918176
3.544844,139.084346,80.923104
3.544900,139.084346,80.931728
3.544937,139.084346,80.979686
3.544968,139.084346,81.009424
3.545041,139.084346,81.015424
3.545059,139.084346,81.016864
3.545073,139.084346,81.063776
3.545101,139.084346,81.090944
3.545122,139.084346,81.108224
3.545138,139.084346,81.120576
3.545160,139.084346,81.153984
3.545247,139.084346,81.176144
3.545275,139.084346,81.198374
3.545399,139.084346,81.235386
3.545419,139.084346,81.276192
3.545456,139.084346,81.290976
3.545497,139.084346,81.292224
3.545512,139.084346,81.319408
3.545558,139.084346,81.325504
3.545584,139.084346,81.338016
3.545648,139.084346,81.339056
3.545670,139.084346,81.346432
3.545692,139.084346,81.353952
3.545708,139.084346,81.387168
3.545729,139.084346,81.387232
3.545751,139.084346,81.390912
3.545779,139.084346,81.402086
3.545825,139.084346,81.421798
3.545848,139.084346,81.450256
3.545866,139.084346,81.484806
3.545909,139.084346,81.497216
3.545938,139.084346,81.500896
3.546069,139.084346,81.505856
3.546091,139.084346,81.547584
3.546122,139.084346,81.555104
3.546144,139.084346,81.599616
3.546195,139.084346,81.609478
3.546215,139.084346,81.623005
3.546240,139.084346,81.640352
3.546256,139.084346,81.650246
3.546272,139.084346,81.666304
3.546301,139.084346,81.676064
3.546323,139.084346,81.682336
3.546368,139.084346,81.690976
3.546393,139.084346,81.705824
3.546416,139.084346,81.720544
3.546441,139.084346,81.726752
3.546462,139.084346,81.731696
3.546481,139.084346,81.739104
3.546506,139.084346,81.742752
3.546524,139.084346,81.758896
3.546731,139.084346,81.764992
3.546753,139.084346,81.778592
3.546832,139.084346,81.790944
3.546852,139.084346,81.821824
3.546889,139.084346,81.871120
3.546915,139.084346,81.874918
3.546937,139.084346,81.898374
3.547019,139.084346,81.909504
3.547052,139.084346,81.914394
3.547074,139.084346,81.917952
3.547086,139.084346,81.924224
3.547102,139.084346,81.925472
3.547121,139.084346,81.950141
3.547145,139.084346,81.957696
3.547178,139.084346,81.972416
3.547193,139.084346,81.990976
3.547233,139.084346,82.009536
3.547248,139.084346,82.015568
3.547268,139.084346,82.026752
3.547286,139.084346,82.058854
3.547309,139.084346,82.073696
3.547348,139.084346,82.079846
3.547368,139.084346,82.081094
3.547410,139.084346,82.087232
3.547424,139.084346,82.088480
3.547439,139.084346,82.130464
3.547463,139.084346,82.161344
3.547488,139.084346,82.163680
3.547500,139.084346,82.169952
3.547513,139.084346,82.184806
3.547598,139.084346,82.200752
3.547649,139.084346,82.210624
3.547671,139.084346,82.219328
3.547705,139.084346,82.235392
3.547727,139.084346,82.252608
3.547756,139.084346,82.273664
3.547786,139.084346,82.279773
3.547808,139.084346,82.288486
3.547835,139.084346,82.335392
3.547877,139.084346,82.340352
3.547917,139.084346,82.350304
3.547940,139.084346,82.360160
3.547959,139.084346,82.378656
3.547985,139.084346,82.397056
3.548023,139.084346,82.423072
3.548049,139.084346,82.444064
3.548091,139.084346,82.447744
3.548115,139.084346,82.467488
3.548134,139.084346,82.472413
3.548155,139.084346,82.521824
3.548175,139.084346,82.528032
3.548247,139.084346,82.540256
3.548267,139.084346,82.566272
3.548332,139.084346,82.576166
3.548347,139.084346,82.577504
3.548375,139.084346,82.582240
3.548393,139.084346,82.587264
3.548413,139.084346,82.613216
3.548440,139.084346,82.621792
3.548455,139.084346,82.692224
3.548481,139.084346,82.735424
3.548507,139.084346,82.751456
3.548525,139.084346,82.752640
3.548541,139.084346,82.762576
3.548562,139.084346,82.773696
3.548578,139.084346,82.781024
3.548594,139.084346,82.813085
3.548619,139.084346,82.835424
3.548635,139.084346,82.837856
3.548658,139.084346,82.839104
3.548675,139.084346,82.846534
3.548694,139.084346,82.850144
3.548707,139.084346,82.879760
3.548727,139.084346,82.913120
3.548748,139.084346,82.968477
3.548766,139.084346,82.992166
3.548792,139.084346,82.999616
3.548811,139.084346,83.000864
3.548834,139.084346,83.005766
3.548847,139.084346,83.021798
3.548868,139.084346,83.027984
3.548887,139.084346,83.045114
3.548903,139.084346,83.052704
3.548919,139.084346,83.076128
3.548933,139.084346,83.077312
3.548955,139.084346,83.105792
3.548989,139.084346,83.115552
3.549007,139.084346,83.121824
3.549022,139.084346,83.147744
3.549050,139.084346,83.161280
3.549067,139.084346,83.161312
3.549102,139.084346,83.199584
3.549122,139.084346,83.213248
3.549151,139.084346,83.251424
3.549189,139.084346,83.254016
3.549238,139.084346,83.281056
3.549259,139.084346,83.283488
3.549281,139.084346,83.291008
3.549299,139.084346,83.298374
3.549369,139.084346,83.302096
3.549423,139.084346,83.309446
3.549437,139.084346,83.310694
3.549452,139.084346,83.339232
3.549545,139.084346,83.352736
3.549592,139.084346,83.365024
3.549607,139.084346,83.368736
3.549621,139.084346,83.369984
3.549644,139.084346,83.392131
3.549662,139.084346,83.392224
3.549690,139.084346,83.394784
3.549720,139.084346,83.395866
3.549737,139.084346,83.397168
3.549759,139.084346,83.398333
3.549774,139.084346,83.406944
3.549795,139.084346,83.446496
3.549820,139.084346,83.466256
3.549843,139.084346,83.468672
3.549871,139.084346,83.495904
3.549921,139.084346,83.514432
3.549936,139.084346,83.515616
3.549953,139.084346,83.516797
3.549967,139.084346,83.516864
3.549991,139.084346,83.526592
3.550006,139.084346,83.539104
3.550025,139.084346,83.544070
3.550052,139.084346,83.556416
3.550068,139.084346,83.557632
3.550108,139.084346,83.562566
3.550156,139.084346,83.569952
3.550168,139.084346,83.584864
3.550197,139.084346,83.592128
3.550217,139.084346,83.594720
3.550234,139.084346,83.613216
3.550293,139.084346,83.616832
3.550311,139.084346,83.639136
3.550344,139.084346,83.641402
3.550359,139.084346,83.645245
3.550373,139.084346,83.645286
3.550394,139.084346,83.651360
3.550457,139.084346,83.665030
3.550472,139.084346,83.666336
3.550526,139.084346,83.673664
3.550544,139.084346,83.682304
3.550668,139.084346,83.706944
3.550688,139.084346,83.713296
3.550717,139.084346,83.716864
3.550732,139.084346,83.718176
3.550758,139.084346,83.740352
3.550781,139.084346,83.750224
3.550802,139.084346,83.777184
3.550827,139.084346,83.779808
3.550850,139.084346,83.782272
3.550876,139.084346,83.788486
3.550899,139.084346,83.798368
3.550995,139.084346,83.803328
3.551014,139.084346,83.827974
3.551054,139.084346,83.831686
3.551102,139.084346,83.837792
3.551117,139.084346,83.846416
3.551138,139.084346,83.853926
3.895459,139.084346,83.931686
3.895499,139.084346,83.931744
3.895560,139.084346,83.935408
3.895584,139.084346,83.953894
3.895640,139.084346,83.955133
3.895663,139.084346,83.970016
3.895728,139.084346,83.987264
3.895755,139.084346,84.047744
3.895779,139.084346,84.054048
3.895798,139.084346,84.087200
3.895824,139.084346,84.111968
3.895850,139.084346,84.113184
3.895911,139.084346,84.116829
3.895924,139.084346,84.150176
3.895945,139.084346,84.156304
3.895965,139.084346,84.161277
3.895997,139.084346,84.178557
3.896014,139.084346,84.202054
3.896033,139.084346,84.223078
3.896059,139.084346,84.240384
3.896101,139.084346,84.242912
3.896127,139.084346,84.257600
3.896149,139.084346,84.261312
3.896164,139.084346,84.262544
3.896183,139.084346,84.321824
3.896212,139.084346,84.329184
3.896228,139.084346,84.334112
3.896253,139.084346,84.356384
3.896278,139.084346,84.361344
3.896304,139.084346,84.381056
3.896329,139.084346,84.383526
3.896347,139.084346,84.405808
3.896372,139.084346,84.442717
3.896395,139.084346,84.453946
3.896417,139.084346,84.456320
3.896435,139.084346,84.457568
3.896491,139.084346,84.469856
3.896512,139.084346,84.482336
3.896536,139.084346,84.507008
3.896557,139.084346,84.550272
3.896589,139.084346,84.587264
3.896690,139.084346,84.590950
3.896716,139.084346,84.592198
3.896749,139.084346,84.605792
3.896800,139.084346,84.608224
3.896822,139.084346,84.614416
3.896891,139.084346,84.626784
3.896910,139.084346,84.642784
3.896931,139.084346,84.653926
3.896956,139.084346,84.672544
3.896988,139.084346,84.676144
3.897029,139.084346,84.687165
3.897057,139.084346,84.701984
3.897072,139.084346,84.709504
3.897100,139.084346,84.720544
3.897120,139.084346,84.727936
3.897140,139.084346,84.736646
3.897155,139.084346,84.751424
3.897175,139.084346,84.753984
3.897220,139.084346,84.765126
3.897267,139.084346,84.842896
3.897302,139.084346,84.851456
3.897325,139.084346,84.894624
3.897356,139.084346,84.913184
3.897376,139.084346,84.918074
3.897399,139.084346,84.935360
3.897429,139.084346,84.984784
3.897473,139.084346,84.994656
3.897520,139.084346,85.007014
3.897568,139.084346,85.013216
3.897597,139.084346,85.018045
3.897615,139.084346,85.028016
3.897644,139.084346,85.042749
3.897665,139.084346,85.068864
3.897715,139.084346,85.077376
3.897759,139.084346,85.083472
3.897786,139.084346,85.127965
3.897809,139.084346,85.131584
3.897827,139.084346,85.153936
3.897852,139.084346,85.153958
3.897897,139.084346,85.155136
3.897924,139.084346,85.179776
3.897946,139.084346,85.186016
3.898020,139.084346,85.197056
3.898039,139.084346,85.213136
3.898061,139.084346,85.216864
3.898093,139.084346,85.231696
3.898112,139.084346,85.247744
3.898144,139.084346,85.266272
3.898189,139.084346,85.269946
3.898215,139.084346,85.309434
3.898235,139.084346,85.313158
3.898320,139.084346,85.320512
3.898353,139.084346,85.329248
3.898374,139.084346,85.331728
3.898394,139.084346,85.331744
3.898442,139.084346,85.335366
3.898465,139.084346,85.346592
3.898493,139.084346,85.369984
3.898535,139.084346,85.399552
3.898557,139.084346,85.413216
3.898598,139.084346,85.461216
3.898620,139.084346,85.464960
3.898645,139.084346,85.476134
3.898688,139.084346,85.508192
3.898715,139.084346,85.513152
3.898737,139.084346,85.525504
3.898778,139.084346,85.536573
3.898798,139.084346,85.546496
3.898821,139.084346,85.553888
3.898853,139.084346,85.568672
3.898867,139.084346,85.578598
3.898889,139.084346,85.579846
3.898907,139.084346,85.661306
3.898932,139.084346,85.661376
3.898946,139.084346,85.673664
3.898990,139.084346,85.683526
3.899008,139.084346,85.699584
3.899026,139.084346,85.730432
3.899045,139.084346,85.735392
3.899119,139.084346,85.759984
3.899140,139.084346,85.777376
3.899164,139.084346,85.787264
3.899192,139.084346,85.806973
3.899216,139.084346,85.814336
3.899242,139.084346,85.818112
3.899260,139.084346,85.828006
3.899320,139.084346,85.835392
3.899337,139.084346,85.839040
3.899375,139.084346,85.839104
3.899394,139.084346,85.853958
3.899440,139.084346,85.867494
3.899465,139.084346,85.969952
3.899506,139.084346,85.977344
3.899522,139.084346,85.998272
3.899551,139.084346,86.002016
3.899568,139.084346,86.039072
3.899592,139.084346,86.046464
3.899616,139.084346,86.048704
3.899631,139.084346,86.060160
3.899650,139.084346,86.065024
3.899690,139.084346,86.068768
3.899711,139.084346,86.072381
3.899731,139.084346,86.079856
3.899748,139.084346,86.087232
3.899787,139.084346,86.087264
3.899835,139.084346,86.089616
3.899854,139.084346,86.092166
3.899874,139.084346,86.095888
3.899924,139.084346,86.113216
3.899950,139.084346,86.115504
3.899970,139.084346,86.126816
3.900018,139.084346,86.141472
3.900043,139.084346,86.144032
3.900061,139.084346,86.150208
3.900077,139.084346,86.157616
3.900098,139.084346,86.165126
3.900116,139.084346,86.168736
3.900158,139.084346,86.169984
3.900182,139.084346,86.172384
3.900307,139.084346,86.174874
3.900377,139.084346,86.189664
3.900402,139.084346,86.190944
3.900419,139.084346,86.215568
3.900436,139.084346,86.225504
3.900449,139.084346,86.243936
3.900467,139.084346,86.273664
3.900486,139.084346,86.274944
3.900504,139.084346,86.276096
3.900524,139.084346,86.285984
3.900648,139.084346,86.290944
3.900674,139.084346,86.293376
3.900689,139.084346,86.319293
3.900716,139.084346,86.327904
3.900738,139.084346,86.361277
3.900773,139.084346,86.387206
3.900797,139.084346,86.388320
3.900820,139.084346,86.388496
3.900882,139.084346,86.395904
3.900904,139.084346,86.409440
3.900939,139.084346,86.421766
3.900962,139.084346,86.424384
3.900978,139.084346,86.471104
3.901005,139.084346,86.479808
3.901025,139.084346,86.487248
3.901064,139.084346,86.499584
3.901086,139.084346,86.519296
3.901116,139.084346,86.534016
3.901137,139.084346,86.541536
3.901159,139.084346,86.542784
3.901184,139.084346,86.555072
3.901203,139.084346,86.557501
3.901222,139.084346,86.605693
3.901251,139.084346,86.621766
3.901272,139.084346,86.624176
3.901290,139.084346,86.646464
3.901308,139.084346,86.663744
3.901337,139.084346,86.678528
3.901362,139.084346,86.686048
3.901388,139.084346,86.687165
3.901407,139.084346,86.705696
3.901429,139.084346,86.731654
3.901457,139.084346,86.731664
3.901496,139.084346,86.746429
3.901514,139.084346,86.753894
3.901611,139.084346,86.777504
3.901643,139.084346,86.780992
3.901666,139.084346,86.807040
3.901694,139.084346,86.813126
3.901751,139.084346,86.828000
3.901772,139.084346,86.831712
3.901801,139.084346,86.836624
3.901820,139.084346,86.839046
3.901835,139.084346,86.848992
3.901854,139.084346,86.859968
3.901870,139.084346,86.861296
3.901892,139.084346,86.881024
3.901908,139.084346,86.884736
3.901930,139.084346,86.887133
3.901946,139.084346,86.908160
3.901967,139.084346,86.909472
3.901981,139.084346,86.935424
3.902002,139.084346,86.953808
3.902022,139.084346,86.979904
3.902045,139.084346,87.002054
3.902070,139.084346,87.004416
3.902088,139.084346,87.008256
3.902109,139.084346,87.040326
3.902138,139.084346,87.052608
3.902165,139.084346,87.061376
3.902184,139.084346,87.071264
3.902208,139.084346,87.072416
3.902223,139.084346,87.095904
3.902255,139.084346,87.113216
3.902283,139.084346,87.136640
3.902303,139.084346,87.160064
3.902325,139.084346,87.171040
3.902340,139.084346,87.189600
3.902355,139.084346,87.200720
3.902379,139.084346,87.204320
3.902392,139.084346,87.218112
3.902407,139.084346,87.221734
3.902427,139.084346,87.237856
3.902448,139.084346,87.261344
3.902468,139.084346,87.264957
3.902490,139.084346,87.287238
3.902536,139.084346,87.330464
3.902587,139.084346,87.337760
3.902605,139.084346,87.346496
3.902633,139.084346,87.412893
3.902673,139.084346,87.444032
3.902698,139.084346,87.453894
3.902825,139.084346,87.468448
3.902844,139.084346,87.474621
3.902864,139.084346,87.490864
3.902888,139.084346,87.500858
3.902912,139.084346,87.513216
3.902931,139.084346,87.530176
3.902953,139.084346,87.535456
3.902974,139.084346,87.539232
3.902994,139.084346,87.545216
3.903019,139.084346,87.577376
3.903047,139.084346,87.589664
3.903062,139.084346,87.614374
3.903103,139.084346,87.621766
3.903125,139.084346,87.625472
3.903143,139.084346,87.629216
3.903184,139.084346,87.631616
3.903204,139.084346,87.631654
3.903220,139.084346,87.635360
3.903251,139.084346,87.635366
3.903268,139.084346,87.666176
3.903307,139.084346,87.673696
3.903324,139.084346,87.719293
3.903345,139.084346,87.732960
3.903361,139.084346,87.740326
3.903380,139.084346,87.742912
3.903405,139.084346,87.758944
3.903429,139.084346,87.790880
3.903454,139.084346,87.815648
3.903479,139.084346,87.816864
3.903494,139.084346,87.820496
3.903512,139.084346,87.836576
3.903527,139.084346,87.868608
3.903544,139.084346,87.872352
3.903563,139.084346,87.877376
3.903578,139.084346,87.890912
3.903595,139.084346,87.905725
3.903616,139.084346,87.937792
3.903638,139.084346,87.997184
3.903664,139.084346,88.023008
3.903686,139.084346,88.025504
3.903726,139.084346,88.031686
3.903745,139.084346,88.036544
3.903764,139.084346,88.037792
3.903787,139.084346,88.061312
3.903816,139.084346,88.087194
3.903840,139.084346,88.121792
3.903858,139.084346,88.125504
3.903880,139.084346,88.131686
3.903894,139.084346,88.133024
3.903919,139.084346,88.157626
3.903937,139.084346,88.161248
3.904027,139.084346,88.165085
3.904053,139.084346,88.172544
3.904093,139.084346,88.173536
3.904105,139.084346,88.187264
3.904131,139.084346,88.190976
3.904152,139.084346,88.192166
3.904172,139.084346,88.201984
3.904195,139.084346,88.208192
3.904214,139.084346,88.230365
3.904234,139.084346,88.261280
3.904252,139.084346,88.290944
3.904274,139.084346,88.294630
3.904290,139.084346,88.297126
3.904316,139.084346,88.329216
3.904346,139.084346,88.332864
3.904368,139.084346,88.335424
3.904394,139.084346,88.357574
3.904444,139.084346,88.388320
3.904480,139.084346,88.398301
3.904499,139.084346,88.402054
3.904540,139.084346,88.408160
3.904569,139.084346,88.440326
3.904598,139.084346,88.442912
3.904628,139.084346,88.451424
3.904649,139.084346,88.482237
3.904718,139.084346,88.483584
3.904741,139.084346,88.511776
3.904767,139.084346,88.532864
3.904792,139.084346,88.537616
3.904859,139.084346,88.556384
3.904910,139.084346,88.598304
3.904938,139.084346,88.616864
3.904954,139.084346,88.621754
3.904968,139.084346,88.624189
3.904983,139.084346,88.642784
3.905004,139.084346,88.653936
3.905027,139.084346,88.661312
3.905061,139.084346,88.683648
3.905084,139.084346,88.700768
3.905100,139.084346,88.702016
3.905123,139.084346,88.703264
3.905145,139.084346,88.715424
3.905172,139.084346,88.716832
3.905187,139.084346,88.717952
3.905200,139.084346,88.741568
3.905217,139.084346,88.763677
3.905234,139.084346,88.778528
3.905267,139.084346,88.779776
3.905283,139.084346,88.785904
4.135388,139.084346,88.789638
4.135416,139.084346,88.807104
4.135472,139.084346,88.841408
4.135513,139.084346,88.846592
4.135543,139.084346,88.852678
4.135575,139.084346,88.853894
4.135602,139.084346,88.862528
4.135646,139.084346,88.869984
4.135687,139.084346,88.892144
4.135716,139.084346,88.894589
4.135774,139.084346,88.903232
4.135823,139.084346,88.908256
4.135868,139.084346,88.913126
4.135896,139.084346,88.916816
4.135926,139.084346,88.925504
4.135964,139.084346,88.931613
4.136001,139.084346,88.943808
4.136034,139.084346,88.948928
4.136064,139.084346,88.963712
4.136093,139.084346,88.965126
4.136143,139.084346,88.985984
4.136183,139.084346,88.988352
4.136225,139.084346,88.990944
4.136300,139.084346,89.013085
4.136346,139.084346,89.013126
4.136371,139.084346,89.021776
4.136409,139.084346,89.035424
4.136464,139.084346,89.085920
4.136505,139.084346,89.087168
4.136618,139.084346,89.092093
4.136652,139.084346,89.093344
4.136676,139.084346,89.099590
4.136706,139.084346,89.113120
4.136750,139.084346,89.136608
4.136785,139.084346,89.140448
4.136824,139.084346,89.141501
4.136859,139.084346,89.160006
4.136891,139.084346,89.168800
4.136921,139.084346,89.172416
4.136975,139.084346,89.209376
4.137008,139.084346,89.213216
4.137053,139.084346,89.221856
4.137369,139.084346,89.234080
4.137403,139.084346,89.236608
4.137436,139.084346,89.257568
4.137465,139.084346,89.260064
4.137501,139.084346,89.272352
4.137529,139.084346,89.283526
4.137751,139.084346,89.294525
4.137785,139.084346,89.319296
4.137823,139.084346,89.344006
4.137864,139.084346,89.358720
4.137912,139.084346,89.363709
4.137946,139.084346,89.364992
4.137980,139.084346,89.378464
4.138017,139.084346,89.394560
4.138049,139.084346,89.402144
4.138093,139.084346,89.409446
4.138166,139.084346,89.448925
4.138207,139.084346,89.449917
4.138227,139.084346,89.462461
4.138262,139.084346,89.463712
4.138300,139.084346,89.487264
4.138404,139.084346,89.490928
4.138439,139.084346,89.510653
4.138484,139.084346,89.525536
4.138511,139.084346,89.526720
4.138566,139.084346,89.531654
4.138687,139.084346,89.539174
4.138731,139.084346,89.542784
4.138779,139.084346,89.557638
4.138856,139.084346,89.568704
4.138902,139.084346,89.620646
4.138974,139.084346,89.641472
4.139008,139.084346,89.652646
4.139049,139.084346,89.656326
4.139182,139.084346,89.667360
4.139233,139.084346,89.667488
4.139266,139.084346,89.672317
4.139287,139.084346,89.672349
4.139335,139.084346,89.681024
4.139372,139.084346,89.692134
4.139395,139.084346,89.708096
4.139432,139.084346,89.716797
4.139476,139.084346,89.724256
4.139501,139.084346,89.734077
4.139525,139.084346,89.756160
4.139569,139.084346,89.764928
4.139604,139.084346,89.778598
4.139646,139.084346,89.783536
4.139682,139.084346,89.789632
4.139713,139.084346,89.790912
4.139774,139.084346,89.798432
4.139814,139.084346,89.804352
4.139843,139.084346,89.804480
4.139862,139.084346,89.834112
4.139904,139.084346,89.853888
4.139928,139.084346,89.860064
4.139947,139.084346,89.874848
4.139973,139.084346,89.911904
4.140002,139.084346,89.919162
4.140026,139.084346,89.939046
4.140046,139.084346,89.950112
4.140066,139.084346,89.998304
4.140102,139.084346,90.002080
4.140128,139.084346,90.039104
4.140163,139.084346,90.062528
4.140185,139.084346,90.073568
4.140207,139.084346,90.082304
4.140233,139.084346,90.085926
4.140253,139.084346,90.113120
4.140281,139.084346,90.119264
4.140305,139.084346,90.126685
4.140321,139.084346,90.127933
4.140345,139.084346,90.146470
4.140364,139.084346,90.156352
4.140388,139.084346,90.167270
4.140407,139.084346,90.172544
4.140433,139.084346,90.192224
4.140476,139.084346,90.231664
4.140504,139.084346,90.246464
4.140649,139.084346,90.261248
4.140671,139.084346,90.263712
4.140692,139.084346,90.265024
4.140725,139.084346,90.306944
4.140752,139.084346,90.313117
4.140824,139.084346,90.320646
4.140853,139.084346,90.332838
4.140880,139.084346,90.352454
4.140911,139.084346,90.364992
4.140934,139.084346,90.382208
4.140958,139.084346,90.393341
4.140984,139.084346,90.405728
4.140998,139.084346,90.408224
4.141016,139.084346,90.409376
4.141038,139.084346,90.448768
4.141069,139.084346,90.464992
4.141095,139.084346,90.468640
4.141114,139.084346,90.469952
4.141138,139.084346,90.510624
4.141166,139.084346,90.513085
4.141321,139.084346,90.539037
4.141354,139.084346,90.540304
4.141376,139.084346,90.545152
4.141396,139.084346,90.562534
4.141423,139.084346,90.583536
4.141455,139.084346,90.595760
4.141476,139.084346,90.595904
4.141496,139.084346,90.613152
4.141515,139.084346,90.629120
4.141538,139.084346,90.631616
4.141558,139.084346,90.637744
4.141610,139.084346,90.657488
4.141628,139.084346,90.659997
4.141645,139.084346,90.662470
4.141668,139.084346,90.709478
4.141722,139.084346,90.716864
4.141751,139.084346,90.721712
4.141771,139.084346,90.743984
4.141805,139.084346,90.748832
4.141826,139.084346,90.764976
4.141848,139.084346,90.785862
4.141876,139.084346,90.797024
4.141939,139.084346,90.810848
4.141988,139.084346,90.814304
4.142009,139.084346,90.815552
4.142035,139.084346,90.821824
4.142060,139.084346,90.840256
4.142087,139.084346,90.868678
4.142115,139.084346,90.887264
4.142153,139.084346,90.913136
4.142252,139.084346,90.950304
4.142311,139.084346,90.965024
4.142335,139.084346,90.968624
4.142357,139.084346,91.003264
4.142387,139.084346,91.016806
4.142446,139.084346,91.024192
4.142481,139.084346,91.053984
4.142627,139.084346,91.078464
4.142657,139.084346,91.084736
4.142674,139.084346,91.093277
4.142714,139.084346,91.135366
4.142751,139.084346,91.142896
4.142772,139.084346,91.169952
4.142809,139.084346,91.194544
4.142846,139.084346,91.197030
4.142947,139.084346,91.216896
4.142969,139.084346,91.224224
4.142989,139.084346,91.235293
4.143016,139.084346,91.258944
4.143076,139.084346,91.285981
4.143100,139.084346,91.332896
4.143134,139.084346,91.335296
4.143152,139.084346,91.361264
4.143176,139.084346,91.395744
4.143205,139.084346,91.409478
4.143228,139.084346,91.416800
4.143257,139.084346,91.444006
4.143288,139.084346,91.489568
4.143321,139.084346,91.499485
4.143339,139.084346,91.514336
4.143362,139.084346,91.520544
4.143385,139.084346,91.524189
4.143404,139.084346,91.528064
4.143424,139.084346,91.537760
4.143448,139.084346,91.545181
4.143479,139.084346,91.557536
4.143502,139.084346,91.565024
4.143525,139.084346,91.572358
4.143547,139.084346,91.576032
4.143572,139.084346,91.581056
4.143590,139.084346,91.587206
4.143610,139.084346,91.588448
4.143624,139.084346,91.598464
4.143649,139.084346,91.624288
4.143673,139.084346,91.630438
4.143727,139.084346,91.639168
4.143757,139.084346,91.641536
4.143823,139.084346,91.647686
4.143843,139.084346,91.651408
4.143888,139.084346,91.651424
4.143907,139.084346,91.661216
4.143925,139.084346,91.665952
4.143943,139.084346,91.677408
4.143966,139.084346,91.678496
4.143980,139.084346,91.692166
4.144003,139.084346,91.721568
4.144026,139.084346,91.724256
4.144047,139.084346,91.729184
4.144071,139.084346,91.740224
4.144092,139.084346,91.768704
4.144113,139.084346,91.784736
4.144138,139.084346,91.824160
4.144216,139.084346,91.825472
4.144236,139.084346,91.826656
4.144252,139.084346,91.827968
4.144272,139.084346,91.831616
4.144290,139.084346,91.846464
4.144311,139.084346,91.857632
4.144341,139.084346,91.871008
4.144362,139.084346,91.878720
4.144392,139.084346,91.889696
4.144406,139.084346,91.890912
4.144429,139.084346,91.890944
4.144497,139.084346,91.897216
4.144558,139.084346,91.903232
4.144580,139.084346,91.908128
4.144602,139.084346,91.910624
4.144617,139.084346,91.913120
4.144635,139.084346,91.914368
4.144650,139.084346,91.939078
4.144676,139.084346,91.942912
4.144706,139.084346,91.946464
4.144730,139.084346,91.951424
4.144751,139.084346,91.956272
4.144769,139.084346,91.956282
4.144783,139.084346,91.956320
4.144811,139.084346,91.989472
4.144838,139.084346,92.015616
4.144876,139.084346,92.018013
4.144898,139.084346,92.019110
4.144912,139.084346,92.042768
4.144942,139.084346,92.077344
4.144970,139.084346,92.099552
4.145004,139.084346,92.165056
4.145037,139.084346,92.176096
4.145067,139.084346,92.179648
4.145088,139.084346,92.189568
4.145108,139.084346,92.193376
4.145131,139.084346,92.231674
4.145156,139.084346,92.238973
4.145184,139.084346,92.239133
4.145204,139.084346,92.260064
4.145239,139.084346,92.287184
4.145266,139.084346,92.303104
4.145300,139.084346,92.330432
4.145326,139.084346,92.356256
4.145359,139.084346,92.368646
4.145377,139.084346,92.368678
4.145391,139.084346,92.379846
4.145417,139.084346,92.383520
4.145430,139.084346,92.387232
4.145517,139.084346,92.392166
4.145550,139.084346,92.404291
4.145569,139.084346,92.415488
4.145588,139.084346,92.420512
4.145606,139.084346,92.447744
4.145627,139.084346,92.472349
4.145652,139.084346,92.493184
4.145684,139.084346,92.520512
4.145706,139.084346,92.525472
4.145726,139.084346,92.527904
4.145766,139.084346,92.533920
4.145778,139.084346,92.535325
4.145798,139.084346,92.557574
4.145819,139.084346,92.582240
4.145844,139.084346,92.589632
4.145860,139.084346,92.608256
4.145892,139.084346,92.611936
4.145922,139.084346,92.616896
4.145939,139.084346,92.627936
4.145955,139.084346,92.629184
4.145977,139.084346,92.630432
4.145998,139.084346,92.632992
4.146024,139.084346,92.651424
4.146054,139.084346,92.655104
4.146077,139.084346,92.657664
4.146101,139.084346,92.692160
4.146126,139.084346,92.729152
4.146154,139.084346,92.774816
4.146175,139.084346,92.800733
4.146200,139.084346,92.803270
4.146217,139.084346,92.837792
4.146243,139.084346,92.842717
4.146269,139.084346,92.858656
4.146298,139.084346,92.925536
4.146334,139.084346,92.961248
4.146363,139.084346,92.963744
4.146391,139.084346,92.977280
4.146413,139.084346,93.036512
4.146436,139.084346,93.039174
4.146465,139.084346,93.047686
4.146491,139.084346,93.087133
4.146517,139.084346,93.103072
4.146540,139.084346,93.113126
4.146672,139.084346,93.152573
4.146699,139.084346,93.161216
4.146728,139.084346,93.164893
4.146746,139.084346,93.183360
4.146767,139.084346,93.190845
4.146787,139.084346,93.190944
4.146828,139.084346,93.204416
4.146849,139.084346,93.208160
4.146870,139.084346,93.214333
4.146906,139.084346,93.215549
4.146924,139.084346,93.235488
4.146959,139.084346,93.266080
4.146978,139.084346,93.269888
4.146996,139.084346,93.271136
4.147073,139.084346,93.275904
4.147091,139.084346,93.282176
4.147109,139.084346,93.298432
4.147140,139.084346,93.321766
4.147166,139.084346,93.334045
4.147189,139.084346,93.339037
4.147204,139.084346,93.342912
4.147223,139.084346,93.358688
4.147245,139.084346,93.370976
4.147262,139.084346,93.372384
4.147290,139.084346,93.404320
4.147311,139.084346,93.421766
4.147341,139.084346,93.436704
4.147363,139.084346,93.461254
4.147383,139.084346,93.471008
4.147396,139.084346,93.492128
4.147417,139.084346,93.503200
4.147442,139.084346,93.508032
4.147456,139.084346,93.508160
4.147468,139.084346,93.516733
4.147487,139.084346,93.516800
4.147500,139.084346,93.520512
4.147517,139.084346,93.531584
4.147672,139.084346,93.532832
4.147690,139.084346,93.534048
4.147708,139.084346,93.537760
4.147747,139.084346,93.554000
4.147773,139.084346,93.581024
4.147797,139.084346,93.587206
4.147839,139.084346,93.587264
4.147859,139.084346,93.616832
4.147892,139.084346,93.617952
4.147905,139.084346,93.622842
4.147921,139.084346,93.624384
4.147939,139.084346,93.630448
4.147958,139.084346,93.631686
4.147979,139.084346,93.640256
4.148031,139.084346,93.641504
4.148046,139.084346,93.642726
4.148064,139.084346,93.673658
4.148094,139.084346,93.681024
4.148116,139.084346,93.685760
4.148130,139.084346,93.693344
4.148151,139.084346,93.721693
4.148175,139.084346,93.741408
4.148202,139.084346,93.746496
4.148244,139.084346,93.747686
4.148259,139.084346,93.756349
4.148284,139.084346,93.784576
4.148303,139.084346,93.792166
4.148327,139.084346,93.798304
4.148347,139.084346,93.802016
4.148363,139.084346,93.816800
4.148385,139.084346,93.819200
4.148400,139.084346,93.820646
4.148419,139.084346,93.827936
4.148441,139.084346,93.838976
4.148455,139.084346,93.842816
4.148470,139.084346,93.846464
4.148542,139.084346,93.852646
4.148564,139.084346,93.860032
4.148577,139.084346,93.863680
4.148590,139.084346,93.866208
4.148604,139.084346,93.871069
4.148619,139.084346,93.888384
4.148637,139.084346,93.889664
4.148652,139.084346,93.890944
4.148709,139.084346,93.913094
4.148749,139.084346,93.913126
4.148760,139.084346,93.935344
4.148785,139.084346,93.941472
4.148798,139.084346,93.950144
4.148848,139.084346,93.957574
4.148864,139.084346,93.968704
4.148891,139.084346,93.988320
4.148906,139.084346,94.008064
4.148935,139.084346,94.010624
4.148952,139.084346,94.016806
4.148973,139.084346,94.031744
4.148995,139.084346,94.042813
4.149031,139.084346,94.051424
4.361551,139.084346,94.058816
4.361586,139.084346,94.076064
4.361631,139.084346,94.092061
4.361680,139.084346,94.111776
4.361715,139.084346,94.116765
4.361736,139.084346,94.120528
4.361757,139.084346,94.147616
4.361781,139.084346,94.156320
4.361816,139.084346,94.168672
4.361833,139.084346,94.201981
4.361865,139.084346,94.266214
4.361914,139.084346,94.271072
4.361929,139.084346,94.279776
4.361957,139.084346,94.282246
4.361968,139.084346,94.287216
4.361991,139.084346,94.296960
4.362003,139.084346,94.299584
4.362019,139.084346,94.302144
4.362049,139.084346,94.319264
4.362071,139.084346,94.321760
4.362098,139.084346,94.321856
4.362124,139.084346,94.331686
4.362146,139.084346,94.335296
4.362165,139.084346,94.337696
4.362179,139.084346,94.345158
4.362194,139.084346,94.351232
4.362209,139.084346,94.357568
4.362226,139.084346,94.387165
4.362250,139.084346,94.394528
4.362273,139.084346,94.406886
4.362298,139.084346,94.409376
4.362322,139.084346,94.409382
4.362344,139.084346,94.413158
4.362386,139.084346,94.418048
4.362402,139.084346,94.419232
4.362417,139.084346,94.482272
4.362459,139.084346,94.487133
4.362472,139.084346,94.488275
4.362495,139.084346,94.499328
4.362509,139.084346,94.504448
4.362526,139.084346,94.510720
4.362555,139.084346,94.511837
4.362587,139.084346,94.517984
4.362605,139.084346,94.520646
4.362627,139.084346,94.530336
4.488284,139.084346,94.550144
4.509226,139.084346,94.584672
4.509282,139.084346,94.590944
4.509307,139.084346,94.606944
4.509329,139.084346,94.611731
4.509355,139.084346,94.613248
4.509406,139.084346,94.627904
4.509438,139.084346,94.632864
4.509479,139.084346,94.634077
4.509500,139.084346,94.648864
4.509527,139.084346,94.653984
4.509587,139.084346,94.668640
4.509611,139.084346,94.671264
4.509640,139.084346,94.698432
4.509666,139.084346,94.704416
4.509695,139.084346,94.726688
4.509729,139.084346,94.731648
4.509751,139.084346,94.755104
4.509790,139.084346,94.796989
4.509820,139.084346,94.815584
4.509844,139.084346,94.839046
4.509878,139.084346,94.880989
4.509914,139.084346,94.899526
4.509937,139.084346,94.909408
4.509964,139.084346,94.919229
4.509982,139.084346,94.920512
4.509998,139.084346,94.926464
4.510014,139.084346,94.929296
4.510038,139.084346,94.957408
4.510072,139.084346,94.963677
4.510140,139.084346,95.004445
4.510166,139.084346,95.014304
4.510186,139.084346,95.019232
4.510213,139.084346,95.030240
4.510230,139.084346,95.043827
4.510268,139.084346,95.051552
4.510301,139.084346,95.071200
4.510319,139.084346,95.072352
4.510342,139.084346,95.085894
4.510365,139.084346,95.087174
4.510407,139.084346,95.094592
4.510440,139.084346,95.098304
4.510465,139.084346,95.105629
4.510482,139.084346,95.113158
4.510560,139.084346,95.125402
4.510590,139.084346,95.158784
4.510713,139.084346,95.179776
4.510745,139.084346,95.183456
4.510768,139.084346,95.223008
4.510802,139.084346,95.243872
4.510825,139.084346,95.245117
4.510841,139.084346,95.271078
4.510872,139.084346,95.272317
4.510888,139.084346,95.290944
4.510912,139.084346,95.298342
4.510941,139.084346,95.327968
4.510970,139.084346,95.334118
4.510995,139.084346,95.335424
4.511027,139.084346,95.346432
4.511066,139.084346,95.357696
4.511096,139.084346,95.384672
4.511125,139.084346,95.389504
4.511148,139.084346,95.413053
4.511168,139.084346,95.415526
4.511187,139.084346,95.415584
4.511202,139.084346,95.452608
4.511246,139.084346,95.472384
4.511275,139.084346,95.474688
4.511295,139.084346,95.482288
4.511311,139.084346,95.500800
4.511331,139.084346,95.526704
4.511350,139.084346,95.577344
4.511395,139.084346,95.593376
4.511422,139.084346,95.622941
4.511470,139.084346,95.636416
4.511495,139.084346,95.642685
4.511520,139.084346,95.663686
4.511546,139.084346,95.672496
4.511610,139.084346,95.701990
4.511631,139.084346,95.705693
4.511660,139.084346,95.713216
4.511680,139.084346,95.724218
4.511711,139.084346,95.737760
4.511742,139.084346,95.747677
4.511777,139.084346,95.759872
4.511795,139.084346,95.787174
4.511825,139.084346,95.801984
4.511856,139.084346,95.837792
4.511877,139.084346,95.845149
4.511896,139.084346,95.920512
4.511936,139.084346,95.922880
4.511955,139.084346,95.930365
4.511973,139.084346,95.945056
4.511997,139.084346,95.964992
4.512039,139.084346,95.982176
4.512071,139.084346,95.984736
4.512113,139.084346,96.008160
4.512143,139.084346,96.013085
4.512169,139.084346,96.025472
4.512188,139.084346,96.050144
4.512220,139.084346,96.053821
4.512245,139.084346,96.090912
4.512280,139.084346,96.099568
4.512307,139.084346,96.116816
4.512333,139.084346,96.130240
4.512357,139.084346,96.137766
4.512377,139.084346,96.195814
4.512410,139.084346,96.201958
4.512431,139.084346,96.216733
4.512467,139.084346,96.229152
4.512495,139.084346,96.241520
4.512520,139.084346,96.260038
4.512537,139.084346,96.272384
4.512638,139.084346,96.310592
4.512677,139.084346,96.315552
4.512700,139.084346,96.315616
4.512714,139.084346,96.320576
4.512732,139.084346,96.334112
4.512760,139.084346,96.341504
4.512795,139.084346,96.377152
4.512832,139.084346,96.377344
4.512851,139.084346,96.398304
4.512885,139.084346,96.400608
4.512900,139.084346,96.404480
4.512920,139.084346,96.407072
4.512946,139.084346,96.431552
4.512966,139.084346,96.485936
4.513002,139.084346,96.490896
4.513024,139.084346,96.497117
4.513041,139.084346,96.503200
4.513065,139.084346,96.506950
4.513082,139.084346,96.513158
4.513098,139.084346,96.524157
4.513121,139.084346,96.543968
4.513142,139.084346,96.552634
4.513164,139.084346,96.571168
4.513203,139.084346,96.611888
4.513242,139.084346,96.619072
4.513256,139.084346,96.620576
4.513315,139.084346,96.624256
4.513339,139.084346,96.642624
4.513368,139.084346,96.643968
4.513384,139.084346,96.645216
4.513407,139.084346,96.667424
4.513431,139.084346,96.705696
4.513470,139.084346,96.706944
4.513488,139.084346,96.713216
4.513511,139.084346,96.725472
4.513540,139.084346,96.766080
4.513570,139.084346,96.768704
4.513589,139.084346,96.772416
4.513610,139.084346,96.816806
4.513648,139.084346,96.848864
4.513679,139.084346,96.857664
4.513705,139.084346,96.869821
4.513725,139.084346,96.883488
4.513756,139.084346,96.888416
4.513779,139.084346,96.890784
4.513804,139.084346,96.894566
4.513826,139.084346,96.901888
4.513849,139.084346,96.914336
4.513907,139.084346,96.937798
4.513939,139.084346,96.967568
4.513975,139.084346,96.999526
4.514006,139.084346,96.999584
4.514029,139.084346,97.010624
4.514083,139.084346,97.019229
4.514108,139.084346,97.046544
4.514137,139.084346,97.057536
4.514196,139.084346,97.076064
4.514233,139.084346,97.076096
4.514259,139.084346,97.110560
4.514284,139.084346,97.110592
4.514306,139.084346,97.121734
4.514327,139.084346,97.132832
4.514347,139.084346,97.142726
4.514365,139.084346,97.153824
4.514384,139.084346,97.163677
4.514412,139.084346,97.167270
4.514430,139.084346,97.187174
4.514460,139.084346,97.187206
4.514484,139.084346,97.239174
4.514531,139.084346,97.247686
4.514550,139.084346,97.266035
4.514581,139.084346,97.272486
4.514602,139.084346,97.274688
4.514620,139.084346,97.278464
4.514636,139.084346,97.279776
4.514649,139.084346,97.282208
4.514672,139.084346,97.288381
4.514699,139.084346,97.320512
4.514729,139.084346,97.340256
4.514749,139.084346,97.352454
4.514773,139.084346,97.357472
4.514826,139.084346,97.380992
4.514848,139.084346,97.384736
4.514875,139.084346,97.387296
4.514894,139.084346,97.408093
4.514922,139.084346,97.410784
4.514948,139.084346,97.416774
4.514969,139.084346,97.446432
4.514998,139.084346,97.446464
4.515021,139.084346,97.451366
4.515043,139.084346,97.467360
4.515063,139.084346,97.488256
4.515106,139.084346,97.498432
4.515132,139.084346,97.525376
4.515164,139.084346,97.553830
4.515186,139.084346,97.556326
4.515203,139.084346,97.573568
4.515224,139.084346,97.590848
4.515246,139.084346,97.599366
4.515269,139.084346,97.631776
4.515297,139.084346,97.651293
4.515317,139.084346,97.661254
4.515333,139.084346,97.671110
4.515361,139.084346,97.700582
4.515378,139.084346,97.716774
4.515397,139.084346,97.716800
4.515414,139.084346,97.731616
4.515430,139.084346,97.732672
4.515446,139.084346,97.767421
4.515471,139.084346,97.768576
4.515491,139.084346,97.780928
4.515513,139.084346,97.789568
4.515528,139.084346,97.829136
4.515554,139.084346,97.830397
4.515570,139.084346,97.848896
4.515596,139.084346,97.851296
4.515608,139.084346,97.855008
4.515627,139.084346,97.856381
4.515646,139.084346,97.885952
4.515676,139.084346,97.894694
4.515703,139.084346,97.895616
4.515715,139.084346,97.905760
4.515731,139.084346,97.937600
4.515751,139.084346,97.947808
4.515770,139.084346,97.976032
4.515794,139.084346,97.997062
4.515818,139.084346,98.022944
4.515839,139.084346,98.087101
4.515872,139.084346,98.113085
4.515904,139.084346,98.125472
4.515930,139.084346,98.132864
4.515945,139.084346,98.135293
4.515972,139.084346,98.148896
4.516009,139.084346,98.161277
4.516031,139.084346,98.174848
4.516056,139.084346,98.184704
4.516071,139.084346,98.199360
4.516101,139.084346,98.213184
4.516122,139.084346,98.221798
4.516147,139.084346,98.247552
4.516171,139.084346,98.270848
4.516192,139.084346,98.375997
4.516234,139.084346,98.389568
4.516253,139.084346,98.393312
4.516269,139.084346,98.408096
4.516292,139.084346,98.437760
4.516330,139.084346,98.446592
4.516351,139.084346,98.448800
4.516368,139.084346,98.481056
4.516441,139.084346,98.526592
4.516485,139.084346,98.541434
4.516511,139.084346,98.542726
4.516535,139.084346,98.566064
4.516558,139.084346,98.566208
4.516582,139.084346,98.578496
4.516599,139.084346,98.594694
4.516631,139.084346,98.613088
4.516648,139.084346,98.624192
4.516681,139.084346,98.627936
4.516716,139.084346,98.636480
4.516739,139.084346,98.646406
4.516767,139.084346,98.668646
4.516855,139.084346,98.708125
4.516897,139.084346,98.714112
4.516955,139.084346,98.716742
4.516974,139.084346,98.772416
4.517020,139.084346,98.778464
4.517047,139.084346,98.798272
4.517065,139.084346,98.811872
4.517088,139.084346,98.813062
4.517106,139.084346,98.815600
4.517127,139.084346,98.829082
4.517146,139.084346,98.832797
4.517168,139.084346,98.885824
4.517196,139.084346,98.898432
4.517329,139.084346,98.909504
4.517346,139.084346,98.936518
4.517374,139.084346,98.967485
4.517412,139.084346,98.977286
4.517437,139.084346,99.016774
4.517463,139.084346,99.024336
4.517491,139.084346,99.048832
4.517517,139.084346,99.048870
4.517541,139.084346,99.076032
4.517596,139.084346,99.082144
4.517624,139.084346,99.088352
4.517644,139.084346,99.093280
4.517680,139.084346,99.110624
4.517705,139.084346,99.137693
4.517741,139.084346,99.142717
4.517798,139.084346,99.142726
4.517815,139.084346,99.148832
4.517842,139.084346,99.155008
4.517863,139.084346,99.177408
4.517891,139.084346,99.178368
4.517903,139.084346,99.187206
4.517945,139.084346,99.188256
4.517967,139.084346,99.210560
4.517989,139.084346,99.234054
4.518020,139.084346,99.241331
4.518044,139.084346,99.242848
4.518077,139.084346,99.245072
4.518099,139.084346,99.273536
4.518127,139.084346,99.278560
4.518145,139.084346,99.283584
4.518179,139.084346,99.300864
4.518198,139.084346,99.302016
4.518218,139.084346,99.313104
4.518247,139.084346,99.334016
4.518268,139.084346,99.346438
4.518289,139.084346,99.347686
4.518309,139.084346,99.347808
4.518325,139.084346,99.356288
4.518339,139.084346,99.361248
4.518368,139.084346,99.366304
4.518411,139.084346,99.372326
4.518441,139.084346,99.378400
4.518460,139.084346,99.387133
4.518483,139.084346,99.393248
4.518500,139.084346,99.411837
4.518526,139.084346,99.427898
4.518546,139.084346,99.445184
4.518569,139.084346,99.448861
4.518587,139.084346,99.449056
4.518613,139.084346,99.457472
4.518636,139.084346,99.461120
4.518652,139.084346,99.479744
4.518674,139.084346,99.484704
4.518700,139.084346,99.488317
4.518721,139.084346,99.502144
4.518743,139.084346,99.529126
4.518777,139.084346,99.541533
4.518827,139.084346,99.541536
4.518846,139.084346,99.556064
4.518861,139.084346,99.558896
4.518877,139.084346,99.562400
4.518892,139.084346,99.580928
4.518918,139.084346,99.587008
4.518938,139.084346,99.605696
4.518959,139.084346,99.624192
4.518982,139.084346,99.624326
4.519013,139.084346,99.630368
4.519033,139.084346,99.631584
4.519060,139.084346,99.673427
4.519099,139.084346,99.683600
4.519122,139.084346,99.689600
4.519141,139.084346,99.696989
4.519158,139.084346,99.713056
4.519183,139.084346,99.714310
4.519195,139.084346,99.716733
4.519233,139.084346,99.727904
4.519247,139.084346,99.729152
4.519264,139.084346,99.802112
4.519313,139.084346,99.809376
4.519327,139.084346,99.815485
4.519346,139.084346,99.852608
4.519381,139.084346,99.887206
4.519416,139.084346,99.897024
4.519445,139.084346,99.904349
4.519464,139.084346,99.919232
4.519494,139.084346,99.957568
4.519520,139.084346,99.963718
4.519536,139.084346,99.965024
4.519564,139.084346,99.992038
4.519590,139.084346,99.998173
4.519607,139.084346,100.005629
4.519635,139.084346,100.008064
4.519651,139.084346,100.019104
4.519675,139.084346,100.019296
4.519698,139.084346,100.034042
4.519725,139.084346,100.046496
4.519757,139.084346,100.062592
4.519780,139.084346,100.064893
4.519807,139.084346,100.072413
4.519833,139.084346,100.081024
4.519855,139.084346,100.082208
4.519882,139.084346,100.099392
4.519905,139.084346,100.101984
4.519943,139.084346,100.105664
4.519960,139.084346,100.126618
4.519986,139.084346,100.140192
4.520004,139.084346,100.146464
4.520040,139.084346,100.159974
4.520060,139.084346,100.167251
4.520101,139.084346,100.183424
4.520120,139.084346,100.189597
4.520137,139.084346,100.206944
4.520158,139.084346,100.229056
4.520186,139.084346,100.237789
4.520211,139.084346,100.252541
4.520231,139.084346,100.256314
4.520243,139.084346,100.259936
4.520260,139.084346,100.266016
4.520282,139.084346,100.269728
4.520301,139.084346,100.285824
4.520329,139.084346,100.293216
4.520358,139.084346,100.302096
4.520401,139.084346,100.324256
4.520437,139.084346,100.335293
4.520468,139.084346,100.351456
4.520501,139.084346,100.367360
4.520529,139.084346,100.368608
4.520552,139.084346,100.389472
4.520583,139.084346,100.394502
4.520602,139.084346,100.394566
4.520628,139.084346,100.394624
4.520646,139.084346,100.414237
4.520672,139.084346,100.436509
4.520694,139.084346,100.455046
4.520715,139.084346,100.469760
4.520743,139.084346,100.472384
4.520760,139.084346,100.509446
4.520829,139.084346,100.519197
4.520873,139.084346,100.556416
4.520908,139.084346,100.574656
4.520935,139.084346,100.575965
4.520952,139.084346,100.580928
4.520969,139.084346,100.594592
4.520991,139.084346,100.598205
4.521008,139.084346,100.599347
4.521022,139.084346,100.607072
4.521073,139.084346,100.614336
4.521100,139.084346,100.637760
4.521132,139.084346,100.641414
4.521147,139.084346,100.641434
4.521168,139.084346,100.642694
4.521199,139.084346,100.662464
4.521240,139.084346,100.668678
4.521281,139.084346,100.739174
4.521365,139.084346,100.761216
4.521394,139.084346,100.779776
4.521422,139.084346,100.811837
4.521447,139.084346,100.814272
4.521460,139.084346,100.821568
4.521481,139.084346,100.848838
4.521507,139.084346,100.858752
4.521523,139.084346,100.871120
4.521537,139.084346,100.873478
4.521547,139.084346,100.900710
4.521581,139.084346,100.905664
4.521606,139.084346,100.913216
4.521627,139.084346,100.929344
4.521654,139.084346,100.933984
4.521678,139.084346,100.936384
4.521694,139.084346,100.963712
4.521718,139.084346,100.971046
4.521739,139.084346,100.990813
4.521768,139.084346,101.008128
4.521809,139.084346,101.037808
4.521839,139.084346,101.051194
4.521862,139.084346,101.058886
4.521885,139.084346,101.082208
4.521908,139.084346,101.087040
4.521924,139.084346,101.115517
4.521948,139.084346,101.115536
4.521957,139.084346,101.117904
4.521974,139.084346,101.120496
4.522001,139.084346,101.172320
4.522037,139.084346,101.191936
4.522056,139.084346,101.219206
4.522085,139.084346,101.261213
4.522113,139.084346,101.270000
4.522132,139.084346,101.272224
4.522142,139.084346,101.282240
4.522159,139.084346,101.293280
4.522172,139.084346,101.301968
4.522193,139.084346,101.303197
4.522207,139.084346,101.315392
4.522220,139.084346,101.315440
4.522237,139.084346,101.330464
4.522263,139.084346,101.332966
4.522290,139.084346,101.342694
4.522308,139.084346,101.342768
4.522326,139.084346,101.351376
4.522351,139.084346,101.355072
4.522373,139.084346,101.387174
4.522425,139.084346,101.418176
4.522462,139.084346,101.457408
4.522496,139.084346,101.471088
4.522527,139.084346,101.488272
4.522552,139.084346,101.518016
4.522578,139.084346,101.520384
4.522594,139.084346,101.520512
4.522621,139.084346,101.531488
4.522641,139.084346,101.537696
4.522658,139.084346,101.540256
4.522676,139.084346,101.546374
4.522697,139.084346,101.568605
4.522724,139.084346,101.597168
4.522748,139.084346,101.599424
4.522767,139.084346,101.608000
4.522792,139.084346,101.609341
4.522805,139.084346,101.610752
4.522832,139.084346,101.615616
4.522850,139.084346,101.616838
4.522867,139.084346,101.630237
4.522883,139.084346,101.635360
4.522917,139.084346,101.640224
4.522931,139.084346,101.646432
4.522977,139.084346,101.676144
4.522999,139.084346,101.685760
4.523012,139.084346,101.687136
4.523028,139.084346,101.705664
4.523049,139.084346,101.705696
4.523061,139.084346,101.709309
4.523078,139.084346,101.730202
4.523103,139.084346,101.751334
4.523121,139.084346,101.756189
4.523132,139.084346,101.757478
4.523145,139.084346,101.782304
4.523185,139.084346,101.793277
4.523208,139.084346,101.826630
4.523237,139.084346,101.829152
4.523261,139.084346,101.841405
4.523282,139.084346,101.847520
4.523298,139.084346,101.863558
4.523315,139.084346,101.874886
4.523342,139.084346,101.876096
4.523376,139.084346,101.888384
4.523396,139.084346,101.895635
4.523419,139.084346,101.903040
4.523435,139.084346,101.904288
4.523449,139.084346,101.910784
4.523482,139.084346,101.913184
4.523504,139.084346,101.914304
4.523525,139.084346,101.916733
4.523550,139.084346,101.934048
4.523582,139.084346,101.950112
4.523599,139.084346,101.960000
4.523620,139.084346,101.987072
4.523639,139.084346,101.997024
4.523655,139.084346,101.998406
4.523680,139.084346,101.999494
4.523696,139.084346,102.001958
4.523718,139.084346,102.009536
4.523750,139.084346,102.011776
4.523765,139.084346,102.014304
4.523777,139.084346,102.014336
4.523792,139.084346,102.016896
4.523807,139.084346,102.020608
4.523841,139.084346,102.022976
4.523862,139.084346,102.061344
4.523903,139.084346,102.064829
4.523913,139.084346,102.066208
4.523934,139.084346,102.069920
4.523949,139.084346,102.079664
4.523967,139.084346,102.079677
4.523979,139.084346,102.088381
4.523994,139.084346,102.103165
4.524017,139.084346,102.126688
4.524054,139.084346,102.127936
4.524073,139.084346,102.134144
4.524089,139.084346,102.140352
4.524112,139.084346,102.141402
4.524126,139.084346,102.150246
4.524143,139.084346,102.161149
4.524162,139.084346,102.176192
4.524190,139.084346,102.182128
4.524210,139.084346,102.184736
4.524225,139.084346,102.185926
4.524238,139.084346,102.187133
4.524261,139.084346,102.211840
4.524298,139.084346,102.219200
4.524319,139.084346,102.222944
4.524336,139.084346,102.231696
4.524356,139.084346,102.245114
4.524374,139.084346,102.261216
4.524416,139.084346,102.269757
4.524433,139.084346,102.278432
4.524458,139.084346,102.304416
4.524491,139.084346,102.324224
4.524514,139.084346,102.326589
4.524530,139.084346,102.326624
4.524552,139.084346,102.350112
4.524589,139.084346,102.369984
4.524645,139.084346,102.372326
4.524678,139.084346,102.382304
4.524698,139.084346,102.387264
4.524721,139.084346,102.398176
4.524740,139.084346,102.403008
4.524752,139.084346,102.403104
4.524777,139.084346,102.405632
4.524796,139.084346,102.406880
4.524817,139.084346,102.409504
4.524832,139.084346,102.413184
4.524853,139.084346,102.420416
4.524876,139.084346,102.434045
4.524908,139.084346,102.439008
4.524925,139.084346,102.452445
4.524947,139.084346,102.463616
4.524965,139.084346,102.469856
4.524984,139.084346,102.472285
4.524997,139.084346,102.482144
4.525028,139.084346,102.485792
4.525047,139.084346,102.493216
4.525064,139.084346,102.504326
4.525081,139.084346,102.509536
4.525117,139.084346,102.521568
4.525140,139.084346,102.529088
4.525157,139.084346,102.536672
4.525177,139.084346,102.555104
4.525218,139.084346,102.556157
4.525231,139.084346,102.563616
4.525295,139.084346,102.566144
4.525306,139.084346,102.574749
4.525319,139.084346,102.575891
4.525341,139.084346,102.593213
4.525364,139.084346,102.594560
4.525377,139.084346,102.608064
4.525399,139.084346,102.616774
4.525422,139.084346,102.621600
4.525444,139.084346,102.630368
4.525464,139.084346,102.631616
4.525486,139.084346,102.645120
4.525506,139.084346,102.657376
4.525529,139.084346,102.659869
4.525542,139.084346,102.682109
4.525571,139.084346,102.719197
4.525600,139.084346,102.725456
4.525622,139.084346,102.741478
4.525640,139.084346,102.742685
4.525662,139.084346,102.742694
4.525693,139.084346,102.767325
4.525732,139.084346,102.769798
4.525745,139.084346,102.784518
4.525769,139.084346,102.792032
4.525786,139.084346,102.794694
4.525829,139.084346,102.803136
4.525846,139.084346,102.837728
4.525881,139.084346,102.841299
4.525915,139.084346,102.843901
4.525928,139.084346,102.846406
4.525948,139.084346,102.852512
4.525974,139.084346,102.872413
4.525996,139.084346,102.876032
4.526015,139.084346,102.877152
4.526028,139.084346,102.879744
4.526043,139.084346,102.885920
4.526076,139.084346,102.891936
4.526088,139.084346,102.901952
4.526114,139.084346,102.907974
4.526126,139.084346,102.922771
4.526145,139.084346,102.935456
4.526168,139.084346,102.939008
4.526186,139.084346,102.940256
4.526209,139.084346,102.963613
4.526251,139.084346,102.972294
4.526271,139.084346,102.989536
4.526291,139.084346,102.990749
4.526311,139.084346,102.998374
4.526337,139.084346,103.000736
4.526350,139.084346,103.005597
4.526364,139.084346,103.005696
4.526445,139.084346,103.037696
4.526479,139.084346,103.041488
4.526500,139.084346,103.041533
4.526535,139.084346,103.043776
4.526549,139.084346,103.047488
4.526564,139.084346,103.050118
4.526582,139.084346,103.051366
4.526600,139.084346,103.052608
4.526639,139.084346,103.053725
4.526654,139.084346,103.077190
4.526688,139.084346,103.079856
4.526715,139.084346,103.080896
4.526729,139.084346,103.085792
4.526745,139.084346,103.090912
4.526764,139.084346,103.119232
4.526796,139.084346,103.132832
4.526821,139.084346,103.137760
4.526837,139.084346,103.151456
4.526863,139.084346,103.156192
4.526891,139.084346,103.157664
4.526924,139.084346,103.188384
4.526954,139.084346,103.195664
4.526970,139.084346,103.200576
4.526987,139.084346,103.209536
4.527017,139.084346,103.216774
4.527035,139.084346,103.222899
4.527063,139.084346,103.226630
4.527076,139.084346,103.237619
4.527099,139.084346,103.248768
4.527117,139.084346,103.256102
4.527129,139.084346,103.266048
4.527148,139.084346,103.272320
4.527164,139.084346,103.298176
4.527200,139.084346,103.299389
4.527215,139.084346,103.343712
4.527245,139.084346,103.346342
4.527257,139.084346,103.356192
4.527273,139.084346,103.387078
4.527296,139.084346,103.404416
4.527315,139.084346,103.408064
4.527327,139.084346,103.408144
4.527347,139.084346,103.410528
4.527361,139.084346,103.432832
4.527383,139.084346,103.461181
4.527417,139.084346,103.519133
4.527457,139.084346,103.519200
4.527470,139.084346,103.547520
4.527499,139.084346,103.552582
4.527521,139.084346,103.578464
4.527549,139.084346,103.583296
4.527570,139.084346,103.589632
4.527593,139.084346,103.631744
4.527639,139.084346,103.638880
4.527655,139.084346,103.642621
4.527672,139.084346,103.645117
4.527697,139.084346,103.668582
4.527731,139.084346,103.690813
4.527771,139.084346,103.704416
4.527794,139.084346,103.711744
4.630946,139.084346,103.732797
4.631044,139.084346,103.752541
4.631124,139.084346,103.763648
4.631169,139.084346,103.777318
4.631221,139.084346,103.797056
4.631276,139.084346,103.797158
4.631322,139.084346,103.798240
4.631356,139.084346,103.800570
4.631385,139.084346,103.802096
4.631451,139.084346,103.809344
4.631514,139.084346,103.826720
4.631567,139.084346,103.862400
4.631633,139.084346,103.868608
4.631672,139.084346,103.870931
4.631706,139.084346,103.887104
4.631763,139.084346,103.893277
4.631796,139.084346,103.910496
4.631847,139.084346,103.957632
4.631950,139.084346,104.002112
4.632039,139.084346,104.011776
4.632078,139.084346,104.031616
4.632139,139.084346,104.033981
4.632173,139.084346,104.055008
4.632233,139.084346,104.056416
4.632281,139.084346,104.114304
4.632379,139.084346,104.119168
4.632441,139.084346,104.126592
4.632479,139.084346,104.140189
4.632549,139.084346,104.148819
4.632596,139.084346,104.152672
4.632627,139.084346,104.179571
4.632687,139.084346,104.179712
4.632711,139.084346,104.201926
4.632779,139.084346,104.210528
4.632830,139.084346,104.254912
4.633154,139.084346,104.263645
4.633201,139.084346,104.284560
4.633233,139.084346,104.303027
4.633284,139.084346,104.310752
4.633336,139.084346,104.311837
4.633353,139.084346,104.327869
4.633396,139.084346,104.336576
4.633420,139.084346,104.346374
4.633444,139.084346,104.405664
4.633519,139.084346,104.406886
4.633538,139.084346,104.427808
4.633571,139.084346,104.436656
4.633597,139.084346,104.442656
4.633611,139.084346,104.513184
4.633739,139.084346,104.517782
4.633756,139.084346,104.525248
4.633782,139.084346,104.536352
4.633800,139.084346,104.550144
4.633824,139.084346,104.558749
4.633848,139.084346,104.613050
4.634021,139.084346,104.616733
4.634050,139.084346,104.616896
4.634067,139.084346,104.630163
4.634104,139.084346,104.630336
4.634124,139.084346,104.648704
4.634147,139.084346,104.661280
4.634183,139.084346,104.687136
4.634212,139.084346,104.696957
4.634237,139.084346,104.709446
4.634276,139.084346,104.710528
4.634296,139.084346,104.711808
4.634317,139.084346,104.714400
4.634347,139.084346,104.728006
4.634395,139.084346,104.769856
4.634455,139.084346,104.782160
4.634478,139.084346,104.782240
4.634492,139.084346,104.790944
4.634531,139.084346,104.811744
4.634575,139.084346,104.863648
4.634634,139.084346,104.871136
4.634699,139.084346,104.895616
4.634736,139.084346,104.922816
4.634775,139.084346,104.933920
4.634799,139.084346,104.964893
4.634845,139.084346,104.977248
4.634867,139.084346,104.987264
4.634899,139.084346,104.989491
4.634913,139.084346,104.994432
4.634930,139.084346,105.000704
4.634963,139.084346,105.006877
4.635004,139.084346,105.019168
4.635045,139.084346,105.020448
4.635071,139.084346,105.074720
4.635138,139.084346,105.078470
4.635158,139.084346,105.082176
4.635184,139.084346,105.085702
4.635202,139.084346,105.131712
4.635260,139.084346,105.132797
4.635300,139.084346,105.185888
4.635362,139.084346,105.189565
4.635376,139.084346,105.189600
4.635396,139.084346,105.204256
4.635420,139.084346,105.215360
4.635441,139.084346,105.231456
4.635475,139.084346,105.243872
4.635491,139.084346,105.243936
4.635525,139.084346,105.245213
4.635547,139.084346,105.269830
4.635578,139.084346,105.281053
4.635607,139.084346,105.305600
4.635646,139.084346,105.314237
4.635675,139.084346,105.319216
4.635701,139.084346,105.322880
4.635720,139.084346,105.333981
4.635743,139.084346,105.359859
4.635778,139.084346,105.384608
4.635806,139.084346,105.448864
4.635872,139.084346,105.497024
4.635921,139.084346,105.513216
4.635952,139.084346,105.522976
4.635979,139.084346,105.529088
4.635994,139.084346,105.546461
4.636023,139.084346,105.547680
4.636044,139.084346,105.556083
4.636072,139.084346,105.574944
4.636109,139.084346,105.579654
4.636128,139.084346,105.593312
4.636151,139.084346,105.602016
4.636179,139.084346,105.619133
4.636202,139.084346,105.640320
4.636234,139.084346,105.647718
4.636257,139.084346,105.662368
4.636285,139.084346,105.666272
4.636308,139.084346,105.705536
4.636349,139.084346,105.714240
4.636365,139.084346,105.724288
4.636448,139.084346,105.737664
4.636469,139.084346,105.754976
4.636496,139.084346,105.756352
4.636510,139.084346,105.759808
4.636524,139.084346,105.759904
4.636541,139.084346,105.772352
4.636567,139.084346,105.772358
4.636592,139.084346,105.795792
4.636628,139.084346,105.815456
4.636664,139.084346,105.825504
4.636693,139.084346,105.831728
4.636722,139.084346,105.839046
4.636747,139.084346,105.841536
4.636778,139.084346,105.906880
4.636845,139.084346,105.908029
4.636859,139.084346,105.944992
4.636895,139.084346,105.985984
4.636941,139.084346,106.012944
4.636977,139.084346,106.069894
4.637029,139.084346,106.074717
4.637070,139.084346,106.094493
4.637116,139.084346,106.097158
4.637141,139.084346,106.130272
4.637173,139.084346,106.140176
4.637191,139.084346,106.150173
4.637220,139.084346,106.191904
4.637254,139.084346,106.208096
4.637274,139.084346,106.255008
4.637326,139.084346,106.268672
4.637364,139.084346,106.294694
4.637429,139.084346,106.299418
4.637450,139.084346,106.304288
4.637470,139.084346,106.305664
4.637491,139.084346,106.359968
4.637543,139.084346,106.360093
4.637570,139.084346,106.378464
4.637613,139.084346,106.385789
4.637631,139.084346,106.400608
4.637654,139.084346,106.445085
4.637732,139.084346,106.446374
4.637753,139.084346,106.471069
4.637782,139.084346,106.487232
4.637804,139.084346,106.508093
4.637837,139.084346,106.541488
4.637875,139.084346,106.567264
4.637909,139.084346,106.572384
4.637941,139.084346,106.578330
4.637957,139.084346,106.579856
4.637984,139.084346,106.585728
4.638000,139.084346,106.604576
4.638033,139.084346,106.625376
4.638065,139.084346,106.693216
4.638124,139.084346,106.705632
4.638146,139.084346,106.725280
4.638164,139.084346,106.727840
4.638179,139.084346,106.733981
4.638205,139.084346,106.742800
4.638255,139.084346,106.752486
4.638276,139.084346,106.753725
4.638289,139.084346,106.756157
4.638307,139.084346,106.777216
4.638344,139.084346,106.783536
4.638390,139.084346,106.789638
4.638414,139.084346,106.824256
4.638453,139.084346,106.833968
4.638477,139.084346,106.872480
4.638526,139.084346,106.888496
4.638590,139.084346,106.918144
4.638623,139.084346,106.942694
4.638660,139.084346,106.945136
4.638678,139.084346,106.952672
4.638698,139.084346,106.961072
4.638723,139.084346,106.976000
4.638749,139.084346,107.001926
4.638783,139.084346,107.058624
4.638833,139.084346,107.063584
4.638855,139.084346,107.063808
4.638876,139.084346,107.079744
4.638911,139.084346,107.101894
4.638934,139.084346,107.102973
4.638948,139.084346,107.108160
4.638965,139.084346,107.143904
4.639009,139.084346,107.145094
4.639026,139.084346,107.159936
4.639066,139.084346,107.170976
4.639099,139.084346,107.184646
4.639127,139.084346,107.187101
4.639157,139.084346,107.206880
4.639206,139.084346,107.232864
4.639249,139.084346,107.239046
4.639269,139.084346,107.261184
4.639295,139.084346,107.325504
4.639348,139.084346,107.330278
4.639363,139.084346,107.352560
4.639390,139.084346,107.364934
4.639415,139.084346,107.373568
4.639448,139.084346,107.415379
4.639488,139.084346,107.415424
4.639505,139.084346,107.421632
4.639527,139.084346,107.428915
4.639543,139.084346,107.464992
4.639587,139.084346,107.466080
4.639601,139.084346,107.489568
4.639640,139.084346,107.501920
4.639669,139.084346,107.504250
4.639681,139.084346,107.506752
4.639695,139.084346,107.513024
4.639716,139.084346,107.526768
4.639783,139.084346,107.557478
4.639819,139.084346,107.590784
4.639849,139.084346,107.596957
4.639867,139.084346,107.610493
4.639886,139.084346,107.637600
4.639914,139.084346,107.690816
4.639964,139.084346,107.719200
4.640014,139.084346,107.761056
4.640056,139.084346,107.785792
4.640095,139.084346,107.843773
4.640139,139.084346,107.847616
4.640173,139.084346,107.853894
4.640201,139.084346,107.862406
4.640219,139.084346,107.877120
4.640241,139.084346,107.882144
4.640266,139.084346,107.912960
4.640304,139.084346,107.944979
4.640338,139.084346,107.961277
4.640384,139.084346,107.980861
4.640412,139.084346,108.001824
4.640444,139.084346,108.014432
4.640468,139.084346,108.025504
4.640494,139.084346,108.039136
4.640526,139.084346,108.088352
4.640570,139.084346,108.096902
4.640590,139.084346,108.157632
4.640631,139.084346,108.159846
4.640653,139.084346,108.240032
4.640704,139.084346,108.282160
4.640744,139.084346,108.285798
4.640765,139.084346,108.290656
4.640782,139.084346,108.301958
4.640806,139.084346,108.316730
4.640828,139.084346,108.320576
4.640850,139.084346,108.362432
4.640894,139.084346,108.377075
4.640924,139.084346,108.396819
4.640964,139.084346,108.398173
4.640987,139.084346,108.415488
4.641018,139.084346,108.456320
4.641065,139.084346,108.500704
4.641127,139.084346,108.524016
4.641163,139.084346,108.552499
4.641199,139.084346,108.561216
4.641222,139.084346,108.569821
4.641252,139.084346,108.588211
4.641275,139.084346,108.599296
4.641294,139.084346,108.620541
4.641327,139.084346,108.626496
4.641342,139.084346,108.632797
4.641363,139.084346,108.635104
4.641378,139.084346,108.651206
4.641403,139.084346,108.658781
4.641430,139.084346,108.663718
4.641451,139.084346,108.680944
4.641473,139.084346,108.722752
4.641516,139.084346,108.773536
4.641561,139.084346,108.780934
4.641582,139.084346,108.785856
4.641604,139.084346,108.796883
4.641624,139.084346,108.808029
4.641640,139.084346,108.808064
4.641655,139.084346,108.819216
4.641686,139.084346,108.834080
4.641720,139.084346,108.869824
4.641750,139.084346,108.884512
4.641769,139.084346,108.894493
4.641789,139.084346,108.907936
4.641804,139.084346,108.914160
4.641817,139.084346,108.915485
4.641838,139.084346,108.919040
4.641849,139.084346,108.937693
4.641882,139.084346,108.945088
4.641898,139.084346,108.947616
4.641915,139.084346,108.947686
4.641937,139.084346,108.955136
4.641955,139.084346,108.963677
4.641975,139.084346,108.964838
4.641996,139.084346,108.966176
4.642008,139.084346,108.975936
4.642032,139.084346,108.996864
4.642066,139.084346,109.008006
4.642093,139.084346,109.014202
4.642109,139.084346,109.036486
4.642131,139.084346,109.047488
4.642151,139.084346,109.047552
4.642172,139.084346,109.061312
4.642198,139.084346,109.066256
4.642214,139.084346,109.080925
4.642246,139.084346,109.130400
4.642292,139.084346,109.135325
4.642310,139.084346,109.140134
4.642330,139.084346,109.146406
4.642354,139.084346,109.156294
4.642383,139.084346,109.183366
4.642417,139.084346,109.187264
4.642440,139.084346,109.189632
4.642471,139.084346,109.234080
4.642528,139.084346,109.247616
4.642560,139.084346,109.288352
4.642607,139.084346,109.305696
4.642647,139.084346,109.317984
4.642683,139.084346,109.322739
4.642785,139.084346,109.344000
4.642825,139.084346,109.352576
4.642852,139.084346,109.363488
4.642872,139.084346,109.364736
4.642887,139.084346,109.364864
4.642902,139.084346,109.415430
4.642958,139.084346,109.415504
4.642974,139.084346,109.417920
4.642987,139.084346,109.420544
4.643004,139.084346,109.421568
4.643018,139.084346,109.426451
4.643034,139.084346,109.433907
4.643059,139.084346,109.436576
4.643089,139.084346,109.441344
4.643103,139.084346,109.442624
4.643116,139.084346,109.466016
4.643138,139.084346,109.468733
4.643158,139.084346,109.482144
4.643181,139.084346,109.495741
4.643215,139.084346,109.500736
4.643233,139.084346,109.504320
4.643244,139.084346,109.512870
4.643266,139.084346,109.522912
4.643312,139.084346,109.557469
4.643352,139.084346,109.563520
4.643367,139.084346,109.587110
4.643405,139.084346,109.589501
4.643419,139.084346,109.607014
4.643456,139.084346,109.619200
4.643489,139.084346,109.652614
4.643527,139.084346,109.653824
4.643544,139.084346,109.663712
4.643563,139.084346,109.666144
4.643580,139.084346,109.674688
4.643599,139.084346,109.695709
4.643622,139.084346,109.704320
4.643640,139.084346,109.735091
4.643686,139.084346,109.738918
4.643706,139.084346,109.760000
4.643738,139.084346,109.762432
4.643755,139.084346,109.767424
4.643776,139.084346,109.779584
4.643800,139.084346,109.794624
4.643828,139.084346,109.856051
4.643883,139.084346,109.858547
4.643896,139.084346,109.859968
4.643911,139.084346,109.862362
4.643928,139.084346,109.866272
4.643968,139.084346,109.874720
4.643989,139.084346,109.878464
4.644007,139.084346,109.883389
4.644029,139.084346,109.898176
4.644054,139.084346,109.899430
4.644065,139.084346,109.901894
4.644080,139.084346,109.913158
4.644134,139.084346,109.932736
4.644168,139.084346,109.944966
4.644194,139.084346,109.952480
4.644214,139.084346,109.958653
4.644235,139.084346,109.962342
4.644254,139.084346,109.962406
4.644268,139.084346,109.971040
4.644295,139.084346,109.983328
4.644315,139.084346,110.008070
4.644351,139.084346,110.039046
4.644392,139.084346,110.047472
4.644422,139.084346,110.073302
4.644453,139.084346,110.080768
4.644472,139.084346,110.082237
4.644489,139.084346,110.089469
4.644507,139.084346,110.093312
4.644532,139.084346,110.105472
4.644550,139.084346,110.126720
4.644587,139.084346,110.127773
4.644599,139.084346,110.142816
4.644627,139.084346,110.149952
4.644655,139.084346,110.160000
4.644679,139.084346,110.167187
4.644700,139.084346,110.172253
4.644726,139.084346,110.173536
4.644740,139.084346,110.185683
4.644758,139.084346,110.191878
4.644777,139.084346,110.214237
4.644811,139.084346,110.219078
4.644828,139.084346,110.221664
4.644856,139.084346,110.222912
4.644866,139.084346,110.233981
4.644912,139.084346,110.267328
4.644949,139.084346,110.269728
4.644966,139.084346,110.282010
4.644988,139.084346,110.283526
4.645036,139.084346,110.289408
4.645053,139.084346,110.304512
4.645081,139.084346,110.311846
4.645130,139.084346,110.314205
4.645151,139.084346,110.337760
4.645187,139.084346,110.351296
4.645213,139.084346,110.385984
4.645260,139.084346,110.419168
4.645309,139.084346,110.425392
4.645327,139.084346,110.426656
4.645360,139.084346,110.436704
4.645388,139.084346,110.443670
4.645403,139.084346,110.445056
4.645415,139.084346,110.457478
4.645436,139.084346,110.461328
4.645455,139.084346,110.471008
4.645478,139.084346,110.477344
4.645527,139.084346,110.490976
4.645556,139.084346,110.493216
4.645571,139.084346,110.500518
4.645591,139.084346,110.512864
4.645612,139.084346,110.519133
4.645679,139.084346,110.540198
4.645713,139.084346,110.552448
4.645731,139.084346,110.552518
4.645751,139.084346,110.562397
4.645770,139.084346,110.574688
4.645816,139.084346,110.575968
4.645830,139.084346,110.580992
4.645852,139.084346,110.595744
4.645883,139.084346,110.595840
4.645899,139.084346,110.613094
4.645939,139.084346,110.630259
4.645974,139.084346,110.636416
4.645994,139.084346,110.641222
4.646007,139.084346,110.641478
4.646043,139.084346,110.642544
4.646054,139.084346,110.646374
4.646083,139.084346,110.659763
4.646199,139.084346,110.687232
4.646260,139.084346,110.698374
4.646297,139.084346,110.699424
4.646324,139.084346,110.700704
4.646343,139.084346,110.713216
4.646378,139.084346,110.716736
4.646397,139.084346,110.737702
4.646442,139.084346,110.745120
4.646463,139.084346,110.759776
4.646491,139.084346,110.774784
4.646536,139.084346,110.790653
4.646567,139.084346,110.794512
4.646599,139.084346,110.799456
4.646621,139.084346,110.800733
4.646638,139.084346,110.832518
4.646675,139.084346,110.876038
4.646737,139.084346,110.884608
4.646764,139.084346,110.899328
4.646790,139.084346,110.925344
4.646875,139.084346,110.933888
4.646895,139.084346,110.948829
4.646923,139.084346,110.961139
4.646956,139.084346,111.008064
4.647053,139.084346,111.040189
4.647090,139.084346,111.068416
4.647127,139.084346,111.075872
4.647145,139.084346,111.088224
4.647170,139.084346,111.088352
4.647196,139.084346,111.135174
4.647238,139.084346,111.135264
4.647253,139.084346,111.162291
4.647294,139.084346,111.178397
4.647328,139.084346,111.195840
4.647367,139.084346,111.198141
4.647402,139.084346,111.217888
4.647428,139.084346,111.254976
4.647466,139.084346,111.266246
4.647493,139.084346,111.303133
4.647542,139.084346,111.315424
4.647563,139.084346,111.327872
4.647580,139.084346,111.377056
4.647620,139.084346,111.378432
4.647642,139.084346,111.390912
4.647671,139.084346,111.413126
4.647744,139.084346,111.414208
4.647761,139.084346,111.431712
4.647835,139.084346,111.435360
4.647867,139.084346,111.437696
4.647914,139.084346,111.438950
4.647937,139.084346,111.438976
4.647950,139.084346,111.439046
4.647966,139.084346,111.442752
4.647993,139.084346,111.463568
4.648021,139.084346,111.495856
4.648086,139.084346,111.500512
4.648098,139.084346,111.502080
4.648116,139.084346,111.516608
4.648147,139.084346,111.520576
4.648172,139.084346,111.521664
4.648183,139.084346,111.525504
4.648208,139.084346,111.530336
4.648241,139.084346,111.547744
4.648267,139.084346,111.550054
4.648300,139.084346,111.561024
4.648331,139.084346,111.588352
4.648376,139.084346,111.590672
4.648389,139.084346,111.614237
4.648490,139.084346,111.647584
4.648528,139.084346,111.656115
4.648559,139.084346,111.667366
4.648597,139.084346,111.685952
4.648624,139.084346,111.727712
4.648671,139.084346,111.743936
4.648694,139.084346,111.745120
4.648723,139.084346,111.772128
4.648758,139.084346,111.779571
4.648784,139.084346,111.789536
4.648805,139.084346,111.793318
4.648870,139.084346,111.800576
4.648892,139.084346,111.809312
4.648909,139.084346,111.810528
4.648923,139.084346,111.824192
4.648947,139.084346,111.837670
4.648978,139.084346,111.841299
4.648995,139.084346,111.921523
4.649064,139.084346,111.938877
4.649092,139.084346,111.939101
4.649119,139.084346,111.951264
4.649151,139.084346,111.955104
4.649166,139.084346,111.982160
4.649206,139.084346,111.996998
4.649245,139.084346,112.000605
4.649267,139.084346,112.001792
4.649293,139.084346,112.053894
4.649358,139.084346,112.073504
4.649390,139.084346,112.098374
4.649422,139.084346,112.113126
4.649456,139.084346,112.113216
4.649473,139.084346,112.122784
4.649494,139.084346,112.126624
4.649523,139.084346,112.136352
4.649542,139.084346,112.152656
4.649576,139.084346,112.161152
4.649601,139.084346,112.172192
4.649624,139.084346,112.180896
4.649644,139.084346,112.211773
4.649679,139.084346,112.214336
4.649693,139.084346,112.248736
4.649731,139.084346,112.308006
4.649798,139.084346,112.316832
4.649825,139.084346,112.320416
4.649839,139.084346,112.342726
4.649872,139.084346,112.345158
4.649887,139.084346,112.368672
4.649923,139.084346,112.369856
4.649944,139.084346,112.384512
4.649966,139.084346,112.384608
4.649976,139.084346,112.389638
4.650008,139.084346,112.404358
4.650042,139.084346,112.433981
4.650104,139.084346,112.447472
4.650134,139.084346,112.458579
4.650165,139.084346,112.477216
4.650189,139.084346,112.490611
4.650210,139.084346,112.506720
4.650232,139.084346,112.511709
4.650251,139.084346,112.547776
4.650313,139.084346,112.557446
4.650351,139.084346,112.567126
4.650381,139.084346,112.578406
4.650403,139.084346,112.593248
4.650421,139.084346,112.614144
4.650453,139.084346,112.615648
4.650469,139.084346,112.619104
4.650484,139.084346,112.631424
4.650505,139.084346,112.635264
4.650522,139.084346,112.674592
4.650707,139.084346,112.694589
4.650747,139.084346,112.705491
4.650770,139.084346,112.716704
4.650800,139.084346,112.724160
4.650822,139.084346,112.730240
4.650842,139.084346,112.740166
4.650867,139.084346,112.751232
4.650895,139.084346,112.759936
4.650931,139.084346,112.787232
4.650987,139.084346,112.801958
4.651042,139.084346,112.804256
4.651062,139.084346,112.839005
4.651122,139.084346,112.840256
4.651142,139.084346,112.841533
4.651187,139.084346,112.863648
4.651220,139.084346,112.920454
4.651276,139.084346,112.922707
4.651293,139.084346,112.929088
4.651327,139.084346,112.937760
4.651345,139.084346,112.948774
4.651373,139.084346,112.951296
4.651386,139.084346,112.952509
4.651408,139.084346,112.969696
4.651434,139.084346,112.970944
4.651450,139.084346,112.980934
4.651475,139.084346,113.004349
4.651506,139.084346,113.022848
4.651533,139.084346,113.029021
4.651554,139.084346,113.036518
4.651576,139.084346,113.057440
4.651608,139.084346,113.067168
4.651624,139.084346,113.068544
4.651697,139.084346,113.069715
4.651720,139.084346,113.104288
4.651768,139.084346,113.108064
4.651785,139.084346,113.129024
4.651824,139.084346,113.141472
4.651847,139.084346,113.146304
4.651864,139.084346,113.147686
4.651894,139.084346,113.152477
4.651909,139.084346,113.163776
4.651941,139.084346,113.167334
4.651960,139.084346,113.175805
4.651980,139.084346,113.199584
4.652028,139.084346,113.213024
4.652049,139.084346,113.222816
4.652075,139.084346,113.229216
4.652104,139.084346,113.234035
4.652146,139.084346,113.238976
4.652168,139.084346,113.257158
4.652192,139.084346,113.259936
4.652216,139.084346,113.261312
4.652248,139.084346,113.263648
4.652282,139.084346,113.326547
4.652360,139.084346,113.331488
4.652377,139.084346,113.335398
4.652402,139.084346,113.341312
4.652422,139.084346,113.349920
4.652448,139.084346,113.356352
4.652479,139.084346,113.378368
4.652508,139.084346,113.379744
4.652534,139.084346,113.380928
4.652549,139.084346,113.384499
4.652565,139.084346,113.417926
4.652606,139.084346,113.438771
4.652635,139.084346,113.455072
4.652667,139.084346,113.461126
4.652683,139.084346,113.463680
4.652703,139.084346,113.483456
4.652737,139.084346,113.488352
4.652751,139.084346,113.500499
4.652768,139.084346,113.513184
4.652807,139.084346,113.516797
4.652838,139.084346,113.531456
4.652867,139.084346,113.537702
4.652892,139.084346,113.552541
4.652933,139.084346,113.562227
4.652951,139.084346,113.563744
4.652985,139.084346,113.566042
4.653000,139.084346,113.569952
4.653045,139.084346,113.584413
4.653065,139.084346,113.585728
4.653086,139.084346,113.587069
4.653100,139.084346,113.594438
4.653120,139.084346,113.594656
4.653136,139.084346,113.600512
4.653149,139.084346,113.620576
4.653178,139.084346,113.622880
4.653197,139.084346,113.659965
4.653256,139.084346,113.666173
4.653285,139.084346,113.676032
4.653317,139.084346,113.677184
4.653329,139.084346,113.687008
4.653368,139.084346,113.688320
4.653409,139.084346,113.714272
4.653464,139.084346,113.715366
4.653477,139.084346,113.720544
4.653500,139.084346,113.726419
4.653525,139.084346,113.741408
4.653550,139.084346,113.762272
4.653576,139.084346,113.767328
4.653591,139.084346,113.772384
4.653613,139.084346,113.773363
4.653624,139.084346,113.780960
4.653641,139.084346,113.807014
4.653682,139.084346,113.810400
4.653702,139.084346,113.821856
4.653737,139.084346,113.830400
4.653765,139.084346,113.833843
4.653785,139.084346,113.835354
4.653809,139.084346,113.841318
4.653828,139.084346,113.853725
4.653856,139.084346,113.855008
4.653898,139.084346,113.857478
4.653914,139.084346,113.861245
4.653937,139.084346,113.863680
4.653957,139.084346,113.876096
4.653979,139.084346,113.885792
4.654000,139.084346,113.889536
4.654014,139.084346,113.892000
4.654031,139.084346,113.895709
4.654052,139.084346,113.896819
4.654064,139.084346,113.932595
4.654099,139.084346,113.940157
4.654120,139.084346,113.941158
4.654130,139.084346,113.952339
4.654337,139.084346,113.962432
4.654365,139.084346,113.971008
4.654398,139.084346,113.987136
4.654434,139.084346,113.987206
4.654464,139.084346,113.989696
4.654488,139.084346,114.011814
4.654532,139.084346,114.029120
4.654567,139.084346,114.045104
4.654594,139.084346,114.048896
4.654611,139.084346,114.051168
4.654623,139.084346,114.081024
4.654677,139.084346,114.087264
4.654702,139.084346,114.094336
4.654724,139.084346,114.108019
4.654748,139.084346,114.125341
4.654788,139.084346,114.126576
4.654802,139.084346,114.130336
4.654878,139.084346,114.187069
4.654947,139.084346,114.206726
4.654977,139.084346,114.219238
4.655007,139.084346,114.246400
4.655054,139.084346,114.246464
4.655089,139.084346,114.264992
4.655127,139.084346,114.279648
4.655158,139.084346,114.279840
4.655172,139.084346,114.289600
4.655207,139.084346,114.325213
4.655258,139.084346,114.341376
4.655282,139.084346,114.352496
4.655302,139.084346,114.356179
4.655322,139.084346,114.356192
4.655334,139.084346,114.357536
4.655355,139.084346,114.359808
4.655370,139.084346,114.359891
4.655388,139.084346,114.363584
4.655404,139.084346,114.369792
4.655427,139.084346,114.401920
4.655460,139.084346,114.408224
4.655483,139.084346,114.424224
4.655508,139.084346,114.433875
4.655533,139.084346,114.438976
4.655591,139.084346,114.441280
4.655659,139.084346,114.471168
4.655705,139.084346,114.478464
4.655740,139.084346,114.484608
4.655760,139.084346,114.485917
4.655783,139.084346,114.487136
4.655798,139.084346,114.489664
4.655830,139.084346,114.490656
4.655848,139.084346,114.493213
4.655871,139.084346,114.503136
4.655913,139.084346,114.504413
4.655936,139.084346,114.508064
4.655959,139.084346,114.517782
4.655979,139.084346,114.526432
4.656003,139.084346,114.540272
4.656043,139.084346,114.554941
4.656078,139.084346,114.563526
4.656102,139.084346,114.584550
4.656145,139.084346,114.588253
4.656162,139.084346,114.601958
4.656200,139.084346,114.637616
4.656247,139.084346,114.639088
4.656263,139.084346,114.640192
4.656283,139.084346,114.677072
4.656319,139.084346,114.695654
4.656348,139.084346,114.701926
4.656371,139.084346,114.704288
4.656395,139.084346,114.711814
4.656416,139.084346,114.731392
4.656455,139.084346,114.738886
4.656473,139.084346,114.745152
4.656492,139.084346,114.756320
4.656570,139.084346,114.771104
4.656643,139.084346,114.806960
4.656700,139.084346,114.821824
4.656727,139.084346,114.834144
4.656770,139.084346,114.836416
4.656788,139.084346,114.841405
4.656817,139.084346,114.851264
4.656834,139.084346,114.861216
4.656908,139.084346,114.873504
4.656937,139.084346,114.901715
4.656980,139.084346,114.907894
4.656999,139.084346,114.913056
4.657018,139.084346,114.921568
4.657043,139.084346,114.921760
4.657067,139.084346,114.925472
4.657084,139.084346,114.943869
4.657133,139.084346,114.945050
4.657152,139.084346,114.970950
4.657186,139.084346,114.995808
4.657239,139.084346,114.995856
4.657281,139.084346,115.027709
4.657332,139.084346,115.030336
4.657363,139.084346,115.047450
4.657396,139.084346,115.051261
4.657423,139.084346,115.084704
4.657498,139.084346,115.087078
4.657512,139.084346,115.093139
4.657535,139.084346,115.100736
4.657577,139.084346,115.106944
4.657621,139.084346,115.112989
4.657646,139.084346,115.114237
4.657687,139.084346,115.117888
4.657700,139.084346,115.122816
4.657716,139.084346,115.126419
4.657735,139.084346,115.131424
4.657756,139.084346,115.142630
4.657782,139.084346,115.154867
4.657815,139.084346,115.162534
4.657838,139.084346,115.166099
4.657858,139.084346,115.168403
4.657881,139.084346,115.169856
4.657907,139.084346,115.204413
4.657951,139.084346,115.209344
4.657968,139.084346,115.219232
4.657995,139.084346,115.220288
4.658007,139.084346,115.225344
4.658026,139.084346,115.230208
4.658054,139.084346,115.267379
4.658103,139.084346,115.278323
4.658153,139.084346,115.283456
4.658174,139.084346,115.289363
4.658195,139.084346,115.290611
4.658207,139.084346,115.296694
4.658225,139.084346,115.322944
4.658261,139.084346,115.327814
4.658283,139.084346,115.329024
4.658306,139.084346,115.330304
4.658320,139.084346,115.367424
4.658383,139.084346,115.371008
4.658409,139.084346,115.371046
4.658435,139.084346,115.395600
4.658467,139.084346,115.407840
4.658494,139.084346,115.409184
4.658505,139.084346,115.409376
4.658530,139.084346,115.411571
4.658545,139.084346,115.417882
4.658564,139.084346,115.419133
4.658627,139.084346,115.422877
4.658641,139.084346,115.424112
4.658656,139.084346,115.430240
4.658677,139.084346,115.432864
4.658691,139.084346,115.451104
4.658719,139.084346,115.453696
4.658736,139.084346,115.468678
4.658801,139.084346,115.474739
4.658823,139.084346,115.482106
4.658850,139.084346,115.487264
4.658882,139.084346,115.495712
4.658903,139.084346,115.496998
4.658936,139.084346,115.503040
4.658962,139.084346,115.506880
4.658978,139.084346,115.517862
4.659000,139.084346,115.535325
4.659038,139.084346,115.553894
4.659084,139.084346,115.563590
4.659103,139.084346,115.634086
4.659194,139.084346,115.637664
4.659256,139.084346,115.644989
4.659274,139.084346,115.647584
4.659302,139.084346,115.654944
4.659325,139.084346,115.669789
4.659349,139.084346,115.700678
4.659401,139.084346,115.705472
4.659416,139.084346,115.717824
4.659438,139.084346,115.717952
4.659451,139.084346,115.722707
4.659467,139.084346,115.727773
4.659489,139.084346,115.728925
4.659502,139.084346,115.736320
4.659526,139.084346,115.740147
4.659548,139.084346,115.752419
4.659581,139.084346,115.764864
4.659606,139.084346,115.768432
4.659620,139.084346,115.779744
4.659665,139.084346,115.784768
4.659694,139.084346,115.791891
4.659713,139.084346,115.798176
4.659734,139.084346,115.804179
4.659763,139.084346,115.807997
4.659780,139.084346,115.817952
4.659815,139.084346,115.821568
4.659828,139.084346,115.822848
4.659857,139.084346,115.826464
4.659871,139.084346,115.846176
4.659897,139.084346,115.867366
4.659957,139.084346,115.877280
4.659985,139.084346,115.882048
4.659999,139.084346,115.884576
4.660013,139.084346,115.893280
4.660036,139.084346,115.895846
4.660055,139.084346,115.915347
4.660085,139.084346,115.915488
4.660110,139.084346,115.918016
4.660132,139.084346,115.929024
4.660163,139.084346,115.942816
4.660197,139.084346,115.946304
4.660219,139.084346,115.950173
4.660238,139.084346,115.952416
4.660249,139.084346,115.957472
4.660273,139.084346,115.959859
4.660291,139.084346,115.962355
4.660312,139.084346,115.998160
4.660356,139.084346,116.008032
4.660389,139.084346,116.009478
4.660414,139.084346,116.013149
4.660437,139.084346,116.015357
4.660454,139.084346,116.046496
4.660509,139.084346,116.048736
4.660524,139.084346,116.062432
4.660566,139.084346,116.072352
4.660589,139.084346,116.075840
4.660617,139.084346,116.095718
4.660652,139.084346,116.098141
4.660672,139.084346,116.100672
4.660701,139.084346,116.125456
4.660754,139.084346,116.130208
4.660783,139.084346,116.136381
4.660837,139.084346,116.136512
4.660881,139.084346,116.145120
4.660903,139.084346,116.150176
4.660933,139.084346,116.162259
4.660963,139.084346,116.171104
4.660998,139.084346,116.185760
4.661022,139.084346,116.188448
4.661054,139.084346,116.191936
4.661075,139.084346,116.196998
4.661113,139.084346,116.201894
4.661153,139.084346,116.210173
4.661178,139.084346,116.215283
4.661193,139.084346,116.216704
4.661220,139.084346,116.250176
4.661302,139.084346,116.251264
4.661326,139.084346,116.253894
4.661353,139.084346,116.254944
4.661370,139.084346,116.277184
4.661405,139.084346,116.293222
4.661434,139.084346,116.307965
4.661456,139.084346,116.315296
4.661474,139.084346,116.322784
4.661498,139.084346,116.356352
4.661564,139.084346,116.372198
4.661594,139.084346,116.378272
4.661612,139.084346,116.386973
4.661641,139.084346,116.425277
4.661690,139.084346,116.431558
4.661721,139.084346,116.440128
4.661738,139.084346,116.443846
4.661755,139.084346,116.445021
4.661768,139.084346,116.470899
4.661805,139.084346,116.483360
4.661829,139.084346,116.484704
4.661845,139.084346,116.505638
4.661971,139.084346,116.516659
4.662057,139.084346,116.535216
4.662097,139.084346,116.559670
4.662131,139.084346,116.560006
4.662162,139.084346,116.563584
4.662181,139.084346,116.563654
4.662200,139.084346,116.567072
4.662220,139.084346,116.570909
4.662235,139.084346,116.578166
4.662269,139.084346,116.608064
4.662313,139.084346,116.608160
4.662332,139.084346,116.626387
4.662361,139.084346,116.631392
4.662382,139.084346,116.645152
4.662417,139.084346,116.652509
4.662445,139.084346,116.667296
4.662470,139.084346,116.672189
4.662488,139.084346,116.673472
4.662507,139.084346,116.674624
4.662521,139.084346,116.678333
4.662559,139.084346,116.680838
4.662582,139.084346,116.684576
4.662609,139.084346,116.688256
4.662624,139.084346,116.689440
4.662637,139.084346,116.724192
4.662690,139.084346,116.729094
4.662710,139.084346,116.740198
4.662742,139.084346,116.748838
4.662770,139.084346,116.767302
4.662817,139.084346,116.772224
4.662851,139.084346,116.782256
4.662879,139.084346,116.795645
4.662923,139.084346,116.801792
4.662942,139.084346,116.806880
4.662964,139.084346,116.807830
4.662983,139.084346,116.810496
4.663001,139.084346,116.815389
4.663020,139.084346,116.816576
4.663032,139.084346,116.816678
4.663043,139.084346,116.835059
4.663088,139.084346,116.841373
4.663106,139.084346,116.843936
4.663120,139.084346,116.849984
4.663141,139.084346,116.856157
4.663164,139.084346,116.873376
4.663198,139.084346,116.875776
4.663213,139.084346,116.880928
4.663232,139.084346,116.894557
4.663266,139.084346,116.911792
4.663305,139.084346,116.913053
4.663340,139.084346,116.919101
4.663363,139.084346,116.932576
4.663387,139.084346,116.933952
4.663402,139.084346,116.936528
4.663424,139.084346,116.941405
4.663446,139.084346,116.955072
4.663482,139.084346,116.963616
4.663510,139.084346,116.968544
4.663532,139.084346,116.978656
4.663561,139.084346,116.986918
4.663579,139.084346,116.987232
4.663628,139.084346,116.990880
4.663656,139.084346,116.993216
4.663673,139.084346,116.994470
4.663705,139.084346,116.997053
4.663736,139.084346,116.999389
4.663754,139.084346,117.014112
4.663781,139.084346,117.026592
4.663808,139.084346,117.032864
4.663834,139.084346,117.044992
4.663879,139.084346,117.048832
4.663900,139.084346,117.062432
4.663951,139.084346,117.063581
4.663973,139.084346,117.071072
4.663993,139.084346,117.077072
4.664012,139.084346,117.097024
4.664061,139.084346,117.120576
4.664122,139.084346,117.123984
4.664141,139.084346,117.130256
4.664168,139.084346,117.135296
4.664188,139.084346,117.137568
4.664199,139.084346,117.140256
4.664219,139.084346,117.148669
4.664245,139.084346,117.154880
4.664264,139.084346,117.164806
4.664290,139.084346,117.197024
4.664363,139.084346,117.202054
4.664389,139.084346,117.204179
4.664406,139.084346,117.204272
4.664421,139.084346,117.211635
4.664462,139.084346,117.211741
4.664488,139.084346,117.215520
4.664512,139.084346,117.216896
4.664532,139.084346,117.243744
4.664581,139.084346,117.243869
4.664598,139.084346,117.252381
4.664630,139.084346,117.267328
4.664663,139.084346,117.272093
4.664676,139.084346,117.273632
4.664698,139.084346,117.290749
4.664737,139.084346,117.295904
4.664778,139.084346,117.300640
4.664806,139.084346,117.304416
4.664826,139.084346,117.307872
4.664845,139.084346,117.310365
4.664861,139.084346,117.335091
4.664904,139.084346,117.356102
4.664951,139.084346,117.359840
4.664965,139.084346,117.363584
4.664994,139.084346,117.366208
4.665012,139.084346,117.376950
4.665037,139.084346,117.390611
4.665071,139.084346,117.393190
4.665087,139.084346,117.416704
4.665125,139.084346,117.419046
4.665139,139.084346,117.436320
4.665170,139.084346,117.446208
4.665194,139.084346,117.448787
4.665212,139.084346,117.451136
4.665225,139.084346,117.471008
4.665267,139.084346,117.492992
4.665307,139.084346,117.493248
4.665320,139.084346,117.500531
4.665344,139.084346,117.504022
4.665365,139.084346,117.505664
4.665385,139.084346,117.512819
4.665409,139.084346,117.527878
4.665452,139.084346,117.544998
4.665486,139.084346,117.545152
4.665503,139.084346,117.556125
4.665545,139.084346,117.557312
4.665565,139.084346,117.559962
4.665586,139.084346,117.567270
4.665608,139.084346,117.573498
4.665634,139.084346,117.575968
4.665652,139.084346,117.579776
4.665671,139.084346,117.582109
4.665685,139.084346,117.593216
4.665717,139.084346,117.599296
4.665735,139.084346,117.605664
4.665762,139.084346,117.616672
4.665794,139.084346,117.621664
4.665815,139.084346,117.626576
4.665832,139.084346,117.627686
4.665848,139.084346,117.636275
4.665881,139.084346,117.642768
4.665979,139.084346,117.643837
4.666018,139.084346,117.646374
4.666039,139.084346,117.652528
4.666063,139.084346,117.653894
4.666082,139.084346,117.673488
4.666133,139.084346,117.674688
4.666150,139.084346,117.677222
4.666173,139.084346,117.682144
4.666206,139.084346,117.689370
4.666225,139.084346,117.690816
4.666239,139.084346,117.693222
4.666252,139.084346,117.705459
4.666305,139.084346,117.706918
4.666322,139.084346,117.716672
4.666348,139.084346,117.717952
4.666366,139.084346,117.722864
4.666388,139.084346,117.730224
4.666407,139.084346,117.732672
4.666423,139.084346,117.732800
4.666436,139.084346,117.735232
4.666454,139.084346,117.738944
4.666479,139.084346,117.742528
4.666497,139.084346,117.752454
4.666525,139.084346,117.752576
4.666568,139.084346,117.759731
4.666588,139.084346,117.762429
4.666626,139.084346,117.767293
4.666648,139.084346,117.775904
4.666680,139.084346,117.782035
4.666703,139.084346,117.782077
4.666720,139.084346,117.792096
4.666752,139.084346,117.804288
4.666783,139.084346,117.821693
4.666827,139.084346,117.834016
4.666883,139.084346,117.851030
4.666918,139.084346,117.858496
4.666968,139.084346,117.858816
4.666985,139.084346,117.862400
4.667011,139.084346,117.864838
4.667025,139.084346,117.870816
4.667042,139.084346,117.884704
4.667089,139.084346,117.885696
4.667101,139.084346,117.889536
4.667120,139.084346,117.893248
4.667150,139.084346,117.899126
4.667170,139.084346,117.911648
4.667201,139.084346,117.917952
4.667478,139.084346,117.943869
4.667528,139.084346,117.945008
4.667548,139.084346,117.945158
4.667574,139.084346,117.950080
4.667609,139.084346,117.950144
4.667627,139.084346,117.959878
4.667654,139.084346,117.968672
4.667696,139.084346,117.979520
4.667728,139.084346,117.981952
4.667739,139.084346,117.983328
4.667755,139.084346,117.983520
4.667773,139.084346,117.985952
4.667788,139.084346,117.989501
4.667805,139.084346,117.989856
4.667849,139.084346,118.003104
4.667879,139.084346,118.005568
4.667897,139.084346,118.007968
4.667923,139.084346,118.014099
4.667942,139.084346,118.020480
4.667977,139.084346,118.036432
4.668020,139.084346,118.045056
4.668049,139.084346,118.067229
4.668084,139.084346,118.067296
4.668097,139.084346,118.103078
4.668156,139.084346,118.103296
4.668174,139.084346,118.105408
4.668187,139.084346,118.112896
4.668208,139.084346,118.122646
4.668240,139.084346,118.124096
4.668254,139.084346,118.133926
4.668279,139.084346,118.137555
4.668296,139.084346,118.145152
4.668336,139.084346,118.153597
4.668355,139.084346,118.158688
4.668381,139.084346,118.161056
4.668394,139.084346,118.191827
4.668449,139.084346,118.192032
4.668464,139.084346,118.194336
4.668480,139.084346,118.204384
4.668557,139.084346,118.206816
4.668590,139.084346,118.214336
4.668612,139.084346,118.226592
4.668649,139.084346,118.233894
4.668675,139.084346,118.235136
4.668687,139.084346,118.243952
4.668719,139.084346,118.250176
4.668737,139.084346,118.256064
4.668761,139.084346,118.261011
4.668779,139.084346,118.261158
4.668813,139.084346,118.267206
4.668831,139.084346,118.279680
4.668856,139.084346,118.292822
4.668884,139.084346,118.305600
4.668924,139.084346,118.311837
4.668954,139.084346,118.317920
4.668988,139.084346,118.319110
4.669004,139.084346,118.320512
4.669020,139.084346,118.323635
4.669038,139.084346,118.341296
4.669078,139.084346,118.343872
4.669100,139.084346,118.343904
4.669116,139.084346,118.353696
4.669150,139.084346,118.356019
4.669173,139.084346,118.359776
4.669188,139.084346,118.368499
4.669222,139.084346,118.371008
4.669236,139.084346,118.391872
4.669274,139.084346,118.394525
4.669306,139.084346,118.397053
4.669336,139.084346,118.404352
4.669364,139.084346,118.407968
4.669390,139.084346,118.415520
4.669420,139.084346,118.420541
4.669471,139.084346,118.422877
4.669501,139.084346,118.435216
4.669532,139.084346,118.437734
4.669554,139.084346,118.438944
4.669569,139.084346,118.442566
4.669594,139.084346,118.446464
4.669639,139.084346,118.448832
4.669668,139.084346,118.454950
4.669701,139.084346,118.460000
4.669725,139.084346,118.484608
4.669775,139.084346,118.489520
4.669796,139.084346,118.490944
4.669825,139.084346,118.495584
4.669840,139.084346,118.500406
4.669868,139.084346,118.500467
4.669891,139.084346,118.504294
4.669918,139.084346,118.505696
4.669955,139.084346,118.508029
4.669977,139.084346,118.513094
4.670001,139.084346,118.516678
4.670026,139.084346,118.526419
4.670049,139.084346,118.537504
4.670074,139.084346,118.542534
4.670090,139.084346,118.563443
4.670132,139.084346,118.563526
4.670148,139.084346,118.564704
4.670166,139.084346,118.564896
4.670192,139.084346,118.569757
4.670214,139.084346,118.577184
4.670257,139.084346,118.584541
4.670274,139.084346,118.600608
4.670314,139.084346,118.608064
4.670368,139.084346,118.609046
4.670386,139.084346,118.624064
4.670421,139.084346,118.625440
4.670448,139.084346,118.629152
4.670469,139.084346,118.640176
4.670493,139.084346,118.645043
4.670519,139.084346,118.648730
4.670534,139.084346,118.648800
4.670549,139.084346,118.658720
4.670574,139.084346,118.659952
4.670599,139.084346,118.673606
4.670630,139.084346,118.674630
4.670658,139.084346,118.709149
4.670723,139.084346,118.720150
4.670747,139.084346,118.722854
4.670763,139.084346,118.738646
4.670801,139.084346,118.747613
4.670831,139.084346,118.748640
4.670844,139.084346,118.751130
4.670859,139.084346,118.751194
4.670877,139.084346,118.755104
4.670898,139.084346,118.755994
4.670910,139.084346,118.757472
4.670939,139.084346,118.763677
4.670999,139.084346,118.764992
4.671026,139.084346,118.769757
4.671055,139.084346,118.771088
4.671075,139.084346,118.778336
4.671097,139.084346,118.784416
4.671117,139.084346,118.804224
4.671157,139.084346,118.806752
4.671176,139.084346,118.811686
4.671200,139.084346,118.819168
4.671220,139.084346,118.835104
4.671253,139.084346,118.846310
4.671281,139.084346,118.854832
4.671299,139.084346,118.854976
4.671323,139.084346,118.856192
4.671334,139.084346,118.866214
4.671388,139.084346,118.872096
4.671404,139.084346,118.873536
4.671427,139.084346,118.876000
4.671446,139.084346,118.882067
4.671467,139.084346,118.884640
4.671487,139.084346,118.890918
4.671508,139.084346,118.892032
4.671524,139.084346,118.894592
4.671539,139.084346,118.903216
4.671578,139.084346,118.904480
4.671599,139.084346,118.907872
4.671615,139.084346,118.909440
4.671632,139.084346,118.913024
4.671650,139.084346,118.914112
4.671665,139.084346,118.919200
4.671695,139.084346,118.920416
4.671710,139.084346,118.920518
4.671728,139.084346,118.923766
4.671744,139.084346,118.932864
4.671767,139.084346,118.933888
4.671779,139.084346,118.935264
4.671814,139.084346,118.940019
4.671832,139.084346,118.968310
4.671874,139.084346,118.980848
4.671902,139.084346,118.983270
4.671920,139.084346,118.990909
4.671957,139.084346,118.993149
4.671971,139.084346,118.994291
4.671995,139.084346,119.002032
4.672023,139.084346,119.033882
4.672078,139.084346,119.041440
4.672112,139.084346,119.053779
4.672148,139.084346,119.063581
4.672175,139.084346,119.068704
4.672195,139.084346,119.070880
4.672208,139.084346,119.072317
4.672224,139.084346,119.078397
4.672244,139.084346,119.080710
4.672260,139.084346,119.080723
4.672275,139.084346,119.089600
4.672297,139.084346,119.093056
4.672311,139.084346,119.093222
4.672324,139.084346,119.105606
4.672356,139.084346,119.108061
4.672384,139.084346,119.117747
4.672406,139.084346,119.119232
4.672435,139.084346,119.119264
4.672454,139.084346,119.125472
4.672488,139.084346,119.126592
4.672511,139.084346,119.131376
4.672526,139.084346,119.132736
4.672546,139.084346,119.133920
4.672558,139.084346,119.142589
4.672583,139.084346,119.157376
4.672612,139.084346,119.162272
4.672644,139.084346,119.169872
4.672666,139.084346,119.172358
4.672697,139.084346,119.174784
4.672743,139.084346,119.179776
4.672765,139.084346,119.200800
4.672817,139.084346,119.204166
4.672830,139.084346,119.215485
4.672859,139.084346,119.217888
4.672877,139.084346,119.231552
4.672917,139.084346,119.242528
4.672975,139.084346,119.246336
4.673003,139.084346,119.267216
4.673038,139.084346,119.267270
4.673055,139.084346,119.268688
4.673069,139.084346,119.269792
4.673092,139.084346,119.281939
4.673118,139.084346,119.284480
4.673140,139.084346,119.293376
4.673173,139.084346,119.302931
4.673201,139.084346,119.304352
4.673224,139.084346,119.315610
4.673260,139.084346,119.321725
4.673290,139.084346,119.333888
4.673317,139.084346,119.343869
4.673353,139.084346,119.351123
4.673382,139.084346,119.352304
4.673394,139.084346,119.360992
4.673420,139.084346,119.362534
4.673438,139.084346,119.366048
4.673455,139.084346,119.369728
4.673484,139.084346,119.400736
4.673533,139.084346,119.409245
4.673552,139.084346,119.410432
4.673565,139.084346,119.410528
4.673601,139.084346,119.419110
4.673629,139.084346,119.422941
4.673654,139.084346,119.426387
4.673683,139.084346,119.426598
4.673728,139.084346,119.440224
4.673761,139.084346,119.441312
4.673773,139.084346,119.442685
4.673804,139.084346,119.451078
4.673825,139.084346,119.451229
4.673839,139.084346,119.464566
4.673871,139.084346,119.471046
4.673905,139.084346,119.478278
4.673928,139.084346,119.488448
4.673958,139.084346,119.489696
4.673975,139.084346,119.495517
4.673994,139.084346,119.495677
4.674009,139.084346,119.529120
4.674073,139.084346,119.534966
4.674092,139.084346,119.537494
4.674106,139.084346,119.551168
4.674152,139.084346,119.551360
4.674167,139.084346,119.571046
4.674254,139.084346,119.575910
4.674276,139.084346,119.588256
4.674325,139.084346,119.589696
4.674359,139.084346,119.593344
4.674390,139.084346,119.599283
4.674430,139.084346,119.610464
4.674456,139.084346,119.625456
4.674507,139.084346,119.626464
4.674524,139.084346,119.632765
4.674560,139.084346,119.637523
4.674658,139.084346,119.645216
4.674695,139.084346,119.648608
4.674712,139.084346,119.657245
4.674742,139.084346,119.661158
4.674761,139.084346,119.679504
4.674798,139.084346,119.685856
4.674865,139.084346,119.699251
4.674898,139.084346,119.711712
4.674931,139.084346,119.719037
4.674952,139.084346,119.731581
4.674983,139.084346,119.743837
4.675011,139.084346,119.750176
4.675033,139.084346,119.756019
4.675057,139.084346,119.758528
4.675076,139.084346,119.759718
4.675092,139.084346,119.759731
4.675111,139.084346,119.769821
4.675135,139.084346,119.772064
4.675148,139.084346,119.774726
4.675188,139.084346,119.786918
4.675215,139.084346,119.798003
4.675246,139.084346,119.799334
4.675260,139.084346,119.799398
4.675338,139.084346,119.804256
4.675372,139.084346,119.811718
4.675399,139.084346,119.835168
4.675443,139.084346,119.837792
4.675463,139.084346,119.840288
4.675482,139.084346,119.845120
4.675503,139.084346,119.880915
4.675584,139.084346,119.883325
4.675610,139.084346,119.890944
4.675633,139.084346,119.893344
4.675652,139.084346,119.900678
4.675719,139.084346,119.902016
4.675738,139.084346,119.907923
4.675767,139.084346,119.911699
4.675824,139.084346,119.916829
4.675847,139.084346,119.919155
4.675869,139.084346,119.920416
4.675884,139.084346,119.927773
4.675907,139.084346,119.937824
4.675935,139.084346,119.948659
4.675965,139.084346,119.958624
4.676013,139.084346,119.959965
4.676056,139.084346,119.983200
4.676095,139.084346,119.989395
4.676110,139.084346,119.994496
4.676225,139.084346,119.995456
4.676265,139.084346,120.008154
4.676334,139.084346,120.018976
4.676360,139.084346,120.026464
4.676389,139.084346,120.033981
4.676443,139.084346,120.033984
4.676469,139.084346,120.038784
4.676487,139.084346,120.041437
4.676502,139.084346,120.045152
4.676522,139.084346,120.045184
4.676549,139.084346,120.046176
4.676562,139.084346,120.048733
4.676579,139.084346,120.058656
4.676607,139.084346,120.059933
4.676624,139.084346,120.067366
4.676654,139.084346,120.073664
4.676693,139.084346,120.075878
4.676714,139.084346,120.081952
4.676740,139.084346,120.083398
4.676756,139.084346,120.084646
4.676776,139.084346,120.100512
4.676810,139.084346,120.103142
4.676831,139.084346,120.114205
4.676913,139.084346,120.130406
4.676962,139.084346,120.131376
4.676976,139.084346,120.135238
4.677001,139.084346,120.140070
4.677028,139.084346,120.141504
4.677049,139.084346,120.145139
4.677066,139.084346,120.147526
4.677083,139.084346,120.147613
4.677101,139.084346,120.157478
4.677146,139.084346,120.159936
4.677163,139.084346,120.172189
4.677194,139.084346,120.209318
4.677269,139.084346,120.217830
4.677294,139.084346,120.220339
4.677317,139.084346,120.221734
4.677345,139.084346,120.223968
4.677357,139.084346,120.230099
4.677388,139.084346,120.236307
4.677417,139.084346,120.254803
4.677461,139.084346,120.262432
4.677498,139.084346,120.265984
4.677532,139.084346,120.267264
4.677596,139.084346,120.271133
4.677619,139.084346,120.289597
4.677658,139.084346,120.290518
4.677670,139.084346,120.291840
4.677687,139.084346,120.298013
4.677700,139.084346,120.311814
4.677728,139.084346,120.311840
4.677742,139.084346,120.325312
4.677790,139.084346,120.327616
4.677801,139.084346,120.327814
4.677814,139.084346,120.337722
4.677838,139.084346,120.351258
4.677869,139.084346,120.354816
4.677884,139.084346,120.365920
4.677909,139.084346,120.370976
4.677937,139.084346,120.380966
4.677970,139.084346,120.380992
4.677999,139.084346,120.382019
4.678013,139.084346,120.382304
4.678051,139.084346,120.391936
4.678076,139.084346,120.396925
4.678103,139.084346,120.396998
4.678120,139.084346,120.398032
4.678128,139.084346,120.412742
4.678155,139.084346,120.413085
4.678169,139.084346,120.419101
4.678195,139.084346,120.422598
4.678215,139.084346,120.427776
4.678230,139.084346,120.448774
4.678268,139.084346,120.452448
4.678291,139.084346,120.467130
4.678319,139.084346,120.468608
4.678344,139.084346,120.475936
4.678373,139.084346,120.477088
4.678382,139.084346,120.490816
4.678409,139.084346,120.491984
4.678425,139.084346,120.506694
4.678461,139.084346,120.506880
4.678473,139.084346,120.510560
4.678485,139.084346,120.514176
4.678500,139.084346,120.520358
4.678518,139.084346,120.527936
4.678545,139.084346,120.544947
4.678572,139.084346,120.547616
4.678590,139.084346,120.575904
4.678676,139.084346,120.579686
4.678724,139.084346,120.583165
4.678741,139.084346,120.583229
4.678751,139.084346,120.589459
4.678776,139.084346,120.592064
4.678794,139.084346,120.606781
4.678833,139.084346,120.628925
4.678870,139.084346,120.630256
4.678894,139.084346,120.637632
4.678937,139.084346,120.638822
4.678951,139.084346,120.646496
4.678979,139.084346,120.662400
4.679070,139.084346,120.663728
4.679097,139.084346,120.668509
4.679126,139.084346,120.681939
4.679154,139.084346,120.710496
4.679207,139.084346,120.715552
4.679226,139.084346,120.717952
4.679247,139.084346,120.723923
4.679268,139.084346,120.730240
4.679303,139.084346,120.730272
4.679317,139.084346,120.733907
4.679338,139.084346,120.743805
4.679376,139.084346,120.746432
4.679399,139.084346,120.748672
4.679418,139.084346,120.752381
4.679436,139.084346,120.759933
4.679458,139.084346,120.765056
4.679493,139.084346,120.785728
4.679543,139.084346,120.798240
4.679578,139.084346,120.800704
4.679595,139.084346,120.806912
4.679639,139.084346,120.810470
4.679659,139.084346,120.814032
4.679675,139.084346,120.824064
4.679706,139.084346,120.824134
4.679746,139.084346,120.826368
4.679761,139.084346,120.838976
4.679803,139.084346,120.844883
4.679819,139.084346,120.846144
4.679834,139.084346,120.847648
4.679874,139.084346,120.848582
4.679886,139.084346,120.852214
4.679902,139.084346,120.869693
4.679937,139.084346,120.873472
4.679960,139.084346,120.879776
4.679990,139.084346,120.883334
4.680010,139.084346,120.883424
4.680033,139.084346,120.884544
4.680082,139.084346,120.887958
4.680105,139.084346,120.889437
4.680120,139.084346,120.890624
4.680132,139.084346,120.895712
4.680155,139.084346,120.902016
4.680187,139.084346,120.908096
4.680231,139.084346,120.915315
4.680258,139.084346,120.921376
4.680283,139.084346,120.922944
4.680300,139.084346,120.926566
4.680333,139.084346,120.933926
4.680358,139.084346,120.942704
4.680387,139.084346,120.945062
4.680411,139.084346,120.953523
4.680462,139.084346,120.964896
4.680509,139.084346,120.967357
4.680526,139.084346,120.974653
4.680590,139.084346,120.999222
4.680650,139.084346,120.999293
4.680669,139.084346,121.004320
4.680712,139.084346,121.015283
4.680748,139.084346,121.018944
4.680761,139.084346,121.019027
4.680780,139.084346,121.020576
4.680834,139.084346,121.021712
4.680851,139.084346,121.026493
4.680872,139.084346,121.027936
4.680886,139.084346,121.036381
4.680908,139.084346,121.052518
4.680968,139.084346,121.059904
4.681000,139.084346,121.069693
4.681035,139.084346,121.080896
4.681072,139.084346,121.096870
4.681108,139.084346,121.100342
4.681132,139.084346,121.109344
4.681158,139.084346,121.112960
4.681173,139.084346,121.117850
4.681194,139.084346,121.121632
4.681214,139.084346,121.122726
4.681230,139.084346,121.133779
4.681263,139.084346,121.135072
4.681276,139.084346,121.147514
4.681316,139.084346,121.159542
4.681342,139.084346,121.160038
4.681361,139.084346,121.170982
4.681384,139.084346,121.180838
4.681412,139.084346,121.189606
4.681459,139.084346,121.193184
4.681475,139.084346,121.208886
4.681502,139.084346,121.220250
4.681529,139.084346,121.222976
4.681555,139.084346,121.236512
4.681594,139.084346,121.248678
4.681626,139.084346,121.256198
4.681667,139.084346,121.260992
4.681697,139.084346,121.263642
4.681712,139.084346,121.268624
4.681736,139.084346,121.277178
4.681754,139.084346,121.283418
4.681778,139.084346,121.291955
4.681809,139.084346,121.296896
4.681846,139.084346,121.310438
4.681875,139.084346,121.324000
4.681911,139.084346,121.327808
4.681933,139.084346,121.332704
4.681949,139.084346,121.336576
4.681963,139.084346,121.344960
4.682000,139.084346,121.347357
4.682011,139.084346,121.366141
4.682060,139.084346,121.372416
4.682082,139.084346,121.377168
4.682101,139.084346,121.378368
4.682111,139.084346,121.381984
4.682122,139.084346,121.383360
4.682144,139.084346,121.389363
4.682157,139.084346,121.392032
4.682176,139.084346,121.393050
4.682185,139.084346,121.394198
4.682203,139.084346,121.403200
4.682232,139.084346,121.404352
4.682244,139.084346,121.420246
4.682288,139.084346,121.420352
4.682301,139.084346,121.425245
4.682318,139.084346,121.429184
4.682346,139.084346,121.436480
4.682371,139.084346,121.437632
4.682412,139.084346,121.440096
4.682425,139.084346,121.456256
4.682466,139.084346,121.464659
4.682495,139.084346,121.485715
4.682530,139.084346,121.498336
4.682560,139.084346,121.505693
4.682581,139.084346,121.507936
4.682591,139.084346,121.509149
4.682617,139.084346,121.512992
4.682642,139.084346,121.532736
4.682698,139.084346,121.538742
4.682719,139.084346,121.545152
4.682740,139.084346,121.551325
4.682797,139.084346,121.552608
4.682821,139.084346,121.563542
4.682846,139.084346,121.563552
4.682858,139.084346,121.566128
4.682879,139.084346,121.573341
4.682903,139.084346,121.574579
4.682919,139.084346,121.575805
4.682937,139.084346,121.586880
4.682969,139.084346,121.593085
4.682995,139.084346,121.593216
4.683005,139.084346,121.599584
4.683047,139.084346,121.607830
4.683070,139.084346,121.614086
4.683096,139.084346,121.619046
4.683126,139.084346,121.629056
4.683155,139.084346,121.630397
4.683183,139.084346,121.631360
4.683200,139.084346,121.636307
4.683220,139.084346,121.637558
4.683235,139.084346,121.641139
4.683263,139.084346,121.647552
4.683287,139.084346,121.648838
4.683311,139.084346,121.650112
4.683332,139.084346,121.652614
4.683358,139.084346,121.653523
4.683370,139.084346,121.654906
4.683391,139.084346,121.655997
4.683408,139.084346,121.656051
4.683424,139.084346,121.656157
4.683440,139.084346,121.656192
4.683461,139.084346,121.663686
4.683487,139.084346,121.690624
4.683543,139.084346,121.692128
4.683560,139.084346,121.693181
4.683576,139.084346,121.695773
4.683602,139.084346,121.700640
4.683619,139.084346,121.726624
4.683683,139.084346,121.727878
4.683705,139.084346,121.727936
4.683720,139.084346,121.732832
4.683741,139.084346,121.736342
4.683761,139.084346,121.745056
4.683787,139.084346,121.747456
4.683801,139.084346,121.748736
4.683816,139.084346,121.750176
4.683833,139.084346,121.751229
4.683853,139.084346,121.752445
4.683867,139.084346,121.754813
4.684096,139.084346,121.763539
4.684118,139.084346,121.764896
4.684131,139.084346,121.765693
4.684140,139.084346,121.767168
4.684151,139.084346,121.779507
4.684188,139.084346,121.794272
4.684216,139.084346,121.806976
4.684272,139.084346,121.816576
4.684303,139.084346,121.821459
4.684330,139.084346,121.821491
4.684349,139.084346,121.841341
4.684399,139.084346,121.848736
4.684423,139.084346,121.859760
4.684455,139.084346,121.861120
4.684469,139.084346,121.866160
4.684512,139.084346,121.871005
4.684533,139.084346,121.877075
4.684565,139.084346,121.878304
4.684576,139.084346,121.879517
4.684591,139.084346,121.881981
4.684615,139.084346,121.895552
4.684644,139.084346,121.899389
4.684672,139.084346,121.911718
4.684713,139.084346,121.915520
4.684746,139.084346,121.938816
4.684792,139.084346,121.940256
4.684823,139.084346,121.942493
4.684837,139.084346,121.952192
4.684858,139.084346,121.957478
4.684890,139.084346,121.959744
4.684903,139.084346,121.970886
4.684935,139.084346,121.974784
4.684956,139.084346,121.980992
4.684985,139.084346,121.998240
4.685029,139.084346,121.999366
4.685040,139.084346,122.001821
4.685065,139.084346,122.020454
4.685107,139.084346,122.021542
4.685118,139.084346,122.023891
4.685160,139.084346,122.060928
4.685216,139.084346,122.061158
4.685275,139.084346,122.065920
4.685301,139.084346,122.072179
4.685322,139.084346,122.074400
4.685334,139.084346,122.085619
4.685404,139.084346,122.098205
4.685432,139.084346,122.098304
4.685453,139.084346,122.101728
4.685468,139.084346,122.106944
4.685496,139.084346,122.109139
4.685513,139.084346,122.111648
4.685527,139.084346,122.122656
4.685550,139.084346,122.130131
4.685569,139.084346,122.133686
4.685586,139.084346,122.146246
4.685617,139.084346,122.150144
4.685647,139.084346,122.151229
4.685663,139.084346,122.152512
4.685681,139.084346,122.157280
4.685696,139.084346,122.160032
4.685718,139.084346,122.178496
4.685756,139.084346,122.179616
4.685772,139.084346,122.181907
4.685786,139.084346,122.181984
4.685798,139.084346,122.184448
4.685816,139.084346,122.186912
4.685834,139.084346,122.186944
4.685850,139.084346,122.189562
4.685867,139.084346,122.203232
4.685906,139.084346,122.207974
4.685924,139.084346,122.210365
4.685935,139.084346,122.222816
4.685967,139.084346,122.230144
4.685991,139.084346,122.235264
4.686013,139.084346,122.237760
4.686040,139.084346,122.240096
4.686064,139.084346,122.241158
4.686075,139.084346,122.256272
4.686120,139.084346,122.268576
4.686152,139.084346,122.272061
4.686171,139.084346,122.272368
4.686187,139.084346,122.273331
4.686199,139.084346,122.273472
4.686223,139.084346,122.279712
4.686247,139.084346,122.280864
4.686264,139.084346,122.288221
4.686298,139.084346,122.288384
4.686315,139.084346,122.289437
4.686335,139.084346,122.289632
4.686356,139.084346,122.292061
4.686376,139.084346,122.296758
4.686403,139.084346,122.300550
4.686426,139.084346,122.303088
4.686444,139.084346,122.304358
4.686460,139.084346,122.309408
4.686488,139.084346,122.313018
4.686509,139.084346,122.322822
4.686550,139.084346,122.326560
4.686568,139.084346,122.327744
4.686593,139.084346,122.341254
4.686640,139.084346,122.346166
4.686663,139.084346,122.352464
4.686684,139.084346,122.387008
4.686736,139.084346,122.387206
4.686761,139.084346,122.390579
4.686799,139.084346,122.403168
4.686831,139.084346,122.403216
4.686858,139.084346,122.405504
4.686877,139.084346,122.410464
4.686914,139.084346,122.411677
4.686929,139.084346,122.420288
4.686957,139.084346,122.428896
4.686981,139.084346,122.430237
4.687004,139.084346,122.436381
4.687040,139.084346,122.437683
4.687066,139.084346,122.450077
4.687115,139.084346,122.454874
4.687137,139.084346,122.455987
4.687177,139.084346,122.458515
4.687214,139.084346,122.458656
4.687229,139.084346,122.458784
4.687265,139.084346,122.468573
4.687314,139.084346,122.487136
4.687363,139.084346,122.488294
4.687386,139.084346,122.489568
4.687409,139.084346,122.493024
4.687422,139.084346,122.494589
4.687459,139.084346,122.496925
4.687481,139.084346,122.514304
4.687535,139.084346,122.533779
4.687577,139.084346,122.538784
4.687601,139.084346,122.541248
4.687614,139.084346,122.546214
4.687640,139.084346,122.547520
4.687660,139.084346,122.548736
4.687675,139.084346,122.549990
4.687688,139.084346,122.552518
4.687707,139.084346,122.557280
4.687725,139.084346,122.560032
4.687750,139.084346,122.563478
4.687766,139.084346,122.573222
4.687785,139.084346,122.577312
4.687813,139.084346,122.579680
4.687830,139.084346,122.585747
4.687854,139.084346,122.588352
4.687875,139.084346,122.588384
4.687894,139.084346,122.590688
4.687906,139.084346,122.594598
4.687933,139.084346,122.596861
4.687948,139.084346,122.600512
4.687974,139.084346,122.604352
4.687992,139.084346,122.606896
4.688031,139.084346,122.611526
4.688043,139.084346,122.611872
4.688068,139.084346,122.613120
4.688084,139.084346,122.617952
4.688129,139.084346,122.619101
4.688141,139.084346,122.621693
4.688159,139.084346,122.627446
4.688184,139.084346,122.637760
4.688218,139.084346,122.638944
4.688266,139.084346,122.643699
4.688284,139.084346,122.648832
4.688320,139.084346,122.650128
4.688358,139.084346,122.661216
4.688392,139.084346,122.662262
4.688402,139.084346,122.686909
4.688461,139.084346,122.690688
4.688484,139.084346,122.691955
4.688502,139.084346,122.694406
4.688524,139.084346,122.700640
4.688549,139.084346,122.702899
4.688563,139.084346,122.703264
4.688583,139.084346,122.710400
4.688611,139.084346,122.711808
4.688630,139.084346,122.711856
4.688667,139.084346,122.732678
4.688711,139.084346,122.741501
4.688749,139.084346,122.746336
4.688771,139.084346,122.752544
4.688794,139.084346,122.759699
4.688810,139.084346,122.761120
4.688827,139.084346,122.767155
4.688844,139.084346,122.767261
4.688859,139.084346,122.771040
4.688879,139.084346,122.772384
4.688902,139.084346,122.788320
4.688939,139.084346,122.799264
4.688960,139.084346,122.799302
4.688990,139.084346,122.800768
4.689007,139.084346,122.802742
4.689023,139.084346,122.803328
4.689053,139.084346,122.804192
4.689064,139.084346,122.811382
4.689081,139.084346,122.817952
4.689132,139.084346,122.830272
4.689170,139.084346,122.831488
4.689192,139.084346,122.843805
4.689227,139.084346,122.846118
4.689243,139.084346,122.846269
4.689255,139.084346,122.861056
4.689290,139.084346,122.863549
4.689312,139.084346,122.870976
4.689339,139.084346,122.873552
4.689353,139.084346,122.876038
4.689388,139.084346,122.879632
4.689405,139.084346,122.890611
4.689432,139.084346,122.893094
4.689450,139.084346,122.898208
4.689474,139.084346,122.904480
4.689492,139.084346,122.907792
4.689504,139.084346,122.909152
4.689522,139.084346,122.917888
4.689548,139.084346,122.919104
4.689572,139.084346,122.920358
4.689590,139.084346,122.924064
4.689615,139.084346,122.929024
4.689706,139.084346,122.946131
4.689739,139.084346,122.946208
4.689748,139.084346,122.947584
4.689770,139.084346,122.948768
4.689784,139.084346,122.952339
4.689796,139.084346,122.970896
4.689827,139.084346,122.970950
4.689839,139.084346,122.974566
4.689851,139.084346,122.975859
4.689871,139.084346,122.998099
4.689918,139.084346,123.015328
4.689961,139.084346,123.017686
4.689976,139.084346,123.019290
4.689991,139.084346,123.021776
4.690013,139.084346,123.037568
4.690050,139.084346,123.050141
4.690076,139.084346,123.052349
4.690091,139.084346,123.056192
4.690106,139.084346,123.059542
4.690121,139.084346,123.061184
4.690134,139.084346,123.062400
4.690157,139.084346,123.066269
4.690186,139.084346,123.068339
4.690212,139.084346,123.073267
4.690229,139.084346,123.074781
4.690248,139.084346,123.075968
4.690265,139.084346,123.079776
4.690296,139.084346,123.081056
4.690336,139.084346,123.100518
4.690374,139.084346,123.104182
4.690393,139.084346,123.106848
4.690410,139.084346,123.112832
4.690429,139.084346,123.112925
4.690446,139.084346,123.120445
4.690471,139.084346,123.125184
4.690485,139.084346,123.125408
4.690516,139.084346,123.126429
4.690531,139.084346,123.126592
4.690573,139.084346,123.130067
4.690599,139.084346,123.132736
4.690633,139.084346,123.132765
4.690652,139.084346,123.135296
4.690671,139.084346,123.137523
4.690706,139.084346,123.146240
4.690731,139.084346,123.148563
4.690750,139.084346,123.148736
4.690770,139.084346,123.148819
4.690794,139.084346,123.152278
4.690814,139.084346,123.152445
4.690829,139.084346,123.153725
4.690851,139.084346,123.154758
4.690862,139.084346,123.154781
4.690875,139.084346,123.154909
4.690908,139.084346,123.157046
4.690920,139.084346,123.172096
4.690951,139.084346,123.173376
4.690963,139.084346,123.174749
4.690984,139.084346,123.177053
4.690995,139.084346,123.181958
4.691015,139.084346,123.186912
4.691036,139.084346,123.191795
4.691063,139.084346,123.193043
4.691078,139.084346,123.193184
4.691091,139.084346,123.211837
4.691145,139.084346,123.217776
4.691164,139.084346,123.220262
4.691180,139.084346,123.226528
4.691211,139.084346,123.230208
4.691246,139.084346,123.237664
4.691272,139.084346,123.238646
4.691283,139.084346,123.255040
4.691329,139.084346,123.257408
4.691352,139.084346,123.260822
4.691371,139.084346,123.260979
4.691408,139.084346,123.264816
4.691425,139.084346,123.278214
4.691458,139.084346,123.283206
4.691479,139.084346,123.284640
4.691494,139.084346,123.288192
4.691508,139.084346,123.294464
4.691529,139.084346,123.300560
4.691544,139.084346,123.307974
4.691564,139.084346,123.308096
4.691577,139.084346,123.310326
4.691592,139.084346,123.315251
4.691609,139.084346,123.318954
4.691679,139.084346,123.320179
4.691728,139.084346,123.320518
4.691752,139.084346,123.321693
4.691836,139.084346,123.325376
4.691856,139.084346,123.331424
4.691879,139.084346,123.333846
4.691895,139.084346,123.337597
4.691912,139.084346,123.341318
4.691936,139.084346,123.357216
4.691986,139.084346,123.362365
4.692043,139.084346,123.362528
4.692060,139.084346,123.365939
4.692094,139.084346,123.369366
4.692111,139.084346,123.375997
4.692144,139.084346,123.380662
4.692165,139.084346,123.385594
4.692180,139.084346,123.389536
4.692246,139.084346,123.400608
4.692278,139.084346,123.406550
4.692298,139.084346,123.407936
4.692311,139.084346,123.409158
4.692330,139.084346,123.413898
4.692347,139.084346,123.414016
4.692357,139.084346,123.416765
4.692390,139.084346,123.429085
4.692428,139.084346,123.448768
4.692468,139.084346,123.453632
4.692490,139.084346,123.454646
4.692502,139.084346,123.459542
4.692520,139.084346,123.477216
4.692577,139.084346,123.483200
4.692608,139.084346,123.484432
4.692619,139.084346,123.484480
4.692639,139.084346,123.485619
4.692667,139.084346,123.494496
4.692704,139.084346,123.496960
4.692734,139.084346,123.500435
4.692757,139.084346,123.503078
4.692780,139.084346,123.505664
4.692801,139.084346,123.507891
4.692821,139.084346,123.510598
4.692844,139.084346,123.522813
4.692910,139.084346,123.532816
4.692959,139.084346,123.538848
4.692982,139.084346,123.540144
4.693013,139.084346,123.542464
4.693026,139.084346,123.542624
4.693042,139.084346,123.545043
4.693073,139.084346,123.548800
4.693092,139.084346,123.552326
4.693113,139.084346,123.552480
4.693127,139.084346,123.553366
4.693150,139.084346,123.557478
4.693173,139.084346,123.563488
4.693199,139.084346,123.569619
4.693220,139.084346,123.569664
4.693241,139.084346,123.572192
4.693271,139.084346,123.596896
4.693337,139.084346,123.600576
4.693353,139.084346,123.608032
4.693387,139.084346,123.609280
4.693400,139.084346,123.615379
4.693427,139.084346,123.616768
4.693457,139.084346,123.620326
4.693481,139.084346,123.621696
4.693501,139.084346,123.626598
4.693576,139.084346,123.630109
4.693604,139.084346,123.630333
4.693620,139.084346,123.631632
4.693637,139.084346,123.634966
4.693655,139.084346,123.668416
4.693718,139.084346,123.669757
4.693744,139.084346,123.671072
4.693758,139.084346,123.683379
4.693786,139.084346,123.685862
4.693809,139.084346,123.688416
4.693838,139.084346,123.690576
4.693854,139.084346,123.693075
4.693872,139.084346,123.698176
4.693949,139.084346,123.709376
4.693983,139.084346,123.714067
4.694008,139.084346,123.719232
4.694039,139.084346,123.726688
4.694068,139.084346,123.728928
4.694083,139.084346,123.732762
4.694106,139.084346,123.736608
4.694154,139.084346,123.745094
4.694191,139.084346,123.749856
4.694214,139.084346,123.752275
4.694230,139.084346,123.756192
4.694256,139.084346,123.759904
4.694297,139.084346,123.762336
4.694326,139.084346,123.774566
4.694361,139.084346,123.775766
4.694375,139.084346,123.777344
4.694428,139.084346,123.785856
4.694459,139.084346,123.787078
4.694479,139.084346,123.787206
4.694504,139.084346,123.788320
4.694533,139.084346,123.789312
4.694550,139.084346,123.789414
4.694563,139.084346,123.792032
4.694587,139.084346,123.804032
4.694619,139.084346,123.805629
4.694638,139.084346,123.809120
4.694664,139.084346,123.813008
4.694695,139.084346,123.814304
4.694717,139.084346,123.816531
4.694732,139.084346,123.816678
4.694757,139.084346,123.822726
4.694776,139.084346,123.833779
4.694807,139.084346,123.837616
4.694833,139.084346,123.841280
4.694859,139.084346,123.843814
4.694875,139.084346,123.845152
4.694905,139.084346,123.846112
4.694919,139.084346,123.847488
4.694938,139.084346,123.848342
4.694948,139.084346,123.853568
4.694970,139.084346,123.861120
4.694994,139.084346,123.861158
4.695047,139.084346,123.873446
4.695085,139.084346,123.895680
4.695139,139.084346,123.901760
4.695165,139.084346,123.902016
4.695192,139.084346,123.904448
4.695223,139.084346,123.907722
4.695240,139.084346,123.909216
4.695254,139.084346,123.911539
4.695268,139.084346,123.915296
4.695283,139.084346,123.915411
4.695302,139.084346,123.921632
4.695346,139.084346,123.924019
4.695385,139.084346,123.926240
4.695399,139.084346,123.937459
4.695431,139.084346,123.950045
4.695493,139.084346,123.951325
4.695511,139.084346,123.951360
4.695530,139.084346,123.963744
4.695580,139.084346,123.970944
4.695608,139.084346,123.971069
4.695623,139.084346,123.973469
4.695655,139.084346,123.974726
4.695691,139.084346,123.976061
4.695717,139.084346,123.978397
4.695736,139.084346,123.981904
4.695756,139.084346,123.993254
4.695792,139.084346,123.994464
4.695806,139.084346,123.998086
4.695821,139.084346,123.999328
4.695844,139.084346,124.004352
4.695867,139.084346,124.024032
4.695921,139.084346,124.030304
4.695946,139.084346,124.031616
4.695969,139.084346,124.032672
4.696000,139.084346,124.037744
4.696024,139.084346,124.040128
4.696041,139.084346,124.046464
4.696070,139.084346,124.055987
4.696099,139.084346,124.057600
4.696137,139.084346,124.061216
4.696162,139.084346,124.066170
4.696197,139.084346,124.071008
4.696223,139.084346,124.077181
4.696256,139.084346,124.079645
4.696272,139.084346,124.080736
4.696286,139.084346,124.082966
4.696304,139.084346,124.088192
4.696329,139.084346,124.088198
4.696340,139.084346,124.095616
4.696362,139.084346,124.098054
4.696375,139.084346,124.099296
4.696392,139.084346,124.111712
4.696422,139.084346,124.118963
4.696442,139.084346,124.119046
4.696453,139.084346,124.119104
4.696479,139.084346,124.120224
4.696494,139.084346,124.120310
4.696508,139.084346,124.120416
4.696540,139.084346,124.125277
4.696594,139.084346,124.131366
4.696627,139.084346,124.132704
4.696655,139.084346,124.152390
4.696708,139.084346,124.156128
4.696727,139.084346,124.159891
4.696766,139.084346,124.159910
4.696789,139.084346,124.163584
4.696829,139.084346,124.169798
4.696860,139.084346,124.172288
4.696881,139.084346,124.175997
4.696905,139.084346,124.186899
4.696953,139.084346,124.188253
4.697001,139.084346,124.193280
4.697027,139.084346,124.204320
4.697053,139.084346,124.206614
4.697078,139.084346,124.209286
4.697099,139.084346,124.214237
4.697123,139.084346,124.217856
4.697165,139.084346,124.219174
4.697198,139.084346,124.222944
4.697231,139.084346,124.230109
4.697264,139.084346,124.230150
4.697284,139.084346,124.236246
4.697324,139.084346,124.242419
4.697355,139.084346,124.243869
4.697376,139.084346,124.258685
4.697420,139.084346,124.274816
4.697463,139.084346,124.285462
4.697491,139.084346,124.294166
4.697529,139.084346,124.294387
4.697548,139.084346,124.295286
4.697556,139.084346,124.301744
4.697582,139.084346,124.303133
4.697602,139.084346,124.303136
4.697615,139.084346,124.312992
4.697680,139.084346,124.315376
4.697703,139.084346,124.316416
4.697716,139.084346,124.317952
4.697742,139.084346,124.320512
4.697767,139.084346,124.324064
4.697789,139.084346,124.326528
4.697807,139.084346,124.337398
4.697838,139.084346,124.341312
4.697877,139.084346,124.343888
4.697893,139.084346,124.350128
4.697921,139.084346,124.352339
4.697938,139.084346,124.354941
4.698004,139.084346,124.355910
4.698018,139.084346,124.358592
4.698038,139.084346,124.359936
4.698056,139.084346,124.367206
4.698081,139.084346,124.369555
4.698098,139.084346,124.369558
4.698111,139.084346,124.378330
4.698139,139.084346,124.385619
4.698162,139.084346,124.401830
4.698209,139.084346,124.409024
4.698229,139.084346,124.410496
4.698252,139.084346,124.411712
4.698264,139.084346,124.427603
4.698303,139.084346,124.429056
4.698365,139.084346,124.430182
4.698381,139.084346,124.433811
4.698417,139.084346,124.447552
4.698468,139.084346,124.448832
4.698497,139.084346,124.456192
4.698524,139.084346,124.463613
4.698548,139.084346,124.463686
4.698565,139.084346,124.468544
4.698585,139.084346,124.471296
4.698613,139.084346,124.474720
4.698632,139.084346,124.475606
4.698641,139.084346,124.475936
4.698656,139.084346,124.489408
4.698689,139.084346,124.495539
4.698709,139.084346,124.498112
4.698730,139.084346,124.527936
4.698799,139.084346,124.537696
4.698837,139.084346,124.538790
4.698866,139.084346,124.546429
4.698919,139.084346,124.549811
4.698932,139.084346,124.557373
4.698956,139.084346,124.557424
4.698971,139.084346,124.560886
4.698988,139.084346,124.587104
4.699052,139.084346,124.588224
4.699083,139.084346,124.594419
4.699142,139.084346,124.611738
4.699184,139.084346,124.626624
4.699237,139.084346,124.636230
4.699263,139.084346,124.636243
4.699276,139.084346,124.648774
4.699322,139.084346,124.656125
4.699353,139.084346,124.661126
4.699374,139.084346,124.663581
4.699395,139.084346,124.668576
4.699439,139.084346,124.674752
4.699469,139.084346,124.688256
4.699509,139.084346,124.689440
4.699521,139.084346,124.703264
4.699580,139.084346,124.706694
4.699605,139.084346,124.710470
4.699629,139.084346,124.712896
4.699645,139.084346,124.712998
4.699668,139.084346,124.714240
4.699691,139.084346,124.720416
4.699721,139.084346,124.725392
4.699746,139.084346,124.727878
4.699778,139.084346,124.730112
4.699792,139.084346,124.736448
4.699826,139.084346,124.746464
4.699860,139.084346,124.747382
4.699877,139.084346,124.759923
4.699916,139.084346,124.760976
4.699927,139.084346,124.763584
4.699951,139.084346,124.764838
4.699968,139.084346,124.772198
4.699998,139.084346,124.773408
4.700010,139.084346,124.774739
4.700026,139.084346,124.775859
4.700042,139.084346,124.779776
4.700071,139.084346,124.780752
4.700083,139.084346,124.787072
4.700117,139.084346,124.791878
4.700139,139.084346,124.795856
4.700193,139.084346,124.798048
4.700222,139.084346,124.799360
4.700257,139.084346,124.800646
4.700281,139.084346,124.805075
4.700300,139.084346,124.815344
4.700343,139.084346,124.817526
4.700358,139.084346,124.821530
4.700376,139.084346,124.822790
4.700389,139.084346,124.824064
4.700401,139.084346,124.836576
4.700498,139.084346,124.842278
4.700516,139.084346,124.845008
4.700529,139.084346,124.846256
4.700683,139.084346,124.853568
4.700705,139.084346,124.859699
4.700737,139.084346,124.860096
4.700771,139.084346,124.877245
4.700818,139.084346,124.889664
4.700860,139.084346,124.896864
4.700919,139.084346,124.896960
4.700937,139.084346,124.903133
4.700993,139.084346,124.917654
4.701028,139.084346,124.923930
4.701053,139.084346,124.926224
4.701064,139.084346,124.927808
4.701085,139.084346,124.935264
4.701124,139.084346,124.946160
4.701162,139.084346,124.949952
4.701186,139.084346,124.954944
4.701205,139.084346,124.966048
4.701241,139.084346,124.968672
4.701270,139.084346,124.972304
4.701291,139.084346,124.974630
4.701308,139.084346,124.977216
4.701338,139.084346,124.978464
4.701364,139.084346,124.981907
4.701377,139.084346,124.982118
4.701407,139.084346,124.987098
4.701430,139.084346,124.992944
4.701447,139.084346,124.993200
4.701463,139.084346,124.994624
4.701486,139.084346,125.000576
4.701507,139.084346,125.002742
4.701526,139.084346,125.007859
4.701545,139.084346,125.011904
4.701578,139.084346,125.013024
4.701591,139.084346,125.019165
4.701612,139.084346,125.020086
4.701625,139.084346,125.020509
4.701648,139.084346,125.021536
4.701666,139.084346,125.024096
4.701685,139.084346,125.025440
4.701715,139.084346,125.031315
4.701736,139.084346,125.031488
4.701755,139.084346,125.033949
4.701781,139.084346,125.038944
4.701831,139.084346,125.042685
4.701845,139.084346,125.051037
4.701873,139.084346,125.068326
4.701929,139.084346,125.073341
4.701955,139.084346,125.078368
4.701979,139.084346,125.083248
4.702007,139.084346,125.090726
4.702033,139.084346,125.090778
4.702047,139.084346,125.099005
4.702068,139.084346,125.106688
4.702089,139.084346,125.106880
4.702118,139.084346,125.124032
4.702156,139.084346,125.124157
4.702175,139.084346,125.125318
4.702199,139.084346,125.126566
4.702265,139.084346,125.131430
4.702285,139.084346,125.136320
4.702309,139.084346,125.136704
4.702329,139.084346,125.143776
4.702359,139.084346,125.144822
4.702374,139.084346,125.144928
4.702386,139.084346,125.148864
4.702412,139.084346,125.159936
4.702438,139.084346,125.178608
4.702489,139.084346,125.202016
4.702539,139.084346,125.205504
4.702584,139.084346,125.206682
4.702599,139.084346,125.211699
4.702620,139.084346,125.211773
4.702645,139.084346,125.212829
4.702660,139.084346,125.216672
4.702681,139.084346,125.216678
4.702692,139.084346,125.220022
4.702710,139.084346,125.221462
4.702724,139.084346,125.222528
4.702738,139.084346,125.243680
4.702783,139.084346,125.254886
4.702821,139.084346,125.265738
4.702844,139.084346,125.265910
4.702858,139.084346,125.267232
4.702890,139.084346,125.268678
4.702920,139.084346,125.276096
4.702944,139.084346,125.293328
4.702987,139.084346,125.295616
4.703003,139.084346,125.296976
4.703030,139.084346,125.298109
4.703042,139.084346,125.304250
4.703073,139.084346,125.305696
4.703093,139.084346,125.311539
4.703110,139.084346,125.315251
4.703136,139.084346,125.315485
4.703160,139.084346,125.321632
4.703199,139.084346,125.327616
4.703222,139.084346,125.330246
4.703255,139.084346,125.330272
4.703283,139.084346,125.332736
4.703301,139.084346,125.335133
4.703323,139.084346,125.336416
4.703357,139.084346,125.337664
4.703372,139.084346,125.340096
4.703388,139.084346,125.341238
4.703404,139.084346,125.342438
4.703418,139.084346,125.342576
4.703429,139.084346,125.352157
4.703461,139.084346,125.352518
4.703483,139.084346,125.353523
4.703513,139.084346,125.353792
4.703533,139.084346,125.354854
4.703543,139.084346,125.354918
4.703566,139.084346,125.358768
4.703595,139.084346,125.363507
4.703619,139.084346,125.368528
4.703644,139.084346,125.373472
4.703670,139.084346,125.373600
4.703691,139.084346,125.382208
4.703726,139.084346,125.389194
4.703745,139.084346,125.389488
4.703768,139.084346,125.390880
4.703803,139.084346,125.391862
4.703815,139.084346,125.394656
4.703838,139.084346,125.395318
4.703854,139.084346,125.395808
4.703870,139.084346,125.396861
4.703885,139.084346,125.397216
4.703901,139.084346,125.421405
4.703951,139.084346,125.436435
4.703999,139.084346,125.436512
4.704016,139.084346,125.438845
4.704035,139.084346,125.440070
4.704054,139.084346,125.446464
4.704098,139.084346,125.456198
4.704185,139.084346,125.468576
4.704228,139.084346,125.478451
4.704271,139.084346,125.479434
4.704287,139.084346,125.479472
4.704301,139.084346,125.482048
4.704327,139.084346,125.483293
4.704341,139.084346,125.488410
4.704368,139.084346,125.504179
4.704423,139.084346,125.510656
4.704459,139.084346,125.513024
4.704483,139.084346,125.514144
4.704510,139.084346,125.515485
4.704531,139.084346,125.530304
4.704579,139.084346,125.537430
4.704601,139.084346,125.544915
4.704631,139.084346,125.545021
4.704658,139.084346,125.550016
4.704702,139.084346,125.560957
4.704729,139.084346,125.562400
4.704763,139.084346,125.563190
4.704774,139.084346,125.563526
4.704807,139.084346,125.569760
4.704831,139.084346,125.574662
4.704861,139.084346,125.574685
4.704895,139.084346,125.578419
4.704927,139.084346,125.580502
4.704947,139.084346,125.580755
4.704964,139.084346,125.581984
4.704978,139.084346,125.587008
4.705001,139.084346,125.589501
4.705043,139.084346,125.598176
4.705115,139.084346,125.607930
4.705146,139.084346,125.607997
4.705164,139.084346,125.616566
4.705200,139.084346,125.628822
4.705235,139.084346,125.630272
4.705260,139.084346,125.637600
4.705289,139.084346,125.642387
4.705360,139.084346,125.643795
4.705402,139.084346,125.643805
4.705427,139.084346,125.646173
4.705442,139.084346,125.650176
4.705482,139.084346,125.657536
4.705512,139.084346,125.661008
4.705531,139.084346,125.662496
4.705548,139.084346,125.673536
4.705591,139.084346,125.684672
4.705629,139.084346,125.690758
4.705658,139.084346,125.697024
4.705683,139.084346,125.699520
4.705704,139.084346,125.700534
4.705725,139.084346,125.700563
4.705746,139.084346,125.703046
4.705762,139.084346,125.712960
4.705800,139.084346,125.722886
4.705842,139.084346,125.743904
4.705896,139.084346,125.748598
4.705920,139.084346,125.750128
4.705939,139.084346,125.752432
4.705956,139.084346,125.763379
4.705992,139.084346,125.764838
4.706082,139.084346,125.767229
4.706110,139.084346,125.770928
4.706127,139.084346,125.773350
4.706141,139.084346,125.775859
4.706176,139.084346,125.785590
4.706204,139.084346,125.785619
4.706219,139.084346,125.789437
4.706240,139.084346,125.796566
4.706281,139.084346,125.804230
4.706310,139.084346,125.810438
4.706339,139.084346,125.811936
4.706356,139.084346,125.822784
4.706403,139.084346,125.832563
4.706424,139.084346,125.839741
4.706445,139.084346,125.840250
4.706464,139.084346,125.841440
4.706487,139.084346,125.845117
4.706504,139.084346,125.845942
4.706530,139.084346,125.863424
4.706579,139.084346,125.869661
4.706603,139.084346,125.870960
4.706621,139.084346,125.874547
4.706660,139.084346,125.875782
4.706673,139.084346,125.877152
4.706702,139.084346,125.881024
4.706732,139.084346,125.882176
4.706760,139.084346,125.883334
4.706773,139.084346,125.892032
4.706804,139.084346,125.895539
4.706825,139.084346,125.898144
4.706858,139.084346,125.898224
4.706872,139.084346,125.907827
4.706905,139.084346,125.910464
4.706926,139.084346,125.921555
4.706965,139.084346,125.924096
4.706988,139.084346,125.926544
4.707014,139.084346,125.930106
4.707036,139.084346,125.933894
4.707063,139.084346,125.936512
4.707101,139.084346,125.948640
4.707134,139.084346,125.959952
4.707172,139.084346,125.966176
4.707193,139.084346,125.968438
4.707214,139.084346,125.968605
4.707228,139.084346,125.973238
4.707254,139.084346,125.989568
4.707305,139.084346,125.992048
4.707328,139.084346,125.995741
4.707347,139.084346,125.999398
4.707367,139.084346,126.004294
4.707390,139.084346,126.004480
4.707416,139.084346,126.007910
4.707432,139.084346,126.007968
4.707442,139.084346,126.010406
4.707465,139.084346,126.013088
4.707484,139.084346,126.016698
4.707498,139.084346,126.018912
4.707511,139.084346,126.026598
4.707550,139.084346,126.031424
4.707574,139.084346,126.047382
4.707622,139.084346,126.066003
4.707670,139.084346,126.069696
4.707687,139.084346,126.074784
4.707718,139.084346,126.080723
4.707751,139.084346,126.083456
4.707771,139.084346,126.084499
4.707790,139.084346,126.094259
4.707840,139.084346,126.106848
4.707884,139.084346,126.109110
4.707901,139.084346,126.110518
4.707912,139.084346,126.118963
4.707939,139.084346,126.123968
4.708062,139.084346,126.131424
4.708093,139.084346,126.135168
4.708111,139.084346,126.135206
4.708183,139.084346,126.146006
4.708217,139.084346,126.152454
4.708257,139.084346,126.153757
4.708279,139.084346,126.162464
4.708317,139.084346,126.167366
4.708355,139.084346,126.170950
4.708377,139.084346,126.172253
4.708414,139.084346,126.178368
4.708436,139.084346,126.178448
4.708449,139.084346,126.184221
4.708473,139.084346,126.191872
4.708513,139.084346,126.193152
4.708536,139.084346,126.200646
4.708562,139.084346,126.202016
4.708586,139.084346,126.204179
4.708601,139.084346,126.215517
4.708634,139.084346,126.216406
4.708651,139.084346,126.217920
4.708717,139.084346,126.219232
4.708748,139.084346,126.224029
4.708770,139.084346,126.224096
4.708791,139.084346,126.225277
4.708824,139.084346,126.231616
4.708853,139.084346,126.234918
4.708874,139.084346,126.236317
4.708901,139.084346,126.237430
4.708915,139.084346,126.254880
4.708973,139.084346,126.257472
4.708994,139.084346,126.258150
4.709009,139.084346,126.268230
4.709038,139.084346,126.277139
4.709064,139.084346,126.279443
4.709087,139.084346,126.279712
4.709100,139.084346,126.280790
4.709124,139.084346,126.285757
4.709149,139.084346,126.285760
4.709162,139.084346,126.293286
4.709198,139.084346,126.299456
4.709223,139.084346,126.304192
4.709252,139.084346,126.308032
4.709280,139.084346,126.317654
4.709308,139.084346,126.322781
4.709337,139.084346,126.324998
4.709352,139.084346,126.325373
4.709367,139.084346,126.327603
4.709380,139.084346,126.332800
4.709409,139.084346,126.339805
4.709431,139.084346,126.341248
4.709445,139.084346,126.341440
4.709465,139.084346,126.342624
4.709483,139.084346,126.344000
4.709551,139.084346,126.346109
4.709570,139.084346,126.353459
4.709634,139.084346,126.353760
4.709670,139.084346,126.357478
4.709696,139.084346,126.362314
4.709723,139.084346,126.365942
4.709742,139.084346,126.365990
4.709753,139.084346,126.375952
4.709797,139.084346,126.379654
4.709881,139.084346,126.389363
4.709925,139.084346,126.390582
4.709948,139.084346,126.393139
4.709967,139.084346,126.396608
4.709993,139.084346,126.404102
4.710016,139.084346,126.404371
4.710033,139.084346,126.407968
4.710055,139.084346,126.409392
4.710070,139.084346,126.424006
4.710099,139.084346,126.426688
4.710133,139.084346,126.430099
4.710149,139.084346,126.438944
4.710187,139.084346,126.442486
4.710212,139.084346,126.443478
4.710223,139.084346,126.451232
4.710291,139.084346,126.458624
4.710317,139.084346,126.473472
4.710364,139.084346,126.474592
4.710379,139.084346,126.474720
4.710390,139.084346,126.475862
4.710408,139.084346,126.476096
4.710442,139.084346,126.487088
4.710488,139.084346,126.489360
4.710504,139.084346,126.493174
4.710535,139.084346,126.500582
4.710557,139.084346,126.504285
4.710598,139.084346,126.504339
4.710616,139.084346,126.510522
4.710639,139.084346,126.515296
4.710671,139.084346,126.517750
4.710691,139.084346,126.542432
4.710739,139.084346,126.546205
4.710758,139.084346,126.547478
4.710778,139.084346,126.562310
4.710826,139.084346,126.569856
4.710863,139.084346,126.574515
4.710880,139.084346,126.574547
4.710910,139.084346,126.582144
4.710939,139.084346,126.583325
4.710965,139.084346,126.595645
4.711009,139.084346,126.596896
4.711036,139.084346,126.610592
4.711075,139.084346,126.612960
4.711099,139.084346,126.619030
4.711131,139.084346,126.628726
4.711164,139.084346,126.630259
4.711190,139.084346,126.631286
4.711204,139.084346,126.631421
4.711223,139.084346,126.635296
4.711247,139.084346,126.638912
4.711263,139.084346,126.641408
4.711286,139.084346,126.652390
4.711311,139.084346,126.652445
4.711328,139.084346,126.654678
4.711343,139.084346,126.668678
4.711383,139.084346,126.674294
4.711402,139.084346,126.678246
4.711423,139.084346,126.682016
4.711453,139.084346,126.685920
4.711483,139.084346,126.717747
4.711552,139.084346,126.723766
4.711578,139.084346,126.727805
4.711603,139.084346,126.736358
4.711634,139.084346,126.736448
4.711649,139.084346,126.742470
4.711674,139.084346,126.751126
4.711701,139.084346,126.759699
4.711727,139.084346,126.760957
4.711741,139.084346,126.763222
4.711756,139.084346,126.770742
4.711777,139.084346,126.771037
4.711792,139.084346,126.772019
4.711807,139.084346,126.778461
4.711836,139.084346,126.784736
4.711865,139.084346,126.786880
4.711874,139.084346,126.787078
4.711907,139.084346,126.800467
4.711941,139.084346,126.800560
4.711952,139.084346,126.804198
4.711969,139.084346,126.806880
4.711989,139.084346,126.808096
4.712006,139.084346,126.824115
4.712056,139.084346,126.833840
4.712085,139.084346,126.838675
4.712106,139.084346,126.857472
4.712163,139.084346,126.858429
4.712175,139.084346,126.860944
4.712198,139.084346,126.862432
4.712220,139.084346,126.870758
4.712243,139.084346,126.872326
4.712270,139.084346,126.880832
4.712294,139.084346,126.885792
4.712336,139.084346,126.885872
4.712349,139.084346,126.886886
4.712397,139.084346,126.888192
4.712419,139.084346,126.889526
4.712438,139.084346,126.895475
4.712455,139.084346,126.895808
4.712482,139.084346,126.900688
4.712516,139.084346,126.902806
4.712532,139.084346,126.911648
4.712574,139.084346,126.919168
4.712610,139.084346,126.920224
4.712623,139.084346,126.924064
4.712649,139.084346,126.925318
4.712667,139.084346,126.930400
4.712695,139.084346,126.944832
4.712730,139.084346,126.944915
4.712748,139.084346,126.945056
4.712773,139.084346,126.946323
4.712824,139.084346,126.947552
4.712839,139.084346,126.949718
4.712854,139.084346,126.964928
4.712903,139.084346,126.975872
4.712930,139.084346,126.984704
4.712961,139.084346,126.988320
4.712984,139.084346,126.993152
4.713031,139.084346,127.006816
4.713073,139.084346,127.014144
4.713097,139.084346,127.018931
4.713116,139.084346,127.020179
4.713147,139.084346,127.022944
4.713167,139.084346,127.026387
4.713185,139.084346,127.030272
4.713205,139.084346,127.035030
4.713235,139.084346,127.035104
4.713249,139.084346,127.043312
4.713274,139.084346,127.044694
4.713295,139.084346,127.049888
4.713315,139.084346,127.051312
4.713336,139.084346,127.061088
4.713371,139.084346,127.063517
4.713391,139.084346,127.084502
4.713450,139.084346,127.086845
4.713463,139.084346,127.093216
4.713540,139.084346,127.093286
4.713556,139.084346,127.095718
4.713581,139.084346,127.103238
4.713617,139.084346,127.108093
4.713646,139.084346,127.110365
4.713671,139.084346,127.115494
4.713702,139.084346,127.116736
4.713719,139.084346,127.120358
4.713754,139.084346,127.125360
4.713779,139.084346,127.131325
4.713804,139.084346,127.131414
4.713814,139.084346,127.134118
4.713866,139.084346,127.137734
4.713890,139.084346,127.143840
4.713915,139.084346,127.155104
4.713969,139.084346,127.156224
4.713986,139.084346,127.163379
4.714004,139.084346,127.169606
4.714020,139.084346,127.174566
4.714038,139.084346,127.180637
4.714061,139.084346,127.180790
4.714071,139.084346,127.186880
4.714091,139.084346,127.194493
4.714118,139.084346,127.199302
4.714134,139.084346,127.199344
4.714144,139.084346,127.204358
4.714166,139.084346,127.209344
4.714198,139.084346,127.211517
4.714225,139.084346,127.211677
4.714237,139.084346,127.219206
4.714279,139.084346,127.228957
4.714309,139.084346,127.230067
4.714322,139.084346,127.231584
4.714348,139.084346,127.241312
4.714370,139.084346,127.242528
4.714384,139.084346,127.246144
4.714401,139.084346,127.247421
4.714431,139.084346,127.248701
4.714441,139.084346,127.253523
4.714473,139.084346,127.256358
4.714494,139.084346,127.257046
4.714503,139.084346,127.267168
4.714547,139.084346,127.267360
4.714568,139.084346,127.273299
4.714588,139.084346,127.288352
4.714640,139.084346,127.300576
4.714670,139.084346,127.302976
4.714684,139.084346,127.304256
4.714698,139.084346,127.307808
4.714719,139.084346,127.320314
4.714757,139.084346,127.321555
4.714774,139.084346,127.327584
4.714792,139.084346,127.332864
4.714816,139.084346,127.335027
4.714836,139.084346,127.341299
4.714874,139.084346,127.349926
4.714901,139.084346,127.361216
4.714944,139.084346,127.362496
4.714961,139.084346,127.372096
4.714987,139.084346,127.395741
4.715095,139.084346,127.396755
4.715108,139.084346,127.401782
4.715125,139.084346,127.401856
4.715160,139.084346,127.413056
4.715189,139.084346,127.415485
4.715218,139.084346,127.424096
4.715247,139.084346,127.436442
4.715276,139.084346,127.441216
4.715303,139.084346,127.441395
4.715319,139.084346,127.443670
4.715334,139.084346,127.445126
4.715360,139.084346,127.446310
4.715379,139.084346,127.451027
4.715403,139.084346,127.453536
4.715420,139.084346,127.454909
4.715436,139.084346,127.456218
4.715454,139.084346,127.459872
4.715473,139.084346,127.462272
4.715491,139.084346,127.463584
4.715580,139.084346,127.466016
4.715592,139.084346,127.480733
4.715641,139.084346,127.490726
4.715686,139.084346,127.496723
4.715711,139.084346,127.500467
4.715729,139.084346,127.500576
4.715745,139.084346,127.501366
4.715759,139.084346,127.506720
4.715790,139.084346,127.511478
4.715811,139.084346,127.512768
4.715828,139.084346,127.512998
4.715841,139.084346,127.514141
4.715860,139.084346,127.520576
4.715897,139.084346,127.537392
4.715936,139.084346,127.538736
4.715949,139.084346,127.549952
4.715980,139.084346,127.551328
4.715995,139.084346,127.554646
4.716010,139.084346,127.557341
4.716027,139.084346,127.564838
4.716056,139.084346,127.571008
4.716082,139.084346,127.574598
4.716107,139.084346,127.575808
4.716124,139.084346,127.575974
4.716140,139.084346,127.577062
4.716150,139.084346,127.577213
4.716177,139.084346,127.578310
4.716188,139.084346,127.581939
4.716211,139.084346,127.595446
4.716245,139.084346,127.596861
4.716262,139.084346,127.605414
4.716284,139.084346,127.612896
4.716316,139.084346,127.616678
4.716377,139.084346,127.617789
4.716427,139.084346,127.617984
4.716476,139.084346,127.622848
4.716502,139.084346,127.627699
4.716527,139.084346,127.631616
4.716550,139.084346,127.637459
4.716578,139.084346,127.638880
4.716593,139.084346,127.643702
4.716619,139.084346,127.647286
4.716636,139.084346,127.651376
4.716660,139.084346,127.653725
4.716674,139.084346,127.655040
4.716686,139.084346,127.664659
4.716723,139.084346,127.670944
4.716762,139.084346,127.670960
4.716778,139.084346,127.674717
4.716799,139.084346,127.682080
4.716826,139.084346,127.685462
4.716840,139.084346,127.685619
4.716883,139.084346,127.685651
4.716900,139.084346,127.686781
4.716913,139.084346,127.689427
4.716933,139.084346,127.690784
4.716953,139.084346,127.696934
4.716973,139.084346,127.698144
4.716988,139.084346,127.701766
4.717002,139.084346,127.704381
4.717020,139.084346,127.705664
4.717034,139.084346,127.708032
4.717053,139.084346,127.717952
4.717132,139.084346,127.720416
4.717151,139.084346,127.721440
4.717165,139.084346,127.726390
4.717196,139.084346,127.734016
4.717359,139.084346,127.737504
4.717378,139.084346,127.742432
4.717395,139.084346,127.742464
4.717406,139.084346,127.743805
4.717426,139.084346,127.754624
4.717452,139.084346,127.755046
4.717476,139.084346,127.757206
4.717495,139.084346,127.757469
4.717515,139.084346,127.759667
4.717536,139.084346,127.763494
4.717552,139.084346,127.763549
4.717580,139.084346,127.763648
4.717604,139.084346,127.764896
4.717619,139.084346,127.769850
4.717636,139.084346,127.772224
4.717684,139.084346,127.778163
4.717712,139.084346,127.778419
4.717727,139.084346,127.780470
4.717750,139.084346,127.786646
4.717775,139.084346,127.789373
4.717790,139.084346,127.789664
4.717819,139.084346,127.791878
4.717836,139.084346,127.795616
4.717858,139.084346,127.795635
4.717873,139.084346,127.806550
4.717907,139.084346,127.808918
4.717918,139.084346,127.816512
4.717941,139.084346,127.819110
4.717983,139.084346,127.820262
4.718004,139.084346,127.822643
4.718025,139.084346,127.823904
4.718047,139.084346,127.824096
4.718098,139.084346,127.831334
4.718128,139.084346,127.836384
4.718160,139.084346,127.843741
4.718193,139.084346,127.847376
4.718210,139.084346,127.856294
4.718251,139.084346,127.859808
4.718276,139.084346,127.861139
4.718292,139.084346,127.862330
4.718310,139.084346,127.864928
4.718328,139.084346,127.873491
4.718361,139.084346,127.881846
4.718426,139.084346,127.885792
4.718449,139.084346,127.886950
4.718464,139.084346,127.888051
4.718479,139.084346,127.894416
4.718502,139.084346,127.896726
4.718519,139.084346,127.896774
4.718531,139.084346,127.906685
4.718574,139.084346,127.916736
4.718607,139.084346,127.917798
4.718629,139.084346,127.922816
4.718683,139.084346,127.925318
4.718723,139.084346,127.926429
4.718736,139.084346,127.927616
4.718754,139.084346,127.933830
4.718780,139.084346,127.935206
4.718819,139.084346,127.942726
4.718853,139.084346,127.946099
4.718873,139.084346,127.948554
4.718886,139.084346,127.948864
4.718903,139.084346,127.953334
4.718922,139.084346,127.954976
4.718935,139.084346,127.957536
4.718957,139.084346,127.962365
4.718997,139.084346,127.967062
4.719016,139.084346,127.976982
4.719058,139.084346,127.977184
4.719075,139.084346,127.978282
4.719099,139.084346,127.987008
4.719127,139.084346,127.992128
4.719150,139.084346,127.993184
4.719170,139.084346,128.004022
4.719201,139.084346,128.005597
4.719217,139.084346,128.006832
4.719238,139.084346,128.009120
4.719260,139.084346,128.012502
4.719279,139.084346,128.014035
4.719312,139.084346,128.014304
4.719358,139.084346,128.016672
4.719384,139.084346,128.024093
4.719411,139.084346,128.024192
4.719430,139.084346,128.025014
4.719442,139.084346,128.026592
4.719470,139.084346,128.031328
4.719490,139.084346,128.032656
4.719504,139.084346,128.032765
4.719577,139.084346,128.041414
4.719604,139.084346,128.042656
4.719639,139.084346,128.043616
4.719650,139.084346,128.043814
4.719675,139.084346,128.046365
4.719693,139.084346,128.047568
4.719714,139.084346,128.051318
4.719739,139.084346,128.052445
4.719756,139.084346,128.054781
4.719771,139.084346,128.057245
4.719786,139.084346,128.062198
4.719895,139.084346,128.068320
4.719913,139.084346,128.068646
4.719931,139.084346,128.074525
4.719965,139.084346,128.074749
4.719982,139.084346,128.084278
4.720004,139.084346,128.089270
4.720023,139.084346,128.101968
4.720059,139.084346,128.103040
4.720077,139.084346,128.104314
4.720095,139.084346,128.106816
4.720113,139.084346,128.108038
4.720125,139.084346,128.111837
4.720165,139.084346,128.112800
4.720175,139.084346,128.118998
4.720191,139.084346,128.129085
4.720224,139.084346,128.131283
4.720241,139.084346,128.132736
4.720263,139.084346,128.135264
4.720285,139.084346,128.137491
4.720300,139.084346,128.137600
4.720313,139.084346,128.141267
4.720332,139.084346,128.143840
4.720346,139.084346,128.150118
4.720371,139.084346,128.152381
4.720386,139.084346,128.157504
4.720411,139.084346,128.162326
4.720435,139.084346,128.165984
4.720461,139.084346,128.167392
4.720484,139.084346,128.168448
4.720499,139.084346,128.182080
4.720533,139.084346,128.182966
4.720546,139.084346,128.184458
4.720574,139.084346,128.194464
4.720661,139.084346,128.204352
4.720687,139.084346,128.226470
4.720736,139.084346,128.231494
4.720760,139.084346,128.231616
4.720782,139.084346,128.236253
4.720802,139.084346,128.237661
4.720824,139.084346,128.238675
4.720837,139.084346,128.242470
4.720865,139.084346,128.244944
4.720887,139.084346,128.246368
4.720899,139.084346,128.248448
4.720919,139.084346,128.249926
4.721128,139.084346,128.251187
4.721143,139.084346,128.251296
4.721158,139.084346,128.255926
4.721185,139.084346,128.258784
4.721211,139.084346,128.260947
4.721226,139.084346,128.261088
4.721247,139.084346,128.262365
4.721270,139.084346,128.264832
4.721284,139.084346,128.269590
4.721311,139.084346,128.273245
4.721325,139.084346,128.275712
4.721340,139.084346,128.280662
4.721381,139.084346,128.285952
4.721426,139.084346,128.290694
4.721448,139.084346,128.297984
4.721479,139.084346,128.299229
4.721497,139.084346,128.302899
4.721516,139.084346,128.302931
4.721528,139.084346,128.318016
4.721569,139.084346,128.322675
4.721585,139.084346,128.322774
4.721596,139.084346,128.322781
4.721611,139.084346,128.327904
4.721633,139.084346,128.332406
4.721662,139.084346,128.336422
4.721681,139.084346,128.338976
4.721696,139.084346,128.340950
4.721708,139.084346,128.346256
4.721761,139.084346,128.354822
4.721790,139.084346,128.359712
4.721814,139.084346,128.361014
4.721830,139.084346,128.362362
4.721846,139.084346,128.363421
4.721866,139.084346,128.365558
4.721890,139.084346,128.366208
4.721922,139.084346,128.367315
4.721942,139.084346,128.371046
4.721960,139.084346,128.377318
4.721998,139.084346,128.379728
4.722024,139.084346,128.385792
4.722046,139.084346,128.391731
4.722087,139.084346,128.391872
4.722099,139.084346,128.391936
4.722128,139.084346,128.393213
4.722148,139.084346,128.395648
4.722169,139.084346,128.396960
4.722211,139.084346,128.406944
4.722257,139.084346,128.409344
4.722284,139.084346,128.413866
4.722299,139.084346,128.416576
4.722329,139.084346,128.419069
4.722351,139.084346,128.420198
4.722364,139.084346,128.422813
4.722402,139.084346,128.427936
4.722440,139.084346,128.430134
4.722462,139.084346,128.431558
4.722498,139.084346,128.433984
4.722565,139.084346,128.440064
4.722602,139.084346,128.452384
4.722649,139.084346,128.459667
4.722674,139.084346,128.462432
4.722695,139.084346,128.474624
4.722731,139.084346,128.480566
4.722754,139.084346,128.484544
4.722830,139.084346,128.500518
4.722866,139.084346,128.501728
4.722884,139.084346,128.503104
4.722917,139.084346,128.526470
4.722967,139.084346,128.537322
4.722989,139.084346,128.542368
4.723009,139.084346,128.553619
4.723041,139.084346,128.558150
4.723067,139.084346,128.562131
4.723086,139.084346,128.564800
4.723115,139.084346,128.565814
4.723131,139.084346,128.565872
4.723145,139.084346,128.567059
4.723162,139.084346,128.569622
4.723179,139.084346,128.573206
4.723197,139.084346,128.577296
4.723223,139.084346,128.588416
4.723266,139.084346,128.590579
4.723283,139.084346,128.593344
4.723307,139.084346,128.600544
4.723331,139.084346,128.611571
4.723361,139.084346,128.611712
4.723372,139.084346,128.628928
4.723423,139.084346,128.631414
4.723441,139.084346,128.637856
4.723475,139.084346,128.644822
4.723503,139.084346,128.645120
4.723519,139.084346,128.655104
4.723561,139.084346,128.661062
4.723585,139.084346,128.661216
4.723600,139.084346,128.662205
4.723616,139.084346,128.662272
4.723633,139.084346,128.668352
4.723652,139.084346,128.669494
4.723673,139.084346,128.673110
4.723688,139.084346,128.676064
4.723717,139.084346,128.685587
4.723753,139.084346,128.685798
4.723819,139.084346,128.689565
4.723845,139.084346,128.689568
4.723861,139.084346,128.693043
4.723882,139.084346,128.695680
4.723900,139.084346,128.696624
4.723982,139.084346,128.704083
4.724011,139.084346,128.707718
4.724028,139.084346,128.710070
4.724053,139.084346,128.710429
4.724068,139.084346,128.710624
4.724086,139.084346,128.711318
4.724096,139.084346,128.722944
4.724131,139.084346,128.726493
4.724155,139.084346,128.729120
4.724175,139.084346,128.732470
4.724190,139.084346,128.736576
4.724236,139.084346,128.737712
4.724254,139.084346,128.742624
4.724303,139.084346,128.748563
4.724330,139.084346,128.748960
4.724360,139.084346,128.750016
4.724377,139.084346,128.750112
4.724396,139.084346,128.753501
4.724411,139.084346,128.754717
4.724423,139.084346,128.754806
4.724440,139.084346,128.756288
4.724470,139.084346,128.767357
4.724505,139.084346,128.768054
4.724526,139.084346,128.768678
4.724559,139.084346,128.782048
4.724603,139.084346,128.785728
4.724621,139.084346,128.793184
4.724646,139.084346,128.794406
4.724664,139.084346,128.795718
4.724683,139.084346,128.799392
4.724707,139.084346,128.801926
4.724741,139.084346,128.806752
4.724773,139.084346,128.809216
4.724799,139.084346,128.810368
4.724829,139.084346,128.816342
4.724850,139.084346,128.816499
4.724873,139.084346,128.820544
4.724891,139.084346,128.830246
4.724926,139.084346,128.833971
4.724944,139.084346,128.835110
4.724959,139.084346,128.838726
4.724973,139.084346,128.840000
4.724989,139.084346,128.845062
4.725014,139.084346,128.847456
4.725029,139.084346,128.848736
4.725078,139.084346,128.848896
4.725101,139.084346,128.853440
4.725130,139.084346,128.855955
4.725147,139.084346,128.865846
4.725171,139.084346,128.868573
4.725191,139.084346,128.870771
4.725204,139.084346,128.872019
4.725224,139.084346,128.873469
4.725242,139.084346,128.886982
4.725273,139.084346,128.889366
4.725286,139.084346,128.896838
4.725307,139.084346,128.902902
4.725326,139.084346,128.904202
4.725343,139.084346,128.904352
4.725357,139.084346,128.907766
4.725377,139.084346,128.917885
4.725418,139.084346,128.918048
4.725431,139.084346,128.920352
4.725449,139.084346,128.920358
4.725470,139.084346,128.921459
4.725484,139.084346,128.923104
4.725511,139.084346,128.924886
4.725521,139.084346,128.927936
4.725562,139.084346,128.931344
4.725579,139.084346,128.931517
4.725595,139.084346,128.932435
4.725606,139.084346,128.937427
4.725628,139.084346,128.938685
4.725644,139.084346,128.939955
4.725669,139.084346,128.945056
4.725700,139.084346,128.945184
4.725715,139.084346,128.954870
4.725769,139.084346,128.956128
4.725783,139.084346,128.964678
4.725806,139.084346,128.970912
4.725858,139.084346,128.971008
4.725889,139.084346,128.972285
4.725910,139.084346,128.973488
4.725923,139.084346,128.973504
4.725939,139.084346,128.977181
4.725963,139.084346,128.978237
4.725972,139.084346,128.979728
4.725988,139.084346,128.981939
4.726001,139.084346,128.983165
4.726016,139.084346,128.991878
4.726044,139.084346,128.994438
4.726094,139.084346,128.996925
4.726124,139.084346,129.000656
4.726147,139.084346,129.001782
4.726165,139.084346,129.006646
4.726185,139.084346,129.007824
4.726209,139.084346,129.013952
4.726229,139.084346,129.015219
4.726241,139.084346,129.028992
4.726301,139.084346,129.033926
4.726336,139.084346,129.038720
4.726357,139.084346,129.041139
4.726370,139.084346,129.041312
4.726383,139.084346,129.046118
4.726404,139.084346,129.057203
4.726440,139.084346,129.058598
4.726465,139.084346,129.063357
4.726480,139.084346,129.067328
4.726512,139.084346,129.077280
4.726543,139.084346,129.078432
4.726566,139.084346,129.093168
4.726611,139.084346,129.093286
4.726624,139.084346,129.096861
4.726646,139.084346,129.098144
4.726662,139.084346,129.104192
4.726688,139.084346,129.107997
4.726748,139.084346,129.110378
4.726765,139.084346,129.111760
4.726786,139.084346,129.119200
4.726813,139.084346,129.122611
4.726832,139.084346,129.125085
4.726846,139.084346,129.126656
4.726864,139.084346,129.130240
4.726892,139.084346,129.132566
4.726917,139.084346,129.133981
4.726940,139.084346,129.136352
4.726957,139.084346,129.139072
4.726974,139.084346,129.140054
4.726988,139.084346,129.142525
4.727017,139.084346,129.145043
4.727075,139.084346,129.150144
4.727100,139.084346,129.156096
4.727128,139.084346,129.156179
4.727145,139.084346,129.159878
4.727176,139.084346,129.163552
4.727203,139.084346,129.163581
4.727216,139.084346,129.170816
4.727238,139.084346,129.170899
4.727250,139.084346,129.173370
4.727267,139.084346,129.173536
4.727283,139.084346,129.178419
4.727315,139.084346,129.182080
4.727335,139.084346,129.182118
4.727367,139.084346,129.185984
4.727395,139.084346,129.190486
4.727411,139.084346,129.192090
4.727424,139.084346,129.195510
4.727439,139.084346,129.197024
4.727457,139.084346,129.206365
4.727483,139.084346,129.207840
4.727498,139.084346,129.216704
4.727528,139.084346,129.217824
4.727542,139.084346,129.217894
4.727556,139.084346,129.217920
4.727576,139.084346,129.219165
4.727612,139.084346,129.219197
4.727632,139.084346,129.223904
4.727650,139.084346,129.225277
4.727671,139.084346,129.230016
4.727692,139.084346,129.233782
4.727710,139.084346,129.243430
4.727745,139.084346,129.243837
4.727771,139.084346,129.245158
4.727791,139.084346,129.247584
4.727820,139.084346,129.248595
4.727832,139.084346,129.252352
4.727861,139.084346,129.253696
4.727977,139.084346,129.258326
4.727995,139.084346,129.269587
4.728022,139.084346,129.276064
4.728050,139.084346,129.279552
4.728078,139.084346,129.285664
4.728101,139.084346,129.286934
4.728118,139.084346,129.295510
4.728157,139.084346,129.296438
4.728176,139.084346,129.300614
4.728197,139.084346,129.304038
4.728212,139.084346,129.310323
4.728235,139.084346,129.311504
4.728246,139.084346,129.312912
4.728265,139.084346,129.312998
4.728287,139.084346,129.325238
4.728326,139.084346,129.326566
4.728370,139.084346,129.330086
4.728384,139.084346,129.331286
4.728396,139.084346,129.339786
4.728419,139.084346,129.340006
4.728430,139.084346,129.340256
4.728455,139.084346,129.342598
4.728473,139.084346,129.342726
4.728489,139.084346,129.347552
4.728512,139.084346,129.363318
4.728568,139.084346,129.364438
4.728579,139.084346,129.371997
4.728609,139.084346,129.372051
4.728619,139.084346,129.373472
4.728638,139.084346,129.378230
4.728661,139.084346,129.378304
4.728678,139.084346,129.388118
4.728706,139.084346,129.389299
4.728716,139.084346,129.389606
4.728737,139.084346,129.393280
4.728768,139.084346,129.395680
4.728794,139.084346,129.399360
4.728831,139.084346,129.403008
4.728861,139.084346,129.406944
4.728894,139.084346,129.409376
4.728910,139.084346,129.410464
4.729001,139.084346,129.414272
4.729025,139.084346,129.416672
4.729043,139.084346,129.416678
4.729108,139.084346,129.422877
4.729132,139.084346,129.424125
4.729149,139.084346,129.425456
4.729181,139.084346,129.428966
4.729198,139.084346,129.430246
4.729227,139.084346,129.444944
4.729261,139.084346,129.451005
4.729286,139.084346,129.451165
4.729304,139.084346,129.452054
4.729316,139.084346,129.460006
4.729344,139.084346,129.466176
4.729367,139.084346,129.468518
4.729420,139.084346,129.477030
4.729443,139.084346,129.478419
4.729496,139.084346,129.489299
4.729535,139.084346,129.489696
4.729549,139.084346,129.500246
4.729573,139.084346,129.501856
4.729589,139.084346,129.505366
4.729613,139.084346,129.514336
4.729643,139.084346,129.515392
4.729654,139.084346,129.517734
4.729671,139.084346,129.519206
4.729693,139.084346,129.519264
4.729712,139.084346,129.520272
4.729721,139.084346,129.521632
4.729733,139.084346,129.526464
4.729782,139.084346,129.526560
4.729795,139.084346,129.527805
4.729818,139.084346,129.529149
4.729839,139.084346,129.530246
4.729865,139.084346,129.532733
4.729885,139.084346,129.533917
4.729898,139.084346,129.536022
4.729910,139.084346,129.543421
4.729933,139.084346,129.543840
4.729949,139.084346,129.543930
4.729962,139.084346,129.545152
4.729980,139.084346,129.546256
4.729992,139.084346,129.548797
4.730008,139.084346,129.562154
4.730037,139.084346,129.562336
4.730081,139.084346,129.572256
4.730113,139.084346,129.574694
4.730137,139.084346,129.575760
4.730150,139.084346,129.577088
4.730170,139.084346,129.579552
4.730186,139.084346,129.579744
4.730207,139.084346,129.585728
4.730235,139.084346,129.588192
4.730252,139.084346,129.593075
4.730275,139.084346,129.595414
4.730291,139.084346,129.601824
4.730322,139.084346,129.601904
4.730333,139.084346,129.614016
4.730366,139.084346,129.614176
4.730388,139.084346,129.616157
4.730400,139.084346,129.618963
4.730429,139.084346,129.621587
4.730446,139.084346,129.622544
4.730455,139.084346,129.622800
4.730465,139.084346,129.627718
4.730491,139.084346,129.628886
4.730507,139.084346,129.630224
4.730532,139.084346,129.632342
4.730545,139.084346,129.635165
4.730563,139.084346,129.636448
4.730585,139.084346,129.638486
4.730596,139.084346,129.639622
4.730611,139.084346,129.640166
4.730630,139.084346,129.650109
4.730665,139.084346,129.651136
4.730675,139.084346,129.656189
4.730701,139.084346,129.656198
4.730731,139.084346,129.670931
4.730764,139.084346,129.673568
4.730789,139.084346,129.674624
4.730801,139.084346,129.679568
4.730824,139.084346,129.682208
4.730846,139.084346,129.688256
4.730865,139.084346,129.690784
4.730882,139.084346,129.696992
4.730917,139.084346,129.702621
4.730962,139.084346,129.708198
4.731001,139.084346,129.712848
4.731023,139.084346,129.715411
4.731051,139.084346,129.715430
4.731066,139.084346,129.719104
4.731097,139.084346,129.722768
4.731119,139.084346,129.725318
4.731151,139.084346,129.726592
4.731170,139.084346,129.729216
4.731192,139.084346,129.730278
4.731204,139.084346,129.735136
4.731227,139.084346,129.735216
4.731244,139.084346,129.737600
4.731265,139.084346,129.742419
4.731294,139.084346,129.745094
4.731320,139.084346,129.747338
4.731338,139.084346,129.756054
4.731369,139.084346,129.759763
4.731388,139.084346,129.763392
4.731407,139.084346,129.763414
4.731420,139.084346,129.764806
4.731437,139.084346,129.765894
4.731450,139.084346,129.765920
4.731460,139.084346,129.767424
4.731476,139.084346,129.773376
4.731525,139.084346,129.774694
4.731559,139.084346,129.776790
4.731574,139.084346,129.778294
4.731587,139.084346,129.778464
4.731603,139.084346,129.779558
4.731614,139.084346,129.780701
4.731626,139.084346,129.785629
4.731647,139.084346,129.785670
4.731662,139.084346,129.793245
4.731696,139.084346,129.793309
4.731717,139.084346,129.795869
4.731740,139.084346,129.797939
4.731771,139.084346,129.803133
4.731882,139.084346,129.804147
4.731898,139.084346,129.808208
4.731919,139.084346,129.817654
4.731957,139.084346,129.817885
4.731990,139.084346,129.818902
4.732003,139.084346,129.821632
4.732022,139.084346,129.825139
4.732040,139.084346,129.826358
4.732066,139.084346,129.827648
4.732084,139.084346,129.830272
4.732108,139.084346,129.831616
4.732128,139.084346,129.833610
4.732142,139.084346,129.835104
4.732179,139.084346,129.838886
4.732239,139.084346,129.842486
4.732259,139.084346,129.843805
4.732275,139.084346,129.845043
4.732306,139.084346,129.847379
4.732326,139.084346,129.849686
4.732337,139.084346,129.849907
4.732362,139.084346,129.854877
4.732386,139.084346,129.856224
4.732413,139.084346,129.857437
4.732426,139.084346,129.858355
4.732435,139.084346,129.865981
4.732460,139.084346,129.867034
4.732473,139.084346,129.873280
4.732491,139.084346,129.876982
4.732509,139.084346,129.880797
4.732528,139.084346,129.882128
4.732544,139.084346,129.884486
4.732560,139.084346,129.891872
4.732578,139.084346,129.892918
4.732589,139.084346,129.893152
4.732605,139.084346,129.894496
4.732617,139.084346,129.896832
4.732641,139.084346,129.904157
4.732662,139.084346,129.906390
4.732674,139.084346,129.908038
4.732701,139.084346,129.910461
4.732756,139.084346,129.920160
4.732781,139.084346,129.922886
4.732808,139.084346,129.922912
4.732828,139.084346,129.925216
4.732843,139.084346,129.926576
4.732860,139.084346,129.927603
4.732875,139.084346,129.938608
4.732906,139.084346,129.941139
4.732919,139.084346,129.956115
4.732960,139.084346,129.961152
4.732983,139.084346,129.964838
4.733004,139.084346,129.966016
4.733016,139.084346,129.978365
4.733057,139.084346,129.983123
4.733089,139.084346,129.983392
4.733102,139.084346,129.985702
4.733116,139.084346,129.988368
4.733133,139.084346,129.989206
4.733146,139.084346,129.989331
4.733183,139.084346,129.993107
4.733204,139.084346,129.993248
4.733220,139.084346,130.004352
4.733254,139.084346,130.007872
4.733272,139.084346,130.018886
4.733305,139.084346,130.019088
4.733317,139.084346,130.019133
4.733328,139.084346,130.019206
4.733354,139.084346,130.020480
4.733366,139.084346,130.022864
4.733389,139.084346,130.026461
4.733407,139.084346,130.026483
4.733429,139.084346,130.042726
4.733476,139.084346,130.044928
4.733499,139.084346,130.051059
4.733515,139.084346,130.056192
4.733546,139.084346,130.057139
4.733560,139.084346,130.057440
4.733571,139.084346,130.062342
4.733594,139.084346,130.075782
4.733628,139.084346,130.089472
4.733682,139.084346,130.094310
4.733701,139.084346,130.095699
4.733731,139.084346,130.109034
4.733767,139.084346,130.109072
4.733777,139.084346,130.110397
4.733797,139.084346,130.111773
4.733814,139.084346,130.111904
4.733857,139.084346,130.113072
4.734094,139.084346,130.113789
4.734105,139.084346,130.119168
4.734126,139.084346,130.121430
4.734144,139.084346,130.140096
4.734198,139.084346,130.142624
4.734219,139.084346,130.143744
4.734244,139.084346,130.149824
4.734267,139.084346,130.159904
4.734298,139.084346,130.168307
4.734331,139.084346,130.182144
4.734370,139.084346,130.184470
4.734388,139.084346,130.193126
4.734452,139.084346,130.193949
4.734467,139.084346,130.195507
4.734480,139.084346,130.195606
4.734509,139.084346,130.202016
4.734543,139.084346,130.204294
4.734564,139.084346,130.206624
4.734577,139.084346,130.219101
4.734619,139.084346,130.221430
4.734637,139.084346,130.224096
4.734659,139.084346,130.237424
4.734697,139.084346,130.240000
4.734723,139.084346,130.252512
4.734759,139.084346,130.262214
4.734787,139.084346,130.264646
4.734809,139.084346,130.269760
4.734873,139.084346,130.270752
4.734893,139.084346,130.273472
4.734949,139.084346,130.279357
4.734987,139.084346,130.280832
4.735024,139.084346,130.291763
4.735064,139.084346,130.291968
4.735082,139.084346,130.293094
4.735096,139.084346,130.302902
4.735127,139.084346,130.303136
4.735140,139.084346,130.304320
4.735154,139.084346,130.315443
4.735192,139.084346,130.315616
4.735229,139.084346,130.319200
4.735261,139.084346,130.320358
4.735275,139.084346,130.327526
4.735297,139.084346,130.327718
4.735326,139.084346,130.329120
4.735342,139.084346,130.330134
4.735356,139.084346,130.330176
4.735378,139.084346,130.332864
4.735401,139.084346,130.335206
4.735424,139.084346,130.335456
4.735446,139.084346,130.335990
4.735457,139.084346,130.338976
4.735485,139.084346,130.340192
4.735507,139.084346,130.342560
4.735526,139.084346,130.342592
4.735536,139.084346,130.345088
4.735555,139.084346,130.353568
4.735592,139.084346,130.363616
4.735628,139.084346,130.378310
4.735673,139.084346,130.379728
4.735689,139.084346,130.381926
4.735703,139.084346,130.396829
4.735749,139.084346,130.396851
4.735765,139.084346,130.398006
4.735783,139.084346,130.412662
4.735829,139.084346,130.415219
4.735849,139.084346,130.426166
4.735892,139.084346,130.426650
4.735914,139.084346,130.431392
4.735945,139.084346,130.433830
4.735966,139.084346,130.439923
4.735989,139.084346,130.440038
4.736000,139.084346,130.443776
4.736027,139.084346,130.448499
4.736048,139.084346,130.452384
4.736074,139.084346,130.452448
4.736094,139.084346,130.454806
4.736117,139.084346,130.454909
4.736157,139.084346,130.461078
4.736188,139.084346,130.465952
4.736217,139.084346,130.475936
4.736249,139.084346,130.482141
4.736273,139.084346,130.483254
4.736285,139.084346,130.490758
4.736313,139.084346,130.494557
4.736340,139.084346,130.495453
4.736351,139.084346,130.495581
4.736364,139.084346,130.498278
4.736386,139.084346,130.501766
4.736410,139.084346,130.507878
4.736428,139.084346,130.511776
4.736452,139.084346,130.512934
4.736469,139.084346,130.521568
4.736506,139.084346,130.523958
4.736529,139.084346,130.524192
4.736549,139.084346,130.526038
4.736564,139.084346,130.527568
4.736582,139.084346,130.533789
4.736602,139.084346,130.533904
4.736614,139.084346,130.537427
4.736634,139.084346,130.539670
4.736648,139.084346,130.550144
4.736693,139.084346,130.556144
4.736722,139.084346,130.558262
4.736741,139.084346,130.561085
4.736766,139.084346,130.562131
4.736782,139.084346,130.563494
4.736802,139.084346,130.574685
4.736834,139.084346,130.576029
4.736866,139.084346,130.577056
4.736878,139.084346,130.580470
4.736899,139.084346,130.585683
4.736924,139.084346,130.589469
4.736952,139.084346,130.589552
4.736963,139.084346,130.594464
4.737004,139.084346,130.598038
4.737021,139.084346,130.599488
4.737038,139.084346,130.606611
4.737068,139.084346,130.609094
4.737084,139.084346,130.612992
4.737108,139.084346,130.614080
4.737120,139.084346,130.617590
4.737140,139.084346,130.617824
4.737153,139.084346,130.617894
4.737169,139.084346,130.619238
4.737188,139.084346,130.621648
4.737203,139.084346,130.625136
4.737219,139.084346,130.628790
4.737245,139.084346,130.629958
4.737262,139.084346,130.632784
4.737290,139.084346,130.634080
4.737305,139.084346,130.640006
4.737333,139.084346,130.645910
4.737355,139.084346,130.648736
4.737379,139.084346,130.654525
4.737433,139.084346,130.661056
4.737472,139.084346,130.663389
4.737495,139.084346,130.663520
4.737517,139.084346,130.664768
4.737540,139.084346,130.668608
4.737574,139.084346,130.669693
4.737627,139.084346,130.680637
4.737664,139.084346,130.687008
4.737710,139.084346,130.689312
4.737743,139.084346,130.690592
4.737759,139.084346,130.695603
4.737787,139.084346,130.700582
4.737828,139.084346,130.704384
4.737859,139.084346,130.705478
4.737874,139.084346,130.706550
4.737888,139.084346,130.710323
4.737916,139.084346,130.710496
4.737931,139.084346,130.712758
4.737952,139.084346,130.714099
4.737974,139.084346,130.719229
4.737999,139.084346,130.721555
4.738022,139.084346,130.723859
4.738053,139.084346,130.730224
4.738080,139.084346,130.738784
4.738106,139.084346,130.742416
4.738129,139.084346,130.746992
4.738147,139.084346,130.747478
4.738159,139.084346,130.748563
4.738172,139.084346,130.753568
4.738193,139.084346,130.753632
4.738208,139.084346,130.757536
4.738228,139.084346,130.761024
4.738242,139.084346,130.763398
4.738255,139.084346,130.775542
4.738290,139.084346,130.776982
4.738304,139.084346,130.782054
4.738333,139.084346,130.782144
4.738353,139.084346,130.784464
4.738377,139.084346,130.784538
4.738389,139.084346,130.785779
4.738417,139.084346,130.796966
4.738456,139.084346,130.797024
4.738474,139.084346,130.799360
4.738498,139.084346,130.803040
4.738516,139.084346,130.807968
4.738536,139.084346,130.809206
4.738553,139.084346,130.810406
4.738569,139.084346,130.811773
4.738586,139.084346,130.822752
4.738625,139.084346,130.824038
4.738657,139.084346,130.825277
4.738679,139.084346,130.830246
4.738701,139.084346,130.833779
4.738720,139.084346,130.836381
4.738793,139.084346,130.837798
4.738874,139.084346,130.841408
4.738904,139.084346,130.842429
4.738917,139.084346,130.843872
4.738932,139.084346,130.848832
4.738956,139.084346,130.852496
4.738977,139.084346,130.853523
4.738989,139.084346,130.858205
4.739011,139.084346,130.858784
4.739045,139.084346,130.861126
4.739067,139.084346,130.861216
4.739085,139.084346,130.864819
4.739122,139.084346,130.867030
4.739138,139.084346,130.872342
4.739178,139.084346,130.878246
4.739204,139.084346,130.884480
4.739238,139.084346,130.887072
4.739257,139.084346,130.887750
4.739267,139.084346,130.889309
4.739290,139.084346,130.890464
4.739304,139.084346,130.891805
4.739328,139.084346,130.891936
4.739358,139.084346,130.903104
4.739402,139.084346,130.904157
4.739419,139.084346,130.909043
4.739446,139.084346,130.910496
4.739473,139.084346,130.911814
4.739494,139.084346,130.926326
4.739538,139.084346,130.928992
4.739558,139.084346,130.935264
4.739596,139.084346,130.936304
4.739611,139.084346,130.943904
4.739642,139.084346,130.952288
4.739675,139.084346,130.952381
4.739686,139.084346,130.952736
4.739702,139.084346,130.961072
4.739735,139.084346,130.961216
4.739759,139.084346,130.965872
4.739779,139.084346,130.971040
4.739802,139.084346,130.976822
4.739827,139.084346,130.978166
4.739843,139.084346,130.982998
4.739868,139.084346,130.987078
4.739908,139.084346,130.988192
4.739928,139.084346,130.988224
4.739946,139.084346,130.995590
4.739967,139.084346,131.004022
4.739994,139.084346,131.004413
4.740021,139.084346,131.005664
4.740045,139.084346,131.007936
4.740062,139.084346,131.016800
4.740090,139.084346,131.022739
4.740114,139.084346,131.030195
4.740138,139.084346,131.033971
4.740161,139.084346,131.036336
4.740182,139.084346,131.038515
4.740197,139.084346,131.039776
4.740211,139.084346,131.040166
4.740224,139.084346,131.041395
4.740267,139.084346,131.048848
4.740297,139.084346,131.056288
4.740325,139.084346,131.059699
4.740339,139.084346,131.066176
4.740368,139.084346,131.069440
4.740384,139.084346,131.074582
4.740411,139.084346,131.075763
4.740427,139.084346,131.075776
4.740437,139.084346,131.075859
4.740464,139.084346,131.094240
4.740507,139.084346,131.098205
4.740536,139.084346,131.103200
4.740565,139.084346,131.105462
4.740579,139.084346,131.114173
4.740611,139.084346,131.117728
4.740634,139.084346,131.117920
4.740656,139.084346,131.119046
4.740670,139.084346,131.125344
4.740693,139.084346,131.130118
4.740713,139.084346,131.130205
4.740739,139.084346,131.132765
4.740765,139.084346,131.133939
4.740778,139.084346,131.138717
4.740796,139.084346,131.142598
4.740814,139.084346,131.143968
4.740844,139.084346,131.144896
4.740858,139.084346,131.145021
4.740882,139.084346,131.152182
4.740914,139.084346,131.152381
4.740928,139.084346,131.159898
4.740954,139.084346,131.165744
4.740974,139.084346,131.167264
4.741013,139.084346,131.171024
4.741032,139.084346,131.173414
4.741070,139.084346,131.184704
4.741115,139.084346,131.185792
4.741132,139.084346,131.187069
4.741149,139.084346,131.187136
4.741165,139.084346,131.189568
4.741182,139.084346,131.194406
4.741214,139.084346,131.198240
4.741237,139.084346,131.199325
4.741256,139.084346,131.199456
4.741286,139.084346,131.201693
4.741298,139.084346,131.206410
4.741316,139.084346,131.210218
4.741340,139.084346,131.216678
4.741372,139.084346,131.217888
4.741392,139.084346,131.218944
4.741403,139.084346,131.223766
4.741418,139.084346,131.225245
4.741442,139.084346,131.229126
4.741460,139.084346,131.241299
4.741490,139.084346,131.244902
4.741508,139.084346,131.256096
4.741539,139.084346,131.256144
4.741557,139.084346,131.261021
4.741578,139.084346,131.268480
4.741602,139.084346,131.269238
4.741613,139.084346,131.275670
4.741631,139.084346,131.278355
4.741657,139.084346,131.279654
4.741675,139.084346,131.279728
4.741697,139.084346,131.295718
4.741747,139.084346,131.303894
4.741771,139.084346,131.304326
4.741788,139.084346,131.315174
4.741819,139.084346,131.315360
4.741834,139.084346,131.316576
4.741850,139.084346,131.317856
4.741867,139.084346,131.320358
4.741953,139.084346,131.320576
4.741981,139.084346,131.322749
4.741997,139.084346,131.331379
4.742030,139.084346,131.344758
4.742081,139.084346,131.344957
4.742096,139.084346,131.347347
4.742112,139.084346,131.347520
4.742137,139.084346,131.352086
4.742159,139.084346,131.357504
4.742190,139.084346,131.358323
4.742199,139.084346,131.358486
4.742212,139.084346,131.365958
4.742235,139.084346,131.377024
4.742274,139.084346,131.377088
4.742287,139.084346,131.378480
4.742312,139.084346,131.384832
4.742347,139.084346,131.390880
4.742389,139.084346,131.391840
4.742406,139.084346,131.399344
4.742434,139.084346,131.403005
4.742466,139.084346,131.405446
4.742482,139.084346,131.408061
4.742500,139.084346,131.409344
4.742530,139.084346,131.410592
4.742553,139.084346,131.411712
4.742568,139.084346,131.413994
4.742586,139.084346,131.419232
4.742614,139.084346,131.426547
4.742648,139.084346,131.430067
4.742675,139.084346,131.430336
4.742696,139.084346,131.436544
4.742721,139.084346,131.437696
4.742763,139.084346,131.446144
4.742796,139.084346,131.449878
4.742813,139.084346,131.452608
4.742847,139.084346,131.468576
4.742890,139.084346,131.482064
4.742940,139.084346,131.487072
4.742975,139.084346,131.489414
4.742991,139.084346,131.490544
4.743005,139.084346,131.492032
4.743022,139.084346,131.493344
4.743077,139.084346,131.498278
4.743102,139.084346,131.499222
4.743125,139.084346,131.500486
4.743142,139.084346,131.501926
4.743202,139.084346,131.507955
4.743256,139.084346,131.510390
4.743278,139.084346,131.510397
4.743295,139.084346,131.512755
4.743312,139.084346,131.515389
4.743350,139.084346,131.519859
4.743377,139.084346,131.525011
4.743400,139.084346,131.527776
4.743420,139.084346,131.527878
4.743438,139.084346,131.530288
4.743457,139.084346,131.532531
4.743473,139.084346,131.540064
4.743516,139.084346,131.547446
4.743548,139.084346,131.547584
4.743574,139.084346,131.548832
4.743594,139.084346,131.554781
4.743631,139.084346,131.557366
4.743650,139.084346,131.563488
4.743682,139.084346,131.566237
4.743717,139.084346,131.570976
4.743737,139.084346,131.574656
4.743758,139.084346,131.579686
4.743784,139.084346,131.584278
4.743804,139.084346,131.586646
4.743817,139.084346,131.587987
4.743831,139.084346,131.589309
4.743848,139.084346,131.589523
4.743872,139.084346,131.593974
4.743890,139.084346,131.595635
4.743912,139.084346,131.600454
4.743937,139.084346,131.601856
4.743951,139.084346,131.604294
4.743972,139.084346,131.608019
4.743999,139.084346,131.612928
4.744023,139.084346,131.615386
4.744047,139.084346,131.624256
4.744081,139.084346,131.624970
4.744096,139.084346,131.626262
4.744113,139.084346,131.626496
4.744127,139.084346,131.626534
4.744139,139.084346,131.628998
4.744203,139.084346,131.637494
4.744231,139.084346,131.641318
4.744255,139.084346,131.646406
4.744340,139.084346,131.647443
4.744359,139.084346,131.649779
4.744415,139.084346,131.652544
4.744436,139.084346,131.670742
4.744492,139.084346,131.674294
4.744513,139.084346,131.674483
4.744533,139.084346,131.679462
4.744559,139.084346,131.679744
4.744582,139.084346,131.680662
4.744599,139.084346,131.680896
4.744617,139.084346,131.688246
4.744646,139.084346,131.690582
4.744664,139.084346,131.690726
4.744693,139.084346,131.691837
4.744750,139.084346,131.695574
4.744768,139.084346,131.701526
4.744806,139.084346,131.701747
4.744831,139.084346,131.707974
4.744869,139.084346,131.709277
4.744900,139.084346,131.710240
4.744911,139.084346,131.716374
4.744939,139.084346,131.717715
4.744959,139.084346,131.717750
4.744978,139.084346,131.717984
4.745007,139.084346,131.727773
4.745097,139.084346,131.727872
4.745111,139.084346,131.731402
4.745132,139.084346,131.732406
4.745146,139.084346,131.736246
4.745169,139.084346,131.737693
4.745184,139.084346,131.739741
4.745197,139.084346,131.743622
4.745214,139.084346,131.746464
4.745237,139.084346,131.747392
4.745265,139.084346,131.747616
4.745283,139.084346,131.752486
4.745313,139.084346,131.756320
4.745343,139.084346,131.757536
4.745364,139.084346,131.759510
4.745378,139.084346,131.759968
4.745399,139.084346,131.761885
4.745413,139.084346,131.767334
4.745448,139.084346,131.770982
4.745474,139.084346,131.772358
4.745496,139.084346,131.773440
4.745513,139.084346,131.776960
4.745532,139.084346,131.784422
4.745560,139.084346,131.789104
4.745588,139.084346,131.791837
4.745611,139.084346,131.792979
4.745626,139.084346,131.796925
4.745653,139.084346,131.798941
4.745671,139.084346,131.799206
4.745687,139.084346,131.806720
4.745735,139.084346,131.807994
4.745747,139.084346,131.810400
4.745769,139.084346,131.811718
4.745789,139.084346,131.812800
4.745801,139.084346,131.821427
4.745838,139.084346,131.824112
4.745856,139.084346,131.826592
4.745871,139.084346,131.836310
4.745900,139.084346,131.836416
4.745930,139.084346,131.839830
4.745954,139.084346,131.841312
4.745973,139.084346,131.846438
4.746043,139.084346,131.847552
4.746055,139.084346,131.848806
4.746090,139.084346,131.852509
4.746122,139.084346,131.857462
4.746145,139.084346,131.859709
4.746166,139.084346,131.859712
4.746176,139.084346,131.861184
4.746291,139.084346,131.862400
4.746321,139.084346,131.863421
4.746334,139.084346,131.867126
4.746364,139.084346,131.869760
4.746395,139.084346,131.873376
4.746424,139.084346,131.878301
4.746448,139.084346,131.878656
4.746467,139.084346,131.892957
4.746512,139.084346,131.898144
4.746575,139.084346,131.903133
4.746603,139.084346,131.917834
4.746650,139.084346,131.919238
4.746669,139.084346,131.920416
4.746684,139.084346,131.921395
4.746694,139.084346,131.928934
4.746722,139.084346,131.931238
4.746740,139.084346,131.933856
4.746764,139.084346,131.935174
4.746804,139.084346,131.935200
4.746824,139.084346,131.946102
4.746862,139.084346,131.947318
4.746887,139.084346,131.951130
4.746958,139.084346,131.951155
4.746971,139.084346,131.955046
4.746998,139.084346,131.956022
4.747013,139.084346,131.958419
4.747036,139.084346,131.959891
4.747060,139.084346,131.964694
4.747099,139.084346,131.980733
4.747145,139.084346,131.981875
4.747160,139.084346,131.985619
4.747179,139.084346,131.990816
4.747206,139.084346,131.999347
4.747286,139.084346,132.000477
4.747301,139.084346,132.002918
4.747323,139.084346,132.013050
4.747362,139.084346,132.017917
4.747390,139.084346,132.026355
4.747425,139.084346,132.030240
4.747443,139.084346,132.036413
4.747475,139.084346,132.043840
4.747529,139.084346,132.056102
4.747561,139.084346,132.061011
4.747588,139.084346,132.061942
4.747603,139.084346,132.070816
4.747646,139.084346,132.075910
4.747670,139.084346,132.089437
4.747727,139.084346,132.091766
4.747749,139.084346,132.092000
4.747768,139.084346,132.095616
4.747840,139.084346,132.103136
4.747872,139.084346,132.110333
4.747961,139.084346,132.117830
4.747989,139.084346,132.123827
4.748014,139.084346,132.125235
4.748033,139.084346,132.130067
4.748056,139.084346,132.131616
4.748104,139.084346,132.132470
4.748116,139.084346,132.135238
4.748149,139.084346,132.138710
4.748171,139.084346,132.138845
4.748204,139.084346,132.141299
4.748221,139.084346,132.149686
4.748257,139.084346,132.154730
4.748298,139.084346,132.159904
4.748341,139.084346,132.165798
4.748364,139.084346,132.168352
4.748387,139.084346,132.179558
4.748426,139.084346,132.185779
4.748455,139.084346,132.186941
4.748467,139.084346,132.188118
4.748483,139.084346,132.193318
4.748611,139.084346,132.194432
4.748624,139.084346,132.201590
4.748647,139.084346,132.203216
4.748676,139.084346,132.205600
4.748697,139.084346,132.206784
4.748746,139.084346,132.207965
4.748763,139.084346,132.209344
4.748781,139.084346,132.216342
4.748812,139.084346,132.216672
4.748835,139.084346,132.217590
4.748853,139.084346,132.223798
4.748880,139.084346,132.229056
4.748918,139.084346,132.230150
4.748933,139.084346,132.233789
4.748954,139.084346,132.240032
4.749009,139.084346,132.241046
4.749025,139.084346,132.241094
4.749037,139.084346,132.241440
4.749055,139.084346,132.243776
4.749090,139.084346,132.243936
4.749106,139.084346,132.244934
4.749127,139.084346,132.253334
4.749160,139.084346,132.257299
4.749185,139.084346,132.261216
4.749208,139.084346,132.267059
4.749235,139.084346,132.273446
4.749272,139.084346,132.277053
4.749294,139.084346,132.278400
4.749323,139.084346,132.283325
4.749364,139.084346,132.286618
4.749386,139.084346,132.288134
4.749414,139.084346,132.294406
4.749460,139.084346,132.297990
4.749484,139.084346,132.298131
4.749507,139.084346,132.299264
4.749522,139.084346,132.304294
4.749553,139.084346,132.306646
4.749569,139.084346,132.315485
4.749623,139.084346,132.316381
4.749646,139.084346,132.318742
4.749663,139.084346,132.320384
4.749684,139.084346,132.325203
4.749711,139.084346,132.327382
4.749728,139.084346,132.327539
4.749752,139.084346,132.327606
4.749772,139.084346,132.331366
4.749799,139.084346,132.335264
4.749824,139.084346,132.336349
4.749843,139.084346,132.338880
4.749862,139.084346,132.340256
4.749881,139.084346,132.346134
4.749915,139.084346,132.347552
4.749936,139.084346,132.351101
4.749966,139.084346,132.353520
4.749985,139.084346,132.355987
4.750001,139.084346,132.365904
4.750038,139.084346,132.368544
4.750065,139.084346,132.370845
4.750097,139.084346,132.372032
4.750124,139.084346,132.373472
4.750141,139.084346,132.375798
4.750164,139.084346,132.376979
4.750178,139.084346,132.379744
4.750207,139.084346,132.386806
4.750267,139.084346,132.387069
4.750286,139.084346,132.389267
4.750310,139.084346,132.389478
4.750358,139.084346,132.390582
4.750373,139.084346,132.391955
4.750403,139.084346,132.395190
4.750420,139.084346,132.396822
4.750441,139.084346,132.401568
4.750488,139.084346,132.406768
4.750529,139.084346,132.411478
4.750727,139.084346,132.412992
4.750769,139.084346,132.413958
4.750792,139.084346,132.414208
4.750813,139.084346,132.414301
4.750858,139.084346,132.417952
4.750883,139.084346,132.419264
4.750915,139.084346,132.420054
4.750931,139.084346,132.425235
4.750966,139.084346,132.427846
4.751006,139.084346,132.432502
4.751042,139.084346,132.432797
4.751086,139.084346,132.436310
4.751114,139.084346,132.436352
4.751126,139.084346,132.438608
4.751145,139.084346,132.438675
4.751183,139.084346,132.440970
4.751203,139.084346,132.441158
4.751214,139.084346,132.441312
4.751247,139.084346,132.441392
4.751261,139.084346,132.442390
4.751274,139.084346,132.448710
4.751333,139.084346,132.449984
4.751348,139.084346,132.450931
4.751361,139.084346,132.450995
4.751371,139.084346,132.452243
4.751390,139.084346,132.453696
4.751411,139.084346,132.456208
4.751457,139.084346,132.458451
4.751477,139.084346,132.460934
4.751498,139.084346,132.462272
4.751522,139.084346,132.465984
4.751549,139.084346,132.469558
4.751575,139.084346,132.471008
4.751632,139.084346,132.479462
4.751682,139.084346,132.487914
4.751735,139.084346,132.488128
4.751761,139.084346,132.490739
4.751794,139.084346,132.495776
4.751836,139.084346,132.496861
4.751867,139.084346,132.511856
4.751978,139.084346,132.515443
4.752003,139.084346,132.525024
4.752059,139.084346,132.537414
4.752107,139.084346,132.537574
4.752135,139.084346,132.538790
4.752158,139.084346,132.541174
4.752183,139.084346,132.542406
4.752197,139.084346,132.547456
4.752223,139.084346,132.548672
4.752253,139.084346,132.549597
4.752265,139.084346,132.551136
4.752288,139.084346,132.554806
4.752327,139.084346,132.554845
4.752349,139.084346,132.558198
4.752377,139.084346,132.567238
4.752408,139.084346,132.575699
4.752443,139.084346,132.576096
4.752469,139.084346,132.578464
4.752492,139.084346,132.581907
4.752515,139.084346,132.585792
4.752538,139.084346,132.587136
4.752555,139.084346,132.589472
4.752572,139.084346,132.589488
4.752584,139.084346,132.590624
4.752595,139.084346,132.591958
4.752613,139.084346,132.594294
4.752632,139.084346,132.595254
4.752645,139.084346,132.600518
4.752678,139.084346,132.601850
4.752695,139.084346,132.606944
4.752728,139.084346,132.607862
4.752741,139.084346,132.608064
4.752782,139.084346,132.609344
4.752802,139.084346,132.617366
4.752838,139.084346,132.620368
4.752859,139.084346,132.633693
4.752909,139.084346,132.635197
4.752931,139.084346,132.636096
4.752943,139.084346,132.636432
4.752959,139.084346,132.639862
4.752980,139.084346,132.643670
4.752999,139.084346,132.643904
4.753024,139.084346,132.644829
4.753037,139.084346,132.648736
4.753099,139.084346,132.654973
4.753131,139.084346,132.658758
4.753153,139.084346,132.659859
4.753179,139.084346,132.660822
4.753199,139.084346,132.660870
4.753209,139.084346,132.662256
4.753223,139.084346,132.663549
4.753253,139.084346,132.668358
4.753277,139.084346,132.669542
4.753292,139.084346,132.671014
4.753310,139.084346,132.673098
4.753322,139.084346,132.673405
4.753338,139.084346,132.677168
4.753359,139.084346,132.684381
4.753385,139.084346,132.685619
4.753398,139.084346,132.686845
4.753411,139.084346,132.693254
4.753457,139.084346,132.694269
4.753470,139.084346,132.694464
4.753490,139.084346,132.699078
4.753512,139.084346,132.699360
4.753528,139.084346,132.700672
4.753552,139.084346,132.701462
4.753565,139.084346,132.704125
4.753584,139.084346,132.715347
4.753628,139.084346,132.717920
4.753658,139.084346,132.731312
4.753707,139.084346,132.731568
4.753723,139.084346,132.731584
4.753742,139.084346,132.733984
4.753765,139.084346,132.735296
4.753785,139.084346,132.741437
4.753815,139.084346,132.742400
4.753825,139.084346,132.744832
4.753844,139.084346,132.751254
4.753877,139.084346,132.758685
4.753901,139.084346,132.759635
4.753916,139.084346,132.759846
4.753956,139.084346,132.760883
4.753972,139.084346,132.762278
4.754002,139.084346,132.767091
4.754031,139.084346,132.767200
4.754046,139.084346,132.769798
4.754064,139.084346,132.771104
4.754091,139.084346,132.776048
4.754118,139.084346,132.789142
4.754163,139.084346,132.790592
4.754180,139.084346,132.798048
4.754206,139.084346,132.800614
4.754224,139.084346,132.801824
4.754252,139.084346,132.805270
4.754282,139.084346,132.805430
4.754301,139.084346,132.811526
4.754321,139.084346,132.811712
4.754336,139.084346,132.818806
4.754367,139.084346,132.822688
4.754389,139.084346,132.822880
4.754404,139.084346,132.823926
4.754419,139.084346,132.827549
4.754437,139.084346,132.827568
4.754456,139.084346,132.828765
4.754471,139.084346,132.830336
4.754487,139.084346,132.831488
4.754509,139.084346,132.839830
4.754542,139.084346,132.840256
4.754559,139.084346,132.841318
4.754578,139.084346,132.845104
4.754599,139.084346,132.856096
4.754633,139.084346,132.861062
4.754677,139.084346,132.862077
4.754694,139.084346,132.862400
4.754724,139.084346,132.867261
4.754750,139.084346,132.875936
4.754778,139.084346,132.876970
4.754804,139.084346,132.877050
4.754827,139.084346,132.881942
4.754855,139.084346,132.883094
4.754877,139.084346,132.885798
4.754948,139.084346,132.885811
4.754967,139.084346,132.888125
4.754985,139.084346,132.890547
4.754999,139.084346,132.894608
4.755029,139.084346,132.909158
4.755073,139.084346,132.909245
4.755088,139.084346,132.910230
4.755102,139.084346,132.910397
4.755135,139.084346,132.919040
4.755190,139.084346,132.921504
4.755214,139.084346,132.924189
4.755236,139.084346,132.925472
4.755267,139.084346,132.932531
4.755292,139.084346,132.937683
4.755332,139.084346,132.941299
4.755360,139.084346,132.946262
4.755380,139.084346,132.949981
4.755409,139.084346,132.957376
4.755476,139.084346,132.966998
4.755521,139.084346,132.971027
4.755553,139.084346,132.973238
4.755570,139.084346,132.974525
4.755585,139.084346,132.981738
4.755614,139.084346,132.982141
4.755640,139.084346,132.984278
4.755654,139.084346,132.985779
4.755679,139.084346,132.999126
4.755727,139.084346,132.999190
4.755795,139.084346,133.000646
4.755813,139.084346,133.001830
4.755831,139.084346,133.001926
4.755859,139.084346,133.004294
4.755883,139.084346,133.006592
4.755897,139.084346,133.007718
4.755914,139.084346,133.009328
4.755934,139.084346,133.011744
4.755954,139.084346,133.012976
4.755974,139.084346,133.014045
4.755991,139.084346,133.018144
4.756034,139.084346,133.019104
4.756085,139.084346,133.021536
4.756105,139.084346,133.022720
4.756121,139.084346,133.026560
4.756142,139.084346,133.027558
4.756157,139.084346,133.028918
4.756175,139.084346,133.030304
4.756205,139.084346,133.031414
4.756221,139.084346,133.032445
4.756237,139.084346,133.038944
4.756275,139.084346,133.040000
4.756291,139.084346,133.044950
4.756324,139.084346,133.046406
4.756350,139.084346,133.049747
4.756364,139.084346,133.053430
4.756392,139.084346,133.055955
4.756410,139.084346,133.055987
4.756433,139.084346,133.057213
4.756452,139.084346,133.057536
4.756478,139.084346,133.059827
4.756507,139.084346,133.061158
4.756547,139.084346,133.068288
4.756579,139.084346,133.072352
4.756609,139.084346,133.073504
4.756622,139.084346,133.075539
4.756638,139.084346,133.076096
4.756661,139.084346,133.079507
4.756683,139.084346,133.088448
4.756721,139.084346,133.089267
4.756733,139.084346,133.089616
4.756755,139.084346,133.091837
4.756772,139.084346,133.092966
4.756785,139.084346,133.093248
4.756806,139.084346,133.093376
4.756839,139.084346,133.102944
4.756891,139.084346,133.104352
4.756907,139.084346,133.106880
4.756927,139.084346,133.110166
4.756942,139.084346,133.110342
4.756956,139.084346,133.111581
4.756976,139.084346,133.111699
4.756993,139.084346,133.111805
4.757014,139.084346,133.120358
4.757092,139.084346,133.130118
4.757128,139.084346,133.132646
4.757161,139.084346,133.132733
4.757175,139.084346,133.137405
4.757198,139.084346,133.137459
4.757213,139.084346,133.142262
4.757240,139.084346,133.143510
4.757258,139.084346,133.145094
4.757287,139.084346,133.150128
4.757344,139.084346,133.156016
4.757379,139.084346,133.156070
4.757394,139.084346,133.160726
4.757414,139.084346,133.165910
4.757440,139.084346,133.166922
4.757453,139.084346,133.167126
4.757464,139.084346,133.168416
4.757477,139.084346,133.173046
4.757501,139.084346,133.173309
4.757517,139.084346,133.183219
4.757562,139.084346,133.187750
4.757585,139.084346,133.194438
4.757646,139.084346,133.195414
4.757657,139.084346,133.195472
4.757667,139.084346,133.197846
4.757688,139.084346,133.200342
4.757707,139.084346,133.201958
4.757757,139.084346,133.202806
4.757768,139.084346,133.214102
4.757806,139.084346,133.216112
4.757820,139.084346,133.217683
4.757839,139.084346,133.218016
4.757855,139.084346,133.221238
4.757875,139.084346,133.226464
4.757906,139.084346,133.226656
4.757920,139.084346,133.229894
4.757934,139.084346,133.230144
4.757949,139.084346,133.230237
4.757962,139.084346,133.232637
4.757983,139.084346,133.233926
4.758052,139.084346,133.236243
4.758073,139.084346,133.237600
4.758091,139.084346,133.239734
4.758111,139.084346,133.241139
4.758125,139.084346,133.241171
4.758141,139.084346,133.241312
4.758155,139.084346,133.252454
4.758192,139.084346,133.253664
4.758205,139.084346,133.257270
4.758231,139.084346,133.260915
4.758265,139.084346,133.274717
4.758319,139.084346,133.281907
4.758350,139.084346,133.284608
4.758379,139.084346,133.291872
4.758401,139.084346,133.293213
4.758426,139.084346,133.294464
4.758440,139.084346,133.296755
4.758457,139.084346,133.299325
4.758478,139.084346,133.300669
4.758521,139.084346,133.302899
4.758539,139.084346,133.303078
4.758556,139.084346,133.305664
4.758578,139.084346,133.310566
4.758603,139.084346,133.312726
4.758617,139.084346,133.314102
4.758634,139.084346,133.314131
4.758649,139.084346,133.315187
4.758662,139.084346,133.317885
4.758708,139.084346,133.319069
4.758731,139.084346,133.319168
4.758746,139.084346,133.320416
4.758761,139.084346,133.320454
4.758780,139.084346,133.321632
4.758822,139.084346,133.327488
4.758847,139.084346,133.327731
4.758866,139.084346,133.327744
4.758926,139.084346,133.333683
4.758947,139.084346,133.335990
4.758962,139.084346,133.336656
4.758987,139.084346,133.337430
4.759004,139.084346,133.338438
4.759015,139.084346,133.339670
4.759028,139.084346,133.339869
4.759037,139.084346,133.340224
4.759050,139.084346,133.340918
4.759061,139.084346,133.343302
4.759075,139.084346,133.351136
4.759102,139.084346,133.356083
4.759126,139.084346,133.358422
4.759140,139.084346,133.358611
4.759155,139.084346,133.366176
4.759197,139.084346,133.366890
4.759213,139.084346,133.374630
4.759256,139.084346,133.378163
4.759275,139.084346,133.381747
4.759295,139.084346,133.385888
4.759317,139.084346,133.390390
4.759339,139.084346,133.391904
4.759353,139.084346,133.393014
4.759375,139.084346,133.395382
4.759397,139.084346,133.402016
4.759456,139.084346,133.411654
4.759487,139.084346,133.412992
4.759508,139.084346,133.414272
4.759534,139.084346,133.415328
4.759557,139.084346,133.426355
4.759600,139.084346,133.426448
4.759614,139.084346,133.427763
4.759647,139.084346,133.428998
4.759691,139.084346,133.431558
4.759711,139.084346,133.432374
4.759731,139.084346,133.432426
4.759750,139.084346,133.440102
4.759784,139.084346,133.450922
4.759813,139.084346,133.450944
4.759825,139.084346,133.454774
4.759866,139.084346,133.454806
4.759879,139.084346,133.458592
4.759899,139.084346,133.464566
4.759927,139.084346,133.466128
4.759944,139.084346,133.467094
4.759958,139.084346,133.468486
4.759972,139.084346,133.469600
4.759983,139.084346,133.473318
4.760002,139.084346,133.473408
4.760016,139.084346,133.474512
4.760034,139.084346,133.474662
4.760052,139.084346,133.474726
4.760071,139.084346,133.477056
4.760085,139.084346,133.483136
4.760109,139.084346,133.488051
4.760132,139.084346,133.489350
4.760144,139.084346,133.490726
4.760183,139.084346,133.498054
4.760221,139.084346,133.499325
4.760240,139.084346,133.501462
4.760253,139.084346,133.501619
4.760318,139.084346,133.504384
4.760342,139.084346,133.511517
4.760370,139.084346,133.512912
4.760392,139.084346,133.517885
4.760417,139.084346,133.518966
4.760433,139.084346,133.526419
4.760470,139.084346,133.527677
4.760493,139.084346,133.533802
4.760517,139.084346,133.538784
4.760540,139.084346,133.540285
4.760570,139.084346,133.541046
4.760581,139.084346,133.542566
4.760613,139.084346,133.543840
4.760632,139.084346,133.546163
4.760654,139.084346,133.547414
4.760670,139.084346,133.552704
4.760697,139.084346,133.553587
4.760714,139.084346,133.555046
4.760733,139.084346,133.557536
4.760763,139.084346,133.559542
4.760779,139.084346,133.561094
4.760799,139.084346,133.563347
4.760819,139.084346,133.568285
4.760837,139.084346,133.569555
4.760861,139.084346,133.572192
4.760893,139.084346,133.577184
4.760923,139.084346,133.579712
4.760947,139.084346,133.589632
4.760988,139.084346,133.590547
4.761013,139.084346,133.591782
4.761023,139.084346,133.595680
4.761047,139.084346,133.598176
4.761071,139.084346,133.600512
4.761137,139.084346,133.600608
4.761151,139.084346,133.607965
4.761180,139.084346,133.611350
4.761201,139.084346,133.612765
4.761214,139.084346,133.616502
4.761236,139.084346,133.621491
4.761254,139.084346,133.622771
4.761268,139.084346,133.623766
4.761281,139.084346,133.624166
4.761298,139.084346,133.632352
4.761334,139.084346,133.636106
4.761352,139.084346,133.636202
4.761364,139.084346,133.637107
4.761381,139.084346,133.639958
4.761404,139.084346,133.643552
4.761421,139.084346,133.645062
4.761434,139.084346,133.646304
4.761449,139.084346,133.655002
4.761484,139.084346,133.662077
4.761508,139.084346,133.665949
4.761542,139.084346,133.667357
4.761564,139.084346,133.668320
4.761574,139.084346,133.670742
4.761593,139.084346,133.672198
4.761607,139.084346,133.680438
4.761636,139.084346,133.684605
4.761657,139.084346,133.686803
4.761684,139.084346,133.688198
4.761704,139.084346,133.688256
4.761731,139.084346,133.689382
4.761742,139.084346,133.695616
4.761775,139.084346,133.706598
4.761810,139.084346,133.711507
4.761829,139.084346,133.711766
4.761853,139.084346,133.717734
4.761885,139.084346,133.717846
4.761898,139.084346,133.721504
4.761925,139.084346,133.722886
4.761942,139.084346,133.722912
4.761955,139.084346,133.723910
4.761967,139.084346,133.725181
4.761989,139.084346,133.730246
4.762018,139.084346,133.731350
4.762034,139.084346,133.731382
4.762048,139.084346,133.734806
4.762062,139.084346,133.734963
4.762091,139.084346,133.739978
4.762113,139.084346,133.741360
4.762127,139.084346,133.742368
4.762137,139.084346,133.754739
4.762175,139.084346,133.756166
4.762198,139.084346,133.761328
4.762226,139.084346,133.773213
4.762264,139.084346,133.773350
4.762277,139.084346,133.779664
4.762311,139.084346,133.780413
4.762327,139.084346,133.785696
4.762353,139.084346,133.787014
4.762392,139.084346,133.789248
4.762405,139.084346,133.790614
4.762422,139.084346,133.790816
4.762440,139.084346,133.793181
4.762467,139.084346,133.797949
4.762486,139.084346,133.797990
4.762509,139.084346,133.802890
4.762537,139.084346,133.804288
4.762563,139.084346,133.807734
4.762582,139.084346,133.807763
4.762596,139.084346,133.809014
4.762615,139.084346,133.814934
4.762638,139.084346,133.815584
4.762719,139.084346,133.816467
4.762731,139.084346,133.817885
4.762756,139.084346,133.825110
4.762778,139.084346,133.839942
4.762832,139.084346,133.846214
4.762856,139.084346,133.847424
4.762884,139.084346,133.852342
4.762912,139.084346,133.853504
4.762925,139.084346,133.861216
4.762963,139.084346,133.867293
4.762988,139.084346,133.873030
4.763007,139.084346,133.877181
4.763107,139.084346,133.879091
4.763122,139.084346,133.885702
4.763152,139.084346,133.887037
4.763170,139.084346,133.887926
4.763181,139.084346,133.894448
4.763205,139.084346,133.895581
4.763224,139.084346,133.895680
4.763242,139.084346,133.896925
4.763280,139.084346,133.896947
4.763297,139.084346,133.899360
4.763314,139.084346,133.901750
4.763332,139.084346,133.904246
4.763353,139.084346,133.907638
4.763373,139.084346,133.908061
4.763393,139.084346,133.909152
4.763411,139.084346,133.915232
4.763437,139.084346,133.917661
4.763455,139.084346,133.926038
4.763484,139.084346,133.927776
4.763500,139.084346,133.928992
4.763552,139.084346,133.931517
4.763568,139.084346,133.939677
4.763600,139.084346,133.939923
4.763630,139.084346,133.942512
4.763645,139.084346,133.947392
4.763666,139.084346,133.947456
4.763679,139.084346,133.948733
4.763695,139.084346,133.954845
4.763721,139.084346,133.957008
4.763736,139.084346,133.964864
4.763769,139.084346,133.965856
4.763781,139.084346,133.969664
4.763800,139.084346,133.969670
4.763813,139.084346,133.969856
4.763837,139.084346,133.970976
4.763856,139.084346,133.972198
4.763875,139.084346,133.974589
4.763891,139.084346,133.977149
4.763916,139.084346,133.978333
4.763953,139.084346,133.979552
4.763966,139.084346,133.982806
4.763981,139.084346,133.984093
4.763997,139.084346,133.984480
4.764013,139.084346,133.990672
4.764037,139.084346,133.991904
4.764051,139.084346,133.994208
4.764065,139.084346,133.995581
4.764082,139.084346,134.001651
4.764112,139.084346,134.006486
4.764142,139.084346,134.006570
4.764155,139.084346,134.007670
4.764172,139.084346,134.008000
4.764186,139.084346,134.013920
4.764207,139.084346,134.014237
4.764228,139.084346,134.015187
4.764240,139.084346,134.024038
4.764294,139.084346,134.025286
4.764314,139.084346,134.028928
4.764339,139.084346,134.029949
4.764352,139.084346,134.030144
4.764365,139.084346,134.032608
4.764383,139.084346,134.036086
4.764401,139.084346,134.040064
4.764461,139.084346,134.048800
4.764492,139.084346,134.050806
4.764504,139.084346,134.051296
4.764520,139.084346,134.057248
4.764540,139.084346,134.058653
4.764568,139.084346,134.062013
4.764598,139.084346,134.063379
4.764614,139.084346,134.068678
4.764651,139.084346,134.069334
4.764669,139.084346,134.078314
4.764706,139.084346,134.079350
4.764726,139.084346,134.089104
4.764764,139.084346,134.091773
4.764780,139.084346,134.093376
4.764807,139.084346,134.093440
4.764825,139.084346,134.109139
4.764867,139.084346,134.118899
4.764901,139.084346,134.120118
4.764922,139.084346,134.121629
4.764958,139.084346,134.125142
4.764975,139.084346,134.126262
4.764989,139.084346,134.129846
4.765005,139.084346,134.142688
4.765048,139.084346,134.143718
4.765077,139.084346,134.148806
4.765108,139.084346,134.152179
4.765125,139.084346,134.152486
4.765144,139.084346,134.156064
4.765198,139.084346,134.156157
4.765212,139.084346,134.158486
4.765231,139.084346,134.158749
4.765254,139.084346,134.159872
4.765270,139.084346,134.162067
4.765293,139.084346,134.163520
4.765330,139.084346,134.167059
4.765377,139.084346,134.167091
4.765390,139.084346,134.168608
4.765418,139.084346,134.176854
4.765449,139.084346,134.180819
4.765477,139.084346,134.185757
4.765499,139.084346,134.185821
4.765513,139.084346,134.186950
4.765535,139.084346,134.191894
4.765559,139.084346,134.194464
4.765583,139.084346,134.199104
4.765606,139.084346,134.202880
4.765627,139.084346,134.204070
4.765640,139.084346,134.204294
4.765660,139.084346,134.205366
4.765674,139.084346,134.208032
4.765692,139.084346,134.216582
4.765721,139.084346,134.217546
4.765733,139.084346,134.217725
4.765747,139.084346,134.217792
4.765757,139.084346,134.221555
4.765775,139.084346,134.223872
4.765793,139.084346,134.226291
4.765812,139.084346,134.227872
4.765839,139.084346,134.231475
4.765893,139.084346,134.231584
4.765911,139.084346,134.236246
4.765937,139.084346,134.236400
4.765953,139.084346,134.238909
4.765977,139.084346,134.241318
4.766034,139.084346,134.245088
4.766067,139.084346,134.247030
4.766078,139.084346,134.248563
4.766092,139.084346,134.251187
4.766108,139.084346,134.253824
4.766145,139.084346,134.259664
4.766174,139.084346,134.263318
4.766193,139.084346,134.265821
4.766208,139.084346,134.265856
4.766222,139.084346,134.266144
4.766236,139.084346,134.267174
4.766251,139.084346,134.269222
4.766262,139.084346,134.272086
4.766288,139.084346,134.282013
4.766327,139.084346,134.283296
4.766339,139.084346,134.284342
4.766353,139.084346,134.285789
4.766371,139.084346,134.287990
4.766387,139.084346,134.288150
4.766404,139.084346,134.298144
4.766455,139.084346,134.299197
4.766469,139.084346,134.299360
4.766508,139.084346,134.302816
4.766523,139.084346,134.306538
4.766552,139.084346,134.308051
4.766597,139.084346,134.310291
4.766615,139.084346,134.314112
4.766635,139.084346,134.318934
4.766653,139.084346,134.323574
4.766671,139.084346,134.325213
4.766708,139.084346,134.327526
4.766721,139.084346,134.328733
4.766732,139.084346,134.337696
4.766798,139.084346,134.339754
4.766812,139.084346,134.341248
4.766826,139.084346,134.342474
4.766842,139.084346,134.344957
4.766863,139.084346,134.346259
4.766882,139.084346,134.349926
4.766913,139.084346,134.352086
4.766928,139.084346,134.352243
4.766943,139.084346,134.352339
4.766966,139.084346,134.352368
4.766976,139.084346,134.352416
4.766994,139.084346,134.354912
4.767011,139.084346,134.358205
4.767031,139.084346,134.359894
4.767047,139.084346,134.359904
4.767061,139.084346,134.363677
4.767096,139.084346,134.364406
4.767105,139.084346,134.364736
4.767119,139.084346,134.365888
4.767142,139.084346,134.367232
4.767161,139.084346,134.368406
4.767175,139.084346,134.372019
4.767456,139.084346,134.374694
4.767481,139.084346,134.376842
4.767496,139.084346,134.385494
4.767532,139.084346,134.385766
4.767561,139.084346,134.389491
4.767586,139.084346,134.390630
4.767597,139.084346,134.399296
4.767633,139.084346,134.400342
4.767651,139.084346,134.400582
4.767666,139.084346,134.402976
4.767701,139.084346,134.410432
4.767791,139.084346,134.417750
4.767833,139.084346,134.419078
4.767851,139.084346,134.427539
4.767886,139.084346,134.432733
4.767933,139.084346,134.443702
4.767966,139.084346,134.446406
4.767986,139.084346,134.455997
4.768014,139.084346,134.458422
4.768029,139.084346,134.458470
4.768046,139.084346,134.461216
4.768068,139.084346,134.461750
4.768079,139.084346,134.463210
4.768090,139.084346,134.464704
4.768118,139.084346,134.473568
4.768153,139.084346,134.474582
4.768168,139.084346,134.475878
4.768189,139.084346,134.479238
4.768205,139.084346,134.483456
4.768229,139.084346,134.484477
4.768242,139.084346,134.485462
4.768255,139.084346,134.485533
4.768266,139.084346,134.493245
4.768301,139.084346,134.493248
4.768316,139.084346,134.494205
4.768327,139.084346,134.495475
4.768350,139.084346,134.504349
4.768379,139.084346,134.508019
4.768403,139.084346,134.513917
4.768420,139.084346,134.514086
4.768447,139.084346,134.516467
4.768466,139.084346,134.516560
4.768477,139.084346,134.524096
4.768502,139.084346,134.524938
4.768512,139.084346,134.526432
4.768555,139.084346,134.537629
4.768591,139.084346,134.538685
4.768606,139.084346,134.544531
4.768632,139.084346,134.549840
4.768654,139.084346,134.549958
4.768715,139.084346,134.552512
4.768735,139.084346,134.556189
4.768760,139.084346,134.557302
4.768774,139.084346,134.562464
4.768806,139.084346,134.563568
4.768819,139.084346,134.564598
4.768832,139.084346,134.565878
4.768869,139.084346,134.568544
4.768897,139.084346,134.570739
4.768909,139.084346,134.572358
4.768942,139.084346,134.575814
4.768964,139.084346,134.580861
4.768989,139.084346,134.581926
4.769002,139.084346,134.586950
4.769040,139.084346,134.587914
4.769055,139.084346,134.588256
4.769091,139.084346,134.589446
4.769114,139.084346,134.591936
4.769130,139.084346,134.594240
4.769142,139.084346,134.595446
4.769159,139.084346,134.596832
4.769175,139.084346,134.601638
4.769192,139.084346,134.602870
4.769206,139.084346,134.608000
4.769235,139.084346,134.610419
4.769256,139.084346,134.611357
4.769268,139.084346,134.611718
4.769285,139.084346,134.612723
4.769308,139.084346,134.614118
4.769320,139.084346,134.616688
4.769346,139.084346,134.618931
4.769361,139.084346,134.621382
4.769377,139.084346,134.622707
4.769393,139.084346,134.628822
4.769422,139.084346,134.632406
4.769451,139.084346,134.632566
4.769468,139.084346,134.633853
4.769494,139.084346,134.633952
4.769506,139.084346,134.636179
4.769520,139.084346,134.643606
4.769551,139.084346,134.645152
4.769609,139.084346,134.645216
4.769630,139.084346,134.648394
4.769648,139.084346,134.648806
4.769673,139.084346,134.649894
4.769693,139.084346,134.653728
4.769723,139.084346,134.654912
4.769751,139.084346,134.656061
4.769766,139.084346,134.657302
4.769787,139.084346,134.663517
4.769847,139.084346,134.680605
4.769892,139.084346,134.680659
4.769908,139.084346,134.682086
4.769926,139.084346,134.684704
4.769952,139.084346,134.688310
4.769973,139.084346,134.689501
4.769995,139.084346,134.697990
4.770018,139.084346,134.700669
4.770053,139.084346,134.705664
4.770092,139.084346,134.711616
4.770118,139.084346,134.715286
4.770145,139.084346,134.715398
4.770169,139.084346,134.715616
4.770191,139.084346,134.719072
4.770211,139.084346,134.725046
4.770235,139.084346,134.728573
4.770253,139.084346,134.732736
4.770277,139.084346,134.733782
4.770290,139.084346,134.737245
4.770316,139.084346,134.739040
4.770338,139.084346,134.739798
4.770355,139.084346,134.743805
4.770398,139.084346,134.747549
4.770424,139.084346,134.751030
4.770445,139.084346,134.752528
4.770466,139.084346,134.761056
4.770505,139.084346,134.761885
4.770516,139.084346,134.767312
4.770542,139.084346,134.769856
4.770583,139.084346,134.773277
4.770606,139.084346,134.773344
4.770617,139.084346,134.774685
4.770636,139.084346,134.779424
4.770658,139.084346,134.780669
4.770672,139.084346,134.780797
4.770688,139.084346,134.784339
4.770705,139.084346,134.797907
4.770756,139.084346,134.804115
4.770781,139.084346,134.809216
4.770817,139.084346,134.817894
4.770859,139.084346,134.822390
4.770874,139.084346,134.822726
4.770925,139.084346,134.824224
4.770978,139.084346,134.826365
4.770997,139.084346,134.831584
4.771030,139.084346,134.832285
4.771042,139.084346,134.832608
4.771062,139.084346,134.832816
4.771080,139.084346,134.833885
4.771094,139.084346,134.841184
4.771120,139.084346,134.841360
4.771136,139.084346,134.842454
4.771148,139.084346,134.845910
4.771167,139.084346,134.846998
4.771182,139.084346,134.847648
4.771218,139.084346,134.848755
4.771247,139.084346,134.851030
4.771265,139.084346,134.851958
4.771281,139.084346,134.853670
4.771297,139.084346,134.859558
4.771317,139.084346,134.862070
4.771340,139.084346,134.868518
4.771369,139.084346,134.869542
4.771381,139.084346,134.873408
4.771403,139.084346,134.874506
4.771419,139.084346,134.877088
4.771437,139.084346,134.882112
4.771462,139.084346,134.882928
4.771474,139.084346,134.884285
4.771492,139.084346,134.889382
4.771522,139.084346,134.889472
4.771532,139.084346,134.890672
4.771547,139.084346,134.891840
4.771576,139.084346,134.893110
4.771590,139.084346,134.894246
4.771612,139.084346,134.895306
4.771627,139.084346,134.896790
4.771643,139.084346,134.897024
4.771662,139.084346,134.898086
4.771694,139.084346,134.899325
4.771730,139.084346,134.901920
4.771748,139.084346,134.903136
4.771767,139.084346,134.908957
4.771787,139.084346,134.911734
4.771813,139.084346,134.911846
4.771861,139.084346,134.921504
4.771921,139.084346,134.927379
4.771944,139.084346,134.938880
4.771991,139.084346,134.949622
4.772032,139.084346,134.958282
4.772063,139.084346,134.958528
4.772075,139.084346,134.962291
4.772098,139.084346,134.964608
4.772113,139.084346,134.964701
4.772125,139.084346,134.965984
4.772214,139.084346,134.969526
4.772228,139.084346,134.969555
4.772240,139.084346,134.969792
4.772254,139.084346,134.972192
4.772286,139.084346,134.975968
4.772319,139.084346,134.981725
4.772342,139.084346,134.982086
4.772362,139.084346,134.984480
4.772396,139.084346,134.987104
4.772415,139.084346,134.989245
4.772431,139.084346,134.991830
4.772455,139.084346,134.995254
4.772474,139.084346,134.995446
4.772490,139.084346,134.997942
4.772515,139.084346,135.004416
4.772549,139.084346,135.007910
4.772570,139.084346,135.010464
4.772600,139.084346,135.015526
4.772628,139.084346,135.018762
4.772645,139.084346,135.023808
4.772667,139.084346,135.024038
4.772773,139.084346,135.026336
4.772793,139.084346,135.026429
4.772807,139.084346,135.029024
4.772831,139.084346,135.032550
4.772845,139.084346,135.033939
4.772862,139.084346,135.044819
4.772901,139.084346,135.046240
4.772918,139.084346,135.048499
4.772947,139.084346,135.048605
4.772964,139.084346,135.054896
4.772987,139.084346,135.055766
4.772998,139.084346,135.060886
4.773029,139.084346,135.062240
4.773057,139.084346,135.069638
4.773085,139.084346,135.074726
4.773117,139.084346,135.078173
4.773141,139.084346,135.078230
4.773154,139.084346,135.080490
4.773173,139.084346,135.081984
4.773188,139.084346,135.082160
4.773202,139.084346,135.084285
4.773218,139.084346,135.084669
4.773253,139.084346,135.085536
4.773267,139.084346,135.089437
4.773308,139.084346,135.097056
4.773355,139.084346,135.098941
4.773366,139.084346,135.099334
4.773388,139.084346,135.104317
4.773412,139.084346,135.105142
4.773425,139.084346,135.111741
4.773458,139.084346,135.112870
4.773476,139.084346,135.117814
4.773505,139.084346,135.117846
4.773516,139.084346,135.124157
4.773552,139.084346,135.126262
4.773571,139.084346,135.126451
4.773590,139.084346,135.131366
4.773632,139.084346,135.134016
4.773655,139.084346,135.135264
4.773691,139.084346,135.139968
4.773724,139.084346,135.140224
4.773745,139.084346,135.141248
4.773759,139.084346,135.143466
4.773774,139.084346,135.147526
4.773794,139.084346,135.149824
4.773810,139.084346,135.150902
4.773822,139.084346,135.150934
4.773832,139.084346,135.151168
4.773850,139.084346,135.154739
4.773871,139.084346,135.157168
4.773888,139.084346,135.157344
4.773910,139.084346,135.167027
4.773948,139.084346,135.171677
4.773970,139.084346,135.174483
4.773988,139.084346,135.177107
4.774005,139.084346,135.182048
4.774028,139.084346,135.188221
4.774054,139.084346,135.191968
4.774079,139.084346,135.192758
4.774089,139.084346,135.193094
4.774115,139.084346,135.194326
4.774134,139.084346,135.198006
4.774153,139.084346,135.205629
4.774192,139.084346,135.214070
4.774226,139.084346,135.214118
4.774240,139.084346,135.216646
4.774348,139.084346,135.217654
4.774366,139.084346,135.228678
4.774404,139.084346,135.232458
4.774428,139.084346,135.233971
4.774449,139.084346,135.236352
4.774464,139.084346,135.241478
4.774515,139.084346,135.244944
4.774535,139.084346,135.248838
4.774559,139.084346,135.251264
4.774578,139.084346,135.252246
4.774594,139.084346,135.252512
4.774693,139.084346,135.254736
4.774706,139.084346,135.261216
4.774738,139.084346,135.265654
4.774761,139.084346,135.265958
4.774781,139.084346,135.269651
4.774800,139.084346,135.270931
4.774816,139.084346,135.273504
4.774845,139.084346,135.274624
4.774869,139.084346,135.277043
4.774897,139.084346,135.278195
4.774908,139.084346,135.278288
4.774922,139.084346,135.280704
4.774938,139.084346,135.280851
4.774968,139.084346,135.283366
4.774992,139.084346,135.284560
4.775010,139.084346,135.284576
4.775029,139.084346,135.285702
4.775050,139.084346,135.285824
4.775069,139.084346,135.287926
4.775093,139.084346,135.288288
4.775112,139.084346,135.289597
4.775130,139.084346,135.290326
4.775140,139.084346,135.290656
4.775159,139.084346,135.293248
4.775184,139.084346,135.295744
4.775208,139.084346,135.297939
4.775231,139.084346,135.299293
4.775267,139.084346,135.300614
4.775282,139.084346,135.302016
4.775301,139.084346,135.306707
4.775377,139.084346,135.315187
4.775401,139.084346,135.316464
4.775419,139.084346,135.316608
4.775433,139.084346,135.320118
4.775455,139.084346,135.320192
4.775465,139.084346,135.324054
4.775490,139.084346,135.325203
4.775508,139.084346,135.325277
4.775522,139.084346,135.326262
4.775534,139.084346,135.327414
4.775553,139.084346,135.328896
4.775571,139.084346,135.330182
4.775587,139.084346,135.332310
4.775599,139.084346,135.332678
4.775629,139.084346,135.333814
4.775643,139.084346,135.335069
4.775660,139.084346,135.338486
4.775680,139.084346,135.341149
4.775697,139.084346,135.341190
4.775719,139.084346,135.342358
4.775733,139.084346,135.343699
4.775768,139.084346,135.348829
4.775810,139.084346,135.350086
4.775829,139.084346,135.353459
4.775846,139.084346,135.353632
4.775862,139.084346,135.353702
4.775878,139.084346,135.354909
4.775897,139.084346,135.359667
4.775925,139.084346,135.375638
4.775972,139.084346,135.379613
4.776002,139.084346,135.383232
4.776021,139.084346,135.385792
4.776042,139.084346,135.386960
4.776058,139.084346,135.390374
4.776077,139.084346,135.390624
4.776090,139.084346,135.391510
4.776105,139.084346,135.394406
4.776398,139.084346,135.396893
4.776426,139.084346,135.399325
4.776447,139.084346,135.400502
4.776466,139.084346,135.406582
4.776487,139.084346,135.406774
4.776510,139.084346,135.410134
4.776531,139.084346,135.412838
4.776557,139.084346,135.414064
4.776574,139.084346,135.414070
4.776594,139.084346,135.414099
4.776604,139.084346,135.418867
4.776643,139.084346,135.419862
4.776655,139.084346,135.420125
4.776665,139.084346,135.421664
4.776687,139.084346,135.424064
4.776713,139.084346,135.426400
4.776741,139.084346,135.426624
4.776758,139.084346,135.428662
4.776787,139.084346,135.431453
4.776808,139.084346,135.432502
4.776824,139.084346,135.436285
4.776848,139.084346,135.436310
4.776862,139.084346,135.440006
4.776922,139.084346,135.441373
4.776936,139.084346,135.442387
4.776953,139.084346,135.443421
4.776971,139.084346,135.448672
4.776999,139.084346,135.450016
4.777025,139.084346,135.452352
4.777040,139.084346,135.452448
4.777053,139.084346,135.454928
4.777069,139.084346,135.455904
4.777082,139.084346,135.456115
4.777099,139.084346,135.459846
4.777123,139.084346,135.463379
4.777139,139.084346,135.463648
4.777157,139.084346,135.465981
4.777197,139.084346,135.474518
4.777231,139.084346,135.478336
4.777264,139.084346,135.482931
4.777284,139.084346,135.483123
4.777295,139.084346,135.488042
4.777314,139.084346,135.489213
4.777327,139.084346,135.492080
4.777349,139.084346,135.494419
4.777364,139.084346,135.494560
4.777388,139.084346,135.495382
4.777401,139.084346,135.495517
4.777415,139.084346,135.507606
4.777450,139.084346,135.510336
4.777481,139.084346,135.511616
4.777499,139.084346,135.513834
4.777515,139.084346,135.514080
4.777528,139.084346,135.516736
4.777554,139.084346,135.521536
4.777580,139.084346,135.527792
4.777605,139.084346,135.533885
4.777632,139.084346,135.536339
4.777650,139.084346,135.538643
4.777664,139.084346,135.540096
4.777680,139.084346,135.543581
4.777704,139.084346,135.543840
4.777731,139.084346,135.544726
4.777743,139.084346,135.544851
4.777760,139.084346,135.549750
4.777786,139.084346,135.551030
4.777811,139.084346,135.552358
4.777828,139.084346,135.554630
4.777843,139.084346,135.558326
4.777870,139.084346,135.558486
4.777892,139.084346,135.558589
4.777906,139.084346,135.562323
4.777934,139.084346,135.565904
4.777957,139.084346,135.572134
4.777981,139.084346,135.574314
4.777998,139.084346,135.574406
4.778007,139.084346,135.574643
4.778027,139.084346,135.576854
4.778041,139.084346,135.580832
4.778068,139.084346,135.581981
4.778093,139.084346,135.589437
4.778189,139.084346,135.590672
4.778203,139.084346,135.590816
4.778218,139.084346,135.593152
4.778246,139.084346,135.593168
4.778261,139.084346,135.595472
4.778273,139.084346,135.599005
4.778288,139.084346,135.599283
4.778303,139.084346,135.600448
4.778315,139.084346,135.600582
4.778331,139.084346,135.601824
4.778371,139.084346,135.611712
4.778410,139.084346,135.612960
4.778422,139.084346,135.621494
4.778456,139.084346,135.621514
4.778468,139.084346,135.623910
4.778487,139.084346,135.624048
4.778502,139.084346,135.626483
4.778548,139.084346,135.630006
4.778572,139.084346,135.635264
4.778601,139.084346,135.640019
4.778627,139.084346,135.640285
4.778649,139.084346,135.641299
4.778671,139.084346,135.644992
4.778710,139.084346,135.647286
4.778729,139.084346,135.648563
4.778744,139.084346,135.650998
4.778768,139.084346,135.651990
4.778788,139.084346,135.652339
4.778799,139.084346,135.652384
4.778819,139.084346,135.654730
4.778848,139.084346,135.655894
4.778862,139.084346,135.658525
4.778879,139.084346,135.659702
4.778893,139.084346,135.665917
4.778927,139.084346,135.665936
4.778939,139.084346,135.668115
4.778953,139.084346,135.669661
4.778969,139.084346,135.676982
4.778998,139.084346,135.686726
4.779082,139.084346,135.686976
4.779096,139.084346,135.691478
4.779118,139.084346,135.695776
4.779149,139.084346,135.699018
4.779168,139.084346,135.699254
4.779181,139.084346,135.699360
4.779212,139.084346,135.703046
4.779251,139.084346,135.704182
4.779262,139.084346,135.705344
4.779277,139.084346,135.711190
4.779302,139.084346,135.711712
4.779317,139.084346,135.715424
4.779336,139.084346,135.716730
4.779350,139.084346,135.723827
4.779392,139.084346,135.725277
4.779411,139.084346,135.726406
4.779425,139.084346,135.730032
4.779448,139.084346,135.732573
4.779464,139.084346,135.735296
4.779483,139.084346,135.739766
4.779510,139.084346,135.747328
4.779535,139.084346,135.747520
4.779550,139.084346,135.747552
4.779568,139.084346,135.748310
4.779584,139.084346,135.748646
4.779596,139.084346,135.748832
4.779613,139.084346,135.749469
4.779624,139.084346,135.750038
4.779642,139.084346,135.753302
4.779659,139.084346,135.758310
4.779687,139.084346,135.762365
4.779707,139.084346,135.767520
4.779739,139.084346,135.768310
4.779750,139.084346,135.776950
4.779776,139.084346,135.783251
4.779799,139.084346,135.784243
4.779810,139.084346,135.789504
4.779837,139.084346,135.795446
4.779866,139.084346,135.797942
4.779886,139.084346,135.807923
4.779919,139.084346,135.808032
4.779932,139.084346,135.814304
4.779982,139.084346,135.815302
4.779994,139.084346,135.817968
4.780015,139.084346,135.818909
4.780025,139.084346,135.820166
4.780040,139.084346,135.820310
4.780060,139.084346,135.820384
4.780081,139.084346,135.821270
4.780095,139.084346,135.822720
4.780116,139.084346,135.825203
4.780139,139.084346,135.828992
4.780171,139.084346,135.829056
4.780200,139.084346,135.830352
4.780221,139.084346,135.836010
4.780243,139.084346,135.836349
4.780296,139.084346,135.842525
4.780369,139.084346,135.843709
4.780389,139.084346,135.847488
4.780412,139.084346,135.848614
4.780423,139.084346,135.848784
4.780439,139.084346,135.850006
4.780452,139.084346,135.853491
4.780492,139.084346,135.858314
4.780513,139.084346,135.861056
4.780548,139.084346,135.863616
4.780573,139.084346,135.864800
4.780589,139.084346,135.867027
4.780605,139.084346,135.873405
4.780642,139.084346,135.879462
4.780669,139.084346,135.880768
4.780683,139.084346,135.883238
4.780698,139.084346,135.884202
4.780708,139.084346,135.888384
4.780776,139.084346,135.889459
4.780789,139.084346,135.890621
4.780805,139.084346,135.890643
4.780844,139.084346,135.890726
4.780862,139.084346,135.891510
4.780873,139.084346,135.891901
4.780892,139.084346,135.895568
4.780912,139.084346,135.906896
4.780966,139.084346,135.908038
4.781001,139.084346,135.909088
4.781013,139.084346,135.909280
4.781027,139.084346,135.909328
4.781041,139.084346,135.910461
4.781077,139.084346,135.910464
4.781098,139.084346,135.911664
4.781132,139.084346,135.913853
4.781159,139.084346,135.920157
4.781210,139.084346,135.920320
4.781237,139.084346,135.921174
4.781264,139.084346,135.921600
4.781288,139.084346,135.923862
4.781312,139.084346,135.927878
4.781356,139.084346,135.932406
4.781388,139.084346,135.932445
4.781402,139.084346,135.933494
4.781422,139.084346,135.933750
4.781441,139.084346,135.933830
4.781456,139.084346,135.934016
4.781490,139.084346,135.936448
4.781533,139.084346,135.940054
4.781575,139.084346,135.944774
4.781602,139.084346,135.945011
4.781629,139.084346,135.945094
4.781651,139.084346,135.945974
4.781669,139.084346,135.947494
4.781729,139.084346,135.948598
4.781754,139.084346,135.952349
4.781779,139.084346,135.958566
4.781823,139.084346,135.959859
4.781891,139.084346,135.963261
4.781926,139.084346,135.968182
4.781961,139.084346,135.969373
4.781981,139.084346,135.974358
4.782018,139.084346,135.978102
4.782050,139.084346,135.982966
4.782083,139.084346,135.987005
4.782124,139.084346,135.992918
4.782168,139.084346,135.995558
4.782191,139.084346,135.998070
4.782254,139.084346,136.000646
4.782296,139.084346,136.006454
4.782338,139.084346,136.008000
4.782368,139.084346,136.008726
4.782384,139.084346,136.014173
4.782460,139.084346,136.014208
4.782499,139.084346,136.020208
4.782538,139.084346,136.022358
4.782560,139.084346,136.025203
4.782588,139.084346,136.025254
4.782612,139.084346,136.027677
4.782640,139.084346,136.029942
4.782661,139.084346,136.030237
4.782680,139.084346,136.041312
4.782747,139.084346,136.043498
4.782767,139.084346,136.043936
4.782814,139.084346,136.047350
4.782882,139.084346,136.050077
4.782942,139.084346,136.050973
4.782969,139.084346,136.053798
4.783008,139.084346,136.054333
4.783030,139.084346,136.055923
4.783056,139.084346,136.061030
4.783094,139.084346,136.063398
4.783115,139.084346,136.065984
4.783175,139.084346,136.069725
4.783218,139.084346,136.079478
4.783269,139.084346,136.082208
4.783322,139.084346,136.083088
4.783345,139.084346,136.091862
4.783395,139.084346,136.094390
4.783431,139.084346,136.095190
4.783445,139.084346,136.095616
4.783469,139.084346,136.096774
4.783494,139.084346,136.098144
4.783528,139.084346,136.100502
4.783553,139.084346,136.104093
4.783591,139.084346,136.107731
4.783623,139.084346,136.111382
4.783669,139.084346,136.112902
4.783715,139.084346,136.116659
4.783758,139.084346,136.116672
4.783789,139.084346,136.117651
4.783812,139.084346,136.117885
4.784104,139.084346,136.117888
4.784153,139.084346,136.118998
4.784191,139.084346,136.119014
4.784227,139.084346,136.122944
4.784313,139.084346,136.128790
4.784365,139.084346,136.128934
4.784388,139.084346,136.131526
4.784449,139.084346,136.136416
4.784499,139.084346,136.137888
4.784534,139.084346,136.143936
4.784585,139.084346,136.144989
4.784608,139.084346,136.144992
4.784656,139.084346,136.147318
4.784682,139.084346,136.151069
4.784711,139.084346,136.155046
4.784758,139.084346,136.155862
4.784779,139.084346,136.156118
4.784803,139.084346,136.157478
4.784832,139.084346,136.162131
4.784858,139.084346,136.165693
4.784886,139.084346,136.167296
4.784930,139.084346,136.168310
4.784956,139.084346,136.168512
4.784976,139.084346,136.169600
4.784994,139.084346,136.178432
4.785048,139.084346,136.179568
4.785077,139.084346,136.183283
4.785114,139.084346,136.184381
4.785131,139.084346,136.184518
4.785147,139.084346,136.185398
4.785165,139.084346,136.191638
4.785199,139.084346,136.192886
4.785218,139.084346,136.200541
4.785259,139.084346,136.201888
4.785295,139.084346,136.209286
4.785334,139.084346,136.209318
4.785354,139.084346,136.211744
4.785379,139.084346,136.213846
4.785400,139.084346,136.214112
4.785420,139.084346,136.216246
4.785443,139.084346,136.216534
4.785466,139.084346,136.217744
4.785487,139.084346,136.217856
4.785512,139.084346,136.219040
4.785533,139.084346,136.223702
4.785563,139.084346,136.223837
4.785584,139.084346,136.225235
4.785620,139.084346,136.228778
4.785699,139.084346,136.230038
4.785727,139.084346,136.232534
4.785756,139.084346,136.232694
4.785791,139.084346,136.237619
4.785832,139.084346,136.241254
4.785859,139.084346,136.242816
4.785892,139.084346,136.245910
4.785924,139.084346,136.246038
4.785948,139.084346,136.250835
4.785978,139.084346,136.255862
4.786011,139.084346,136.255968
4.786027,139.084346,136.256102
4.786078,139.084346,136.261011
4.786142,139.084346,136.262141
4.786160,139.084346,136.267216
4.786200,139.084346,136.267232
4.786224,139.084346,136.267366
4.786295,139.084346,136.268278
4.786321,139.084346,136.269619
4.786360,139.084346,136.274150
4.786434,139.084346,136.274749
4.786473,139.084346,136.277309
4.786515,139.084346,136.279379
4.786570,139.084346,136.280998
4.786641,139.084346,136.282144
4.786665,139.084346,136.283059
4.786710,139.084346,136.285587
4.786751,139.084346,136.289472
4.786782,139.084346,136.289478
4.786799,139.084346,136.294304
4.786833,139.084346,136.299325
4.786900,139.084346,136.303005
4.786933,139.084346,136.304198
4.786956,139.084346,136.308918
4.786985,139.084346,136.309152
4.787007,139.084346,136.315286
4.787064,139.084346,136.315334
4.787085,139.084346,136.326323
4.787145,139.084346,136.326483
4.787176,139.084346,136.328758
4.787199,139.084346,136.331350
4.787251,139.084346,136.337574
4.787291,139.084346,136.340019
4.787322,139.084346,136.341299
4.787377,139.084346,136.346246
4.787433,139.084346,136.347421
4.787488,139.084346,136.347584
4.787519,139.084346,136.348509
4.787547,139.084346,136.352416
4.787599,139.084346,136.358422
4.787636,139.084346,136.362438
4.787683,139.084346,136.364726
4.787704,139.084346,136.365798
4.787723,139.084346,136.372038
4.787758,139.084346,136.374726
4.787799,139.084346,136.377085
4.787826,139.084346,136.377216
4.787846,139.084346,136.383238
4.787882,139.084346,136.384221
4.787897,139.084346,136.387136
4.787926,139.084346,136.391901
4.788041,139.084346,136.393318
4.788147,139.084346,136.395494
4.788172,139.084346,136.396934
4.788205,139.084346,136.397942
4.788242,139.084346,136.399197
4.788280,139.084346,136.402973
4.788350,139.084346,136.404352
4.788383,139.084346,136.409043
4.788415,139.084346,136.409309
4.788488,139.084346,136.410397
4.788517,139.084346,136.413725
4.788547,139.084346,136.414304
4.788644,139.084346,136.415101
4.788665,139.084346,136.417718
4.788714,139.084346,136.422579
4.788749,139.084346,136.424838
4.788773,139.084346,136.426070
4.788807,139.084346,136.426451
4.788835,139.084346,136.429702
4.788871,139.084346,136.433766
4.788903,139.084346,136.434086
4.788943,139.084346,136.436381
4.788985,139.084346,136.440000
4.789017,139.084346,136.444829
4.789060,139.084346,136.447456
4.789366,139.084346,136.448499
4.789404,139.084346,136.459677
4.789472,139.084346,136.462336
4.789517,139.084346,136.468544
4.789561,139.084346,136.468576
4.789582,139.084346,136.469501
4.789606,139.084346,136.474454
4.789644,139.084346,136.475670
4.789675,139.084346,136.475936
4.789723,139.084346,136.479616
4.789759,139.084346,136.483398
4.789805,139.084346,136.484278
4.789831,139.084346,136.488157
4.789878,139.084346,136.490621
4.789900,139.084346,136.490784
4.789921,139.084346,136.493139
4.789945,139.084346,136.495718
4.789973,139.084346,136.496957
4.789996,139.084346,136.498160
4.790019,139.084346,136.499424
4.790036,139.084346,136.500563
4.790051,139.084346,136.507808
4.790083,139.084346,136.507923
4.790100,139.084346,136.509142
4.790123,139.084346,136.510314
4.790141,139.084346,136.517686
4.790176,139.084346,136.517958
4.790198,139.084346,136.520320
4.790217,139.084346,136.527744
4.790257,139.084346,136.535136
4.790291,139.084346,136.547421
4.790335,139.084346,136.554749
4.790361,139.084346,136.555926
4.790375,139.084346,136.559542
4.790394,139.084346,136.559776
4.790406,139.084346,136.563456
4.790424,139.084346,136.563552
4.790442,139.084346,136.570909
4.790471,139.084346,136.574483
4.790507,139.084346,136.575382
4.790521,139.084346,136.577139
4.790544,139.084346,136.580624
4.790570,139.084346,136.580755
4.790582,139.084346,136.585622
4.790602,139.084346,136.587955
4.790618,139.084346,136.591837
4.790670,139.084346,136.595296
4.790699,139.084346,136.596998
4.790748,139.084346,136.599450
4.790779,139.084346,136.600499
4.790804,139.084346,136.611542
4.790845,139.084346,136.612819
4.790868,139.084346,136.614173
4.790893,139.084346,136.615283
4.790912,139.084346,136.624938
4.790939,139.084346,136.630006
4.790964,139.084346,136.631283
4.790977,139.084346,136.631296
4.790985,139.084346,136.632518
4.790998,139.084346,136.636118
4.791019,139.084346,136.636352
4.791031,139.084346,136.641085
4.791057,139.084346,136.651062
4.791094,139.084346,136.652202
4.791108,139.084346,136.653661
4.791126,139.084346,136.653725
4.791142,139.084346,136.654589
4.791155,139.084346,136.655894
4.791174,139.084346,136.655955
4.791187,139.084346,136.656134
4.791208,139.084346,136.661056
4.791245,139.084346,136.661184
4.791263,139.084346,136.672128
4.791298,139.084346,136.673440
4.791315,139.084346,136.673472
4.791327,139.084346,136.685702
4.791359,139.084346,136.688285
4.791380,139.084346,136.696682
4.791416,139.084346,136.699187
4.791439,139.084346,136.700541
4.791463,139.084346,136.706621
4.791490,139.084346,136.711744
4.791519,139.084346,136.714205
4.791564,139.084346,136.715155
4.791599,139.084346,136.716656
4.791625,139.084346,136.719037
4.791641,139.084346,136.722784
4.791671,139.084346,136.733984
4.791709,139.084346,136.736406
4.791729,139.084346,136.736416
4.791749,139.084346,136.737446
4.791761,139.084346,136.739901
4.791778,139.084346,136.742406
4.791796,139.084346,136.742656
4.791811,139.084346,136.749926
4.791847,139.084346,136.752192
4.791862,139.084346,136.760797
4.791889,139.084346,136.768310
4.791915,139.084346,136.769619
4.791930,139.084346,136.772198
4.791948,139.084346,136.773341
4.791970,139.084346,136.773408
4.791985,139.084346,136.775926
4.792005,139.084346,136.777184
4.792024,139.084346,136.779286
4.792036,139.084346,136.779776
4.792054,139.084346,136.780662
4.792076,139.084346,136.780829
4.792096,139.084346,136.791968
4.792141,139.084346,136.794326
4.792160,139.084346,136.797056
4.792216,139.084346,136.799062
4.792242,139.084346,136.802934
4.792268,139.084346,136.803069
4.792284,139.084346,136.810122
4.792310,139.084346,136.816541
4.792335,139.084346,136.816896
4.792358,139.084346,136.817885
4.792382,139.084346,136.824032
4.792406,139.084346,136.824038
4.792443,139.084346,136.828934
4.792468,139.084346,136.829878
4.792491,139.084346,136.832816
4.792523,139.084346,136.833920
4.792556,139.084346,136.835174
4.792570,139.084346,136.836061
4.792590,139.084346,136.836278
4.792610,139.084346,136.836285
4.792644,139.084346,136.836326
4.792658,139.084346,136.839670
4.792680,139.084346,136.841085
4.792698,139.084346,136.842656
4.792726,139.084346,136.843846
4.792753,139.084346,136.846077
4.792780,139.084346,136.846304
4.792827,139.084346,136.847222
4.792839,139.084346,136.856166
4.792888,139.084346,136.858326
4.792911,139.084346,136.858397
4.792921,139.084346,136.858432
4.792937,139.084346,136.863478
4.792971,139.084346,136.870694
4.792999,139.084346,136.870774
4.793011,139.084346,136.870931
4.793028,139.084346,136.874534
4.793053,139.084346,136.875878
4.793083,139.084346,136.878291
4.793102,139.084346,136.879286
4.793120,139.084346,136.887968
4.793152,139.084346,136.890816
4.793174,139.084346,136.894102
4.793200,139.084346,136.896659
4.793218,139.084346,136.900477
4.793236,139.084346,136.905318
4.793259,139.084346,136.910326
4.793282,139.084346,136.914006
4.793300,139.084346,136.916218
4.793309,139.084346,136.917789
4.793329,139.084346,136.919792
4.793340,139.084346,136.921363
4.793353,139.084346,136.921558
4.793369,139.084346,136.922758
4.793394,139.084346,136.924038
4.793416,139.084346,136.927731
4.793444,139.084346,136.928960
4.793456,139.084346,136.935197
4.793485,139.084346,136.939773
4.793505,139.084346,136.940019
4.793529,139.084346,136.942630
4.793549,139.084346,136.946128
4.793570,139.084346,136.948627
4.793589,139.084346,136.952416
4.793612,139.084346,136.956147
4.793644,139.084346,136.957206
4.793656,139.084346,136.959846
4.793707,139.084346,136.960966
4.793717,139.084346,136.964573
4.793733,139.084346,136.969418
4.793755,139.084346,136.969514
4.793781,139.084346,136.969856
4.793801,139.084346,136.975734
4.793831,139.084346,136.978166
4.793852,139.084346,136.979478
4.793870,139.084346,136.980509
4.793888,139.084346,136.980701
4.793897,139.084346,136.982067
4.793918,139.084346,136.982099
4.793937,139.084346,136.983120
4.793946,139.084346,136.984406
4.793958,139.084346,136.985587
4.793971,139.084346,136.985590
4.793986,139.084346,136.991808
4.794024,139.084346,136.993088
4.794042,139.084346,136.995306
4.794058,139.084346,136.999222
4.794078,139.084346,137.001664
4.794093,139.084346,137.005398
4.794118,139.084346,137.006579
4.794131,139.084346,137.007478
4.794144,139.084346,137.009344
4.794164,139.084346,137.011424
4.794185,139.084346,137.011510
4.794202,139.084346,137.014246
4.794238,139.084346,137.020496
4.794265,139.084346,137.021504
4.794278,139.084346,137.028669
4.794303,139.084346,137.028998
4.794322,139.084346,137.030022
4.794338,139.084346,137.031424
4.794379,139.084346,137.033952
4.794404,139.084346,137.035062
4.794418,139.084346,137.035216
4.794440,139.084346,137.039670
4.794462,139.084346,137.042592
4.794499,139.084346,137.043731
4.794514,139.084346,137.043798
4.794529,139.084346,137.043926
4.794551,139.084346,137.044918
4.794570,139.084346,137.045021
4.794590,139.084346,137.047552
4.794610,139.084346,137.048566
4.794630,139.084346,137.049846
4.794669,139.084346,137.054835
4.794692,139.084346,137.056006
4.794710,139.084346,137.057446
4.794748,139.084346,137.057456
4.794768,139.084346,137.068214
4.794815,139.084346,137.070909
4.794852,139.084346,137.075680
4.794871,139.084346,137.078198
4.794897,139.084346,137.079744
4.794925,139.084346,137.081782
4.794944,139.084346,137.083296
4.794979,139.084346,137.088051
4.794997,139.084346,137.091872
4.795027,139.084346,137.095584
4.795045,139.084346,137.095654
4.795057,139.084346,137.095702
4.795087,139.084346,137.097782
4.795107,139.084346,137.100608
4.795129,139.084346,137.101824
4.795151,139.084346,137.105424
4.795168,139.084346,137.108070
4.795199,139.084346,137.115014
4.795221,139.084346,137.115494
4.795242,139.084346,137.122877
4.795270,139.084346,137.123766
4.795285,139.084346,137.125376
4.795308,139.084346,137.126278
4.795326,139.084346,137.132678
4.795354,139.084346,137.139926
4.795390,139.084346,137.141046
4.795407,139.084346,137.141456
4.795449,139.084346,137.142336
4.795463,139.084346,137.143709
4.795484,139.084346,137.143814
4.795498,139.084346,137.144829
4.795511,139.084346,137.145043
4.795526,139.084346,137.145136
4.795545,139.084346,137.151155
4.795571,139.084346,137.155974
4.795590,139.084346,137.156230
4.795612,139.084346,137.158454
4.795656,139.084346,137.159690
4.795681,139.084346,137.159814
4.795705,139.084346,137.161142
4.795731,139.084346,137.162077
4.795743,139.084346,137.163539
4.795759,139.084346,137.163584
4.795778,139.084346,137.165846
4.795795,139.084346,137.168448
4.795823,139.084346,137.171958
4.795851,139.084346,137.173437
4.795912,139.084346,137.178400
4.795946,139.084346,137.180490
4.795963,139.084346,137.180736
4.795975,139.084346,137.184358
4.795992,139.084346,137.184518
4.796026,139.084346,137.185853
4.796046,139.084346,137.191763
4.796080,139.084346,137.193014
4.796094,139.084346,137.194406
4.796164,139.084346,137.195414
4.796181,139.084346,137.196838
4.796197,139.084346,137.199190
4.796216,139.084346,137.201926
4.796335,139.084346,137.202963
4.796353,139.084346,137.204294
4.796397,139.084346,137.205299
4.796411,139.084346,137.206646
4.796441,139.084346,137.208064
4.796458,139.084346,137.209136
4.796479,139.084346,137.210250
4.796508,139.084346,137.211507
4.796531,139.084346,137.217590
4.796570,139.084346,137.219088
4.796587,139.084346,137.221558
4.796606,139.084346,137.221565
4.796617,139.084346,137.223894
4.796632,139.084346,137.225149
4.796658,139.084346,137.226429
4.796673,139.084346,137.228755
4.796692,139.084346,137.230003
4.796710,139.084346,137.233590
4.796739,139.084346,137.235264
4.796759,139.084346,137.236182
4.796773,139.084346,137.236544
4.796789,139.084346,137.239974
4.796805,139.084346,137.246150
4.796834,139.084346,137.247094
4.796853,139.084346,137.249958
4.796879,139.084346,137.250909
4.796896,139.084346,137.252342
4.796915,139.084346,137.255994
4.796932,139.084346,137.264797
4.796966,139.084346,137.265872
4.796983,139.084346,137.270845
4.797012,139.084346,137.271136
4.797042,139.084346,137.271702
4.797055,139.084346,137.273504
4.797097,139.084346,137.283293
4.797125,139.084346,137.284214
4.797136,139.084346,137.284342
4.797150,139.084346,137.284406
4.797164,139.084346,137.284573
4.797176,139.084346,137.286922
4.797191,139.084346,137.293312
4.797245,139.084346,137.295222
4.797299,139.084346,137.295485
4.797318,139.084346,137.296736
4.797343,139.084346,137.299168
4.797356,139.084346,137.302880
4.797381,139.084346,137.302912
4.797402,139.084346,137.306534
4.797430,139.084346,137.306685
4.797479,139.084346,137.306707
4.797500,139.084346,137.307955
4.797529,139.084346,137.308006
4.797554,139.084346,137.310387
4.797585,139.084346,137.313056
4.797642,139.084346,137.317405
4.797662,139.084346,137.317878
4.797679,139.084346,137.317917
4.797700,139.084346,137.322854
4.797742,139.084346,137.323862
4.797755,139.084346,137.325312
4.797772,139.084346,137.326451
4.797789,139.084346,137.326502
4.797803,139.084346,137.327846
4.797825,139.084346,137.328960
4.797841,139.084346,137.332435
4.797859,139.084346,137.336374
4.797890,139.084346,137.337587
4.797904,139.084346,137.339024
4.797928,139.084346,137.347264
4.797963,139.084346,137.348470
4.797974,139.084346,137.354461
4.797995,139.084346,137.354726
4.798004,139.084346,137.355622
4.798015,139.084346,137.356118
4.798030,139.084346,137.358682
4.798048,139.084346,137.360912
4.798065,139.084346,137.361184
4.798082,139.084346,137.361248
4.798100,139.084346,137.362365
4.798127,139.084346,137.364896
4.798149,139.084346,137.365674
4.798163,139.084346,137.365866
4.798186,139.084346,137.367238
4.798202,139.084346,137.370992
4.798224,139.084346,137.372982
4.798242,139.084346,137.373232
4.798251,139.084346,137.373245
4.798262,139.084346,137.376947
4.798283,139.084346,137.385725
4.798321,139.084346,137.388179
4.798341,139.084346,137.390483
4.798356,139.084346,137.390582
4.798371,139.084346,137.391936
4.798414,139.084346,137.393270
4.798429,139.084346,137.395261
4.798444,139.084346,137.396832
4.798462,139.084346,137.397139
4.798485,139.084346,137.401958
4.798580,139.084346,137.405648
4.798597,139.084346,137.413853
4.798701,139.084346,137.415488
4.798736,139.084346,137.416704
4.798750,139.084346,137.417920
4.798776,139.084346,137.419059
4.798795,139.084346,137.421366
4.798819,139.084346,137.422646
4.798835,139.084346,137.422877
4.798849,139.084346,137.426438
4.798879,139.084346,137.427648
4.798904,139.084346,137.434176
4.798955,139.084346,137.445216
4.799012,139.084346,137.453664
4.799086,139.084346,137.454643
4.799104,139.084346,137.454845
4.799125,139.084346,137.454934
4.799203,139.084346,137.456224
4.799224,139.084346,137.457168
4.799237,139.084346,137.463718
4.799290,139.084346,137.465984
4.799333,139.084346,137.470976
4.799359,139.084346,137.474384
4.799375,139.084346,137.483344
4.799424,139.084346,137.484704
4.799450,139.084346,137.485462
4.799468,139.084346,137.485594
4.799483,139.084346,137.485888
4.799510,139.084346,137.488320
4.799549,139.084346,137.490662
4.799583,139.084346,137.491712
4.799607,139.084346,137.491901
4.799627,139.084346,137.493158
4.799651,139.084346,137.496694
4.799681,139.084346,137.501670
4.799709,139.084346,137.502720
4.799731,139.084346,137.503046
4.799766,139.084346,137.506474
4.799786,139.084346,137.509309
4.799811,139.084346,137.510566
4.799831,139.084346,137.519955
4.799862,139.084346,137.521213
4.799872,139.084346,137.523830
4.799900,139.084346,137.524208
4.799915,139.084346,137.533990
4.799949,139.084346,137.539862
4.799976,139.084346,137.547360
4.800032,139.084346,137.547728
4.800056,139.084346,137.550144
4.800075,139.084346,137.550880
4.800084,139.084346,137.551104
4.800097,139.084346,137.553789
4.800117,139.084346,137.554867
4.800129,139.084346,137.555072
4.800142,139.084346,137.555926
4.800154,139.084346,137.557184
4.800170,139.084346,137.557299
4.800196,139.084346,137.564682
4.800234,139.084346,137.572179
4.800263,139.084346,137.575667
4.800288,139.084346,137.579581
4.800309,139.084346,137.598128
4.800356,139.084346,137.599360
4.800390,139.084346,137.600736
4.800408,139.084346,137.611654
4.800438,139.084346,137.619123
4.800470,139.084346,137.622912
4.800492,139.084346,137.623894
4.800503,139.084346,137.633917
4.800871,139.084346,137.636518
4.800938,139.084346,137.639766
4.800964,139.084346,137.642576
4.800988,139.084346,137.643638
4.801015,139.084346,137.643773
4.801043,139.084346,137.648774
4.801102,139.084346,137.651136
4.801125,139.084346,137.651293
4.801158,139.084346,137.652413
4.801184,139.084346,137.657158
4.801226,139.084346,137.669526
4.801299,139.084346,137.673248
4.801336,139.084346,137.677318
4.801399,139.084346,137.684150
4.801427,139.084346,137.685587
4.801442,139.084346,137.688275
4.801486,139.084346,137.691658
4.801504,139.084346,137.693184
4.801526,139.084346,137.694365
4.801544,139.084346,137.695539
4.801557,139.084346,137.696819
4.801571,139.084346,137.702806
4.801598,139.084346,137.704416
4.801636,139.084346,137.705139
4.801646,139.084346,137.705206
4.801661,139.084346,137.706685
4.801703,139.084346,137.709107
4.801727,139.084346,137.710358
4.801743,139.084346,137.717725
4.801783,139.084346,137.718867
4.801797,139.084346,137.722848
4.801828,139.084346,137.726486
4.801856,139.084346,137.733942
4.801891,139.084346,137.734886
4.801902,139.084346,137.736042
4.801916,139.084346,137.742326
4.801942,139.084346,137.742816
4.801963,139.084346,137.747315
4.801998,139.084346,137.749958
4.802019,139.084346,137.760864
4.802055,139.084346,137.762077
4.802073,139.084346,137.762304
4.802148,139.084346,137.763286
4.802167,139.084346,137.764502
4.802187,139.084346,137.764630
4.802199,139.084346,137.774624
4.802238,139.084346,137.774694
4.802257,139.084346,137.775734
4.802270,139.084346,137.780797
4.802305,139.084346,137.782086
4.802327,139.084346,137.784544
4.802349,139.084346,137.785334
4.802358,139.084346,137.785555
4.802372,139.084346,137.785670
4.802383,139.084346,137.786995
4.802406,139.084346,137.791782
4.802426,139.084346,137.795552
4.802462,139.084346,137.796640
4.802479,139.084346,137.796934
4.802494,139.084346,137.796960
4.802508,139.084346,137.799229
4.802525,139.084346,137.800454
4.802545,139.084346,137.803088
4.802580,139.084346,137.806698
4.802612,139.084346,137.807766
4.802632,139.084346,137.810358
4.802650,139.084346,137.811776
4.802673,139.084346,137.812819
4.802695,139.084346,137.815568
4.802768,139.084346,137.816416
4.802789,139.084346,137.826480
4.802840,139.084346,137.827446
4.802858,139.084346,137.827517
4.802873,139.084346,137.828787
4.802890,139.084346,137.828966
4.802904,139.084346,137.829072
4.802922,139.084346,137.831190
4.802947,139.084346,137.837450
4.802986,139.084346,137.840125
4.803025,139.084346,137.841504
4.803055,139.084346,137.842614
4.803088,139.084346,137.843654
4.803100,139.084346,137.847616
4.803147,139.084346,137.849926
4.803164,139.084346,137.851958
4.803195,139.084346,137.853651
4.803217,139.084346,137.856256
4.803246,139.084346,137.858390
4.803271,139.084346,137.859744
4.803296,139.084346,137.859814
4.803314,139.084346,137.864502
4.803358,139.084346,137.865853
4.803398,139.084346,137.866272
4.803423,139.084346,137.871997
4.803443,139.084346,137.872214
4.803458,139.084346,137.872288
4.803489,139.084346,137.877094
4.803521,139.084346,137.879414
4.803543,139.084346,137.879776
4.803568,139.084346,137.880726
4.803584,139.084346,137.882067
4.803603,139.084346,137.886886
4.803623,139.084346,137.887104
4.803640,139.084346,137.896445
4.803680,139.084346,137.901654
4.803709,139.084346,137.906646
4.803748,139.084346,137.907763
4.803770,139.084346,137.908950
4.803793,139.084346,137.911507
4.803818,139.084346,137.912534
4.803838,139.084346,137.921405
4.803892,139.084346,137.921472
4.803906,139.084346,137.927552
4.803937,139.084346,137.935264
4.803991,139.084346,137.938550
4.804026,139.084346,137.942326
4.804051,139.084346,137.943702
4.804079,139.084346,137.944787
4.804094,139.084346,137.944998
4.804131,139.084346,137.946406
4.804182,139.084346,137.957088
4.804216,139.084346,137.959872
4.804241,139.084346,137.961117
4.804273,139.084346,137.963344
4.804302,139.084346,137.966256
4.804341,139.084346,137.968512
4.804370,139.084346,137.969478
4.804382,139.084346,137.969686
4.804419,139.084346,137.969728
4.804441,139.084346,137.969760
4.804471,139.084346,137.970518
4.804481,139.084346,137.971126
4.804519,139.084346,137.972902
4.804537,139.084346,137.973472
4.804563,139.084346,137.975766
4.804599,139.084346,137.977072
4.804622,139.084346,137.979744
4.804676,139.084346,137.980646
4.804704,139.084346,137.981568
4.804721,139.084346,137.982144
4.804755,139.084346,137.983366
4.804792,139.084346,137.983424
4.804830,139.084346,137.985693
4.804869,139.084346,137.989395
4.804926,139.084346,137.991830
4.804946,139.084346,137.991837
4.804958,139.084346,137.992064
4.804977,139.084346,137.992918
4.804996,139.084346,137.994195
4.805020,139.084346,137.995542
4.805055,139.084346,137.996490
4.805072,139.084346,137.999158
4.805090,139.084346,138.001299
4.805116,139.084346,138.001824
4.805138,139.084346,138.004118
4.805167,139.084346,138.005664
4.805204,139.084346,138.006675
4.805228,139.084346,138.007763
4.805246,139.084346,138.009216
4.805317,139.084346,138.010198
4.805342,139.084346,138.015488
4.805406,139.084346,138.017792
4.805464,139.084346,138.018922
4.805497,139.084346,138.023702
4.805536,139.084346,138.026294
4.805568,139.084346,138.027254
4.805598,139.084346,138.031616
4.805665,139.084346,138.037664
4.805724,139.084346,138.039942
4.805750,139.084346,138.046163
4.805812,139.084346,138.047677
4.805849,139.084346,138.049686
4.805867,139.084346,138.050048
4.805893,139.084346,138.052381
4.805922,139.084346,138.054525
4.805948,139.084346,138.055955
4.805985,139.084346,138.061126
4.806034,139.084346,138.062294
4.806055,139.084346,138.063126
4.806069,139.084346,138.065907
4.806097,139.084346,138.067187
4.806125,139.084346,138.068307
4.806145,139.084346,138.068518
4.806189,139.084346,138.069427
4.806208,139.084346,138.072038
4.806255,139.084346,138.074717
4.806338,139.084346,138.078560
4.806381,139.084346,138.079744
4.806405,139.084346,138.080544
4.806426,139.084346,138.080618
4.806459,139.084346,138.080726
4.806477,139.084346,138.084374
4.806500,139.084346,138.085610
4.806518,139.084346,138.085846
4.806543,139.084346,138.090438
4.806586,139.084346,138.091805
4.806616,139.084346,138.095728
4.806651,139.084346,138.097878
4.806674,139.084346,138.102976
4.806719,139.084346,138.104134
4.806745,139.084346,138.104192
4.806784,139.084346,138.104326
4.806809,139.084346,138.105024
4.806825,139.084346,138.106410
4.806870,139.084346,138.106656
4.806909,139.084346,138.107942
4.806934,139.084346,138.110326
4.806966,139.084346,138.113718
4.807000,139.084346,138.118934
4.807037,139.084346,138.125126
4.807073,139.084346,138.125142
4.807083,139.084346,138.127654
4.807108,139.084346,138.128886
4.807121,139.084346,138.131219
4.807143,139.084346,138.131232
4.807153,139.084346,138.133984
4.807175,139.084346,138.136061
4.807188,139.084346,138.137427
4.807201,139.084346,138.144998
4.807237,139.084346,138.146102
4.807256,139.084346,138.155702
4.807296,139.084346,138.155923
4.807309,139.084346,138.156038
4.807319,139.084346,138.158326
4.807344,139.084346,138.162102
4.807370,139.084346,138.162262
4.807399,139.084346,138.163584
4.807456,139.084346,138.164499
4.807477,139.084346,138.164758
4.807498,139.084346,138.167328
4.807539,139.084346,138.170758
4.807579,139.084346,138.174579
4.807630,139.084346,138.175763
4.807650,139.084346,138.178262
4.807679,139.084346,138.179552
4.807700,139.084346,138.182918
4.807841,139.084346,138.187069
4.807867,139.084346,138.187136
4.807890,139.084346,138.189302
4.807914,139.084346,138.190717
4.807931,139.084346,138.193139
4.807958,139.084346,138.199155
4.807980,139.084346,138.199190
4.807991,139.084346,138.202752
4.808014,139.084346,138.211712
4.808053,139.084346,138.213846
4.808067,139.084346,138.214045
4.808080,139.084346,138.214070
4.808100,139.084346,138.217885
4.808134,139.084346,138.219069
4.808158,139.084346,138.219264
4.808197,139.084346,138.223878
4.808219,139.084346,138.225098
4.808237,139.084346,138.227776
4.808256,139.084346,138.228915
4.808280,139.084346,138.230112
4.808320,139.084346,138.230134
4.808334,139.084346,138.230208
4.808352,139.084346,138.232704
4.808372,139.084346,138.236022
4.808396,139.084346,138.238662
4.808410,139.084346,138.239798
4.808430,139.084346,138.242365
4.808506,139.084346,138.243872
4.808524,139.084346,138.246102
4.808538,139.084346,138.248704
4.808560,139.084346,138.251302
4.808592,139.084346,138.253638
4.808634,139.084346,138.254880
4.808650,139.084346,138.260982
4.808677,139.084346,138.269558
4.808729,139.084346,138.271862
4.808747,139.084346,138.273181
4.808767,139.084346,138.273184
4.808781,139.084346,138.278214
4.808809,139.084346,138.279494
4.808824,139.084346,138.281686
4.808843,139.084346,138.288086
4.808885,139.084346,138.291786
4.808907,139.084346,138.294314
4.808938,139.084346,138.301952
4.808980,139.084346,138.302867
4.808995,139.084346,138.303766
4.809007,139.084346,138.309216
4.809037,139.084346,138.311741
4.809061,139.084346,138.317798
4.809085,139.084346,138.317856
4.809099,139.084346,138.331568
4.809145,139.084346,138.332406
4.809167,139.084346,138.336262
4.809194,139.084346,138.340019
4.809217,139.084346,138.343840
4.809242,139.084346,138.347286
4.809262,139.084346,138.348566
4.809281,139.084346,138.348784
4.809302,139.084346,138.349693
4.809320,139.084346,138.352486
4.809342,139.084346,138.357344
4.809414,139.084346,138.360096
4.809439,139.084346,138.360854
4.809494,139.084346,138.360950
4.809536,139.084346,138.364582
4.809570,139.084346,138.369766
4.809602,139.084346,138.371968
4.809619,139.084346,138.373408
4.809652,139.084346,138.373440
4.809665,139.084346,138.374326
4.809677,139.084346,138.378246
4.809707,139.084346,138.380563
4.809723,139.084346,138.380854
4.809755,139.084346,138.383088
4.809774,139.084346,138.383443
4.809800,139.084346,138.384285
4.809812,139.084346,138.384339
4.809827,139.084346,138.384406
4.809839,139.084346,138.385766
4.809855,139.084346,138.388022
4.809885,139.084346,138.389510
4.809908,139.084346,138.390163
4.809920,139.084346,138.390422
4.809930,139.084346,138.395350
4.809953,139.084346,138.399261
4.809976,139.084346,138.399325
4.809993,139.084346,138.400310
4.810011,139.084346,138.400614
4.810029,139.084346,138.401574
4.810041,139.084346,138.402835
4.810054,139.084346,138.402950
4.810066,139.084346,138.409264
4.810089,139.084346,138.410272
4.810153,139.084346,138.416582
4.810200,139.084346,138.417632
4.810215,139.084346,138.417725
4.810265,139.084346,138.417920
4.810288,139.084346,138.419005
4.810322,139.084346,138.421405
4.810359,139.084346,138.421555
4.810392,139.084346,138.426291
4.810426,139.084346,138.432253
4.810466,139.084346,138.433696
4.810487,139.084346,138.436285
4.810522,139.084346,138.437363
4.810545,139.084346,138.437584
4.810575,139.084346,138.440064
4.810618,139.084346,138.441318
4.810671,139.084346,138.446045
4.810707,139.084346,138.446067
4.810722,139.084346,138.459766
4.810792,139.084346,138.464765
4.810826,139.084346,138.465565
4.810844,139.084346,138.465750
4.810863,139.084346,138.468486
4.810901,139.084346,138.469590
4.810948,139.084346,138.473344
4.811005,139.084346,138.474560
4.811065,139.084346,138.476778
4.811092,139.084346,138.477024
4.811135,139.084346,138.478365
4.811161,139.084346,138.479709
4.811209,139.084346,138.480576
4.811238,139.084346,138.480787
4.811257,139.084346,138.484480
4.811333,139.084346,138.484512
4.811357,139.084346,138.492032
4.811434,139.084346,138.497120
4.811494,139.084346,138.501597
4.811544,139.084346,138.505501
4.811586,139.084346,138.506781
4.811656,139.084346,138.507795
4.811672,139.084346,138.512896
4.811765,139.084346,138.523968
4.811827,139.084346,138.525206
4.811851,139.084346,138.526288
4.811879,139.084346,138.526406
4.811900,139.084346,138.526525
4.811947,139.084346,138.526547
4.811970,139.084346,138.529024
4.812010,139.084346,138.535264
4.812059,139.084346,138.537238
4.812099,139.084346,138.537661
4.812124,139.084346,138.538752
4.812150,139.084346,138.541174
4.812188,139.084346,138.543584
4.812220,139.084346,138.543718
4.812315,139.084346,138.548522
4.812356,139.084346,138.554646
4.812406,139.084346,138.554710
4.812423,139.084346,138.559814
4.812459,139.084346,138.562218
4.812491,139.084346,138.563238
4.812504,139.084346,138.565686
4.812523,139.084346,138.565949
4.812545,139.084346,138.566128
4.812574,139.084346,138.568253
4.812601,139.084346,138.568496
4.812619,139.084346,138.572198
4.812639,139.084346,138.574694
4.812657,139.084346,138.575754
4.812673,139.084346,138.578240
4.812691,139.084346,138.582160
4.812721,139.084346,138.583165
4.812735,139.084346,138.585766
4.812757,139.084346,138.586608
4.812765,139.084346,138.586934
4.812776,139.084346,138.588134
4.812794,139.084346,138.588166
4.812814,139.084346,138.591773
4.812838,139.084346,138.594368
4.812862,139.084346,138.598986
4.812878,139.084346,138.599030
4.812895,139.084346,138.599456
4.812929,139.084346,138.600470
4.812943,139.084346,138.601926
4.812963,139.084346,138.606662
4.812986,139.084346,138.606675
4.812999,139.084346,138.608950
4.813016,139.084346,138.611408
4.813031,139.084346,138.611507
4.813042,139.084346,138.612733
4.813060,139.084346,138.613910
4.813071,139.084346,138.617578
4.813090,139.084346,138.620157
4.813109,139.084346,138.622518
4.813123,139.084346,138.623766
4.813144,139.084346,138.625206
4.813160,139.084346,138.628694
4.813181,139.084346,138.633939
4.813231,139.084346,138.635264
4.813250,139.084346,138.636170
4.813266,139.084346,138.639926
4.813296,139.084346,138.640022
4.813315,139.084346,138.644787
4.813334,139.084346,138.648768
4.813358,139.084346,138.650048
4.813378,139.084346,138.654880
4.813397,139.084346,138.661962
4.813421,139.084346,138.665862
4.813439,139.084346,138.672054
4.813461,139.084346,138.672083
4.813476,139.084346,138.675878
4.813518,139.084346,138.680800
4.813544,139.084346,138.682048
4.813557,139.084346,138.683030
4.813570,139.084346,138.686653
4.813588,139.084346,138.686813
4.813605,139.084346,138.688166
4.813617,139.084346,138.689206
4.813634,139.084346,138.689459
4.813653,139.084346,138.692630
4.813667,139.084346,138.692979
4.813679,139.084346,138.700614
4.813705,139.084346,138.707734
4.813727,139.084346,138.707901
4.813740,139.084346,138.708006
4.813757,139.084346,138.710464
4.813792,139.084346,138.713158
4.813824,139.084346,138.713782
4.813840,139.084346,138.714026
4.813859,139.084346,138.724112
4.813886,139.084346,138.725085
4.813906,139.084346,138.727699
4.813921,139.084346,138.727718
4.813942,139.084346,138.728829
4.813971,139.084346,138.730109
4.813986,139.084346,138.735078
4.814012,139.084346,138.738739
4.814031,139.084346,138.742336
4.814048,139.084346,138.743667
4.814062,139.084346,138.748499
4.814083,139.084346,138.751152
4.814105,139.084346,138.753366
4.814121,139.084346,138.754698
4.814142,139.084346,138.757245
4.814161,139.084346,138.757478
4.814200,139.084346,138.758534
4.814220,139.084346,138.760726
4.814234,139.084346,138.760790
4.814246,139.084346,138.760838
4.814256,139.084346,138.764848
4.814279,139.084346,138.768534
4.814302,139.084346,138.769190
4.814319,139.084346,138.769430
4.814336,139.084346,138.772051
4.814359,139.084346,138.772288
4.814372,139.084346,138.773318
4.814399,139.084346,138.773536
4.814417,139.084346,138.776957
4.814432,139.084346,138.777974
4.814446,139.084346,138.778406
4.814470,139.084346,138.781984
4.814499,139.084346,138.782086
4.814523,139.084346,138.785664
4.814552,139.084346,138.787005
4.814572,139.084346,138.788349
4.814611,139.084346,138.789446
4.814681,139.084346,138.789472
4.814697,139.084346,138.789565
4.814716,139.084346,138.791763
4.814729,139.084346,138.792192
4.814751,139.084346,138.793120
4.814771,139.084346,138.796624
4.814812,139.084346,138.796691
4.814859,139.084346,138.796832
4.814878,139.084346,138.796925
4.814906,139.084346,138.797821
4.814937,139.084346,138.798208
4.814964,139.084346,138.802858
4.815011,139.084346,138.806643
4.815047,139.084346,138.807923
4.815080,139.084346,138.810432
4.815117,139.084346,138.812682
4.815143,139.084346,138.813216
4.815177,139.084346,138.816435
4.815230,139.084346,138.817789
4.815257,139.084346,138.819200
4.815287,139.084346,138.821354
4.815314,139.084346,138.821536
4.815370,139.084346,138.822614
4.815397,139.084346,138.828992
4.815484,139.084346,138.833894
4.815526,139.084346,138.834112
4.815554,139.084346,138.837427
4.815581,139.084346,138.839968
4.815603,139.084346,138.847146
4.815628,139.084346,138.847392
4.815639,139.084346,138.853472
4.815663,139.084346,138.854845
4.815680,139.084346,138.859968
4.815714,139.084346,138.865590
4.815737,139.084346,138.873309
4.815781,139.084346,138.874589
4.815797,139.084346,138.877149
4.815851,139.084346,138.880678
4.815871,139.084346,138.885792
4.815911,139.084346,138.888118
4.815929,139.084346,138.889264
4.815944,139.084346,138.891901
4.815977,139.084346,138.895680
4.815996,139.084346,138.896758
4.816018,139.084346,138.896774
4.816043,139.084346,138.896893
4.816065,139.084346,138.900413
4.816081,139.084346,138.900704
4.816104,139.084346,138.901494
4.816113,139.084346,138.902646
4.816123,139.084346,138.904112
4.816137,139.084346,138.906784
4.816158,139.084346,138.907728
4.816174,139.084346,138.909078
4.816191,139.084346,138.910454
4.816209,139.084346,138.911603
4.816223,139.084346,138.914237
4.816280,139.084346,138.915398
4.816294,139.084346,138.918890
4.816322,139.084346,138.920115
4.816356,139.084346,138.920326
4.816367,139.084346,138.922410
4.816379,139.084346,138.927318
4.816399,139.084346,138.930038
4.816422,139.084346,138.932499
4.816444,139.084346,138.932595
4.816459,139.084346,138.935958
4.816483,139.084346,138.936118
4.816495,139.084346,138.937462
4.816515,139.084346,138.937651
4.816527,139.084346,138.938358
4.816537,139.084346,138.939891
4.816551,139.084346,138.941117
4.816564,139.084346,138.941408
4.816579,139.084346,138.943677
4.816595,139.084346,138.948534
4.816623,139.084346,138.950902
4.816640,139.084346,138.950998
4.816652,139.084346,138.953558
4.816677,139.084346,138.955766
4.816690,139.084346,138.956192
4.816715,139.084346,138.967158
4.816749,139.084346,138.967174
4.816758,139.084346,138.968115
4.816772,139.084346,138.968278
4.816785,139.084346,138.969354
4.816796,139.084346,138.969792
4.816819,139.084346,138.970790
4.816834,139.084346,138.970848
4.816856,139.084346,138.973277
4.816890,139.084346,138.976797
4.816911,139.084346,138.982144
4.816950,139.084346,138.984518
4.817020,139.084346,138.985526
4.817040,139.084346,138.985670
4.817054,139.084346,138.987088
4.817078,139.084346,138.988054
4.817097,139.084346,138.991968
4.817120,139.084346,138.994176
4.817134,139.084346,138.995549
4.817153,139.084346,139.000368
4.817181,139.084346,139.000627
4.817352,139.084346,139.004294
4.817379,139.084346,139.005270
4.817400,139.084346,139.006538
4.817415,139.084346,139.010294
4.817451,139.084346,139.010384
4.817461,139.084346,139.011766
4.817484,139.084346,139.015379
4.817507,139.084346,139.020086
4.817527,139.084346,139.022614
4.817547,139.084346,139.022742
4.817569,139.084346,139.024006
4.817581,139.084346,139.025360
4.817598,139.084346,139.027315
4.817610,139.084346,139.030246
4.817628,139.084346,139.031174
4.817642,139.084346,139.031552
4.817661,139.084346,139.032330
4.817687,139.084346,139.032576
4.817706,139.084346,139.035990
4.817727,139.084346,139.036086
4.817748,139.084346,139.038656
4.817761,139.084346,139.042422
4.817786,139.084346,139.044870
4.817802,139.084346,139.048678
4.817822,139.084346,139.052416
4.817842,139.084346,139.053574
4.817856,139.084346,139.054806
4.817879,139.084346,139.056086
4.817911,139.084346,139.057139
4.817956,139.084346,139.063347
4.818005,139.084346,139.063382
4.818032,139.084346,139.067037
4.818058,139.084346,139.074486
4.818090,139.084346,139.076854
4.818121,139.084346,139.078230
4.818154,139.084346,139.078269
4.818171,139.084346,139.083197
4.818210,139.084346,139.084246
4.818225,139.084346,139.084346
