Time,UB,LB
0.000000,437.072755,19.085888
0.009532,437.072755,19.117178
0.009635,437.072755,19.124738
0.009720,437.072755,19.149429
0.009872,437.072755,19.204984
0.010098,437.072755,19.241408
0.010199,437.072755,19.273333
0.010294,437.072755,19.275971
0.010386,437.072755,19.282144
0.010509,437.072755,19.317158
0.010610,437.072755,19.353131
0.010808,437.072755,19.380909
0.010917,437.072755,19.429494
0.011010,437.072755,19.527034
0.011101,437.072755,19.529056
0.011211,437.072755,19.565480
0.011341,437.072755,19.575352
0.011445,437.072755,19.609302
0.011553,437.072755,19.611002
0.011645,437.072755,19.627821
0.011843,437.072755,19.631291
0.011937,437.072755,19.664245
0.012039,437.072755,19.698808
0.012131,437.072755,19.704981
0.012233,437.072755,19.888117
0.012315,437.072755,19.911595
0.012417,437.072755,19.915920
0.012500,437.072755,19.951893
0.012662,437.072755,19.988317
0.012759,437.072755,19.998189
0.012868,437.072755,20.020858
0.012944,437.072755,20.032139
0.013027,437.072755,20.050658
0.013095,437.072755,20.084992
0.013176,437.072755,20.085888
0.015246,437.072755,20.123344
0.015305,437.072755,20.162832
0.015371,437.072755,20.201891
0.015433,437.072755,20.277664
0.015557,437.072755,20.282144
0.015703,437.072755,20.297570
0.015843,437.072755,20.318568
0.015940,437.072755,20.322261
0.016009,437.072755,20.333994
0.016067,437.072755,20.341818
0.016125,437.072755,20.372027
0.016254,437.072755,20.378222
0.016310,437.072755,20.383989
0.016377,437.072755,20.435661
0.016434,437.072755,20.446101
0.016498,437.072755,20.456675
0.016581,437.072755,20.471446
0.016639,437.072755,20.481299
0.016729,437.072755,20.532142
0.016789,437.072755,20.533200
0.016847,437.072755,20.553741
0.016908,437.072755,20.627821
0.016961,437.072755,20.631285
0.017024,437.072755,20.652512
0.017106,437.072755,20.667938
0.017165,437.072755,20.687520
0.017221,437.072755,20.761594
0.017281,437.072755,20.782582
0.017341,437.072755,20.785888
0.018300,437.072755,20.793194
0.018370,437.072755,20.800653
0.018437,437.072755,20.806219
0.018496,437.072755,20.837077
0.018560,437.072755,20.856214
0.018627,437.072755,20.866042
0.018725,437.072755,20.866531
0.018794,437.072755,20.871640
0.018865,437.072755,20.880899
0.018931,437.072755,20.883992
0.019003,437.072755,20.915914
0.019075,437.072755,20.969018
0.019132,437.072755,21.059736
0.019193,437.072755,21.071650
0.019247,437.072755,21.123338
0.019409,437.072755,21.140541
0.019610,437.072755,21.158069
0.019707,437.072755,21.168998
0.019787,437.072755,21.196186
0.019914,437.072755,21.249813
0.019983,437.072755,21.255418
0.020062,437.072755,21.353502
0.020127,437.072755,21.372021
0.020329,437.072755,21.378874
0.020393,437.072755,21.397366
0.020465,437.072755,21.404981
0.020546,437.072755,21.425805
0.020612,437.072755,21.433771
0.020742,437.072755,21.441405
0.020831,437.072755,21.462842
0.020902,437.072755,21.483131
0.021006,437.072755,21.485888
0.021327,437.072755,21.488653
0.021398,437.072755,21.533194
0.021463,437.072755,21.610328
0.021528,437.072755,21.647930
0.021596,437.072755,21.654979
0.021659,437.072755,21.681341
0.021725,437.072755,21.739957
0.021790,437.072755,21.749098
0.021871,437.072755,21.767760
0.021975,437.072755,21.775349
0.022054,437.072755,21.777558
0.022132,437.072755,21.780909
0.022193,437.072755,21.835661
0.022257,437.072755,21.872698
0.022327,437.072755,21.879445
0.022450,437.072755,21.881277
0.022523,437.072755,21.922080
0.022587,437.072755,21.958973
0.022654,437.072755,21.975184
0.022852,437.072755,21.979051
0.022925,437.072755,21.990549
0.023011,437.072755,21.996010
0.023082,437.072755,22.006829
0.023148,437.072755,22.014672
0.023234,437.072755,22.025718
0.023350,437.072755,22.048032
0.023571,437.072755,22.051093
0.023654,437.072755,22.094238
0.023726,437.072755,22.101091
0.023797,437.072755,22.104981
0.023876,437.072755,22.122016
0.023951,437.072755,22.129504
0.024180,437.072755,22.174507
0.024314,437.072755,22.251645
0.024390,437.072755,22.253741
0.024459,437.072755,22.271478
0.024580,437.072755,22.283779
0.024645,437.072755,22.284976
0.024736,437.072755,22.290165
0.024832,437.072755,22.308515
0.024900,437.072755,22.324728
0.024963,437.072755,22.330605
0.025055,437.072755,22.385040
0.025133,437.072755,22.388666
0.025278,437.072755,22.409051
0.025350,437.072755,22.450658
0.025414,437.072755,22.476301
0.025506,437.072755,22.485888
0.025560,437.072755,22.493194
0.025645,437.072755,22.497938
0.025717,437.072755,22.527014
0.025792,437.072755,22.539360
0.025871,437.072755,22.554389
0.025930,437.072755,22.576936
0.026000,437.072755,22.613434
0.026078,437.072755,22.620181
0.026272,437.072755,22.623328
0.026358,437.072755,22.624109
0.026430,437.072755,22.651590
0.026594,437.072755,22.665877
0.026677,437.072755,22.676578
0.026751,437.072755,22.681334
0.026822,437.072755,22.696176
0.026897,437.072755,22.718371
0.026973,437.072755,22.729453
0.027048,437.072755,22.767754
0.027121,437.072755,22.820858
0.027336,437.072755,22.824429
0.027418,437.072755,22.862752
0.027499,437.072755,22.869734
0.027570,437.072755,22.893706
0.027679,437.072755,22.946621
0.027758,437.072755,22.953741
0.027828,437.072755,22.975178
0.028087,437.072755,22.983658
0.028171,437.072755,22.987018
0.028261,437.072755,22.992381
0.028352,437.072755,23.020838
0.028430,437.072755,23.048026
0.028540,437.072755,23.059866
0.028682,437.072755,23.061091
0.028757,437.072755,23.070221
0.028831,437.072755,23.085888
0.424852,434.708966,23.085888
0.427567,433.721318,23.085888
0.430967,431.992934,23.085888
0.446615,427.854662,23.085888
0.533349,425.256670,23.085888
0.714305,421.370726,23.085888
0.723717,417.853750,23.085888
0.727886,416.989558,23.085888
0.729487,410.483710,23.085888
0.761347,408.400390,23.085888
1.081360,406.900400,23.085888
1.146457,406.672006,23.085888
1.336759,405.807814,23.085888
1.393409,402.902302,23.085888
1.393508,398.852958,23.085888
1.412454,393.274030,23.085888
1.413712,386.129390,23.085888
1.436013,375.651790,23.085888
2.772860,373.149971,23.085888
3.194463,364.335187,23.085888
3.466605,362.749070,23.085888
3.484056,355.671470,23.085888
3.506863,350.815206,23.085888
4.238036,349.954232,23.085888
4.238367,348.712088,23.085888
4.270173,345.442416,23.085888
4.476710,342.611536,23.085888
4.812588,340.573424,23.085888
4.813036,334.701680,23.085888
4.825454,333.722800,23.085888
4.947103,332.318880,23.085888
7.535159,329.664672,23.085888
8.084394,328.343904,23.085888
8.684169,326.468939,23.085888
8.820653,326.442515,23.085888
8.849669,324.728203,23.085888
8.890775,317.447883,23.085888
8.890881,315.629579,23.085888
9.074535,314.333291,23.085888
9.543847,313.891811,23.085888
9.560227,313.662403,23.085888
9.560624,313.231459,23.085888
11.197712,313.015206,23.085888
12.381422,312.299200,23.085888
12.478388,310.977480,23.085888
12.478472,303.272776,23.085888
12.485479,303.200576,23.085888
12.914422,302.408584,23.085888
12.921106,301.904288,23.085888
13.060228,297.747392,23.085888
13.144234,290.870752,23.085888
13.144343,289.052448,23.085888
13.971865,286.141072,23.085888
13.977551,285.683360,23.085888
14.132646,282.880752,23.085888
31.410005,280.323904,23.085888
31.521183,278.986376,23.085888
31.981903,275.615264,23.085888
32.065467,274.384659,23.085888
37.244491,273.844248,23.085888
37.281766,272.266648,23.085888
37.334977,268.885616,23.085888
37.356373,267.533936,23.085888
38.022703,265.682224,23.085888
38.022779,261.488240,23.085888
39.126261,260.624048,23.085888
39.549188,255.356840,23.085888
39.549292,251.162856,23.085888
39.739009,246.632800,23.085888
50.137637,243.632800,23.085888
50.137727,243.225216,23.085888
58.847840,242.086064,23.085888
59.274895,241.221872,23.085888
59.384678,240.024208,23.085888
59.384771,235.130224,23.085888
59.458933,228.275496,23.085888
59.920758,227.803424,23.085888
60.143485,227.689288,23.085888
60.147022,223.745312,23.085888
60.236726,220.069240,23.085888
66.157524,219.378432,23.085888
66.198611,218.202680,23.085888
66.200952,217.822200,23.085888
66.201804,213.654360,23.085888
68.022708,212.473976,23.085888
93.576282,206.095840,23.085888
106.141852,205.208936,23.085888
122.290220,198.784560,23.085888
122.404334,193.193896,23.085888
129.978140,189.661264,23.085888
130.032087,189.518192,23.085888
130.032144,188.241648,23.085888
130.045160,188.208936,23.085888
135.874636,187.322032,23.085888
135.913780,182.988864,23.085888
138.417861,180.886168,23.085888
157.325001,179.322032,23.085888
158.505570,178.170888,23.085888
158.514163,177.112456,23.085888
158.528852,174.480760,23.085888
158.528914,172.983992,23.085888
158.528950,172.232376,23.085888
158.529075,165.625848,23.085888
182.353531,165.311080,23.085888
192.116169,164.778632,23.085888
192.124379,160.088840,23.085888
192.632304,156.675400,23.085888
192.649651,156.635114,23.085888
198.976438,156.635114,23.107258
265.702816,156.635114,23.119578
292.528920,154.823560,23.119578
298.422948,154.823560,23.155309
298.423025,154.823560,23.249206
298.423086,154.823560,23.277645
298.423146,154.823560,23.364064
298.423205,154.823560,23.423226
298.423264,154.823560,23.444214
298.423418,154.823560,23.485888
298.423758,154.823560,23.499770
298.423829,154.823560,23.596064
298.423891,154.823560,23.639238
298.424021,154.823560,23.669614
298.424079,154.823560,23.687501
298.424168,154.823560,23.731285
298.424234,154.823560,23.773920
298.424353,154.823560,23.784934
298.424415,154.823560,23.812077
298.424488,154.823560,23.885888
298.424548,154.823560,23.899872
298.424614,154.823560,23.915894
298.424674,154.823560,23.958062
298.424747,154.823560,23.962851
298.424817,154.823560,23.981344
298.424885,154.823560,24.054192
298.424947,154.823560,24.057472
298.425004,154.823560,24.058989
298.425079,154.823560,24.184950
298.425156,154.823560,24.209738
298.425226,154.823560,24.219658
298.425274,154.823560,24.294222
298.425363,154.823560,24.342392
298.425433,154.823560,24.377654
298.425525,154.823560,24.388088
298.425596,154.823560,24.410874
298.425666,154.823560,24.480309
298.425859,154.823560,24.532597
298.425942,154.823560,24.548016
298.426016,154.823560,24.555318
298.426094,154.823560,24.619594
298.426165,154.823560,24.629514
298.426227,154.823560,24.830624
298.426292,154.823560,24.885888
298.426587,154.823560,24.906232
298.426611,154.823560,24.939957
298.426674,154.823560,24.991768
298.426741,154.823560,25.046637
298.426909,154.823560,25.071424
298.426977,154.823560,25.120710
298.427043,154.823560,25.201053
298.427111,154.823560,25.211429
298.427188,154.823560,25.285888
298.427252,154.823560,25.329069
298.427328,154.823560,25.384267
298.427403,154.823560,25.397557
298.427444,154.823560,25.397941
298.427521,154.823560,25.412176
298.427587,154.823560,25.432533
298.427656,154.823560,25.467731
298.427720,154.823560,25.522874
298.427802,154.823560,25.529963
298.427879,154.823560,25.535501
298.427944,154.823560,25.613414
298.428009,154.823560,25.635680
298.428086,154.823560,25.666074
298.428109,154.823560,25.686208
298.428176,154.823560,25.733194
298.428252,154.823560,25.815837
298.428389,154.823560,25.818272
298.428486,154.823560,25.864074
298.428538,154.823560,25.875194
298.428586,154.823560,25.906032
298.428668,154.823560,25.907258
298.428740,154.823560,25.917178
298.428789,154.823560,26.034285
298.428900,154.823560,26.047317
298.428982,154.823560,26.051019
298.429053,154.823560,26.071498
298.429225,154.823560,26.126973
298.429292,154.823560,26.138677
298.429365,154.823560,26.179981
298.429597,154.823560,26.185518
298.429838,154.823560,26.199077
298.429916,154.823560,26.236245
298.429993,154.823560,26.247949
298.430064,154.823560,26.285888
298.430380,154.823560,26.317114
298.430447,154.823560,26.327034
298.430630,154.823560,26.331214
298.430701,154.823560,26.351523
298.430779,154.823560,26.355270
298.430860,154.823560,26.358453
298.430938,154.823560,26.379416
298.431015,154.823560,26.437674
298.431155,154.823560,26.447374
298.431234,154.823560,26.467725
298.431310,154.823560,26.481354
298.431534,154.823560,26.485888
298.431823,154.823560,26.511747
298.431911,154.823560,26.523925
298.432005,154.823560,26.528109
298.432084,154.823560,26.668586
298.432137,154.823560,26.678858
298.432221,154.823560,26.685888
298.432779,154.823560,26.721664
298.432850,154.823560,26.751706
298.432980,154.823560,26.796354
298.433031,154.823560,26.805920
298.433112,154.823560,26.809902
298.433284,154.823560,26.847594
298.433380,154.823560,26.858989
298.433476,154.823560,26.873514
298.433552,154.823560,26.900675
298.433624,154.823560,26.941354
298.433679,154.823560,26.951616
298.433755,154.823560,26.952912
298.433825,154.823560,26.976981
298.433902,154.823560,26.996354
298.433981,154.823560,27.007030
298.434136,154.823560,27.021045
298.434208,154.823560,27.026605
298.434308,154.823560,27.073514
298.434378,154.823560,27.078842
298.434466,154.823560,27.080670
298.434541,154.823560,27.126906
298.434619,154.823560,27.162203
298.434675,154.823560,27.171669
298.434736,154.823560,27.172483
298.434816,154.823560,27.197283
298.434853,154.823560,27.208461
298.434934,154.823560,27.210299
298.435009,154.823560,27.214691
298.435059,154.823560,27.244514
298.435191,154.823560,27.246755
298.435260,154.823560,27.252525
298.435330,154.823560,27.256675
298.435380,154.823560,27.319584
298.435419,154.823560,27.342918
298.435504,154.823560,27.352403
298.435575,154.823560,27.370424
298.435627,154.823560,27.388930
298.435708,154.823560,27.430714
298.435787,154.823560,27.475174
298.435942,154.823560,27.481123
298.436024,154.823560,27.486237
298.436106,154.823560,27.490794
298.436164,154.823560,27.515757
298.436248,154.823560,27.517346
298.436298,154.823560,27.517914
298.436369,154.823560,27.533926
298.436402,154.823560,27.538048
298.436477,154.823560,27.561594
298.436531,154.823560,27.570424
298.436605,154.823560,27.585034
298.436699,154.823560,27.606475
298.436791,154.823560,27.656611
298.436859,154.823560,27.661453
298.436941,154.823560,27.666531
298.437128,154.823560,27.666990
298.437205,154.823560,27.685888
298.438181,154.823560,27.695454
298.438256,154.823560,27.696354
298.438363,154.823560,27.712405
298.438436,154.823560,27.715914
298.438666,154.823560,27.717717
298.438750,154.823560,27.722274
298.438854,154.823560,27.727034
298.439021,154.823560,27.743850
298.439136,154.823560,27.757709
298.439215,154.823560,27.757872
298.439324,154.823560,27.769018
298.439485,154.823560,27.778842
298.439550,154.823560,27.778987
298.439624,154.823560,27.825083
298.439776,154.823560,27.846637
298.439875,154.823560,27.869805
298.439956,154.823560,27.885888
298.440168,154.823560,27.913418
298.440255,154.823560,27.922274
298.440337,154.823560,27.923338
298.440468,154.823560,27.928979
298.440633,154.823560,27.930717
298.440696,154.823560,27.958456
298.440775,154.823560,27.978813
298.440855,154.823560,28.014850
298.440928,154.823560,28.020429
298.440966,154.823560,28.045707
298.441000,154.823560,28.060314
298.441085,154.823560,28.078858
298.441177,154.823560,28.106787
298.441257,154.823560,28.136219
298.441344,154.823560,28.178874
298.441514,154.823560,28.182509
298.441596,154.823560,28.189936
298.441679,154.823560,28.189942
298.441805,154.823560,28.195106
298.441908,154.823560,28.209315
298.441987,154.823560,28.210293
298.442070,154.823560,28.210918
298.442125,154.823560,28.226605
298.442178,154.823560,28.241590
298.442263,154.823560,28.245491
298.442343,154.823560,28.246794
298.442428,154.823560,28.252525
298.442669,154.823560,28.296344
298.442726,154.823560,28.304994
298.442803,154.823560,28.319565
298.442877,154.823560,28.323274
298.442972,154.823560,28.330566
298.443062,154.823560,28.333194
298.443136,154.823560,28.335245
298.443255,154.823560,28.343230
298.443499,154.823560,28.376378
298.443578,154.823560,28.409880
298.443640,154.823560,28.423334
298.443811,154.823560,28.423710
298.443898,154.823560,28.432568
298.444006,154.823560,28.438134
298.444059,154.823560,28.449226
298.444137,154.823560,28.456602
298.444332,154.823560,28.458453
298.444424,154.823560,28.476262
298.444510,154.823560,28.478842
298.444634,154.823560,28.491235
298.444688,154.823560,28.500216
298.444769,154.823560,28.509270
298.444845,154.823560,28.561165
298.444918,154.823560,28.584443
298.445093,154.823560,28.593597
298.445177,154.823560,28.603546
298.445273,154.823560,28.608477
298.445338,154.823560,28.665451
298.445474,154.823560,28.710357
298.445552,154.823560,28.715683
298.445798,154.823560,28.750317
298.445968,154.823560,28.770211
298.446107,154.823560,28.796154
298.446177,154.823560,28.797274
298.446276,154.823560,28.814672
298.446396,154.823560,28.825077
298.446505,154.823560,28.826595
298.446760,154.823560,28.858870
298.446853,154.823560,28.864514
298.447020,154.823560,28.872862
298.447106,154.823560,28.879064
298.447217,154.823560,28.894467
298.447264,154.823560,28.896354
298.447383,154.823560,28.901091
298.447493,154.823560,28.901550
298.447586,154.823560,28.904733
298.447674,154.823560,28.910470
298.447716,154.823560,28.922274
298.447890,154.823560,28.944680
298.447995,154.823560,28.952525
298.448223,154.823560,28.965880
298.448305,154.823560,28.970112
298.448492,154.823560,28.975168
298.448585,154.823560,28.986227
298.448669,154.823560,29.014005
298.448850,154.823560,29.014043
298.448907,154.823560,29.017688
298.448997,154.823560,29.066531
298.449167,154.823560,29.087947
298.449263,154.823560,29.108515
298.449427,154.823560,29.113592
298.449507,154.823560,29.117291
298.449583,154.823560,29.136213
298.449789,154.823560,29.160453
298.449879,154.823560,29.162197
298.449947,154.823560,29.163792
298.450036,154.823560,29.170434
298.450374,154.823560,29.171382
298.450473,154.823560,29.178445
298.450720,154.823560,29.188230
298.450812,154.823560,29.219117
298.451055,154.823560,29.226938
298.451147,154.823560,29.241818
298.451222,154.823560,29.254928
298.451310,154.823560,29.266051
298.451395,154.823560,29.280654
298.451495,154.823560,29.282554
298.451610,154.823560,29.285888
298.451950,154.823560,29.288920
298.452094,154.823560,29.297573
337.890519,154.823560,29.388227
337.890582,154.823560,29.485888
337.891525,154.823560,29.572269
337.891568,154.823560,29.619606
337.891616,154.823560,29.642550
337.891679,154.823560,29.668586
337.891739,154.823560,29.681360
337.891798,154.823560,29.703149
337.891844,154.823560,29.720410
337.891885,154.823560,29.757376
337.892014,154.823560,29.762832
337.892057,154.823560,29.829059
337.892127,154.823560,29.847597
337.892188,154.823560,29.880848
337.892250,154.823560,29.924757
337.892298,154.823560,29.932504
337.892361,154.823560,29.939963
337.892405,154.823560,29.980867
337.892469,154.823560,29.986221
337.892549,154.823560,30.006778
337.892609,154.823560,30.014250
337.892723,154.823560,30.023509
337.892790,154.823560,30.033787
337.892831,154.823560,30.041370
337.892921,154.823560,30.052525
337.892962,154.823560,30.088117
337.893069,154.823560,30.117178
337.893115,154.823560,30.129685
337.893183,154.823560,30.231789
337.893265,154.823560,30.234390
337.893328,154.823560,30.241328
337.893392,154.823560,30.242018
337.893455,154.823560,30.273333
337.893503,154.823560,30.297366
337.893675,154.823560,30.322507
337.893746,154.823560,30.325173
337.893798,154.823560,30.343850
337.893844,154.823560,30.388930
337.893909,154.823560,30.477187
337.893947,154.823560,30.485888
337.894876,154.823560,30.493210
337.894948,154.823560,30.501901
337.895173,154.823560,30.517346
337.895244,154.823560,30.520410
337.895296,154.823560,30.521571
337.895376,154.823560,30.527034
337.895502,154.823560,30.562669
337.895579,154.823560,30.596877
337.895650,154.823560,30.597579
337.895717,154.823560,30.614400
337.895799,154.823560,30.626595
337.895844,154.823560,30.674752
337.895903,154.823560,30.677187
337.895979,154.823560,30.685888
337.896680,154.823560,30.699370
337.896730,154.823560,30.723509
337.896853,154.823560,30.727014
337.896903,154.823560,30.745101
337.896971,154.823560,30.749387
337.897039,154.823560,30.767338
337.897236,154.823560,30.773517
337.897291,154.823560,30.774402
337.897363,154.823560,30.782550
337.897444,154.823560,30.796520
337.897527,154.823560,30.798189
337.897656,154.823560,30.807422
337.897729,154.823560,30.846339
337.897779,154.823560,30.885888
337.898138,154.823560,30.888117
337.898264,154.823560,30.900675
337.898332,154.823560,30.924757
337.898537,154.823560,30.941360
337.898620,154.823560,30.978445
337.898668,154.823560,30.984414
337.898710,154.823560,30.996354
337.898913,154.823560,31.005507
337.899054,154.823560,31.020858
337.899161,154.823560,31.026605
337.899212,154.823560,31.070240
337.899274,154.823560,31.073514
337.899412,154.823560,31.082718
337.899481,154.823560,31.102285
337.899551,154.823560,31.105160
337.899633,154.823560,31.106130
337.899770,154.823560,31.106787
337.899833,154.823560,31.147584
337.899921,154.823560,31.156237
337.899977,154.823560,31.168216
337.900037,154.823560,31.188088
337.900098,154.823560,31.195106
337.900155,154.823560,31.200630
337.900217,154.823560,31.219437
337.900290,154.823560,31.228141
337.900360,154.823560,31.244514
337.900445,154.823560,31.245707
337.900493,154.823560,31.252525
337.900561,154.823560,31.273514
337.900628,154.823560,31.283957
337.900729,154.823560,31.319091
337.900798,154.823560,31.356811
337.900848,154.823560,31.362203
337.900892,154.823560,31.364197
337.900973,154.823560,31.372259
337.901055,154.823560,31.380867
337.901165,154.823560,31.424702
337.901383,154.823560,31.430714
337.901440,154.823560,31.443266
337.901527,154.823560,31.447840
337.901601,154.823560,31.456675
337.901655,154.823560,31.459072
337.901710,154.823560,31.474691
337.901841,154.823560,31.477155
337.901895,154.823560,31.477187
337.901940,154.823560,31.493210
337.902163,154.823560,31.498189
337.902214,154.823560,31.515933
337.902275,154.823560,31.516088
337.902345,154.823560,31.523286
337.902422,154.823560,31.524558
337.902479,154.823560,31.530088
337.902509,154.823560,31.533200
337.902590,154.823560,31.552403
337.902656,154.823560,31.561136
337.902690,154.823560,31.570424
337.902892,154.823560,31.634390
337.902936,154.823560,31.642018
337.903019,154.823560,31.669715
337.903163,154.823560,31.683354
337.903210,154.823560,31.693261
337.903262,154.823560,31.696354
337.903434,154.823560,31.716098
337.903479,154.823560,31.741360
337.903522,154.823560,31.743640
337.903600,154.823560,31.749197
337.903677,154.823560,31.752928
337.903732,154.823560,31.756131
337.903800,154.823560,31.761594
337.903855,154.823560,31.773517
337.903990,154.823560,31.804952
337.904063,154.823560,31.805227
337.904144,154.823560,31.808651
337.904217,154.823560,31.818234
337.904391,154.823560,31.839306
337.904431,154.823560,31.844773
337.904510,154.823560,31.866531
337.904644,154.823560,31.869805
337.904722,154.823560,31.898189
337.904807,154.823560,31.914598
337.904863,154.823560,31.918437
337.904937,154.823560,31.921933
337.905012,154.823560,31.922274
337.905259,154.823560,31.933304
337.905329,154.823560,31.947597
337.905383,154.823560,31.957411
337.905455,154.823560,31.975240
337.905508,154.823560,31.994506
337.905703,154.823560,31.998179
337.905776,154.823560,32.001840
337.905863,154.823560,32.002427
337.905941,154.823560,32.019130
337.906019,154.823560,32.019171
337.906087,154.823560,32.055582
337.906163,154.823560,32.059202
337.906200,154.823560,32.086230
337.906252,154.823560,32.086234
337.906309,154.823560,32.127014
337.906362,154.823560,32.131472
337.906414,154.823560,32.134859
337.906504,154.823560,32.141957
337.906644,154.823560,32.149387
337.906696,154.823560,32.152525
337.906747,154.823560,32.164197
337.906850,154.823560,32.167938
337.906906,154.823560,32.170434
337.907097,154.823560,32.186443
337.907172,154.823560,32.196763
337.907225,154.823560,32.205533
337.907260,154.823560,32.206768
337.907348,154.823560,32.216088
337.907439,154.823560,32.217234
337.907514,154.823560,32.254928
337.907592,154.823560,32.269077
337.907671,154.823560,32.300675
337.907727,154.823560,32.323053
337.907811,154.823560,32.335203
337.907886,154.823560,32.346613
337.907955,154.823560,32.358062
337.908034,154.823560,32.361739
337.908200,154.823560,32.363010
337.908300,154.823560,32.364197
337.908333,154.823560,32.374640
337.908407,154.823560,32.378874
337.908481,154.823560,32.387034
337.908629,154.823560,32.399437
337.908753,154.823560,32.424045
337.908900,154.823560,32.430688
337.908952,154.823560,32.439477
337.909069,154.823560,32.448717
337.909153,154.823560,32.450610
337.909209,154.823560,32.460734
337.909366,154.823560,32.462701
337.909449,154.823560,32.478784
337.909584,154.823560,32.496344
337.909700,154.823560,32.505173
337.909788,154.823560,32.512954
337.909948,154.823560,32.515469
337.910008,154.823560,32.532501
337.910083,154.823560,32.539554
337.910147,154.823560,32.567670
337.910222,154.823560,32.567938
337.910341,154.823560,32.568512
337.910458,154.823560,32.588088
337.910519,154.823560,32.589510
337.910633,154.823560,32.615402
337.910711,154.823560,32.618789
337.910878,154.823560,32.622274
337.910999,154.823560,32.641350
337.911148,154.823560,32.645050
337.911225,154.823560,32.659018
337.911273,154.823560,32.671021
337.911339,154.823560,32.674723
337.911406,154.823560,32.696344
337.911523,154.823560,32.698179
337.911639,154.823560,32.709874
337.911744,154.823560,32.710941
337.911785,154.823560,32.736845
337.911853,154.823560,32.739957
337.911908,154.823560,32.742986
337.912032,154.823560,32.772259
337.912083,154.823560,32.779038
337.912206,154.823560,32.780213
337.912270,154.823560,32.780819
337.912343,154.823560,32.788091
337.912417,154.823560,32.788275
337.912504,154.823560,32.811547
337.912621,154.823560,32.813813
337.912704,154.823560,32.814850
337.912762,154.823560,32.822851
337.912820,154.823560,32.828341
337.912897,154.823560,32.832707
337.913091,154.823560,32.841957
337.913220,154.823560,32.843266
337.913324,154.823560,32.862958
337.913374,154.823560,32.871453
337.913429,154.823560,32.873430
337.913487,154.823560,32.873446
337.913546,154.823560,32.879632
337.913627,154.823560,32.883331
337.913704,154.823560,32.888930
337.913769,154.823560,32.893210
337.914030,154.823560,32.943211
337.914250,154.823560,32.952483
337.914321,154.823560,32.970424
337.914442,154.823560,32.970795
337.914508,154.823560,32.976542
337.914565,154.823560,32.989530
337.914629,154.823560,33.012150
337.914710,154.823560,33.022851
337.914804,154.823560,33.041370
337.914918,154.823560,33.048194
337.915024,154.823560,33.051206
337.915065,154.823560,33.071021
337.915154,154.823560,33.084414
337.915204,154.823560,33.089256
337.915279,154.823560,33.101091
337.915338,154.823560,33.132710
337.915394,154.823560,33.137885
337.915482,154.823560,33.138874
337.915559,154.823560,33.156493
337.915636,154.823560,33.164168
337.915770,154.823560,33.170309
337.915885,154.823560,33.178987
337.915968,154.823560,33.179019
337.916025,154.823560,33.185218
337.916150,154.823560,33.188901
337.916287,154.823560,33.195373
337.916346,154.823560,33.240635
337.916413,154.823560,33.253690
337.916497,154.823560,33.328979
337.916568,154.823560,33.329027
337.916752,154.823560,33.333885
337.916794,154.823560,33.345005
337.916854,154.823560,33.345050
337.917005,154.823560,33.356782
337.917132,154.823560,33.358627
337.917214,154.823560,33.367773
337.917286,154.823560,33.367928
337.917367,154.823560,33.388920
337.917419,154.823560,33.389440
337.917485,154.823560,33.389898
337.917564,154.823560,33.391926
337.917631,154.823560,33.441818
337.917683,154.823560,33.442008
337.917745,154.823560,33.461101
337.917895,154.823560,33.466512
337.917950,154.823560,33.482718
337.918175,154.823560,33.485888
337.919295,154.823560,33.486230
337.919354,154.823560,33.486237
337.919411,154.823560,33.487437
337.919475,154.823560,33.509874
337.919548,154.823560,33.519717
337.919717,154.823560,33.522274
337.919854,154.823560,33.525179
337.919915,154.823560,33.530653
337.920056,154.823560,33.542018
337.920133,154.823560,33.545101
337.920338,154.823560,33.560310
337.920419,154.823560,33.563010
337.920498,154.823560,33.564168
337.920567,154.823560,33.567938
337.920687,154.823560,33.578403
337.920760,154.823560,33.581525
337.920854,154.823560,33.619181
337.920923,154.823560,33.643637
337.920983,154.823560,33.651251
337.921058,154.823560,33.668586
337.921194,154.823560,33.672176
337.921342,154.823560,33.673446
337.921407,154.823560,33.685888
337.921780,154.823560,33.688301
337.921920,154.823560,33.689914
337.921985,154.823560,33.690178
337.922140,154.823560,33.699944
337.922214,154.823560,33.726531
337.922362,154.823560,33.726845
337.922439,154.823560,33.750029
337.922645,154.823560,33.755354
337.922719,154.823560,33.762174
337.922784,154.823560,33.767842
337.922847,154.823560,33.769715
337.922989,154.823560,33.770434
337.923244,154.823560,33.806810
337.923335,154.823560,33.815862
337.923592,154.823560,33.820858
337.923792,154.823560,33.822851
337.923846,154.823560,33.824109
337.923930,154.823560,33.830192
337.924007,154.823560,33.841370
337.924132,154.823560,33.842430
337.924194,154.823560,33.847597
337.924266,154.823560,33.871011
337.924349,154.823560,33.874723
337.924501,154.823560,33.879610
337.924583,154.823560,33.902285
337.924655,154.823560,33.919120
337.924734,154.823560,33.921571
337.924790,154.823560,33.924099
337.924880,154.823560,33.928398
337.925037,154.823560,33.929008
337.925180,154.823560,33.930859
337.925266,154.823560,33.932710
337.925404,154.823560,33.933771
337.925497,154.823560,33.941957
337.925764,154.823560,33.945091
337.925838,154.823560,33.951216
337.925925,154.823560,33.957970
338.013575,154.823560,33.973827
349.392210,154.823560,33.978854
350.836914,154.823560,33.982557
350.836964,154.823560,33.984547
350.837029,154.823560,33.985802
350.837153,154.823560,33.988088
350.837197,154.823560,34.028357
350.837262,154.823560,34.056602
350.837325,154.823560,34.073430
350.837411,154.823560,34.091371
350.837476,154.823560,34.097518
350.837516,154.823560,34.116088
350.837584,154.823560,34.119171
350.837631,154.823560,34.129357
350.837698,154.823560,34.166051
350.837813,154.823560,34.170931
350.837938,154.823560,34.180867
350.838045,154.823560,34.189510
350.838146,154.823560,34.195106
350.838216,154.823560,34.230714
350.838277,154.823560,34.266349
350.838355,154.823560,34.277600
350.838399,154.823560,34.279651
350.838460,154.823560,34.283354
350.838563,154.823560,34.286237
350.838625,154.823560,34.293693
350.838681,154.823560,34.307848
350.838700,154.823560,34.324099
350.838838,154.823560,34.343040
350.838879,154.823560,34.351190
350.839067,154.823560,34.359072
350.839114,154.823560,34.363397
350.839175,154.823560,34.380867
350.839238,154.823560,34.412944
350.839351,154.823560,34.422213
350.839421,154.823560,34.423040
350.839498,154.823560,34.434390
350.839548,154.823560,34.437997
350.839619,154.823560,34.439934
350.839666,154.823560,34.487634
350.839750,154.823560,34.495051
350.839812,154.823560,34.517346
350.839881,154.823560,34.528322
350.839943,154.823560,34.530688
350.839986,154.823560,34.530875
350.840031,154.823560,34.593142
350.840105,154.823560,34.602453
350.840147,154.823560,34.611722
350.840214,154.823560,34.634558
350.840285,154.823560,34.643731
350.840357,154.823560,34.662142
350.840401,154.823560,34.693210
350.840528,154.823560,34.697528
350.840571,154.823560,34.719120
350.840627,154.823560,34.728979
350.840682,154.823560,34.739867
350.840738,154.823560,34.761742
350.840807,154.823560,34.762958
350.840889,154.823560,34.773920
350.840949,154.823560,34.788920
350.840988,154.823560,34.796877
350.841056,154.823560,34.829630
350.841123,154.823560,34.842880
350.841196,154.823560,34.869731
350.841257,154.823560,34.872862
350.841311,154.823560,34.877803
350.841385,154.823560,34.880699
350.841439,154.823560,34.893190
350.841558,154.823560,34.893210
350.841719,154.823560,34.910470
350.841800,154.823560,34.918478
350.841851,154.823560,34.935174
350.841962,154.823560,34.941379
350.842008,154.823560,34.942579
350.842077,154.823560,34.958411
350.842154,154.823560,34.989510
350.842197,154.823560,34.993848
350.842235,154.823560,35.001227
350.842307,154.823560,35.012941
350.842405,154.823560,35.026563
350.842477,154.823560,35.053693
350.842554,154.823560,35.069074
350.842695,154.823560,35.076539
350.842828,154.823560,35.097312
350.842876,154.823560,35.098112
350.842992,154.823560,35.101214
350.843040,154.823560,35.128382
350.843131,154.823560,35.131910
350.843196,154.823560,35.141957
350.843240,154.823560,35.148520
350.843312,154.823560,35.153680
350.843380,154.823560,35.162752
350.843427,154.823560,35.175126
350.843482,154.823560,35.180867
350.843527,154.823560,35.197123
350.843594,154.823560,35.208448
350.843647,154.823560,35.226480
350.843781,154.823560,35.238874
350.843835,154.823560,35.256782
350.843981,154.823560,35.258618
350.844046,154.823560,35.259856
350.844088,154.823560,35.279530
350.844158,154.823560,35.282718
350.844222,154.823560,35.283354
350.844267,154.823560,35.294886
350.844316,154.823560,35.329008
350.844411,154.823560,35.338077
350.844465,154.823560,35.348034
350.844520,154.823560,35.378854
350.844588,154.823560,35.387034
350.844658,154.823560,35.394413
350.844724,154.823560,35.403050
350.844788,154.823560,35.406739
350.844989,154.823560,35.420923
350.845044,154.823560,35.441350
350.845095,154.823560,35.452877
350.845160,154.823560,35.467242
350.845305,154.823560,35.482699
350.845373,154.823560,35.495483
350.845427,154.823560,35.517098
350.845527,154.823560,35.517237
350.845654,154.823560,35.519120
350.845706,154.823560,35.524067
350.845842,154.823560,35.524683
350.845912,154.823560,35.529008
350.846005,154.823560,35.570187
350.846075,154.823560,35.570211
350.846139,154.823560,35.596890
350.846206,154.823560,35.611128
350.846270,154.823560,35.619726
350.846333,154.823560,35.622851
350.846560,154.823560,35.631379
350.846680,154.823560,35.672698
350.846763,154.823560,35.679651
350.846832,154.823560,35.680181
350.847031,154.823560,35.682693
350.847092,154.823560,35.687008
350.847223,154.823560,35.690723
350.847310,154.823560,35.692574
350.847399,154.823560,35.693210
350.847497,154.823560,35.701154
350.847562,154.823560,35.710470
350.847622,154.823560,35.749198
350.847648,154.823560,35.754122
350.847681,154.823560,35.759262
350.847773,154.823560,35.773333
350.847852,154.823560,35.780238
350.848053,154.823560,35.789914
350.848112,154.823560,35.804133
350.848259,154.823560,35.822213
350.848344,154.823560,35.825886
350.848397,154.823560,35.828382
350.848471,154.823560,35.828853
350.848680,154.823560,35.852886
350.848778,154.823560,35.857182
350.848818,154.823560,35.865397
350.848892,154.823560,35.866051
350.849021,154.823560,35.885792
350.849093,154.823560,35.908442
350.849145,154.823560,35.909883
350.849221,154.823560,35.920285
350.849337,154.823560,35.927770
350.849471,154.823560,35.932659
350.849548,154.823560,35.952365
350.849619,154.823560,35.952483
350.849687,154.823560,35.957973
350.849797,154.823560,35.971011
350.849941,154.823560,35.991803
350.849991,154.823560,35.997518
350.850071,154.823560,36.007435
350.850153,154.823560,36.008448
350.850223,154.823560,36.032707
350.850511,154.823560,36.127770
350.850576,154.823560,36.131693
350.850658,154.823560,36.147475
350.850817,154.823560,36.149387
350.850955,154.823560,36.161659
350.851012,154.823560,36.166381
350.851097,154.823560,36.175939
350.851172,154.823560,36.186398
350.851241,154.823560,36.187034
350.851336,154.823560,36.209810
350.851408,154.823560,36.209845
350.851513,154.823560,36.232707
350.851603,154.823560,36.261510
350.851655,154.823560,36.261688
350.851757,154.823560,36.274672
350.851888,154.823560,36.293190
350.852104,154.823560,36.295483
350.852173,154.823560,36.302939
350.852236,154.823560,36.329008
350.852332,154.823560,36.340674
350.852416,154.823560,36.358627
350.852499,154.823560,36.375894
350.852588,154.823560,36.378155
350.852638,154.823560,36.383941
350.852852,154.823560,36.391371
350.852912,154.823560,36.393104
350.852997,154.823560,36.393158
350.853320,154.823560,36.422771
350.853394,154.823560,36.440525
350.853473,154.823560,36.443637
350.853542,154.823560,36.485888
350.853685,154.823560,36.491806
350.853739,154.823560,36.495307
350.853835,154.823560,36.496880
350.853894,154.823560,36.517278
350.853967,154.823560,36.535174
350.854036,154.823560,36.539934
350.854085,154.823560,36.543766
350.854163,154.823560,36.551533
350.854240,154.823560,36.566035
350.854329,154.823560,36.571515
350.854494,154.823560,36.595947
350.854565,154.823560,36.597366
350.854622,154.823560,36.597528
350.854692,154.823560,36.601230
350.854770,154.823560,36.614195
350.854947,154.823560,36.622851
350.855035,154.823560,36.632682
350.855129,154.823560,36.634574
350.855199,154.823560,36.637613
350.855352,154.823560,36.639477
350.855409,154.823560,36.667928
350.855490,154.823560,36.680222
350.855570,154.823560,36.693664
350.855644,154.823560,36.709219
350.855784,154.823560,36.718352
350.855915,154.823560,36.721552
350.856052,154.823560,36.726531
350.856112,154.823560,36.729630
350.856181,154.823560,36.735694
350.856250,154.823560,36.760317
350.856303,154.823560,36.765848
350.856351,154.823560,36.774958
350.856379,154.823560,36.793219
350.856449,154.823560,36.794400
350.856515,154.823560,36.801227
350.856702,154.823560,36.806691
350.856781,154.823560,36.815741
350.856844,154.823560,36.816624
350.856876,154.823560,36.831491
350.856958,154.823560,36.839477
350.857014,154.823560,36.845688
350.857084,154.823560,36.847475
350.857249,154.823560,36.854122
350.857333,154.823560,36.862291
350.857497,154.823560,36.882699
350.857549,154.823560,36.896931
350.857638,154.823560,36.907403
350.857726,154.823560,36.909213
350.857764,154.823560,36.917237
350.857829,154.823560,36.919717
350.857960,154.823560,36.927770
350.858010,154.823560,36.956093
350.858043,154.823560,36.972757
350.858176,154.823560,36.977742
350.858244,154.823560,36.980787
350.858327,154.823560,36.991310
350.858380,154.823560,37.009845
350.858490,154.823560,37.016098
350.858575,154.823560,37.016592
350.858629,154.823560,37.024458
350.858675,154.823560,37.025067
350.858756,154.823560,37.031389
350.858812,154.823560,37.032707
350.859011,154.823560,37.038874
350.859173,154.823560,37.043192
350.859247,154.823560,37.048517
350.859320,154.823560,37.049910
350.859396,154.823560,37.050590
350.859473,154.823560,37.060227
350.859563,154.823560,37.065339
350.859623,154.823560,37.071453
350.859747,154.823560,37.071547
350.859856,154.823560,37.131262
350.859919,154.823560,37.135194
350.859984,154.823560,37.141157
350.860056,154.823560,37.142008
350.860113,154.823560,37.154029
350.860198,154.823560,37.155515
350.860283,154.823560,37.155544
350.860456,154.823560,37.162059
350.860533,154.823560,37.165822
350.860587,154.823560,37.177075
350.860670,154.823560,37.191117
350.860737,154.823560,37.196848
350.860812,154.823560,37.219688
350.860892,154.823560,37.228979
350.861051,154.823560,37.238874
350.861254,154.823560,37.258579
350.861414,154.823560,37.265394
350.861590,154.823560,37.267267
350.861780,154.823560,37.272763
350.861841,154.823560,37.279632
350.861921,154.823560,37.283354
350.862000,154.823560,37.296880
350.862049,154.823560,37.301227
350.862131,154.823560,37.308448
350.862238,154.823560,37.315846
350.862323,154.823560,37.317114
350.862383,154.823560,37.320914
350.862457,154.823560,37.335174
350.862516,154.823560,37.354931
350.862594,154.823560,37.389160
350.862675,154.823560,37.407320
350.862753,154.823560,37.412896
350.862822,154.823560,37.428979
350.862881,154.823560,37.429557
350.862953,154.823560,37.432682
350.863001,154.823560,37.450610
350.863071,154.823560,37.468267
350.863209,154.823560,37.471547
350.863286,154.823560,37.472021
350.863346,154.823560,37.474608
350.863431,154.823560,37.478320
350.863506,154.823560,37.484499
350.863582,154.823560,37.489901
350.863654,154.823560,37.494184
350.863734,154.823560,37.503611
350.863800,154.823560,37.504262
350.863953,154.823560,37.512122
350.864019,154.823560,37.526344
350.864134,154.823560,37.526531
350.864298,154.823560,37.526544
350.864356,154.823560,37.528950
350.864428,154.823560,37.544395
350.864506,154.823560,37.545050
350.864659,154.823560,37.546110
350.864721,154.823560,37.566680
350.864790,154.823560,37.582464
350.864834,154.823560,37.591926
350.864954,154.823560,37.599315
350.865035,154.823560,37.602418
350.865097,154.823560,37.605965
350.865160,154.823560,37.608533
350.865216,154.823560,37.611102
350.865299,154.823560,37.617014
350.865345,154.823560,37.619139
350.865491,154.823560,37.628382
350.865579,154.823560,37.632688
350.865688,154.823560,37.639149
350.865780,154.823560,37.644315
350.865847,154.823560,37.656747
350.866004,154.823560,37.659882
350.866058,154.823560,37.670931
350.866121,154.823560,37.674672
350.866246,154.823560,37.679413
350.866310,154.823560,37.682619
350.866386,154.823560,37.686237
350.866456,154.823560,37.686341
350.866516,154.823560,37.686789
350.866581,154.823560,37.688230
350.866698,154.823560,37.719082
350.866776,154.823560,37.719139
350.866868,154.823560,37.719717
350.866915,154.823560,37.732698
350.866994,154.823560,37.754886
350.867040,154.823560,37.757667
350.867140,154.823560,37.763368
350.867186,154.823560,37.764768
350.867344,154.823560,37.770382
350.867411,154.823560,37.783638
350.867602,154.823560,37.786093
350.867694,154.823560,37.787014
350.867755,154.823560,37.795051
350.867838,154.823560,37.806075
350.867977,154.823560,37.811712
350.868062,154.823560,37.833037
350.868154,154.823560,37.841166
350.868212,154.823560,37.851190
350.868275,154.823560,37.854042
350.868358,154.823560,37.869686
350.868510,154.823560,37.873446
350.868556,154.823560,37.874672
350.868612,154.823560,37.879358
350.868662,154.823560,37.883918
350.868741,154.823560,37.893190
350.868822,154.823560,37.894949
350.868897,154.823560,37.896848
350.868963,154.823560,37.902430
350.869131,154.823560,37.909670
350.869211,154.823560,37.917840
350.869394,154.823560,37.919717
350.869435,154.823560,37.920152
350.869565,154.823560,37.924067
350.869643,154.823560,37.925664
350.869729,154.823560,37.932021
350.869810,154.823560,37.952197
350.869944,154.823560,37.952886
350.870020,154.823560,37.969680
350.870083,154.823560,37.970029
350.870183,154.823560,37.983533
350.870281,154.823560,37.983722
350.870345,154.823560,37.987034
350.870866,154.823560,37.997547
350.870960,154.823560,38.004221
350.871116,154.823560,38.006130
350.871246,154.823560,38.017694
350.871328,154.823560,38.032707
350.871397,154.823560,38.035787
350.871478,154.823560,38.038874
350.871535,154.823560,38.044811
350.871584,154.823560,38.048685
350.871683,154.823560,38.050571
350.871787,154.823560,38.059882
350.871966,154.823560,38.062752
350.872038,154.823560,38.064520
350.872127,154.823560,38.065394
350.872239,154.823560,38.068483
350.872329,154.823560,38.080787
350.872430,154.823560,38.084867
350.872488,154.823560,38.089227
350.872595,154.823560,38.095606
350.872681,154.823560,38.106730
350.872752,154.823560,38.115370
350.872912,154.823560,38.122222
350.873071,154.823560,38.131437
350.873224,154.823560,38.135152
350.873281,154.823560,38.143467
350.873373,154.823560,38.145030
350.873454,154.823560,38.152978
350.873533,154.823560,38.153070
350.873612,154.823560,38.154899
350.873731,154.823560,38.165848
350.873813,154.823560,38.167184
350.873963,154.823560,38.180848
350.874034,154.823560,38.212283
350.874121,154.823560,38.215344
359.973545,154.823560,38.219091
360.841085,154.823560,38.223426
360.841156,154.823560,38.237616
360.841187,154.823560,38.247475
360.841239,154.823560,38.252483
360.841276,154.823560,38.256763
360.841405,154.823560,38.265394
360.841459,154.823560,38.270757
360.841502,154.823560,38.273434
360.841617,154.823560,38.278403
360.841657,154.823560,38.291733
360.841695,154.823560,38.340051
360.841768,154.823560,38.343795
360.841849,154.823560,38.361688
360.841927,154.823560,38.367067
360.841962,154.823560,38.367838
360.842003,154.823560,38.375701
360.842109,154.823560,38.393739
360.842166,154.823560,38.396890
360.842376,154.823560,38.401208
360.842419,154.823560,38.424486
360.842510,154.823560,38.428950
360.842558,154.823560,38.428966
360.842606,154.823560,38.437974
360.842629,154.823560,38.446624
360.842674,154.823560,38.455915
360.842726,154.823560,38.477600
360.842812,154.823560,38.495051
360.842871,154.823560,38.505504
360.843063,154.823560,38.526480
360.843092,154.823560,38.545050
360.843131,154.823560,38.559173
360.843246,154.823560,38.561688
360.843294,154.823560,38.576542
360.843396,154.823560,38.583718
360.843440,154.823560,38.584499
360.843502,154.823560,38.599328
360.843577,154.823560,38.606613
360.843631,154.823560,38.641928
360.843672,154.823560,38.649390
360.843744,154.823560,38.657966
360.843805,154.823560,38.660878
360.843835,154.823560,38.673882
360.843876,154.823560,38.688230
360.843920,154.823560,38.710435
360.843961,154.823560,38.713954
360.844001,154.823560,38.734539
360.844061,154.823560,38.742008
360.844128,154.823560,38.757950
360.844233,154.823560,38.765358
360.844308,154.823560,38.779610
360.844363,154.823560,38.788920
360.844410,154.823560,38.791787
360.844454,154.823560,38.793758
360.844526,154.823560,38.797922
360.844568,154.823560,38.802453
360.844677,154.823560,38.806130
360.844831,154.823560,38.820685
360.844903,154.823560,38.846272
360.844964,154.823560,38.862942
360.845029,154.823560,38.886792
360.845082,154.823560,38.911010
360.845143,154.823560,38.912702
360.845191,154.823560,38.915837
360.845260,154.823560,38.918926
360.845308,154.823560,38.952403
360.845359,154.823560,38.957677
360.845446,154.823560,38.986398
360.845513,154.823560,38.993848
360.845578,154.823560,38.998566
360.845632,154.823560,39.007304
360.845702,154.823560,39.037616
360.845750,154.823560,39.051536
360.845777,154.823560,39.063990
360.845884,154.823560,39.065394
360.845972,154.823560,39.078365
360.846046,154.823560,39.080819
360.846153,154.823560,39.082534
360.846195,154.823560,39.097813
360.846262,154.823560,39.117234
360.846352,154.823560,39.117675
360.846400,154.823560,39.121491
360.846566,154.823560,39.124603
360.846626,154.823560,39.135174
360.846819,154.823560,39.145030
360.846893,154.823560,39.156557
360.847025,154.823560,39.191352
360.847097,154.823560,39.195051
360.847149,154.823560,39.197451
360.847220,154.823560,39.205504
360.847345,154.823560,39.210435
360.847416,154.823560,39.226486
360.847492,154.823560,39.228363
360.847606,154.823560,39.232688
360.847649,154.823560,39.267899
360.847727,154.823560,39.274611
360.847850,154.823560,39.274640
360.847904,154.823560,39.280819
360.847953,154.823560,39.293549
360.848024,154.823560,39.297312
360.848083,154.823560,39.300589
360.848154,154.823560,39.301640
360.848257,154.823560,39.315347
360.848322,154.823560,39.317694
360.848368,154.823560,39.325235
360.848434,154.823560,39.327693
360.848499,154.823560,39.330757
360.848550,154.823560,39.346192
360.848616,154.823560,39.350406
360.848672,154.823560,39.366051
360.848722,154.823560,39.375240
360.848773,154.823560,39.376378
360.848894,154.823560,39.394374
360.848984,154.823560,39.396890
360.849063,154.823560,39.401086
360.849131,154.823560,39.407758
360.849181,154.823560,39.408448
360.849235,154.823560,39.411390
360.849283,154.823560,39.417237
360.849417,154.823560,39.450310
360.849490,154.823560,39.450610
360.849541,154.823560,39.452483
360.849588,154.823560,39.454058
360.849684,154.823560,39.462104
360.849729,154.823560,39.486773
360.849846,154.823560,39.493594
360.849944,154.823560,39.502285
360.850000,154.823560,39.540070
360.850091,154.823560,39.545030
360.850319,154.823560,39.557877
360.850388,154.823560,39.559173
360.850429,154.823560,39.588011
360.850459,154.823560,39.599754
360.850514,154.823560,39.611128
360.850585,154.823560,39.612122
360.850703,154.823560,39.614195
360.850753,154.823560,39.616608
360.850898,154.823560,39.617237
360.850951,154.823560,39.617634
360.851002,154.823560,39.619701
360.851118,154.823560,39.628950
360.851225,154.823560,39.631882
360.851328,154.823560,39.632469
360.851398,154.823560,39.635478
360.851446,154.823560,39.639442
360.851498,154.823560,39.641928
360.851527,154.823560,39.688202
360.851561,154.823560,39.694187
360.851608,154.823560,39.697477
360.851658,154.823560,39.724683
360.851714,154.823560,39.735739
360.851788,154.823560,39.745030
360.851880,154.823560,39.758376
360.851949,154.823560,39.761510
360.852020,154.823560,39.780184
360.852141,154.823560,39.795632
360.852231,154.823560,39.822213
360.852370,154.823560,39.833869
360.852421,154.823560,39.846885
360.852491,154.823560,39.848517
360.852604,154.823560,39.849213
360.852715,154.823560,39.849323
360.852794,154.823560,39.855371
360.852937,154.823560,39.869054
360.853008,154.823560,39.873446
360.853058,154.823560,39.882693
360.853088,154.823560,39.911477
360.853190,154.823560,39.919768
360.853256,154.823560,39.935430
360.853336,154.823560,39.980790
360.853412,154.823560,39.981413
360.853546,154.823560,39.987605
360.853607,154.823560,39.990178
360.853661,154.823560,39.997390
360.853771,154.823560,40.001246
360.853844,154.823560,40.014776
360.853969,154.823560,40.019139
360.854034,154.823560,40.026461
360.854093,154.823560,40.026858
360.854140,154.823560,40.032640
360.854206,154.823560,40.032688
360.854249,154.823560,40.039448
360.854296,154.823560,40.065349
360.854341,154.823560,40.066006
360.854446,154.823560,40.071515
360.854590,154.823560,40.074640
360.854639,154.823560,40.076224
360.854758,154.823560,40.078211
360.854827,154.823560,40.090685
360.855026,154.823560,40.108533
360.855100,154.823560,40.109139
360.855245,154.823560,40.119688
360.855324,154.823560,40.121958
360.855402,154.823560,40.126544
360.855459,154.823560,40.127744
360.855534,154.823560,40.133669
360.855609,154.823560,40.134539
360.855680,154.823560,40.135174
360.855729,154.823560,40.178266
360.855781,154.823560,40.180238
360.855921,154.823560,40.182619
360.856043,154.823560,40.216518
360.856105,154.823560,40.227715
360.856253,154.823560,40.238854
360.856332,154.823560,40.240323
360.856418,154.823560,40.265984
360.856498,154.823560,40.267222
360.856568,154.823560,40.274640
360.856613,154.823560,40.287200
360.856704,154.823560,40.315402
360.856752,154.823560,40.326325
360.856934,154.823560,40.331864
360.857012,154.823560,40.340070
360.857050,154.823560,40.343211
360.857195,154.823560,40.352483
360.857275,154.823560,40.391955
360.857338,154.823560,40.403011
360.857395,154.823560,40.410442
360.857448,154.823560,40.411013
360.857591,154.823560,40.419510
360.857657,154.823560,40.422032
360.857708,154.823560,40.436339
360.857782,154.823560,40.456483
360.857863,154.823560,40.474672
360.858029,154.823560,40.493755
360.858193,154.823560,40.497477
360.858221,154.823560,40.510213
360.858250,154.823560,40.522181
360.858377,154.823560,40.528341
360.858427,154.823560,40.544893
360.858490,154.823560,40.545030
360.858588,154.823560,40.545525
360.858662,154.823560,40.596197
360.858970,154.823560,40.598048
360.859046,154.823560,40.609213
360.859123,154.823560,40.612229
360.859178,154.823560,40.630779
360.859246,154.823560,40.643693
360.859391,154.823560,40.650827
360.859467,154.823560,40.654165
360.859633,154.823560,40.659627
360.859689,154.823560,40.663955
360.859758,154.823560,40.664755
360.859811,154.823560,40.697477
360.859845,154.823560,40.698112
360.859898,154.823560,40.701211
360.859973,154.823560,40.707040
360.860127,154.823560,40.709670
360.860185,154.823560,40.720272
360.860239,154.823560,40.721552
360.860389,154.823560,40.733872
360.860505,154.823560,40.742944
360.860559,154.823560,40.746872
360.860642,154.823560,40.747459
360.860694,154.823560,40.747475
360.860850,154.823560,40.749933
360.860930,154.823560,40.752365
360.860985,154.823560,40.761040
360.861054,154.823560,40.765910
360.861109,154.823560,40.772128
360.861163,154.823560,40.773882
360.861215,154.823560,40.779590
360.861338,154.823560,40.787605
360.861452,154.823560,40.793120
360.861508,154.823560,40.796197
360.861584,154.823560,40.796758
360.861712,154.823560,40.825848
360.861772,154.823560,40.834507
360.861847,154.823560,40.845688
360.861928,154.823560,40.859205
360.862011,154.823560,40.873446
360.862051,154.823560,40.884528
360.862255,154.823560,40.907974
360.862308,154.823560,40.925035
360.862375,154.823560,40.932627
360.862476,154.823560,40.932691
360.862537,154.823560,40.978939
360.862587,154.823560,40.979590
360.862650,154.823560,41.006720
360.862730,154.823560,41.006739
360.862889,154.823560,41.010174
360.862932,154.823560,41.019526
360.863014,154.823560,41.031786
360.863134,154.823560,41.031864
360.863204,154.823560,41.038854
360.863331,154.823560,41.043192
360.863394,154.823560,41.047446
360.863465,154.823560,41.072618
360.863528,154.823560,41.073237
360.863588,154.823560,41.074611
360.863716,154.823560,41.074640
360.863827,154.823560,41.083264
360.863883,154.823560,41.084528
360.863931,154.823560,41.092323
360.863977,154.823560,41.121555
360.864058,154.823560,41.142986
360.864104,154.823560,41.171947
360.864172,154.823560,41.175202
360.864225,154.823560,41.179533
360.864295,154.823560,41.181133
360.864381,154.823560,41.208984
360.864438,154.823560,41.210442
360.864527,154.823560,41.227597
360.864650,154.823560,41.228370
360.864704,154.823560,41.234491
360.864841,154.823560,41.238749
360.864906,154.823560,41.244757
360.864983,154.823560,41.269077
360.865118,154.823560,41.290701
360.865213,154.823560,41.309642
360.865297,154.823560,41.320152
360.865357,154.823560,41.326486
360.865494,154.823560,41.331408
360.865569,154.823560,41.343763
360.865711,154.823560,41.353587
360.865770,154.823560,41.355528
360.865827,154.823560,41.359653
360.865889,154.823560,41.362224
360.865946,154.823560,41.364717
360.866016,154.823560,41.369099
360.866071,154.823560,41.369686
360.866128,154.823560,41.377469
360.866176,154.823560,41.377733
360.866257,154.823560,41.389837
360.866328,154.823560,41.390021
360.866395,154.823560,41.390469
360.866454,154.823560,41.417694
360.866513,154.823560,41.421523
360.866574,154.823560,41.459856
360.866634,154.823560,41.462869
360.866714,154.823560,41.470267
360.866787,154.823560,41.474062
360.866914,154.823560,41.474672
360.866965,154.823560,41.479520
360.867173,154.823560,41.483251
360.867220,154.823560,41.493755
360.867366,154.823560,41.497448
360.867514,154.823560,41.509733
360.867576,154.823560,41.513382
360.867642,154.823560,41.536717
360.867726,154.823560,41.536933
360.867809,154.823560,41.543115
360.867879,154.823560,41.559763
360.867964,154.823560,41.561101
360.868055,154.823560,41.565848
360.868116,154.823560,41.566680
360.868209,154.823560,41.578352
360.868262,154.823560,41.583890
360.868318,154.823560,41.586379
360.868403,154.823560,41.593594
360.868466,154.823560,41.596197
360.868594,154.823560,41.597922
360.868723,154.823560,41.603027
360.868908,154.823560,41.603376
360.868956,154.823560,41.604056
360.869028,154.823560,41.614128
360.869114,154.823560,41.639813
360.869160,154.823560,41.641128
360.869274,154.823560,41.653048
360.869400,154.823560,41.654651
360.869460,154.823560,41.654835
360.869629,154.823560,41.673709
360.869725,154.823560,41.689827
360.869775,154.823560,41.694187
360.869820,154.823560,41.697448
360.869860,154.823560,41.699296
360.869932,154.823560,41.702293
360.869984,154.823560,41.705853
360.870035,154.823560,41.711064
360.870108,154.823560,41.737587
360.870155,154.823560,41.740038
360.870233,154.823560,41.742941
360.870292,154.823560,41.747830
360.870342,154.823560,41.771608
360.870411,154.823560,41.771950
360.870504,154.823560,41.775098
360.870578,154.823560,41.779590
360.870629,154.823560,41.780146
360.870736,154.823560,41.783890
360.870795,154.823560,41.784877
360.870869,154.823560,41.786718
360.870914,154.823560,41.796670
360.870980,154.823560,41.802453
360.871040,154.823560,41.810410
360.871111,154.823560,41.817208
360.871163,154.823560,41.817872
360.871276,154.823560,41.824000
360.871481,154.823560,41.828715
360.871612,154.823560,41.830125
360.871763,154.823560,41.840686
360.871840,154.823560,41.843131
360.871891,154.823560,41.843154
360.871995,154.823560,41.844360
360.872054,154.823560,41.858459
360.872113,154.823560,41.882693
360.872211,154.823560,41.884528
360.872377,154.823560,41.896029
360.872429,154.823560,41.909174
360.872470,154.823560,41.915523
360.872553,154.823560,41.923355
360.872617,154.823560,41.933272
360.872778,154.823560,41.947446
360.872828,154.823560,41.947462
360.872880,154.823560,41.953387
360.873000,154.823560,41.960821
360.873129,154.823560,41.966051
360.873186,154.823560,41.968371
360.873486,154.823560,41.996851
360.873576,154.823560,42.006726
360.873619,154.823560,42.008384
360.873666,154.823560,42.026365
360.873739,154.823560,42.044211
360.873828,154.823560,42.049291
360.873916,154.823560,42.059477
360.874001,154.823560,42.069502
360.874062,154.823560,42.074608
360.874144,154.823560,42.080184
360.874202,154.823560,42.081403
360.874288,154.823560,42.088821
360.874344,154.823560,42.090386
360.874407,154.823560,42.090589
360.874477,154.823560,42.090694
360.874550,154.823560,42.091221
360.874628,154.823560,42.104040
360.874713,154.823560,42.108539
360.874872,154.823560,42.115235
360.874943,154.823560,42.119088
360.875079,154.823560,42.121555
360.875255,154.823560,42.133053
360.875486,154.823560,42.135637
360.875570,154.823560,42.138832
360.875638,154.823560,42.139448
360.875865,154.823560,42.152886
360.875935,154.823560,42.160424
360.875991,154.823560,42.160875
360.876054,154.823560,42.169715
360.876341,154.823560,42.181280
360.876468,154.823560,42.183682
360.876560,154.823560,42.192536
360.876656,154.823560,42.202982
360.876707,154.823560,42.206726
360.876766,154.823560,42.207758
360.876885,154.823560,42.217037
360.876947,154.823560,42.230243
360.877030,154.823560,42.233246
360.877094,154.823560,42.244734
360.877141,154.823560,42.249339
360.877216,154.823560,42.265990
360.877261,154.823560,42.276456
360.877327,154.823560,42.278339
360.877395,154.823560,42.278749
360.877516,154.823560,42.278987
360.877684,154.823560,42.290656
360.877767,154.823560,42.309171
360.877823,154.823560,42.315837
360.877948,154.823560,42.319088
360.878004,154.823560,42.324648
360.878068,154.823560,42.331424
360.878157,154.823560,42.339448
360.878229,154.823560,42.345595
360.878375,154.823560,42.346640
360.878421,154.823560,42.349317
360.878509,154.823560,42.365968
360.878607,154.823560,42.394797
360.878714,154.823560,42.406710
360.878791,154.823560,42.406720
360.878841,154.823560,42.415693
360.879010,154.823560,42.419688
360.879057,154.823560,42.438784
360.879270,154.823560,42.440032
360.879354,154.823560,42.446576
360.879408,154.823560,42.448037
360.879530,154.823560,42.460709
360.879624,154.823560,42.467168
360.879818,154.823560,42.469571
360.879991,154.823560,42.473243
360.880056,154.823560,42.479381
360.880128,154.823560,42.481710
360.880218,154.823560,42.484790
360.880304,154.823560,42.491282
360.880375,154.823560,42.495467
360.880503,154.823560,42.511702
360.880578,154.823560,42.513931
360.880645,154.823560,42.515944
360.880823,154.823560,42.515992
360.880913,154.823560,42.537587
360.881040,154.823560,42.565365
360.881116,154.823560,42.570382
360.881207,154.823560,42.573392
360.881295,154.823560,42.583861
360.881477,154.823560,42.584518
360.881555,154.823560,42.590472
360.881615,154.823560,42.599315
360.881770,154.823560,42.601677
360.881938,154.823560,42.612029
360.882006,154.823560,42.617866
360.882056,154.823560,42.622139
360.882214,154.823560,42.622203
360.882286,154.823560,42.622606
360.882419,154.823560,42.633144
360.882574,154.823560,42.634731
360.882662,154.823560,42.639378
360.882731,154.823560,42.641128
360.882772,154.823560,42.647459
360.882860,154.823560,42.648037
360.882934,154.823560,42.657173
360.882998,154.823560,42.675672
360.883161,154.823560,42.688634
360.883218,154.823560,42.689395
360.883291,154.823560,42.693675
360.883360,154.823560,42.694120
360.883452,154.823560,42.705853
360.883581,154.823560,42.705973
360.883784,154.823560,42.706710
360.884072,154.823560,42.711035
360.884160,154.823560,42.711610
362.759235,154.823560,42.305888
362.759782,154.823560,42.711610
363.792919,154.823560,42.714840
366.815549,154.823560,42.718827
366.815569,154.823560,42.733878
366.815671,154.823560,42.747446
366.815732,154.823560,42.784499
366.815853,154.823560,42.791117
366.815900,154.823560,42.791640
366.815925,154.823560,42.795445
366.816010,154.823560,42.810410
366.816089,154.823560,42.815773
366.816136,154.823560,42.820914
366.816181,154.823560,42.821355
366.816234,154.823560,42.821981
366.816271,154.823560,42.823787
366.816311,154.823560,42.835059
366.816361,154.823560,42.838854
366.816493,154.823560,42.849694
366.816528,154.823560,42.858579
366.816578,154.823560,42.860237
366.816644,154.823560,42.899283
366.816695,154.823560,42.911702
366.816837,154.823560,42.960379
366.817009,154.823560,42.997229
366.817082,154.823560,42.998645
366.817131,154.823560,43.000992
366.817179,154.823560,43.005320
366.817235,154.823560,43.031230
366.817286,154.823560,43.058579
366.817341,154.823560,43.064094
366.817387,154.823560,43.070718
366.817413,154.823560,43.083254
366.817445,154.823560,43.088779
366.817540,154.823560,43.093598
366.817588,154.823560,43.099944
366.817656,154.823560,43.115070
366.817700,154.823560,43.116534
366.817820,154.823560,43.120482
366.817880,154.823560,43.130589
366.817980,154.823560,43.137349
366.818025,154.823560,43.147446
366.818128,154.823560,43.154787
366.818199,154.823560,43.157938
366.818238,154.823560,43.205965
366.818291,154.823560,43.210390
366.818361,154.823560,43.211371
366.818431,154.823560,43.216557
366.818477,154.823560,43.233202
366.818528,154.823560,43.233246
366.818573,154.823560,43.234243
366.818619,154.823560,43.243750
366.818661,154.823560,43.246798
366.818724,154.823560,43.251072
366.818776,154.823560,43.271515
366.818895,154.823560,43.301106
366.818943,154.823560,43.306771
366.819024,154.823560,43.314077
366.819100,154.823560,43.327693
366.819171,154.823560,43.333272
366.819222,154.823560,43.375798
366.819368,154.823560,43.380787
366.819501,154.823560,43.393848
366.819561,154.823560,43.399248
366.819614,154.823560,43.413912
366.819691,154.823560,43.428363
366.819795,154.823560,43.446798
366.819847,154.823560,43.447446
366.819947,154.823560,43.449843
366.820074,154.823560,43.468059
366.820148,154.823560,43.468229
366.820204,154.823560,43.469038
366.820356,154.823560,43.473176
366.820383,154.823560,43.501211
366.820455,154.823560,43.506704
366.820496,154.823560,43.508406
366.820567,154.823560,43.514067
366.820801,154.823560,43.529699
366.820859,154.823560,43.549888
366.820909,154.823560,43.556718
366.820971,154.823560,43.557944
366.821017,154.823560,43.564768
366.821150,154.823560,43.597171
366.821216,154.823560,43.597387
366.821324,154.823560,43.613429
366.821397,154.823560,43.615157
366.821460,154.823560,43.620914
366.821547,154.823560,43.621827
366.821614,154.823560,43.633227
366.821639,154.823560,43.643731
366.821683,154.823560,43.656038
366.821731,154.823560,43.656083
366.821787,154.823560,43.691214
366.821847,154.823560,43.701115
366.821906,154.823560,43.712139
366.821975,154.823560,43.713461
366.822046,154.823560,43.713941
366.822102,154.823560,43.730525
366.822150,154.823560,43.734459
366.822217,154.823560,43.737690
366.822249,154.823560,43.765707
366.822321,154.823560,43.769061
366.822375,154.823560,43.773938
366.822415,154.823560,43.783254
366.822493,154.823560,43.787008
366.822548,154.823560,43.790698
366.822595,154.823560,43.807952
366.822661,154.823560,43.812283
366.822718,154.823560,43.818421
366.822763,154.823560,43.821981
366.822792,154.823560,43.832998
366.822863,154.823560,43.837342
366.822915,154.823560,43.838854
366.822964,154.823560,43.843766
366.823041,154.823560,43.861024
366.823152,154.823560,43.870867
366.823198,154.823560,43.877046
366.823273,154.823560,43.884803
366.823456,154.823560,43.886851
366.823525,154.823560,43.888147
366.823589,154.823560,43.891733
366.823642,154.823560,43.891926
366.823692,154.823560,43.896280
366.823761,154.823560,43.897184
366.823802,154.823560,43.898645
366.823884,154.823560,43.903586
366.823944,154.823560,43.911317
366.824012,154.823560,43.911702
366.824054,154.823560,43.922069
366.824108,154.823560,43.926451
366.824238,154.823560,43.940533
366.824307,154.823560,43.948056
366.824393,154.823560,43.949304
366.824463,154.823560,43.960379
366.824606,154.823560,43.969990
366.824685,154.823560,43.970296
366.824811,154.823560,43.971947
366.824865,154.823560,43.972725
366.824916,154.823560,43.982006
366.824975,154.823560,43.982763
366.825059,154.823560,44.004230
366.825146,154.823560,44.012864
366.825340,154.823560,44.023920
366.825384,154.823560,44.030005
366.825445,154.823560,44.033202
366.825492,154.823560,44.043750
366.825527,154.823560,44.062230
366.825582,154.823560,44.078920
366.825636,154.823560,44.106710
366.825749,154.823560,44.108949
366.825802,154.823560,44.114693
366.825913,154.823560,44.115173
366.825946,154.823560,44.115680
366.825998,154.823560,44.117208
366.826038,154.823560,44.136298
366.826093,154.823560,44.143054
366.826174,154.823560,44.152125
366.826247,154.823560,44.165288
366.826293,154.823560,44.179462
366.826456,154.823560,44.188154
366.826607,154.823560,44.193443
366.826684,154.823560,44.195454
366.826782,154.823560,44.195632
366.826840,154.823560,44.196774
366.826870,154.823560,44.197448
366.826907,154.823560,44.213534
366.826958,154.823560,44.220850
366.827021,154.823560,44.230562
366.827078,154.823560,44.231963
366.827135,154.823560,44.237936
366.827186,154.823560,44.241722
366.827247,154.823560,44.258550
366.827313,154.823560,44.259144
366.827360,154.823560,44.265955
366.827407,154.823560,44.267533
366.827476,154.823560,44.269042
366.827526,154.823560,44.283206
366.827604,154.823560,44.290624
366.827789,154.823560,44.291082
366.827837,154.823560,44.293594
366.827885,154.823560,44.293704
366.827935,154.823560,44.302134
366.827974,154.823560,44.310784
366.828028,154.823560,44.310984
366.828078,154.823560,44.314760
366.828134,154.823560,44.319768
366.828223,154.823560,44.321482
366.828327,154.823560,44.323381
366.828448,154.823560,44.323787
366.828493,154.823560,44.325083
366.828545,154.823560,44.325158
366.828675,154.823560,44.344238
366.828736,154.823560,44.358547
366.828781,154.823560,44.368416
366.828829,154.823560,44.372757
366.828906,154.823560,44.374614
366.828960,154.823560,44.382629
366.829013,154.823560,44.392498
366.829055,154.823560,44.401792
366.829116,154.823560,44.431818
366.829190,154.823560,44.450946
366.829229,154.823560,44.456038
366.829260,154.823560,44.458502
366.829323,154.823560,44.487477
366.829401,154.823560,44.497226
366.829517,154.823560,44.497435
366.829560,154.823560,44.506710
366.829693,154.823560,44.530224
366.829746,154.823560,44.556744
366.829898,154.823560,44.558499
366.830032,154.823560,44.568861
366.830132,154.823560,44.586979
366.830272,154.823560,44.619510
366.830391,154.823560,44.627518
366.830465,154.823560,44.630779
366.830576,154.823560,44.636219
366.830639,154.823560,44.652056
366.830682,154.823560,44.656718
366.830754,154.823560,44.659202
366.830819,154.823560,44.672090
366.830872,154.823560,44.681403
366.830962,154.823560,44.706037
366.831102,154.823560,44.706698
366.831204,154.823560,44.710438
366.831261,154.823560,44.721974
366.831302,154.823560,44.728341
366.831352,154.823560,44.730624
366.831392,154.823560,44.736790
366.831462,154.823560,44.762230
366.831532,154.823560,44.782483
366.831605,154.823560,44.784470
366.831670,154.823560,44.785106
366.831711,154.823560,44.812213
366.831831,154.823560,44.815970
366.831880,154.823560,44.817602
366.831937,154.823560,44.831173
366.832038,154.823560,44.831334
366.832181,154.823560,44.831837
366.832250,154.823560,44.843582
366.832308,154.823560,44.859205
366.832400,154.823560,44.861024
366.832469,154.823560,44.873118
366.832508,154.823560,44.886754
366.832560,154.823560,44.894691
366.832600,154.823560,44.906030
366.832666,154.823560,44.911971
366.832762,154.823560,44.912664
366.832821,154.823560,44.923851
366.832877,154.823560,44.928179
366.832960,154.823560,44.929829
366.833035,154.823560,44.947982
366.833121,154.823560,44.953470
366.833181,154.823560,44.961973
366.833259,154.823560,44.963968
366.833316,154.823560,45.005259
366.833390,154.823560,45.011488
366.833451,154.823560,45.012854
366.833584,154.823560,45.028832
366.833752,154.823560,45.038216
366.833797,154.823560,45.044106
366.833863,154.823560,45.051726
366.833939,154.823560,45.056534
366.833986,154.823560,45.063843
366.834041,154.823560,45.077187
366.834093,154.823560,45.086083
366.834151,154.823560,45.086773
366.834249,154.823560,45.093678
366.834320,154.823560,45.094149
366.834375,154.823560,45.098026
366.834428,154.823560,45.121453
366.834580,154.823560,45.123330
366.834724,154.823560,45.128360
366.834764,154.823560,45.130515
366.834814,154.823560,45.132624
366.834863,154.823560,45.133275
366.834904,154.823560,45.136298
366.834952,154.823560,45.137984
366.835000,154.823560,45.158550
366.835202,154.823560,45.162211
366.835255,154.823560,45.163978
366.835307,154.823560,45.179533
366.835368,154.823560,45.180098
366.835445,154.823560,45.187509
366.835559,154.823560,45.194962
366.835605,154.823560,45.197448
366.835637,154.823560,45.220288
366.835708,154.823560,45.225797
366.835869,154.823560,45.226226
366.835935,154.823560,45.232469
366.835988,154.823560,45.259144
366.836037,154.823560,45.271515
366.836083,154.823560,45.286851
366.836138,154.823560,45.297274
366.836194,154.823560,45.300970
366.836253,154.823560,45.309707
366.836332,154.823560,45.313819
366.836372,154.823560,45.320208
366.836492,154.823560,45.321482
366.836540,154.823560,45.327512
366.836600,154.823560,45.330128
366.836671,154.823560,45.331408
366.836748,154.823560,45.343125
366.836799,154.823560,45.343728
366.836847,154.823560,45.358544
366.836891,154.823560,45.365907
366.836961,154.823560,45.368416
366.837007,154.823560,45.385003
366.837119,154.823560,45.404733
366.837364,154.823560,45.421885
366.837419,154.823560,45.446872
366.837479,154.823560,45.456045
366.837541,154.823560,45.459990
366.837628,154.823560,45.470112
366.837736,154.823560,45.474440
366.837789,154.823560,45.474944
366.837830,154.823560,45.492600
366.837917,154.823560,45.507256
366.837975,154.823560,45.512222
366.838043,154.823560,45.515347
366.838081,154.823560,45.522653
366.838152,154.823560,45.531192
366.838189,154.823560,45.534494
366.838251,154.823560,45.542451
366.838299,154.823560,45.543125
366.838336,154.823560,45.548488
366.838383,154.823560,45.551149
366.838459,154.823560,45.565781
366.838512,154.823560,45.575037
366.838669,154.823560,45.582448
366.838733,154.823560,45.585654
366.838850,154.823560,45.589389
366.838920,154.823560,45.602357
366.838979,154.823560,45.608539
366.839030,154.823560,45.621494
366.839102,154.823560,45.636371
366.839164,154.823560,45.659573
366.839225,154.823560,45.683629
366.839272,154.823560,45.690398
366.839337,154.823560,45.691805
366.839405,154.823560,45.694027
366.839485,154.823560,45.702218
366.839642,154.823560,45.702322
366.839693,154.823560,45.706698
366.839736,154.823560,45.715261
366.839848,154.823560,45.716496
366.839928,154.823560,45.721923
366.839976,154.823560,45.727597
366.840031,154.823560,45.738797
366.840108,154.823560,45.750285
366.840182,154.823560,45.765962
366.840220,154.823560,45.767730
366.840271,154.823560,45.778730
366.840340,154.823560,45.779485
366.840475,154.823560,45.799896
366.840548,154.823560,45.800867
366.840595,154.823560,45.827067
366.840745,154.823560,45.832566
366.840893,154.823560,45.837501
366.841089,154.823560,45.842357
366.841149,154.823560,45.844918
366.841208,154.823560,45.863275
366.841273,154.823560,45.877059
366.841351,154.823560,45.878882
366.841408,154.823560,45.880758
366.841574,154.823560,45.884344
366.841633,154.823560,45.887477
366.841717,154.823560,45.895494
366.841780,154.823560,45.905507
366.841841,154.823560,45.907891
366.841948,154.823560,45.910187
366.841996,154.823560,45.911438
366.842053,154.823560,45.925216
366.842090,154.823560,45.928080
366.842237,154.823560,45.933885
366.842274,154.823560,45.939242
366.842316,154.823560,45.954213
366.842459,154.823560,45.955987
366.842510,154.823560,45.965288
366.842548,154.823560,45.965962
366.842592,154.823560,45.977640
366.842647,154.823560,45.999877
366.842706,154.823560,46.012226
366.842762,154.823560,46.014509
366.842809,154.823560,46.019030
366.842866,154.823560,46.049275
366.843236,154.823560,46.051469
366.843310,154.823560,46.059208
366.843368,154.823560,46.078862
366.843431,154.823560,46.079536
366.843517,154.823560,46.080123
366.843602,154.823560,46.080184
366.843730,154.823560,46.083354
366.843792,154.823560,46.083861
366.843919,154.823560,46.101731
366.844003,154.823560,46.104483
366.844083,154.823560,46.110978
366.844248,154.823560,46.112806
366.844288,154.823560,46.113918
366.844324,154.823560,46.115261
366.844389,154.823560,46.121462
366.844519,154.823560,46.124003
366.844583,154.823560,46.125203
366.844648,154.823560,46.136768
366.844730,154.823560,46.142419
366.844762,154.823560,46.142534
366.844803,154.823560,46.153974
366.844851,154.823560,46.155958
366.844994,154.823560,46.158547
366.845143,154.823560,46.172718
366.845234,154.823560,46.184470
366.845293,154.823560,46.186931
366.845338,154.823560,46.187560
366.845416,154.823560,46.191101
366.845486,154.823560,46.205395
366.845540,154.823560,46.205963
366.845598,154.823560,46.207349
366.845656,154.823560,46.211003
366.845743,154.823560,46.216486
366.845881,154.823560,46.225797
366.845938,154.823560,46.228045
366.846022,154.823560,46.233656
366.846168,154.823560,46.240438
366.846223,154.823560,46.246040
366.846306,154.823560,46.248059
366.846416,154.823560,46.250488
366.846478,154.823560,46.251011
366.846560,154.823560,46.276227
366.846613,154.823560,46.277072
366.846736,154.823560,46.289338
366.846794,154.823560,46.294152
366.846858,154.823560,46.302979
366.846910,154.823560,46.307853
366.846968,154.823560,46.314661
366.847112,154.823560,46.315074
366.847173,154.823560,46.315347
366.847237,154.823560,46.326286
366.847368,154.823560,46.330728
366.847486,154.823560,46.341722
366.847614,154.823560,46.343125
366.847738,154.823560,46.349894
366.847812,154.823560,46.353045
366.847959,154.823560,46.358550
366.848017,154.823560,46.359763
366.848072,154.823560,46.362182
366.848220,154.823560,46.368974
366.848286,154.823560,46.369536
366.848345,154.823560,46.377430
366.848394,154.823560,46.379278
366.848489,154.823560,46.392485
366.848576,154.823560,46.411006
366.848633,154.823560,46.414477
366.848709,154.823560,46.429522
366.848765,154.823560,46.436894
366.848828,154.823560,46.438771
366.848892,154.823560,46.451002
366.848940,154.823560,46.451126
366.849025,154.823560,46.470267
366.849152,154.823560,46.478246
366.849240,154.823560,46.482038
366.849310,154.823560,46.489970
366.849506,154.823560,46.494797
366.849573,154.823560,46.499125
366.849638,154.823560,46.500893
366.849689,154.823560,46.512222
366.849740,154.823560,46.516270
366.849828,154.823560,46.517830
366.849889,154.823560,46.521453
366.850039,154.823560,46.525035
366.850106,154.823560,46.525629
366.850206,154.823560,46.534459
366.850257,154.823560,46.534494
366.850295,154.823560,46.546027
366.850338,154.823560,46.548040
366.850398,154.823560,46.552371
366.850460,154.823560,46.552592
366.850543,154.823560,46.585712
366.850624,154.823560,46.590005
366.850826,154.823560,46.602357
366.850930,154.823560,46.613914
366.851010,154.823560,46.618334
366.851074,154.823560,46.621494
366.851124,154.823560,46.623965
366.851183,154.823560,46.628725
366.851244,154.823560,46.638784
366.851401,154.823560,46.660773
366.851466,154.823560,46.694968
366.851592,154.823560,46.707749
366.851640,154.823560,46.709000
366.851705,154.823560,46.735701
366.851919,154.823560,46.737587
366.852027,154.823560,46.748056
366.852191,154.823560,46.753552
366.852271,154.823560,46.757261
366.852359,154.823560,46.760760
366.852406,154.823560,46.762230
366.852472,154.823560,46.775701
366.852534,154.823560,46.779466
366.852586,154.823560,46.780624
366.852633,154.823560,46.790475
366.852698,154.823560,46.796736
366.852817,154.823560,46.823285
366.852909,154.823560,46.824381
366.852968,154.823560,46.829934
366.853034,154.823560,46.831173
366.853095,154.823560,46.846637
366.853160,154.823560,46.854016
366.853226,154.823560,46.861418
366.853362,154.823560,46.861618
366.853414,154.823560,46.869464
366.853469,154.823560,46.875672
366.853534,154.823560,46.880758
366.853586,154.823560,46.888738
366.853638,154.823560,46.894968
366.853703,154.823560,46.897333
366.853865,154.823560,46.909645
366.853933,154.823560,46.912806
366.854022,154.823560,46.913973
366.854087,154.823560,46.915683
366.854139,154.823560,46.917744
366.854213,154.823560,46.942432
366.854273,154.823560,46.954213
366.854400,154.823560,46.956483
366.854454,154.823560,46.960688
366.854534,154.823560,46.965237
366.854616,154.823560,46.969702
366.854688,154.823560,46.970077
366.854806,154.823560,46.970571
366.854893,154.823560,46.973214
366.854962,154.823560,46.975208
366.855019,154.823560,46.977646
366.855113,154.823560,46.984944
366.855183,154.823560,46.985006
366.855254,154.823560,47.007114
366.855393,154.823560,47.015998
366.855437,154.823560,47.027067
366.855528,154.823560,47.049275
366.855636,154.823560,47.108981
366.855766,154.823560,47.109110
366.855849,154.823560,47.110813
366.855946,154.823560,47.116496
366.856013,154.823560,47.120882
366.856087,154.823560,47.124616
366.856180,154.823560,47.126944
366.856242,154.823560,47.130702
366.856325,154.823560,47.143531
366.856387,154.823560,47.144747
366.856450,154.823560,47.145982
366.856519,154.823560,47.154146
366.856605,154.823560,47.158547
366.856719,154.823560,47.160424
366.856759,154.823560,47.168643
366.856858,154.823560,47.169648
366.856992,154.823560,47.175157
366.857058,154.823560,47.178773
366.857230,154.823560,47.179333
366.857296,154.823560,47.182558
366.857388,154.823560,47.190216
366.857469,154.823560,47.194965
366.857600,154.823560,47.220304
366.857690,154.823560,47.229563
366.857791,154.823560,47.233776
366.857849,154.823560,47.241629
366.858035,154.823560,47.244734
366.858129,154.823560,47.251002
366.858255,154.823560,47.255877
366.858327,154.823560,47.267746
366.858514,154.823560,47.299251
366.858587,154.823560,47.321546
366.858636,154.823560,47.327648
366.858710,154.823560,47.329283
366.858843,154.823560,47.330618
366.858930,154.823560,47.330728
366.858989,154.823560,47.344747
366.859083,154.823560,47.349733
366.859147,154.823560,47.352371
366.859209,154.823560,47.363934
366.859295,154.823560,47.365197
366.859366,154.823560,47.369536
366.859430,154.823560,47.375157
366.859493,154.823560,47.394774
366.859548,154.823560,47.403570
366.859614,154.823560,47.409717
366.859928,154.823560,47.422069
366.860083,154.823560,47.426854
366.860131,154.823560,47.430160
366.860213,154.823560,47.434218
366.860423,154.823560,47.438139
366.860517,154.823560,47.446131
366.860579,154.823560,47.448898
366.860685,154.823560,47.449515
366.860775,154.823560,47.458483
366.860907,154.823560,47.458944
366.860960,154.823560,47.459109
366.861030,154.823560,47.459677
366.861160,154.823560,47.461570
366.861238,154.823560,47.469565
366.861317,154.823560,47.479482
366.861485,154.823560,47.479536
366.861533,154.823560,47.502966
366.861599,154.823560,47.507101
366.861671,154.823560,47.510243
366.861735,154.823560,47.511632
366.861824,154.823560,47.513358
366.861899,154.823560,47.523342
366.861964,154.823560,47.537510
366.862039,154.823560,47.544138
366.862103,154.823560,47.545563
366.862256,154.823560,47.549246
366.862325,154.823560,47.560830
366.862395,154.823560,47.564504
366.862526,154.823560,47.572515
366.862618,154.823560,47.579914
366.862692,154.823560,47.581864
366.862740,154.823560,47.585626
366.862866,154.823560,47.585651
366.862932,154.823560,47.593133
366.863004,154.823560,47.596120
366.863079,154.823560,47.615261
366.863158,154.823560,47.625206
366.863228,154.823560,47.630131
366.863375,154.823560,47.635704
366.863442,154.823560,47.640429
366.863497,154.823560,47.649037
366.863581,154.823560,47.650878
366.863636,154.823560,47.658480
366.863725,154.823560,47.658518
367.259826,154.823560,37.987912
367.259840,154.823560,47.658518
367.259902,154.823560,44.971104
367.259916,154.823560,47.658518
367.268128,154.823560,47.006408
367.268146,154.823560,47.658518
367.517361,154.823560,45.963712
367.517638,154.823560,47.658518
367.518568,154.823560,45.295032
367.518581,154.823560,47.658518
370.192729,154.823560,42.591608
370.193258,154.823560,47.658518
370.196654,154.823560,40.454536
370.196665,154.823560,47.658518
370.200021,154.823560,44.060472
370.200032,154.823560,47.658518
370.200276,154.823560,43.489632
370.200287,154.823560,46.575888
370.200339,154.823560,47.658518
371.130979,154.823560,47.669686
371.131187,154.823560,47.687477
371.131234,154.823560,47.696648
371.131277,154.823560,47.702754
371.131325,154.823560,47.705824
371.131361,154.823560,47.709517
371.131435,154.823560,47.715944
371.131477,154.823560,47.728829
371.131532,154.823560,47.730562
371.131580,154.823560,47.733685
371.131633,154.823560,47.734357
371.131885,154.823560,47.741728
371.131935,154.823560,47.744976
371.131981,154.823560,47.753045
371.132031,154.823560,47.760189
371.132182,154.823560,47.780107
371.132273,154.823560,47.806494
371.132294,154.823560,47.810371
371.132345,154.823560,47.822571
371.132367,154.823560,47.842973
371.132407,154.823560,47.868968
371.132439,154.823560,47.874525
371.132676,154.823560,47.884235
371.132720,154.823560,47.900280
371.132743,154.823560,47.951659
371.132865,154.823560,47.962230
371.132940,154.823560,47.987402
371.132993,154.823560,47.994413
371.133038,154.823560,48.003331
371.133087,154.823560,48.019488
371.133108,154.823560,48.025206
371.133229,154.823560,48.028838
371.133336,154.823560,48.029931
371.133379,154.823560,48.059074
371.133430,154.823560,48.071477
371.133480,154.823560,48.097968
371.133518,154.823560,48.104757
371.133587,154.823560,48.135701
371.133645,154.823560,48.138755
371.133690,154.823560,48.150304
371.133769,154.823560,48.159557
371.133839,154.823560,48.160995
371.133886,154.823560,48.170667
371.133982,154.823560,48.173792
371.134045,154.823560,48.204770
371.134255,154.823560,48.233208
371.134295,154.823560,48.242302
371.134338,154.823560,48.244880
371.134392,154.823560,48.248027
371.134436,154.823560,48.257086
371.134477,154.823560,48.283064
371.134539,154.823560,48.284470
371.134793,154.823560,48.284877
371.134845,154.823560,48.299213
371.134913,154.823560,48.301686
371.134958,154.823560,48.315947
371.135107,154.823560,48.368981
371.135233,154.823560,48.379842
371.135389,154.823560,48.383168
371.135509,154.823560,48.408568
371.135550,154.823560,48.413490
371.135602,154.823560,48.427000
371.135681,154.823560,48.430786
371.135740,154.823560,48.464030
371.135810,154.823560,48.473899
371.135933,154.823560,48.478078
371.135958,154.823560,48.491675
371.135996,154.823560,48.495429
371.136071,154.823560,48.506101
371.136157,154.823560,48.513477
371.136200,154.823560,48.515899
371.136480,154.823560,48.521352
371.136535,154.823560,48.524326
371.136665,154.823560,48.528245
371.136763,154.823560,48.540413
371.136805,154.823560,48.549246
371.136846,154.823560,48.554146
371.136917,154.823560,48.572757
371.137038,154.823560,48.584867
371.137069,154.823560,48.590434
371.137118,154.823560,48.592336
371.137173,154.823560,48.603538
371.137211,154.823560,48.612800
371.137253,154.823560,48.614651
371.137306,154.823560,48.616344
371.137354,154.823560,48.654806
371.137425,154.823560,48.656045
371.137460,154.823560,48.658518
371.137501,154.823560,48.661318
371.137574,154.823560,48.671267
371.137652,154.823560,48.686109
371.137695,154.823560,48.687947
371.137747,154.823560,48.696197
371.137802,154.823560,48.707160
371.137858,154.823560,48.726413
371.137956,154.823560,48.735331
371.138029,154.823560,48.738797
371.138100,154.823560,48.744293
371.138211,154.823560,48.746134
371.138339,154.823560,48.746808
371.138380,154.823560,48.747786
371.138449,154.823560,48.760214
371.138540,154.823560,48.770654
371.138613,154.823560,48.773848
371.138671,154.823560,48.779472
371.138714,154.823560,48.797358
371.138765,154.823560,48.825216
371.138792,154.823560,48.827048
371.138830,154.823560,48.831277
371.138878,154.823560,48.838659
371.138930,154.823560,48.839342
371.138979,154.823560,48.847211
371.139008,154.823560,48.856626
371.139114,154.823560,48.861621
371.139158,154.823560,48.867029
371.139214,154.823560,48.868968
371.139267,154.823560,48.874341
371.139306,154.823560,48.879482
371.139440,154.823560,48.883213
371.139562,154.823560,48.891189
371.139743,154.823560,48.908510
371.139803,154.823560,48.928938
371.139864,154.823560,48.941149
371.139917,154.823560,48.947982
371.139977,154.823560,48.951082
371.140026,154.823560,48.955413
371.140176,154.823560,48.965898
371.140305,154.823560,48.994749
371.140365,154.823560,49.005282
371.140420,154.823560,49.005328
371.140468,154.823560,49.005363
371.140575,154.823560,49.005373
371.140631,154.823560,49.017709
371.140678,154.823560,49.020483
371.140764,154.823560,49.031192
371.140826,154.823560,49.034891
371.140900,154.823560,49.052709
371.141045,154.823560,49.053987
371.141131,154.823560,49.056731
371.141226,154.823560,49.062224
371.141305,154.823560,49.068229
371.141360,154.823560,49.069587
371.141440,154.823560,49.075531
371.141512,154.823560,49.081933
371.141583,154.823560,49.085006
371.141642,154.823560,49.103427
371.141678,154.823560,49.105408
371.141746,154.823560,49.105931
371.141806,154.823560,49.107230
371.141864,154.823560,49.120885
371.141954,154.823560,49.126994
371.141999,154.823560,49.136936
371.142078,154.823560,49.142274
371.142127,154.823560,49.149250
371.142195,154.823560,49.170781
371.142315,154.823560,49.170822
371.142397,154.823560,49.176869
371.142462,154.823560,49.186731
371.142560,154.823560,49.187560
371.142635,154.823560,49.188766
371.142676,154.823560,49.194278
371.142763,154.823560,49.199771
371.142785,154.823560,49.201128
371.142828,154.823560,49.255362
371.142954,154.823560,49.255774
371.142994,154.823560,49.281917
371.143054,154.823560,49.283235
371.143166,154.823560,49.284458
371.143200,154.823560,49.286134
371.143247,154.823560,49.289214
371.143310,154.823560,49.291259
371.143378,154.823560,49.306037
371.143517,154.823560,49.315947
371.143558,154.823560,49.374421
371.143616,154.823560,49.403538
371.143660,154.823560,49.403611
371.143729,154.823560,49.414070
371.143798,154.823560,49.440546
371.143848,154.823560,49.447446
371.143908,154.823560,49.451733
371.144056,154.823560,49.495498
371.144098,154.823560,49.497878
371.144164,154.823560,49.498019
371.144235,154.823560,49.515899
371.144277,154.823560,49.525006
371.144310,154.823560,49.533056
371.144382,154.823560,49.537526
371.144471,154.823560,49.538832
371.144535,154.823560,49.540546
371.144650,154.823560,49.541181
371.144709,154.823560,49.543109
371.144778,154.823560,49.543722
371.144846,154.823560,49.546037
371.144903,154.823560,49.556718
371.145043,154.823560,49.572115
371.145106,154.823560,49.586197
371.145245,154.823560,49.588640
371.145367,154.823560,49.592968
371.145433,154.823560,49.593568
371.145490,154.823560,49.601680
371.145563,154.823560,49.604086
371.145681,154.823560,49.604770
371.145846,154.823560,49.617789
371.145902,154.823560,49.672061
371.145966,154.823560,49.686242
371.146025,154.823560,49.693443
371.146079,154.823560,49.696587
371.146135,154.823560,49.702286
371.146189,154.823560,49.725542
371.146247,154.823560,49.727603
371.146342,154.823560,49.749782
371.146414,154.823560,49.750974
371.146466,154.823560,49.755838
371.146520,154.823560,49.758934
371.146560,154.823560,49.775477
371.146643,154.823560,49.781291
371.146702,154.823560,49.789354
371.146806,154.823560,49.791827
371.146855,154.823560,49.808301
371.146908,154.823560,49.817070
371.147019,154.823560,49.824562
371.147061,154.823560,49.826374
371.147091,154.823560,49.827048
371.147122,154.823560,49.845008
371.147190,154.823560,49.855171
371.147314,154.823560,49.855306
371.147388,154.823560,49.855320
371.147572,154.823560,49.871426
371.147620,154.823560,49.877046
371.147664,154.823560,49.878837
371.147775,154.823560,49.885747
371.147831,154.823560,49.891189
371.147939,154.823560,49.904704
371.148003,154.823560,49.908510
371.148097,154.823560,49.917070
371.148176,154.823560,49.923797
371.148232,154.823560,49.923936
371.148285,154.823560,49.926806
371.148338,154.823560,49.938149
371.148388,154.823560,49.938736
371.148549,154.823560,49.961501
371.148602,154.823560,49.970861
371.148655,154.823560,49.972670
371.148792,154.823560,49.979333
371.149005,154.823560,49.992869
371.149043,154.823560,49.994952
371.149093,154.823560,49.995894
371.149218,154.823560,49.996648
371.149273,154.823560,50.014022
371.149348,154.823560,50.021278
371.149386,154.823560,50.029966
371.149457,154.823560,50.031437
371.149514,154.823560,50.032459
371.149626,154.823560,50.047456
371.149715,154.823560,50.057858
371.149791,154.823560,50.060947
371.149857,154.823560,50.062230
371.149917,154.823560,50.064533
371.150021,154.823560,50.084117
371.150104,154.823560,50.085568
371.150151,154.823560,50.091189
371.150200,154.823560,50.093504
371.150249,154.823560,50.095994
371.150359,154.823560,50.097910
371.150411,154.823560,50.098594
371.150462,154.823560,50.112778
371.150504,154.823560,50.136310
371.150789,154.823560,50.149250
371.150839,154.823560,50.150440
371.150874,154.823560,50.156416
371.150921,154.823560,50.159603
371.150968,154.823560,50.162208
371.151005,154.823560,50.164536
371.151068,154.823560,50.169384
371.151103,154.823560,50.173848
371.151151,154.823560,50.175678
371.151207,154.823560,50.198477
371.151269,154.823560,50.204128
371.151318,154.823560,50.205979
371.151374,154.823560,50.207298
371.151449,154.823560,50.213464
371.151611,154.823560,50.214664
371.151647,154.823560,50.223133
371.151771,154.823560,50.236869
371.151820,154.823560,50.261570
371.151920,154.823560,50.268930
371.151985,154.823560,50.283861
371.152043,154.823560,50.286242
371.152111,154.823560,50.293069
371.152285,154.823560,50.297187
371.152792,154.823560,50.303402
371.152868,154.823560,50.306037
371.152929,154.823560,50.308584
371.152977,154.823560,50.309714
371.153223,154.823560,50.334472
371.153282,154.823560,50.336310
371.153325,154.823560,50.341219
371.153366,154.823560,50.350440
371.153411,154.823560,50.357706
371.153457,154.823560,50.360125
371.153519,154.823560,50.363386
371.153585,154.823560,50.365675
371.153710,154.823560,50.375678
371.153769,154.823560,50.379234
371.153842,154.823560,50.383736
371.153967,154.823560,50.393133
371.154017,154.823560,50.414626
371.154072,154.823560,50.415734
371.154182,154.823560,50.416544
371.154250,154.823560,50.428106
371.154304,154.823560,50.428216
371.154416,154.823560,50.470638
371.154476,154.823560,50.472728
371.154839,154.823560,50.488608
371.154868,154.823560,50.492995
371.154932,154.823560,50.508482
371.154994,154.823560,50.519528
371.155078,154.823560,50.523894
371.155209,154.823560,50.524930
371.155285,154.823560,50.537491
371.155388,154.823560,50.539787
371.155443,154.823560,50.558982
371.155529,154.823560,50.559531
371.155589,154.823560,50.565856
371.155780,154.823560,50.576176
371.155824,154.823560,50.582440
371.155876,154.823560,50.584219
371.155942,154.823560,50.585645
371.156122,154.823560,50.596139
371.156231,154.823560,50.601045
371.156323,154.823560,50.605424
371.156381,154.823560,50.613325
371.156449,154.823560,50.616334
371.156511,154.823560,50.623746
371.156554,154.823560,50.639253
371.156613,154.823560,50.640562
371.156660,154.823560,50.643000
371.156727,154.823560,50.671902
371.156784,154.823560,50.672006
371.156831,154.823560,50.705837
371.156893,154.823560,50.705992
371.156967,154.823560,50.713461
371.157019,154.823560,50.715906
371.157127,154.823560,50.723894
371.157167,154.823560,50.729448
371.157223,154.823560,50.735659
371.157298,154.823560,50.736821
371.157352,154.823560,50.739971
371.157493,154.823560,50.748579
371.157536,154.823560,50.776373
371.157602,154.823560,50.781317
371.157868,154.823560,50.783158
371.157999,154.823560,50.784974
371.158044,154.823560,50.786138
371.158111,154.823560,50.804134
371.158154,154.823560,50.807275
371.158206,154.823560,50.813410
371.158286,154.823560,50.814664
371.158342,154.823560,50.815970
371.158379,154.823560,50.817598
371.158436,154.823560,50.823094
371.158505,154.823560,50.825120
371.158669,154.823560,50.827035
371.158813,154.823560,50.855352
371.158876,154.823560,50.863382
371.158926,154.823560,50.870867
371.158982,154.823560,50.885645
371.159063,154.823560,50.886928
371.159114,154.823560,50.896142
371.159238,154.823560,50.912051
371.159363,154.823560,50.923936
371.159425,154.823560,50.928064
371.159486,154.823560,50.932579
371.159540,154.823560,50.949027
371.159585,154.823560,50.963382
371.159653,154.823560,50.972725
371.159752,154.823560,51.011536
371.159801,154.823560,51.018976
371.159879,154.823560,51.022608
371.159911,154.823560,51.026955
371.159964,154.823560,51.041709
371.160029,154.823560,51.044890
371.160084,154.823560,51.054635
371.160208,154.823560,51.055782
371.160297,154.823560,51.070606
371.160381,154.823560,51.071190
371.160433,154.823560,51.072483
371.160477,154.823560,51.078256
371.160532,154.823560,51.079998
371.160605,154.823560,51.084448
371.160745,154.823560,51.091179
371.160818,154.823560,51.118389
371.161042,154.823560,51.130131
371.161147,154.823560,51.130627
371.161199,154.823560,51.142451
371.161249,154.823560,51.153923
371.161328,154.823560,51.155229
371.161467,154.823560,51.158496
371.161521,154.823560,51.162624
371.161564,154.823560,51.168339
371.161733,154.823560,51.173928
371.161798,154.823560,51.177014
371.161875,154.823560,51.181298
371.161919,154.823560,51.186864
371.161968,154.823560,51.207598
371.162047,154.823560,51.232563
371.162191,154.823560,51.238678
371.162254,154.823560,51.246048
371.162307,154.823560,51.253310
371.162364,154.823560,51.254571
371.162421,154.823560,51.263472
371.162475,154.823560,51.264510
371.162545,154.823560,51.270781
371.162652,154.823560,51.293704
371.162690,154.823560,51.296136
371.162734,154.823560,51.310910
371.162857,154.823560,51.314019
371.162913,154.823560,51.316344
371.162968,154.823560,51.323114
371.163022,154.823560,51.327907
371.163104,154.823560,51.334970
371.163220,154.823560,51.335005
371.163295,154.823560,51.337349
371.163384,154.823560,51.352765
371.163440,154.823560,51.395562
371.163514,154.823560,51.397374
371.163558,154.823560,51.412662
371.163637,154.823560,51.413490
371.163695,154.823560,51.419656
371.163772,154.823560,51.420621
371.163816,154.823560,51.422059
371.163869,154.823560,51.424533
371.163939,154.823560,51.427058
371.163998,154.823560,51.440562
371.164044,154.823560,51.449779
371.164091,154.823560,51.454184
371.164145,154.823560,51.476237
371.164211,154.823560,51.500312
371.164271,154.823560,51.505898
371.164336,154.823560,51.511542
371.164383,154.823560,51.511653
371.164447,154.823560,51.523894
371.164491,154.823560,51.533157
371.164554,154.823560,51.542302
371.164629,154.823560,51.545283
371.164681,154.823560,51.548579
371.164791,154.823560,51.549136
371.164870,154.823560,51.552746
371.164932,154.823560,51.552968
371.165007,154.823560,51.553514
371.165138,154.823560,51.558187
371.165214,154.823560,51.577472
371.165256,154.823560,51.594253
371.165300,154.823560,51.602814
371.165354,154.823560,51.604134
371.165387,154.823560,51.604795
371.165463,154.823560,51.606011
371.165626,154.823560,51.614509
371.165671,154.823560,51.636923
371.165744,154.823560,51.647224
371.165804,154.823560,51.650923
371.165870,154.823560,51.665827
371.165942,154.823560,51.676328
371.166018,154.823560,51.698442
371.166310,154.823560,51.702112
371.166362,154.823560,51.704547
371.166417,154.823560,51.714067
371.166502,154.823560,51.727562
371.166559,154.823560,51.732386
371.166615,154.823560,51.735512
371.166673,154.823560,51.743990
371.166829,154.823560,51.746621
371.166896,154.823560,51.757802
371.166947,154.823560,51.757838
371.167009,154.823560,51.760915
371.167062,154.823560,51.766443
371.167121,154.823560,51.766523
371.167227,154.823560,51.771190
371.167343,154.823560,51.781317
371.167397,154.823560,51.783768
371.167461,154.823560,51.792240
371.167564,154.823560,51.801560
371.167647,154.823560,51.820211
371.167681,154.823560,51.822024
371.167750,154.823560,51.822098
371.167811,154.823560,51.827493
371.167875,154.823560,51.830160
371.167956,154.823560,51.831134
371.167997,154.823560,51.833189
371.168069,154.823560,51.834443
371.168226,154.823560,51.844896
371.168267,154.823560,51.845483
371.168335,154.823560,51.863398
371.168369,154.823560,51.870187
371.168503,154.823560,51.871229
371.168571,154.823560,51.892331
371.168634,154.823560,51.895462
371.168705,154.823560,51.904630
371.168747,154.823560,51.913950
371.168800,154.823560,51.933611
371.168847,154.823560,51.943760
371.168921,154.823560,51.973238
371.168990,154.823560,51.978888
371.169044,154.823560,51.979333
371.169159,154.823560,51.985709
371.169220,154.823560,51.988170
371.169290,154.823560,51.992314
371.169404,154.823560,51.997949
371.169470,154.823560,52.020011
371.169554,154.823560,52.056454
371.169589,154.823560,52.069590
371.169649,154.823560,52.084448
371.169760,154.823560,52.127067
371.169823,154.823560,52.155358
371.169977,154.823560,52.157813
371.170041,154.823560,52.158496
371.170094,154.823560,52.161453
371.170154,154.823560,52.173880
371.170267,154.823560,52.173928
371.170319,154.823560,52.177014
371.170366,154.823560,52.178846
371.170440,154.823560,52.190672
371.170513,154.823560,52.194304
371.170592,154.823560,52.206494
371.170642,154.823560,52.217157
371.170696,154.823560,52.231138
371.170768,154.823560,52.235576
371.170896,154.823560,52.239917
371.171013,154.823560,52.244909
371.171107,154.823560,52.265910
371.171199,154.823560,52.288118
371.171265,154.823560,52.289195
371.171339,154.823560,52.315819
371.171486,154.823560,52.345995
371.171546,154.823560,52.357216
371.171584,154.823560,52.358299
371.171628,154.823560,52.359693
371.171671,154.823560,52.369568
371.171709,154.823560,52.371328
371.171773,154.823560,52.375122
371.171841,154.823560,52.378195
371.171894,154.823560,52.389789
371.172065,154.823560,52.394253
371.172107,154.823560,52.401528
371.172176,154.823560,52.401987
371.172258,154.823560,52.404538
371.172317,154.823560,52.408494
371.172411,154.823560,52.412619
371.172472,154.823560,52.416595
371.172515,154.823560,52.425685
371.172591,154.823560,52.427006
371.172665,154.823560,52.431192
371.172728,154.823560,52.437485
371.172786,154.823560,52.437520
371.172889,154.823560,52.452171
371.172934,154.823560,52.459645
371.173006,154.823560,52.483669
371.173117,154.823560,52.484394
371.173301,154.823560,52.487296
371.173358,154.823560,52.494758
371.173423,154.823560,52.496130
371.173472,154.823560,52.499086
371.173647,154.823560,52.501699
371.173700,154.823560,52.508354
371.173767,154.823560,52.511859
371.173845,154.823560,52.511936
371.173884,154.823560,52.514051
371.173929,154.823560,52.523869
371.174004,154.823560,52.524997
371.174067,154.823560,52.540464
371.174133,154.823560,52.543109
371.174219,154.823560,52.544213
371.174389,154.823560,52.546029
371.174452,154.823560,52.560402
371.174507,154.823560,52.563878
371.174588,154.823560,52.566466
371.174668,154.823560,52.571338
371.174726,154.823560,52.571909
371.174844,154.823560,52.583168
371.174984,154.823560,52.587458
371.175049,154.823560,52.603502
371.175121,154.823560,52.628213
371.175185,154.823560,52.655432
371.175261,154.823560,52.662770
371.175458,154.823560,52.667746
371.175539,154.823560,52.671403
371.175684,154.823560,52.676328
371.175736,154.823560,52.678910
371.175794,154.823560,52.684949
371.175954,154.823560,52.690723
371.176018,154.823560,52.693538
371.176081,154.823560,52.697800
371.176147,154.823560,52.700870
371.176237,154.823560,52.704634
371.176298,154.823560,52.708962
371.176412,154.823560,52.710816
371.176455,154.823560,52.712774
371.176529,154.823560,52.721411
371.176648,154.823560,52.726994
371.176709,154.823560,52.734872
371.176771,154.823560,52.742274
371.176829,154.823560,52.746067
371.176883,154.823560,52.746070
371.176947,154.823560,52.768355
371.177031,154.823560,52.773902
371.177141,154.823560,52.791712
371.177284,154.823560,52.801525
371.177349,154.823560,52.812765
371.177465,154.823560,52.815803
371.177526,154.823560,52.823917
371.177614,154.823560,52.824123
371.177682,154.823560,52.824971
371.177748,154.823560,52.829419
371.177816,154.823560,52.830586
371.177866,154.823560,52.834443
371.177915,154.823560,52.835437
371.177959,154.823560,52.840355
371.178032,154.823560,52.842283
371.178081,154.823560,52.847808
371.178120,154.823560,52.877627
371.178215,154.823560,52.880568
371.178280,154.823560,52.887970
371.178379,154.823560,52.896098
371.178536,154.823560,52.906506
371.178642,154.823560,52.909606
371.178709,154.823560,52.914477
371.178775,154.823560,52.924472
371.178846,154.823560,52.924536
371.178903,154.823560,52.925082
371.178956,154.823560,52.936888
371.179003,154.823560,52.942432
371.179044,154.823560,52.953514
371.179099,154.823560,52.956680
371.179148,154.823560,52.964059
371.179232,154.823560,52.971496
371.179297,154.823560,52.972038
371.179390,154.823560,52.973222
371.179440,154.823560,52.990570
371.179605,154.823560,52.991550
371.179674,154.823560,52.994939
371.179746,154.823560,53.005370
371.179868,154.823560,53.009717
371.180093,154.823560,53.013994
371.180148,154.823560,53.016515
371.180247,154.823560,53.018989
371.180502,154.823560,53.020214
371.180546,154.823560,53.030045
371.180620,154.823560,53.033077
371.180679,154.823560,53.033760
371.180740,154.823560,53.034218
371.180881,154.823560,53.036701
371.180925,154.823560,53.037494
371.181018,154.823560,53.038704
371.181074,154.823560,53.045451
371.181119,154.823560,53.051552
371.181211,154.823560,53.056038
371.181354,154.823560,53.064427
371.181421,154.823560,53.065843
371.181516,154.823560,53.074947
371.181587,154.823560,53.082294
371.181671,154.823560,53.083675
371.181725,154.823560,53.085606
371.181772,154.823560,53.097758
371.181904,154.823560,53.099768
371.181972,154.823560,53.107678
371.182021,154.823560,53.107885
371.182082,154.823560,53.108894
371.182127,154.823560,53.123266
371.182188,154.823560,53.144248
371.182250,154.823560,53.149656
371.182369,154.823560,53.149830
371.182415,154.823560,53.155190
371.182470,154.823560,53.155362
371.182564,154.823560,53.155413
371.182734,154.823560,53.173670
371.182795,154.823560,53.178846
371.182849,154.823560,53.179914
371.182917,154.823560,53.184776
371.183020,154.823560,53.204096
371.183080,154.823560,53.205963
371.183191,154.823560,53.218293
371.183247,154.823560,53.226272
371.183309,154.823560,53.241963
371.183401,154.823560,53.242997
371.183471,154.823560,53.243454
371.183537,154.823560,53.246656
371.183578,154.823560,53.254171
371.183715,154.823560,53.264069
371.183778,154.823560,53.265688
371.183837,154.823560,53.268419
371.183917,154.823560,53.281888
371.184078,154.823560,53.283758
371.184141,154.823560,53.288118
371.184203,154.823560,53.291014
371.184249,154.823560,53.293646
371.184447,154.823560,53.305998
371.185070,154.823560,53.306493
371.185128,154.823560,53.315074
371.185190,154.823560,53.320157
371.185304,154.823560,53.320643
371.185374,154.823560,53.337310
371.185431,154.823560,53.339365
371.185490,154.823560,53.345829
371.185550,154.823560,53.349792
371.185610,154.823560,53.350878
371.185673,154.823560,53.359000
371.185740,154.823560,53.365098
371.185809,154.823560,53.374373
371.186014,154.823560,53.377443
371.186082,154.823560,53.380627
371.186140,154.823560,53.382530
371.186197,154.823560,53.384832
371.186258,154.823560,53.396059
371.186297,154.823560,53.399174
371.186566,154.823560,53.400254
371.186650,154.823560,53.420744
371.186707,154.823560,53.427006
371.186761,154.823560,53.427574
371.186807,154.823560,53.429058
371.186848,154.823560,53.431306
371.186906,154.823560,53.435059
371.186978,154.823560,53.439342
371.187300,154.823560,53.442432
371.187359,154.823560,53.443562
371.187418,154.823560,53.451694
371.187740,154.823560,53.452282
371.187799,154.823560,53.457680
371.187844,154.823560,53.473206
371.187896,154.823560,53.480046
371.187971,154.823560,53.486226
371.188036,154.823560,53.486715
371.188138,154.823560,53.486896
371.188234,154.823560,53.488680
371.188312,154.823560,53.490971
371.188482,154.823560,53.496533
371.188609,154.823560,53.497981
371.188670,154.823560,53.508546
371.188729,154.823560,53.510923
371.188820,154.823560,53.512813
371.188895,154.823560,53.515144
371.188958,154.823560,53.517760
371.189000,154.823560,53.527949
371.189062,154.823560,53.542922
371.189133,154.823560,53.553430
371.189195,154.823560,53.553568
371.189264,154.823560,53.561554
371.189325,154.823560,53.565856
371.189400,154.823560,53.566885
371.189470,154.823560,53.573736
371.189622,154.823560,53.580726
371.189890,154.823560,53.582987
371.189957,154.823560,53.584368
371.190024,154.823560,53.593598
371.190093,154.823560,53.594869
371.190157,154.823560,53.596678
371.190222,154.823560,53.597238
371.190296,154.823560,53.607094
371.190362,154.823560,53.608421
371.190433,154.823560,53.613283
371.190500,154.823560,53.624349
371.190575,154.823560,53.626238
371.190625,154.823560,53.628800
371.190719,154.823560,53.653488
371.190776,154.823560,53.663485
371.190835,154.823560,53.667746
371.190901,154.823560,53.678910
371.190958,154.823560,53.684416
371.191030,154.823560,53.691824
371.191084,154.823560,53.694250
371.191139,154.823560,53.696610
371.191214,154.823560,53.699187
371.191312,154.823560,53.700970
371.191387,154.823560,53.710200
371.191459,154.823560,53.716515
371.191603,154.823560,53.720704
371.191676,154.823560,53.722520
371.191756,154.823560,53.736802
371.191836,154.823560,53.744718
371.191900,154.823560,53.749602
371.191981,154.823560,53.759557
373.389946,154.823560,50.533304
373.389965,154.823560,53.759557
373.558544,154.823560,51.514744
373.558559,154.823560,53.759557
374.295958,154.823560,52.984496
374.295961,154.823560,53.759557
374.676464,154.823560,53.762102
375.023597,154.823560,53.778773
375.023702,154.823560,53.790589
375.023764,154.823560,53.794869
375.023816,154.823560,53.804859
375.023861,154.823560,53.806469
375.023957,154.823560,53.808358
375.023975,154.823560,53.818931
375.024157,154.823560,53.824558
375.024199,154.823560,53.827485
375.024265,154.823560,53.839990
375.024449,154.823560,53.855523
375.024500,154.823560,53.869552
375.024529,154.823560,53.871467
375.024628,154.823560,53.873038
375.024691,154.823560,53.879342
375.024739,154.823560,53.902680
375.024760,154.823560,53.915147
375.024783,154.823560,53.924501
375.024850,154.823560,53.935598
375.024961,154.823560,53.936285
375.025083,154.823560,53.938027
375.025196,154.823560,53.973571
375.025238,154.823560,53.998923
375.025283,154.823560,54.009653
375.025324,154.823560,54.018734
375.025390,154.823560,54.027022
375.025494,154.823560,54.029419
375.025533,154.823560,54.038152
375.025588,154.823560,54.038571
375.025633,154.823560,54.059531
375.025679,154.823560,54.083765
375.025714,154.823560,54.090373
375.025753,154.823560,54.095429
375.025791,154.823560,54.101547
375.025876,154.823560,54.105827
375.025917,154.823560,54.124971
375.025975,154.823560,54.125742
375.026026,154.823560,54.126333
375.026178,154.823560,54.149037
375.026228,154.823560,54.163485
375.026297,154.823560,54.167694
375.026347,154.823560,54.172670
375.026476,154.823560,54.187802
375.026532,154.823560,54.204818
375.026576,154.823560,54.223802
375.026630,154.823560,54.245402
375.026691,154.823560,54.256507
375.026768,154.823560,54.272997
375.026809,154.823560,54.309117
375.026906,154.823560,54.318344
375.027083,154.823560,54.331267
375.027200,154.823560,54.334992
375.027240,154.823560,54.346134
375.027353,154.823560,54.375582
375.027395,154.823560,54.380098
375.027462,154.823560,54.390021
375.027514,154.823560,54.408440
375.027578,154.823560,54.418144
375.027608,154.823560,54.428683
375.027634,154.823560,54.430038
375.027742,154.823560,54.471426
375.027877,154.823560,54.479371
375.027923,154.823560,54.502731
375.027956,154.823560,54.517011
375.028002,154.823560,54.519467
375.028140,154.823560,54.521278
375.028219,154.823560,54.539790
375.028282,154.823560,54.543016
375.028337,154.823560,54.547224
375.028386,154.823560,54.557131
375.028434,154.823560,54.580078
375.028574,154.823560,54.613725
375.028594,154.823560,54.615187
375.028639,154.823560,54.624482
375.028719,154.823560,54.626685
375.028766,154.823560,54.630722
375.028854,154.823560,54.655229
375.028911,154.823560,54.676405
375.028992,154.823560,54.676918
375.029046,154.823560,54.682453
375.029097,154.823560,54.689270
375.029157,154.823560,54.701006
375.029207,154.823560,54.708688
375.029258,154.823560,54.723787
375.029367,154.823560,54.732867
375.029438,154.823560,54.744267
375.029459,154.823560,54.787448
375.029506,154.823560,54.808805
375.029593,154.823560,54.819611
375.029655,154.823560,54.824981
375.029760,154.823560,54.840600
375.029810,154.823560,54.846702
375.029954,154.823560,54.853491
375.030022,154.823560,54.859038
375.030290,154.823560,54.861442
375.030317,154.823560,54.868930
375.030385,154.823560,54.871390
375.030520,154.823560,54.884643
375.030599,154.823560,54.887699
375.030623,154.823560,54.898626
375.030671,154.823560,54.911517
375.030725,154.823560,54.920214
375.030778,154.823560,54.926336
375.030822,154.823560,54.933011
375.030878,154.823560,54.936202
375.030922,154.823560,54.961986
375.030966,154.823560,54.962747
375.031011,154.823560,54.980485
375.031065,154.823560,54.989893
375.031118,154.823560,54.991563
375.031167,154.823560,55.003480
375.031236,154.823560,55.003538
375.031275,154.823560,55.016448
375.031320,154.823560,55.022621
375.031390,154.823560,55.038024
375.031420,154.823560,55.049034
375.031454,154.823560,55.050955
375.031488,154.823560,55.053558
375.031551,154.823560,55.054120
375.031581,154.823560,55.060067
375.031610,154.823560,55.076360
375.031661,154.823560,55.094837
375.031762,154.823560,55.099242
375.031820,154.823560,55.118306
375.031913,154.823560,55.120138
375.032052,154.823560,55.120704
375.032099,154.823560,55.127478
375.032169,154.823560,55.128739
375.032262,154.823560,55.141717
375.032317,154.823560,55.150294
375.032377,154.823560,55.157722
375.032422,154.823560,55.167104
375.032446,154.823560,55.173163
375.032515,154.823560,55.185600
375.032642,154.823560,55.198526
375.032698,154.823560,55.207691
375.032767,154.823560,55.212638
375.032816,154.823560,55.225050
375.032915,154.823560,55.242448
375.032958,154.823560,55.250333
375.033001,154.823560,55.257806
375.033060,154.823560,55.276328
375.033112,154.823560,55.276973
375.033370,154.823560,55.280733
375.033428,154.823560,55.286274
375.033458,154.823560,55.307627
375.033501,154.823560,55.331890
375.033573,154.823560,55.340013
375.033628,154.823560,55.343051
375.033679,154.823560,55.343581
375.033737,154.823560,55.359038
375.033767,154.823560,55.359531
375.033879,154.823560,55.363230
375.033942,154.823560,55.365208
375.034061,154.823560,55.367078
375.034133,154.823560,55.372555
375.034244,154.823560,55.385584
375.034275,154.823560,55.388683
375.034384,154.823560,55.400528
375.034427,154.823560,55.402122
375.034471,154.823560,55.415222
375.034501,154.823560,55.426374
375.034526,154.823560,55.436198
375.034730,154.823560,55.437291
375.034795,154.823560,55.448398
375.034893,154.823560,55.455306
375.034940,154.823560,55.455886
375.034970,154.823560,55.460224
375.035037,154.823560,55.476189
375.035093,154.823560,55.482326
375.035138,154.823560,55.487861
375.035208,154.823560,55.489922
375.035253,154.823560,55.499197
375.035282,154.823560,55.505328
375.035366,154.823560,55.508926
375.035415,154.823560,55.525688
375.035471,154.823560,55.531173
375.035574,154.823560,55.535682
375.035630,154.823560,55.536208
375.035700,154.823560,55.545998
375.035753,154.823560,55.547136
375.035843,154.823560,55.555238
375.035875,154.823560,55.563840
375.035905,154.823560,55.586896
375.035940,154.823560,55.591706
375.036002,154.823560,55.605270
375.036058,154.823560,55.612130
375.036171,154.823560,55.612822
375.036225,154.823560,55.618840
375.036278,154.823560,55.627467
375.036334,154.823560,55.628022
375.036431,154.823560,55.634218
375.036482,154.823560,55.644845
375.036539,154.823560,55.649662
375.036634,154.823560,55.668298
375.036680,154.823560,55.703570
375.036733,154.823560,55.713352
375.036788,154.823560,55.718019
375.036844,154.823560,55.740480
375.036892,154.823560,55.742174
375.036940,154.823560,55.760227
375.036990,154.823560,55.762850
375.037035,154.823560,55.764536
375.037088,154.823560,55.771410
375.037143,154.823560,55.777570
375.037246,154.823560,55.785013
375.037361,154.823560,55.797027
375.037450,154.823560,55.822030
375.037541,154.823560,55.836086
375.037613,154.823560,55.850184
375.037751,154.823560,55.861245
375.037807,154.823560,55.914565
375.037865,154.823560,55.936027
375.037902,154.823560,55.942922
375.037952,154.823560,55.954091
375.038010,154.823560,55.960258
375.038058,154.823560,55.974413
375.038155,154.823560,55.980341
375.038205,154.823560,55.990421
375.038254,154.823560,55.991798
375.038318,154.823560,55.999790
375.038371,154.823560,56.001042
375.038411,154.823560,56.002134
375.038474,154.823560,56.002966
375.038721,154.823560,56.005731
375.038758,154.823560,56.017629
375.038782,154.823560,56.028248
375.038963,154.823560,56.034437
375.039012,154.823560,56.034922
375.039054,154.823560,56.043365
375.039108,154.823560,56.044093
375.039153,154.823560,56.078256
375.039230,154.823560,56.093011
375.039276,154.823560,56.093531
375.039330,154.823560,56.094294
375.039358,154.823560,56.102867
375.039511,154.823560,56.105954
375.039636,154.823560,56.113387
375.039733,154.823560,56.114619
375.039794,154.823560,56.123859
375.039857,154.823560,56.132544
375.039903,154.823560,56.145384
375.039957,154.823560,56.146443
375.040028,154.823560,56.162461
375.040130,154.823560,56.204718
375.040182,154.823560,56.207850
375.040229,154.823560,56.209611
375.040380,154.823560,56.221131
375.040426,154.823560,56.230496
375.040470,154.823560,56.253520
375.040521,154.823560,56.254101
375.040665,154.823560,56.259038
375.040765,154.823560,56.264082
375.040822,154.823560,56.277379
375.040880,154.823560,56.279894
375.040998,154.823560,56.285581
375.041036,154.823560,56.287802
375.041079,154.823560,56.298549
375.041201,154.823560,56.334963
375.041261,154.823560,56.336307
375.041334,154.823560,56.338552
375.041407,154.823560,56.343467
375.041468,154.823560,56.352965
375.041534,154.823560,56.356507
375.041594,154.823560,56.358397
375.041660,154.823560,56.368930
375.041723,154.823560,56.373216
375.041920,154.823560,56.376928
375.041963,154.823560,56.379965
375.042010,154.823560,56.395933
375.042064,154.823560,56.410282
375.042108,154.823560,56.450853
375.042157,154.823560,56.460773
375.042184,154.823560,56.475589
375.042237,154.823560,56.476202
375.042308,154.823560,56.504093
375.042368,154.823560,56.520154
375.042426,154.823560,56.525704
375.042578,154.823560,56.528758
375.042701,154.823560,56.530699
375.042832,154.823560,56.533093
375.042892,154.823560,56.536224
375.042959,154.823560,56.546696
375.043012,154.823560,56.552034
375.043084,154.823560,56.558338
375.043138,154.823560,56.568381
375.043190,154.823560,56.571314
375.043268,154.823560,56.581307
375.043348,154.823560,56.588483
375.043394,154.823560,56.591586
375.043457,154.823560,56.592115
375.043527,154.823560,56.601709
375.043602,154.823560,56.607627
375.043682,154.823560,56.608933
375.043846,154.823560,56.612581
375.043911,154.823560,56.616344
375.043990,154.823560,56.632448
375.044123,154.823560,56.639968
375.044267,154.823560,56.641709
375.044308,154.823560,56.674424
375.044390,154.823560,56.678789
375.044532,154.823560,56.685651
375.044625,154.823560,56.695230
375.044677,154.823560,56.696694
375.044801,154.823560,56.697730
375.044874,154.823560,56.703322
375.044950,154.823560,56.710878
375.045129,154.823560,56.734459
375.045197,154.823560,56.754171
375.045295,154.823560,56.757222
375.045351,154.823560,56.757800
375.045401,154.823560,56.763310
375.045455,154.823560,56.780542
375.045509,154.823560,56.790525
375.045553,154.823560,56.791053
375.045653,154.823560,56.813362
375.045712,154.823560,56.836094
375.045752,154.823560,56.839381
375.045841,154.823560,56.840314
375.045912,154.823560,56.864598
375.045974,154.823560,56.896139
375.046041,154.823560,56.901045
375.046103,154.823560,56.934331
375.046165,154.823560,56.939968
375.046199,154.823560,56.942358
375.046318,154.823560,56.948541
375.046376,154.823560,56.954710
375.046435,154.823560,56.955958
375.046563,154.823560,56.991706
375.046619,154.823560,56.991798
375.046663,154.823560,57.019389
375.046777,154.823560,57.025149
375.046881,154.823560,57.025187
375.046918,154.823560,57.043610
375.046960,154.823560,57.054158
375.047009,154.823560,57.062627
375.047066,154.823560,57.075109
375.047144,154.823560,57.080027
375.047279,154.823560,57.093504
375.047317,154.823560,57.102838
375.047372,154.823560,57.104627
375.047433,154.823560,57.108488
375.047503,154.823560,57.118195
375.047564,154.823560,57.119435
375.047640,154.823560,57.134963
375.047689,154.823560,57.135634
375.047721,154.823560,57.136562
375.047751,154.823560,57.150947
375.047804,154.823560,57.158251
375.047877,154.823560,57.158496
375.047908,154.823560,57.185461
375.047960,154.823560,57.201509
375.048158,154.823560,57.213480
375.048216,154.823560,57.215219
375.048271,154.823560,57.218786
375.048345,154.823560,57.221347
375.048453,154.823560,57.223043
375.048568,154.823560,57.230496
375.048602,154.823560,57.240510
375.048656,154.823560,57.246696
375.048719,154.823560,57.254120
375.048766,154.823560,57.255774
375.048825,154.823560,57.258338
375.048880,154.823560,57.262218
375.048950,154.823560,57.263891
375.049029,154.823560,57.268643
375.049086,154.823560,57.278786
375.049278,154.823560,57.292198
375.049328,154.823560,57.306488
375.049369,154.823560,57.318976
375.049419,154.823560,57.323968
375.049484,154.823560,57.330019
375.049536,154.823560,57.330122
375.049608,154.823560,57.331157
375.049764,154.823560,57.331328
375.049843,154.823560,57.354098
375.049887,154.823560,57.362198
375.050013,154.823560,57.384278
375.050048,154.823560,57.389963
375.050203,154.823560,57.400290
375.050255,154.823560,57.400358
375.050301,154.823560,57.408869
375.050343,154.823560,57.413158
375.050419,154.823560,57.418499
375.050482,154.823560,57.430654
375.050540,154.823560,57.437326
375.050597,154.823560,57.450763
375.050655,154.823560,57.454571
375.050768,154.823560,57.454630
375.050838,154.823560,57.465230
375.051047,154.823560,57.469470
375.051097,154.823560,57.485413
375.051145,154.823560,57.511000
375.051222,154.823560,57.513352
375.051323,154.823560,57.526765
375.051365,154.823560,57.550354
375.051418,154.823560,57.555358
375.051540,154.823560,57.557800
375.051576,154.823560,57.558470
375.051611,154.823560,57.571896
375.051679,154.823560,57.591734
375.051753,154.823560,57.592424
375.051813,154.823560,57.613362
375.051858,154.823560,57.614658
375.051910,154.823560,57.639973
375.051969,154.823560,57.642368
375.052018,154.823560,57.645888
375.052072,154.823560,57.646035
375.052151,154.823560,57.660198
375.052241,154.823560,57.675805
375.052295,154.823560,57.689109
375.052350,154.823560,57.691157
375.052412,154.823560,57.698642
375.052454,154.823560,57.710512
375.052519,154.823560,57.710787
375.052580,154.823560,57.713397
375.052647,154.823560,57.718134
375.052708,154.823560,57.718829
375.052819,154.823560,57.728029
375.052858,154.823560,57.734459
375.052910,154.823560,57.737430
375.052957,154.823560,57.741819
375.053004,154.823560,57.752958
375.053062,154.823560,57.763299
375.053202,154.823560,57.763898
375.053298,154.823560,57.770746
375.053405,154.823560,57.775651
375.053481,154.823560,57.775667
375.053517,154.823560,57.776934
375.053549,154.823560,57.786552
375.053621,154.823560,57.799800
375.053774,154.823560,57.807734
375.053883,154.823560,57.811581
375.053924,154.823560,57.822030
375.054001,154.823560,57.840466
375.054032,154.823560,57.859093
375.054189,154.823560,57.867082
375.054273,154.823560,57.870861
375.054313,154.823560,57.886667
375.054384,154.823560,57.892800
375.054452,154.823560,57.897301
375.054596,154.823560,57.897914
375.054657,154.823560,57.902254
375.054795,154.823560,57.915755
375.054878,154.823560,57.923150
375.054941,154.823560,57.933715
375.054995,154.823560,57.938040
375.055032,154.823560,57.952168
375.055084,154.823560,57.957200
375.055121,154.823560,57.966910
375.055165,154.823560,57.968069
375.055216,154.823560,57.973190
375.055257,154.823560,57.975429
375.055313,154.823560,57.982526
375.055382,154.823560,57.991048
375.055438,154.823560,57.994053
375.055493,154.823560,58.005789
375.055548,154.823560,58.015802
375.055625,154.823560,58.036198
375.055657,154.823560,58.042997
375.055806,154.823560,58.050269
375.055852,154.823560,58.055691
375.055905,154.823560,58.067523
375.055951,154.823560,58.068872
375.056028,154.823560,58.077453
375.056112,154.823560,58.077547
375.056169,154.823560,58.081611
375.056245,154.823560,58.088686
375.056367,154.823560,58.093043
375.056429,154.823560,58.093701
375.056497,154.823560,58.101648
375.056547,154.823560,58.102083
375.056670,154.823560,58.107738
375.056762,154.823560,58.118154
375.056826,154.823560,58.122634
375.056935,154.823560,58.127394
375.057039,154.823560,58.139749
375.057094,154.823560,58.147070
375.057150,154.823560,58.149218
375.057238,154.823560,58.157549
375.057356,154.823560,58.160216
375.057468,154.823560,58.160267
375.057501,154.823560,58.167694
375.057566,154.823560,58.172522
375.057628,154.823560,58.183733
375.057690,154.823560,58.185558
375.057754,154.823560,58.191224
375.057956,154.823560,58.210326
375.058109,154.823560,58.211494
375.058150,154.823560,58.213888
375.058227,154.823560,58.224285
375.058285,154.823560,58.224994
375.058447,154.823560,58.236198
375.058490,154.823560,58.244907
375.058525,154.823560,58.250904
375.058584,154.823560,58.257216
375.058642,154.823560,58.275531
375.058701,154.823560,58.276398
375.058847,154.823560,58.278725
375.058962,154.823560,58.293005
375.059114,154.823560,58.300384
375.059224,154.823560,58.305928
375.059261,154.823560,58.320750
375.059303,154.823560,58.328051
375.059368,154.823560,58.329867
375.059407,154.823560,58.332363
375.059457,154.823560,58.338592
375.059533,154.823560,58.346706
375.059581,154.823560,58.361986
375.059644,154.823560,58.374432
375.059710,154.823560,58.390493
375.059775,154.823560,58.397803
375.059820,154.823560,58.426374
375.059922,154.823560,58.436069
375.059995,154.823560,58.437958
375.060026,154.823560,58.461995
375.060100,154.823560,58.469590
375.060385,154.823560,58.475696
375.060423,154.823560,58.486197
375.060478,154.823560,58.500384
375.060534,154.823560,58.507160
375.060597,154.823560,58.514610
375.060656,154.823560,58.515880
375.060713,154.823560,58.529880
375.060754,154.823560,58.544747
375.060802,154.823560,58.545470
375.060877,154.823560,58.549811
375.060929,154.823560,58.560880
375.061006,154.823560,58.572035
375.061087,154.823560,58.572054
375.061161,154.823560,58.594224
375.061209,154.823560,58.600746
375.061325,154.823560,58.607072
375.061404,154.823560,58.621366
375.061554,154.823560,58.628051
375.061672,154.823560,58.631877
375.061740,154.823560,58.648008
375.061805,154.823560,58.648560
375.061838,154.823560,58.653408
375.061942,154.823560,58.657714
375.061982,154.823560,58.659019
375.062046,154.823560,58.665027
375.062084,154.823560,58.666243
375.062146,154.823560,58.675699
375.062196,154.823560,58.695507
375.062248,154.823560,58.701648
375.062290,154.823560,58.703496
375.062382,154.823560,58.712000
375.062424,154.823560,58.716971
375.062506,154.823560,58.719973
375.062565,154.823560,58.724523
375.062608,154.823560,58.733715
375.062660,154.823560,58.735427
375.062762,154.823560,58.750184
375.062829,154.823560,58.754094
375.062890,154.823560,58.754635
375.062930,154.823560,58.760125
375.062983,154.823560,58.768158
375.063065,154.823560,58.769374
375.063108,154.823560,58.774347
375.063165,154.823560,58.776302
375.063234,154.823560,58.783816
375.063272,154.823560,58.791070
375.063309,154.823560,58.792875
375.063448,154.823560,58.798390
375.063513,154.823560,58.801438
375.063571,154.823560,58.805366
375.063713,154.823560,58.809149
375.063766,154.823560,58.822062
375.063847,154.823560,58.823798
375.063910,154.823560,58.824482
375.063971,154.823560,58.829301
375.064029,154.823560,58.841674
375.064078,154.823560,58.848627
375.064184,154.823560,58.857896
375.064243,154.823560,58.863296
375.064302,154.823560,58.871229
375.064349,154.823560,58.879411
375.064400,154.823560,58.885574
375.064468,154.823560,58.895424
375.064522,154.823560,58.896149
375.064601,154.823560,58.921115
375.064649,154.823560,58.921411
375.064703,154.823560,58.926827
375.064860,154.823560,58.937446
375.064903,154.823560,58.939144
375.064986,154.823560,58.957112
375.065030,154.823560,58.964576
375.065071,154.823560,58.976189
375.065131,154.823560,58.978720
375.065202,154.823560,58.982526
375.065250,154.823560,58.994627
375.065326,154.823560,59.021869
375.065369,154.823560,59.035566
375.065440,154.823560,59.041120
375.065602,154.823560,59.053368
375.065663,154.823560,59.069448
375.065713,154.823560,59.074883
375.065776,154.823560,59.075160
375.065826,154.823560,59.108971
375.065882,154.823560,59.118344
375.065921,154.823560,59.128747
375.066027,154.823560,59.129330
375.066118,154.823560,59.129848
375.066181,154.823560,59.147360
375.066256,154.823560,59.152942
375.066312,154.823560,59.156552
375.066351,154.823560,59.158861
375.066394,154.823560,59.190589
375.066457,154.823560,59.194894
375.066508,154.823560,59.199600
375.066566,154.823560,59.201470
375.066666,154.823560,59.209989
375.066724,154.823560,59.215190
375.066845,154.823560,59.233734
375.066904,154.823560,59.238533
375.066958,154.823560,59.238552
375.067019,154.823560,59.249678
375.067072,154.823560,59.250816
375.067134,154.823560,59.252138
375.067186,154.823560,59.257216
375.067230,154.823560,59.282990
375.067282,154.823560,59.284829
375.067344,154.823560,59.284946
375.067454,154.823560,59.289906
375.067525,154.823560,59.302248
375.067563,154.823560,59.305262
375.067600,154.823560,59.310720
375.067660,154.823560,59.315810
375.067742,154.823560,59.320704
375.067783,154.823560,59.329085
375.067839,154.823560,59.343058
375.067883,154.823560,59.344248
375.067937,154.823560,59.358210
375.068013,154.823560,59.360670
375.068068,154.823560,59.368851
375.068136,154.823560,59.391702
375.068220,154.823560,59.392109
375.068279,154.823560,59.396056
375.068395,154.823560,59.412707
375.068449,154.823560,59.425059
375.068547,154.823560,59.437978
375.068614,154.823560,59.442306
375.068661,154.823560,59.446058
375.068704,154.823560,59.447147
375.068746,154.823560,59.461418
375.068801,154.823560,59.478798
375.069052,154.823560,59.480637
375.069105,154.823560,59.481250
375.069174,154.823560,59.493443
375.069241,154.823560,59.496078
375.069311,154.823560,59.505205
375.069354,154.823560,59.506987
375.069426,154.823560,59.510294
375.069498,154.823560,59.511205
375.069613,154.823560,59.518286
375.069686,154.823560,59.535650
375.069725,154.823560,59.541810
375.069796,154.823560,59.544819
375.069871,154.823560,59.550382
375.069938,154.823560,59.560258
375.070015,154.823560,59.567614
375.070131,154.823560,59.570598
375.070220,154.823560,59.574424
375.070274,154.823560,59.586187
375.070415,154.823560,59.604693
375.070588,154.823560,59.618179
375.070650,154.823560,59.627536
375.070715,154.823560,59.629267
375.070765,154.823560,59.629490
375.070806,154.823560,59.634878
375.070859,154.823560,59.651682
375.070938,154.823560,59.660896
375.071018,154.823560,59.673162
375.071072,154.823560,59.674934
375.071152,154.823560,59.675563
375.071221,154.823560,59.676869
375.071283,154.823560,59.682539
375.071344,154.823560,59.690270
375.071474,154.823560,59.692966
375.071517,154.823560,59.701606
375.071552,154.823560,59.703376
375.071614,154.823560,59.707782
375.071725,154.823560,59.713322
375.071792,154.823560,59.736930
375.071853,154.823560,59.738507
375.071969,154.823560,59.739685
375.072081,154.823560,59.740374
375.072135,154.823560,59.740478
375.072264,154.823560,59.745448
375.072303,154.823560,59.746547
375.072350,154.823560,59.754430
375.072427,154.823560,59.762237
375.072489,154.823560,59.769520
375.072550,154.823560,59.770190
375.072606,154.823560,59.784974
375.072648,154.823560,59.800922
375.072721,154.823560,59.809634
375.072837,154.823560,59.820598
375.072896,154.823560,59.833045
375.072968,154.823560,59.835376
375.073014,154.823560,59.840864
375.073074,154.823560,59.856664
375.073134,154.823560,59.857842
375.073174,154.823560,59.862237
375.073257,154.823560,59.863264
375.073336,154.823560,59.872600
375.073413,154.823560,59.877453
375.073477,154.823560,59.881942
375.073525,154.823560,59.891094
375.073585,154.823560,59.905182
375.073648,154.823560,59.917622
375.073712,154.823560,59.928730
375.073772,154.823560,59.928778
375.073824,154.823560,59.934083
375.073957,154.823560,59.954520
375.074007,154.823560,59.959438
375.074086,154.823560,59.963408
375.074156,154.823560,59.967165
375.074223,154.823560,59.967656
375.074285,154.823560,59.969987
375.074355,154.823560,59.973213
375.074644,154.823560,59.981090
375.074697,154.823560,59.999877
375.074753,154.823560,60.018283
375.074811,154.823560,60.022669
375.074889,154.823560,60.024224
375.074937,154.823560,60.031835
375.074983,154.823560,60.039987
375.075054,154.823560,60.042352
375.075122,154.823560,60.045355
375.075170,154.823560,60.055691
375.075223,154.823560,60.070130
375.075281,154.823560,60.074987
375.075362,154.823560,60.090582
375.075518,154.823560,60.099803
375.075606,154.823560,60.105789
375.075735,154.823560,60.118176
375.075776,154.823560,60.134840
375.075861,154.823560,60.144864
375.075919,154.823560,60.158464
375.076054,154.823560,60.181768
375.076110,154.823560,60.182949
375.076174,154.823560,60.184838
375.076224,154.823560,60.186242
375.076295,154.823560,60.186571
375.076373,154.823560,60.205760
375.076415,154.823560,60.208885
375.076479,154.823560,60.208942
375.076578,154.823560,60.218603
375.076688,154.823560,60.222501
375.076809,154.823560,60.226272
375.076875,154.823560,60.227536
375.076951,154.823560,60.228229
375.077012,154.823560,60.234427
375.077081,154.823560,60.236779
375.077223,154.823560,60.237326
375.077299,154.823560,60.247715
375.077387,154.823560,60.247944
375.077442,154.823560,60.254149
375.077498,154.823560,60.258381
375.077541,154.823560,60.263173
375.077599,154.823560,60.267499
375.077648,154.823560,60.270733
375.077734,154.823560,60.287909
375.077801,154.823560,60.292227
375.077866,154.823560,60.303458
375.077946,154.823560,60.309059
375.078010,154.823560,60.309883
375.078066,154.823560,60.315213
375.078171,154.823560,60.318389
375.078237,154.823560,60.325648
375.078298,154.823560,60.332389
375.078349,154.823560,60.337398
375.078486,154.823560,60.343947
375.078567,154.823560,60.350291
375.078609,154.823560,60.360235
375.078674,154.823560,60.362099
375.078904,154.823560,60.367066
375.078957,154.823560,60.380504
375.079023,154.823560,60.388581
375.079078,154.823560,60.389827
375.079136,154.823560,60.404035
375.079202,154.823560,60.411371
375.079335,154.823560,60.414429
375.079500,154.823560,60.414635
375.079554,154.823560,60.417077
375.079726,154.823560,60.427574
375.079765,154.823560,60.439365
375.079832,154.823560,60.441107
375.079892,154.823560,60.445797
375.079955,154.823560,60.448518
375.080068,154.823560,60.449053
375.080114,154.823560,60.458880
375.080158,154.823560,60.463398
375.080216,154.823560,60.465840
375.080262,154.823560,60.473203
375.080333,154.823560,60.475734
375.080387,154.823560,60.478027
375.080457,154.823560,60.481195
375.080572,154.823560,60.484222
375.080644,154.823560,60.490474
375.080802,154.823560,60.492003
375.080860,154.823560,60.492966
375.080904,154.823560,60.502229
375.080959,154.823560,60.509979
375.081019,154.823560,60.510294
375.081071,154.823560,60.519389
375.081147,154.823560,60.520669
375.081208,154.823560,60.524382
375.081276,154.823560,60.524986
375.081356,154.823560,60.546403
375.081411,154.823560,60.546613
375.081475,154.823560,60.550253
375.081566,154.823560,60.552827
375.081630,154.823560,60.563408
375.081691,154.823560,60.571813
375.081725,154.823560,60.573198
375.081774,154.823560,60.574334
375.081853,154.823560,60.581202
375.081910,154.823560,60.585539
375.081984,154.823560,60.587330
375.082089,154.823560,60.596549
375.082185,154.823560,60.597123
375.082238,154.823560,60.606296
375.082300,154.823560,60.606475
375.082351,154.823560,60.609078
375.082421,154.823560,60.621382
375.082553,154.823560,60.630648
375.082596,154.823560,60.636789
375.082671,154.823560,60.650357
375.082746,154.823560,60.657848
375.082856,154.823560,60.666365
375.082916,154.823560,60.667691
375.082983,154.823560,60.668731
375.083059,154.823560,60.671048
375.083131,154.823560,60.672965
375.083253,154.823560,60.681749
375.083312,154.823560,60.683456
375.083353,154.823560,60.692338
375.083419,154.823560,60.702226
375.083497,154.823560,60.707776
375.083547,154.823560,60.723198
375.083723,154.823560,60.728003
375.083784,154.823560,60.731896
375.083844,154.823560,60.738050
375.083926,154.823560,60.740501
375.083982,154.823560,60.743990
375.084041,154.823560,60.756448
375.084126,154.823560,60.764474
375.084195,154.823560,60.772458
375.084389,154.823560,60.786133
375.084539,154.823560,60.788416
375.084730,154.823560,60.792061
375.084791,154.823560,60.794195
375.084948,154.823560,60.797149
375.085007,154.823560,60.797184
375.085066,154.823560,60.808395
375.085197,154.823560,60.809634
375.085259,154.823560,60.813326
375.085335,154.823560,60.815222
375.085495,154.823560,60.825094
375.085625,154.823560,60.828029
375.085684,154.823560,60.832493
375.085792,154.823560,60.837472
375.085848,154.823560,60.843491
375.085927,154.823560,60.845275
375.085993,154.823560,60.846613
375.086059,154.823560,60.849824
375.086151,154.823560,60.859642
375.086200,154.823560,60.863715
375.086261,154.823560,60.863944
375.086299,154.823560,60.864528
375.086359,154.823560,60.869243
375.086420,154.823560,60.873206
375.086465,154.823560,60.874923
375.086549,154.823560,60.879262
375.086618,154.823560,60.883483
375.086753,154.823560,60.895976
375.086817,154.823560,60.896040
375.086893,154.823560,60.898571
375.086950,154.823560,60.900939
375.087089,154.823560,60.907782
375.087158,154.823560,60.908459
375.087327,154.823560,60.910123
375.087614,154.823560,60.913291
375.087709,154.823560,60.914664
375.087761,154.823560,60.917160
375.087835,154.823560,60.918154
375.087897,154.823560,60.921824
375.087961,154.823560,60.922598
375.088037,154.823560,60.923789
375.088108,154.823560,60.931744
375.088171,154.823560,60.934934
375.088220,154.823560,60.939229
375.088283,154.823560,60.944203
375.088422,154.823560,60.945429
375.088511,154.823560,60.957746
375.088560,154.823560,60.957781
375.088654,154.823560,60.968914
375.088756,154.823560,60.975664
375.088813,154.823560,60.977166
375.088869,154.823560,60.987966
375.088924,154.823560,60.988632
375.089055,154.823560,60.991994
375.089114,154.823560,61.004038
375.089171,154.823560,61.008376
375.089229,154.823560,61.009411
375.089296,154.823560,61.015744
375.089368,154.823560,61.020728
375.089487,154.823560,61.022030
375.089559,154.823560,61.035915
375.089624,154.823560,61.051363
375.089689,154.823560,61.051509
375.089732,154.823560,61.053310
375.089777,154.823560,61.053453
375.089840,154.823560,61.059531
375.089893,154.823560,61.059725
375.089962,154.823560,61.060848
375.090010,154.823560,61.062016
375.090068,154.823560,61.074486
375.090214,154.823560,61.081176
375.090281,154.823560,61.083104
375.090347,154.823560,61.088602
375.090410,154.823560,61.097611
375.090485,154.823560,61.102656
375.090526,154.823560,61.107040
375.090579,154.823560,61.108213
375.090652,154.823560,61.112024
375.090740,154.823560,61.115174
375.090806,154.823560,61.126221
375.090881,154.823560,61.130619
375.090945,154.823560,61.139973
375.090994,154.823560,61.147134
375.091117,154.823560,61.159083
375.091171,154.823560,61.160318
375.091313,154.823560,61.166270
375.091502,154.823560,61.166366
375.091711,154.823560,61.166917
375.091792,154.823560,61.167530
375.091877,154.823560,61.169462
375.091949,154.823560,61.180101
375.092021,154.823560,61.180440
375.092097,154.823560,61.180888
375.092224,154.823560,61.186133
375.092370,154.823560,61.192366
375.092453,154.823560,61.197949
375.092527,154.823560,61.200152
375.092610,154.823560,61.202229
375.092668,154.823560,61.204757
375.092751,154.823560,61.210720
375.092820,154.823560,61.217032
375.092981,154.823560,61.218083
375.093038,154.823560,61.220182
375.093103,154.823560,61.224421
375.093183,154.823560,61.231918
375.093244,154.823560,61.237776
375.093300,154.823560,61.243677
375.093362,154.823560,61.247944
375.093428,154.823560,61.253491
375.093491,154.823560,61.260283
375.093561,154.823560,61.260315
375.093619,154.823560,61.266414
375.093702,154.823560,61.271349
375.093797,154.823560,61.273248
375.093841,154.823560,61.273666
375.093884,154.823560,61.273758
375.093946,154.823560,61.280398
375.094036,154.823560,61.280424
375.094081,154.823560,61.281282
375.094131,154.823560,61.282914
375.094213,154.823560,61.284269
375.094276,154.823560,61.284790
375.094332,154.823560,61.298987
375.094388,154.823560,61.303909
375.094471,154.823560,61.307802
375.094545,154.823560,61.308341
375.094744,154.823560,61.315790
375.094901,154.823560,61.323776
375.094985,154.823560,61.326930
375.095059,154.823560,61.336128
375.095138,154.823560,61.343645
375.095210,154.823560,61.346626
375.095263,154.823560,61.349568
375.095322,154.823560,61.353176
375.095373,154.823560,61.362099
375.095437,154.823560,61.362722
375.095490,154.823560,61.370117
375.095654,154.823560,61.371378
375.095709,154.823560,61.371600
375.095787,154.823560,61.379278
375.095922,154.823560,61.379485
375.095980,154.823560,61.382469
375.096156,154.823560,61.386654
375.134147,154.823560,52.984496
375.134151,154.823560,61.386654
375.221133,154.823560,57.184496
375.221137,154.823560,61.386654
375.267332,154.823560,57.989408
375.267346,154.823560,61.386654
375.267530,154.823560,56.703136
375.267546,154.823560,61.182478
375.267592,154.823560,61.386654
375.286498,154.823560,59.257568
375.286513,154.823560,61.386654
375.529073,154.823560,49.705016
375.529088,154.823560,61.386654
375.579420,154.823560,59.470880
375.579436,154.823560,61.386654
375.708822,154.823560,50.717397
375.708835,154.823560,61.386654
375.796871,154.823560,53.360568
375.797301,154.823560,61.386654
376.058357,154.823560,61.414555
376.076057,154.823560,59.071336
376.076059,154.823560,61.414555
376.209835,154.823560,61.419398
376.209852,154.823560,61.426094
376.209914,154.823560,61.426978
376.209938,154.823560,61.434382
376.210011,154.823560,61.442333
376.210070,154.823560,61.449027
376.210094,154.823560,61.450827
376.210134,154.823560,61.461557
376.210178,154.823560,61.474346
376.210213,154.823560,61.477283
376.210292,154.823560,61.491627
376.210356,154.823560,61.502789
376.210398,154.823560,61.503973
376.210447,154.823560,61.508907
376.210589,154.823560,61.519365
376.210647,154.823560,61.533102
376.210685,154.823560,61.533693
376.210789,154.823560,61.539266
376.210831,154.823560,61.539723
376.210862,154.823560,61.540558
376.210903,154.823560,61.556590
376.210974,154.823560,61.566549
376.211043,154.823560,61.573219
376.211155,154.823560,61.580542
376.211232,154.823560,61.608998
376.211332,154.823560,61.623336
376.211397,154.823560,61.624387
376.211442,154.823560,61.631483
376.211489,154.823560,61.632442
376.211528,154.823560,61.639234
376.211577,154.823560,61.649208
376.211670,154.823560,61.663861
376.211706,154.823560,61.666792
376.211755,154.823560,61.692227
376.211808,154.823560,61.694186
376.211837,154.823560,61.711371
376.211855,154.823560,61.718277
376.211890,154.823560,61.721189
376.211939,154.823560,61.725366
376.212049,154.823560,61.730638
376.212094,154.823560,61.741694
376.212144,154.823560,61.741714
376.212193,154.823560,61.754648
376.212232,154.823560,61.784930
376.212391,154.823560,61.787458
376.212442,154.823560,61.807742
376.212486,154.823560,61.811434
376.212552,154.823560,61.817859
376.212598,154.823560,61.821827
376.212647,154.823560,61.846061
376.212713,154.823560,61.857003
376.212769,154.823560,61.858413
376.212922,154.823560,61.878786
376.213026,154.823560,61.880445
376.213127,154.823560,61.886605
376.213198,154.823560,61.893491
376.213218,154.823560,61.898243
376.213268,154.823560,61.908376
376.213378,154.823560,61.938717
376.213421,154.823560,61.945067
376.213525,154.823560,61.954584
376.213569,154.823560,61.981078
376.213614,154.823560,61.988629
376.213838,154.823560,62.000371
376.213889,154.823560,62.031842
376.213945,154.823560,62.039014
376.213982,154.823560,62.055278
376.214023,154.823560,62.058371
376.214099,154.823560,62.061957
376.214147,154.823560,62.080363
376.214245,154.823560,62.083568
376.214284,154.823560,62.084310
376.214332,154.823560,62.094712
376.214367,154.823560,62.122315
376.214409,154.823560,62.130506
376.214434,154.823560,62.158110
376.214467,154.823560,62.164550
376.214514,154.823560,62.167640
376.214570,154.823560,62.172590
376.214624,154.823560,62.183698
376.214675,154.823560,62.186616
376.214700,154.823560,62.202032
376.214749,154.823560,62.204747
376.214882,154.823560,62.212714
376.214990,154.823560,62.218003
376.215038,154.823560,62.229429
376.215094,154.823560,62.236418
376.215119,154.823560,62.237382
376.215158,154.823560,62.254571
376.215207,154.823560,62.262750
376.215306,154.823560,62.268898
376.215375,154.823560,62.274424
376.215420,154.823560,62.276290
376.215471,154.823560,62.281250
376.215609,154.823560,62.286134
376.215659,154.823560,62.289798
376.215684,154.823560,62.305986
376.215982,154.823560,62.327946
376.216043,154.823560,62.347734
376.216095,154.823560,62.353990
376.216202,154.823560,62.370107
376.216245,154.823560,62.372210
376.216315,154.823560,62.375008
376.216374,154.823560,62.397253
376.216471,154.823560,62.423208
376.216521,154.823560,62.426285
376.216623,154.823560,62.440717
376.216738,154.823560,62.450894
376.216776,154.823560,62.483720
376.216817,154.823560,62.500904
376.216871,154.823560,62.513358
376.216923,154.823560,62.525710
376.217156,154.823560,62.525771
376.217269,154.823560,62.527498
376.217367,154.823560,62.542949
376.217636,154.823560,62.580523
376.217686,154.823560,62.583082
376.217727,154.823560,62.596590
376.217788,154.823560,62.597816
376.217831,154.823560,62.602790
376.217888,154.823560,62.611456
376.217946,154.823560,62.638710
376.217983,154.823560,62.652158
376.218026,154.823560,62.653624
376.218129,154.823560,62.655213
376.218220,154.823560,62.693634
376.218249,154.823560,62.703557
376.218306,154.823560,62.705755
376.218361,154.823560,62.706336
376.218411,154.823560,62.716368
376.218448,154.823560,62.719480
376.218507,154.823560,62.723894
376.218555,154.823560,62.726219
376.218610,154.823560,62.792944
376.218638,154.823560,62.797854
376.218685,154.823560,62.799000
376.218716,154.823560,62.809149
376.218774,154.823560,62.828133
376.218826,154.823560,62.836118
376.218879,154.823560,62.849230
376.218948,154.823560,62.855787
376.219034,154.823560,62.863246
376.219063,154.823560,62.872483
376.219159,154.823560,62.888490
376.219205,154.823560,62.901600
376.219257,154.823560,62.903502
376.219362,154.823560,62.906557
376.219391,154.823560,62.920154
376.219430,154.823560,62.928000
376.219460,154.823560,62.973019
376.219492,154.823560,62.980078
376.219546,154.823560,62.980363
376.219591,154.823560,62.993602
376.219626,154.823560,63.010013
376.219672,154.823560,63.010301
376.219730,154.823560,63.039840
376.219816,154.823560,63.042723
376.219850,154.823560,63.044094
376.219918,154.823560,63.060248
376.219961,154.823560,63.060306
376.220008,154.823560,63.065669
376.220248,154.823560,63.065843
376.220297,154.823560,63.075045
376.220332,154.823560,63.079547
376.220360,154.823560,63.079683
376.220427,154.823560,63.087365
376.220481,154.823560,63.096573
376.220531,154.823560,63.101728
376.220596,154.823560,63.128051
376.220640,154.823560,63.132259
376.220662,154.823560,63.132803
376.220714,154.823560,63.144162
376.220836,154.823560,63.155310
376.220992,154.823560,63.159480
376.221036,154.823560,63.177736
376.221087,154.823560,63.195408
376.221116,154.823560,63.218867
376.221145,154.823560,63.219005
376.221188,154.823560,63.219973
376.221220,154.823560,63.226358
376.221326,154.823560,63.247858
376.221398,154.823560,63.251650
376.221448,154.823560,63.251899
376.221498,154.823560,63.252194
376.221541,154.823560,63.256275
376.221637,154.823560,63.267749
376.221695,154.823560,63.268342
376.221749,154.823560,63.268853
376.221804,154.823560,63.269485
376.221860,154.823560,63.278104
376.221906,154.823560,63.288880
376.221983,154.823560,63.309043
376.222030,154.823560,63.314923
376.222083,154.823560,63.318731
376.222136,154.823560,63.321925
376.222189,154.823560,63.342990
376.222214,154.823560,63.343467
376.222271,154.823560,63.343587
376.222389,154.823560,63.345334
376.222422,154.823560,63.362125
376.222506,154.823560,63.386219
376.222569,154.823560,63.402093
376.222601,154.823560,63.408778
376.222720,154.823560,63.420614
376.222767,154.823560,63.431870
376.222871,154.823560,63.434019
376.222976,154.823560,63.451453
376.223020,154.823560,63.462677
376.223087,154.823560,63.466264
376.223141,154.823560,63.475064
376.223215,154.823560,63.490934
376.223264,154.823560,63.497878
376.223322,154.823560,63.497882
376.223360,154.823560,63.503973
376.223415,154.823560,63.504045
376.223529,154.823560,63.506528
376.223586,154.823560,63.507080
376.223638,154.823560,63.512219
376.223675,154.823560,63.521227
376.223703,154.823560,63.521874
376.223732,154.823560,63.524299
376.223871,154.823560,63.531235
376.223912,154.823560,63.541592
376.223976,154.823560,63.543587
376.224056,154.823560,63.545981
376.224120,154.823560,63.546531
376.224150,154.823560,63.550360
376.224219,154.823560,63.573029
376.224255,154.823560,63.580579
376.224295,154.823560,63.593483
376.224375,154.823560,63.593912
376.224423,154.823560,63.595192
376.224473,154.823560,63.599810
376.224544,154.823560,63.607170
376.224577,154.823560,63.629107
376.224646,154.823560,63.641704
376.224682,154.823560,63.665773
376.224737,154.823560,63.682453
376.224787,154.823560,63.682949
376.224816,154.823560,63.689238
376.224925,154.823560,63.692322
376.224983,154.823560,63.704738
376.225061,154.823560,63.713008
376.225110,154.823560,63.738571
376.225157,154.823560,63.750869
376.225221,154.823560,63.763173
376.225275,154.823560,63.764602
376.225331,154.823560,63.784152
376.225395,154.823560,63.784422
376.225445,154.823560,63.784962
376.225504,154.823560,63.802200
376.225562,154.823560,63.802216
376.225625,154.823560,63.804134
376.225651,154.823560,63.809469
376.225711,154.823560,63.831070
376.225775,154.823560,63.847522
376.225896,154.823560,63.895269
376.225941,154.823560,63.912213
376.226001,154.823560,63.914429
376.226119,154.823560,63.926882
376.226202,154.823560,63.966264
376.226277,154.823560,63.974318
376.226395,154.823560,63.975038
376.226459,154.823560,63.975741
376.226508,154.823560,63.991608
376.226563,154.823560,63.994787
376.226613,154.823560,63.997878
376.226669,154.823560,63.998451
376.226723,154.823560,64.002134
376.226770,154.823560,64.028662
376.226832,154.823560,64.031691
376.226893,154.823560,64.035363
376.226925,154.823560,64.041082
376.226953,154.823560,64.049069
376.227001,154.823560,64.052086
376.227047,154.823560,64.085339
376.227127,154.823560,64.088642
376.227187,154.823560,64.096637
376.227252,154.823560,64.099723
376.227414,154.823560,64.105090
376.227482,154.823560,64.118238
376.227609,154.823560,64.119933
376.227683,154.823560,64.124349
376.227742,154.823560,64.127574
376.227815,154.823560,64.127597
376.227887,154.823560,64.129234
376.227934,154.823560,64.139691
376.227988,154.823560,64.143843
376.228082,154.823560,64.162754
376.228113,154.823560,64.183013
376.228172,154.823560,64.185987
376.228231,154.823560,64.192211
376.228345,154.823560,64.224334
376.228400,154.823560,64.250293
376.228457,154.823560,64.252094
376.228508,154.823560,64.255939
376.228540,154.823560,64.256275
376.228590,154.823560,64.257056
376.228627,154.823560,64.276878
376.228675,154.823560,64.300898
376.228736,154.823560,64.303883
376.228782,154.823560,64.306469
376.228842,154.823560,64.329826
376.228909,154.823560,64.341742
376.228962,154.823560,64.346658
376.229097,154.823560,64.352208
376.229123,154.823560,64.371358
376.229149,154.823560,64.376147
376.229175,154.823560,64.376909
376.229204,154.823560,64.382402
376.229251,154.823560,64.389261
376.229321,154.823560,64.392875
376.229373,154.823560,64.418238
376.229423,154.823560,64.422691
376.229470,154.823560,64.428120
376.229586,154.823560,64.474389
376.229639,154.823560,64.500864
376.229687,154.823560,64.507109
376.229734,154.823560,64.511307
376.229792,154.823560,64.513923
376.229850,154.823560,64.518032
376.229918,154.823560,64.523278
376.229968,154.823560,64.535427
376.230000,154.823560,64.541088
376.230035,154.823560,64.542091
376.230142,154.823560,64.544216
376.230257,154.823560,64.551427
376.230315,154.823560,64.552070
376.230346,154.823560,64.557491
376.230444,154.823560,64.588285
376.230521,154.823560,64.602219
376.230579,154.823560,64.612072
376.230662,154.823560,64.624408
376.230717,154.823560,64.626827
376.230780,154.823560,64.628162
376.230847,154.823560,64.633534
376.230880,154.823560,64.636653
376.230921,154.823560,64.647870
376.230973,154.823560,64.650002
376.231047,154.823560,64.655174
376.231153,154.823560,64.679360
376.231259,154.823560,64.704067
376.231314,154.823560,64.704658
376.231360,154.823560,64.714067
376.231420,154.823560,64.716419
376.231514,154.823560,64.735389
376.231628,154.823560,64.739611
376.231735,154.823560,64.746109
376.231800,154.823560,64.756504
376.231861,154.823560,64.761954
376.231909,154.823560,64.762754
376.232053,154.823560,64.797771
376.232090,154.823560,64.807173
376.232134,154.823560,64.809501
376.232167,154.823560,64.828040
376.232203,154.823560,64.844816
376.232253,154.823560,64.849054
376.232315,154.823560,64.849451
376.232348,154.823560,64.851947
376.232396,154.823560,64.853936
376.232457,154.823560,64.858787
376.232529,154.823560,64.875170
376.232565,154.823560,64.876270
376.232616,154.823560,64.889813
376.232742,154.823560,64.896998
376.232792,154.823560,64.897763
376.232914,154.823560,64.899013
376.232952,154.823560,64.900270
376.233024,154.823560,64.914565
376.233078,154.823560,64.917509
376.233188,154.823560,64.936760
376.233239,154.823560,64.938624
376.233307,154.823560,64.947147
376.233364,154.823560,64.951592
376.233410,154.823560,64.980592
376.233476,154.823560,64.982395
376.233533,154.823560,64.982466
376.233601,154.823560,65.012710
376.233630,154.823560,65.013234
376.233664,154.823560,65.019427
376.233718,154.823560,65.049221
376.233778,154.823560,65.053374
376.233815,154.823560,65.067995
376.233849,154.823560,65.070022
376.233965,154.823560,65.070691
376.234017,154.823560,65.091579
376.234065,154.823560,65.098517
376.234186,154.823560,65.101613
376.234222,154.823560,65.107627
376.234275,154.823560,65.109963
376.234323,154.823560,65.116229
376.234360,154.823560,65.126904
376.234410,154.823560,65.127494
376.234443,154.823560,65.129267
376.234502,154.823560,65.129890
376.234553,154.823560,65.139256
376.234647,154.823560,65.164538
376.234748,154.823560,65.170571
376.234806,154.823560,65.194078
376.234843,154.823560,65.194894
376.234897,154.823560,65.220080
376.234956,154.823560,65.238710
376.235012,154.823560,65.241602
376.235079,154.823560,65.245278
376.235187,154.823560,65.259416
376.235220,154.823560,65.263293
376.235404,154.823560,65.264526
376.235479,154.823560,65.266453
376.235567,154.823560,65.271358
376.235694,154.823560,65.275586
376.235748,154.823560,65.303845
376.235820,154.823560,65.327016
376.235887,154.823560,65.332366
376.235924,154.823560,65.337402
376.235973,154.823560,65.357603
376.236032,154.823560,65.358368
376.236079,154.823560,65.367547
376.236171,154.823560,65.367688
376.236224,154.823560,65.373906
376.236270,154.823560,65.374429
376.236303,154.823560,65.402200
376.236366,154.823560,65.427795
376.236406,154.823560,65.432974
376.236457,154.823560,65.451570
376.236530,154.823560,65.472501
376.236578,154.823560,65.481669
376.236670,154.823560,65.493528
376.236725,154.823560,65.496046
376.236837,154.823560,65.496630
376.236875,154.823560,65.500403
376.236989,154.823560,65.509008
376.237099,154.823560,65.525514
376.237159,154.823560,65.539094
376.237241,154.823560,65.539723
376.237359,154.823560,65.546525
376.237429,154.823560,65.568829
376.237484,154.823560,65.587189
376.237616,154.823560,65.597072
376.237658,154.823560,65.598672
376.237787,154.823560,65.599059
376.237853,154.823560,65.602667
376.237921,154.823560,65.605893
376.237959,154.823560,65.663989
376.238066,154.823560,65.664438
376.238136,154.823560,65.675042
376.238251,154.823560,65.686130
376.238391,154.823560,65.691086
376.238455,154.823560,65.719538
376.238505,154.823560,65.719755
376.238558,154.823560,65.719973
376.238595,154.823560,65.723243
376.238738,154.823560,65.752805
376.238799,154.823560,65.758358
376.238916,154.823560,65.782504
376.239032,154.823560,65.796021
376.239116,154.823560,65.800330
376.239150,154.823560,65.800333
376.239189,154.823560,65.824384
376.239239,154.823560,65.841658
376.239342,154.823560,65.844694
376.239389,154.823560,65.845184
376.239428,154.823560,65.851392
376.239491,154.823560,65.865074
376.239543,154.823560,65.873163
376.239583,154.823560,65.881168
376.239640,154.823560,65.911307
376.239700,154.823560,65.911949
376.239774,154.823560,65.921970
376.239827,154.823560,65.923240
376.239925,154.823560,65.930651
376.239985,154.823560,65.945056
376.240024,154.823560,65.950350
376.240083,154.823560,65.967618
376.240120,154.823560,65.970155
376.240160,154.823560,65.972482
376.240186,154.823560,65.981680
376.240250,154.823560,65.992856
376.240289,154.823560,65.993726
376.240343,154.823560,65.994163
376.240394,154.823560,66.001010
376.240447,154.823560,66.010237
376.240497,154.823560,66.024549
376.240545,154.823560,66.034893
376.240618,154.823560,66.036715
376.240756,154.823560,66.044051
376.240817,154.823560,66.053520
376.240870,154.823560,66.084310
376.240928,154.823560,66.095294
376.240967,154.823560,66.102603
376.241018,154.823560,66.114514
376.241063,154.823560,66.120728
376.241112,154.823560,66.128475
376.241155,154.823560,66.133573
376.241220,154.823560,66.133661
376.241302,154.823560,66.142374
376.241352,154.823560,66.142930
376.241425,154.823560,66.154034
376.241462,154.823560,66.154043
376.241524,154.823560,66.158851
376.241588,154.823560,66.160245
376.241655,154.823560,66.175518
376.241733,154.823560,66.181707
376.241788,154.823560,66.185450
376.241850,154.823560,66.200235
376.241919,154.823560,66.201558
376.242038,154.823560,66.208427
376.242066,154.823560,66.210230
376.242118,154.823560,66.213910
376.242181,154.823560,66.222582
376.242278,154.823560,66.246635
376.242337,154.823560,66.249034
376.242382,154.823560,66.252757
376.242512,154.823560,66.260934
376.242614,154.823560,66.263322
376.242660,154.823560,66.265616
376.242707,154.823560,66.278589
376.242771,154.823560,66.278648
376.242810,154.823560,66.307547
376.242863,154.823560,66.323040
376.242901,154.823560,66.324736
376.242976,154.823560,66.329107
376.243026,154.823560,66.329790
376.243091,154.823560,66.330923
376.243132,154.823560,66.337922
376.243246,154.823560,66.342187
376.243308,154.823560,66.344806
376.243347,154.823560,66.347712
376.243410,154.823560,66.352208
376.243460,154.823560,66.352669
376.243502,154.823560,66.353488
376.243552,154.823560,66.360842
376.243599,154.823560,66.361373
376.243651,154.823560,66.363827
376.243790,154.823560,66.364472
376.243830,154.823560,66.372568
376.243893,154.823560,66.377395
376.243954,154.823560,66.392925
376.244203,154.823560,66.392992
376.244252,154.823560,66.417000
376.244306,154.823560,66.428427
376.244376,154.823560,66.438955
376.244534,154.823560,66.441059
376.244598,154.823560,66.460709
376.244844,154.823560,66.478090
376.244893,154.823560,66.487896
376.244985,154.823560,66.507128
376.245049,154.823560,66.511910
376.245097,154.823560,66.512829
376.245150,154.823560,66.528120
376.245211,154.823560,66.536107
376.245265,154.823560,66.537888
376.245317,154.823560,66.544203
376.245417,154.823560,66.548331
376.245484,154.823560,66.549467
376.245566,154.823560,66.549741
376.245707,154.823560,66.575498
376.245789,154.823560,66.576870
376.245826,154.823560,66.580414
376.245902,154.823560,66.603499
376.245965,154.823560,66.615013
376.246003,154.823560,66.620070
376.246050,154.823560,66.621398
376.246160,154.823560,66.625707
376.246197,154.823560,66.631264
376.246226,154.823560,66.632283
376.246269,154.823560,66.650293
376.246441,154.823560,66.653314
376.246495,154.823560,66.657126
376.246545,154.823560,66.667427
376.246670,154.823560,66.674880
376.246703,154.823560,66.693573
376.246762,154.823560,66.694078
376.246823,154.823560,66.695371
376.246927,154.823560,66.707731
376.246985,154.823560,66.713907
376.247037,154.823560,66.721950
376.247103,154.823560,66.723170
376.247320,154.823560,66.727469
376.247379,154.823560,66.728064
376.247429,154.823560,66.735907
376.247558,154.823560,66.737366
376.247633,154.823560,66.754040
376.247695,154.823560,66.762027
376.247756,154.823560,66.774286
376.247828,154.823560,66.797133
376.247867,154.823560,66.811446
376.247910,154.823560,66.813291
376.247948,154.823560,66.851520
376.247999,154.823560,66.865747
376.248070,154.823560,66.867349
376.248133,154.823560,66.870618
376.248171,154.823560,66.900926
376.248225,154.823560,66.902731
376.248282,154.823560,66.917814
376.248335,154.823560,66.920757
376.248426,154.823560,66.922685
376.248477,154.823560,66.927597
376.248514,154.823560,66.933109
376.248599,154.823560,66.942656
376.248654,154.823560,66.947168
376.248794,154.823560,66.954533
376.248921,154.823560,66.955874
376.248975,154.823560,66.961024
376.249028,154.823560,66.967040
376.249103,154.823560,66.968069
376.249142,154.823560,66.972578
376.249289,154.823560,66.984565
376.249350,154.823560,66.991512
376.249391,154.823560,67.024278
376.249443,154.823560,67.028435
376.249515,154.823560,67.034896
376.249576,154.823560,67.042320
376.249708,154.823560,67.043890
376.249771,154.823560,67.048544
376.249812,154.823560,67.055904
376.249848,154.823560,67.061216
376.249888,154.823560,67.061752
376.249941,154.823560,67.068256
376.250015,154.823560,67.074968
376.250055,154.823560,67.097920
376.250093,154.823560,67.111510
376.250148,154.823560,67.117013
376.250285,154.823560,67.121115
376.250333,154.823560,67.129910
376.250386,154.823560,67.130568
376.250449,154.823560,67.135467
376.250523,154.823560,67.150306
376.250570,154.823560,67.154075
376.250615,154.823560,67.158213
376.250742,154.823560,67.163576
376.250801,154.823560,67.193440
376.250843,154.823560,67.196229
376.250898,154.823560,67.204509
376.250953,154.823560,67.205334
376.250985,154.823560,67.213765
376.251038,154.823560,67.217038
376.251328,154.823560,67.223234
376.251402,154.823560,67.224150
376.251463,154.823560,67.224285
376.251501,154.823560,67.230581
376.251560,154.823560,67.234277
376.251711,154.823560,67.245651
376.251758,154.823560,67.246629
376.252120,154.823560,67.253875
376.252183,154.823560,67.256629
376.252256,154.823560,67.262467
376.252319,154.823560,67.274768
376.252427,154.823560,67.288584
376.252557,154.823560,67.297259
376.252616,154.823560,67.309469
376.252707,154.823560,67.326723
376.252753,154.823560,67.341443
376.252838,154.823560,67.342262
376.252904,154.823560,67.343531
376.252957,154.823560,67.368133
376.253026,154.823560,67.368214
376.253150,154.823560,67.400339
376.253201,154.823560,60.593877
376.253242,154.823560,67.406270
376.253428,154.823560,67.417547
376.253507,154.823560,67.441822
376.253561,154.823560,67.442275
376.253613,154.823560,67.445413
376.253653,154.823560,67.465744
376.253721,154.823560,67.467547
376.253782,154.823560,67.507019
376.253827,154.823560,67.519389
376.253865,154.823560,67.558304
376.253925,154.823560,67.559581
376.253959,154.823560,67.565024
376.253995,154.823560,67.575531
376.254034,154.823560,67.579266
376.254097,154.823560,67.585349
376.254141,154.823560,67.600384
376.254211,154.823560,67.605800
376.254251,154.823560,67.607182
376.254371,154.823560,67.608715
376.254488,154.823560,67.615893
376.254576,154.823560,67.616302
376.254659,154.823560,67.623043
376.254726,154.823560,67.646070
376.254790,154.823560,67.681707
376.254984,154.823560,67.685987
376.255052,154.823560,67.690267
376.255112,154.823560,67.694891
376.255166,154.823560,67.701509
376.255208,154.823560,67.705902
376.255269,154.823560,67.715838
376.255403,154.823560,67.717069
376.255464,154.823560,67.720096
376.255523,154.823560,67.721909
376.255645,154.823560,67.728110
376.255716,154.823560,67.731168
376.255794,154.823560,67.737408
376.255869,154.823560,67.740323
376.255914,154.823560,67.757171
376.255965,154.823560,67.757651
376.256008,154.823560,67.760267
376.256150,154.823560,67.762230
376.256208,154.823560,67.763221
376.256266,154.823560,67.765144
376.256320,154.823560,67.769523
376.256372,154.823560,67.774426
376.256477,154.823560,67.783678
376.256552,154.823560,67.787864
376.256613,154.823560,67.787973
376.256671,154.823560,67.794141
376.256749,154.823560,67.803947
376.256796,154.823560,67.804470
376.256851,154.823560,67.805667
376.256910,154.823560,67.812650
376.256976,154.823560,67.824851
376.257093,154.823560,67.850718
376.257163,154.823560,67.856413
376.257199,154.823560,67.858358
376.257278,154.823560,67.858885
376.257366,154.823560,67.863318
376.257419,154.823560,67.875280
376.257486,154.823560,67.885923
376.257526,154.823560,67.903499
376.257600,154.823560,67.906235
376.257707,154.823560,67.917814
376.257766,154.823560,67.920603
376.257829,154.823560,67.929856
376.257880,154.823560,67.936027
376.257924,154.823560,67.943522
376.257978,154.823560,67.943947
376.258038,154.823560,67.944523
376.258155,154.823560,67.948331
376.258218,154.823560,67.953427
376.258269,154.823560,67.957162
376.258309,154.823560,67.960258
376.258380,154.823560,67.974509
376.258451,154.823560,67.974883
376.258499,154.823560,67.982414
376.258549,154.823560,67.994770
376.258616,154.823560,67.996624
376.258667,154.823560,68.011362
376.258705,154.823560,68.013259
376.258771,154.823560,68.015645
376.258826,154.823560,68.025515
376.258886,154.823560,68.027949
376.258943,154.823560,68.031693
376.258983,154.823560,68.032219
376.259028,154.823560,68.042883
376.259090,154.823560,68.051008
376.259127,154.823560,68.051586
376.259275,154.823560,68.053398
376.259338,154.823560,68.053453
376.259437,154.823560,68.053856
376.259480,154.823560,68.055520
376.259530,154.823560,68.057590
376.259774,154.823560,68.061386
376.259822,154.823560,68.063619
376.259880,154.823560,68.066995
376.259916,154.823560,68.068488
376.259974,154.823560,68.076091
376.260047,154.823560,68.088355
376.260161,154.823560,68.105827
376.260272,154.823560,68.107766
376.260327,154.823560,68.114696
376.260373,154.823560,68.115136
376.260420,154.823560,68.116387
376.260547,154.823560,68.127384
376.260610,154.823560,68.130429
376.260699,154.823560,68.138560
376.260773,154.823560,68.143533
376.260903,154.823560,68.154005
376.260981,154.823560,68.173662
376.261076,154.823560,68.178891
376.261150,154.823560,68.190123
376.261231,154.823560,68.192376
376.261532,154.823560,68.194230
376.261645,154.823560,68.198910
376.261703,154.823560,68.213878
376.261764,154.823560,68.234915
376.261868,154.823560,68.237278
376.261911,154.823560,68.243670
376.261980,154.823560,68.247331
376.262031,154.823560,68.247712
376.262091,154.823560,68.248976
376.262137,154.823560,68.250851
376.262253,154.823560,68.256307
376.262331,154.823560,68.271254
376.262394,154.823560,68.272400
376.262441,154.823560,68.274768
376.262497,154.823560,68.275992
376.262559,154.823560,68.278051
376.262630,154.823560,68.281722
376.262701,154.823560,68.284888
376.262762,154.823560,68.304509
376.262818,154.823560,68.305899
376.262950,154.823560,68.312549
376.263038,154.823560,68.317416
376.263077,154.823560,68.322003
376.263113,154.823560,68.329184
376.263159,154.823560,68.339104
376.263209,154.823560,68.347318
376.263269,154.823560,68.363851
376.263320,154.823560,68.368171
376.263374,154.823560,68.376264
376.263414,154.823560,68.378747
376.263496,154.823560,68.397515
376.263570,154.823560,68.414360
376.263632,154.823560,68.424869
376.263678,154.823560,68.434067
376.263736,154.823560,68.436096
376.263804,154.823560,68.445720
376.263871,154.823560,68.452429
376.263929,154.823560,68.460813
376.263995,154.823560,68.474238
376.264071,154.823560,68.476290
376.264150,154.823560,68.478154
376.264196,154.823560,68.482083
376.264237,154.823560,68.482130
376.264276,154.823560,68.484662
376.264400,154.823560,68.488472
376.264465,154.823560,68.488702
376.264517,154.823560,68.488853
376.264575,154.823560,68.491606
376.264625,154.823560,68.493515
376.264680,154.823560,68.495318
376.264717,154.823560,68.495962
376.264803,154.823560,68.505880
376.264882,154.823560,68.519438
376.264943,154.823560,68.519522
376.265016,154.823560,68.520454
376.265127,154.823560,68.533387
376.265202,154.823560,68.536237
376.265282,154.823560,68.538955
376.265415,154.823560,68.543539
376.265475,154.823560,68.544029
376.265537,154.823560,68.544085
376.265674,154.823560,68.549051
376.265710,154.823560,68.556744
376.265784,154.823560,68.560584
376.265899,154.823560,68.567611
376.265940,154.823560,68.573838
376.266007,154.823560,68.590944
376.266071,154.823560,68.600056
376.266130,154.823560,68.606411
376.266166,154.823560,68.617013
376.266241,154.823560,68.619386
376.266368,154.823560,68.621725
376.266442,154.823560,68.623763
376.266504,154.823560,68.626123
376.266573,154.823560,68.627010
376.266636,154.823560,68.627466
376.266695,154.823560,68.652456
376.266749,154.823560,68.652589
376.266828,154.823560,68.669552
376.266878,154.823560,68.673774
376.266947,154.823560,68.678552
376.267030,154.823560,68.679747
376.267099,154.823560,68.679874
376.267158,154.823560,68.682936
376.267228,154.823560,68.686094
376.267292,154.823560,68.701915
376.267325,154.823560,68.716390
376.267433,154.823560,68.716718
376.267560,154.823560,68.732752
376.267625,154.823560,68.735363
376.267684,154.823560,68.743414
376.267740,154.823560,68.749744
376.267843,154.823560,68.763938
376.267961,154.823560,68.766027
376.268055,154.823560,68.786638
376.268121,154.823560,68.787965
376.268197,154.823560,68.789238
376.268252,154.823560,68.796021
376.268336,154.823560,68.799038
376.268395,154.823560,68.816997
376.268449,154.823560,68.821131
376.268505,154.823560,68.821224
376.268549,154.823560,68.828088
376.268596,154.823560,68.833592
376.268643,154.823560,68.835968
376.268711,154.823560,68.859323
376.268767,154.823560,68.866434
376.268807,154.823560,68.867944
376.268852,154.823560,68.868917
376.268966,154.823560,68.873142
376.269050,154.823560,68.874445
376.269121,154.823560,68.877814
376.269185,154.823560,68.878451
376.269252,154.823560,68.894672
376.269297,154.823560,68.895269
376.269356,154.823560,68.897789
376.269418,154.823560,68.900990
376.269465,154.823560,68.902093
376.269512,154.823560,68.902474
376.269592,154.823560,68.905242
376.269660,154.823560,68.906670
376.269705,154.823560,68.914872
376.269779,154.823560,68.928029
376.269834,154.823560,68.929829
376.269979,154.823560,68.931718
376.270029,154.823560,68.933026
376.270098,154.823560,68.935477
376.270177,154.823560,68.942358
376.270252,154.823560,68.945816
376.270297,154.823560,68.948730
376.270339,154.823560,68.949440
376.270403,154.823560,68.951525
376.270470,154.823560,68.953440
376.270516,154.823560,68.954637
376.270582,154.823560,68.959074
376.270639,154.823560,68.962150
376.270682,154.823560,68.963869
376.270729,154.823560,68.966376
376.270791,154.823560,68.987902
376.270962,154.823560,68.999574
376.271015,154.823560,69.008322
376.271165,154.823560,69.016358
376.271296,154.823560,69.021051
376.271369,154.823560,69.036046
376.271411,154.823560,69.039802
376.271476,154.823560,69.045139
376.271529,154.823560,69.047229
376.271596,154.823560,69.056872
376.271653,154.823560,69.059022
376.271777,154.823560,69.065696
376.271834,154.823560,69.070730
376.271896,154.823560,69.073730
376.271958,154.823560,69.077416
376.272002,154.823560,69.080589
376.272098,154.823560,69.083027
376.272139,154.823560,69.084133
376.272190,154.823560,69.085842
376.272309,154.823560,69.089043
376.272346,154.823560,69.101501
376.272421,154.823560,69.114400
376.272483,154.823560,69.133645
376.272613,154.823560,69.134734
376.272675,154.823560,69.149003
376.272762,154.823560,69.158288
376.272838,154.823560,69.163851
376.272892,154.823560,69.176822
376.272967,154.823560,69.181694
376.273016,154.823560,69.192290
376.273150,154.823560,69.202635
376.273225,154.823560,69.210808
376.273270,154.823560,69.218794
376.273341,154.823560,69.232294
376.273409,154.823560,69.237206
376.273455,154.823560,69.239595
376.273528,154.823560,69.253421
376.273596,154.823560,69.253923
376.273660,154.823560,69.257621
376.273726,154.823560,69.260258
376.273799,154.823560,69.260344
376.273852,154.823560,69.262944
376.273934,154.823560,69.265773
376.274086,154.823560,69.266253
376.274138,154.823560,69.272995
376.274192,154.823560,69.275382
376.274287,154.823560,69.277443
376.274360,154.823560,69.278038
376.274443,154.823560,69.278744
376.274518,154.823560,69.280582
376.274578,154.823560,69.296030
376.274717,154.823560,69.297282
376.274878,154.823560,69.298504
376.275005,154.823560,69.303445
376.275076,154.823560,69.310056
376.275120,154.823560,69.321731
376.275187,154.823560,69.335998
376.275247,154.823560,69.341600
376.275293,154.823560,69.358942
376.275465,154.823560,69.369211
376.275587,154.823560,69.371291
376.275653,154.823560,69.374362
376.275714,154.823560,69.374445
376.275785,154.823560,69.377474
376.275861,154.823560,69.379286
376.275929,154.823560,69.380557
376.276047,154.823560,69.383643
376.276114,154.823560,69.402072
376.276178,154.823560,69.407747
376.276288,154.823560,69.420509
376.276411,154.823560,69.421274
376.276477,154.823560,69.432914
376.276535,154.823560,69.446288
376.276582,154.823560,69.453282
376.276640,154.823560,69.455339
376.276705,154.823560,69.461464
376.276777,154.823560,69.462638
376.276844,154.823560,69.463258
376.276889,154.823560,69.478051
376.276960,154.823560,69.482456
376.277016,154.823560,69.490318
376.277086,154.823560,69.502922
376.277141,154.823560,69.516267
376.277210,154.823560,69.519422
376.277264,154.823560,69.529965
376.277328,154.823560,69.530968
376.277389,154.823560,69.531768
376.277439,154.823560,69.537866
376.277489,154.823560,69.544059
376.277548,154.823560,69.546613
376.277637,154.823560,69.547109
376.277680,154.823560,69.551272
376.277754,154.823560,69.552910
376.278017,154.823560,69.556482
376.278122,154.823560,69.558216
376.278171,154.823560,69.564512
376.278237,154.823560,69.566192
376.278371,154.823560,69.566726
376.278452,154.823560,69.574739
376.278512,154.823560,69.600694
376.278597,154.823560,69.604658
376.279000,154.823560,69.607034
376.279063,154.823560,69.625363
376.279134,154.823560,69.631318
376.279200,154.823560,69.636789
376.279292,154.823560,69.639808
376.279388,154.823560,69.640371
376.279451,154.823560,69.654365
376.279533,154.823560,69.661226
376.279598,154.823560,69.672323
376.279684,154.823560,69.676258
376.279756,154.823560,69.681784
376.279826,154.823560,69.683094
376.279899,154.823560,69.688610
376.280036,154.823560,69.698402
376.280100,154.823560,69.700254
376.280145,154.823560,69.701413
376.280192,154.823560,69.713811
376.280261,154.823560,69.715899
376.280325,154.823560,69.724427
376.280359,154.823560,69.733760
376.280427,154.823560,69.737227
376.280497,154.823560,69.741662
376.280561,154.823560,69.754093
376.280627,154.823560,69.761350
376.280932,154.823560,69.761918
376.280995,154.823560,69.768488
376.281046,154.823560,69.773131
376.281110,154.823560,69.778589
376.281256,154.823560,69.791131
376.281322,154.823560,69.793283
376.281384,154.823560,69.794128
376.281434,154.823560,69.800914
376.281494,154.823560,69.808286
376.281615,154.823560,69.809453
376.281753,154.823560,69.824408
376.281899,154.823560,69.830584
376.282011,154.823560,69.835992
376.282064,154.823560,69.842774
376.282127,154.823560,69.847197
376.282161,154.823560,69.855749
376.282211,154.823560,69.858813
376.282278,154.823560,69.859928
376.282346,154.823560,64.813592
376.282420,154.823560,69.862038
376.282485,154.823560,69.865675
376.282536,154.823560,69.874110
376.282595,154.823560,69.887267
376.282644,154.823560,69.892760
376.282703,154.823560,69.897256
376.282780,154.823560,69.898446
376.282818,154.823560,69.899072
376.282951,154.823560,69.900914
376.283006,154.823560,69.901501
376.283086,154.823560,69.905586
376.283128,154.823560,69.907563
376.283188,154.823560,69.910728
376.283256,154.823560,69.911370
376.283301,154.823560,69.920450
376.283362,154.823560,69.920718
376.283433,154.823560,69.933026
376.283485,154.823560,69.933070
376.283800,154.823560,69.938770
376.283862,154.823560,69.945931
376.283915,154.823560,69.946070
376.283977,154.823560,69.950309
376.284053,154.823560,69.950315
376.284127,154.823560,69.960037
376.284240,154.823560,69.966453
376.284287,154.823560,69.970571
376.284352,154.823560,69.976158
376.284411,154.823560,69.982398
376.284573,154.823560,69.984467
376.284655,154.823560,69.985520
376.284705,154.823560,69.989131
376.284772,154.823560,69.993400
376.284910,154.823560,69.994750
376.285074,154.823560,70.003962
376.285127,154.823560,70.011195
376.285247,154.823560,70.021179
376.285311,154.823560,70.023653
376.285373,154.823560,70.035576
376.285425,154.823560,70.037675
376.285501,154.823560,70.037960
376.285576,154.823560,70.039802
376.285650,154.823560,70.045422
376.285716,154.823560,70.046987
376.285780,154.823560,70.049096
376.285833,154.823560,70.049696
376.285899,154.823560,70.055888
376.286066,154.823560,70.056371
376.286150,154.823560,70.059518
376.286214,154.823560,70.066995
376.286304,154.823560,70.067467
376.286480,154.823560,70.070168
376.286538,154.823560,70.075352
376.286664,154.823560,70.077387
376.286735,154.823560,70.082880
376.286785,154.823560,70.097611
376.286853,154.823560,70.097720
376.286903,154.823560,70.106947
376.286974,154.823560,70.116120
376.287042,154.823560,70.124144
376.287108,154.823560,70.128552
376.287158,154.823560,70.128736
376.287217,154.823560,70.147264
376.287254,154.823560,70.151282
376.287323,154.823560,70.153214
376.287448,154.823560,70.177550
376.287482,154.823560,70.180488
376.287530,154.823560,70.184030
376.287606,154.823560,70.184770
376.287703,154.823560,70.193315
376.287836,154.823560,70.198429
376.287898,154.823560,70.205214
376.287963,154.823560,70.209592
376.288076,154.823560,70.213968
376.288125,154.823560,70.216842
376.288193,154.823560,70.218813
376.288246,154.823560,70.218864
376.288295,154.823560,70.219400
376.288357,154.823560,70.223750
376.288418,154.823560,70.229107
376.288541,154.823560,70.234718
376.288598,154.823560,70.240307
376.288639,154.823560,70.240459
376.288792,154.823560,70.243478
376.288866,154.823560,70.250832
376.288930,154.823560,70.256642
376.288982,154.823560,70.274278
376.289061,154.823560,70.275518
376.289114,154.823560,70.295298
376.289203,154.823560,70.301648
376.289242,154.823560,70.302571
376.289295,154.823560,70.308709
376.289358,154.823560,70.308960
376.289442,154.823560,70.310862
376.289585,154.823560,70.323512
376.289662,154.823560,70.328450
376.289800,154.823560,70.329981
376.289846,154.823560,70.330955
376.289923,154.823560,70.334144
376.289967,154.823560,70.336651
376.290017,154.823560,70.338245
376.290088,154.823560,70.339800
376.290140,154.823560,70.341931
376.290272,154.823560,70.342688
376.290337,154.823560,70.348267
376.290405,154.823560,70.349416
376.290454,154.823560,70.359027
376.290493,154.823560,70.360806
376.290549,154.823560,70.365096
376.290585,154.823560,70.372275
376.290630,154.823560,70.389325
376.290722,154.823560,70.389733
376.290767,154.823560,70.392123
376.290821,154.823560,70.393768
376.290882,154.823560,70.405925
376.290945,154.823560,70.408043
376.291083,154.823560,70.411443
376.291136,154.823560,70.415659
376.291201,154.823560,70.419323
376.291270,154.823560,70.419518
376.291421,154.823560,70.424811
376.291488,154.823560,70.428435
376.291570,154.823560,70.434878
376.291635,154.823560,70.439083
376.291703,154.823560,70.440320
376.291764,154.823560,70.444133
376.291830,154.823560,70.447200
376.291896,154.823560,70.451640
376.291958,154.823560,70.460797
376.292009,154.823560,70.468680
376.292118,154.823560,70.471933
376.292172,154.823560,70.473203
376.292231,154.823560,70.475293
376.292286,154.823560,70.475603
376.292337,154.823560,70.489235
376.292392,154.823560,65.723269
376.292437,154.823560,70.490934
376.292498,154.823560,70.490987
376.292581,154.823560,70.493470
376.292642,154.823560,70.500853
376.292685,154.823560,70.501562
376.292826,154.823560,70.502838
376.292890,154.823560,70.511069
376.292968,154.823560,70.520520
376.293035,154.823560,70.522365
376.293106,154.823560,70.532986
376.293230,154.823560,70.538344
376.293332,154.823560,70.542774
376.293383,154.823560,70.545483
376.293444,154.823560,70.548930
376.293538,154.823560,70.559485
376.293593,154.823560,70.560574
376.293644,154.823560,70.562909
376.293714,154.823560,70.565734
376.293779,154.823560,70.567960
376.293878,154.823560,70.570168
376.293960,154.823560,70.572894
376.294022,154.823560,70.573029
376.294069,154.823560,70.583523
376.294118,154.823560,70.587336
376.294170,154.823560,70.600885
376.294318,154.823560,70.601438
376.294372,154.823560,70.602267
376.294451,154.823560,70.603771
376.294586,154.823560,70.621979
376.294639,154.823560,70.623397
376.294691,154.823560,70.623613
376.294764,154.823560,70.626227
376.294822,154.823560,70.626272
376.294882,154.823560,70.632429
376.294967,154.823560,70.632872
376.295060,154.823560,70.651563
376.295151,154.823560,70.654037
376.295234,154.823560,70.655218
376.295312,154.823560,70.658213
376.295407,154.823560,70.671813
376.295463,154.823560,70.672402
376.295522,154.823560,70.673664
376.295593,154.823560,70.673906
376.295644,154.823560,70.675467
376.295693,154.823560,70.678598
376.295797,154.823560,70.692338
376.295860,154.823560,70.697757
376.296039,154.823560,70.702488
376.296109,154.823560,70.708227
376.296166,154.823560,70.724411
376.296257,154.823560,70.724976
376.296327,154.823560,70.732731
376.296464,154.823560,70.737883
376.296553,154.823560,70.741653
376.296632,154.823560,70.750827
376.296701,154.823560,70.753973
376.296793,154.823560,70.754034
376.296850,154.823560,70.754992
376.296916,154.823560,70.755014
376.296977,154.823560,70.761918
376.297040,154.823560,70.763173
376.297219,154.823560,70.769485
376.297330,154.823560,70.778856
376.297394,154.823560,70.781669
376.297527,154.823560,70.783558
376.297593,154.823560,70.787491
376.297663,154.823560,70.789704
376.297721,154.823560,70.802187
376.297785,154.823560,70.811307
376.297848,154.823560,70.812162
376.297936,154.823560,70.815710
376.298009,154.823560,70.818934
376.298078,154.823560,70.825749
376.298157,154.823560,70.829901
376.298225,154.823560,70.834280
376.298279,154.823560,70.836712
376.298352,154.823560,70.842160
376.298406,154.823560,70.844165
376.298473,154.823560,70.855595
376.298537,154.823560,70.857755
376.298582,154.823560,70.859928
376.298652,154.823560,70.864034
376.298713,154.823560,70.865470
376.298784,154.823560,70.868133
376.298833,154.823560,70.870037
376.298909,154.823560,70.876083
376.298963,154.823560,70.880427
376.299031,154.823560,70.881291
376.299161,154.823560,70.888594
376.299223,154.823560,70.889806
376.299263,154.823560,70.890347
376.299323,154.823560,70.891517
376.299375,154.823560,70.892893
376.299548,154.823560,70.894272
376.299675,154.823560,70.895376
376.299719,154.823560,70.898187
376.299809,154.823560,70.902114
376.299959,154.823560,70.908408
376.300021,154.823560,70.910827
376.300087,154.823560,70.913643
376.300156,154.823560,70.913910
376.300275,154.823560,70.918312
376.300320,154.823560,70.934635
376.300384,154.823560,70.938595
376.300444,154.823560,70.942125
376.300523,154.823560,70.946443
376.300575,154.823560,70.947763
376.300654,154.823560,70.950947
376.300776,154.823560,70.951427
376.300854,154.823560,70.951602
376.300919,154.823560,70.953995
376.301063,154.823560,70.957018
376.301111,154.823560,70.957653
376.301156,154.823560,70.960682
376.301219,154.823560,70.965082
376.301287,154.823560,70.968320
376.301332,154.823560,70.969336
376.301388,154.823560,70.970571
376.301442,154.823560,70.971787
376.301620,154.823560,70.980389
376.301669,154.823560,70.982427
376.301762,154.823560,70.984566
376.301835,154.823560,70.985746
376.301897,154.823560,70.990339
376.301945,154.823560,70.993427
376.302067,154.823560,71.000229
376.302140,154.823560,71.000914
376.302218,154.823560,71.012978
376.302302,154.823560,71.013376
376.302383,154.823560,71.018083
376.302459,154.823560,71.021227
376.302589,154.823560,71.027349
376.302655,154.823560,71.029840
376.302706,154.823560,71.034731
376.302772,154.823560,71.040475
376.302830,154.823560,71.041018
376.302875,154.823560,71.044816
376.302938,154.823560,71.049064
376.302997,154.823560,71.050253
376.303046,154.823560,71.050328
376.303095,154.823560,71.050776
376.303158,154.823560,71.059619
376.303203,154.823560,71.060171
376.303281,154.823560,71.061381
376.303327,154.823560,71.062054
376.303384,154.823560,71.064528
376.303440,154.823560,71.065773
376.303514,154.823560,71.068214
376.303565,154.823560,71.072355
376.303625,154.823560,71.077538
376.303681,154.823560,71.078125
376.303837,154.823560,71.081027
376.303973,154.823560,71.089067
376.304022,154.823560,71.090309
376.304165,154.823560,71.095238
376.309647,154.823560,62.962272
376.309664,154.823560,71.095238
376.376457,154.823560,63.896021
376.376472,154.823560,71.095238
376.388566,154.823560,67.058901
376.388570,154.823560,71.095238
376.420504,154.823560,71.095363
376.422351,154.823560,66.680544
376.422354,154.823560,71.095363
376.422423,154.823560,65.659680
376.422427,154.823560,67.982478
376.422444,154.823560,71.095363
376.534221,154.823560,66.217336
376.534237,154.823560,71.095363
376.558951,154.823560,67.518376
376.558955,154.823560,71.095363
376.568015,154.823560,61.533374
376.568381,154.823560,71.095363
376.867842,154.823560,61.069176
376.867854,154.823560,71.095363
377.108465,154.823560,68.855525
377.108480,154.823560,71.095363
377.124303,154.823560,71.101546
377.124386,154.823560,71.117971
377.124415,154.823560,71.123515
377.124501,154.823560,71.129722
377.124540,154.823560,71.130539
377.124595,154.823560,71.142891
377.124653,154.823560,71.145422
377.124750,154.823560,71.154469
377.124788,154.823560,71.158229
377.124825,154.823560,71.164490
377.124879,154.823560,71.169291
377.124909,154.823560,71.170682
377.124951,154.823560,71.173459
377.125002,154.823560,71.176870
377.125028,154.823560,71.190045
377.125127,154.823560,71.195269
377.125170,154.823560,71.210798
377.125343,154.823560,71.216965
377.125390,154.823560,71.225024
377.125413,154.823560,71.242822
377.125513,154.823560,71.247797
377.125559,154.823560,71.257330
377.125663,154.823560,71.259571
377.125697,154.823560,71.281547
377.125733,154.823560,71.301800
377.125783,154.823560,71.306467
377.125895,154.823560,71.321293
377.126006,154.823560,71.328029
377.126051,154.823560,71.358152
377.126075,154.823560,71.362038
377.126123,154.823560,71.395869
377.126154,154.823560,71.398968
377.126192,154.823560,71.400643
377.126223,154.823560,71.429008
377.126266,154.823560,71.432989
377.126310,154.823560,71.437822
377.126415,154.823560,71.446560
377.126437,154.823560,71.463667
377.126471,154.823560,71.487878
377.126517,154.823560,71.488610
377.126571,154.823560,71.492211
377.126607,154.823560,71.496963
377.126652,154.823560,71.500962
377.126766,154.823560,71.516790
377.126814,154.823560,71.518200
377.126933,154.823560,71.525469
377.126981,154.823560,71.531168
377.127024,154.823560,71.542946
377.127078,154.823560,71.548998
377.127099,154.823560,71.549246
377.127147,154.823560,71.553376
377.127204,154.823560,71.565728
377.127260,154.823560,71.570650
377.127302,154.823560,71.575000
377.127355,154.823560,71.582763
377.127394,154.823560,71.596461
377.127450,154.823560,71.601885
377.127493,154.823560,71.605616
377.127529,154.823560,71.606934
377.127579,154.823560,71.610243
377.127618,154.823560,71.613754
377.127655,154.823560,71.616965
377.127746,154.823560,71.621290
377.127787,154.823560,71.630429
377.127834,154.823560,71.639678
377.127867,154.823560,71.645997
377.127951,154.823560,71.652118
377.128002,154.823560,71.664470
377.128052,154.823560,71.676832
377.128149,154.823560,71.679584
377.128185,154.823560,71.682408
377.128219,154.823560,71.706987
377.128259,154.823560,71.717515
377.128284,154.823560,71.721957
377.128319,154.823560,71.725710
377.128431,154.823560,71.727973
377.128496,154.823560,71.750370
377.128544,154.823560,71.756501
377.128574,154.823560,71.760552
377.128617,154.823560,71.781878
377.128664,154.823560,71.784005
377.128746,154.823560,71.806373
377.128768,154.823560,71.824160
377.128843,154.823560,71.829965
377.128871,154.823560,71.834238
377.128976,154.823560,71.844563
377.129089,154.823560,71.846259
377.129169,154.823560,71.857016
377.129203,154.823560,71.861990
377.129254,154.823560,71.867742
377.129296,154.823560,71.871406
377.129401,154.823560,71.881749
377.129444,154.823560,71.891403
377.129486,154.823560,71.901536
377.129525,154.823560,71.908211
377.129577,154.823560,71.913888
377.129606,154.823560,71.914413
377.129755,154.823560,71.934099
377.129800,154.823560,71.936096
377.129850,154.823560,71.962506
377.129889,154.823560,71.964251
377.129929,154.823560,71.976270
377.130000,154.823560,71.978482
377.130021,154.823560,71.978680
377.130077,154.823560,71.980424
377.130107,154.823560,72.009483
377.130173,154.823560,72.009666
377.130225,154.823560,72.010141
377.130280,154.823560,72.017032
377.130387,154.823560,72.036590
377.130417,154.823560,72.038397
377.130525,154.823560,72.051376
377.130575,154.823560,72.097942
377.130624,154.823560,72.109947
377.130668,154.823560,72.120728
377.130722,154.823560,72.144213
377.130816,154.823560,72.154030
377.130854,154.823560,72.194754
377.130976,154.823560,72.194862
377.131020,154.823560,72.195307
377.131065,154.823560,72.198824
377.131093,154.823560,72.208494
377.131146,154.823560,72.216851
377.131207,154.823560,72.252802
377.131239,154.823560,72.273630
377.131340,154.823560,72.278693
377.131370,154.823560,72.292902
377.131423,154.823560,72.294202
377.131455,154.823560,72.295035
377.131507,154.823560,72.297230
377.131546,154.823560,72.299739
377.131568,154.823560,72.324869
377.131657,154.823560,72.334238
377.131682,154.823560,72.334245
377.131712,154.823560,72.346451
377.131762,154.823560,72.347005
377.131811,154.823560,72.359251
377.131861,154.823560,72.369587
377.131911,154.823560,72.378971
377.131974,154.823560,72.389168
377.132014,154.823560,72.423667
377.132064,154.823560,72.435325
377.132106,154.823560,72.442955
377.132126,154.823560,72.445320
377.132170,154.823560,72.456427
377.132311,154.823560,72.467570
377.132375,154.823560,72.476115
377.132406,154.823560,72.485558
377.132495,154.823560,72.502838
377.132546,154.823560,72.506384
377.132578,154.823560,72.508886
377.132632,154.823560,72.510392
377.132690,154.823560,72.526058
377.132801,154.823560,72.536986
377.132850,154.823560,72.540944
377.132913,154.823560,72.573598
377.133034,154.823560,72.590702
377.133075,154.823560,72.591629
377.133131,154.823560,72.602667
377.133183,154.823560,72.620045
377.133231,154.823560,72.636702
377.133270,154.823560,72.637915
377.133322,154.823560,72.643968
377.133351,154.823560,72.649054
377.133390,154.823560,72.650752
377.133446,154.823560,72.650861
377.133500,154.823560,72.658869
377.133539,154.823560,72.667112
377.133585,154.823560,72.672907
377.133650,154.823560,72.673781
377.133754,154.823560,72.677854
377.133798,154.823560,72.691048
377.133898,154.823560,72.693219
377.133947,154.823560,72.705338
377.134020,154.823560,72.707579
377.134066,154.823560,72.715739
377.134111,154.823560,72.727272
377.134138,154.823560,72.743920
377.134181,154.823560,72.744709
377.134230,154.823560,72.757082
377.134263,154.823560,72.763173
377.134346,154.823560,72.765728
377.134382,154.823560,72.780427
377.134409,154.823560,72.780538
377.134496,154.823560,72.782779
377.134540,154.823560,72.783499
377.134651,154.823560,72.836445
377.134697,154.823560,72.839779
377.134730,154.823560,72.859974
377.134861,154.823560,72.888438
377.134902,154.823560,72.902139
377.134931,154.823560,72.904600
377.134952,154.823560,72.926840
377.135007,154.823560,72.941653
377.135045,154.823560,72.955541
377.135087,154.823560,72.969982
377.135146,154.823560,72.981760
377.135198,154.823560,73.007045
377.135270,154.823560,73.018565
377.135317,154.823560,73.022373
377.135360,154.823560,73.028014
377.135476,154.823560,73.036074
377.135596,154.823560,73.037437
377.135638,154.823560,73.047109
377.135686,154.823560,73.048952
377.135752,154.823560,73.053402
377.135781,154.823560,73.061422
377.135857,154.823560,73.061867
377.135928,154.823560,73.067448
377.135955,154.823560,73.071474
377.136018,154.823560,73.076747
377.136064,154.823560,73.077925
377.136108,154.823560,73.081706
377.136151,154.823560,73.096611
377.136246,154.823560,73.111510
377.136294,154.823560,73.133054
377.136340,154.823560,73.137661
377.136385,154.823560,73.155213
377.136432,154.823560,73.160539
377.136589,154.823560,73.162674
377.136626,154.823560,73.181243
377.136668,154.823560,73.184600
377.136738,154.823560,73.194027
377.136766,154.823560,73.225443
377.136812,154.823560,73.228694
377.136865,154.823560,73.234238
377.136916,154.823560,73.234270
377.136942,154.823560,73.245829
377.136980,154.823560,73.249576
377.137026,154.823560,73.253379
377.137060,154.823560,73.257651
377.137105,154.823560,73.266240
377.137145,154.823560,73.266334
377.137200,154.823560,73.272243
377.137247,154.823560,73.272501
377.137277,154.823560,73.278693
377.137307,154.823560,73.290522
377.137347,154.823560,73.306912
377.137396,154.823560,73.342320
377.137427,154.823560,73.351522
377.137544,154.823560,73.354882
377.137599,154.823560,73.360029
377.137628,154.823560,73.373002
377.137707,154.823560,73.383653
377.137736,154.823560,73.398195
377.137784,154.823560,73.408139
377.137901,154.823560,73.425552
377.137933,154.823560,73.429882
377.138002,154.823560,73.454472
377.138047,154.823560,73.480538
377.138101,154.823560,73.482376
377.138127,154.823560,73.494728
377.138153,154.823560,73.503451
377.138258,154.823560,73.510195
377.138284,154.823560,73.511294
377.138467,154.823560,73.515139
377.138497,154.823560,73.518104
377.138571,154.823560,73.541021
377.138635,154.823560,73.550688
377.138729,154.823560,73.554427
377.138758,154.823560,73.565669
377.138811,154.823560,73.565773
377.138840,154.823560,73.585510
377.138877,154.823560,73.596621
377.138908,154.823560,73.596736
377.138954,154.823560,73.608973
377.139014,154.823560,73.617296
377.139112,154.823560,73.626211
377.139186,154.823560,73.627307
377.139242,154.823560,73.632419
377.139344,154.823560,73.633485
377.139401,154.823560,73.639990
377.139514,154.823560,73.669275
377.139552,154.823560,73.694101
377.139599,154.823560,73.697323
377.139658,154.823560,73.704491
377.139723,154.823560,73.704827
377.139772,154.823560,73.725968
377.139861,154.823560,73.726821
377.139904,154.823560,73.745736
377.139932,154.823560,73.761931
377.139983,154.823560,73.788792
377.140038,154.823560,73.794627
377.140065,154.823560,73.795838
377.140130,154.823560,73.797771
377.140180,154.823560,73.804371
377.140227,154.823560,73.805915
377.140279,154.823560,73.811270
377.140306,154.823560,73.811294
377.140335,154.823560,73.817578
377.140430,154.823560,73.858787
377.140485,154.823560,73.873011
377.140599,154.823560,73.877454
377.140651,154.823560,73.888512
377.140746,154.823560,73.892734
377.140774,154.823560,73.895408
377.140859,154.823560,73.903374
377.140908,154.823560,73.913122
377.140938,154.823560,73.920522
377.140980,154.823560,73.933032
377.141007,154.823560,73.945248
377.141051,154.823560,73.960309
377.141099,154.823560,73.968826
377.141173,154.823560,73.969987
377.141222,154.823560,73.990702
377.141252,154.823560,74.003728
377.141302,154.823560,74.008787
377.141428,154.823560,74.014307
377.141466,154.823560,74.034635
377.141510,154.823560,74.045699
377.141559,154.823560,74.064598
377.141618,154.823560,74.066051
377.141650,154.823560,74.079827
377.141698,154.823560,74.107814
377.141751,154.823560,74.124382
377.141777,154.823560,74.127430
377.141835,154.823560,74.136096
377.141885,154.823560,74.144344
377.141940,154.823560,74.147837
377.141979,154.823560,74.148182
377.142031,154.823560,74.158107
377.142070,154.823560,74.167570
377.142134,154.823560,74.182166
377.142182,154.823560,74.184099
377.142306,154.823560,74.208832
377.142350,154.823560,74.215685
377.142469,154.823560,74.232331
377.142516,154.823560,74.244238
377.142697,154.823560,74.264299
377.142786,154.823560,74.279752
377.142916,154.823560,74.283050
377.142966,154.823560,74.287675
377.143033,154.823560,74.296078
377.143055,154.823560,74.299459
377.143111,154.823560,74.327880
377.143197,154.823560,74.346355
377.143237,154.823560,74.346616
377.143281,154.823560,74.358968
377.143367,154.823560,74.359822
377.143406,154.823560,74.360813
377.143437,154.823560,74.364186
377.143467,154.823560,74.366827
377.143511,154.823560,74.369163
377.143555,154.823560,74.376206
377.143599,154.823560,74.376528
377.143656,154.823560,74.399082
377.143705,154.823560,74.408189
377.143764,154.823560,74.412024
377.143810,154.823560,74.428555
377.143847,154.823560,74.436099
377.143976,154.823560,74.440546
377.144109,154.823560,74.453278
377.144143,154.823560,74.457653
377.144220,154.823560,74.459251
377.144261,154.823560,74.461619
377.144385,154.823560,74.473586
377.144497,154.823560,74.484109
377.144560,154.823560,74.497910
377.144654,154.823560,74.505816
377.144698,154.823560,74.511779
377.144731,154.823560,74.523067
377.144828,154.823560,74.538486
377.144877,154.823560,74.571741
377.144979,154.823560,74.586560
377.145148,154.823560,74.594042
377.145250,154.823560,74.598398
377.145301,154.823560,74.637941
377.145359,154.823560,74.641637
377.145490,154.823560,74.663120
377.145516,154.823560,74.663989
377.145584,154.823560,74.691648
377.145616,154.823560,74.725387
377.145682,154.823560,74.731147
377.145736,154.823560,74.738091
377.145790,154.823560,74.754882
377.145837,154.823560,74.760406
377.145927,154.823560,74.766395
377.145976,154.823560,74.776632
377.146024,154.823560,74.790909
377.146060,154.823560,74.796723
377.146105,154.823560,74.803267
377.146146,154.823560,74.812120
377.146196,154.823560,74.816219
377.146247,154.823560,74.826696
377.146294,154.823560,74.828029
377.146376,154.823560,74.855744
377.146426,154.823560,74.863382
377.146473,154.823560,74.874213
377.146523,154.823560,74.882453
377.146577,154.823560,74.888546
377.146625,154.823560,74.898645
377.146657,154.823560,74.926928
377.146706,154.823560,74.932216
377.146736,154.823560,74.935944
377.146784,154.823560,74.943336
377.146830,154.823560,74.943416
377.146881,154.823560,74.949277
377.146938,154.823560,74.950629
377.146985,154.823560,74.954427
377.147037,154.823560,74.985910
377.147085,154.823560,74.990643
377.147140,154.823560,75.013166
377.147187,154.823560,75.025469
377.147223,154.823560,75.069211
377.147259,154.823560,75.102069
377.147320,154.823560,75.125299
377.147354,154.823560,75.126027
377.147422,154.823560,75.127307
377.147485,154.823560,75.131694
377.147540,154.823560,75.132749
377.147587,154.823560,75.160072
377.147620,154.823560,75.170581
377.147668,154.823560,75.187875
377.147746,154.823560,75.213875
377.147792,154.823560,75.225275
377.147909,154.823560,75.227555
377.147958,154.823560,75.235371
377.148052,154.823560,75.249102
377.148103,154.823560,75.252056
377.148140,154.823560,75.260019
377.148174,154.823560,75.263130
377.148230,154.823560,75.283467
377.148273,154.823560,75.297802
377.148340,154.823560,75.305290
377.148389,154.823560,75.309392
377.148417,154.823560,75.327963
377.148466,154.823560,75.329139
377.148515,154.823560,75.339043
377.148562,154.823560,75.340971
377.148613,154.823560,75.352747
377.148671,154.823560,75.361771
377.148711,154.823560,75.372058
377.148815,154.823560,75.373714
377.148848,154.823560,75.386043
377.148973,154.823560,75.391112
377.149030,154.823560,75.407080
377.149094,154.823560,75.418126
377.149233,154.823560,75.426221
377.149294,154.823560,75.438573
377.149418,154.823560,75.446416
377.149456,154.823560,75.453203
377.149520,154.823560,75.459533
377.149565,154.823560,75.463870
377.149595,154.823560,75.519947
377.149631,154.823560,75.537893
377.149664,154.823560,75.575230
377.149714,154.823560,75.587712
377.149818,154.823560,75.596075
377.149868,154.823560,75.598366
377.149915,154.823560,75.601387
377.149964,154.823560,75.601952
377.150000,154.823560,75.604846
377.150045,154.823560,75.636712
377.150094,154.823560,75.639283
377.150197,154.823560,75.648989
377.150253,154.823560,75.652741
377.150425,154.823560,75.663118
377.150488,154.823560,75.672350
377.150613,154.823560,75.672370
377.150652,154.823560,75.673515
377.150787,154.823560,75.678722
377.150886,154.823560,75.685742
377.150986,154.823560,75.688494
377.151030,154.823560,75.711040
377.151071,154.823560,75.713611
377.151109,154.823560,75.719909
377.151182,154.823560,75.736008
377.151218,154.823560,75.744574
377.151271,154.823560,75.756920
377.151317,154.823560,75.758659
377.151395,154.823560,75.759819
377.151513,154.823560,75.760195
377.151590,154.823560,75.771723
377.151642,154.823560,75.774920
377.151702,154.823560,75.775584
377.151759,154.823560,75.786691
377.151851,154.823560,75.787314
377.151889,154.823560,75.787958
377.151937,154.823560,75.788005
377.152001,154.823560,75.788811
377.152070,154.823560,75.797595
377.152136,154.823560,75.800267
377.152197,154.823560,75.804355
377.152258,154.823560,75.809589
377.152361,154.823560,75.809810
377.152403,154.823560,75.811795
377.152475,154.823560,75.824408
377.152653,154.823560,75.833376
377.152839,154.823560,75.839198
377.153084,154.823560,75.844267
377.153205,154.823560,75.849058
377.153262,154.823560,75.855128
377.153294,154.823560,75.858216
377.153323,154.823560,75.858678
377.153383,154.823560,75.861410
377.153497,154.823560,75.861464
377.153549,154.823560,75.878722
377.153604,154.823560,75.881373
377.153675,154.823560,75.883608
377.153710,154.823560,75.890819
377.153760,154.823560,75.909896
377.153812,154.823560,75.931254
377.153864,154.823560,75.931664
377.153901,154.823560,75.962613
377.154025,154.823560,75.969827
377.154103,154.823560,75.996478
377.154219,154.823560,75.998019
377.154348,154.823560,76.003419
377.154442,154.823560,76.004352
377.154495,154.823560,76.019658
377.154549,154.823560,76.039016
377.154609,154.823560,76.042282
377.154728,154.823560,76.059816
377.154766,154.823560,76.062589
377.154917,154.823560,76.068856
377.155027,154.823560,76.069411
377.155086,154.823560,76.090059
377.155196,154.823560,76.090680
377.155237,154.823560,76.092973
377.155295,154.823560,76.093518
377.155356,154.823560,76.105870
377.155617,154.823560,76.110720
377.155671,154.823560,76.128440
377.155723,154.823560,76.130264
377.155787,154.823560,76.139749
377.155826,154.823560,76.142358
377.155880,154.823560,76.142888
377.155918,154.823560,76.161931
377.155974,154.823560,76.184747
377.156150,154.823560,76.190390
377.156270,154.823560,76.192290
377.156407,154.823560,76.209528
377.156478,154.823560,76.224224
377.156517,154.823560,76.250488
377.156572,154.823560,76.263142
377.156619,154.823560,76.275616
377.156660,154.823560,76.278696
377.156708,154.823560,76.287968
377.156776,154.823560,76.296030
377.156914,154.823560,76.304054
377.156962,154.823560,76.305206
377.157023,154.823560,76.308293
377.157085,154.823560,76.309275
377.157127,154.823560,76.347048
377.157157,154.823560,76.350379
377.157200,154.823560,76.357707
377.157252,154.823560,76.376248
377.157304,154.823560,76.384456
377.157365,154.823560,76.391026
377.157404,154.823560,76.392939
377.157431,154.823560,76.397419
377.157490,154.823560,76.398973
377.157686,154.823560,76.410598
377.157743,154.823560,76.418069
377.157802,154.823560,76.442624
377.157840,154.823560,76.445362
377.157875,154.823560,76.452640
377.157913,154.823560,76.464123
377.157965,154.823560,76.469475
377.158012,154.823560,76.469949
377.158073,154.823560,76.491619
377.158132,154.823560,76.494608
377.158173,154.823560,76.515810
377.158228,154.823560,76.516576
377.158284,154.823560,76.523435
377.158338,154.823560,76.538835
377.158381,154.823560,76.545835
377.158422,154.823560,76.553398
377.158553,154.823560,76.567627
377.158587,154.823560,76.595208
377.158622,154.823560,76.605347
377.158680,154.823560,76.611118
377.158814,154.823560,76.613432
377.158868,154.823560,76.613878
377.158935,154.823560,76.640869
377.158965,154.823560,76.672374
377.159022,154.823560,76.692067
377.159079,154.823560,76.694576
377.159126,154.823560,76.701349
377.159250,154.823560,76.705963
377.159295,154.823560,76.721658
377.159331,154.823560,76.724443
377.159372,154.823560,76.731158
377.159419,154.823560,76.731878
377.159471,154.823560,76.780544
377.159514,154.823560,76.799027
377.159545,154.823560,76.826774
377.159582,154.823560,76.834731
377.159619,154.823560,76.845326
377.159666,154.823560,76.861046
377.159721,154.823560,76.862074
377.159773,154.823560,76.863611
377.159813,154.823560,76.868198
377.159844,154.823560,76.877416
377.159875,154.823560,76.882243
377.159922,154.823560,76.883608
377.159952,154.823560,76.887768
377.159986,154.823560,76.889627
377.160046,154.823560,76.898216
377.160096,154.823560,76.900763
377.160145,154.823560,76.905579
377.160220,154.823560,76.907891
377.160247,154.823560,76.908587
377.160306,154.823560,76.926453
377.160361,154.823560,76.931602
377.160390,154.823560,76.940446
377.160437,154.823560,76.941456
377.160518,154.823560,76.956358
377.160557,154.823560,76.960709
377.160597,154.823560,76.992208
377.160659,154.823560,76.998840
377.160713,154.823560,76.999523
377.160754,154.823560,76.999688
377.160797,154.823560,77.001686
377.160854,154.823560,77.011408
377.160894,154.823560,77.016851
377.160931,154.823560,77.025653
377.160987,154.823560,77.028650
377.161057,154.823560,77.047173
377.161107,154.823560,77.076803
377.161150,154.823560,77.080867
377.161275,154.823560,77.081384
377.161341,154.823560,77.095602
377.161378,154.823560,77.097611
377.161481,154.823560,77.104992
377.161524,154.823560,77.111989
377.161663,154.823560,77.128800
377.161696,154.823560,77.137536
377.161745,154.823560,77.139990
377.161804,154.823560,77.153115
377.161856,154.823560,77.154451
377.161914,154.823560,77.160038
377.161947,154.823560,77.164875
377.161991,154.823560,77.165544
377.162042,154.823560,77.172928
377.162095,154.823560,77.186760
377.162160,154.823560,77.197115
377.162216,154.823560,77.209605
377.162334,154.823560,77.217480
377.162373,154.823560,77.221864
377.162408,154.823560,77.226198
377.162479,154.823560,77.241002
377.162536,154.823560,77.244613
377.162572,154.823560,77.281824
377.162626,154.823560,77.313003
377.162688,154.823560,77.313346
377.162742,154.823560,77.315606
377.162799,154.823560,77.323600
377.162840,154.823560,77.324514
377.162900,154.823560,77.324760
377.162940,154.823560,77.354376
377.162978,154.823560,77.365122
377.163058,154.823560,77.366966
377.163094,154.823560,77.374309
377.163197,154.823560,77.384294
377.163225,154.823560,77.389554
377.163274,154.823560,77.392434
377.163340,154.823560,77.401003
377.163405,154.823560,77.404019
377.163449,154.823560,74.247909
377.163487,154.823560,77.413301
377.163523,154.823560,77.414539
377.163578,154.823560,77.416368
377.163620,154.823560,77.416688
377.163673,154.823560,77.418931
377.163728,154.823560,77.432974
377.163767,154.823560,77.445234
377.163822,154.823560,77.448490
377.163872,154.823560,77.452544
377.163905,154.823560,77.456456
377.163940,154.823560,77.468731
377.164015,154.823560,77.468856
377.164071,154.823560,77.485450
377.164198,154.823560,77.492357
377.164244,154.823560,77.510040
377.164281,154.823560,77.510514
377.164329,154.823560,77.521813
377.164383,154.823560,77.522011
377.164455,154.823560,77.543304
377.164496,154.823560,77.549922
377.164567,154.823560,77.563709
377.164619,154.823560,77.568763
377.164675,154.823560,77.571768
377.164737,154.823560,77.572920
377.164776,154.823560,77.577288
377.164839,154.823560,77.581837
377.164882,154.823560,77.582203
377.164950,154.823560,77.587632
377.165052,154.823560,77.598896
377.165106,154.823560,77.599088
377.165200,154.823560,77.609717
377.165262,154.823560,77.620515
377.165298,154.823560,77.620661
377.165337,154.823560,77.627371
377.165391,154.823560,77.631784
377.165457,154.823560,77.632304
377.165530,154.823560,77.633000
377.165632,154.823560,77.660464
377.165765,154.823560,77.667363
377.165819,154.823560,77.669352
377.165855,154.823560,77.671342
377.165905,154.823560,77.675109
377.165972,154.823560,77.686072
377.166024,154.823560,77.709550
377.166072,154.823560,77.710090
377.166117,154.823560,77.710144
377.166163,154.823560,77.721176
377.166215,154.823560,77.734232
377.166252,154.823560,77.737354
377.166289,154.823560,77.759715
377.166356,154.823560,77.763680
377.166419,154.823560,77.764614
377.166476,154.823560,77.770520
377.166531,154.823560,77.780424
377.166585,154.823560,77.785462
377.166637,154.823560,77.803229
377.166677,154.823560,77.809251
377.166729,154.823560,77.809397
377.166800,154.823560,77.815168
377.166835,154.823560,77.820472
377.166891,154.823560,77.823614
377.166922,154.823560,77.837376
377.166970,154.823560,77.840408
377.167005,154.823560,77.841507
377.167090,154.823560,77.841768
377.167143,154.823560,77.847539
377.167203,154.823560,77.848731
377.167263,154.823560,77.855043
377.167315,154.823560,77.863784
377.167366,154.823560,77.876208
377.167427,154.823560,77.879293
377.167470,154.823560,77.881192
377.167537,154.823560,77.890139
377.167597,154.823560,77.904944
377.167691,154.823560,77.906589
377.167718,154.823560,77.910456
377.167776,154.823560,71.033304
377.167815,154.823560,77.913075
377.167857,154.823560,77.914429
377.167912,154.823560,77.914488
377.167954,154.823560,77.924501
377.168009,154.823560,77.950635
377.168061,154.823560,77.965251
377.168117,154.823560,77.968715
377.168183,154.823560,77.969421
377.168247,154.823560,77.971038
377.168308,154.823560,77.980389
377.168364,154.823560,77.998075
377.168430,154.823560,78.004674
377.168474,154.823560,78.007038
377.168750,154.823560,78.009627
377.168817,154.823560,78.019390
377.168955,154.823560,78.031475
377.169016,154.823560,78.041563
377.169105,154.823560,78.050158
377.169230,154.823560,78.056224
377.169271,154.823560,78.068782
377.169335,154.823560,78.073666
377.169369,154.823560,78.074336
377.169426,154.823560,78.081011
377.169499,154.823560,78.081680
377.169551,154.823560,78.084058
377.169629,154.823560,78.096608
377.169669,154.823560,78.097669
377.169711,154.823560,78.099477
377.169787,154.823560,78.105117
377.169953,154.823560,78.105325
377.170072,154.823560,78.108683
377.170129,154.823560,78.121827
377.170177,154.823560,78.137651
377.170239,154.823560,78.138360
377.170294,154.823560,78.139653
377.170331,154.823560,78.154318
377.170374,154.823560,78.154963
377.170429,154.823560,78.160190
377.170474,154.823560,78.161293
377.170516,154.823560,78.176773
377.170552,154.823560,78.179160
377.170611,154.823560,78.187138
377.170644,154.823560,78.220424
377.170695,154.823560,78.223069
377.170735,154.823560,78.226085
377.170814,154.823560,78.230688
377.170904,154.823560,78.232234
377.170982,154.823560,78.244072
377.171034,154.823560,78.249635
377.171095,154.823560,78.253328
377.171148,154.823560,78.253787
377.171209,154.823560,78.262042
377.171255,154.823560,78.268773
377.171291,154.823560,78.268995
377.171350,154.823560,78.272304
377.171390,154.823560,78.277814
377.171525,154.823560,78.278893
377.171585,154.823560,78.281770
377.171640,154.823560,78.282792
377.171737,154.823560,78.293994
377.171789,154.823560,78.300301
377.171863,154.823560,78.304339
377.171957,154.823560,78.306168
377.172048,154.823560,78.308624
377.172115,154.823560,78.317539
377.172162,154.823560,78.319771
377.172289,154.823560,78.336354
377.172334,154.823560,78.366954
377.172381,154.823560,78.374213
377.172419,154.823560,78.385067
377.172460,154.823560,78.391491
377.172507,154.823560,78.393342
377.172627,154.823560,78.394598
377.172670,154.823560,78.398475
377.172731,154.823560,78.400323
377.172779,154.823560,78.401907
377.172824,154.823560,78.404533
377.172881,154.823560,78.414165
377.173025,154.823560,78.430472
377.173133,154.823560,78.434992
377.173173,154.823560,78.444242
377.173245,154.823560,78.445187
377.173316,154.823560,78.446131
377.173351,154.823560,78.447048
377.173391,154.823560,78.448006
377.173440,154.823560,78.453666
377.173473,154.823560,78.464960
377.173534,154.823560,78.479173
377.173596,154.823560,78.497330
377.173656,154.823560,78.502723
377.173724,154.823560,78.503491
377.173781,154.823560,78.513123
377.173841,154.823560,78.518499
377.174016,154.823560,78.519766
377.174063,154.823560,78.523157
377.174124,154.823560,78.525456
377.174185,154.823560,78.528162
377.174293,154.823560,78.530272
377.174333,154.823560,78.534832
377.174392,154.823560,78.537238
377.174463,154.823560,78.548419
377.174590,154.823560,78.559704
377.174647,154.823560,78.559971
377.174713,154.823560,78.566800
377.174756,154.823560,78.579906
377.174802,154.823560,78.583496
377.174887,154.823560,78.589565
377.174996,154.823560,78.596512
377.175037,154.823560,78.607606
377.175111,154.823560,78.609397
377.175262,154.823560,78.619936
377.175389,154.823560,78.627845
377.175475,154.823560,78.628907
377.175542,154.823560,78.630491
377.175606,154.823560,78.632990
377.175665,154.823560,78.642843
377.175728,154.823560,78.658779
377.175861,154.823560,78.660011
377.175933,154.823560,78.666379
377.175995,154.823560,78.667427
377.176065,154.823560,78.676405
377.176116,154.823560,78.677883
377.176173,154.823560,78.686571
377.176219,154.823560,78.694531
377.176266,154.823560,78.702168
377.176316,154.823560,78.703238
377.176361,154.823560,78.706192
377.176464,154.823560,78.706371
377.176554,154.823560,78.710640
377.176609,154.823560,78.716894
377.176669,154.823560,78.716914
377.176737,154.823560,78.722458
377.176776,154.823560,78.732563
377.176843,154.823560,78.738360
377.176888,154.823560,78.754507
377.176984,154.823560,78.778515
377.177049,154.823560,78.779632
377.177094,154.823560,78.789790
377.177129,154.823560,78.795160
377.177168,154.823560,78.802512
377.177204,154.823560,78.806856
377.177238,154.823560,78.807032
377.177298,154.823560,78.808099
377.177355,154.823560,78.813733
377.177413,154.823560,78.820677
377.177463,154.823560,78.822525
377.177511,154.823560,78.835005
377.177574,154.823560,78.851974
377.177669,154.823560,78.852632
377.177744,154.823560,78.862856
377.177794,154.823560,78.868691
377.177922,154.823560,78.887288
377.177977,154.823560,78.890267
377.178100,154.823560,78.895970
377.178167,154.823560,78.903979
377.178219,154.823560,75.396181
377.178262,154.823560,78.906331
377.178305,154.823560,78.907520
377.178374,154.823560,78.908322
377.178507,154.823560,78.910923
377.178549,154.823560,78.917141
377.178609,154.823560,78.925560
377.178680,154.823560,78.935456
377.178725,154.823560,78.957550
377.178810,154.823560,78.971091
377.178867,154.823560,78.976813
377.178910,154.823560,78.985808
377.178953,154.823560,78.989034
377.178993,154.823560,78.995853
377.179043,154.823560,78.998827
377.179101,154.823560,78.999595
377.179212,154.823560,79.000891
377.179274,154.823560,79.001456
377.179344,154.823560,79.015184
377.179391,154.823560,79.017858
377.179457,154.823560,79.019099
377.179526,154.823560,79.021118
377.179582,154.823560,79.024325
377.179648,154.823560,79.030184
377.179708,154.823560,79.037398
377.179757,154.823560,79.038362
377.179821,154.823560,79.040160
377.179871,154.823560,79.044029
377.179920,154.823560,79.047067
377.179965,154.823560,79.050099
377.180006,154.823560,79.053328
377.180052,154.823560,79.067544
377.180096,154.823560,79.068653
377.180175,154.823560,79.070299
377.180224,154.823560,79.076790
377.180278,154.823560,79.078038
377.180352,154.823560,79.080746
377.180400,154.823560,79.082178
377.180470,154.823560,79.082848
377.180530,154.823560,79.089216
377.180624,154.823560,79.095918
377.180657,154.823560,79.099242
377.180707,154.823560,79.103333
377.180772,154.823560,79.108426
377.180803,154.823560,79.109989
377.180851,154.823560,79.116658
377.180930,154.823560,79.116862
377.180974,154.823560,79.123434
377.181004,154.823560,79.134136
377.181055,154.823560,79.135949
377.181106,154.823560,79.136058
377.181141,154.823560,79.136661
377.181175,154.823560,79.139750
377.181217,154.823560,79.140558
377.181261,154.823560,79.142808
377.181296,154.823560,79.143259
377.181339,154.823560,79.164792
377.181453,154.823560,79.168154
377.181496,154.823560,79.180467
377.181546,154.823560,79.211360
377.181650,154.823560,79.237162
377.181731,154.823560,79.238448
377.181830,154.823560,79.247174
377.181887,154.823560,79.258075
377.181951,154.823560,79.261189
377.181998,154.823560,79.264998
377.182042,154.823560,79.268878
377.182107,154.823560,79.272758
377.182145,154.823560,79.278914
377.182201,154.823560,79.282653
377.182247,154.823560,79.283606
377.182331,154.823560,79.289229
377.182399,154.823560,79.299573
377.182469,154.823560,79.315560
377.182519,154.823560,79.329269
377.182588,154.823560,79.337290
377.182656,154.823560,79.339978
377.182709,154.823560,79.340626
377.182771,154.823560,79.340744
377.182829,154.823560,79.355349
377.182868,154.823560,79.360621
377.182947,154.823560,79.362507
377.183095,154.823560,79.365440
377.183141,154.823560,79.371611
377.183203,154.823560,79.380264
377.183245,154.823560,79.383440
377.183286,154.823560,79.389589
377.183415,154.823560,79.389595
377.183495,154.823560,79.391899
377.183570,154.823560,79.394560
377.183633,154.823560,79.394715
377.183696,154.823560,79.404654
377.183812,154.823560,79.408733
377.183879,154.823560,79.411862
377.183938,154.823560,79.416939
377.184002,154.823560,79.419262
377.184040,154.823560,79.426333
377.184104,154.823560,79.426891
377.184160,154.823560,79.429829
377.184229,154.823560,79.434736
377.184273,154.823560,79.445811
377.184325,154.823560,79.446195
377.184379,154.823560,79.453334
377.184514,154.823560,79.457629
377.184603,154.823560,79.461198
377.184666,154.823560,79.464429
377.184716,154.823560,79.464981
377.184773,154.823560,79.483765
377.184813,154.823560,79.488493
377.184853,154.823560,79.491467
377.184926,154.823560,79.497784
377.184983,154.823560,79.500083
377.185107,154.823560,79.500965
377.185235,154.823560,79.506288
377.185274,154.823560,79.516992
377.185317,154.823560,79.520011
377.185362,154.823560,79.527778
377.185425,154.823560,79.528088
377.185494,154.823560,79.532267
377.185539,154.823560,79.539632
377.185574,154.823560,79.546315
377.185633,154.823560,62.167341
377.185694,154.823560,71.433728
377.185724,154.823560,71.532579
377.185759,154.823560,75.551072
377.185790,154.823560,79.557216
377.185848,154.823560,79.565291
377.185903,154.823560,79.567634
377.186104,154.823560,79.573016
377.186158,154.823560,79.577990
377.186225,154.823560,79.578565
377.186283,154.823560,79.586656
377.186341,154.823560,79.590155
377.186531,154.823560,79.590715
377.186591,154.823560,79.606893
377.186702,154.823560,79.608296
377.186766,154.823560,79.622792
377.186802,154.823560,79.624194
377.186934,154.823560,79.625480
377.187005,154.823560,79.649019
377.187064,154.823560,79.659998
377.187148,154.823560,79.663784
377.187186,154.823560,79.668531
377.187248,154.823560,79.673197
377.187370,154.823560,79.676222
377.187424,154.823560,79.680960
377.187476,154.823560,79.685405
377.187541,154.823560,79.687862
377.187611,154.823560,79.694680
377.187687,154.823560,79.701392
377.187742,154.823560,79.703248
377.187800,154.823560,79.703942
377.187874,154.823560,79.707099
377.187925,154.823560,79.708386
377.187975,154.823560,79.712066
377.188043,154.823560,79.722947
377.188115,154.823560,79.734194
377.188171,154.823560,79.735490
377.188316,154.823560,79.742166
377.188375,154.823560,79.750187
377.188447,154.823560,79.753176
377.188486,154.823560,79.755798
377.188526,154.823560,79.766152
377.188604,154.823560,79.771205
377.188677,154.823560,79.783456
377.188718,154.823560,79.786472
377.188777,154.823560,79.790499
377.188881,154.823560,79.793342
377.188998,154.823560,79.795707
377.189060,154.823560,79.796165
377.189106,154.823560,79.801974
377.189153,154.823560,79.816088
377.189212,154.823560,79.817552
377.189260,154.823560,79.818456
377.189306,154.823560,79.818797
377.189375,154.823560,79.820912
377.189422,154.823560,79.824125
377.189488,154.823560,79.826670
377.189613,154.823560,79.833944
377.189686,154.823560,79.835333
377.189759,154.823560,79.849728
377.189816,154.823560,79.861634
377.189876,154.823560,79.862971
377.189940,154.823560,79.863070
377.190001,154.823560,79.864989
377.190046,154.823560,79.865320
377.190102,154.823560,79.866858
377.190157,154.823560,79.868648
377.190196,154.823560,79.868763
377.190346,154.823560,79.874930
377.190419,154.823560,79.880499
377.190479,154.823560,79.883458
377.190544,154.823560,79.887266
377.190595,154.823560,79.901998
377.190723,154.823560,79.921790
377.190777,154.823560,79.926387
377.190851,154.823560,79.932555
377.190936,154.823560,79.933418
377.191075,154.823560,79.934646
377.191145,154.823560,79.934694
377.191191,154.823560,79.941592
377.191228,154.823560,79.988419
377.191291,154.823560,79.989813
377.191360,154.823560,79.996066
377.191433,154.823560,79.999771
377.191496,154.823560,80.002459
377.191574,154.823560,80.005712
377.191624,154.823560,80.006158
377.191675,154.823560,80.008504
377.191749,154.823560,80.008902
377.191871,154.823560,80.012955
377.191923,154.823560,80.013234
377.191977,154.823560,80.013552
377.192022,154.823560,80.016696
377.192073,154.823560,80.021118
377.192129,154.823560,80.028248
377.192245,154.823560,80.033891
377.192287,154.823560,80.037453
377.192337,154.823560,80.038864
377.192383,154.823560,80.040869
377.192513,154.823560,80.043587
377.192558,154.823560,80.047109
377.192605,154.823560,80.047358
377.192733,154.823560,80.052661
377.192798,154.823560,80.066693
377.192859,154.823560,80.069606
377.192937,154.823560,80.081141
377.193240,154.823560,80.084027
377.193308,154.823560,80.089616
377.193371,154.823560,80.090912
377.193433,154.823560,80.096389
377.193515,154.823560,80.103251
377.193552,154.823560,80.105578
377.193604,154.823560,80.114664
377.193643,154.823560,80.131222
377.193692,154.823560,80.132256
377.193734,154.823560,80.139206
377.193777,154.823560,80.142786
377.193852,154.823560,80.148403
377.193904,154.823560,80.149006
377.193940,154.823560,80.150893
377.194084,154.823560,80.156485
377.194147,154.823560,80.157030
377.194188,154.823560,80.161234
377.194227,154.823560,80.162600
377.194286,154.823560,80.165453
377.194403,154.823560,80.168109
377.194453,154.823560,80.170608
377.194493,154.823560,80.172542
377.194572,154.823560,80.188680
377.194654,154.823560,80.194027
377.194702,154.823560,80.203123
377.194773,154.823560,80.210734
377.194836,154.823560,80.211840
377.194884,154.823560,80.213091
377.194930,154.823560,80.216218
377.194974,154.823560,80.216590
377.195055,154.823560,80.220045
377.195125,154.823560,80.221272
377.195171,154.823560,80.224112
377.195217,154.823560,80.226837
377.195383,154.823560,80.228027
377.195463,154.823560,80.241634
377.195516,154.823560,80.244235
377.195595,154.823560,80.244613
377.195638,154.823560,80.249683
377.195685,154.823560,80.253453
377.195745,154.823560,80.272349
377.195825,154.823560,80.273995
377.195871,154.823560,80.274238
377.195935,154.823560,80.275450
377.196002,154.823560,80.280907
377.196087,154.823560,80.281733
377.196148,154.823560,80.303232
377.196196,154.823560,80.305781
377.196246,154.823560,80.309453
377.196290,154.823560,80.311378
377.196343,154.823560,76.884824
377.196387,154.823560,80.315456
377.196446,154.823560,80.336496
377.196530,154.823560,80.340424
377.196568,154.823560,80.344051
377.196634,154.823560,80.346424
377.196712,154.823560,80.348267
377.196756,154.823560,80.354098
377.196798,154.823560,80.365262
377.196861,154.823560,80.371739
377.196997,154.823560,80.388280
377.197072,154.823560,80.389739
377.197140,154.823560,80.392864
377.197248,154.823560,80.399992
377.197311,154.823560,80.401213
377.197425,154.823560,80.402091
377.197492,154.823560,80.410874
377.197560,154.823560,80.411891
377.197607,154.823560,80.417858
377.197680,154.823560,80.418902
377.197737,154.823560,80.421667
377.197806,154.823560,80.422582
377.197867,154.823560,80.429882
377.197935,154.823560,80.431739
377.198054,154.823560,80.437731
377.198100,154.823560,80.439986
377.198191,154.823560,80.445294
377.198254,154.823560,80.454472
377.198298,154.823560,80.457560
377.198437,154.823560,80.462558
377.198491,154.823560,80.468782
377.198607,154.823560,80.476165
377.198675,154.823560,80.476749
377.198765,154.823560,80.477966
377.198817,154.823560,80.479173
377.198878,154.823560,80.481728
377.198933,154.823560,80.482616
377.199028,154.823560,80.498051
377.199077,154.823560,80.499570
377.199134,154.823560,80.505029
377.199172,154.823560,80.506910
377.199241,154.823560,80.507370
377.199343,154.823560,80.509451
377.199391,154.823560,80.516432
377.199452,154.823560,80.527418
377.199500,154.823560,80.534712
377.199547,154.823560,80.534842
377.199601,154.823560,80.546920
377.199648,154.823560,80.557328
377.199693,154.823560,80.564328
377.199738,154.823560,80.564754
377.199790,154.823560,80.590283
377.199867,154.823560,80.596914
377.199932,154.823560,80.598475
377.200010,154.823560,80.599075
377.200099,154.823560,80.604438
377.200164,154.823560,80.616936
377.200239,154.823560,80.618499
377.200306,154.823560,80.619496
377.200368,154.823560,80.630187
377.200442,154.823560,80.636173
377.200529,154.823560,80.636464
377.200572,154.823560,80.642008
377.200689,154.823560,80.642882
377.200743,154.823560,80.644346
377.200815,154.823560,80.652344
377.200880,154.823560,80.657653
377.200938,154.823560,80.663906
377.201004,154.823560,80.668107
377.201055,154.823560,80.669256
377.201103,154.823560,80.669398
377.201146,154.823560,80.671725
377.201198,154.823560,80.672520
377.201246,154.823560,80.685651
377.201286,154.823560,80.690856
377.201327,154.823560,80.692189
377.201509,154.823560,80.700410
377.201562,154.823560,80.701373
377.201629,154.823560,80.705760
377.201674,154.823560,80.710627
377.201738,154.823560,80.713003
377.201888,154.823560,80.716962
377.201943,154.823560,80.723894
377.202014,154.823560,80.724675
377.202155,154.823560,80.728907
377.202209,154.823560,80.730048
377.202335,154.823560,80.732203
377.202397,154.823560,80.746613
377.202527,154.823560,80.763261
377.202567,154.823560,80.766146
377.202655,154.823560,80.776934
377.202699,154.823560,80.778565
377.202791,154.823560,80.780328
377.202859,154.823560,80.780368
377.202908,154.823560,80.782728
377.202954,154.823560,80.782843
377.203017,154.823560,80.785520
377.203060,154.823560,80.790368
377.203115,154.823560,80.792747
377.203192,154.823560,80.792784
377.203264,154.823560,80.796376
377.203307,154.823560,80.802954
377.203359,154.823560,80.806493
377.203409,154.823560,80.812576
377.203479,154.823560,80.823478
377.203520,154.823560,80.824928
377.203590,154.823560,80.828288
377.203659,154.823560,67.162272
377.203705,154.823560,80.828531
377.203840,154.823560,80.834434
377.203900,154.823560,80.838915
377.203965,154.823560,80.841963
377.204030,154.823560,80.847035
377.204127,154.823560,80.848416
377.204190,154.823560,80.856256
377.204249,154.823560,80.872954
377.204325,154.823560,80.884218
377.204398,154.823560,80.889078
377.204471,154.823560,80.889629
377.204673,154.823560,80.894706
377.204719,154.823560,80.898549
377.204792,154.823560,80.899002
377.204856,154.823560,80.899586
377.204916,154.823560,80.900120
377.204979,154.823560,80.900888
377.205044,154.823560,80.912429
377.205094,154.823560,80.912453
377.205153,154.823560,80.917555
377.205277,154.823560,80.922880
377.205338,154.823560,80.930206
377.205408,154.823560,80.932586
377.205491,154.823560,80.933291
377.205559,154.823560,80.937934
377.205622,154.823560,80.941800
377.205691,154.823560,80.942150
377.205751,154.823560,80.945272
377.205811,154.823560,80.954360
377.205857,154.823560,80.960326
377.205898,154.823560,80.973078
377.205962,154.823560,80.973651
377.206024,154.823560,80.975891
377.206092,154.823560,80.976715
377.206144,154.823560,80.977512
377.206206,154.823560,80.982328
377.206246,154.823560,80.987632
377.206386,154.823560,80.991654
377.206449,154.823560,81.003981
377.206493,154.823560,81.009979
377.206552,154.823560,81.014790
377.206625,154.823560,81.016107
377.206685,154.823560,81.016282
377.206730,154.823560,81.016333
377.206817,154.823560,81.018216
377.206903,154.823560,81.019750
377.206952,154.823560,81.033571
377.206996,154.823560,81.038992
377.207037,154.823560,81.045898
377.207195,154.823560,81.052344
377.207258,154.823560,69.165936
377.207303,154.823560,81.056408
377.207351,154.823560,81.061349
377.207643,154.823560,81.063251
377.207700,154.823560,81.063659
377.207771,154.823560,81.065573
377.207817,154.823560,81.066443
377.207864,154.823560,81.072288
377.207926,154.823560,81.073856
377.208011,154.823560,81.074923
377.208155,154.823560,81.075784
377.208231,154.823560,81.083360
377.208292,154.823560,81.086488
377.208418,154.823560,81.092613
377.208474,154.823560,81.093968
377.208611,154.823560,81.105325
377.208684,154.823560,81.108488
377.208725,154.823560,81.108845
377.208816,154.823560,81.111851
377.208943,154.823560,81.114910
377.208994,154.823560,81.116104
377.209116,154.823560,81.119544
377.209194,154.823560,81.122622
377.209255,154.823560,81.124210
377.209307,154.823560,81.129221
377.209367,154.823560,81.145410
377.209426,154.823560,81.146526
377.209486,154.823560,81.147845
377.209543,154.823560,81.151973
377.209590,154.823560,81.153893
377.209662,154.823560,81.154915
377.209797,154.823560,81.155616
377.209905,154.823560,81.158253
377.209956,154.823560,81.167448
377.210045,154.823560,81.169450
377.210170,154.823560,81.173613
377.210289,154.823560,81.213696
377.210359,154.823560,81.225790
377.210415,154.823560,81.244496
377.210491,154.823560,81.270733
377.210558,154.823560,81.284939
377.210600,154.823560,81.290968
377.210648,154.823560,81.291528
377.210697,154.823560,81.295790
377.210751,154.823560,81.302768
377.210807,154.823560,81.310576
377.210876,154.823560,81.315579
377.211022,154.823560,81.317542
377.211068,154.823560,81.324667
377.211179,154.823560,81.324918
377.211250,154.823560,81.325946
377.211331,154.823560,81.330354
377.211444,154.823560,81.333842
377.211492,154.823560,81.335266
377.211542,154.823560,81.337270
377.211614,154.823560,81.340392
377.211699,154.823560,81.348685
377.211758,154.823560,81.349517
377.211930,154.823560,81.352782
377.212052,154.823560,81.358056
377.212122,154.823560,81.363858
377.212171,154.823560,81.364752
377.212254,154.823560,81.374187
377.212319,154.823560,81.381298
377.212364,154.823560,81.382280
377.212423,154.823560,81.390091
377.212475,154.823560,81.399787
377.212692,154.823560,81.407584
377.212754,154.823560,81.409899
377.212804,154.823560,81.416387
377.212943,154.823560,81.422120
377.212987,154.823560,81.423086
377.213026,154.823560,81.432502
377.213078,154.823560,81.442923
377.213126,154.823560,81.445629
377.213168,154.823560,81.449122
377.213294,154.823560,81.450840
377.213346,154.823560,81.458024
377.213397,154.823560,81.465547
377.213448,154.823560,81.470571
377.213594,154.823560,81.476051
377.213666,154.823560,81.486088
377.213708,154.823560,81.488328
377.213807,154.823560,81.491114
377.213876,154.823560,81.495179
377.213927,154.823560,81.495928
377.213989,154.823560,81.496280
377.214058,154.823560,81.503125
377.214112,154.823560,81.503971
377.214156,154.823560,81.504957
377.214209,154.823560,81.511870
377.214264,154.823560,81.515072
377.214308,154.823560,81.517062
377.214394,154.823560,81.518432
377.214440,154.823560,81.518710
377.214487,154.823560,81.524366
377.214535,154.823560,81.527414
377.214704,154.823560,81.532691
377.214779,154.823560,81.532830
377.214916,154.823560,81.536530
377.214962,154.823560,81.537893
377.215010,154.823560,81.543366
377.215236,154.823560,81.550334
377.215300,154.823560,81.552907
377.215385,154.823560,81.559686
377.215457,154.823560,81.566299
377.215537,154.823560,81.574200
377.215602,154.823560,81.586794
377.215664,154.823560,81.587898
377.215738,154.823560,81.590978
377.215795,154.823560,81.593453
377.215863,154.823560,81.595245
377.215917,154.823560,81.597784
377.215960,154.823560,81.601272
377.216022,154.823560,81.608624
377.216134,154.823560,81.608734
377.216197,154.823560,81.626003
377.216273,154.823560,81.633112
377.216331,154.823560,81.637651
377.216385,154.823560,81.646270
377.216438,154.823560,81.647800
377.216572,154.823560,81.654560
377.216628,154.823560,81.654997
377.216705,154.823560,81.662875
377.216754,154.823560,81.680333
377.216805,154.823560,81.689928
377.216870,154.823560,81.693570
377.216931,154.823560,81.702114
377.217019,154.823560,81.707434
377.217073,154.823560,81.707776
377.217117,154.823560,81.707888
377.217181,154.823560,81.714811
377.217247,154.823560,81.720469
377.217313,154.823560,81.723547
377.217385,154.823560,81.725328
377.217452,154.823560,81.726294
377.217521,154.823560,81.728066
377.217589,154.823560,81.734963
377.217630,154.823560,81.740691
377.217686,154.823560,81.741024
377.217810,154.823560,81.741112
377.217899,154.823560,81.753976
377.217959,154.823560,81.758107
377.218012,154.823560,81.762038
377.218159,154.823560,81.763442
377.218211,154.823560,81.766328
377.218325,154.823560,81.768086
377.218408,154.823560,81.772632
377.218477,154.823560,81.775896
377.218525,154.823560,81.776051
377.218592,154.823560,81.776685
377.218647,154.823560,81.778728
377.218690,154.823560,81.779181
377.218748,154.823560,81.780726
377.218816,154.823560,81.782840
377.218947,154.823560,81.782957
377.219025,154.823560,81.802563
377.219132,154.823560,81.805034
377.219292,154.823560,81.809005
377.219367,154.823560,81.809992
377.219417,154.823560,81.811363
377.219563,154.823560,81.813528
377.219624,154.823560,81.820528
377.219671,154.823560,81.820581
377.219739,154.823560,81.824112
377.219791,154.823560,81.826773
377.219855,154.823560,81.828288
377.219925,154.823560,81.830264
377.220004,154.823560,81.832798
377.220151,154.823560,81.833334
377.220287,154.823560,81.834992
377.220342,154.823560,81.840259
377.220461,154.823560,81.846038
377.220510,154.823560,81.846856
377.220581,154.823560,81.848171
377.220650,154.823560,81.854634
377.220716,154.823560,81.860000
377.220765,154.823560,81.861867
377.220828,154.823560,81.864944
377.220890,154.823560,81.865760
377.220940,154.823560,81.866032
377.221004,154.823560,81.872558
377.221067,154.823560,81.874213
377.221115,154.823560,81.887240
377.221174,154.823560,81.889560
377.221240,154.823560,81.895902
377.221295,154.823560,81.897690
377.221345,154.823560,81.898504
377.221411,154.823560,81.901872
377.221476,154.823560,81.902094
377.221543,154.823560,81.907318
377.221607,154.823560,81.908254
377.221662,154.823560,81.908632
377.221726,154.823560,81.910061
377.221806,154.823560,81.916850
377.221850,154.823560,81.920493
377.221901,154.823560,81.927554
377.221941,154.823560,81.935272
377.222077,154.823560,81.944158
377.222308,154.823560,81.951346
377.222386,154.823560,81.954451
377.222444,154.823560,81.956350
377.222490,154.823560,81.958018
377.222540,154.823560,81.970280
377.222626,154.823560,81.970296
377.222710,154.823560,81.970486
377.222773,154.823560,81.989104
377.222890,154.823560,81.991718
377.222954,154.823560,82.002619
377.223015,154.823560,82.007531
377.223080,154.823560,82.009275
377.223136,154.823560,82.010734
377.223192,154.823560,82.013814
377.223249,154.823560,82.021322
377.223290,154.823560,82.027843
377.223344,154.823560,82.030291
377.223412,154.823560,82.035427
377.223471,154.823560,82.045301
377.223549,154.823560,82.051832
377.223613,154.823560,82.057106
377.223695,154.823560,82.073651
377.223754,154.823560,82.073723
377.223805,154.823560,82.083882
377.223850,154.823560,82.090736
377.223912,154.823560,82.091893
377.223972,154.823560,82.097368
377.224038,154.823560,82.097560
377.224106,154.823560,82.102694
377.224158,154.823560,82.103170
377.224211,154.823560,82.106994
377.224279,154.823560,82.109528
377.224411,154.823560,82.112547
377.224485,154.823560,82.121376
377.224549,154.823560,82.126078
377.224610,154.823560,82.126102
377.224687,154.823560,82.127176
377.224752,154.823560,82.137203
377.224813,154.823560,82.146648
377.224887,154.823560,82.160413
377.224943,154.823560,82.161339
377.224988,154.823560,82.161923
377.225033,154.823560,82.163528
377.225090,154.823560,82.167933
377.225222,154.823560,82.183395
377.225276,154.823560,82.192107
377.225340,154.823560,82.198405
377.225419,154.823560,82.199669
377.225466,154.823560,82.204339
377.225597,154.823560,82.210627
377.225663,154.823560,82.215662
377.225735,154.823560,82.228531
377.225867,154.823560,82.229011
377.225933,154.823560,82.229173
377.226058,154.823560,82.232867
377.226117,154.823560,82.241621
377.226184,154.823560,82.246019
377.226241,154.823560,82.261483
377.226302,154.823560,82.263104
377.226364,154.823560,82.266245
377.226444,154.823560,82.270174
377.226493,154.823560,82.280331
377.226536,154.823560,82.280478
377.226593,154.823560,82.281978
377.226668,154.823560,82.288091
377.226748,154.823560,82.290515
377.226795,154.823560,82.297264
377.226865,154.823560,82.302560
377.227074,154.823560,82.306800
377.227138,154.823560,82.308883
377.227207,154.823560,82.322832
377.227258,154.823560,82.326648
377.227304,154.823560,82.328536
377.227355,154.823560,82.331488
377.227402,154.823560,82.333242
377.227457,154.823560,82.334616
377.227593,154.823560,82.335451
377.227655,154.823560,82.335947
377.227720,154.823560,82.337934
377.227767,154.823560,82.343379
377.228008,154.823560,82.349400
377.228070,154.823560,82.349470
377.228125,154.823560,82.349645
377.228173,154.823560,82.357550
377.228294,154.823560,82.359117
377.228356,154.823560,82.359597
377.228402,154.823560,82.361352
377.228474,154.823560,82.365416
377.228527,154.823560,82.366131
377.228595,154.823560,82.370040
377.228646,154.823560,82.370910
377.228697,154.823560,82.372304
377.228824,154.823560,82.377288
377.228868,154.823560,82.377445
377.228942,154.823560,82.380525
377.229030,154.823560,82.381368
377.229124,154.823560,82.381488
377.229177,154.823560,82.387590
377.229237,154.823560,82.392773
377.229286,154.823560,82.394150
377.229349,154.823560,82.398211
377.229394,154.823560,82.398763
377.229451,154.823560,82.401555
377.229512,154.823560,82.407002
377.229568,154.823560,82.414413
377.229626,154.823560,82.420096
377.229688,154.823560,82.421112
377.229754,154.823560,82.426243
377.229830,154.823560,82.426520
377.229899,154.823560,82.426894
377.229966,154.823560,82.431787
377.230058,154.823560,82.444158
377.230101,154.823560,82.445872
377.230175,154.823560,82.453227
377.230223,154.823560,82.457363
377.230293,154.823560,82.458038
377.230348,154.823560,82.462475
377.230475,154.823560,82.463659
377.230532,154.823560,82.473704
377.230602,154.823560,82.477680
377.230678,154.823560,82.478038
377.230746,154.823560,82.494584
377.230823,154.823560,82.496560
377.230874,154.823560,82.501064
377.230939,154.823560,82.505029
377.230988,154.823560,82.512579
377.231044,154.823560,82.515851
377.231173,154.823560,82.525554
377.231249,154.823560,82.537714
377.231341,154.823560,82.537893
377.231388,154.823560,82.539590
377.231444,154.823560,82.545056
377.231491,154.823560,82.550848
377.231609,154.823560,82.560040
377.231680,154.823560,82.560880
377.231738,154.823560,82.561442
377.231811,154.823560,82.565509
377.231980,154.823560,82.565658
377.232026,154.823560,82.577971
377.232098,154.823560,82.582954
377.272527,154.823560,81.052336
377.272543,154.823560,82.582954
377.273094,154.823560,82.434437
377.273111,154.823560,82.582954
377.289420,154.823560,71.384496
377.289437,154.823560,82.582954
377.353080,154.823560,65.130757
377.353084,154.823560,82.582954
377.381477,154.823560,80.577429
377.381481,154.823560,82.582954
377.381554,154.823560,79.801622
377.381558,154.823560,82.582954
377.401195,154.823560,79.118992
377.401198,154.823560,82.582954
377.401304,154.823560,81.120958
377.401307,154.823560,82.582954
377.494380,154.823560,78.641547
377.494383,154.823560,82.582954
377.502737,154.823560,81.878304
377.502740,154.823560,82.582954
377.504707,154.823560,82.541053
377.504737,154.823560,82.582954
377.523079,154.823560,81.994003
377.523163,154.823560,82.582954
377.545044,154.823560,74.354088
377.545058,154.823560,82.582954
377.615964,154.823560,67.518376
377.615967,154.823560,82.582954
377.616032,154.823560,82.280547
377.616035,154.823560,82.582954
377.618402,154.823560,73.082517
377.618405,154.823560,82.582954
377.664499,154.823560,79.490040
377.664618,154.823560,82.582954
377.664705,154.823560,76.770328
377.664812,154.823560,80.119072
377.664823,154.823560,82.050979
377.664907,154.823560,82.582954
377.695586,154.823560,78.923798
377.695588,154.823560,82.582954
377.731688,154.823560,73.160440
377.731691,154.823560,82.582954
377.734378,154.823560,82.593947
377.734417,154.823560,82.599024
377.734444,154.823560,82.621242
377.734487,154.823560,82.622506
377.734515,154.823560,82.632202
377.734563,154.823560,82.635288
377.734605,154.823560,82.637200
377.734628,154.823560,82.648885
377.734671,154.823560,82.675907
377.734751,154.823560,82.689082
377.734783,154.823560,82.707054
377.734811,154.823560,82.718410
377.734919,154.823560,82.720099
377.735012,154.823560,82.721322
377.735051,154.823560,82.729115
377.735121,154.823560,82.730197
377.735215,154.823560,82.731720
377.735251,154.823560,82.743840
377.735295,154.823560,82.755013
377.735377,154.823560,82.768363
377.735448,154.823560,82.772437
377.735494,154.823560,82.782434
377.735522,154.823560,82.789589
377.735624,154.823560,82.800282
377.735663,154.823560,82.817150
377.735692,154.823560,82.827027
377.735751,154.823560,82.827896
377.735772,154.823560,82.854410
377.735833,154.823560,82.855318
377.735899,154.823560,82.856890
377.735940,154.823560,82.886507
377.735985,154.823560,82.890170
377.736052,154.823560,82.896005
377.736130,154.823560,82.932312
377.736170,154.823560,82.932888
377.736213,154.823560,82.942514
377.736262,154.823560,82.948390
377.736287,154.823560,82.976002
377.736357,154.823560,82.990426
377.736407,154.823560,83.024322
377.736520,154.823560,83.038978
377.736544,154.823560,83.048378
377.736586,154.823560,83.049658
377.736608,154.823560,83.054179
377.736681,154.823560,83.055038
377.736731,154.823560,83.062790
377.736789,154.823560,83.069181
377.736810,154.823560,83.092573
377.736876,154.823560,83.095344
377.736935,154.823560,83.102114
377.736973,154.823560,83.116907
377.737002,154.823560,83.121874
377.737030,154.823560,83.122232
377.737069,154.823560,83.164832
377.737108,154.823560,83.187768
377.737129,154.823560,83.194051
377.737189,154.823560,83.233051
377.737288,154.823560,83.233190
377.737309,154.823560,83.235374
377.737392,154.823560,83.243434
377.737486,154.823560,83.256933
377.737525,154.823560,83.265810
377.737547,154.823560,83.277246
377.737607,154.823560,83.280480
377.737691,154.823560,83.284310
377.737742,154.823560,83.298843
377.737774,154.823560,83.300170
377.737825,154.823560,83.303712
377.737848,154.823560,83.307024
377.737875,154.823560,83.309864
377.737901,154.823560,83.330949
377.737945,154.823560,83.335131
377.737989,154.823560,83.343259
377.738012,154.823560,83.364965
377.738132,154.823560,83.372931
377.738188,154.823560,83.386630
377.738236,154.823560,83.399720
377.738295,154.823560,83.403942
377.738330,154.823560,83.412963
377.738355,154.823560,83.423645
377.738385,154.823560,83.426253
377.738433,154.823560,83.426770
377.738482,154.823560,83.441742
377.738551,154.823560,83.447634
377.738579,154.823560,83.457491
377.738636,154.823560,83.461814
377.738662,154.823560,83.471214
377.738688,154.823560,83.480174
377.738729,154.823560,83.480962
377.738757,154.823560,83.485179
377.738796,154.823560,83.491531
377.738839,154.823560,83.513440
377.738880,154.823560,83.515790
377.738898,154.823560,83.537827
377.738944,154.823560,83.544710
377.738973,154.823560,83.545522
377.739009,154.823560,83.551942
377.739043,154.823560,83.554483
377.739069,154.823560,83.562429
377.739111,154.823560,83.575186
377.739175,154.823560,83.575531
377.739216,154.823560,83.577168
377.739241,154.823560,83.579032
377.739321,154.823560,83.585963
377.739404,154.823560,83.599525
377.739462,154.823560,83.602555
377.739508,154.823560,83.609144
377.739553,154.823560,83.616888
377.739614,154.823560,83.625493
377.739724,154.823560,83.629256
377.739765,154.823560,83.644275
377.739830,154.823560,83.667389
377.739874,154.823560,83.674853
377.739987,154.823560,83.676600
377.740010,154.823560,83.680130
377.740061,154.823560,83.695299
377.740162,154.823560,83.698158
377.740245,154.823560,83.710811
377.740325,154.823560,83.715653
377.740379,154.823560,83.734395
377.740428,154.823560,83.747870
377.740453,154.823560,83.765613
377.740559,154.823560,83.787802
377.740683,154.823560,83.806882
377.740710,154.823560,83.817958
377.740753,154.823560,83.823464
377.740798,154.823560,83.826779
377.740836,154.823560,83.846976
377.740903,154.823560,83.849090
377.740944,154.823560,83.857653
377.740996,154.823560,83.942173
377.741039,154.823560,83.962581
377.741071,154.823560,83.981552
377.741134,154.823560,84.000658
377.741204,154.823560,84.013558
377.741264,154.823560,84.013675
377.741308,154.823560,84.014331
377.741361,154.823560,84.019789
377.741414,154.823560,84.022362
377.741469,154.823560,84.028958
377.741547,154.823560,84.029200
377.741627,154.823560,84.031856
377.741677,154.823560,84.038547
377.741727,154.823560,84.048840
377.741754,154.823560,84.052093
377.741779,154.823560,84.085896
377.741806,154.823560,84.087229
377.741858,154.823560,84.091387
377.741904,154.823560,84.113802
377.741933,154.823560,84.133693
377.741984,154.823560,84.160563
377.742023,154.823560,84.164960
377.742097,154.823560,84.173400
377.742141,154.823560,84.188450
377.742207,154.823560,84.190408
377.742250,154.823560,84.210867
377.742284,154.823560,77.485179
377.742313,154.823560,84.229718
377.742341,154.823560,84.232219
377.742382,154.823560,84.234720
377.742446,154.823560,84.247350
377.742495,154.823560,84.250035
377.742539,154.823560,84.257901
377.742648,154.823560,84.268523
377.742809,154.823560,84.268982
377.742881,154.823560,84.284651
377.742936,154.823560,84.284802
377.743001,154.823560,84.291038
377.743053,154.823560,84.297163
377.743103,154.823560,84.312014
377.743166,154.823560,84.321666
377.743232,154.823560,84.339584
377.743281,154.823560,84.358336
377.743314,154.823560,84.369998
377.743398,154.823560,84.375936
377.743452,154.823560,84.385867
377.743516,154.823560,84.417952
377.743559,154.823560,84.420989
377.743593,154.823560,84.421486
377.743697,154.823560,84.429240
377.743722,154.823560,84.440147
377.743752,154.823560,84.442626
377.743798,154.823560,84.457904
377.743819,154.823560,84.465773
377.743868,154.823560,84.472661
377.743916,154.823560,84.531685
377.743981,154.823560,84.573088
377.744011,154.823560,84.591978
377.744066,154.823560,84.598243
377.744109,154.823560,84.613734
377.744150,154.823560,84.631458
377.744202,154.823560,84.639627
377.744259,154.823560,84.646304
377.744305,154.823560,84.648792
377.744367,154.823560,84.668526
377.744415,154.823560,84.680738
377.744483,154.823560,84.685139
377.744552,154.823560,84.686443
377.744609,154.823560,84.691819
377.744658,154.823560,84.700994
377.744686,154.823560,84.707638
377.744734,154.823560,84.720000
377.744777,154.823560,84.723070
377.744803,154.823560,84.776813
377.744834,154.823560,84.798838
377.744886,154.823560,84.819458
377.744932,154.823560,84.824922
377.744960,154.823560,84.843826
377.744996,154.823560,84.848419
377.745094,154.823560,84.864848
377.745230,154.823560,84.869982
377.745339,154.823560,84.888610
377.745381,154.823560,84.895498
377.745423,154.823560,84.908293
377.745452,154.823560,84.913440
377.745481,154.823560,84.931570
377.745510,154.823560,84.937742
377.745541,154.823560,84.950523
377.745571,154.823560,84.954522
377.745615,154.823560,84.999082
377.745667,154.823560,85.017077
377.745735,154.823560,85.024370
377.745782,154.823560,85.054507
377.745830,154.823560,85.071822
377.745857,154.823560,85.078702
377.745903,154.823560,85.083765
377.745929,154.823560,85.113696
377.746004,154.823560,85.124742
377.746050,154.823560,85.136629
377.746166,154.823560,85.145675
377.746210,154.823560,85.162773
377.746336,154.823560,85.180013
377.746392,154.823560,85.190202
377.746486,154.823560,85.212931
377.746518,154.823560,85.226821
377.746559,154.823560,85.228005
377.746625,154.823560,85.250150
377.746707,154.823560,85.255678
377.746756,154.823560,85.258339
377.746804,154.823560,85.272810
377.746831,154.823560,85.281821
377.746905,154.823560,85.282152
377.746951,154.823560,85.292338
377.747005,154.823560,85.297686
377.747054,154.823560,85.298216
377.747116,154.823560,85.307770
377.747166,154.823560,85.316774
377.747211,154.823560,85.359024
377.747235,154.823560,85.395784
377.747311,154.823560,85.396282
377.747359,154.823560,85.414960
377.747387,154.823560,85.432483
377.747423,154.823560,85.453354
377.747448,154.823560,85.466947
377.747517,154.823560,85.480203
377.747559,154.823560,85.487784
377.747589,154.823560,85.494515
377.747638,154.823560,85.500184
377.747683,154.823560,85.500813
377.747732,154.823560,85.504494
377.747786,154.823560,85.512685
377.747881,154.823560,85.558486
377.747981,154.823560,85.562448
377.748031,154.823560,85.567742
377.748073,154.823560,85.579181
377.748104,154.823560,85.617859
377.748136,154.823560,85.621902
377.748187,154.823560,85.629250
377.748228,154.823560,85.629910
377.748276,154.823560,85.633899
377.748406,154.823560,85.639642
377.748520,154.823560,85.641347
377.748564,154.823560,85.645397
377.748613,154.823560,85.646432
377.748714,154.823560,85.650554
377.748760,154.823560,85.650842
377.748792,154.823560,85.661112
377.748822,154.823560,85.677368
377.748873,154.823560,85.681176
377.748917,154.823560,85.690952
377.748970,154.823560,85.699414
377.749064,154.823560,85.713144
377.749110,154.823560,85.722291
377.749157,154.823560,85.732171
377.749209,154.823560,85.738496
377.749237,154.823560,85.745816
377.749282,154.823560,85.746210
377.749349,154.823560,85.791834
377.749401,154.823560,85.827179
377.749459,154.823560,85.853491
377.749485,154.823560,85.874202
377.749544,154.823560,85.876190
377.749570,154.823560,85.884093
377.749641,154.823560,85.887731
377.749698,154.823560,85.917912
377.749739,154.823560,85.935522
377.749830,154.823560,85.945301
377.749890,154.823560,85.954157
377.749920,154.823560,85.960074
377.750015,154.823560,85.970470
377.750052,154.823560,85.983522
377.750166,154.823560,85.999187
377.750193,154.823560,86.002557
377.750255,154.823560,86.037123
377.750314,154.823560,86.043664
377.750433,154.823560,86.046984
377.750482,154.823560,86.049048
377.750542,154.823560,86.058227
377.750574,154.823560,86.065467
377.750670,154.823560,86.073091
377.750779,154.823560,86.073678
377.750830,154.823560,86.079158
377.750872,154.823560,86.081926
377.750953,154.823560,86.090997
377.751083,154.823560,86.091539
377.751110,154.823560,86.095392
377.751165,154.823560,86.102480
377.751207,154.823560,86.117798
377.751247,154.823560,86.129157
377.751297,154.823560,86.132579
377.751343,154.823560,86.145128
377.751391,154.823560,86.146338
377.751453,154.823560,86.147424
377.751485,154.823560,86.150947
377.751514,154.823560,86.156797
377.751626,154.823560,86.158285
377.751752,154.823560,86.158450
377.751797,154.823560,86.180251
377.751828,154.823560,86.206253
377.751862,154.823560,86.207382
377.751956,154.823560,86.213669
377.752224,154.823560,86.219819
377.752293,154.823560,86.231168
377.752418,154.823560,86.238834
377.752464,154.823560,86.242117
377.752594,154.823560,86.253941
377.752723,154.823560,86.254992
377.752758,154.823560,86.255003
377.752819,154.823560,86.256501
377.752913,154.823560,86.274114
377.752946,154.823560,86.280701
377.753045,154.823560,86.288008
377.753098,154.823560,86.310568
377.753146,154.823560,86.319976
377.753179,154.823560,86.340909
377.753229,154.823560,86.351144
377.753272,154.823560,86.354395
377.753347,154.823560,86.365328
377.753422,154.823560,86.380416
377.753457,154.823560,86.394901
377.753486,154.823560,86.398998
377.753559,154.823560,86.420432
377.753592,154.823560,86.422024
377.753622,154.823560,86.429011
377.753663,154.823560,86.435608
377.753710,154.823560,86.437666
377.753767,154.823560,86.459645
377.753871,154.823560,86.469114
377.753912,154.823560,86.481907
377.753940,154.823560,86.498715
377.753980,154.823560,86.502006
377.754090,154.823560,86.502158
377.754144,154.823560,86.512570
377.754210,154.823560,86.513731
377.754257,154.823560,86.527957
377.754312,154.823560,86.529045
377.754405,154.823560,86.544339
377.754448,154.823560,86.555920
377.754498,154.823560,86.558019
377.754548,154.823560,86.562427
377.754614,154.823560,86.569174
377.754662,154.823560,86.581122
377.754717,154.823560,86.584170
377.754748,154.823560,86.589914
377.754800,154.823560,86.625429
377.754850,154.823560,86.628629
377.754959,154.823560,86.641582
377.755056,154.823560,86.654528
377.755106,154.823560,86.655542
377.755207,154.823560,86.661670
377.755237,154.823560,86.663602
377.755290,154.823560,86.675568
377.755327,154.823560,86.677107
377.755359,154.823560,86.683586
377.755398,154.823560,86.685405
377.755447,154.823560,86.687352
377.755509,154.823560,86.700363
377.755612,154.823560,86.707334
377.755725,154.823560,86.708162
377.755783,154.823560,86.736562
377.755819,154.823560,86.740240
377.755874,154.823560,86.766672
377.755900,154.823560,86.779214
377.755958,154.823560,86.792214
377.756068,154.823560,86.799830
377.756100,154.823560,86.812014
377.756187,154.823560,86.817738
377.756220,154.823560,86.819222
377.756271,154.823560,86.847587
377.756330,154.823560,86.871642
377.756422,154.823560,86.871789
377.756459,154.823560,86.904744
377.756488,154.823560,86.911173
377.756534,154.823560,86.919352
377.756568,154.823560,86.919707
377.756643,154.823560,86.929064
377.756750,154.823560,86.943514
377.756782,154.823560,86.947432
377.756872,154.823560,86.948574
377.756969,154.823560,86.951882
377.757016,154.823560,86.952712
377.757113,154.823560,86.969163
377.757161,154.823560,86.979070
377.757194,154.823560,86.985462
377.757246,154.823560,86.987640
377.757280,154.823560,86.996621
377.757313,154.823560,86.997253
377.757368,154.823560,87.001328
377.757404,154.823560,87.002024
377.757462,154.823560,87.015837
377.757486,154.823560,87.032800
377.757521,154.823560,87.051466
377.757597,154.823560,87.061688
377.757647,154.823560,87.062322
377.757732,154.823560,87.062429
377.757768,154.823560,87.062533
377.757800,154.823560,87.063085
377.757851,154.823560,87.065376
377.757945,154.823560,87.067506
377.757992,154.823560,87.071349
377.758068,154.823560,87.092643
377.758128,154.823560,87.093011
377.758175,154.823560,87.115746
377.758211,154.823560,87.124090
377.758244,154.823560,87.128342
377.758353,154.823560,87.142570
377.758404,154.823560,87.142850
377.758544,154.823560,87.144390
377.758610,154.823560,87.146210
377.758683,154.823560,87.167413
377.758722,154.823560,87.180429
377.758857,154.823560,87.184554
377.758923,154.823560,87.186634
377.759019,154.823560,87.203939
377.759116,154.823560,87.205539
377.759164,154.823560,87.209893
377.759216,154.823560,87.215165
377.759305,154.823560,87.220549
377.759433,154.823560,87.266998
377.759470,154.823560,87.267267
377.759502,154.823560,87.294626
377.759540,154.823560,87.300677
377.759576,154.823560,87.312333
377.759681,154.823560,87.323779
377.759712,154.823560,87.334261
377.759759,154.823560,87.336246
377.759824,154.823560,87.337986
377.759863,154.823560,87.339606
377.759918,154.823560,87.350197
377.759970,154.823560,87.350248
377.760001,154.823560,87.361451
377.760042,154.823560,87.361752
377.760077,154.823560,87.371411
377.760137,154.823560,87.387659
377.760183,154.823560,87.393464
377.760220,154.823560,87.419214
377.760277,154.823560,87.431456
377.760315,154.823560,87.435080
377.760401,154.823560,87.442166
377.760458,154.823560,87.454469
377.760515,154.823560,87.458088
377.760552,154.823560,87.465466
377.760652,154.823560,87.466723
377.760806,154.823560,87.479032
377.760906,154.823560,87.482269
377.760942,154.823560,87.484176
377.761009,154.823560,87.488427
377.761073,154.823560,87.490342
377.761107,154.823560,87.494186
377.761159,154.823560,87.496282
377.761195,154.823560,87.500048
377.761258,154.823560,87.513192
377.761289,154.823560,87.521242
377.761327,154.823560,87.521758
377.761437,154.823560,87.538582
377.761476,154.823560,87.542643
377.761515,154.823560,87.553664
377.761550,154.823560,87.553899
377.761590,154.823560,87.567534
377.761733,154.823560,87.603266
377.761784,154.823560,87.609651
377.761875,154.823560,87.621048
377.761927,154.823560,87.626198
377.761988,154.823560,87.636160
377.762020,154.823560,87.639773
377.762072,154.823560,87.655166
377.762104,154.823560,87.657078
377.762158,154.823560,87.670464
377.762195,154.823560,87.679059
377.762240,154.823560,87.684438
377.762281,154.823560,87.685339
377.762373,154.823560,87.701291
377.762412,154.823560,87.706248
377.762476,154.823560,87.723472
377.762521,154.823560,87.729173
377.762595,154.823560,87.735782
377.762622,154.823560,87.746616
377.762654,154.823560,87.746744
377.762750,154.823560,87.747784
377.762797,154.823560,87.759443
377.762854,154.823560,87.761939
377.762889,154.823560,87.773034
377.762940,154.823560,87.789187
377.762975,154.823560,87.808318
377.763095,154.823560,87.809320
377.763182,154.823560,87.833667
377.763214,154.823560,87.868640
377.763271,154.823560,87.871426
377.763323,154.823560,87.881448
377.763362,154.823560,87.883075
377.763433,154.823560,87.883301
377.763489,154.823560,87.884027
377.763567,154.823560,87.884555
377.763629,154.823560,87.889560
377.763741,154.823560,87.891254
377.763788,154.823560,87.909710
377.763830,154.823560,87.919211
377.763883,154.823560,87.928776
377.763981,154.823560,87.942446
377.764068,154.823560,87.951882
377.764095,154.823560,87.952509
377.764131,154.823560,87.969934
377.764184,154.823560,87.994589
377.764237,154.823560,88.014280
377.764300,154.823560,88.016523
377.764338,154.823560,88.037715
377.764395,154.823560,88.044952
377.764473,154.823560,88.051466
377.764522,154.823560,88.066296
377.764570,154.823560,88.070730
377.764611,154.823560,88.071266
377.764659,154.823560,88.083602
377.764708,154.823560,88.090590
377.764799,154.823560,88.093362
377.764846,154.823560,88.098296
377.764892,154.823560,88.109880
377.764942,154.823560,88.116346
377.764976,154.823560,88.120414
377.765022,154.823560,88.129978
377.765076,154.823560,88.131254
377.765129,154.823560,88.134944
377.765165,154.823560,88.137123
377.765216,154.823560,88.139690
377.765279,154.823560,88.146542
377.765332,154.823560,88.147011
377.765377,154.823560,88.152003
377.765432,154.823560,88.161075
377.765468,154.823560,88.168144
377.765505,154.823560,88.170621
377.765536,154.823560,88.172661
377.765587,154.823560,88.173981
377.765625,154.823560,88.182280
377.765666,154.823560,88.182749
377.765799,154.823560,88.201867
377.765835,154.823560,88.216958
377.765900,154.823560,88.224430
377.765945,154.823560,88.234896
377.765987,154.823560,88.241410
377.766041,154.823560,88.250842
377.766088,154.823560,88.255590
377.766143,154.823560,88.264888
377.766184,154.823560,88.265490
377.766284,154.823560,88.276950
377.766373,154.823560,88.284075
377.766410,154.823560,88.284651
377.766502,154.823560,88.286461
377.766545,154.823560,88.306160
377.766606,154.823560,88.307392
377.766655,154.823560,88.313088
377.766710,154.823560,88.320115
377.766762,154.823560,88.324357
377.766802,154.823560,88.328520
377.766840,154.823560,88.331336
377.766881,154.823560,88.342048
377.766919,154.823560,88.358917
377.767035,154.823560,88.360746
377.767091,154.823560,88.361221
377.767148,154.823560,88.361378
377.767184,154.823560,88.369189
377.767229,154.823560,88.376498
377.767288,154.823560,88.378051
377.767346,154.823560,88.379280
377.767411,154.823560,88.393296
377.767548,154.823560,88.402459
377.767583,154.823560,88.403949
377.767636,154.823560,88.404147
377.767685,154.823560,88.414267
377.767756,154.823560,88.432403
377.767790,154.823560,88.437117
377.767840,154.823560,88.439360
377.767878,154.823560,88.468496
377.767933,154.823560,88.470875
377.767959,154.823560,88.475960
377.768020,154.823560,88.502613
377.768099,154.823560,88.517115
377.768186,154.823560,88.524861
377.768298,154.823560,88.525598
377.768347,154.823560,88.531522
377.768411,154.823560,88.539182
377.768444,154.823560,88.558202
377.768552,154.823560,88.559856
377.768587,154.823560,88.564416
377.768635,154.823560,88.571331
377.768681,154.823560,88.575086
377.768720,154.823560,88.582034
377.768821,154.823560,88.585749
377.768962,154.823560,88.591986
377.769094,154.823560,88.606358
377.769156,154.823560,88.616523
377.769222,154.823560,88.617952
377.769277,154.823560,88.624704
377.769315,154.823560,88.669728
377.769354,154.823560,88.677306
377.769442,154.823560,88.679680
377.769493,154.823560,88.687656
377.769530,154.823560,88.687723
377.769585,154.823560,88.688446
377.769699,154.823560,88.691690
377.769801,154.823560,88.715046
377.769852,154.823560,88.722642
377.769920,154.823560,88.742058
377.769957,154.823560,88.744427
377.770001,154.823560,88.751243
377.770033,154.823560,88.756523
377.770067,154.823560,88.757714
377.770123,154.823560,88.772690
377.770166,154.823560,88.780304
377.770227,154.823560,88.788658
377.770261,154.823560,88.812912
377.770311,154.823560,88.815875
377.770380,154.823560,88.817096
377.770435,154.823560,88.826786
377.770471,154.823560,88.826984
377.770503,154.823560,88.829942
377.770537,154.823560,88.832194
377.770581,154.823560,88.844371
377.770685,154.823560,88.865603
377.770725,154.823560,88.869149
377.770854,154.823560,88.876568
377.770894,154.823560,88.888427
377.770998,154.823560,88.889560
377.771044,154.823560,88.919342
377.771186,154.823560,88.934354
377.771222,154.823560,88.947698
377.771298,154.823560,88.965600
377.771364,154.823560,88.986130
377.771427,154.823560,88.988491
377.771477,154.823560,88.993394
377.771512,154.823560,89.003342
377.771582,154.823560,89.004230
377.771693,154.823560,89.017149
377.771803,154.823560,89.030450
377.771842,154.823560,89.058486
377.771901,154.823560,89.111410
377.771962,154.823560,89.137883
377.772015,154.823560,89.148867
377.772126,154.823560,89.160822
377.772171,154.823560,89.164878
377.772268,154.823560,89.169453
377.772325,154.823560,89.174782
377.772358,154.823560,72.243048
377.772384,154.823560,89.179664
377.772445,154.823560,89.187336
377.772505,154.823560,89.190683
377.772553,154.823560,89.203238
377.772587,154.823560,89.222885
377.772677,154.823560,89.225648
377.772724,154.823560,89.229125
377.772868,154.823560,89.229186
377.772903,154.823560,89.247619
377.772957,154.823560,89.259456
377.773086,154.823560,89.263021
377.773141,154.823560,89.267208
377.773199,154.823560,89.270189
377.773263,154.823560,89.275373
377.773324,154.823560,89.287656
377.773363,154.823560,89.289915
377.773427,154.823560,89.302437
377.773473,154.823560,89.317323
377.773511,154.823560,89.324739
377.773564,154.823560,89.331475
377.773619,154.823560,89.342238
377.773727,154.823560,89.354842
377.773766,154.823560,89.356546
377.773826,154.823560,89.357190
377.773861,154.823560,89.358725
377.773918,154.823560,89.364368
377.773960,154.823560,89.367984
377.773999,154.823560,89.379651
377.774040,154.823560,89.389914
377.774076,154.823560,89.395520
377.774128,154.823560,89.396464
377.774229,154.823560,89.397578
377.774299,154.823560,89.411328
377.774352,154.823560,89.424286
377.774418,154.823560,89.432339
377.774476,154.823560,89.438027
377.774532,154.823560,89.439986
377.774613,154.823560,89.450656
377.774724,154.823560,89.458466
377.774789,154.823560,89.460837
377.774877,154.823560,89.462323
377.774942,154.823560,89.465168
377.775002,154.823560,81.129955
377.775040,154.823560,86.225637
377.775078,154.823560,89.472146
377.775145,154.823560,89.475971
377.775199,154.823560,89.478038
377.775319,154.823560,89.494520
377.775381,154.823560,89.508883
377.775421,154.823560,89.516506
377.775486,154.823560,89.532707
377.775528,154.823560,89.537072
377.775577,154.823560,89.538214
377.775619,154.823560,89.553270
377.775664,154.823560,89.555315
377.775768,154.823560,89.563531
377.775889,154.823560,89.566829
377.775945,154.823560,89.591587
377.776016,154.823560,89.592290
377.776065,154.823560,89.593384
377.776106,154.823560,89.594067
377.776177,154.823560,89.602197
377.776213,154.823560,89.608709
377.776294,154.823560,89.613520
377.776328,154.823560,89.621270
377.776384,154.823560,89.622509
377.776419,154.823560,89.622754
377.776479,154.823560,89.624422
377.776582,154.823560,89.625952
377.776650,154.823560,89.627280
377.776691,154.823560,89.628483
377.776765,154.823560,89.633693
377.776830,154.823560,89.642294
377.776878,154.823560,89.645722
377.776951,154.823560,89.648981
377.777015,154.823560,89.651962
377.777157,154.823560,89.660213
377.777189,154.823560,89.673656
377.777248,154.823560,89.675616
377.777283,154.823560,89.681138
377.777344,154.823560,89.684538
377.777389,154.823560,89.685858
377.777453,154.823560,89.698210
377.777516,154.823560,89.702034
377.777549,154.823560,89.706262
377.777619,154.823560,89.707086
377.777650,154.823560,89.708405
377.777725,154.823560,89.711277
377.777763,154.823560,89.716666
377.777802,154.823560,89.717283
377.777853,154.823560,89.721293
377.777908,154.823560,89.730488
377.777966,154.823560,89.740430
377.778029,154.823560,89.747475
377.778115,154.823560,89.755757
377.778172,154.823560,89.766098
377.778222,154.823560,89.766403
377.778270,154.823560,89.767946
377.778332,154.823560,89.768712
377.778383,154.823560,89.768718
377.778551,154.823560,89.769712
377.778602,154.823560,89.774795
377.778666,154.823560,89.781562
377.778708,154.823560,89.787693
377.778752,154.823560,89.790528
377.778809,154.823560,89.813522
377.778886,154.823560,89.815550
377.779032,154.823560,89.820414
377.779097,154.823560,89.823906
377.779156,154.823560,89.842830
377.779190,154.823560,89.845672
377.779249,154.823560,89.850139
377.779284,154.823560,89.854101
377.779413,154.823560,89.860698
377.779479,154.823560,89.865547
377.779570,154.823560,89.865664
377.779607,154.823560,89.877154
377.779686,154.823560,89.883674
377.779759,154.823560,89.886126
377.779883,154.823560,89.886978
377.779926,154.823560,89.894901
377.779961,154.823560,89.916198
377.779997,154.823560,89.929355
377.780053,154.823560,89.931720
377.780095,154.823560,89.934605
377.780159,154.823560,89.941040
377.780213,154.823560,89.945752
377.780260,154.823560,89.947002
377.780304,154.823560,89.947698
377.780359,154.823560,89.948483
377.780418,154.823560,89.963222
377.780497,154.823560,89.969912
377.780556,154.823560,89.973978
377.780656,154.823560,89.976107
377.780704,154.823560,89.978322
377.780873,154.823560,89.984134
377.780916,154.823560,89.991558
377.781045,154.823560,89.996579
377.781178,154.823560,90.013445
377.781240,154.823560,90.015691
377.781284,154.823560,90.016523
377.781355,154.823560,90.024344
377.781420,154.823560,90.028856
377.781455,154.823560,90.030398
377.781515,154.823560,90.036600
377.781579,154.823560,90.038435
377.781636,154.823560,90.039830
377.781678,154.823560,90.043854
377.781749,154.823560,90.045590
377.781806,154.823560,90.051947
377.781866,154.823560,90.053867
377.781922,154.823560,90.072080
377.781977,154.823560,90.076854
377.782045,154.823560,90.097770
377.782102,154.823560,90.099579
377.782161,154.823560,90.120725
377.782204,154.823560,90.131392
377.782264,154.823560,90.136464
377.782351,154.823560,90.142630
377.782438,154.823560,90.164146
377.782544,154.823560,90.178594
377.782587,154.823560,90.182886
377.782647,154.823560,90.197650
377.782718,154.823560,90.201195
377.782778,154.823560,90.201472
377.782835,154.823560,90.206232
377.782875,154.823560,90.210530
377.782920,154.823560,90.214667
377.782972,154.823560,90.217821
377.783016,154.823560,90.221029
377.783060,154.823560,90.222926
377.783165,154.823560,90.225216
377.783205,154.823560,90.231400
377.783301,154.823560,90.238674
377.783333,154.823560,90.243054
377.783415,154.823560,90.253419
377.783452,154.823560,90.261008
377.783487,154.823560,90.278862
377.783529,154.823560,90.283534
377.783578,154.823560,90.285925
377.783646,154.823560,90.286085
377.783704,154.823560,90.288498
377.783762,154.823560,90.288909
377.783841,154.823560,90.296072
377.783891,154.823560,90.321040
377.783961,154.823560,90.325582
377.784069,154.823560,90.330579
377.784135,154.823560,90.352192
377.784173,154.823560,90.352754
377.784231,154.823560,90.357442
377.784279,154.823560,90.363707
377.784339,154.823560,90.382360
377.784397,154.823560,90.385832
377.784448,154.823560,90.390230
377.784586,154.823560,90.394187
377.784723,154.823560,90.398405
377.784766,154.823560,90.406971
377.784809,154.823560,90.411173
377.784849,154.823560,90.413090
377.784911,154.823560,90.414646
377.784969,154.823560,90.431682
377.785181,154.823560,90.440890
377.785220,154.823560,90.461272
377.785258,154.823560,90.461539
377.785331,154.823560,90.466691
377.785386,154.823560,90.468182
377.785423,154.823560,90.476704
377.785462,154.823560,90.498792
377.785504,154.823560,90.511195
377.785561,154.823560,90.512221
377.785599,154.823560,90.520877
377.785711,154.823560,90.522416
377.785757,154.823560,90.524155
377.785813,154.823560,90.535296
377.785873,154.823560,90.540778
377.786009,154.823560,90.543667
377.786076,154.823560,90.543797
377.786122,154.823560,90.543826
377.786187,154.823560,90.544819
377.786222,154.823560,90.545128
377.786292,154.823560,90.554968
377.786357,154.823560,90.562957
377.786420,154.823560,90.571821
377.786501,154.823560,90.578197
377.786566,154.823560,90.584173
377.786742,154.823560,90.584587
377.786794,154.823560,90.587602
377.786915,154.823560,90.592883
377.786985,154.823560,90.598264
377.787064,154.823560,90.601501
377.787110,154.823560,90.601514
377.787151,154.823560,90.611139
377.787230,154.823560,90.622107
377.787300,154.823560,90.632691
377.787348,154.823560,90.633408
377.787397,154.823560,90.633806
377.787512,154.823560,90.638712
377.787566,154.823560,90.640550
377.787603,154.823560,90.663947
377.787695,154.823560,90.665760
377.787763,154.823560,90.672811
377.787816,154.823560,90.690515
377.787855,154.823560,90.694283
377.787933,154.823560,90.699930
377.788076,154.823560,90.700048
377.788166,154.823560,90.706493
377.788228,154.823560,90.718579
377.788377,154.823560,90.725914
377.788455,154.823560,90.729771
377.788508,154.823560,90.742515
377.788560,154.823560,90.757208
377.788622,154.823560,90.761907
377.788682,154.823560,90.763992
377.788752,154.823560,90.765509
377.788802,154.823560,90.768834
377.788844,154.823560,90.782667
377.788897,154.823560,90.783566
377.788943,154.823560,90.785238
377.789120,154.823560,90.794174
377.789166,154.823560,90.809554
377.789252,154.823560,90.820821
377.789327,154.823560,90.831013
377.789372,154.823560,90.833987
377.789448,154.823560,90.844952
377.789523,154.823560,90.849102
377.789615,154.823560,90.849509
377.789665,154.823560,90.853533
377.789710,154.823560,90.854568
377.789906,154.823560,90.854627
377.789957,154.823560,90.854742
377.790055,154.823560,90.858878
377.790235,154.823560,90.873757
377.790367,154.823560,90.883464
377.790411,154.823560,90.883482
377.790456,154.823560,90.888280
377.790526,154.823560,90.892552
377.790597,154.823560,90.904146
377.790647,154.823560,90.905373
377.790724,154.823560,90.906123
377.790774,154.823560,90.911539
377.790861,154.823560,90.911891
377.790904,154.823560,90.921315
377.790949,154.823560,90.925186
377.791008,154.823560,90.927774
377.791080,154.823560,90.935875
377.791157,154.823560,90.935973
377.791213,154.823560,90.943277
377.791328,154.823560,90.946992
377.791372,154.823560,90.948715
377.791414,154.823560,90.951910
377.791654,154.823560,90.956850
377.791741,154.823560,90.961843
377.791787,154.823560,90.963944
377.791836,154.823560,90.966634
377.791883,154.823560,90.984896
377.791953,154.823560,91.007010
377.792083,154.823560,91.007424
377.792126,154.823560,91.015720
377.792164,154.823560,91.024350
377.792201,154.823560,91.025704
377.792257,154.823560,91.029426
377.792342,154.823560,91.035251
377.792399,154.823560,91.035261
377.792457,154.823560,91.036616
377.792505,154.823560,91.042461
377.792543,154.823560,91.048981
377.792611,154.823560,91.061008
377.792658,154.823560,91.064451
377.792719,154.823560,91.066634
377.792758,154.823560,91.076131
377.792835,154.823560,91.084282
377.792876,154.823560,91.084656
377.792962,154.823560,91.086030
377.793101,154.823560,91.091387
377.793148,154.823560,91.095051
377.793208,154.823560,91.103114
377.793270,154.823560,91.105902
377.793331,154.823560,91.111296
377.793391,154.823560,91.113352
377.793428,154.823560,91.114006
377.793583,154.823560,91.118419
377.793639,154.823560,91.122499
377.793675,154.823560,91.125853
377.793736,154.823560,91.126568
377.793849,154.823560,91.127392
377.793913,154.823560,91.129669
377.793959,154.823560,91.134298
377.794053,154.823560,91.145773
377.794121,154.823560,91.155738
377.794185,154.823560,91.176238
377.794271,154.823560,91.180810
377.794316,154.823560,91.184744
377.794364,154.823560,91.187952
377.794427,154.823560,91.190400
377.794484,154.823560,91.204000
377.794553,154.823560,91.210358
377.794616,154.823560,91.216354
377.794729,154.823560,91.218842
377.794792,154.823560,91.221522
377.794851,154.823560,91.226067
377.794895,154.823560,78.390525
377.794924,154.823560,91.226645
377.794979,154.823560,91.232390
377.795028,154.823560,91.233658
377.795091,154.823560,91.233763
377.795155,154.823560,91.237091
377.795227,154.823560,91.245435
377.795282,154.823560,91.246744
377.795337,154.823560,91.251061
377.795390,154.823560,91.255142
377.795426,154.823560,91.261384
377.795487,154.823560,91.264422
377.795551,154.823560,91.265013
377.795621,154.823560,91.284174
377.795694,154.823560,91.287147
377.795735,154.823560,91.292672
377.795781,154.823560,91.296594
377.795855,154.823560,91.300904
377.795957,154.823560,91.301253
377.795998,154.823560,91.314392
377.796037,154.823560,91.316926
377.796107,154.823560,91.327976
377.796179,154.823560,91.333571
377.796221,154.823560,91.358712
377.796287,154.823560,91.371837
377.796388,154.823560,91.372472
377.796448,154.823560,91.377125
377.796497,154.823560,91.377858
377.796556,154.823560,91.383389
377.796632,154.823560,91.386459
377.796689,154.823560,91.388042
377.796748,154.823560,91.389142
377.796874,154.823560,91.389629
377.796918,154.823560,91.396834
377.796970,154.823560,91.423064
377.797031,154.823560,91.427672
377.797107,154.823560,91.429240
377.797217,154.823560,91.435518
377.797256,154.823560,91.440928
377.797300,154.823560,91.443459
377.797349,154.823560,91.446955
377.797439,154.823560,91.450083
377.797477,154.823560,91.458098
377.797534,154.823560,91.459453
377.797571,154.823560,91.463186
377.797605,154.823560,91.463691
377.797738,154.823560,91.466232
377.797774,154.823560,91.471349
377.797816,154.823560,91.474802
377.797923,154.823560,91.479082
377.797968,154.823560,91.488373
377.798065,154.823560,91.489470
377.798106,154.823560,91.491493
377.798151,154.823560,91.494512
377.798265,154.823560,91.503342
377.798338,154.823560,91.535192
377.798392,154.823560,91.541032
377.798472,154.823560,91.541256
377.798527,154.823560,91.544598
377.798567,154.823560,91.546824
377.798617,154.823560,91.547024
377.798735,154.823560,91.548259
377.798783,154.823560,91.548690
377.798827,154.823560,91.550229
377.798879,154.823560,91.561136
377.798922,154.823560,91.561189
377.798987,154.823560,91.569626
377.799027,154.823560,91.574702
377.799129,154.823560,91.578574
377.799184,154.823560,91.584834
377.799222,154.823560,91.588613
377.799280,154.823560,91.596448
377.799336,154.823560,91.607152
377.799414,154.823560,91.618014
377.799571,154.823560,91.629240
377.799627,154.823560,91.638910
377.799680,154.823560,91.641678
377.799731,154.823560,91.649482
377.799770,154.823560,91.656910
377.799880,154.823560,91.659928
377.799951,154.823560,91.662536
377.799994,154.823560,91.671677
377.800095,154.823560,91.678298
377.800155,154.823560,91.686571
377.800216,154.823560,91.687160
377.800271,154.823560,91.691157
377.800324,154.823560,91.693712
377.800357,154.823560,91.700301
377.800399,154.823560,91.704523
377.800454,154.823560,91.708979
377.800518,154.823560,91.713144
377.800577,154.823560,91.715605
377.800622,154.823560,91.716728
377.800685,154.823560,91.726827
377.800729,154.823560,91.730450
377.800811,154.823560,91.747696
377.800898,154.823560,91.754446
377.800978,154.823560,91.760613
377.801068,154.823560,91.764229
377.801110,154.823560,91.771029
377.801170,154.823560,91.775429
377.801239,154.823560,91.777358
377.801391,154.823560,91.784754
377.801465,154.823560,91.786163
377.801514,154.823560,81.448656
377.801557,154.823560,91.786992
377.801603,154.823560,91.800202
377.801664,154.823560,91.802778
377.801711,154.823560,91.813221
377.801787,154.823560,91.815075
377.801893,154.823560,91.828270
377.801945,154.823560,91.835885
377.802013,154.823560,91.843581
377.802075,154.823560,91.855779
377.802131,154.823560,91.857203
377.802188,154.823560,91.857653
377.802249,154.823560,91.859123
377.802323,154.823560,91.869382
377.802434,154.823560,91.870560
377.802533,154.823560,91.873133
377.802588,154.823560,91.889918
377.802646,154.823560,91.892117
377.802705,154.823560,91.894488
377.802787,154.823560,91.894504
377.802831,154.823560,91.900725
377.802878,154.823560,91.904147
377.802916,154.823560,91.911210
377.802973,154.823560,91.914242
377.803024,154.823560,91.923987
377.803070,154.823560,91.924229
377.803218,154.823560,91.929618
377.803280,154.823560,91.934813
377.803348,154.823560,91.935784
377.803426,154.823560,91.937851
377.803494,154.823560,91.951800
377.803554,154.823560,91.952118
377.803633,154.823560,91.954510
377.803757,154.823560,91.955240
377.803803,154.823560,91.959058
377.803869,154.823560,91.963694
377.803911,154.823560,91.970107
377.803951,154.823560,91.971048
377.803989,154.823560,91.972864
377.804059,154.823560,91.972947
377.804118,154.823560,91.978728
377.804174,154.823560,91.997539
377.804218,154.823560,92.007866
377.804278,154.823560,92.009768
377.804341,154.823560,92.012667
377.804380,154.823560,92.019301
377.804418,154.823560,92.025646
377.804465,154.823560,92.026616
377.804509,154.823560,92.031637
377.804577,154.823560,92.035120
377.804693,154.823560,92.036606
377.804749,154.823560,92.043789
377.804796,154.823560,92.059482
377.804850,154.823560,92.065467
377.804912,154.823560,92.077829
377.805076,154.823560,92.082965
377.805156,154.823560,92.083379
377.805205,154.823560,92.089222
377.805249,154.823560,92.093624
377.805312,154.823560,92.097382
377.805454,154.823560,92.107600
377.805513,154.823560,92.108354
377.805553,154.823560,92.124643
377.805614,154.823560,92.127360
377.805672,154.823560,92.142347
377.805723,154.823560,92.146402
377.805795,154.823560,92.149664
377.805841,154.823560,92.150885
377.805931,154.823560,92.151875
377.805981,154.823560,92.156896
377.806045,154.823560,92.160066
377.806087,154.823560,92.162093
377.806141,154.823560,92.162166
377.806189,154.823560,92.172946
377.806280,154.823560,92.178000
377.806326,154.823560,92.194400
377.806437,154.823560,92.203122
377.806495,154.823560,92.207590
377.806547,154.823560,92.212323
377.806683,154.823560,92.215611
377.806726,154.823560,92.218350
377.806772,154.823560,92.223398
377.806819,154.823560,92.235448
377.806975,154.823560,92.236058
377.807089,154.823560,92.237024
377.807245,154.823560,92.251688
377.807290,154.823560,92.258722
377.807353,154.823560,92.264997
377.807419,154.823560,92.277114
377.807470,154.823560,92.280490
377.807526,154.823560,92.281192
377.807567,154.823560,92.281645
377.807636,154.823560,92.283080
377.807769,154.823560,92.283515
377.807815,154.823560,92.288198
377.807927,154.823560,92.293955
377.808072,154.823560,92.295970
377.808129,154.823560,92.296594
377.808178,154.823560,92.298733
377.808231,154.823560,92.302650
377.808283,154.823560,92.307789
377.808336,154.823560,92.308506
377.808417,154.823560,92.310702
377.808536,154.823560,92.311126
377.808593,154.823560,92.315483
377.808664,154.823560,92.323562
377.808712,154.823560,92.324198
377.808785,154.823560,92.331285
377.808898,154.823560,92.335674
377.808968,154.823560,92.337078
377.809019,154.823560,92.347982
377.809063,154.823560,92.358766
377.809123,154.823560,92.362680
377.809181,154.823560,92.366576
377.809291,154.823560,92.367973
377.809334,154.823560,92.372680
377.809389,154.823560,92.372843
377.809446,154.823560,92.373258
377.809487,154.823560,92.373408
377.809536,154.823560,92.380866
377.809593,154.823560,92.382472
377.809635,154.823560,92.389570
377.809676,154.823560,92.390272
377.809717,154.823560,92.392944
377.809766,154.823560,92.393323
377.809854,154.823560,92.395784
377.809905,154.823560,92.414739
377.809972,154.823560,92.419189
377.810128,154.823560,92.422520
377.810192,154.823560,92.451259
377.810308,154.823560,92.453080
377.810370,154.823560,92.458088
377.810454,154.823560,92.458098
377.810515,154.823560,92.459859
377.810574,154.823560,92.474795
377.810614,154.823560,86.654346
377.810646,154.823560,92.477606
377.810709,154.823560,92.485787
377.810766,154.823560,92.492120
377.810839,154.823560,92.492789
377.810921,154.823560,92.494870
377.811036,154.823560,92.516133
377.811107,154.823560,92.523221
377.811172,154.823560,92.528557
377.811232,154.823560,92.533766
377.811303,154.823560,92.534944
377.811348,154.823560,92.543248
377.811419,154.823560,92.546952
377.811458,154.823560,92.547480
377.811512,154.823560,92.552818
377.811576,154.823560,92.558746
377.811642,154.823560,92.569690
377.811689,154.823560,92.575883
377.811749,154.823560,92.577819
377.811842,154.823560,92.577821
377.812023,154.823560,92.578488
377.812140,154.823560,92.582109
377.812184,154.823560,92.590149
377.812249,154.823560,92.611296
377.812299,154.823560,92.612211
377.812380,154.823560,92.621091
377.812545,154.823560,92.637794
377.812608,154.823560,92.638448
377.812651,154.823560,92.639691
377.812795,154.823560,92.649971
377.812844,154.823560,92.656374
377.812931,154.823560,92.659243
377.812994,154.823560,92.660898
377.813061,154.823560,92.661104
377.813128,154.823560,92.661910
377.813207,154.823560,92.662552
377.813264,154.823560,92.669355
377.813341,154.823560,92.669893
377.813415,154.823560,92.672536
377.813456,154.823560,92.677374
377.813532,154.823560,92.682238
377.813656,154.823560,92.682845
377.813708,154.823560,92.683611
377.813828,154.823560,92.686667
377.813899,154.823560,92.686891
377.813982,154.823560,92.691250
377.814036,154.823560,92.691341
377.814100,154.823560,92.694720
377.814151,154.823560,92.699698
377.814220,154.823560,92.704482
377.814274,154.823560,92.713144
377.814339,154.823560,92.713240
377.814378,154.823560,92.717267
377.814443,154.823560,92.721091
377.814509,154.823560,92.721570
377.814579,154.823560,92.729392
377.814682,154.823560,92.730626
377.814737,154.823560,92.735899
377.814782,154.823560,92.740162
377.814842,154.823560,92.750731
377.814900,154.823560,92.751792
377.814949,154.823560,92.754122
377.815025,154.823560,92.759171
377.815081,154.823560,92.759918
377.815159,154.823560,92.760675
377.815224,154.823560,92.763371
377.815330,154.823560,92.767880
377.815380,154.823560,92.777358
377.815456,154.823560,92.780120
377.815500,154.823560,92.782838
377.815561,154.823560,92.788032
377.815621,154.823560,92.801422
377.815709,154.823560,92.810546
377.815789,154.823560,92.815493
377.815937,154.823560,92.817336
377.815981,154.823560,92.818219
377.816042,154.823560,92.821784
377.816109,154.823560,92.827824
377.816194,154.823560,92.832291
377.816237,154.823560,92.834490
377.816281,154.823560,92.835533
377.816345,154.823560,92.837816
377.816410,154.823560,92.841363
377.816473,154.823560,92.842200
377.816537,154.823560,92.844059
377.816612,154.823560,92.845357
377.816676,154.823560,92.870990
377.816728,154.823560,92.871645
377.816811,154.823560,92.888456
377.816874,154.823560,92.891102
377.816947,154.823560,92.900443
377.817012,154.823560,92.903157
377.817081,154.823560,92.911854
377.817157,154.823560,92.915626
377.817243,154.823560,92.920418
377.817420,154.823560,92.935973
377.817483,154.823560,92.937874
377.817537,154.823560,92.943344
377.817593,154.823560,92.946920
377.817655,154.823560,92.960037
377.817698,154.823560,92.961619
377.817811,154.823560,92.962096
377.817876,154.823560,92.968278
377.817921,154.823560,92.974744
377.817969,154.823560,92.975086
377.818034,154.823560,92.975984
377.818095,154.823560,92.977130
377.818141,154.823560,92.982739
377.818187,154.823560,92.983778
377.818249,154.823560,92.983824
377.818329,154.823560,92.988584
377.818390,154.823560,92.991709
377.818423,154.823560,92.998720
377.818489,154.823560,93.000658
377.818692,154.823560,93.001806
377.818763,154.823560,93.005392
377.818808,154.823560,93.009397
377.818876,154.823560,93.012598
377.818927,154.823560,93.014544
377.818965,154.823560,93.016174
377.819012,154.823560,93.021192
377.819124,154.823560,93.025146
377.819183,154.823560,93.029109
377.819235,154.823560,93.029262
377.819307,154.823560,93.036610
377.819365,154.823560,93.045352
377.819439,154.823560,93.047835
377.819505,154.823560,93.055568
377.819562,154.823560,93.060563
377.819703,154.823560,93.064739
377.819770,154.823560,93.074379
377.819831,154.823560,93.084747
377.819893,154.823560,93.088171
377.819956,154.823560,93.097382
377.819994,154.823560,93.100669
377.820043,154.823560,93.103086
377.820109,154.823560,93.103637
377.820170,154.823560,93.108197
377.820220,154.823560,93.110670
377.820283,154.823560,93.113587
377.820354,154.823560,93.114453
377.820406,154.823560,93.124776
377.820446,154.823560,93.125205
377.820569,154.823560,93.129157
377.820646,154.823560,93.136613
377.820699,154.823560,93.141800
377.820740,154.823560,93.143318
377.820887,154.823560,93.143627
377.820960,154.823560,90.460248
377.821010,154.823560,92.474278
377.821059,154.823560,93.146118
377.821122,154.823560,93.153570
377.821200,154.823560,93.153768
377.821344,154.823560,93.154358
377.821398,154.823560,80.583576
377.821431,154.823560,93.155974
377.821510,154.823560,93.157976
377.821576,154.823560,93.159886
377.821628,154.823560,93.176493
377.821751,154.823560,93.179979
377.821812,154.823560,93.183512
377.821862,154.823560,93.186208
377.822052,154.823560,93.195000
377.822151,154.823560,93.215174
377.822230,154.823560,93.223437
377.822327,154.823560,93.224286
377.822377,154.823560,93.225608
377.822427,154.823560,93.225659
377.822489,154.823560,93.226026
377.822546,154.823560,93.229930
377.822608,154.823560,93.234235
377.822682,154.823560,93.235243
377.822734,154.823560,93.235891
377.822793,154.823560,93.238448
377.822837,154.823560,93.241469
377.822905,154.823560,93.245187
377.822962,154.823560,93.251314
377.823037,154.823560,93.252043
377.823114,154.823560,93.252499
377.823165,154.823560,93.255603
377.823207,154.823560,93.256309
377.823275,154.823560,93.257598
377.823391,154.823560,93.268123
377.823456,154.823560,93.272434
377.823523,154.823560,93.274290
377.823577,154.823560,93.278962
377.823674,154.823560,93.282789
377.823724,154.823560,93.286709
377.823805,154.823560,93.288546
377.823845,154.823560,93.291984
377.823900,154.823560,93.293067
377.823982,154.823560,93.295091
377.824042,154.823560,93.296933
377.824124,154.823560,93.299952
377.824175,154.823560,93.306227
377.824238,154.823560,93.311293
377.824292,154.823560,93.311706
377.824353,154.823560,93.330549
377.824428,154.823560,93.345422
377.824486,154.823560,93.346429
377.824617,154.823560,93.346728
377.824715,154.823560,93.347878
377.824861,154.823560,93.352661
377.824934,154.823560,93.358605
377.824999,154.823560,93.359056
377.825061,154.823560,89.643472
377.825106,154.823560,93.360710
377.825165,154.823560,93.361090
377.825214,154.823560,93.364333
377.825283,154.823560,93.368562
377.825350,154.823560,93.372746
377.825470,154.823560,93.375038
377.825533,154.823560,93.379130
377.825610,154.823560,93.382941
377.825657,154.823560,93.383486
377.825733,154.823560,93.384456
377.825810,154.823560,93.396278
377.825858,154.823560,93.396400
377.825927,154.823560,93.396925
377.826022,154.823560,93.406213
377.826086,154.823560,93.406834
377.826144,154.823560,93.409827
377.826205,154.823560,93.413696
377.826268,154.823560,83.775610
377.826314,154.823560,93.415162
377.826391,154.823560,93.415797
377.826457,154.823560,93.417030
377.826497,154.823560,93.419112
377.826551,154.823560,93.420038
377.826621,154.823560,93.421094
377.826677,154.823560,85.121771
377.826722,154.823560,93.427307
377.826785,154.823560,93.428726
377.826845,154.823560,93.432669
377.826897,154.823560,93.437624
377.826976,154.823560,93.439011
377.827025,154.823560,93.445096
377.827091,154.823560,93.445490
377.827150,154.823560,93.446096
377.827219,154.823560,93.451946
377.827273,154.823560,93.452262
377.827354,154.823560,93.461534
377.827415,154.823560,93.463698
377.827491,154.823560,93.465587
377.827549,154.823560,93.471552
377.827599,154.823560,93.479986
377.827646,154.823560,93.486518
377.827712,154.823560,93.491419
377.827773,154.823560,93.498357
377.827926,154.823560,93.498395
377.827972,154.823560,93.498811
377.828047,154.823560,93.509803
377.828101,154.823560,93.511706
377.828148,154.823560,93.518210
377.828195,154.823560,93.518653
377.828251,154.823560,93.523382
377.828313,154.823560,93.525381
377.828385,154.823560,93.531034
377.828440,154.823560,93.532571
377.828498,154.823560,93.542827
377.828543,154.823560,93.544002
377.828631,154.823560,93.552026
377.828685,154.823560,93.556562
377.828764,154.823560,93.558307
377.828810,154.823560,93.574198
377.828861,154.823560,93.588494
377.828912,154.823560,93.590109
377.829049,154.823560,93.596733
377.829134,154.823560,93.597466
377.829185,154.823560,93.597674
377.829329,154.823560,93.600096
377.829375,154.823560,93.602030
377.829448,154.823560,93.602605
377.829562,154.823560,93.608544
377.829664,154.823560,93.611117
377.829806,154.823560,93.616069
377.829854,154.823560,93.625682
377.829901,154.823560,93.647968
377.829952,154.823560,93.648862
377.829996,154.823560,93.658728
377.830040,154.823560,93.661301
377.830194,154.823560,93.662786
377.830245,154.823560,93.667512
377.830312,154.823560,93.678440
377.830357,154.823560,93.681664
377.830412,154.823560,93.684818
377.830480,154.823560,93.698970
377.830533,154.823560,93.707501
377.830613,154.823560,93.711382
377.830658,154.823560,93.717928
377.830720,154.823560,93.721774
377.830766,154.823560,93.723045
377.830839,154.823560,93.723354
377.830910,154.823560,93.724005
377.830984,154.823560,93.729064
377.831031,154.823560,93.732027
377.831087,154.823560,93.735240
377.831159,154.823560,93.743235
377.831231,154.823560,93.748438
377.831373,154.823560,93.754122
377.831433,154.823560,93.758504
377.831497,154.823560,93.783888
377.831547,154.823560,93.788594
377.831602,154.823560,93.788902
377.831661,154.823560,93.789368
377.831710,154.823560,93.790885
377.831785,154.823560,93.793246
377.831863,154.823560,93.805678
377.831947,154.823560,93.823083
377.832009,154.823560,93.828371
377.832050,154.823560,93.832853
377.832200,154.823560,93.840109
377.832246,154.823560,93.841637
377.832316,154.823560,93.845811
377.832358,154.823560,93.847267
377.832404,154.823560,93.856938
377.832555,154.823560,93.868371
377.832625,154.823560,93.875578
377.832690,154.823560,93.898827
377.832762,154.823560,93.901872
377.832833,154.823560,93.902130
377.832902,154.823560,93.904379
377.832954,154.823560,93.906077
377.833036,154.823560,93.906266
377.833102,154.823560,93.915626
377.833158,154.823560,93.935883
377.833215,154.823560,93.941490
377.833311,154.823560,93.949254
377.833465,154.823560,93.957677
377.833525,154.823560,93.963280
377.833588,154.823560,93.966838
377.833651,154.823560,93.966976
377.833716,154.823560,93.967157
377.833799,154.823560,93.971859
377.833876,154.823560,93.976043
377.834038,154.823560,93.979267
377.834110,154.823560,93.980078
377.834160,154.823560,93.991350
377.834309,154.823560,93.992963
377.834354,154.823560,94.000658
377.834467,154.823560,94.005245
377.834510,154.823560,94.016542
377.834571,154.823560,94.021470
377.834635,154.823560,94.045862
377.834683,154.823560,94.048518
377.834729,154.823560,94.048942
377.834871,154.823560,94.050944
377.834935,154.823560,94.052003
377.834990,154.823560,94.052526
377.835091,154.823560,94.058882
377.835204,154.823560,94.061003
377.835249,154.823560,94.069355
377.835326,154.823560,94.084122
377.835369,154.823560,94.085018
377.835427,154.823560,94.087810
377.835487,154.823560,94.090059
377.835552,154.823560,94.097717
377.835628,154.823560,94.107619
377.835763,154.823560,94.107694
377.835810,154.823560,94.112736
377.835871,154.823560,94.119022
377.835921,154.823560,94.130338
377.835980,154.823560,94.134496
377.836034,154.823560,94.141427
377.836098,154.823560,94.143922
377.836148,154.823560,94.145882
377.836195,154.823560,94.146190
377.836243,154.823560,94.152283
377.836288,154.823560,94.156302
377.836349,154.823560,94.158510
377.836403,154.823560,94.158674
377.836468,154.823560,94.165878
377.836520,154.823560,94.167378
377.836587,154.823560,94.167493
377.836640,154.823560,94.170659
377.836712,154.823560,94.174282
377.836781,154.823560,94.174685
377.836845,154.823560,94.175146
377.837024,154.823560,94.187818
377.837079,154.823560,94.190971
377.837134,154.823560,94.195802
377.837222,154.823560,94.196942
377.837269,154.823560,94.204139
377.837332,154.823560,94.204389
377.841001,154.823560,94.159896
377.841007,154.823560,94.204389
377.841439,154.823560,91.034755
377.841444,154.823560,94.204389
377.859657,154.823560,83.154088
377.859674,154.823560,94.204389
377.895409,154.823560,88.164923
377.895791,154.823560,94.204389
377.919707,154.823560,80.863848
377.919710,154.823560,94.204389
377.920252,154.823560,79.152096
377.920256,154.823560,94.204389
377.980097,154.823560,90.188992
377.980118,154.823560,94.204389
377.997619,154.823560,92.943048
377.997623,154.823560,94.204389
378.019666,154.823560,92.636626
378.019680,154.823560,94.204389
378.019850,154.823560,91.883050
378.019863,154.823560,94.204389
378.041950,154.823560,82.589363
378.041984,154.823560,87.252176
378.041998,154.823560,94.204389
378.062024,154.823560,91.565186
378.062027,154.823560,94.204389
378.098102,154.823560,93.282880
378.098106,154.823560,94.204389
378.108613,154.823560,90.048480
378.108627,154.823560,94.204389
378.120351,154.823560,88.952357
378.120716,154.823560,94.204389
378.126172,154.823560,85.338152
378.126188,154.823560,94.204389
378.177489,154.823560,80.274901
378.177492,154.823560,94.204389
378.198136,154.823560,90.198944
378.198142,154.823560,94.204389
378.198258,154.823560,89.118210
378.198261,154.823560,94.204389
378.198267,154.823560,94.185430
378.198275,154.823560,94.204389
378.354404,154.823560,92.835458
378.354406,154.823560,94.204389
378.448460,154.823560,94.211739
378.448502,154.823560,94.213722
378.448534,154.823560,94.218365
378.448586,154.823560,94.227947
378.448615,154.823560,94.247870
378.448636,154.823560,94.251030
378.448706,154.823560,94.255992
378.448756,154.823560,94.268496
378.448795,154.823560,94.271693
378.448827,154.823560,94.283018
378.448868,154.823560,94.298870
378.448971,154.823560,94.302424
378.448997,154.823560,94.316498
378.449019,154.823560,94.319715
378.449045,154.823560,94.323542
378.449093,154.823560,94.324514
378.449124,154.823560,94.352907
378.449192,154.823560,94.373091
378.449213,154.823560,94.379568
378.449240,154.823560,94.383259
378.449263,154.823560,94.386509
378.449321,154.823560,94.389699
378.449419,154.823560,94.389709
378.449475,154.823560,94.414752
378.449499,154.823560,94.422042
378.449551,154.823560,94.427810
378.449590,154.823560,94.433176
378.449652,154.823560,94.435003
378.449688,154.823560,94.436470
378.449772,154.823560,94.443170
378.449824,154.823560,94.447838
378.449875,154.823560,94.457598
378.449912,154.823560,94.475090
378.449949,154.823560,94.493917
378.449989,154.823560,94.496106
378.450074,154.823560,94.496205
378.450138,154.823560,94.522338
378.450157,154.823560,94.524003
378.450181,154.823560,94.530619
378.450222,154.823560,94.538315
378.450261,154.823560,94.541859
378.450280,154.823560,94.550309
378.450387,154.823560,94.572354
378.450473,154.823560,94.574099
378.450515,154.823560,94.575120
378.450533,154.823560,94.578280
378.450567,154.823560,94.580499
378.450620,154.823560,94.580914
378.450653,154.823560,94.593738
378.450682,154.823560,94.601861
378.450726,154.823560,94.606248
378.450746,154.823560,94.614006
378.450805,154.823560,94.621958
378.450925,154.823560,94.627226
378.450952,154.823560,94.631238
378.450988,154.823560,94.634235
378.451022,154.823560,94.642301
378.451073,154.823560,94.692587
378.451116,154.823560,94.735744
378.451197,154.823560,94.749661
378.451239,154.823560,94.751267
378.451409,154.823560,94.775755
378.451433,154.823560,94.777218
378.451548,154.823560,94.780219
378.451586,154.823560,94.783298
378.451677,154.823560,94.789968
378.451719,154.823560,94.795928
378.451742,154.823560,94.809346
378.451782,154.823560,94.859307
378.451835,154.823560,94.880264
378.451874,154.823560,94.880355
378.451937,154.823560,94.880723
378.451962,154.823560,94.883960
378.452029,154.823560,94.885787
378.452160,154.823560,94.893099
378.452260,154.823560,94.893365
378.452318,154.823560,94.905147
378.452387,154.823560,94.979979
378.452431,154.823560,94.994643
378.452454,154.823560,94.996882
378.452492,154.823560,94.998312
378.452531,154.823560,95.001026
378.452566,154.823560,95.001117
378.452590,154.823560,95.005016
378.452620,154.823560,95.024698
378.452652,154.823560,95.028403
378.452721,154.823560,95.045656
378.452761,154.823560,95.053165
378.452808,154.823560,95.062413
378.452881,154.823560,95.073621
378.452912,154.823560,95.080666
378.452939,154.823560,95.090888
378.452967,154.823560,95.092987
378.452997,154.823560,95.094341
378.453035,154.823560,95.119573
378.453084,154.823560,95.140240
378.453156,154.823560,95.159957
378.453197,154.823560,95.180982
378.453252,154.823560,95.189803
378.453294,154.823560,95.198592
378.453318,154.823560,95.206134
378.453399,154.823560,95.224210
378.453443,154.823560,95.228384
378.453521,154.823560,95.228933
378.453546,154.823560,95.260563
378.453669,154.823560,95.268043
378.453695,154.823560,95.290230
378.453741,154.823560,95.298795
378.453787,154.823560,95.308248
378.453833,154.823560,95.308624
378.453889,154.823560,95.311270
378.453984,154.823560,95.323437
378.454030,154.823560,95.335626
378.454119,154.823560,95.338517
378.454162,154.823560,95.354613
378.454237,154.823560,95.359994
378.454259,154.823560,95.374149
378.454429,154.823560,95.377579
378.454486,154.823560,95.380022
378.454521,154.823560,95.382152
378.454546,154.823560,95.382998
378.454608,154.823560,95.409922
378.454678,154.823560,95.414136
378.454738,154.823560,95.419195
378.454809,154.823560,95.419773
378.454840,154.823560,95.445570
378.454869,154.823560,95.458373
378.454915,154.823560,95.471285
378.455011,154.823560,95.472869
378.455098,154.823560,95.477214
378.455157,154.823560,95.478709
378.455188,154.823560,95.481568
378.455233,154.823560,95.485290
378.455275,154.823560,95.490368
378.455352,154.823560,95.498034
378.455393,154.823560,95.517178
378.455435,154.823560,95.529677
378.455484,154.823560,95.531114
378.455532,154.823560,95.537957
378.455574,154.823560,95.544211
378.455633,154.823560,95.546384
378.455663,154.823560,95.549667
378.455701,154.823560,95.564213
378.455790,154.823560,95.569194
378.455836,154.823560,95.596317
378.455929,154.823560,95.596371
378.456009,154.823560,95.599053
378.456114,154.823560,95.599347
378.456176,154.823560,95.603122
378.456215,154.823560,95.613520
378.456239,154.823560,95.627992
378.456263,154.823560,95.650493
378.456331,154.823560,95.652022
378.456427,154.823560,95.664600
378.456509,154.823560,95.672259
378.456579,154.823560,95.678165
378.456693,154.823560,95.699365
378.456748,154.823560,95.703022
378.456796,154.823560,95.707090
378.456823,154.823560,95.711976
378.456876,154.823560,95.713590
378.456917,154.823560,95.718666
378.456947,154.823560,95.726454
378.456973,154.823560,95.729779
378.457000,154.823560,95.738515
378.457048,154.823560,95.783067
378.457175,154.823560,95.787890
378.457234,154.823560,95.792571
378.457265,154.823560,95.794446
378.457353,154.823560,95.796986
378.457513,154.823560,95.802859
378.457552,154.823560,95.804989
378.457578,154.823560,95.850714
378.457627,154.823560,95.874077
378.457690,154.823560,95.880269
378.457743,154.823560,95.881210
378.457771,154.823560,95.901546
378.457807,154.823560,95.920870
378.457833,154.823560,95.936562
378.457865,154.823560,95.938163
378.457916,154.823560,95.938661
378.457949,154.823560,95.938968
378.458029,154.823560,95.947504
378.458054,154.823560,95.948138
378.458164,154.823560,95.952514
378.458206,154.823560,95.954560
378.458249,154.823560,95.959736
378.458319,154.823560,95.967048
378.458364,154.823560,95.970698
378.458412,154.823560,95.972504
378.458453,154.823560,95.974942
378.458498,154.823560,95.998997
378.458562,154.823560,96.005477
378.458601,154.823560,96.017208
378.458627,154.823560,96.019208
378.458669,154.823560,96.047675
378.458721,154.823560,96.050000
378.458745,154.823560,96.051314
378.458791,154.823560,96.055163
378.458839,154.823560,96.083968
378.458912,154.823560,96.088008
378.459013,154.823560,96.090523
378.459054,154.823560,96.099000
378.459142,154.823560,96.109496
378.459217,154.823560,96.126645
378.459244,154.823560,96.126802
378.459321,154.823560,96.139966
378.459363,154.823560,96.150328
378.459404,154.823560,96.154395
378.459435,154.823560,96.161352
378.459479,154.823560,96.190882
378.459587,154.823560,96.199234
378.459652,154.823560,96.244878
378.459691,154.823560,89.399136
378.459731,154.823560,91.721934
378.459754,154.823560,96.247830
378.459798,154.823560,96.250781
378.459858,154.823560,96.257979
378.459907,154.823560,96.280355
378.459976,154.823560,96.283099
378.460025,154.823560,96.283634
378.460066,154.823560,96.306040
378.460092,154.823560,96.309131
378.460198,154.823560,96.333590
378.460284,154.823560,96.339045
378.460325,154.823560,96.351208
378.460365,154.823560,96.355994
378.460413,154.823560,96.365077
378.460482,154.823560,96.367130
378.460508,154.823560,96.374330
378.460539,154.823560,96.398312
378.460572,154.823560,96.399477
378.460668,154.823560,96.405194
378.460736,154.823560,96.409336
378.460814,154.823560,96.410555
378.460902,154.823560,96.428314
378.460937,154.823560,96.429944
378.460986,154.823560,96.433096
378.461031,154.823560,96.436246
378.461103,154.823560,96.455894
378.461150,154.823560,96.458166
378.461175,154.823560,96.462411
378.461253,154.823560,96.471138
378.461370,154.823560,96.489709
378.461415,154.823560,96.491456
378.461467,154.823560,96.506901
378.461544,154.823560,96.515709
378.461640,154.823560,96.517933
378.461717,154.823560,96.524923
378.461782,154.823560,96.544147
378.461895,154.823560,96.546784
378.461929,154.823560,96.551522
378.461984,154.823560,96.562142
378.462048,154.823560,96.580912
378.462093,154.823560,96.582026
378.462127,154.823560,96.649987
378.462163,154.823560,96.651250
378.462215,154.823560,96.694501
378.462260,154.823560,96.701749
378.462290,154.823560,96.724928
378.462316,154.823560,96.726654
378.462369,154.823560,96.731538
378.462441,154.823560,96.804168
378.462482,154.823560,96.806394
378.462525,154.823560,96.806523
378.462594,154.823560,96.813696
378.462670,154.823560,96.816490
378.462745,154.823560,96.850066
378.462859,154.823560,96.859395
378.462901,154.823560,96.864304
378.462962,154.823560,96.885248
378.463022,154.823560,96.897061
378.463042,154.823560,96.903080
378.463098,154.823560,96.907866
378.463129,154.823560,96.914066
378.463179,154.823560,96.924624
378.463206,154.823560,96.933357
378.463260,154.823560,96.935224
378.463306,154.823560,96.983672
378.463354,154.823560,96.985534
378.463378,154.823560,96.989718
378.463488,154.823560,96.997906
378.463517,154.823560,96.999525
378.463565,154.823560,97.006667
378.463752,154.823560,97.015790
378.463800,154.823560,97.019208
378.463823,154.823560,97.035746
378.463859,154.823560,97.037442
378.464033,154.823560,97.038485
378.464098,154.823560,97.040544
378.464150,154.823560,97.054496
378.464173,154.823560,97.065197
378.464202,154.823560,97.074086
378.464240,154.823560,97.130998
378.464297,154.823560,97.145083
378.464330,154.823560,97.156813
378.464454,154.823560,97.184558
378.464514,154.823560,97.184718
378.464556,154.823560,97.187565
378.464634,154.823560,97.204085
378.464696,154.823560,97.209336
378.464758,154.823560,97.219320
378.464801,154.823560,97.220394
378.464845,154.823560,97.220890
378.464889,154.823560,97.224842
378.464927,154.823560,97.234842
378.464956,154.823560,97.246536
378.465016,154.823560,97.261461
378.465143,154.823560,97.282232
378.465186,154.823560,97.285163
378.465233,154.823560,97.306205
378.465265,154.823560,97.308126
378.465292,154.823560,97.319898
378.465314,154.823560,97.332342
378.465377,154.823560,97.335816
378.465406,154.823560,97.338888
378.465460,154.823560,97.347061
378.465543,154.823560,97.359328
378.465596,154.823560,97.422362
378.465645,154.823560,97.432243
378.465702,154.823560,97.438155
378.465750,154.823560,97.438326
378.465792,154.823560,97.466499
378.465840,154.823560,97.468525
378.465888,154.823560,97.498341
378.465944,154.823560,97.500698
378.466034,154.823560,97.517480
378.466061,154.823560,97.523893
378.466113,154.823560,97.537666
378.466172,154.823560,97.553133
378.466239,154.823560,97.554510
378.466330,154.823560,97.557326
378.466411,154.823560,97.576030
378.466461,154.823560,97.581760
378.466496,154.823560,97.593176
378.466543,154.823560,97.605344
378.466630,154.823560,97.609755
378.466668,154.823560,97.626922
378.466701,154.823560,97.638080
378.466796,154.823560,97.645510
378.466834,154.823560,97.663317
378.466879,154.823560,97.669299
378.466983,154.823560,97.677294
378.467036,154.823560,97.680248
378.467066,154.823560,97.687837
378.467113,154.823560,97.704309
378.467178,154.823560,97.728790
378.467254,154.823560,97.754926
378.467312,154.823560,97.756226
378.467418,154.823560,97.769526
378.467493,154.823560,97.786931
378.467538,154.823560,97.792197
378.467573,154.823560,97.802722
378.467633,154.823560,97.824453
378.467706,154.823560,97.843579
378.467736,154.823560,97.844390
378.467780,154.823560,97.851098
378.467832,154.823560,97.855080
378.467874,154.823560,97.884158
378.467926,154.823560,97.889069
378.467972,154.823560,97.910870
378.468002,154.823560,97.923534
378.468067,154.823560,97.924378
378.468121,154.823560,97.946730
378.468171,154.823560,97.957082
378.468278,154.823560,97.975970
378.468329,154.823560,98.007542
378.468384,154.823560,98.013262
378.468419,154.823560,98.030392
378.468453,154.823560,98.048715
378.468514,154.823560,98.049758
378.468565,154.823560,98.062384
378.468612,154.823560,98.074722
378.468658,154.823560,98.080515
378.468689,154.823560,98.107293
378.468765,154.823560,98.108726
378.468825,154.823560,98.110674
378.468880,154.823560,98.132502
378.468937,154.823560,98.143483
378.469010,154.823560,98.164413
378.469100,154.823560,98.174006
378.469142,154.823560,98.174608
378.469178,154.823560,98.181718
378.469272,154.823560,98.189968
378.469317,154.823560,98.206432
378.469374,154.823560,98.224046
378.469444,154.823560,98.250579
378.469471,154.823560,98.250805
378.469549,154.823560,98.255936
378.469595,154.823560,98.256515
378.469647,154.823560,98.264746
378.469731,154.823560,98.266509
378.469838,154.823560,98.267266
378.469886,154.823560,98.274234
378.469914,154.823560,98.291088
378.469986,154.823560,98.295483
378.470010,154.823560,98.305342
378.470068,154.823560,98.361714
378.470142,154.823560,98.367965
378.470258,154.823560,98.378038
378.470399,154.823560,98.394478
378.470485,154.823560,98.400056
378.470523,154.823560,98.407590
378.470586,154.823560,98.440723
378.470664,154.823560,98.449890
378.470742,154.823560,98.462438
378.470772,154.823560,98.470099
378.470799,154.823560,86.386190
378.470821,154.823560,98.471552
378.470884,154.823560,98.483608
378.470936,154.823560,98.493352
378.470978,154.823560,98.499890
378.471015,154.823560,98.501794
378.471049,154.823560,98.507080
378.471102,154.823560,98.527192
378.471150,154.823560,98.530130
378.471210,154.823560,98.540069
378.471269,154.823560,98.542496
378.471302,154.823560,98.569546
378.471362,154.823560,98.569699
378.471421,154.823560,98.574454
378.471456,154.823560,98.585387
378.471623,154.823560,98.597237
378.471686,154.823560,98.601584
378.471725,154.823560,98.603654
378.471787,154.823560,98.614792
378.471850,154.823560,98.627245
378.471940,154.823560,98.646883
378.471989,154.823560,98.661853
378.472023,154.823560,98.664946
378.472054,154.823560,98.680078
378.472098,154.823560,98.689346
378.472163,154.823560,98.697070
378.472192,154.823560,98.698168
378.472277,154.823560,98.718320
378.472302,154.823560,98.721418
378.472387,154.823560,98.732080
378.472428,154.823560,94.047723
378.472462,154.823560,98.737238
378.472521,154.823560,98.748800
378.472573,154.823560,98.752787
378.472622,154.823560,98.757219
378.472701,154.823560,98.757714
378.472750,154.823560,98.782440
378.472807,154.823560,98.790802
378.472851,154.823560,98.797584
378.472899,154.823560,98.820402
378.472932,154.823560,98.830493
378.472961,154.823560,98.838499
378.473006,154.823560,98.851365
378.473052,154.823560,98.863046
378.473102,154.823560,98.867909
378.473169,154.823560,98.871051
378.473293,154.823560,98.884976
378.473347,154.823560,97.494638
378.473382,154.823560,98.895432
378.473416,154.823560,98.924669
378.473454,154.823560,98.925746
378.473502,154.823560,98.925987
378.473571,154.823560,98.927811
378.473614,154.823560,98.930632
378.473651,154.823560,98.936546
378.473680,154.823560,98.937037
378.473731,154.823560,98.940232
378.473861,154.823560,98.950898
378.473966,154.823560,98.956738
378.474016,154.823560,98.964443
378.474066,154.823560,98.966411
378.474093,154.823560,98.981789
378.474122,154.823560,98.994138
378.474160,154.823560,98.995067
378.474235,154.823560,99.012755
378.474271,154.823560,99.022766
378.474296,154.823560,99.026314
378.474353,154.823560,99.037587
378.474392,154.823560,99.041726
378.474430,154.823560,99.082362
378.474472,154.823560,99.110304
378.474508,154.823560,99.117325
378.474560,154.823560,99.123381
378.474596,154.823560,99.136712
378.474649,154.823560,99.145661
378.474740,154.823560,99.147875
378.474800,154.823560,99.153179
378.474842,154.823560,99.153250
378.474958,154.823560,99.175624
378.475009,154.823560,99.187024
378.475040,154.823560,99.196594
378.475122,154.823560,99.197578
378.475158,154.823560,99.197856
378.475208,154.823560,99.209067
378.475240,154.823560,99.213467
378.475283,154.823560,99.214373
378.475329,154.823560,99.226845
378.475379,154.823560,99.231678
378.475423,154.823560,99.243238
378.475455,154.823560,99.261336
378.475501,154.823560,99.274202
378.475548,154.823560,99.282221
378.475605,154.823560,99.312610
378.475635,154.823560,99.329504
378.475671,154.823560,99.348912
378.475738,154.823560,99.354075
378.475797,154.823560,99.359874
378.475869,154.823560,99.360371
378.475944,154.823560,99.360986
378.475980,154.823560,99.364178
378.476036,154.823560,99.371200
378.476073,154.823560,99.374269
378.476124,154.823560,99.379074
378.476190,154.823560,99.424907
378.476307,154.823560,99.434280
378.476347,154.823560,99.437434
378.476385,154.823560,99.445992
378.476444,154.823560,99.459677
378.476488,154.823560,99.468546
378.476605,154.823560,99.475883
378.476660,154.823560,99.479293
378.476763,154.823560,99.484982
378.476833,154.823560,99.490408
378.476882,154.823560,99.492245
378.476910,154.823560,99.506994
378.477020,154.823560,99.509298
378.477098,154.823560,99.527923
378.477143,154.823560,99.530130
378.477181,154.823560,99.530373
378.477214,154.823560,99.535730
378.477295,154.823560,99.537672
378.477331,154.823560,99.539514
378.477367,154.823560,99.540162
378.477421,154.823560,99.543058
378.477465,154.823560,99.552600
378.477493,154.823560,99.553587
378.477549,154.823560,99.556730
378.477619,154.823560,99.558085
378.477662,154.823560,99.563523
378.477701,154.823560,99.564368
378.477732,154.823560,99.568498
378.477810,154.823560,99.569378
378.477839,154.823560,99.572419
378.477874,154.823560,99.575378
378.477937,154.823560,99.584693
378.478007,154.823560,99.597504
378.478063,154.823560,99.638658
378.478100,154.823560,99.642878
378.478212,154.823560,99.650157
378.478288,154.823560,99.655674
378.478330,154.823560,99.706920
378.478370,154.823560,99.730210
378.478397,154.823560,99.735741
378.478425,154.823560,99.738019
378.478458,154.823560,99.752810
378.478502,154.823560,99.753870
378.478558,154.823560,99.768907
378.478594,154.823560,99.783208
378.478648,154.823560,99.790651
378.478685,154.823560,99.798696
378.478721,154.823560,99.799477
378.478827,154.823560,99.800069
378.478884,154.823560,99.813008
378.478936,154.823560,99.815589
378.478988,154.823560,99.816979
378.479059,154.823560,99.819666
378.479139,154.823560,99.820581
378.479192,154.823560,99.825382
378.479284,154.823560,99.829168
378.479312,154.823560,99.862006
378.479356,154.823560,87.198272
378.479380,154.823560,99.866040
378.479431,154.823560,99.887155
378.479460,154.823560,99.898720
378.479509,154.823560,99.902130
378.479582,154.823560,99.902229
378.479677,154.823560,99.910987
378.479715,154.823560,99.926429
378.479805,154.823560,99.930946
378.479848,154.823560,99.931122
378.479874,154.823560,99.933510
378.479925,154.823560,99.941669
378.479967,154.823560,99.952021
378.480052,154.823560,99.956285
378.480088,154.823560,99.962549
378.480222,154.823560,99.973283
378.480261,154.823560,99.981298
378.480316,154.823560,99.988971
378.480353,154.823560,99.989699
378.480503,154.823560,99.999090
378.480564,154.823560,100.004248
378.480618,154.823560,100.017210
378.480657,154.823560,100.049050
378.480723,154.823560,100.054741
378.480757,154.823560,100.072032
378.480794,154.823560,100.073078
378.480898,154.823560,100.073480
378.480928,154.823560,100.076014
378.481051,154.823560,100.095816
378.481096,154.823560,100.097170
378.481161,154.823560,100.129978
378.481198,154.823560,100.138216
378.481235,154.823560,100.139006
378.481300,154.823560,100.141490
378.481336,154.823560,100.171091
378.481372,154.823560,100.178304
378.481408,154.823560,100.180950
378.481438,154.823560,88.799040
378.481462,154.823560,100.182293
378.481573,154.823560,100.185238
378.481604,154.823560,100.185854
378.481747,154.823560,100.200859
378.481805,154.823560,100.217458
378.481881,154.823560,100.223965
378.481919,154.823560,100.226198
378.481967,154.823560,100.228061
378.482006,154.823560,93.229294
378.482042,154.823560,100.241381
378.482087,154.823560,100.243744
378.482124,154.823560,100.247627
378.482188,154.823560,100.258917
378.482230,154.823560,100.260976
378.482265,154.823560,100.276222
378.482324,154.823560,100.277818
378.482360,154.823560,100.283678
378.482414,154.823560,100.295149
378.482454,154.823560,100.295816
378.482493,154.823560,100.307443
378.482525,154.823560,100.312454
378.482566,154.823560,100.332514
378.482688,154.823560,100.338747
378.482727,154.823560,100.363725
378.482783,154.823560,100.389250
378.482858,154.823560,100.395726
378.482946,154.823560,100.409166
378.483022,154.823560,100.421107
378.483052,154.823560,100.421926
378.483100,154.823560,100.428056
378.483149,154.823560,100.430906
378.483191,154.823560,100.445226
378.483237,154.823560,100.448477
378.483296,154.823560,100.454082
378.483348,154.823560,100.470536
378.483411,154.823560,100.496317
378.483443,154.823560,100.498459
378.483509,154.823560,100.499283
378.483600,154.823560,100.501035
378.483653,154.823560,100.531701
378.483702,154.823560,100.547875
378.483764,154.823560,100.550909
378.483816,154.823560,100.568760
378.483868,154.823560,100.573141
378.483938,154.823560,100.575883
378.483967,154.823560,100.578259
378.484026,154.823560,100.582667
378.484103,154.823560,100.586640
378.484142,154.823560,100.596555
378.484250,154.823560,100.606064
378.484285,154.823560,100.607536
378.484321,154.823560,100.608630
378.484383,154.823560,100.633638
378.484432,154.823560,100.636325
378.484471,154.823560,100.637966
378.484520,154.823560,100.658118
378.484549,154.823560,100.661651
378.484604,154.823560,100.664218
378.484649,154.823560,100.692366
378.484685,154.823560,100.718653
378.484723,154.823560,100.731042
378.484795,154.823560,100.744200
378.484843,154.823560,100.759510
378.484875,154.823560,100.765237
378.484926,154.823560,100.774994
378.484966,154.823560,100.791306
378.485034,154.823560,100.806512
378.485076,154.823560,100.809557
378.485116,154.823560,100.810152
378.485195,154.823560,100.814066
378.485227,154.823560,100.824712
378.485262,154.823560,100.840930
378.485297,154.823560,100.852747
378.485347,154.823560,100.861461
378.485398,154.823560,100.864006
378.485453,154.823560,100.871048
378.485495,154.823560,100.885131
378.485533,154.823560,100.887542
378.485569,154.823560,100.894051
378.485624,154.823560,100.902130
378.485668,154.823560,100.904944
378.485706,154.823560,100.912429
378.485737,154.823560,100.919893
378.485829,154.823560,100.935269
378.485883,154.823560,100.938669
378.485985,154.823560,100.942109
378.486055,154.823560,100.949213
378.486104,154.823560,100.971843
378.486152,154.823560,100.975115
378.486247,154.823560,100.980826
378.486337,154.823560,100.982046
378.486368,154.823560,100.998272
378.486452,154.823560,101.006530
378.486489,154.823560,101.006824
378.486521,154.823560,101.010517
378.486584,154.823560,101.013010
378.486633,154.823560,101.013970
378.486694,154.823560,101.024621
378.486745,154.823560,101.028782
378.486783,154.823560,101.040371
378.486846,154.823560,101.044235
378.486899,154.823560,101.047906
378.486942,154.823560,101.058304
378.486983,154.823560,101.058728
378.487014,154.823560,101.069723
378.487073,154.823560,101.072421
378.487144,154.823560,101.083478
378.487240,154.823560,101.102254
378.487346,154.823560,101.108832
378.487452,154.823560,101.123955
378.487491,154.823560,101.147906
378.487526,154.823560,101.157546
378.487594,154.823560,101.165530
378.487637,154.823560,101.167538
378.487689,154.823560,101.167984
378.487752,154.823560,101.169922
378.487779,154.823560,101.172203
378.487818,154.823560,101.183006
378.487874,154.823560,101.185643
378.487911,154.823560,101.195384
378.487972,154.823560,101.220534
378.488086,154.823560,101.222432
378.488142,154.823560,101.231187
378.488196,154.823560,101.232922
378.488235,154.823560,101.238549
378.488384,154.823560,101.241939
378.488422,154.823560,101.246955
378.488460,154.823560,101.277994
378.488517,154.823560,101.294373
378.488585,154.823560,101.298472
378.488626,154.823560,101.300731
378.488693,154.823560,101.310930
378.488730,154.823560,101.317272
378.488765,154.823560,101.322789
378.488832,154.823560,101.335266
378.488865,154.823560,101.342730
378.488938,154.823560,101.350944
378.488974,154.823560,101.361506
378.489040,154.823560,101.363285
378.489128,154.823560,101.371499
378.489183,154.823560,101.382986
378.489244,154.823560,101.404440
378.489274,154.823560,101.405536
378.489314,154.823560,101.408126
378.489374,154.823560,101.409304
378.489424,154.823560,101.436664
378.489459,154.823560,101.437221
378.489571,154.823560,101.445045
378.489620,154.823560,101.448157
378.489660,154.823560,101.451675
378.489721,154.823560,101.453072
378.489764,154.823560,101.453912
378.489804,154.823560,101.463208
378.489854,154.823560,101.468299
378.489924,154.823560,101.484933
378.489955,154.823560,101.492128
378.490025,154.823560,101.495258
378.490076,154.823560,101.500802
378.490142,154.823560,101.524507
378.490181,154.823560,101.530274
378.490235,154.823560,101.547677
378.490312,154.823560,101.552104
378.490383,154.823560,101.554731
378.490419,154.823560,101.555346
378.490460,154.823560,101.556786
378.490492,154.823560,101.563866
378.490622,154.823560,101.567658
378.490661,154.823560,101.575646
378.490693,154.823560,101.577115
378.490760,154.823560,101.585440
378.490814,154.823560,101.587635
378.490884,154.823560,101.588963
378.490951,154.823560,101.589942
378.491001,154.823560,101.595040
378.491042,154.823560,101.595986
378.491105,154.823560,101.596107
378.491160,154.823560,101.605482
378.491240,154.823560,101.605842
378.491384,154.823560,101.613594
378.491432,154.823560,101.624349
378.491625,154.823560,101.628216
378.491703,154.823560,101.643371
378.491761,154.823560,101.645814
378.491827,154.823560,101.651214
378.491894,154.823560,101.654978
378.491927,154.823560,101.659739
378.491964,154.823560,101.664776
378.492003,154.823560,101.668285
378.492048,154.823560,101.671139
378.492095,154.823560,101.671346
378.492151,154.823560,101.672062
378.492208,154.823560,101.676278
378.492280,154.823560,101.683698
378.492335,154.823560,101.697237
378.492440,154.823560,101.704032
378.492495,154.823560,101.707158
378.492626,154.823560,101.731406
378.492697,154.823560,101.733216
378.492735,154.823560,101.745864
378.492848,154.823560,101.750618
378.492891,154.823560,101.751072
378.492945,154.823560,101.756981
378.493011,154.823560,101.760150
378.493130,154.823560,101.773262
378.493194,154.823560,101.781491
378.493236,154.823560,101.783002
378.493276,154.823560,101.784632
378.493331,154.823560,101.791086
378.493388,154.823560,101.792355
378.493430,154.823560,101.801790
378.493477,154.823560,101.806725
378.493606,154.823560,101.810042
378.493641,154.823560,94.845920
378.493668,154.823560,101.824392
378.493718,154.823560,101.827720
378.493750,154.823560,101.828002
378.493814,154.823560,101.839718
378.493877,154.823560,101.842376
378.493921,154.823560,101.851470
378.493986,154.823560,101.853555
378.494027,154.823560,101.854694
378.494063,154.823560,101.855574
378.494129,154.823560,101.860058
378.494205,154.823560,101.872016
378.494267,154.823560,101.874456
378.494308,154.823560,101.875886
378.494378,154.823560,101.875909
378.494425,154.823560,101.882742
378.494477,154.823560,101.896534
378.494626,154.823560,101.898920
378.494661,154.823560,101.899307
378.494694,154.823560,101.919712
378.494763,154.823560,101.930155
378.494817,154.823560,101.935992
378.494847,154.823560,86.252866
378.494874,154.823560,101.938080
378.494929,154.823560,101.943877
378.494986,154.823560,101.952789
378.495111,154.823560,101.970514
378.495168,154.823560,101.977568
378.495206,154.823560,101.978389
378.495281,154.823560,101.980040
378.495343,154.823560,101.980654
378.495484,154.823560,101.987862
378.495548,154.823560,101.999952
378.495615,154.823560,102.000907
378.495709,154.823560,102.003547
378.495769,154.823560,102.010472
378.495830,154.823560,102.015565
378.495962,154.823560,102.017811
378.495999,154.823560,102.025582
378.496057,154.823560,102.028678
378.496130,154.823560,102.036430
378.496179,154.823560,102.037694
378.496317,154.823560,102.038381
378.496365,154.823560,102.039766
378.496428,154.823560,102.043890
378.496493,154.823560,102.053974
378.496537,154.823560,102.061128
378.496600,154.823560,102.074051
378.496677,154.823560,102.079173
378.496727,154.823560,102.083952
378.496768,154.823560,102.087064
378.496805,154.823560,102.099115
378.496861,154.823560,102.105736
378.496911,154.823560,102.108427
378.496956,154.823560,102.133696
378.497041,154.823560,102.136315
378.497085,154.823560,102.142816
378.497139,154.823560,102.148862
378.497218,154.823560,102.158088
378.497260,154.823560,102.159461
378.497325,154.823560,102.159672
378.497393,154.823560,102.176610
378.497435,154.823560,102.179056
378.497494,154.823560,102.179598
378.497538,154.823560,102.187677
378.497569,154.823560,102.192947
378.497644,154.823560,102.204328
378.497687,154.823560,102.210555
378.497767,154.823560,102.215192
378.497822,154.823560,102.223155
378.497858,154.823560,90.808995
378.497886,154.823560,102.233966
378.497954,154.823560,102.239835
378.498006,154.823560,102.250838
378.498049,154.823560,102.263861
378.498115,154.823560,102.264515
378.498172,154.823560,102.274542
378.498229,154.823560,102.274949
378.498273,154.823560,102.278526
378.498347,154.823560,102.284926
378.498512,154.823560,102.287686
378.498581,154.823560,102.292254
378.498633,154.823560,102.292608
378.498677,154.823560,102.298883
378.498720,154.823560,102.306184
378.498760,154.823560,102.312954
378.498805,154.823560,102.317091
378.498870,154.823560,102.324829
378.498942,154.823560,102.334374
378.499066,154.823560,102.338683
378.499111,154.823560,79.352096
378.499151,154.823560,102.342134
378.499219,154.823560,102.356342
378.499326,154.823560,102.371515
378.499438,154.823560,102.373653
378.499486,154.823560,102.381669
378.499566,154.823560,102.386397
378.499654,154.823560,102.387022
378.499712,154.823560,102.408430
378.499779,154.823560,102.417123
378.499812,154.823560,102.436675
378.499872,154.823560,102.445976
378.499920,154.823560,89.042384
378.499961,154.823560,102.451374
378.500004,154.823560,102.463842
378.500047,154.823560,102.479293
378.500094,154.823560,102.496488
378.500208,154.823560,102.498965
378.500263,154.823560,102.502010
378.500312,154.823560,102.519928
378.500405,154.823560,102.540749
378.500443,154.823560,102.551968
378.500483,154.823560,102.559152
378.500527,154.823560,102.561544
378.500573,154.823560,102.571542
378.500696,154.823560,102.571699
378.500752,154.823560,102.575083
378.500817,154.823560,102.583974
378.500872,154.823560,102.596325
378.500995,154.823560,102.609744
378.501046,154.823560,102.611787
378.501118,154.823560,102.615926
378.501187,154.823560,102.624989
378.501246,154.823560,102.654069
378.501316,154.823560,102.689864
378.501396,154.823560,102.692390
378.501439,154.823560,102.697904
378.501554,154.823560,102.699256
378.501627,154.823560,102.702698
378.501692,154.823560,102.704003
378.501750,154.823560,102.707763
378.501822,154.823560,102.708867
378.501862,154.823560,102.714064
378.501956,154.823560,102.722240
378.502014,154.823560,102.732296
378.502071,154.823560,102.732592
378.502112,154.823560,102.738334
378.502154,154.823560,102.743125
378.502226,154.823560,102.745877
378.502288,154.823560,102.751219
378.502363,154.823560,102.757595
378.502401,154.823560,102.762016
378.502447,154.823560,102.779179
378.502500,154.823560,102.781899
378.502575,154.823560,102.794352
378.502687,154.823560,102.798126
378.502760,154.823560,102.799126
378.502806,154.823560,102.817069
378.502859,154.823560,102.839424
378.502921,154.823560,102.840002
378.502995,154.823560,102.845243
378.503054,154.823560,102.851237
378.503110,154.823560,102.856874
378.503243,154.823560,102.862549
378.503306,154.823560,102.880765
378.503518,154.823560,102.903984
378.503581,154.823560,102.905709
378.503619,154.823560,102.907939
378.503675,154.823560,102.921946
378.503775,154.823560,102.939381
378.503844,154.823560,102.945997
378.503886,154.823560,102.956474
378.504147,154.823560,102.968062
378.504200,154.823560,102.977269
378.504269,154.823560,102.978842
378.504362,154.823560,102.982008
378.504424,154.823560,102.982554
378.504480,154.823560,103.022283
378.504523,154.823560,103.028678
378.504574,154.823560,103.047379
378.504639,154.823560,103.060894
378.504679,154.823560,103.067288
378.504717,154.823560,103.069290
378.504759,154.823560,103.070904
378.504804,154.823560,103.087491
378.504933,154.823560,103.092355
378.505006,154.823560,103.093798
378.505050,154.823560,103.102723
378.505119,154.823560,103.115227
378.505161,154.823560,103.120050
378.505230,154.823560,103.120405
378.505269,154.823560,103.134994
378.505420,154.823560,103.140229
378.505475,154.823560,103.149216
378.505529,154.823560,103.150187
378.505573,154.823560,103.153891
378.505634,154.823560,103.160150
378.505713,154.823560,103.164416
378.505784,154.823560,103.171890
378.505852,154.823560,103.172822
378.505897,154.823560,103.184632
378.505956,154.823560,103.184853
378.506003,154.823560,101.928742
378.506032,154.823560,103.188131
378.506071,154.823560,103.188869
378.506194,154.823560,103.211475
378.506255,154.823560,103.216722
378.506297,154.823560,103.231797
378.506374,154.823560,103.232851
378.506408,154.823560,103.234614
378.506468,154.823560,103.239906
378.506505,154.823560,103.255997
378.506597,154.823560,103.262696
378.506641,154.823560,103.267606
378.506678,154.823560,89.046048
378.506707,154.823560,103.281813
378.506763,154.823560,103.292278
378.506813,154.823560,103.294982
378.506889,154.823560,103.299323
378.506948,154.823560,103.303602
378.507100,154.823560,103.308390
378.507159,154.823560,103.319776
378.507194,154.823560,103.319917
378.507254,154.823560,103.320478
378.507318,154.823560,103.330571
378.507370,154.823560,103.334219
378.507423,154.823560,103.335379
378.507459,154.823560,103.336653
378.507528,154.823560,103.337218
378.507583,154.823560,103.339341
378.507648,154.823560,103.345192
378.507691,154.823560,103.361453
378.507731,154.823560,103.366984
378.507806,154.823560,103.368256
378.507854,154.823560,103.368320
378.507897,154.823560,103.369480
378.507967,154.823560,103.384998
378.508072,154.823560,103.388053
378.508134,154.823560,103.389122
378.508200,154.823560,103.391035
378.508277,154.823560,103.394373
378.508338,154.823560,103.400106
378.508393,154.823560,103.405390
378.508443,154.823560,103.407160
378.508487,154.823560,103.407957
378.508523,154.823560,103.412746
378.508617,154.823560,103.417293
378.508694,154.823560,103.438288
378.508736,154.823560,100.907546
378.508772,154.823560,103.439170
378.508824,154.823560,103.441085
378.508897,154.823560,103.443000
378.508985,154.823560,103.449560
378.509063,154.823560,103.450171
378.509110,154.823560,103.455035
378.509179,154.823560,103.456094
378.509251,154.823560,103.458747
378.509301,154.823560,103.461043
378.509345,154.823560,103.465290
378.509414,154.823560,103.472371
378.509485,154.823560,103.477077
378.509597,154.823560,103.497584
378.509637,154.823560,103.503797
378.509796,154.823560,103.506234
378.509939,154.823560,103.506406
378.510009,154.823560,103.515682
378.510059,154.823560,103.518254
378.510101,154.823560,103.525560
378.510155,154.823560,103.525765
378.510195,154.823560,103.531997
378.510265,154.823560,103.534912
378.510322,154.823560,103.546416
378.510396,154.823560,103.548616
378.510463,154.823560,103.554923
378.510519,154.823560,103.555750
378.510598,154.823560,103.560448
378.510805,154.823560,103.568710
378.510842,154.823560,103.576728
378.510884,154.823560,103.584008
378.510922,154.823560,103.589757
378.510970,154.823560,103.590115
378.511036,154.823560,103.594510
378.511173,154.823560,103.595571
378.511215,154.823560,103.600706
378.511273,154.823560,103.603269
378.511315,154.823560,103.606594
378.511403,154.823560,103.614707
378.511452,154.823560,103.614730
378.511513,154.823560,103.624325
378.511584,154.823560,103.629157
378.511653,154.823560,103.630674
378.511716,154.823560,103.630845
378.511778,154.823560,103.631570
378.511907,154.823560,103.632291
378.511954,154.823560,103.639411
378.511995,154.823560,103.642478
378.512038,154.823560,103.644691
378.512091,154.823560,103.656360
378.512147,154.823560,103.662106
378.512214,154.823560,103.665213
378.512327,154.823560,103.669069
378.512399,154.823560,103.670030
378.512444,154.823560,103.670136
378.512488,154.823560,103.678322
378.512523,154.823560,103.681251
378.512567,154.823560,103.687336
378.512609,154.823560,103.687686
378.512667,154.823560,103.694112
378.512707,154.823560,103.695115
378.512796,154.823560,103.696205
378.512838,154.823560,103.711088
378.512895,154.823560,103.714686
378.512995,154.823560,103.720680
378.513062,154.823560,103.723555
378.513103,154.823560,103.724400
378.513156,154.823560,91.453411
378.513189,154.823560,96.141653
378.513260,154.823560,96.549093
378.513290,154.823560,103.725427
378.513339,154.823560,91.070704
378.513381,154.823560,103.728389
378.513427,154.823560,103.744278
378.513529,154.823560,103.745547
378.513579,154.823560,103.751382
378.513621,154.823560,103.757320
378.513679,154.823560,103.759490
378.513730,154.823560,103.762178
378.513783,154.823560,103.779179
378.513822,154.823560,103.780472
378.513890,154.823560,103.781862
378.513937,154.823560,103.798443
378.514018,154.823560,103.798949
378.514079,154.823560,103.806619
378.514112,154.823560,103.809099
378.514388,154.823560,103.810890
378.514451,154.823560,103.817915
378.514541,154.823560,103.830794
378.514581,154.823560,103.834037
378.514621,154.823560,103.836675
378.514688,154.823560,103.840005
378.514747,154.823560,103.840130
378.514809,154.823560,103.842731
378.514870,154.823560,103.843226
378.514910,154.823560,103.846362
378.514954,154.823560,103.847302
378.514997,154.823560,103.859531
378.515062,154.823560,103.861552
378.515141,154.823560,103.864018
378.515248,154.823560,103.865070
378.515310,154.823560,103.865526
378.515347,154.823560,103.866726
378.515400,154.823560,103.872915
378.515477,154.823560,96.370522
378.515521,154.823560,101.033424
378.515567,154.823560,101.058763
378.515607,154.823560,101.528050
378.515649,154.823560,103.873422
378.515729,154.823560,103.874184
378.515789,154.823560,103.874594
378.515866,154.823560,103.876835
378.515924,154.823560,103.879312
378.515976,154.823560,103.879878
378.516095,154.823560,103.881584
378.516145,154.823560,103.891946
378.516205,154.823560,103.906568
378.516248,154.823560,103.910808
378.516291,154.823560,103.912962
378.516334,154.823560,103.915266
378.516406,154.823560,103.926634
378.516533,154.823560,103.933205
378.516597,154.823560,103.936270
378.516715,154.823560,103.939472
378.516752,154.823560,103.954834
378.516806,154.823560,103.955240
378.516852,154.823560,103.956432
378.516914,154.823560,98.296515
378.516956,154.823560,103.392197
378.516998,154.823560,103.958397
378.517059,154.823560,103.959574
378.517106,154.823560,103.968363
378.517167,154.823560,103.969870
378.517212,154.823560,103.971821
378.517269,154.823560,103.997866
378.517331,154.823560,104.001032
378.517394,154.823560,104.011787
378.517474,154.823560,104.012550
378.517514,154.823560,104.012952
378.517565,154.823560,104.017456
378.517608,154.823560,104.023888
378.517647,154.823560,104.033392
378.517689,154.823560,104.036376
378.517752,154.823560,104.037544
378.517790,154.823560,104.038542
378.517822,154.823560,104.053195
378.517869,154.823560,104.055128
378.517917,154.823560,104.055819
378.518126,154.823560,104.065187
378.518271,154.823560,104.071712
378.518406,154.823560,104.075810
378.518461,154.823560,104.078525
378.518504,154.823560,104.080789
378.518706,154.823560,104.102416
378.518777,154.823560,99.114944
378.518810,154.823560,103.803186
378.518841,154.823560,104.102496
378.518915,154.823560,104.102637
378.518981,154.823560,104.104088
378.519033,154.823560,104.110309
378.519074,154.823560,104.125675
378.519120,154.823560,104.130147
378.519166,154.823560,104.130542
378.519224,154.823560,104.133925
378.519273,154.823560,104.137523
378.519330,154.823560,104.140430
378.519396,154.823560,104.142114
378.519468,154.823560,104.143690
378.519519,154.823560,104.146005
378.519645,154.823560,104.164754
378.519828,154.823560,104.173296
378.519883,154.823560,104.180829
378.519943,154.823560,104.183501
378.519987,154.823560,104.185822
378.520059,154.823560,104.193755
378.520130,154.823560,104.195339
378.520315,154.823560,104.197558
378.520392,154.823560,104.203309
378.520466,154.823560,104.205722
378.520520,154.823560,104.207126
378.520563,154.823560,104.209440
378.520615,154.823560,104.209499
378.520770,154.823560,104.210626
378.520813,154.823560,104.211528
378.520865,154.823560,104.219771
378.520993,154.823560,104.222344
378.521125,154.823560,104.223936
378.521202,154.823560,104.223971
378.521295,154.823560,104.223976
378.521363,154.823560,104.226446
378.521440,154.823560,104.230478
378.521496,154.823560,104.231299
378.521542,154.823560,104.255302
378.521596,154.823560,104.257395
378.521661,154.823560,104.260792
378.521768,154.823560,104.266189
378.521823,154.823560,93.357014
378.521855,154.823560,104.278302
378.521918,154.823560,104.288421
378.521992,154.823560,104.296259
378.522050,154.823560,104.296957
378.522142,154.823560,104.301123
378.522209,154.823560,104.302650
378.522261,154.823560,104.302746
378.522313,154.823560,104.303200
378.522449,154.823560,104.311232
378.522562,154.823560,104.312800
378.522605,154.823560,104.317850
378.522666,154.823560,104.321613
378.522780,154.823560,104.336819
378.522837,154.823560,104.337749
378.522976,154.823560,104.350950
378.523033,154.823560,104.353306
378.523080,154.823560,104.362680
378.523128,154.823560,104.366984
378.523190,154.823560,104.368395
378.523266,154.823560,104.370611
378.523328,154.823560,104.375640
378.523414,154.823560,104.376347
378.523456,154.823560,104.380922
378.523552,154.823560,104.390032
378.523601,154.823560,104.392053
378.523653,154.823560,104.394290
378.523716,154.823560,104.394446
378.523806,154.823560,104.395024
378.523850,154.823560,104.399717
378.523892,154.823560,104.403024
378.523939,154.823560,104.404128
378.523998,154.823560,104.405701
378.524066,154.823560,104.407130
378.524132,154.823560,104.410053
378.524182,154.823560,104.410280
378.524248,154.823560,104.417267
378.524307,154.823560,104.422128
378.524361,154.823560,104.422144
378.524401,154.823560,104.424928
378.524464,154.823560,104.427258
378.524536,154.823560,104.432453
378.524603,154.823560,104.432536
378.524684,154.823560,104.442112
378.524746,154.823560,104.442122
378.524821,154.823560,104.457598
378.524874,154.823560,104.467722
378.524923,154.823560,104.469235
378.524996,154.823560,104.488152
378.525042,154.823560,104.489163
378.525091,154.823560,104.494702
378.525154,154.823560,104.496406
378.525271,154.823560,104.500914
378.525321,154.823560,104.503728
378.525370,154.823560,104.507907
378.525417,154.823560,104.511867
378.525466,154.823560,104.513014
378.525541,154.823560,104.521827
378.525625,154.823560,104.533115
378.525684,154.823560,104.541064
378.525725,154.823560,104.543592
378.525805,154.823560,104.545773
378.525863,154.823560,104.547091
378.525968,154.823560,104.554150
378.526012,154.823560,104.557853
378.526085,154.823560,104.564950
378.526158,154.823560,104.572344
378.526201,154.823560,104.573744
378.526244,154.823560,104.586141
378.526292,154.823560,90.100824
378.526335,154.823560,104.586915
378.526434,154.823560,104.596307
378.526512,154.823560,104.599229
378.526559,154.823560,104.601510
378.526677,154.823560,104.604349
378.526756,154.823560,104.606338
378.526803,154.823560,104.611979
378.526878,154.823560,104.616696
378.526957,154.823560,104.628558
378.527012,154.823560,104.630726
378.527073,154.823560,104.631411
378.527157,154.823560,104.644342
378.527201,154.823560,104.646773
378.527280,154.823560,104.654926
378.527352,154.823560,104.663066
378.527399,154.823560,104.678139
378.527455,154.823560,104.679710
378.527511,154.823560,104.682306
378.527563,154.823560,104.682790
378.527634,154.823560,104.683061
378.527696,154.823560,104.686715
378.527757,154.823560,104.686920
378.527822,154.823560,104.699034
378.527876,154.823560,104.700395
378.527971,154.823560,104.704562
378.528057,154.823560,104.711614
378.528095,154.823560,104.719794
378.528173,154.823560,104.720187
378.528228,154.823560,104.727771
378.528272,154.823560,104.733430
378.528309,154.823560,104.737155
378.528360,154.823560,104.741802
378.528433,154.823560,104.742792
378.528488,154.823560,104.742888
378.528542,154.823560,104.751237
378.528617,154.823560,104.754235
378.528683,154.823560,104.768542
378.528792,154.823560,104.769563
378.528928,154.823560,104.769688
378.528967,154.823560,104.779979
378.529021,154.823560,104.797584
378.529084,154.823560,104.803744
378.529142,154.823560,104.803758
378.529219,154.823560,104.806378
378.529276,154.823560,104.811232
378.529323,154.823560,104.818219
378.529371,154.823560,104.818506
378.529413,154.823560,104.820053
378.529460,154.823560,104.823683
378.529528,154.823560,104.833070
378.529577,154.823560,104.837037
378.529636,154.823560,104.840104
378.529685,154.823560,104.840370
378.529744,154.823560,104.844594
378.529794,154.823560,104.845686
378.529850,154.823560,102.670493
378.529894,154.823560,104.850094
378.529949,154.823560,104.855019
378.530004,154.823560,104.860538
378.530071,154.823560,104.861387
378.530144,154.823560,104.870502
378.530184,154.823560,104.886867
378.530231,154.823560,104.889323
378.530270,154.823560,104.890786
378.530337,154.823560,104.892072
378.530399,154.823560,104.897186
378.530454,154.823560,104.899019
378.530703,154.823560,104.907651
378.530760,154.823560,104.908512
378.530878,154.823560,104.915347
378.531010,154.823560,104.918176
378.531125,154.823560,104.921427
378.531185,154.823560,104.922330
378.531234,154.823560,104.924378
378.531284,154.823560,104.954493
378.531391,154.823560,104.954834
378.531427,154.823560,104.957378
378.531500,154.823560,104.969656
378.531555,154.823560,104.971798
378.531685,154.823560,104.975490
378.531745,154.823560,104.994752
378.531884,154.823560,105.002821
378.531933,154.823560,105.006669
378.531979,154.823560,105.006798
378.532017,154.823560,105.007314
378.532097,154.823560,105.012486
378.532154,154.823560,105.013664
378.532204,154.823560,105.014338
378.532289,154.823560,105.015952
378.532335,154.823560,105.026466
378.532416,154.823560,105.027434
378.532457,154.823560,105.031496
378.532515,154.823560,105.032808
378.532560,154.823560,105.036782
378.532605,154.823560,105.037387
378.532643,154.823560,105.039558
378.532682,154.823560,100.355202
378.532713,154.823560,105.050114
378.532771,154.823560,105.057632
378.532826,154.823560,105.065445
378.532901,154.823560,105.066398
378.532979,154.823560,105.068782
378.533033,154.823560,105.073227
378.533077,154.823560,105.073669
378.533138,154.823560,105.078501
378.533185,154.823560,105.079082
378.533307,154.823560,105.084654
378.533364,154.823560,105.090974
378.533424,154.823560,105.093258
378.533473,154.823560,105.093554
378.533539,154.823560,105.100984
378.533588,154.823560,105.103069
378.533636,154.823560,105.105898
378.533682,154.823560,105.110710
378.533748,154.823560,105.122448
378.533797,154.823560,105.129837
378.533873,154.823560,105.137448
378.533927,154.823560,105.139176
378.533995,154.823560,105.142323
378.534061,154.823560,105.146374
378.534119,154.823560,105.149571
378.534157,154.823560,105.149763
378.534243,154.823560,105.150608
378.534287,154.823560,105.159992
378.534338,154.823560,105.164638
378.534397,154.823560,105.175779
378.534460,154.823560,105.177072
378.534527,154.823560,105.192525
378.534568,154.823560,105.200218
378.534626,154.823560,105.201282
378.534675,154.823560,105.223238
378.534719,154.823560,105.225659
378.534766,154.823560,105.237270
378.534804,154.823560,105.250614
378.534872,154.823560,105.269587
378.534942,154.823560,105.272168
378.535012,154.823560,105.280512
378.535079,154.823560,105.282059
378.535130,154.823560,105.283040
378.535176,154.823560,105.286066
378.535215,154.823560,105.294075
378.535254,154.823560,105.311562
378.535335,154.823560,105.319522
378.535412,154.823560,105.322779
378.535468,154.823560,105.327213
378.535533,154.823560,105.329882
378.535592,154.823560,105.335723
378.535642,154.823560,105.337738
378.535701,154.823560,105.340752
378.535767,154.823560,105.347576
378.535812,154.823560,105.347794
378.535875,154.823560,105.350418
378.535935,154.823560,105.358688
378.536003,154.823560,105.361518
378.536045,154.823560,105.376856
378.536106,154.823560,105.383205
378.536229,154.823560,105.383429
378.536291,154.823560,105.392352
378.536353,154.823560,105.397954
378.536431,154.823560,105.399824
378.536476,154.823560,105.400824
378.536604,154.823560,105.411358
378.536701,154.823560,105.414002
378.536845,154.823560,105.416170
378.536905,154.823560,105.422512
378.536977,154.823560,105.428182
378.537051,154.823560,105.430150
378.537132,154.823560,105.432734
378.537291,154.823560,105.433475
378.537349,154.823560,105.439339
378.537390,154.823560,105.442530
378.537439,154.823560,105.453806
378.537489,154.823560,105.455373
378.537632,154.823560,105.456773
378.537722,154.823560,105.463202
378.537797,154.823560,105.464128
378.537881,154.823560,105.465646
378.537925,154.823560,105.467579
378.537990,154.823560,105.468138
378.538054,154.823560,105.480187
378.538109,154.823560,105.482480
378.538183,154.823560,95.851592
378.538228,154.823560,100.662395
378.538276,154.823560,101.126285
378.538320,154.823560,105.486168
378.538390,154.823560,105.492360
378.538457,154.823560,105.513635
378.538538,154.823560,105.519205
378.538577,154.823560,105.537554
378.538618,154.823560,105.541126
378.538688,154.823560,105.542304
378.538736,154.823560,105.549763
378.538807,154.823560,105.554632
378.538874,154.823560,105.572021
378.538939,154.823560,105.572600
378.539011,154.823560,105.575886
378.539093,154.823560,105.579104
378.539131,154.823560,105.584514
378.539185,154.823560,105.593458
378.539266,154.823560,105.595339
378.539410,154.823560,105.599019
378.539487,154.823560,105.603744
378.539547,154.823560,105.631710
378.539611,154.823560,105.632120
378.539664,154.823560,99.870346
378.539708,154.823560,105.643728
378.539757,154.823560,105.653901
378.539863,154.823560,105.655874
378.539933,154.823560,105.657995
378.539981,154.823560,105.659013
378.540082,154.823560,105.666986
378.540180,154.823560,105.681403
378.540254,154.823560,105.689664
378.540303,154.823560,105.691950
378.540353,154.823560,105.694195
378.540415,154.823560,105.697216
378.540460,154.823560,95.149077
378.540493,154.823560,105.699730
378.540543,154.823560,105.723182
378.540588,154.823560,105.724360
378.540637,154.823560,105.727184
378.540698,154.823560,105.728571
378.540742,154.823560,89.717686
378.540774,154.823560,105.736232
378.540825,154.823560,105.741619
378.540896,154.823560,105.743258
378.540938,154.823560,104.161824
378.540970,154.823560,105.763589
378.541037,154.823560,105.783069
378.541091,154.823560,105.786550
378.541144,154.823560,105.787718
378.541202,154.823560,105.788896
378.541253,154.823560,105.795178
378.541379,154.823560,105.822598
378.541484,154.823560,105.824893
378.541547,154.823560,105.826456
378.541592,154.823560,105.826747
378.541626,154.823560,105.834885
378.541677,154.823560,105.842885
378.541741,154.823560,105.857797
378.541795,154.823560,105.860666
378.541863,154.823560,105.860893
378.541929,154.823560,105.861658
378.542011,154.823560,105.861664
378.542094,154.823560,105.862307
378.542211,154.823560,105.864280
378.542275,154.823560,105.870344
378.542331,154.823560,105.872048
378.542378,154.823560,105.880635
378.542447,154.823560,105.881558
378.542516,154.823560,105.884139
378.542572,154.823560,98.721781
378.542604,154.823560,105.886038
378.542662,154.823560,105.886778
378.542711,154.823560,105.893946
378.542780,154.823560,105.916546
378.542837,154.823560,105.917134
378.542889,154.823560,105.917542
378.542933,154.823560,105.917989
378.542995,154.823560,105.918901
378.543044,154.823560,105.946210
378.543122,154.823560,105.949075
378.543171,154.823560,92.404654
378.543204,154.823560,97.471875
378.543238,154.823560,102.160117
378.543271,154.823560,105.956384
378.543340,154.823560,105.957744
378.543388,154.823560,105.960509
378.543469,154.823560,105.973283
378.543516,154.823560,105.976762
378.543580,154.823560,105.982446
378.543651,154.823560,105.985149
378.543689,154.823560,101.229250
378.543721,154.823560,105.986285
378.543863,154.823560,106.002880
378.543968,154.823560,106.002888
378.544022,154.823560,106.005363
378.544072,154.823560,106.007350
378.544126,154.823560,106.008944
378.544178,154.823560,106.010045
378.544250,154.823560,106.014302
378.544293,154.823560,106.021906
378.544331,154.823560,106.033088
378.544370,154.823560,106.046955
378.544419,154.823560,106.048158
378.544498,154.823560,106.052152
378.544568,154.823560,106.059576
378.544639,154.823560,106.060254
378.544692,154.823560,106.063218
378.544748,154.823560,106.072542
378.544816,154.823560,106.073910
378.544963,154.823560,106.081850
378.545052,154.823560,106.082200
378.545112,154.823560,106.084531
378.545177,154.823560,106.088480
378.545223,154.823560,106.091691
378.545296,154.823560,106.093605
378.545366,154.823560,106.100507
378.545408,154.823560,105.617274
378.545440,154.823560,106.102190
378.545481,154.823560,106.119648
378.545519,154.823560,106.120091
378.545584,154.823560,106.120118
378.545654,154.823560,106.128586
378.545732,154.823560,106.129109
378.545886,154.823560,106.133744
378.545928,154.823560,106.133982
378.545996,154.823560,106.140174
378.546059,154.823560,106.164456
378.546123,154.823560,106.164502
378.546175,154.823560,106.166746
378.546262,154.823560,106.176955
378.546301,154.823560,106.183002
378.546371,154.823560,106.192557
378.546451,154.823560,106.194133
378.546505,154.823560,106.201928
378.546554,154.823560,106.204027
378.546599,154.823560,106.208832
378.546658,154.823560,106.212605
378.546720,154.823560,106.216299
378.546792,154.823560,106.219637
378.546840,154.823560,106.224498
378.546903,154.823560,106.229038
378.546953,154.823560,106.243522
378.546995,154.823560,106.249584
378.547041,154.823560,106.258443
378.547132,154.823560,106.261506
378.547181,154.823560,106.264333
378.547304,154.823560,106.272434
378.547368,154.823560,106.283723
378.547434,154.823560,106.291126
378.547471,154.823560,106.292210
378.547532,154.823560,106.294376
378.547582,154.823560,106.299019
378.547698,154.823560,106.300472
378.547752,154.823560,106.304922
378.547811,154.823560,106.310608
378.547872,154.823560,106.311320
378.547915,154.823560,106.311410
378.547993,154.823560,106.313256
378.548030,154.823560,106.315301
378.548108,154.823560,106.317376
378.548155,154.823560,106.319933
378.548204,154.823560,106.322598
378.548269,154.823560,106.322888
378.548321,154.823560,106.328062
378.548391,154.823560,106.330400
378.548483,154.823560,106.334704
378.548536,154.823560,106.338736
378.548599,154.823560,106.340194
378.548650,154.823560,106.341770
378.548739,154.823560,106.341843
378.548861,154.823560,106.343906
378.548901,154.823560,106.361768
378.548952,154.823560,106.369376
378.549022,154.823560,106.380106
378.549155,154.823560,106.383346
378.549237,154.823560,106.389293
378.549344,154.823560,106.390936
378.549387,154.823560,106.400456
378.549463,154.823560,106.413091
378.549546,154.823560,106.418930
378.549616,154.823560,106.423414
378.549660,154.823560,106.426246
378.549703,154.823560,106.437688
378.549785,154.823560,106.445992
378.549838,154.823560,106.449086
378.549891,154.823560,106.459504
378.549935,154.823560,106.465970
378.550062,154.823560,106.468219
378.550122,154.823560,106.474586
378.550170,154.823560,106.475859
378.550245,154.823560,106.475926
378.550443,154.823560,106.478075
378.550512,154.823560,106.483899
378.550566,154.823560,106.505458
378.550610,154.823560,106.506707
378.550658,154.823560,106.509411
378.550712,154.823560,97.720491
378.550766,154.823560,106.510080
378.550832,154.823560,106.524608
378.550883,154.823560,106.528730
378.550951,154.823560,106.535338
378.551001,154.823560,106.544802
378.551082,154.823560,106.548318
378.551206,154.823560,106.552981
378.551282,154.823560,106.553238
378.551346,154.823560,106.571238
378.551469,154.823560,106.572600
378.551534,154.823560,106.575306
378.551737,154.823560,106.584955
378.551790,154.823560,106.587051
378.551949,154.823560,106.602866
378.552067,154.823560,106.603715
378.552119,154.823560,106.607139
378.552158,154.823560,106.610734
378.552348,154.823560,106.613048
378.552499,154.823560,106.614826
378.552590,154.823560,106.620598
378.552657,154.823560,106.622125
378.552818,154.823560,106.624178
378.552896,154.823560,106.630155
378.552943,154.823560,106.639339
378.553009,154.823560,106.644272
378.553096,154.823560,106.646192
378.553163,154.823560,106.656232
378.553308,154.823560,106.656462
378.553360,154.823560,106.662890
378.553468,154.823560,106.672008
378.553542,154.823560,106.675216
378.553589,154.823560,106.680250
378.553657,154.823560,106.683720
378.553716,154.823560,106.698152
378.553805,154.823560,106.699672
378.553873,154.823560,106.701469
378.553948,154.823560,106.702443
378.554003,154.823560,106.705342
378.554144,154.823560,106.713040
378.554195,154.823560,106.715446
378.554314,154.823560,106.716262
378.554382,154.823560,106.720342
378.554478,154.823560,106.720776
378.554534,154.823560,106.725464
378.554584,154.823560,106.727758
378.554645,154.823560,106.729709
378.554706,154.823560,106.735941
378.554777,154.823560,106.744958
378.554850,154.823560,106.750899
378.554914,154.823560,106.753082
378.554991,154.823560,106.753110
378.555066,154.823560,106.754013
378.555135,154.823560,106.755152
378.555175,154.823560,106.760525
378.555242,154.823560,106.762797
378.555353,154.823560,106.764442
378.555416,154.823560,106.783093
378.555475,154.823560,106.783576
378.555516,154.823560,104.383627
378.555550,154.823560,106.785614
378.555608,154.823560,106.788686
378.555676,154.823560,106.791432
378.555718,154.823560,106.796915
378.555941,154.823560,106.797142
378.556058,154.823560,106.798437
378.556120,154.823560,106.803418
378.556169,154.823560,106.815157
378.556295,154.823560,106.821234
378.556334,154.823560,106.824666
378.556377,154.823560,106.833147
378.556466,154.823560,106.834867
378.556540,154.823560,106.838560
378.556595,154.823560,106.841034
378.556681,154.823560,106.841766
378.556735,154.823560,106.860902
378.556855,154.823560,106.860958
378.556935,154.823560,106.875906
378.557087,154.823560,106.878597
378.557155,154.823560,106.879307
378.557236,154.823560,106.893014
378.557289,154.823560,106.898763
378.557423,154.823560,106.905250
378.557478,154.823560,106.923234
378.557545,154.823560,106.925872
378.557592,154.823560,106.926432
378.557642,154.823560,106.927258
378.557717,154.823560,106.932904
378.557779,154.823560,106.935522
378.557849,154.823560,106.936581
378.557932,154.823560,106.939982
378.558006,154.823560,106.942461
378.558063,154.823560,106.956437
378.558128,154.823560,106.963008
378.558196,154.823560,106.971155
378.558280,154.823560,106.975346
378.558346,154.823560,106.979162
378.558409,154.823560,106.981512
378.558490,154.823560,106.982280
378.558601,154.823560,106.986413
378.558661,154.823560,106.991014
378.558714,154.823560,106.992053
378.558791,154.823560,106.997077
378.558846,154.823560,106.998272
378.558924,154.823560,107.001195
378.558974,154.823560,107.001526
378.559026,154.823560,107.003202
378.559105,154.823560,107.009213
378.559200,154.823560,107.010000
378.559276,154.823560,107.020686
378.559378,154.823560,107.022906
378.559422,154.823560,98.007960
378.559456,154.823560,107.025098
378.559524,154.823560,107.026275
378.559577,154.823560,107.031090
378.559618,154.823560,107.038971
378.559655,154.823560,107.042086
378.559698,154.823560,107.047602
378.559754,154.823560,107.048997
378.559817,154.823560,107.049701
378.559870,154.823560,107.050582
378.559999,154.823560,107.057090
378.560070,154.823560,107.058331
378.560183,154.823560,107.066302
378.560245,154.823560,107.076371
378.560330,154.823560,107.081850
378.560387,154.823560,107.082752
378.560454,154.823560,107.087814
378.560549,154.823560,107.091824
378.560614,154.823560,107.094819
378.560670,154.823560,107.094845
378.560726,154.823560,107.097990
378.560816,154.823560,107.098312
378.560920,154.823560,107.099085
378.560990,154.823560,107.124056
378.561104,154.823560,107.124235
378.561167,154.823560,107.125437
378.561221,154.823560,107.128248
378.561270,154.823560,107.140050
378.561325,154.823560,107.140992
378.561378,154.823560,107.141018
378.561427,154.823560,107.141544
378.561498,154.823560,107.143216
378.561544,154.823560,107.158898
378.561602,154.823560,107.162864
378.561662,154.823560,107.176203
378.561719,154.823560,107.176235
378.561763,154.823560,107.187443
378.561842,154.823560,107.188720
378.561896,154.823560,107.205930
378.561958,154.823560,107.222450
378.562028,154.823560,107.224210
378.562091,154.823560,107.230006
378.562159,154.823560,107.234966
378.562225,154.823560,107.238557
378.562284,154.823560,107.240235
378.562372,154.823560,107.246110
378.562438,154.823560,107.256819
378.562504,154.823560,107.262696
378.562574,154.823560,107.279938
378.562658,154.823560,107.282048
378.562760,154.823560,107.284128
378.562824,154.823560,107.290549
378.562869,154.823560,107.291179
378.562937,154.823560,107.303837
378.563057,154.823560,107.307254
378.563138,154.823560,107.310082
378.563216,154.823560,107.319693
378.563281,154.823560,107.323402
378.563360,154.823560,107.331107
378.563413,154.823560,107.343915
378.563482,154.823560,107.359418
378.563549,154.823560,107.367064
378.563635,154.823560,107.372574
378.563699,154.823560,107.373046
378.563761,154.823560,107.375498
378.563824,154.823560,107.380394
378.563901,154.823560,107.380512
378.563969,154.823560,107.384381
378.564013,154.823560,107.384680
378.564157,154.823560,107.385611
378.564296,154.823560,107.386146
378.564419,154.823560,107.390190
378.564479,154.823560,92.303930
378.564524,154.823560,97.220600
378.564559,154.823560,97.661920
378.564594,154.823560,107.397757
378.564660,154.823560,107.398197
378.564723,154.823560,107.399189
378.564789,154.823560,107.408635
378.564856,154.823560,107.415776
378.564982,154.823560,107.420091
378.565039,154.823560,107.420715
378.565123,154.823560,107.432050
378.565199,154.823560,107.437816
378.565322,154.823560,107.440862
378.565381,154.823560,95.760072
378.565430,154.823560,107.443344
378.565532,154.823560,107.445451
378.565581,154.823560,107.445634
378.565681,154.823560,107.448360
378.565739,154.823560,107.452152
378.565808,154.823560,107.461808
378.565847,154.823560,107.463630
378.565909,154.823560,107.465064
378.565968,154.823560,107.466418
378.566021,154.823560,107.473419
378.566134,154.823560,107.478214
378.566184,154.823560,107.479536
378.566233,154.823560,107.480840
378.566284,154.823560,107.481168
378.566369,154.823560,107.484242
378.566424,154.823560,107.499208
378.566497,154.823560,107.501643
378.566551,154.823560,107.502544
378.566599,154.823560,107.520858
378.566684,154.823560,107.531368
378.566749,154.823560,107.532483
378.566841,154.823560,107.542373
378.566910,154.823560,107.543826
378.566973,154.823560,107.546906
378.567050,154.823560,107.548274
378.567105,154.823560,107.553213
378.567227,154.823560,107.556205
378.567280,154.823560,107.556608
378.567364,154.823560,107.559277
378.567449,154.823560,107.565926
378.567584,154.823560,107.566016
378.567650,154.823560,107.582902
378.567712,154.823560,107.585395
378.567795,154.823560,107.595389
378.567858,154.823560,107.596146
378.567928,154.823560,107.600208
378.567992,154.823560,107.602773
378.568055,154.823560,107.605970
378.568121,154.823560,107.609536
378.568358,154.823560,107.609586
378.568427,154.823560,107.611557
378.568482,154.823560,107.623379
378.568573,154.823560,107.631288
378.568634,154.823560,107.633557
378.568676,154.823560,107.633757
378.568742,154.823560,107.636379
378.568805,154.823560,107.637363
378.568883,154.823560,107.638259
378.568943,154.823560,107.639923
378.569025,154.823560,107.640992
378.569085,154.823560,107.642589
378.579803,154.823560,95.530947
378.579807,154.823560,107.642589
378.579815,154.823560,102.694941
378.579825,154.823560,107.642589
378.608444,154.823560,107.642846
378.610819,154.823560,101.633293
378.610833,154.823560,107.642846
378.610894,154.823560,105.138182
378.610924,154.823560,107.642846
378.625810,154.823560,103.375235
378.625842,154.823560,107.642846
378.642119,154.823560,103.004160
378.642123,154.823560,107.642846
378.642846,154.823560,100.480544
378.642849,154.823560,100.893518
378.642913,154.823560,107.642846
378.642973,154.823560,103.004160
378.642976,154.823560,107.642846
378.643657,154.823560,100.480544
378.643661,154.823560,100.893518
378.643727,154.823560,107.642846
378.655396,154.823560,96.924206
378.655427,154.823560,102.282197
378.655440,154.823560,107.642846
378.655581,154.823560,95.139773
378.655611,154.823560,99.828014
378.655623,154.823560,99.845766
378.655641,154.823560,105.848686
378.655666,154.823560,107.642846
378.668854,154.823560,100.282874
378.668903,154.823560,107.642846
378.675396,154.823560,98.545763
378.675400,154.823560,107.642846
378.675408,154.823560,105.369146
378.675417,154.823560,107.642846
378.675431,154.823560,102.963120
378.675451,154.823560,103.426022
378.675461,154.823560,107.642846
378.676409,154.823560,105.422422
378.676418,154.823560,107.642846
378.676518,154.823560,102.678000
378.676539,154.823560,107.340902
378.676549,154.823560,107.642846
378.678465,154.823560,93.793429
378.678469,154.823560,107.642846
378.678519,154.823560,92.400342
378.678522,154.823560,107.642846
378.678529,154.823560,97.467563
378.678538,154.823560,102.656309
378.678541,154.823560,107.642846
378.678801,154.823560,93.799576
378.678816,154.823560,107.642846
378.685315,154.823560,93.711906
378.685347,154.823560,99.069896
378.685362,154.823560,107.642846
378.691086,154.823560,94.784907
378.691108,154.823560,99.473149
378.691112,154.823560,107.642846
378.692764,154.823560,106.244384
378.692944,154.823560,107.642846
378.693402,154.823560,84.276024
378.693564,154.823560,107.642846
378.695092,154.823560,106.852562
378.695134,154.823560,107.642846
378.746011,154.823560,107.644563
378.769557,154.823560,96.317600
378.769560,154.823560,107.644563
378.770110,154.823560,101.900792
378.770113,154.823560,107.644563
378.770122,154.823560,98.080547
378.770125,154.823560,106.587773
378.770130,154.823560,107.644563
378.795977,154.823560,97.632378
378.795986,154.823560,102.990368
378.795989,154.823560,107.644563
378.796192,154.823560,105.475048
378.796201,154.823560,107.644563
378.816283,154.823560,105.722307
378.816286,154.823560,107.644563
378.816353,154.823560,104.169251
378.816356,154.823560,107.644563
378.817530,154.823560,99.890840
378.817533,154.823560,107.644563
378.817792,154.823560,107.347171
378.817794,154.823560,107.644563
378.824975,154.823560,98.832406
378.824982,154.823560,103.708800
378.824985,154.823560,107.644563
378.835527,154.823560,100.036150
378.835530,154.823560,102.358949
378.835543,154.823560,107.047190
378.835546,154.823560,107.644563
378.835647,154.823560,104.173210
378.835702,154.823560,107.644563
378.841222,154.823560,107.645650
378.841264,154.823560,107.650843
378.841305,154.823560,107.651485
378.841384,154.823560,107.655206
378.841499,154.823560,107.664352
378.841540,154.823560,107.668918
378.841583,154.823560,107.692686
378.841600,154.823560,107.705429
378.841651,154.823560,107.758872
378.841678,154.823560,107.762194
378.841719,154.823560,107.765325
378.841743,154.823560,107.772030
378.841854,154.823560,107.776178
378.841897,154.823560,107.783675
378.841927,154.823560,107.785355
378.841982,154.823560,107.793586
378.842043,154.823560,107.799198
378.842109,154.823560,107.803574
378.842177,154.823560,107.814520
378.842203,154.823560,107.828544
378.842255,154.823560,107.838339
378.842299,154.823560,107.860056
378.842347,154.823560,107.878898
378.842391,154.823560,107.886054
378.842446,154.823560,107.890562
378.842553,154.823560,107.894808
378.842585,154.823560,107.903960
378.842625,154.823560,107.904075
378.842672,154.823560,107.908338
378.842699,154.823560,107.921250
378.842745,154.823560,107.933115
378.842782,154.823560,107.934269
378.842835,154.823560,107.940493
378.842862,154.823560,107.944802
378.842926,154.823560,107.969557
378.842967,154.823560,107.971976
378.843008,154.823560,107.981251
378.843031,154.823560,107.983454
378.843064,154.823560,107.996438
378.843108,154.823560,108.004813
378.843171,154.823560,108.007555
378.843192,154.823560,108.009526
378.843241,154.823560,108.044600
378.843281,154.823560,108.045125
378.843334,154.823560,108.053797
378.843378,154.823560,108.068379
378.843447,154.823560,108.074322
378.843506,154.823560,108.076522
378.843565,154.823560,108.091755
378.843608,154.823560,108.100536
378.843650,154.823560,108.113280
378.843687,154.823560,108.115920
378.843710,154.823560,108.148496
378.843746,154.823560,108.149525
378.843779,154.823560,108.160246
378.843822,154.823560,108.164808
378.843967,154.823560,108.172560
378.844010,154.823560,108.182531
378.844101,154.823560,108.218955
378.844138,154.823560,108.249498
378.844160,154.823560,108.254662
378.844203,154.823560,108.257526
378.844285,154.823560,108.279819
378.844331,154.823560,108.282144
378.844371,154.823560,108.299906
378.844426,154.823560,108.305230
378.844529,154.823560,108.315125
378.844564,154.823560,108.315856
378.844601,154.823560,108.335882
378.844631,154.823560,108.344086
378.844673,154.823560,108.348480
378.844701,154.823560,108.361682
378.844753,154.823560,108.363835
378.844775,154.823560,108.391291
378.844799,154.823560,108.394674
378.844846,154.823560,108.395339
378.845005,154.823560,108.397536
378.845049,154.823560,108.408427
378.845100,154.823560,108.408450
378.845127,154.823560,108.413155
378.845187,154.823560,108.436758
378.845244,154.823560,108.447158
378.845288,154.823560,108.450656
378.845340,154.823560,108.458773
378.845364,154.823560,108.460978
378.845383,154.823560,108.470523
378.845406,154.823560,108.478870
378.845429,154.823560,108.492934
378.845459,154.823560,108.503173
378.845497,154.823560,108.503971
378.845541,154.823560,108.509099
378.845653,154.823560,108.509264
378.845680,154.823560,108.509549
378.845771,154.823560,108.522531
378.845818,154.823560,108.539306
378.845881,154.823560,108.545827
378.845918,154.823560,108.554098
378.845992,154.823560,108.592197
378.846023,154.823560,108.597835
378.846129,154.823560,108.597845
378.846182,154.823560,108.604006
378.846217,154.823560,108.609502
378.846261,154.823560,108.609782
378.846322,154.823560,108.610019
378.846360,154.823560,108.614824
378.846429,154.823560,108.627294
378.846571,154.823560,108.639418
378.846629,154.823560,108.651056
378.846700,154.823560,108.656486
378.846750,154.823560,108.679200
378.846775,154.823560,108.680363
378.846820,154.823560,108.693307
378.846843,154.823560,108.696506
378.846869,154.823560,108.702034
378.846918,154.823560,108.717467
378.846961,154.823560,108.757787
378.846999,154.823560,108.787194
378.847104,154.823560,108.804226
378.847159,154.823560,108.828939
378.847221,154.823560,108.847250
378.847244,154.823560,108.850486
378.847303,154.823560,108.850790
378.847407,154.823560,108.863403
378.847471,154.823560,108.863930
378.847495,154.823560,108.864304
378.847520,154.823560,108.883814
378.847541,154.823560,108.908704
378.847578,154.823560,108.920704
378.847627,154.823560,108.930510
378.847672,154.823560,108.932386
378.847723,154.823560,108.946730
378.847786,154.823560,108.964786
378.847845,154.823560,108.969808
378.847946,154.823560,108.995198
378.847985,154.823560,109.026080
378.848024,154.823560,109.035322
378.848055,154.823560,109.036704
378.848102,154.823560,109.044563
378.848149,154.823560,109.049797
378.848170,154.823560,109.050893
378.848216,154.823560,109.058725
378.848288,154.823560,109.077805
378.848326,154.823560,109.079170
378.848426,154.823560,109.096643
378.848475,154.823560,109.118424
378.848590,154.823560,109.120462
378.848654,154.823560,109.133450
378.848693,154.823560,109.143213
378.848784,154.823560,109.160798
378.848820,154.823560,109.172741
378.848885,154.823560,109.178504
378.848931,154.823560,109.184344
378.848968,154.823560,109.202770
378.849016,154.823560,109.206808
378.849060,154.823560,109.218477
378.849117,154.823560,109.219416
378.849140,154.823560,109.246726
378.849165,154.823560,109.251986
378.849255,154.823560,109.267314
378.849296,154.823560,109.272498
378.849327,154.823560,109.289166
378.849409,154.823560,109.295309
378.849462,154.823560,109.303960
378.849517,154.823560,109.306693
378.849567,154.823560,109.322402
378.849591,154.823560,109.328466
378.849694,154.823560,109.338814
378.849753,154.823560,109.355914
378.849802,154.823560,109.365950
378.849829,154.823560,109.374269
378.849853,154.823560,109.390842
378.849920,154.823560,109.407382
378.850020,154.823560,109.410574
378.850063,154.823560,109.445902
378.850132,154.823560,109.460498
378.850195,154.823560,109.461334
378.850223,154.823560,109.463709
378.850264,154.823560,109.463779
378.850295,154.823560,109.464256
378.850341,154.823560,109.471794
378.850374,154.823560,109.486045
378.850492,154.823560,109.496730
378.850553,154.823560,109.498550
378.850655,154.823560,109.523003
378.850736,154.823560,109.525184
378.850802,154.823560,109.525550
378.850847,154.823560,109.544037
378.850891,154.823560,109.561342
378.850936,154.823560,109.566050
378.851012,154.823560,109.566869
378.851097,154.823560,109.567211
378.851154,154.823560,109.569853
378.851179,154.823560,109.574728
378.851228,154.823560,109.587218
378.851259,154.823560,109.604392
378.851293,154.823560,109.607181
378.851333,154.823560,109.615704
378.851372,154.823560,109.617859
378.851420,154.823560,109.625008
378.851455,154.823560,109.625616
378.851481,154.823560,109.633634
378.851555,154.823560,109.636328
378.851604,154.823560,109.641083
378.851681,154.823560,109.643358
378.851797,154.823560,109.644590
378.851878,154.823560,109.649899
378.851926,154.823560,109.659462
378.851952,154.823560,109.659558
378.851993,154.823560,109.674822
378.852035,154.823560,109.687952
378.852070,154.823560,109.692152
378.852204,154.823560,109.696650
378.852247,154.823560,109.707456
378.852293,154.823560,109.709458
378.852371,154.823560,109.715090
378.852427,154.823560,109.715504
378.852503,154.823560,109.778510
378.852537,154.823560,109.782275
378.852583,154.823560,109.792403
378.852645,154.823560,109.813155
378.852705,154.823560,109.830816
378.852751,154.823560,109.847122
378.852802,154.823560,109.878208
378.852868,154.823560,109.881709
378.852913,154.823560,109.886546
378.852941,154.823560,109.906230
378.852998,154.823560,109.916960
378.853072,154.823560,109.926243
378.853141,154.823560,109.934317
378.853189,154.823560,109.937274
378.853224,154.823560,109.942701
378.853252,154.823560,109.977702
378.853276,154.823560,109.982973
378.853361,154.823560,109.989706
378.853409,154.823560,109.998626
378.853445,154.823560,110.012917
378.853476,154.823560,110.020784
378.853531,154.823560,98.697320
378.853554,154.823560,101.783072
378.853577,154.823560,102.715813
378.853597,154.823560,103.972013
378.853628,154.823560,105.201520
378.853658,154.823560,106.026872
378.853679,154.823560,110.023760
378.853716,154.823560,110.040781
378.853769,154.823560,110.045365
378.853789,154.823560,110.051574
378.853813,154.823560,110.069787
378.853865,154.823560,110.072334
378.853891,154.823560,107.583656
378.853911,154.823560,110.075125
378.853956,154.823560,110.080891
378.854021,154.823560,110.086504
378.854088,154.823560,110.090395
378.854226,154.823560,110.091616
378.854283,154.823560,110.092152
378.854321,154.823560,110.109458
378.854369,154.823560,110.119675
378.854403,154.823560,110.120723
378.854453,154.823560,110.138341
378.854510,154.823560,110.199888
378.854564,154.823560,110.202006
378.854666,154.823560,110.210296
378.854723,154.823560,110.211624
378.854749,154.823560,110.215278
378.854785,154.823560,110.238568
378.854807,154.823560,110.249525
378.854828,154.823560,110.261125
378.854874,154.823560,110.267438
378.854918,154.823560,110.287240
378.854949,154.823560,110.303832
378.854984,154.823560,110.306157
378.855031,154.823560,110.338080
378.855118,154.823560,110.357154
378.855163,154.823560,110.361898
378.855192,154.823560,110.370611
378.855242,154.823560,110.377416
378.855277,154.823560,110.379203
378.855321,154.823560,110.384998
378.855371,154.823560,110.410024
378.855429,154.823560,110.416299
378.855472,154.823560,110.431405
378.855517,154.823560,110.435754
378.855550,154.823560,110.444400
378.855619,154.823560,110.479035
378.855696,154.823560,110.503728
378.855738,154.823560,110.519758
378.855788,154.823560,110.538333
378.855827,154.823560,110.542555
378.855884,154.823560,110.555638
378.855925,154.823560,110.556195
378.855990,154.823560,110.562864
378.856031,154.823560,110.564125
378.856070,154.823560,110.568930
378.856119,154.823560,110.572723
378.856154,154.823560,110.577408
378.856209,154.823560,110.583918
378.856244,154.823560,104.169896
378.856273,154.823560,110.589035
378.856304,154.823560,100.923016
378.856337,154.823560,110.596022
378.856387,154.823560,110.624923
378.856430,154.823560,110.626435
378.856458,154.823560,110.649376
378.856511,154.823560,110.652222
378.856561,154.823560,110.666656
378.856615,154.823560,110.670195
378.856692,154.823560,110.672362
378.856717,154.823560,110.683587
378.856790,154.823560,110.686051
378.856837,154.823560,110.690507
378.856860,154.823560,110.705154
378.856888,154.823560,110.716989
378.856949,154.823560,110.725658
378.856974,154.823560,110.728994
378.857010,154.823560,110.733451
378.857049,154.823560,110.735048
378.857124,154.823560,110.735206
378.857148,154.823560,110.740304
378.857184,154.823560,110.740419
378.857287,154.823560,110.760358
378.857411,154.823560,110.777563
378.857455,154.823560,110.780288
378.857495,154.823560,110.783646
378.857543,154.823560,110.787059
378.857614,154.823560,110.788374
378.857643,154.823560,110.821632
378.857719,154.823560,110.828094
378.857799,154.823560,110.836739
378.857854,154.823560,110.845952
378.857897,154.823560,110.849059
378.857928,154.823560,110.888462
378.857969,154.823560,110.896000
378.858010,154.823560,110.897264
378.858042,154.823560,110.901872
378.858100,154.823560,110.914059
378.858125,154.823560,110.917474
378.858153,154.823560,110.930173
378.858235,154.823560,110.935282
378.858269,154.823560,110.969656
378.858315,154.823560,111.020032
378.858352,154.823560,111.031128
378.858397,154.823560,111.045360
378.858454,154.823560,111.063061
378.858517,154.823560,111.070262
378.858562,154.823560,111.075059
378.858611,154.823560,111.099797
378.858668,154.823560,111.107381
378.858750,154.823560,111.124693
378.858776,154.823560,111.129275
378.858822,154.823560,111.149890
378.858863,154.823560,111.151870
378.858943,154.823560,111.159149
378.858971,154.823560,111.189104
378.859015,154.823560,111.200394
378.859063,154.823560,111.215565
378.859116,154.823560,111.221554
378.859166,154.823560,111.236011
378.859226,154.823560,111.242614
378.859297,154.823560,111.246813
378.859363,154.823560,111.250931
378.859426,154.823560,111.252043
378.859455,154.823560,111.272770
378.859539,154.823560,111.278798
378.859577,154.823560,111.301565
378.859602,154.823560,111.304053
378.859672,154.823560,111.337045
378.859741,154.823560,111.353010
378.859784,154.823560,111.398976
378.859821,154.823560,111.406994
378.859870,154.823560,111.415022
378.859896,154.823560,111.424299
378.859940,154.823560,111.444070
378.859967,154.823560,111.444600
378.860014,154.823560,111.457051
378.860045,154.823560,111.468248
378.860074,154.823560,111.494142
378.860095,154.823560,111.495050
378.860145,154.823560,111.511483
378.860204,154.823560,111.520723
378.860247,154.823560,111.522638
378.860298,154.823560,111.528598
378.860371,154.823560,111.529261
378.860435,154.823560,111.530218
378.860502,154.823560,111.536181
378.860529,154.823560,111.552789
378.860607,154.823560,111.557568
378.860657,154.823560,111.559158
378.860710,154.823560,111.560891
378.860780,154.823560,111.573286
378.860816,154.823560,111.585030
378.860849,154.823560,111.589410
378.860919,154.823560,111.596773
378.860965,154.823560,111.626142
378.861052,154.823560,111.632933
378.861101,154.823560,111.654502
378.861146,154.823560,111.669650
378.861210,154.823560,111.669958
378.861248,154.823560,98.881016
378.861269,154.823560,103.182685
378.861296,154.823560,109.210424
378.861317,154.823560,111.683133
378.861384,154.823560,111.684010
378.861431,154.823560,111.703258
378.861485,154.823560,111.711134
378.861562,154.823560,111.719773
378.861610,154.823560,111.720874
378.861637,154.823560,111.728802
378.861738,154.823560,111.731034
378.861786,154.823560,111.733034
378.861816,154.823560,111.735562
378.861896,154.823560,111.739902
378.861920,154.823560,98.996730
378.861941,154.823560,111.742850
378.862052,154.823560,111.743981
378.862111,154.823560,111.758592
378.862160,154.823560,111.785803
378.862220,154.823560,111.806134
378.862393,154.823560,111.823901
378.862477,154.823560,111.843928
378.862530,154.823560,111.846827
378.862631,154.823560,111.856490
378.862674,154.823560,111.862586
378.862735,154.823560,111.870523
378.862763,154.823560,111.891253
378.862839,154.823560,111.901872
378.862874,154.823560,111.916936
378.862963,154.823560,111.921974
378.863003,154.823560,111.939894
378.863081,154.823560,111.968739
378.863163,154.823560,112.019610
378.863192,154.823560,112.045206
378.863273,154.823560,112.048979
378.863315,154.823560,112.059037
378.863354,154.823560,112.063061
378.863410,154.823560,112.075856
378.863495,154.823560,112.078547
378.863653,154.823560,112.083922
378.863734,154.823560,112.089226
378.863770,154.823560,112.090086
378.863827,154.823560,112.097717
378.863857,154.823560,112.098075
378.863917,154.823560,112.100946
378.863971,154.823560,112.103574
378.864020,154.823560,112.106531
378.864055,154.823560,112.117570
378.864088,154.823560,112.117642
378.864121,154.823560,112.122070
378.864189,154.823560,112.125304
378.864237,154.823560,112.141778
378.864285,154.823560,112.144802
378.864399,154.823560,112.151638
378.864487,154.823560,112.166560
378.864565,154.823560,112.166818
378.864611,154.823560,112.171176
378.864661,154.823560,112.171872
378.864701,154.823560,112.174475
378.864755,154.823560,112.176739
378.864802,154.823560,112.179869
378.864864,154.823560,112.180747
378.864928,154.823560,112.185366
378.864981,154.823560,112.243336
378.865012,154.823560,112.257568
378.865081,154.823560,112.284075
378.865130,154.823560,112.307187
378.865164,154.823560,112.314090
378.865227,154.823560,112.320698
378.865254,154.823560,112.326221
378.865302,154.823560,112.332923
378.865360,154.823560,112.340502
378.865424,154.823560,112.347784
378.865452,154.823560,112.353010
378.865477,154.823560,112.354475
378.865552,154.823560,112.374002
378.865606,154.823560,112.377530
378.865712,154.823560,103.645269
378.865737,154.823560,108.333510
378.865759,154.823560,108.740950
378.865781,154.823560,112.378568
378.865831,154.823560,112.402789
378.865918,154.823560,112.406363
378.866012,154.823560,112.411122
378.866055,154.823560,112.427659
378.866083,154.823560,112.427816
378.866120,154.823560,112.446126
378.866167,154.823560,112.452658
378.866219,154.823560,112.472573
378.866295,154.823560,112.498693
378.866362,154.823560,112.512486
378.866415,154.823560,112.516965
378.866451,154.823560,112.518096
378.866532,154.823560,112.523776
378.866589,154.823560,112.534845
378.866625,154.823560,112.536698
378.866672,154.823560,112.537474
378.866736,154.823560,112.544907
378.866802,154.823560,112.546989
378.866851,154.823560,112.548494
378.866879,154.823560,101.286592
378.866902,154.823560,112.576192
378.866979,154.823560,112.578074
378.867035,154.823560,112.599576
378.867083,154.823560,112.602706
378.867129,154.823560,112.605555
378.867186,154.823560,112.623581
378.867225,154.823560,112.625978
378.867269,154.823560,112.636840
378.867304,154.823560,112.640886
378.867361,154.823560,112.642112
378.867393,154.823560,112.654491
378.867457,154.823560,112.669328
378.867500,154.823560,112.696038
378.867605,154.823560,112.702205
378.867737,154.823560,112.711310
378.867838,154.823560,112.722728
378.867883,154.823560,112.726661
378.867922,154.823560,112.728018
378.867972,154.823560,112.730024
378.868006,154.823560,112.730088
378.868053,154.823560,112.745386
378.868130,154.823560,112.747362
378.868155,154.823560,112.770621
378.868182,154.823560,112.777243
378.868225,154.823560,112.785691
378.868300,154.823560,112.794549
378.868346,154.823560,112.794691
378.868415,154.823560,112.799331
378.868464,154.823560,112.811398
378.868526,154.823560,112.812040
378.868572,154.823560,112.816805
378.868606,154.823560,112.825626
378.868668,154.823560,112.829382
378.868721,154.823560,112.831798
378.868842,154.823560,112.836738
378.868891,154.823560,112.838728
378.868945,154.823560,112.839126
378.869005,154.823560,112.854488
378.869040,154.823560,112.856419
378.869075,154.823560,112.861755
378.869157,154.823560,112.883142
378.869231,154.823560,112.905043
378.869263,154.823560,112.905210
378.869325,154.823560,112.913659
378.869382,154.823560,100.630494
378.869421,154.823560,103.207354
378.869463,154.823560,105.479720
378.869520,154.823560,105.726176
378.869558,154.823560,110.340509
378.869584,154.823560,112.925192
378.869636,154.823560,112.937858
378.869676,154.823560,112.952616
378.869729,154.823560,112.956315
378.869791,154.823560,112.959531
378.869891,154.823560,112.961035
378.869994,154.823560,110.630112
378.870017,154.823560,112.986862
378.870069,154.823560,112.989384
378.870100,154.823560,113.013866
378.870176,154.823560,113.017504
378.870212,154.823560,113.020405
378.870252,154.823560,113.026421
378.870304,154.823560,113.030573
378.870353,154.823560,113.035477
378.870428,154.823560,113.048979
378.870455,154.823560,113.050357
378.870540,154.823560,113.064982
378.870585,154.823560,113.086504
378.870631,154.823560,113.087336
378.870667,154.823560,113.094454
378.870734,154.823560,113.103403
378.870789,154.823560,113.115136
378.870837,154.823560,113.116522
378.870915,154.823560,113.131128
378.870949,154.823560,113.145088
378.871034,154.823560,113.147174
378.871095,154.823560,113.151496
378.871146,154.823560,113.153829
378.871266,154.823560,113.166002
378.871381,154.823560,113.167310
378.871440,154.823560,113.190296
378.871484,154.823560,113.191778
378.871590,154.823560,113.208528
378.871658,154.823560,113.209517
378.871713,154.823560,113.211040
378.871802,154.823560,113.233930
378.871888,154.823560,113.234034
378.871948,154.823560,113.244178
378.872011,154.823560,113.260578
378.872061,154.823560,113.261963
378.872123,154.823560,113.272675
378.872165,154.823560,113.284592
378.872231,154.823560,113.298224
378.872274,154.823560,113.303611
378.872360,154.823560,113.310688
378.872450,154.823560,113.312893
378.872536,154.823560,113.322306
378.872593,154.823560,113.325725
378.872700,154.823560,113.331699
378.872761,154.823560,113.343173
378.872808,154.823560,113.366181
378.872854,154.823560,113.375595
378.872921,154.823560,113.383486
378.872963,154.823560,113.385893
378.873073,154.823560,113.392466
378.873155,154.823560,113.401634
378.873254,154.823560,113.413117
378.873292,154.823560,113.413909
378.873353,154.823560,113.425936
378.873390,154.823560,113.433400
378.873430,154.823560,113.435832
378.873518,154.823560,113.444154
378.873562,154.823560,113.456734
378.873588,154.823560,113.457646
378.873626,154.823560,113.461912
378.873724,154.823560,113.463406
378.873786,154.823560,113.483851
378.873825,154.823560,113.487925
378.873915,154.823560,113.497720
378.873977,154.823560,113.499133
378.874010,154.823560,113.501010
378.874052,154.823560,113.509899
378.874140,154.823560,113.515229
378.874181,154.823560,113.527478
378.874236,154.823560,113.527768
378.874293,154.823560,113.532870
378.874357,154.823560,113.555197
378.874403,154.823560,113.569322
378.874457,154.823560,113.570592
378.874523,154.823560,113.572374
378.874579,154.823560,113.577454
378.874642,154.823560,113.585494
378.874683,154.823560,113.589792
378.874754,154.823560,113.590336
378.874818,154.823560,113.605672
378.874860,154.823560,113.632546
378.874906,154.823560,113.635029
378.874962,154.823560,113.640365
378.875057,154.823560,113.646208
378.875143,154.823560,113.652344
378.875204,154.823560,113.656766
378.875266,154.823560,113.695512
378.875306,154.823560,113.697808
378.875390,154.823560,113.726448
378.875451,154.823560,113.731723
378.875486,154.823560,113.733525
378.875556,154.823560,113.735730
378.875602,154.823560,113.753653
378.875638,154.823560,113.754536
378.875683,154.823560,113.763230
378.875812,154.823560,113.767677
378.875864,154.823560,113.782525
378.875911,154.823560,113.796712
378.875943,154.823560,113.803430
378.875980,154.823560,113.814451
378.876011,154.823560,113.824470
378.876064,154.823560,113.828080
378.876124,154.823560,113.837170
378.876176,154.823560,113.849658
378.876219,154.823560,113.858547
378.876304,154.823560,113.872512
378.876358,154.823560,113.880702
378.876426,154.823560,113.886970
378.876516,154.823560,113.887835
378.876543,154.823560,113.898877
378.876615,154.823560,113.906426
378.876656,154.823560,113.906757
378.876710,154.823560,113.910762
378.876759,154.823560,113.910818
378.876842,154.823560,113.911350
378.876894,154.823560,113.912862
378.876945,154.823560,113.923070
378.876997,154.823560,113.948053
378.877058,154.823560,113.962144
378.877095,154.823560,113.962973
378.877148,154.823560,113.976965
378.877204,154.823560,113.979888
378.877240,154.823560,113.980278
378.877293,154.823560,114.000462
378.877340,154.823560,114.010154
378.877399,154.823560,114.014386
378.877443,154.823560,114.023070
378.877501,154.823560,114.025222
378.877541,154.823560,114.028349
378.877595,154.823560,114.028822
378.877670,154.823560,114.031264
378.877709,154.823560,114.039056
378.877738,154.823560,114.050453
378.877893,154.823560,114.071394
378.877945,154.823560,114.083459
378.877995,154.823560,114.098816
378.878049,154.823560,114.126912
378.878232,154.823560,114.148818
378.878273,154.823560,114.152771
378.878319,154.823560,114.164163
378.878446,154.823560,114.172859
378.878485,154.823560,114.178152
378.878548,154.823560,114.178869
378.878628,154.823560,114.217197
378.878705,154.823560,114.219549
378.878739,154.823560,114.221112
378.878833,154.823560,114.221139
378.878877,154.823560,114.223299
378.878949,154.823560,114.223358
378.879034,154.823560,114.226267
378.879073,154.823560,114.229408
378.879116,154.823560,114.239784
378.879170,154.823560,114.242112
378.879206,154.823560,114.245320
378.879248,154.823560,114.245870
378.879302,154.823560,114.246008
378.879338,154.823560,114.279406
378.879397,154.823560,114.284592
378.879437,154.823560,114.289800
378.879481,154.823560,114.294818
378.879566,154.823560,114.303539
378.879635,154.823560,114.306418
378.879700,154.823560,114.309325
378.879767,154.823560,114.322435
378.879819,154.823560,114.325995
378.879852,154.823560,102.321877
378.879877,154.823560,114.326878
378.879927,154.823560,114.334618
378.879980,154.823560,114.336019
378.880060,154.823560,114.337354
378.880120,154.823560,114.348402
378.880172,154.823560,114.348483
378.880226,154.823560,114.357163
378.880269,154.823560,114.372245
378.880331,154.823560,114.388478
378.880388,154.823560,114.390230
378.880481,154.823560,114.390747
378.880545,154.823560,114.397562
378.880596,154.823560,114.399802
378.880637,154.823560,114.420133
378.880678,154.823560,114.426816
378.880736,154.823560,114.429346
378.880817,154.823560,114.442011
378.880899,154.823560,114.447307
378.881008,154.823560,114.448474
378.881054,154.823560,114.453880
378.881092,154.823560,114.458915
378.881194,154.823560,114.465853
378.881286,154.823560,114.471186
378.881327,154.823560,114.473290
378.881466,154.823560,114.477670
378.881605,154.823560,114.482285
378.881721,154.823560,114.482850
378.881760,154.823560,114.488336
378.881792,154.823560,114.494853
378.881869,154.823560,114.499942
378.881944,154.823560,114.524301
378.881979,154.823560,114.525072
378.882047,154.823560,114.530781
378.882122,154.823560,114.535670
378.882156,154.823560,114.537670
378.882205,154.823560,114.545835
378.882247,154.823560,114.547056
378.882298,154.823560,114.548952
378.882336,154.823560,114.557155
378.882423,154.823560,114.566258
378.882462,154.823560,114.588538
378.882556,154.823560,114.599645
378.882588,154.823560,114.601706
378.882656,154.823560,114.607298
378.882773,154.823560,114.610109
378.882861,154.823560,114.622728
378.882912,154.823560,114.625304
378.882960,154.823560,114.629232
378.883019,154.823560,114.630845
378.883062,154.823560,114.631669
378.883110,154.823560,114.644499
378.883221,154.823560,114.681794
378.883253,154.823560,114.685254
378.883299,154.823560,114.687728
378.883328,154.823560,114.702698
378.883385,154.823560,114.705622
378.883453,154.823560,114.719739
378.883494,154.823560,114.722502
378.883552,154.823560,114.722658
378.883588,154.823560,114.729254
378.883638,154.823560,114.735730
378.883667,154.823560,114.763811
378.883751,154.823560,114.764744
378.883814,154.823560,114.775595
378.883880,154.823560,105.271272
378.883919,154.823560,108.159386
378.883962,154.823560,113.517376
378.884004,154.823560,114.775691
378.884125,154.823560,114.777776
378.884186,154.823560,114.779085
378.884252,154.823560,114.781741
378.884289,154.823560,114.781757
378.884326,154.823560,114.784608
378.884412,154.823560,114.792122
378.884448,154.823560,114.799062
378.884499,154.823560,114.812704
378.884548,154.823560,114.814285
378.884612,154.823560,114.843877
378.884668,154.823560,114.855851
378.884714,154.823560,114.864848
378.884779,154.823560,114.869635
378.884853,154.823560,114.870442
378.884891,154.823560,114.870896
378.884935,154.823560,114.873378
378.885010,154.823560,114.893090
378.885137,154.823560,114.893645
378.885172,154.823560,114.907547
378.885213,154.823560,114.930538
378.885281,154.823560,114.934266
378.885337,154.823560,114.938589
378.885385,154.823560,114.943755
378.885417,154.823560,114.953618
378.885489,154.823560,114.955680
378.885540,154.823560,114.989064
378.885602,154.823560,109.227730
378.885655,154.823560,115.006512
378.885720,154.823560,115.010715
378.885772,154.823560,115.022482
378.885807,154.823560,115.023456
378.885846,154.823560,115.025696
378.886006,154.823560,115.031133
378.886046,154.823560,115.036376
378.886096,154.823560,115.036858
378.886153,154.823560,115.045942
378.886194,154.823560,115.052242
378.886241,154.823560,115.081138
378.886293,154.823560,115.082464
378.886331,154.823560,109.196490
378.886357,154.823560,115.091186
378.886401,154.823560,115.099557
378.886461,154.823560,115.100168
378.886507,154.823560,115.100938
378.886561,154.823560,115.109299
378.886626,154.823560,115.116862
378.886681,154.823560,115.118366
378.886737,154.823560,115.127666
378.886776,154.823560,115.132384
378.886826,154.823560,115.136501
378.886867,154.823560,115.137394
378.887013,154.823560,115.139080
378.887050,154.823560,115.139243
378.887103,154.823560,115.156926
378.887168,154.823560,115.160490
378.887235,154.823560,115.174262
378.887297,154.823560,115.179194
378.887339,154.823560,115.186648
378.887381,154.823560,115.198984
378.887459,154.823560,115.205192
378.887544,154.823560,115.208208
378.887594,154.823560,115.212235
378.887634,154.823560,115.221874
378.887720,154.823560,115.230797
378.887795,154.823560,115.233634
378.887865,154.823560,115.249070
378.887954,154.823560,115.256237
378.888001,154.823560,115.268338
378.888042,154.823560,115.269525
378.888151,154.823560,115.272512
378.888207,154.823560,115.284170
378.888247,154.823560,115.288605
378.888378,154.823560,115.295264
378.888420,154.823560,115.295363
378.888473,154.823560,115.301475
378.888529,154.823560,115.304589
378.888596,154.823560,115.309517
378.888641,154.823560,115.318528
378.888708,154.823560,115.319013
378.888736,154.823560,115.319848
378.888835,154.823560,115.321160
378.888905,154.823560,115.330384
378.888946,154.823560,115.346272
378.889059,154.823560,115.351970
378.889105,154.823560,115.355878
378.889188,154.823560,115.357210
378.889257,154.823560,115.369974
378.889294,154.823560,115.377981
378.889335,154.823560,115.379731
378.889385,154.823560,109.306952
378.889425,154.823560,115.382277
378.889468,154.823560,115.387398
378.889590,154.823560,115.390146
378.889646,154.823560,115.390539
378.889786,154.823560,115.399582
378.889831,154.823560,115.402829
378.889897,154.823560,115.419219
378.889945,154.823560,115.429098
378.890001,154.823560,115.429154
378.890085,154.823560,115.431029
378.890163,154.823560,115.437494
378.890250,154.823560,115.439954
378.890341,154.823560,115.442688
378.890382,154.823560,115.452602
378.890454,154.823560,115.457675
378.890501,154.823560,115.458773
378.890543,154.823560,115.475078
378.890578,154.823560,115.478664
378.890648,154.823560,115.484218
378.890696,154.823560,115.493565
378.890765,154.823560,115.497715
378.890828,154.823560,115.500171
378.890874,154.823560,115.503589
378.890941,154.823560,115.516136
378.891000,154.823560,115.516690
378.891042,154.823560,115.516958
378.891103,154.823560,115.519790
378.891136,154.823560,115.523126
378.891247,154.823560,115.531227
378.891291,154.823560,115.538840
378.891351,154.823560,115.549736
378.891393,154.823560,115.561912
378.891453,154.823560,115.568176
378.891518,154.823560,115.591950
378.891575,154.823560,115.619658
378.891614,154.823560,115.620619
378.891644,154.823560,115.623886
378.891727,154.823560,115.636328
378.891782,154.823560,115.637248
378.891826,154.823560,115.658050
378.891934,154.823560,115.663798
378.892002,154.823560,115.676510
378.892150,154.823560,115.684941
378.892218,154.823560,115.692362
378.892271,154.823560,115.715309
378.892351,154.823560,115.716656
378.892402,154.823560,115.721672
378.892457,154.823560,115.725526
378.892529,154.823560,115.730643
378.892635,154.823560,115.731115
378.892715,154.823560,115.733394
378.892749,154.823560,104.084824
378.892777,154.823560,115.735406
378.892819,154.823560,115.741850
378.892849,154.823560,115.743922
378.892970,154.823560,115.746392
378.893019,154.823560,115.747616
378.893062,154.823560,115.751232
378.893124,154.823560,115.756213
378.893185,154.823560,115.770320
378.893225,154.823560,115.772219
378.893282,154.823560,115.775416
378.893359,154.823560,115.775627
378.893427,154.823560,115.804181
378.893463,154.823560,115.806357
378.893603,154.823560,115.812613
378.893701,154.823560,115.816798
378.893745,154.823560,115.818016
378.893791,154.823560,115.821435
378.893858,154.823560,115.823602
378.893927,154.823560,115.834181
378.893970,154.823560,115.837061
378.894003,154.823560,115.838715
378.894068,154.823560,115.848954
378.894101,154.823560,107.512662
378.894129,154.823560,115.851486
378.894172,154.823560,115.853866
378.894231,154.823560,115.864304
378.894274,154.823560,115.864848
378.894319,154.823560,115.874528
378.894390,154.823560,115.877589
378.894465,154.823560,115.884021
378.894542,154.823560,115.891750
378.894606,154.823560,115.903246
378.894650,154.823560,115.911051
378.894687,154.823560,115.912019
378.894754,154.823560,115.924360
378.894803,154.823560,115.935954
378.894841,154.823560,115.944131
378.894890,154.823560,115.945842
378.894934,154.823560,115.950496
378.894983,154.823560,115.952123
378.895038,154.823560,115.956832
378.895074,154.823560,115.964040
378.895125,154.823560,115.967040
378.895161,154.823560,115.968285
378.895194,154.823560,115.978074
378.895275,154.823560,115.980523
378.895324,154.823560,115.989485
378.895372,154.823560,115.991650
378.895489,154.823560,115.992386
378.895582,154.823560,115.994923
378.895698,154.823560,115.995474
378.895735,154.823560,116.001952
378.895868,154.823560,116.003675
378.895927,154.823560,116.003757
378.895972,154.823560,116.004970
378.896023,154.823560,116.011299
378.896076,154.823560,116.011592
378.896131,154.823560,116.017000
378.896181,154.823560,116.018982
378.896256,154.823560,116.030422
378.896344,154.823560,116.036376
378.896401,154.823560,116.042232
378.896474,154.823560,116.059994
378.896542,154.823560,116.073378
378.896668,154.823560,116.095829
378.896742,154.823560,116.107778
378.896792,154.823560,116.108445
378.896910,154.823560,116.115531
378.896965,154.823560,116.116315
378.897005,154.823560,116.117659
378.897078,154.823560,116.124152
378.897171,154.823560,116.127592
378.897222,154.823560,116.129168
378.897272,154.823560,113.957518
378.897307,154.823560,116.138821
378.897354,154.823560,116.147595
378.897389,154.823560,116.148195
378.897445,154.823560,116.161744
378.897511,154.823560,116.165522
378.897562,154.823560,116.170542
378.897629,154.823560,116.174510
378.897676,154.823560,116.177002
378.897757,154.823560,116.179090
378.897813,154.823560,116.186534
378.897875,154.823560,116.191926
378.897933,154.823560,116.192882
378.897983,154.823560,116.198253
378.898040,154.823560,116.208360
378.898104,154.823560,116.216958
378.898170,154.823560,116.223098
378.898221,154.823560,116.235979
378.898256,154.823560,110.257085
378.898284,154.823560,116.250112
378.898325,154.823560,116.261405
378.898361,154.823560,116.266904
378.898451,154.823560,116.286235
378.898550,154.823560,116.288101
378.898626,154.823560,116.288362
378.898669,154.823560,116.289390
378.898732,154.823560,116.293272
378.898776,154.823560,116.315042
378.898864,154.823560,116.324338
378.898935,154.823560,116.325117
378.898973,154.823560,116.326094
378.899037,154.823560,110.269784
378.899079,154.823560,116.326358
378.899139,154.823560,116.333816
378.899256,154.823560,116.335608
378.899334,154.823560,116.336050
378.899369,154.823560,116.337288
378.899405,154.823560,116.368248
378.899445,154.823560,116.389637
378.899494,154.823560,116.397160
378.899535,154.823560,116.400910
378.899609,154.823560,116.402590
378.899740,154.823560,116.406942
378.899801,154.823560,116.410672
378.899832,154.823560,116.411086
378.899876,154.823560,116.414486
378.899978,154.823560,116.415222
378.900057,154.823560,116.417547
378.900092,154.823560,116.418310
378.900128,154.823560,116.421309
378.900164,154.823560,116.424195
378.900256,154.823560,116.426512
378.900300,154.823560,116.428802
378.900366,154.823560,116.433197
378.900427,154.823560,116.439627
378.900473,154.823560,116.439776
378.900546,154.823560,116.440309
378.900595,154.823560,116.442070
378.900635,154.823560,116.443339
378.900721,154.823560,116.443650
378.900754,154.823560,111.174923
378.900794,154.823560,116.453259
378.900848,154.823560,116.478011
378.900897,154.823560,116.482830
378.901040,154.823560,116.490144
378.901098,154.823560,116.496546
378.901146,154.823560,116.497238
378.901227,154.823560,116.500213
378.901280,154.823560,116.500368
378.901343,154.823560,116.500747
378.901400,154.823560,116.507202
378.901464,154.823560,116.512925
378.901514,154.823560,116.520870
378.901559,154.823560,116.521062
378.901600,154.823560,116.522394
378.901646,154.823560,116.525589
378.901716,154.823560,116.528150
378.901750,154.823560,116.529411
378.901807,154.823560,116.529606
378.901869,154.823560,116.532923
378.901932,154.823560,109.906454
378.901963,154.823560,114.594696
378.901991,154.823560,115.002136
378.902031,154.823560,116.533027
378.902091,154.823560,116.548374
378.902196,154.823560,116.562152
378.902255,154.823560,116.562998
378.902311,154.823560,116.566072
378.902368,154.823560,116.570205
378.902479,154.823560,116.577186
378.902522,154.823560,116.583378
378.902580,154.823560,116.584750
378.902641,154.823560,116.587579
378.902731,154.823560,116.588488
378.902793,154.823560,116.588949
378.902851,154.823560,116.599227
378.902916,154.823560,116.599838
378.903002,154.823560,116.601926
378.903060,154.823560,116.614763
378.903102,154.823560,116.621349
378.903164,154.823560,116.622360
378.903240,154.823560,116.628613
378.903294,154.823560,116.636328
378.903360,154.823560,116.642771
378.903409,154.823560,116.660651
378.903481,154.823560,116.668810
378.903594,154.823560,116.678312
378.903628,154.823560,116.682882
378.903709,154.823560,116.689741
378.903800,154.823560,116.699618
378.903885,154.823560,116.701504
378.903941,154.823560,116.707381
378.903986,154.823560,116.710938
378.904062,154.823560,116.715624
378.904149,154.823560,116.720202
378.904220,154.823560,116.729694
378.904275,154.823560,116.737878
378.904360,154.823560,116.744427
378.904397,154.823560,116.748240
378.904474,154.823560,116.751230
378.904529,154.823560,116.753872
378.904600,154.823560,116.758350
378.904671,154.823560,116.758445
378.904737,154.823560,116.759624
378.904873,154.823560,116.765104
378.904947,154.823560,116.771885
378.905056,154.823560,116.782168
378.905111,154.823560,116.783214
378.905162,154.823560,116.792891
378.905194,154.823560,116.793632
378.905236,154.823560,116.803224
378.905335,154.823560,116.811386
378.905397,154.823560,116.821120
378.905446,154.823560,116.824360
378.905523,154.823560,116.824731
378.905614,154.823560,116.830019
378.905675,154.823560,116.831472
378.905721,154.823560,116.837302
378.905765,154.823560,116.838728
378.905825,154.823560,116.840384
378.905861,154.823560,116.845840
378.905911,154.823560,116.847032
378.906008,154.823560,116.847582
378.906202,154.823560,116.849206
378.906240,154.823560,116.851638
378.906284,154.823560,115.249070
378.906321,154.823560,116.852602
378.906376,154.823560,116.853262
378.906448,154.823560,116.861893
378.906482,154.823560,116.867531
378.906527,154.823560,116.867949
378.906581,154.823560,116.870134
378.906623,154.823560,116.875058
378.906675,154.823560,116.879979
378.906749,154.823560,116.896504
378.906842,154.823560,116.919382
378.906890,154.823560,116.922901
378.906947,154.823560,116.923026
378.907006,154.823560,116.923238
378.907054,154.823560,116.930176
378.907146,154.823560,116.932338
378.907265,154.823560,116.932883
378.907298,154.823560,99.862734
378.907328,154.823560,116.935762
378.907365,154.823560,116.950005
378.907435,154.823560,116.957829
378.907496,154.823560,116.961352
378.907548,154.823560,116.962536
378.907596,154.823560,116.972698
378.907669,154.823560,116.973288
378.907799,154.823560,116.974298
378.907843,154.823560,116.976005
378.907892,154.823560,116.986074
378.907978,154.823560,116.986464
378.908035,154.823560,116.989291
378.908165,154.823560,116.992115
378.908275,154.823560,116.994203
378.908327,154.823560,104.063950
378.908359,154.823560,108.752192
378.908388,154.823560,109.159632
378.908417,154.823560,117.010416
378.908494,154.823560,117.012493
378.908556,154.823560,117.025389
378.908620,154.823560,117.029786
378.908666,154.823560,117.043798
378.908731,154.823560,117.043957
378.908803,154.823560,117.044186
378.908860,154.823560,117.048536
378.908902,154.823560,117.057102
378.908999,154.823560,117.065608
378.909037,154.823560,117.076842
378.909085,154.823560,117.077706
378.909153,154.823560,117.086046
378.909294,154.823560,117.089024
378.909352,154.823560,117.095786
378.909394,154.823560,117.101149
378.909431,154.823560,117.103248
378.909495,154.823560,103.021960
378.909528,154.823560,106.538451
378.909561,154.823560,107.040453
378.909590,154.823560,108.296653
378.909632,154.823560,111.631011
378.909664,154.823560,115.748269
378.909701,154.823560,116.319253
378.909731,154.823560,116.726693
378.909761,154.823560,117.120661
378.909846,154.823560,117.121672
378.909902,154.823560,117.122454
378.909954,154.823560,117.131115
378.910071,154.823560,117.140210
378.910135,154.823560,117.154126
378.910185,154.823560,117.156856
378.910256,154.823560,117.160261
378.910323,154.823560,117.161331
378.910394,154.823560,117.166786
378.910445,154.823560,102.727360
378.910475,154.823560,117.166786
378.910525,154.823560,102.727360
378.910554,154.823560,117.176384
378.910614,154.823560,117.176770
378.910680,154.823560,117.192274
378.910726,154.823560,117.194722
378.910799,154.823560,117.195390
378.910853,154.823560,117.200098
378.910904,154.823560,117.213350
378.910949,154.823560,117.215558
378.911062,154.823560,117.220562
378.911118,154.823560,117.223488
378.911171,154.823560,117.227294
378.911207,154.823560,117.227496
378.911275,154.823560,117.232110
378.911419,154.823560,117.238472
378.911487,154.823560,117.247568
378.911557,154.823560,117.269106
378.911600,154.823560,117.274926
378.911664,154.823560,117.294624
378.911722,154.823560,117.303526
378.911882,154.823560,117.304373
378.911928,154.823560,117.312539
378.912001,154.823560,117.323685
378.912050,154.823560,117.331584
378.912112,154.823560,117.333813
378.912188,154.823560,117.335867
378.912230,154.823560,117.340296
378.912279,154.823560,117.345738
378.912329,154.823560,117.345998
378.912420,154.823560,117.355536
378.912487,154.823560,117.358938
378.912597,154.823560,117.360651
378.912705,154.823560,117.371262
378.912779,154.823560,117.377123
378.912824,154.823560,117.378034
378.912865,154.823560,117.383403
378.912918,154.823560,117.386048
378.912964,154.823560,117.390525
378.912997,154.823560,117.397014
378.913049,154.823560,107.808928
378.913078,154.823560,117.397134
378.913123,154.823560,117.398808
378.913214,154.823560,117.415214
378.913268,154.823560,117.423029
378.913360,154.823560,117.425363
378.913398,154.823560,117.427595
378.913466,154.823560,117.440106
378.913539,154.823560,117.441629
378.913611,154.823560,117.444864
378.913671,154.823560,117.447614
378.913721,154.823560,117.448226
378.913770,154.823560,117.459603
378.913836,154.823560,117.460590
378.913876,154.823560,117.467429
378.913927,154.823560,117.467501
378.914024,154.823560,117.469952
378.914069,154.823560,117.471128
378.914120,154.823560,117.474203
378.914189,154.823560,104.427906
378.914243,154.823560,109.344576
378.914286,154.823560,109.785896
378.914326,154.823560,117.475904
378.914402,154.823560,117.482830
378.914504,154.823560,117.484734
378.914553,154.823560,117.485242
378.914617,154.823560,117.509363
378.914665,154.823560,117.514606
378.914713,154.823560,117.518672
378.914756,154.823560,117.520549
378.914805,154.823560,117.529166
378.914865,154.823560,117.534840
378.914989,154.823560,117.536216
378.915040,154.823560,117.536586
378.915075,154.823560,117.561862
378.915145,154.823560,117.566176
378.915236,154.823560,117.583792
378.915283,154.823560,117.593285
378.915327,154.823560,117.612594
378.915408,154.823560,117.614210
378.915466,154.823560,117.622934
378.915518,154.823560,117.623610
378.915559,154.823560,117.630691
378.915625,154.823560,117.636555
378.915714,154.823560,117.640858
378.915771,154.823560,117.644434
378.915814,154.823560,117.646101
378.915874,154.823560,117.648544
378.915949,154.823560,117.655128
378.916004,154.823560,117.657349
378.916063,154.823560,117.658301
378.916130,154.823560,117.660611
378.916204,154.823560,117.662120
378.916271,154.823560,117.672434
378.916343,154.823560,117.676792
378.916382,154.823560,117.679621
378.916430,154.823560,117.684206
378.916481,154.823560,117.685187
378.916545,154.823560,117.694085
378.916637,154.823560,117.698090
378.916682,154.823560,117.708246
378.916742,154.823560,117.709904
378.916788,154.823560,117.718517
378.916857,154.823560,117.718810
378.916899,154.823560,117.718894
378.916943,154.823560,117.723030
378.916978,154.823560,117.724299
378.917039,154.823560,117.725482
378.917136,154.823560,117.728514
378.917186,154.823560,117.740318
378.917260,154.823560,117.742853
378.917323,154.823560,117.749050
378.917357,154.823560,117.751643
378.917419,154.823560,117.755413
378.917518,154.823560,117.756107
378.917606,154.823560,117.760158
378.917689,154.823560,117.771458
378.917730,154.823560,117.775555
378.917777,154.823560,117.778328
378.917832,154.823560,117.784226
378.917908,154.823560,117.793936
378.917970,154.823560,117.797611
378.918016,154.823560,117.800685
378.918072,154.823560,117.828354
378.918125,154.823560,117.838051
378.918167,154.823560,117.838728
378.918239,154.823560,117.841771
378.918276,154.823560,117.845866
378.918356,154.823560,117.885109
378.918419,154.823560,117.889472
378.918486,154.823560,117.890338
378.918567,154.823560,117.894555
378.918634,154.823560,117.897296
378.918679,154.823560,117.912488
378.918729,154.823560,117.913139
378.918783,154.823560,117.914475
378.918830,154.823560,117.917370
378.918881,154.823560,117.926080
378.918930,154.823560,117.928072
378.919008,154.823560,117.934675
378.919058,154.823560,117.935962
378.919102,154.823560,117.941629
378.919165,154.823560,117.941670
378.919239,154.823560,117.951216
378.919304,154.823560,117.953267
378.919368,154.823560,117.964256
378.919471,154.823560,117.964842
378.919551,154.823560,109.140826
378.919608,154.823560,116.277144
378.919652,154.823560,117.975891
378.919700,154.823560,117.981915
378.919793,154.823560,117.984584
378.919833,154.823560,117.991058
378.919875,154.823560,117.992213
378.919971,154.823560,117.994706
378.920045,154.823560,117.996330
378.920098,154.823560,117.997029
378.920139,154.823560,118.000725
378.920254,154.823560,118.004752
378.920312,154.823560,118.006536
378.920443,154.823560,118.007005
378.920507,154.823560,118.008363
378.920570,154.823560,118.016554
378.920659,154.823560,118.021392
378.920733,154.823560,118.022603
378.920774,154.823560,118.023085
378.920821,154.823560,118.037061
378.920885,154.823560,118.037445
378.920939,154.823560,118.038902
378.921010,154.823560,118.042086
378.921101,154.823560,118.042266
378.921154,154.823560,118.048298
378.921207,154.823560,118.053528
378.921255,154.823560,118.053803
378.921326,154.823560,118.056370
378.921381,154.823560,118.064120
378.921434,154.823560,118.071381
378.921493,154.823560,118.074957
378.921556,154.823560,118.076907
378.921761,154.823560,118.087285
378.921815,154.823560,118.089794
378.921860,154.823560,118.090718
378.921910,154.823560,118.099424
378.921966,154.823560,118.099880
378.922056,154.823560,118.106622
378.922123,154.823560,118.112514
378.922162,154.823560,118.113846
378.922221,154.823560,118.131083
378.922286,154.823560,118.139941
378.922342,154.823560,118.155274
378.922393,154.823560,118.158886
378.922474,154.823560,118.174480
378.922535,154.823560,118.178250
378.922614,154.823560,118.179101
378.922663,154.823560,118.179904
378.922732,154.823560,118.183600
378.922783,154.823560,111.660072
378.922827,154.823560,118.187338
378.922889,154.823560,118.196406
378.922953,154.823560,118.197803
378.923003,154.823560,118.224138
378.923067,154.823560,118.233314
378.923135,154.823560,118.242698
378.923211,154.823560,118.244710
378.923270,154.823560,118.247568
378.923317,154.823560,118.251670
378.923424,154.823560,118.263813
378.923468,154.823560,118.270101
378.923561,154.823560,118.281944
378.923630,154.823560,118.285347
378.923700,154.823560,118.287578
378.923758,154.823560,118.295400
378.923819,154.823560,118.306264
378.923861,154.823560,118.306523
378.923902,154.823560,118.310006
378.923957,154.823560,118.317014
378.924007,154.823560,118.321888
378.924080,154.823560,118.325326
378.924135,154.823560,118.334194
378.924235,154.823560,118.353250
378.924299,154.823560,118.355613
378.924344,154.823560,118.355982
378.924420,154.823560,118.357134
378.924485,154.823560,118.364466
378.924531,154.823560,118.364507
378.924584,154.823560,118.370504
378.924654,154.823560,118.381651
378.924714,154.823560,118.382259
378.924752,154.823560,118.382885
378.924785,154.823560,118.384792
378.924825,154.823560,118.386858
378.924897,154.823560,118.387093
378.924958,154.823560,118.393978
378.925022,154.823560,118.405800
378.925086,154.823560,118.415790
378.925145,154.823560,118.419693
378.925206,154.823560,118.420582
378.925259,154.823560,118.431899
378.925304,154.823560,118.442714
378.925378,154.823560,118.445440
378.925421,154.823560,118.453442
378.925555,154.823560,118.453806
378.925619,154.823560,118.459898
378.925684,154.823560,118.465096
378.925744,154.823560,118.468907
378.925793,154.823560,118.468960
378.925842,154.823560,118.472166
378.925911,154.823560,107.674786
378.925959,154.823560,112.591456
378.926004,154.823560,113.032776
378.926047,154.823560,118.482600
378.926114,154.823560,118.488147
378.926198,154.823560,118.490341
378.926247,154.823560,118.491789
378.926306,154.823560,118.503675
378.926345,154.823560,118.507374
378.926431,154.823560,118.521286
378.926499,154.823560,118.522342
378.926557,154.823560,118.523616
378.926603,154.823560,118.527427
378.926674,154.823560,118.531629
378.926718,154.823560,118.534994
378.926754,154.823560,118.537616
378.926799,154.823560,118.540941
378.926836,154.823560,118.543763
378.926876,154.823560,118.546050
378.926936,154.823560,118.548320
378.926981,154.823560,118.548341
378.927042,154.823560,118.558192
378.927098,154.823560,118.559400
378.927143,154.823560,118.561810
378.927195,154.823560,118.562778
378.927230,154.823560,118.565926
378.927284,154.823560,118.575342
378.927324,154.823560,118.579226
378.927373,154.823560,118.591691
378.927425,154.823560,118.596691
378.927462,154.823560,118.622925
378.927520,154.823560,118.628242
378.927573,154.823560,118.635246
378.927623,154.823560,118.637458
378.927672,154.823560,118.648394
378.927734,154.823560,118.650886
378.927776,154.823560,118.653792
378.927810,154.823560,118.667952
378.927859,154.823560,118.670317
378.927929,154.823560,118.674507
378.928025,154.823560,118.681176
378.928063,154.823560,118.687445
378.928095,154.823560,118.695050
378.928144,154.823560,118.700048
378.928205,154.823560,118.024752
378.928234,154.823560,118.704258
378.928300,154.823560,118.710563
378.928335,154.823560,118.711312
378.928395,154.823560,118.717675
378.928454,154.823560,118.719773
378.928518,154.823560,118.720563
378.928566,154.823560,118.726859
378.928614,154.823560,118.731565
378.928672,154.823560,118.734978
378.928733,154.823560,118.736011
378.928862,154.823560,118.739010
378.928927,154.823560,118.743398
378.928987,154.823560,118.759800
378.929042,154.823560,118.763672
378.929087,154.823560,118.766328
378.929129,154.823560,118.772573
378.929183,154.823560,118.784538
378.929253,154.823560,118.787766
378.929306,154.823560,118.793222
378.929389,154.823560,118.799770
378.929429,154.823560,105.189152
378.929460,154.823560,118.799792
378.929525,154.823560,118.801288
378.929611,154.823560,118.801936
378.929667,154.823560,118.805722
378.929701,154.823560,118.809354
378.929769,154.823560,118.819840
378.929819,154.823560,118.833453
378.929891,154.823560,118.834912
378.929966,154.823560,118.837146
378.930015,154.823560,118.838381
378.930065,154.823560,118.842432
378.930116,154.823560,118.842613
378.930178,154.823560,118.852240
378.930226,154.823560,118.860008
378.930288,154.823560,118.865550
378.930361,154.823560,118.873219
378.930409,154.823560,118.873749
378.930483,154.823560,118.874088
378.930550,154.823560,118.894674
378.930611,154.823560,118.897635
378.930677,154.823560,118.903626
378.930777,154.823560,118.911643
378.930830,154.823560,118.912944
378.930875,154.823560,118.913139
378.930908,154.823560,118.913178
378.930950,154.823560,118.925426
378.931000,154.823560,118.932371
378.931051,154.823560,118.943453
378.931113,154.823560,118.945192
378.931173,154.823560,118.945554
378.931222,154.823560,118.947098
378.931263,154.823560,118.948984
378.931331,154.823560,118.949419
378.931448,154.823560,118.949531
378.931493,154.823560,118.957414
378.931560,154.823560,118.958362
378.931654,154.823560,118.958832
378.931691,154.823560,118.960421
378.931779,154.823560,118.962464
378.931829,154.823560,118.963662
378.931877,154.823560,118.979240
378.931950,154.823560,118.981640
378.932013,154.823560,118.984646
378.932070,154.823560,118.986309
378.932143,154.823560,118.991016
378.932218,154.823560,118.994414
378.932289,154.823560,118.997667
378.932362,154.823560,119.002062
378.932419,154.823560,119.009686
378.932458,154.823560,119.016790
378.932594,154.823560,119.017445
378.932644,154.823560,119.024504
378.932691,154.823560,119.046110
378.932754,154.823560,119.056384
378.932797,154.823560,112.410674
378.932829,154.823560,119.058376
378.932902,154.823560,119.066122
378.932951,154.823560,119.067560
378.933000,154.823560,119.068752
378.933050,154.823560,119.072606
378.933127,154.823560,119.074186
378.933188,154.823560,119.075037
378.933247,154.823560,119.075083
378.933292,154.823560,110.799965
378.933323,154.823560,119.078838
378.933372,154.823560,119.078987
378.933440,154.823560,119.089714
378.933491,154.823560,119.096181
378.933567,154.823560,119.107467
378.933640,154.823560,119.108094
378.933697,154.823560,119.108203
378.933762,154.823560,119.118752
378.933823,154.823560,119.119842
378.933871,154.823560,119.125304
378.933920,154.823560,119.127094
378.933988,154.823560,119.127195
378.934027,154.823560,119.134117
378.934092,154.823560,119.136715
378.934137,154.823560,119.137810
378.934194,154.823560,119.143312
378.934327,154.823560,119.152197
378.934371,154.823560,119.162346
378.934514,154.823560,119.176806
378.934574,154.823560,119.199091
378.934657,154.823560,119.201774
378.934717,154.823560,119.203453
378.934751,154.823560,119.203814
378.934816,154.823560,119.206470
378.934859,154.823560,119.207648
378.934907,154.823560,119.208115
378.934948,154.823560,110.535853
378.934980,154.823560,119.216059
378.935066,154.823560,119.218230
378.935114,154.823560,119.219770
378.935168,154.823560,119.227859
378.935221,154.823560,119.229568
378.935348,154.823560,119.230466
378.935390,154.823560,119.245251
378.935426,154.823560,119.248144
378.935497,154.823560,119.251288
378.935559,154.823560,119.254443
378.935615,154.823560,119.261565
378.935736,154.823560,119.262864
378.935842,154.823560,119.263851
378.935896,154.823560,119.265034
378.935947,154.823560,119.271309
378.935985,154.823560,119.271746
378.936027,154.823560,119.275498
378.936108,154.823560,119.275810
378.936150,154.823560,119.278770
378.936282,154.823560,119.282048
378.936318,154.823560,119.284853
378.936381,154.823560,119.286778
378.936421,154.823560,119.292803
378.936535,154.823560,119.295342
378.936635,154.823560,119.295365
378.936698,154.823560,119.304378
378.936763,154.823560,119.305149
378.936822,154.823560,119.311490
378.936958,154.823560,119.321701
378.937005,154.823560,119.329117
378.937054,154.823560,119.333718
378.937094,154.823560,119.336850
378.937156,154.823560,119.337082
378.937228,154.823560,119.339006
378.937292,154.823560,119.340549
378.937352,154.823560,119.342699
378.937425,154.823560,119.348378
378.937529,154.823560,119.350960
378.937607,154.823560,119.365819
378.937676,154.823560,119.368581
378.937772,154.823560,119.371821
378.937833,154.823560,119.378278
378.937910,154.823560,119.387240
378.937977,154.823560,119.391957
378.938054,154.823560,119.393920
378.938104,154.823560,119.395323
378.938145,154.823560,119.398219
378.938284,154.823560,119.400698
378.938359,154.823560,119.406886
378.938407,154.823560,119.411226
378.938457,154.823560,119.411600
378.938505,154.823560,119.413661
378.938559,154.823560,119.415170
378.938616,154.823560,119.420216
378.938677,154.823560,119.422914
378.938734,154.823560,119.430488
378.938775,154.823560,119.430966
378.938829,154.823560,119.437365
378.938890,154.823560,119.437810
378.938967,154.823560,119.439677
378.939031,154.823560,119.443354
378.939094,154.823560,119.445781
378.939143,154.823560,119.447341
378.939192,154.823560,119.460755
378.939258,154.823560,119.484992
378.939370,154.823560,119.491734
378.939423,154.823560,119.494706
378.939471,154.823560,119.499466
378.939518,154.823560,119.520013
378.939565,154.823560,119.520206
378.939624,154.823560,119.527458
378.939736,154.823560,119.532232
378.939796,154.823560,119.536216
378.939863,154.823560,119.544040
378.939903,154.823560,119.544155
378.939976,154.823560,119.546869
378.940042,154.823560,119.549200
378.940091,154.823560,119.555850
378.940177,154.823560,119.556237
378.940215,154.823560,119.558029
378.940266,154.823560,119.560738
378.940303,154.823560,119.567323
378.940351,154.823560,119.569539
378.940406,154.823560,119.571181
378.940471,154.823560,119.577733
378.940514,154.823560,119.579130
378.940562,154.823560,119.579709
378.940600,154.823560,119.581536
378.940661,154.823560,119.584629
378.940729,154.823560,119.585525
378.940800,154.823560,119.597832
378.940862,154.823560,119.610008
378.940899,154.823560,119.614763
378.940975,154.823560,119.615726
378.941098,154.823560,119.615885
378.941161,154.823560,119.622680
378.941226,154.823560,119.629264
378.941281,154.823560,119.629755
378.941320,154.823560,119.635227
378.941384,154.823560,119.647790
378.941432,154.823560,119.649430
378.941474,154.823560,119.650747
378.941598,154.823560,119.652645
378.941662,154.823560,119.658048
378.941707,154.823560,119.664565
378.941781,154.823560,119.667299
378.941908,154.823560,119.675354
378.942004,154.823560,119.675595
378.942066,154.823560,119.678674
378.942124,154.823560,119.679152
378.942169,154.823560,119.692608
378.942221,154.823560,119.692800
378.942261,154.823560,119.694146
378.942306,154.823560,119.698090
378.942373,154.823560,119.706638
378.942461,154.823560,119.711046
378.942557,154.823560,119.715219
378.942621,154.823560,119.717893
378.942678,154.823560,119.719374
378.942726,154.823560,119.722728
378.942793,154.823560,119.734326
378.942893,154.823560,119.740262
378.942952,154.823560,119.744040
378.943020,154.823560,119.746469
378.943092,154.823560,119.748443
378.943151,154.823560,119.751954
378.943201,154.823560,119.754240
378.943366,154.823560,119.754406
378.943422,154.823560,119.755282
378.943468,154.823560,119.757834
378.943537,154.823560,119.759526
378.943598,154.823560,119.763782
378.943633,154.823560,114.096949
378.943661,154.823560,119.763782
378.943695,154.823560,114.096949
378.943731,154.823560,119.773907
378.943846,154.823560,119.774475
378.943939,154.823560,119.782842
378.944013,154.823560,119.784709
378.944080,154.823560,119.792525
378.944139,154.823560,119.795416
378.944206,154.823560,119.795803
378.944255,154.823560,119.795936
378.944321,154.823560,119.800320
378.944461,154.823560,119.801341
378.944532,154.823560,119.803088
378.944598,154.823560,119.806312
378.944645,154.823560,119.814310
378.944688,154.823560,119.819749
378.944723,154.823560,119.820584
378.944773,154.823560,119.824914
378.944827,154.823560,119.827322
378.944873,154.823560,119.838709
378.944938,154.823560,119.838728
378.945006,154.823560,119.839746
378.945058,154.823560,119.840051
378.945128,154.823560,119.840088
378.945185,154.823560,119.841458
378.945276,154.823560,119.846989
378.945337,154.823560,119.865550
378.945441,154.823560,119.877229
378.945505,154.823560,119.880032
378.945557,154.823560,119.888778
378.945628,154.823560,119.917043
378.945748,154.823560,119.923182
378.945812,154.823560,119.934496
378.945876,154.823560,119.937312
378.946012,154.823560,119.939090
378.946078,154.823560,119.939363
378.946130,154.823560,119.945554
378.946168,154.823560,119.950085
378.946226,154.823560,119.950792
378.946332,154.823560,119.950810
378.946394,154.823560,119.953877
378.946436,154.823560,119.957334
378.946489,154.823560,119.968602
378.946532,154.823560,119.970206
378.946600,154.823560,119.972802
378.946655,154.823560,119.985509
378.946720,154.823560,119.989250
378.946781,154.823560,119.990402
378.946826,154.823560,119.990712
378.946888,154.823560,119.999552
378.946943,154.823560,120.003154
378.946981,154.823560,120.007174
378.947052,154.823560,120.008018
378.947116,154.823560,120.013070
378.947172,154.823560,120.014894
378.947218,154.823560,120.023755
378.947264,154.823560,120.024480
378.947326,154.823560,120.025448
378.947414,154.823560,120.032920
378.947455,154.823560,120.038715
378.947529,154.823560,105.623702
378.947564,154.823560,110.311944
378.947596,154.823560,110.719384
378.947639,154.823560,120.038722
378.947700,154.823560,120.047448
378.947762,154.823560,120.060539
378.947814,154.823560,120.062314
378.947902,154.823560,120.063904
378.947950,154.823560,120.075242
378.948063,154.823560,120.082749
378.948132,154.823560,120.082878
378.948180,154.823560,120.090933
378.948238,154.823560,120.100117
378.948295,154.823560,120.109317
378.948375,154.823560,120.114925
378.948450,154.823560,120.115635
378.948564,154.823560,120.119936
378.948608,154.823560,120.123424
378.948660,154.823560,120.124394
378.948738,154.823560,120.125709
378.948805,154.823560,120.126814
378.948854,154.823560,120.134266
378.948910,154.823560,120.137242
378.948967,154.823560,120.143424
378.949038,154.823560,120.145640
378.949130,154.823560,120.146288
378.949174,154.823560,97.228474
378.949207,154.823560,120.149739
378.949279,154.823560,120.154626
378.949398,154.823560,120.160395
378.949452,154.823560,120.171800
378.949512,154.823560,120.171885
378.949599,154.823560,120.173960
378.949684,154.823560,120.174088
378.949729,154.823560,120.179254
378.949774,154.823560,120.179392
378.949816,154.823560,120.179922
378.949895,154.823560,120.186867
378.949941,154.823560,120.190968
378.950004,154.823560,120.193397
378.950043,154.823560,120.195205
378.950106,154.823560,120.201334
378.950154,154.823560,120.203827
378.950232,154.823560,120.204165
378.950303,154.823560,120.211493
378.950355,154.823560,120.223952
378.950431,154.823560,120.224214
378.950468,154.823560,120.226413
378.950541,154.823560,120.226872
378.950617,154.823560,120.233504
378.950705,154.823560,120.234762
378.950755,154.823560,120.239142
378.950808,154.823560,120.239285
378.950867,154.823560,120.239952
378.950927,154.823560,120.240997
378.950969,154.823560,120.242586
378.951006,154.823560,120.248283
378.951077,154.823560,120.248347
378.951216,154.823560,120.249512
378.951289,154.823560,119.038958
378.951335,154.823560,120.254782
378.951398,154.823560,120.256776
378.951468,154.823560,120.256795
378.951548,154.823560,120.260726
378.951612,154.823560,120.265478
378.951684,154.823560,120.269002
378.951745,154.823560,120.273699
378.951806,154.823560,120.277536
378.951917,154.823560,120.278851
378.951990,154.823560,120.279262
378.952075,154.823560,120.288000
378.952155,154.823560,120.297114
378.952197,154.823560,110.019560
378.952229,154.823560,120.297950
378.952389,154.823560,120.305509
378.952531,154.823560,120.306429
378.952598,154.823560,120.311962
378.952684,154.823560,120.322114
378.952786,154.823560,120.332517
378.952887,154.823560,120.333421
378.952962,154.823560,120.340067
378.953017,154.823560,120.342192
378.953067,154.823560,120.361459
378.953107,154.823560,120.364502
378.953164,154.823560,120.371646
378.953219,154.823560,120.376141
378.953306,154.823560,120.380171
378.953352,154.823560,120.388349
378.953402,154.823560,120.403190
378.953503,154.823560,120.403979
378.953561,154.823560,120.411600
378.953600,154.823560,120.411643
378.953758,154.823560,120.416766
378.953809,154.823560,120.425432
378.953863,154.823560,120.425990
378.953904,154.823560,120.427294
378.953941,154.823560,104.926298
378.953974,154.823560,120.432214
378.954039,154.823560,120.437731
378.954084,154.823560,120.441915
378.954212,154.823560,120.443941
378.954273,154.823560,120.455147
378.954311,154.823560,120.458274
378.954360,154.823560,115.886493
378.954403,154.823560,120.469115
378.954477,154.823560,120.469749
378.954528,154.823560,120.472789
378.954588,154.823560,120.472981
378.954647,154.823560,120.474938
378.954702,154.823560,120.482163
378.954777,154.823560,120.482165
378.954830,154.823560,120.486006
378.954945,154.823560,120.486262
378.955006,154.823560,120.488376
378.955060,154.823560,120.495104
378.955104,154.823560,120.504326
378.955170,154.823560,120.517382
378.955250,154.823560,120.525915
378.955359,154.823560,120.532253
378.955424,154.823560,120.534862
378.955504,154.823560,120.539758
378.955581,154.823560,120.541147
378.955656,154.823560,120.542131
378.955722,154.823560,120.543763
378.955805,154.823560,120.545208
378.955854,154.823560,120.548546
378.955908,154.823560,120.548926
378.955967,154.823560,120.549570
378.956037,154.823560,120.549952
378.956106,154.823560,120.551397
378.956160,154.823560,120.555779
378.956205,154.823560,120.556720
378.956302,154.823560,120.567429
378.956352,154.823560,120.580549
378.956387,154.823560,120.584734
378.956459,154.823560,120.592875
378.956533,154.823560,120.594555
378.956584,154.823560,120.594722
378.956663,154.823560,120.599392
378.956740,154.823560,120.603507
378.956819,154.823560,120.608910
378.956881,154.823560,120.609642
378.956945,154.823560,120.611867
378.957003,154.823560,120.613296
378.957043,154.823560,120.616890
378.957151,154.823560,120.621128
378.957198,154.823560,120.639595
378.957335,154.823560,120.640006
378.957405,154.823560,120.644722
378.957477,154.823560,120.646486
378.957552,154.823560,120.652187
378.957598,154.823560,120.652227
378.957671,154.823560,120.663062
378.957731,154.823560,120.663299
378.957875,154.823560,120.666795
378.957993,154.823560,120.667829
378.958057,154.823560,120.673494
378.958183,154.823560,120.673646
378.958277,154.823560,120.678467
378.958321,154.823560,114.003594
378.958354,154.823560,120.679632
378.958413,154.823560,120.685725
378.958464,154.823560,120.692846
378.958524,154.823560,120.703211
378.958586,154.823560,120.709678
378.958629,154.823560,120.712994
378.958694,154.823560,120.717408
378.958742,154.823560,120.718728
378.958784,154.823560,120.724878
378.958845,154.823560,120.728533
378.958917,154.823560,120.734714
378.958968,154.823560,120.736064
378.959061,154.823560,120.739194
378.959125,154.823560,115.792078
378.959171,154.823560,119.296968
378.959222,154.823560,120.750280
378.959279,154.823560,120.750763
378.959349,154.823560,120.754024
378.959421,154.823560,120.764706
378.959572,154.823560,120.767656
378.959664,154.823560,120.780522
378.959717,154.823560,120.782869
378.959784,154.823560,120.784366
378.959844,154.823560,120.788160
378.959901,154.823560,120.797570
378.959954,154.823560,120.798104
378.960091,154.823560,120.798984
378.960132,154.823560,120.800291
378.960266,154.823560,120.803088
378.960319,154.823560,120.803645
378.960387,154.823560,120.815379
378.960456,154.823560,120.818358
378.960530,154.823560,120.821501
378.960663,154.823560,120.822078
378.960726,154.823560,120.828955
378.960780,154.823560,120.830637
378.960851,154.823560,120.833926
378.960927,154.823560,120.843589
378.960969,154.823560,120.846243
378.961016,154.823560,120.846840
378.961073,154.823560,120.847075
378.961151,154.823560,120.861854
378.961197,154.823560,120.864728
378.961263,154.823560,120.864752
378.961396,154.823560,120.865574
378.961450,154.823560,120.871616
378.961516,154.823560,120.875768
378.961566,154.823560,120.878594
378.961608,154.823560,120.881658
378.961659,154.823560,120.883744
378.961741,154.823560,120.884955
378.961787,154.823560,120.895298
378.961967,154.823560,120.895458
378.962042,154.823560,120.895635
378.962121,154.823560,120.899870
378.962202,154.823560,120.903829
378.962261,154.823560,110.867782
378.962316,154.823560,113.124762
378.962362,154.823560,118.104213
378.962405,154.823560,118.220443
378.962448,154.823560,118.986275
378.962495,154.823560,120.919709
378.962562,154.823560,120.928518
378.962618,154.823560,120.928552
378.962667,154.823560,120.929109
378.962714,154.823560,120.937182
378.962795,154.823560,120.943291
378.962870,154.823560,120.945547
378.962959,154.823560,120.946614
378.963008,154.823560,120.950688
378.963061,154.823560,120.951165
378.963241,154.823560,120.954618
378.963309,154.823560,120.954714
378.963354,154.823560,120.959936
378.963421,154.823560,120.963984
378.963499,154.823560,120.964125
378.963549,154.823560,120.965682
378.963585,154.823560,120.969776
378.963646,154.823560,120.972406
378.963707,154.823560,120.973146
378.963763,154.823560,120.983389
378.963818,154.823560,120.983880
378.963888,154.823560,120.986595
378.963941,154.823560,120.991146
378.964101,154.823560,120.991314
378.964176,154.823560,120.997832
378.964225,154.823560,120.998957
378.964285,154.823560,121.000086
378.964336,154.823560,121.003366
378.964376,154.823560,121.003386
378.964413,154.823560,121.003733
378.964562,154.823560,121.007618
378.964625,154.823560,121.012437
378.964707,154.823560,121.019634
378.964767,154.823560,121.019987
378.964847,154.823560,121.028874
378.964937,154.823560,121.031494
378.965012,154.823560,121.032478
378.965078,154.823560,121.038915
378.965137,154.823560,110.908206
378.965174,154.823560,115.824877
378.965207,154.823560,116.266197
378.965241,154.823560,121.039726
378.965294,154.823560,121.042234
378.965365,154.823560,121.061213
378.965426,154.823560,121.068285
378.965470,154.823560,121.069733
378.965541,154.823560,121.070445
378.965607,154.823560,121.071147
378.965682,154.823560,121.072190
378.965742,154.823560,121.072352
378.965799,154.823560,121.072410
378.965855,154.823560,121.075024
378.965902,154.823560,121.076618
378.965960,154.823560,121.084211
378.966018,154.823560,121.085331
378.966083,154.823560,121.092110
378.966147,154.823560,121.093923
378.966224,154.823560,121.095334
378.966271,154.823560,121.103205
378.966334,154.823560,121.104382
378.966385,154.823560,121.108386
378.966453,154.823560,121.109550
378.966502,154.823560,121.110755
378.966578,154.823560,121.111160
378.966696,154.823560,121.128677
378.966758,154.823560,121.141933
378.966823,154.823560,121.144886
378.966870,154.823560,121.145192
378.966951,154.823560,121.152253
378.967011,154.823560,121.155859
378.967085,154.823560,121.158419
378.967162,154.823560,121.161254
378.967203,154.823560,121.164675
378.967269,154.823560,121.169336
378.967334,154.823560,121.176206
378.967462,154.823560,121.179648
378.967531,154.823560,121.191541
378.967607,154.823560,121.194976
378.967671,154.823560,121.198877
378.967728,154.823560,121.209176
378.967795,154.823560,121.229579
378.967849,154.823560,121.229723
378.967902,154.823560,105.888587
378.967936,154.823560,121.235184
378.968006,154.823560,121.235648
378.968118,154.823560,121.242682
378.968194,154.823560,121.244915
378.968254,154.823560,121.247362
378.968329,154.823560,121.249838
378.968396,154.823560,121.254184
378.968437,154.823560,119.140771
378.968471,154.823560,121.254328
378.968528,154.823560,121.254544
378.968611,154.823560,121.267266
378.968677,154.823560,121.271730
378.968718,154.823560,121.277069
378.968799,154.823560,121.281824
378.968838,154.823560,121.284858
378.968955,154.823560,121.286875
378.969014,154.823560,121.300821
378.969054,154.823560,121.305379
378.969119,154.823560,121.310194
378.969170,154.823560,121.314822
378.969221,154.823560,121.318510
378.969289,154.823560,121.322707
378.969367,154.823560,121.325240
378.969432,154.823560,121.326275
378.969483,154.823560,121.329157
378.969551,154.823560,121.330898
378.969614,154.823560,121.344773
378.969693,154.823560,121.346546
378.969749,154.823560,121.347040
378.969804,154.823560,121.352085
378.969891,154.823560,121.353782
378.969931,154.823560,121.355485
378.970010,154.823560,121.359531
378.970089,154.823560,121.374002
378.970306,154.823560,121.375774
378.970395,154.823560,121.382773
378.970465,154.823560,121.386525
378.970535,154.823560,121.404488
378.970583,154.823560,121.404989
378.970667,154.823560,121.405720
378.970721,154.823560,121.410016
378.970775,154.823560,121.410214
378.970857,154.823560,121.414085
378.970912,154.823560,121.414315
378.970980,154.823560,121.421693
378.971020,154.823560,121.421746
378.971077,154.823560,121.426738
378.971155,154.823560,121.427322
378.971208,154.823560,121.439472
378.971270,154.823560,121.444048
378.971332,154.823560,121.449139
378.971399,154.823560,121.455666
378.971454,154.823560,121.456877
378.971505,154.823560,121.459024
378.971555,154.823560,121.461328
378.971619,154.823560,105.463229
378.971657,154.823560,110.126131
378.971695,154.823560,110.151470
378.971729,154.823560,110.558910
378.971776,154.823560,115.218691
378.971812,154.823560,119.906933
378.971847,154.823560,120.314373
378.971881,154.823560,121.463498
378.971935,154.823560,121.467074
378.972001,154.823560,121.468589
378.972044,154.823560,121.472368
378.972102,154.823560,121.474182
378.972182,154.823560,121.484050
378.972243,154.823560,121.485680
378.972297,154.823560,121.498394
378.972340,154.823560,121.500752
378.972385,154.823560,121.501368
378.972505,154.823560,121.508384
378.972559,154.823560,121.508888
378.972684,154.823560,121.515056
378.972789,154.823560,121.516990
378.972857,154.823560,121.519392
378.972926,154.823560,121.523330
378.973006,154.823560,121.524678
378.973077,154.823560,121.532253
378.973157,154.823560,121.538274
378.973228,154.823560,121.539043
378.973315,154.823560,121.539531
378.973403,154.823560,121.542634
378.973468,154.823560,107.589714
378.973504,154.823560,112.506384
378.973539,154.823560,112.947704
378.973573,154.823560,113.829766
378.973611,154.823560,121.543763
378.973653,154.823560,121.544525
378.973717,154.823560,121.544698
378.973785,154.823560,121.553686
378.973841,154.823560,99.343270
378.973881,154.823560,121.555352
378.973920,154.823560,121.562075
378.973982,154.823560,121.563299
378.974025,154.823560,121.571837
378.974076,154.823560,121.580472
378.974122,154.823560,121.586466
378.974182,154.823560,121.589142
378.974233,154.823560,121.609102
378.974277,154.823560,121.617344
378.974331,154.823560,121.628499
378.974375,154.823560,121.631669
378.974433,154.823560,121.647213
378.974497,154.823560,121.654550
378.974588,154.823560,121.662848
378.974658,154.823560,121.666558
378.974700,154.823560,121.675208
378.974778,154.823560,121.677381
378.974841,154.823560,121.679632
378.974880,154.823560,121.680707
378.974962,154.823560,121.684638
378.975030,154.823560,121.694566
378.975073,154.823560,121.698082
378.975156,154.823560,121.699461
378.975213,154.823560,121.706386
378.975274,154.823560,121.710781
378.975344,154.823560,121.716766
378.975401,154.823560,121.718054
378.975441,154.823560,121.743493
378.975495,154.823560,121.748898
378.975556,154.823560,121.756304
378.975597,154.823560,119.450554
378.975632,154.823560,121.763578
378.975676,154.823560,121.764355
378.975717,154.823560,121.766221
378.975784,154.823560,121.771646
378.975830,154.823560,121.774922
378.975897,154.823560,121.778322
378.975984,154.823560,121.779922
378.976048,154.823560,121.782856
378.976129,154.823560,121.787870
378.976195,154.823560,121.788634
378.976250,154.823560,121.792088
378.976302,154.823560,121.793762
378.976345,154.823560,121.794114
378.976389,154.823560,121.794270
378.976462,154.823560,121.794582
378.976517,154.823560,105.046048
378.976552,154.823560,121.794582
378.976610,154.823560,105.046048
378.976645,154.823560,121.795427
378.976687,154.823560,115.881405
378.976722,154.823560,121.797970
378.976770,154.823560,121.801352
378.976882,154.823560,121.808915
378.976959,154.823560,121.809245
378.977022,154.823560,121.810027
378.977098,154.823560,121.812824
378.977168,154.823560,121.823915
378.977240,154.823560,121.828546
378.977312,154.823560,121.829554
378.977382,154.823560,121.836922
378.977440,154.823560,121.842368
378.977490,154.823560,121.846750
378.977557,154.823560,121.849592
378.977633,154.823560,121.861360
378.977687,154.823560,121.861888
378.977759,154.823560,121.862709
378.977820,154.823560,121.863208
378.977891,154.823560,121.865438
378.977993,154.823560,121.867538
378.978059,154.823560,121.874547
378.978131,154.823560,121.876790
378.978201,154.823560,121.877168
378.978269,154.823560,121.877642
378.978359,154.823560,121.878022
378.978405,154.823560,121.878502
378.978499,154.823560,121.880384
378.978545,154.823560,121.880699
378.978596,154.823560,121.893354
378.978666,154.823560,121.906453
378.978728,154.823560,121.910138
378.978788,154.823560,121.918342
378.978842,154.823560,121.923702
378.978934,154.823560,121.928285
378.979024,154.823560,121.928552
378.979066,154.823560,121.930424
378.979137,154.823560,121.930538
378.979193,154.823560,121.931152
378.979241,154.823560,121.933707
378.979404,154.823560,121.934811
378.979457,154.823560,121.935170
378.979518,154.823560,121.937021
378.979571,154.823560,121.937275
378.979651,154.823560,121.937893
378.979734,154.823560,121.945576
378.979809,154.823560,121.946166
378.979873,154.823560,121.947574
378.979914,154.823560,121.948299
378.980004,154.823560,121.952979
378.980072,154.823560,121.958746
378.980132,154.823560,121.960691
378.980200,154.823560,121.968059
378.980327,154.823560,121.979446
378.980402,154.823560,121.984130
378.980447,154.823560,121.997547
378.980490,154.823560,122.002667
378.980576,154.823560,122.008634
378.980636,154.823560,122.012296
378.980738,154.823560,122.019634
378.980780,154.823560,122.023614
378.980851,154.823560,122.025939
378.980913,154.823560,122.039907
378.981016,154.823560,122.042634
378.991634,154.823560,110.593429
378.991638,154.823560,122.042634
378.991698,154.823560,107.274936
378.991701,154.823560,122.042634
378.991710,154.823560,114.098318
378.991720,154.823560,120.017909
378.991724,154.823560,122.042634
378.991760,154.823560,112.356376
378.991764,154.823560,122.042634
378.991771,154.823560,119.997530
378.991781,154.823560,122.042634
378.991797,154.823560,116.104966
378.991807,154.823560,122.042634
378.994593,154.823560,107.492117
378.994597,154.823560,122.042634
378.994651,154.823560,104.088536
378.994655,154.823560,122.042634
378.994663,154.823560,112.616026
378.994670,154.823560,122.042634
378.996803,154.823560,96.133533
378.996819,154.823560,122.042634
378.996839,154.823560,102.956915
378.996860,154.823560,108.314906
378.996864,154.823560,122.042634
379.002650,154.823560,119.386294
379.002667,154.823560,122.042634
379.003660,154.823560,117.261077
379.003664,154.823560,122.042634
379.003675,154.823560,113.700728
379.003678,154.823560,121.948058
379.003685,154.823560,122.042634
379.003702,154.823560,111.269248
379.003706,154.823560,122.042634
379.003716,154.823560,118.088520
379.003720,154.823560,121.593410
379.003728,154.823560,122.042634
379.003947,154.823560,117.276608
379.003954,154.823560,121.963589
379.003964,154.823560,122.042634
379.006547,154.823560,107.922814
379.006573,154.823560,113.950554
379.006577,154.823560,122.042634
379.006605,154.823560,104.719862
379.006641,154.823560,110.077853
379.006658,154.823560,111.847454
379.006691,154.823560,118.637534
379.006713,154.823560,122.042634
379.009322,154.823560,109.993518
379.009333,154.823560,114.681760
379.009336,154.823560,122.042634
379.020199,154.823560,110.488277
379.020203,154.823560,122.042634
379.025651,154.823560,110.182685
379.025673,154.823560,122.042634
379.025983,154.823560,115.343424
379.025986,154.823560,122.042634
379.026023,154.823560,120.170720
379.026026,154.823560,122.042634
379.026607,154.823560,120.424864
379.026610,154.823560,122.042634
379.028939,154.823560,120.920331
379.028948,154.823560,122.042634
379.029060,154.823560,120.920331
379.029068,154.823560,122.042634
379.041644,154.823560,117.421557
379.041647,154.823560,122.042634
379.041672,154.823560,112.954923
379.041675,154.823560,122.042634
379.041722,154.823560,109.606914
379.041725,154.823560,122.042634
379.041733,154.823560,118.186458
379.041741,154.823560,122.042634
379.041756,154.823560,114.293894
379.041766,154.823560,120.321634
379.041769,154.823560,122.042634
379.046145,154.823560,118.690574
379.046154,154.823560,122.042634
379.048084,154.823560,117.398944
379.048087,154.823560,122.042634
379.048114,154.823560,114.080451
379.048117,154.823560,122.042634
379.048125,154.823560,121.783333
379.048134,154.823560,122.042634
379.048251,154.823560,117.398944
379.048254,154.823560,122.042634
379.048278,154.823560,114.080451
379.048283,154.823560,122.042634
379.048291,154.823560,121.783333
379.048299,154.823560,122.042634
379.049530,154.823560,108.767320
379.049534,154.823560,122.042634
379.049544,154.823560,108.767320
379.049547,154.823560,122.042634
379.052332,154.823560,107.735894
379.052335,154.823560,122.042634
379.056170,154.823560,105.826766
379.056178,154.823560,111.184757
379.056182,154.823560,122.042634
379.070579,154.823560,112.711970
379.070588,154.823560,118.069960
379.070591,154.823560,122.042634
379.070900,154.823560,118.510102
379.070903,154.823560,122.042634
379.079044,154.823560,119.866784
379.079047,154.823560,122.042634
379.079055,154.823560,117.496547
379.079058,154.823560,122.042634
379.084328,154.823560,111.127360
379.084331,154.823560,122.042634
379.084397,154.823560,105.408995
379.084400,154.823560,122.042634
379.084406,154.823560,112.752026
379.084412,154.823560,122.042634
379.084529,154.823560,119.371875
379.084532,154.823560,122.042634
379.084562,154.823560,119.375048
379.084569,154.823560,122.042634
379.085755,154.823560,113.706294
379.085763,154.823560,119.064285
379.085766,154.823560,122.042634
379.086742,154.823560,122.049293
379.087851,154.823560,121.655594
379.087917,154.823560,122.049293
379.092394,154.823560,116.446405
379.092411,154.823560,122.049293
379.092434,154.823560,118.769203
379.092466,154.823560,122.049293
379.092654,154.823560,115.264125
379.092657,154.823560,122.049293
379.092679,154.823560,118.769014
379.092700,154.823560,122.049293
379.124372,154.823560,112.280480
379.124374,154.823560,122.049293
379.125386,154.823560,111.488546
379.125525,154.823560,122.049293
379.127327,154.823560,122.049506
379.127400,154.823560,122.056880
379.127430,154.823560,122.079053
379.127462,154.823560,122.079197
379.127498,154.823560,122.105509
379.127532,154.823560,122.116346
379.127579,154.823560,122.122814
379.127616,154.823560,122.153312
379.127644,154.823560,122.156400
379.127681,154.823560,122.171734
379.127726,154.823560,122.173994
379.127799,154.823560,122.189347
379.127848,154.823560,122.193978
379.127869,154.823560,122.219720
379.127927,154.823560,122.220064
379.127967,154.823560,122.237946
379.127995,154.823560,122.238269
379.128029,154.823560,122.249808
379.128066,154.823560,122.257459
379.128099,154.823560,122.269587
379.128144,154.823560,122.296253
379.128180,154.823560,122.297966
379.128220,154.823560,122.298434
379.128300,154.823560,122.313558
379.128337,154.823560,122.317989
379.128363,154.823560,122.325461
379.128416,154.823560,122.327856
379.128446,154.823560,122.333290
379.128491,154.823560,122.350595
379.128534,154.823560,122.350885
379.128640,154.823560,122.351534
379.128677,154.823560,122.358510
379.128717,154.823560,122.366258
379.128754,154.823560,122.384877
379.128786,154.823560,122.396731
379.128824,154.823560,122.397376
379.128860,154.823560,122.401912
379.128892,154.823560,122.405696
379.128948,154.823560,122.424739
379.128989,154.823560,122.427422
379.129039,154.823560,122.447098
379.129070,154.823560,122.470634
379.129088,154.823560,122.484152
379.129125,154.823560,122.484728
379.129146,154.823560,122.487781
379.129203,154.823560,122.488498
379.129244,154.823560,122.502458
379.129285,154.823560,122.509026
379.129328,154.823560,122.518424
379.129375,154.823560,122.540512
379.129413,154.823560,122.542034
379.129437,154.823560,122.542190
379.129477,154.823560,122.556488
379.129536,154.823560,122.557429
379.129572,154.823560,122.557722
379.129622,154.823560,122.563416
379.129687,154.823560,122.566810
379.129722,154.823560,122.577971
379.129748,154.823560,122.594222
379.129825,154.823560,122.634120
379.129863,154.823560,122.654848
379.129935,154.823560,122.658627
379.130015,154.823560,122.708205
379.130105,154.823560,122.721270
379.130164,154.823560,122.739027
379.130217,154.823560,122.742427
379.130238,154.823560,122.750693
379.130267,154.823560,122.765603
379.130311,154.823560,122.777386
379.130405,154.823560,122.777858
379.130452,154.823560,122.778800
379.130474,154.823560,122.784075
379.130593,154.823560,122.799163
379.130629,154.823560,122.814349
379.130674,154.823560,122.831146
379.130716,154.823560,122.867982
379.130786,154.823560,122.872627
379.130832,154.823560,122.886008
379.130866,154.823560,122.888008
379.130909,154.823560,122.888618
379.130966,154.823560,122.890261
379.131024,154.823560,122.897675
379.131086,154.823560,122.914173
379.131130,154.823560,122.938294
379.131226,154.823560,122.958936
379.131260,154.823560,122.968114
379.131284,154.823560,122.974880
379.131316,154.823560,122.978914
379.131360,154.823560,122.980558
379.131408,154.823560,122.997074
379.131435,154.823560,122.997738
379.131460,154.823560,122.998118
379.131495,154.823560,123.014379
379.131536,154.823560,123.019667
379.131604,154.823560,123.022765
379.131647,154.823560,123.059434
379.131687,154.823560,123.065394
379.131740,154.823560,123.066480
379.131767,154.823560,123.068835
379.131844,154.823560,123.071853
379.131890,154.823560,123.081464
379.131951,154.823560,123.081470
379.132008,154.823560,123.084270
379.132044,154.823560,123.098275
379.132104,154.823560,123.101373
379.132131,154.823560,123.107584
379.132164,154.823560,123.112611
379.132209,154.823560,123.118678
379.132252,154.823560,123.135262
379.132295,154.823560,123.136126
379.132422,154.823560,123.152656
379.132489,154.823560,123.166429
379.132508,154.823560,123.168731
379.132573,154.823560,123.172342
379.132607,154.823560,110.127488
379.132624,154.823560,113.632378
379.132646,154.823560,118.990368
379.132662,154.823560,123.172342
379.132696,154.823560,110.127488
379.132712,154.823560,113.632378
379.132733,154.823560,118.990368
379.132750,154.823560,123.187762
379.132792,154.823560,123.191739
379.132853,154.823560,123.195610
379.132893,154.823560,123.223006
379.132922,154.823560,123.230550
379.132956,154.823560,123.241458
379.133036,154.823560,123.256770
379.133084,154.823560,123.269336
379.133118,154.823560,123.278394
379.133162,154.823560,123.297216
379.133186,154.823560,123.310648
379.133221,154.823560,123.313139
379.133259,154.823560,123.320267
379.133280,154.823560,123.331720
379.133315,154.823560,123.337010
379.133358,154.823560,123.357102
379.133388,154.823560,123.358155
379.133414,154.823560,123.368714
379.133454,154.823560,123.370477
379.133488,154.823560,123.371605
379.133573,154.823560,123.371803
379.133624,154.823560,123.379208
379.133669,154.823560,123.381029
379.133707,154.823560,123.381766
379.133742,154.823560,123.382320
379.133765,154.823560,123.389838
379.133796,154.823560,123.399330
379.133878,154.823560,123.420955
379.133914,154.823560,123.446486
379.133936,154.823560,123.451370
379.134010,154.823560,123.473045
379.134101,154.823560,123.484075
379.134203,154.823560,123.490893
379.134260,154.823560,123.495298
379.134291,154.823560,123.498390
379.134395,154.823560,123.500522
379.134442,154.823560,123.505485
379.134486,154.823560,123.511936
379.134509,154.823560,123.515142
379.134544,154.823560,123.515552
379.134580,154.823560,121.565350
379.134607,154.823560,123.525426
379.134630,154.823560,123.525970
379.134665,154.823560,123.526830
379.134697,154.823560,123.546362
379.134731,154.823560,123.550814
379.134753,154.823560,104.024995
379.134770,154.823560,123.568390
379.134795,154.823560,123.574693
379.134848,154.823560,123.575493
379.134892,154.823560,123.576526
379.134949,154.823560,123.591998
379.135003,154.823560,123.603013
379.135047,154.823560,123.606355
379.135095,154.823560,123.621533
379.135120,154.823560,123.622088
379.135196,154.823560,123.627699
379.135220,154.823560,123.631370
379.135286,154.823560,123.635566
379.135310,154.823560,123.638766
379.135354,154.823560,123.650202
379.135424,154.823560,123.655680
379.135459,154.823560,123.661651
379.135504,154.823560,123.663131
379.135533,154.823560,123.663358
379.135638,154.823560,123.671053
379.135762,154.823560,123.678435
379.135804,154.823560,123.704317
379.135823,154.823560,123.710555
379.135878,154.823560,123.735976
379.135904,154.823560,123.738123
379.135937,154.823560,123.743104
379.135961,154.823560,123.743349
379.136004,154.823560,123.762270
379.136046,154.823560,123.769339
379.136109,154.823560,123.776642
379.136175,154.823560,123.777675
379.136201,154.823560,123.795360
379.136233,154.823560,123.805157
379.136256,154.823560,123.813037
379.136297,154.823560,123.814306
379.136333,154.823560,123.822166
379.136397,154.823560,123.837901
379.136445,154.823560,123.853339
379.136508,154.823560,123.853837
379.136543,154.823560,123.890045
379.136584,154.823560,123.892210
379.136614,154.823560,123.895866
379.136654,154.823560,123.900694
379.136691,154.823560,112.890368
379.136709,154.823560,116.395258
379.136731,154.823560,116.619470
379.136756,154.823560,121.753248
379.136774,154.823560,123.921181
379.136804,154.823560,123.936352
379.136847,154.823560,123.936666
379.136951,154.823560,123.947922
379.136996,154.823560,123.952280
379.137067,154.823560,123.976539
379.137113,154.823560,123.982237
379.137182,154.823560,123.991227
379.137209,154.823560,123.996998
379.137272,154.823560,124.009795
379.137325,154.823560,124.026117
379.137344,154.823560,124.036666
379.137384,154.823560,124.039134
379.137425,154.823560,124.053915
379.137453,154.823560,124.059763
379.137530,154.823560,124.060158
379.137573,154.823560,124.063709
379.137611,154.823560,124.063885
379.137633,154.823560,124.064635
379.137689,154.823560,124.067182
379.137733,154.823560,124.076125
379.137759,154.823560,124.088688
379.137801,154.823560,124.094064
379.137828,154.823560,124.098288
379.137901,154.823560,124.110419
379.137940,154.823560,124.117368
379.137993,154.823560,124.124763
379.138053,154.823560,124.151320
379.138077,154.823560,124.161248
379.138115,154.823560,124.168626
379.138154,154.823560,124.175506
379.138257,154.823560,124.180522
379.138299,154.823560,124.192176
379.138361,154.823560,124.247158
379.138437,154.823560,124.252818
379.138484,154.823560,124.254446
379.138535,154.823560,124.256853
379.138643,154.823560,124.260738
379.138683,154.823560,124.261795
379.138721,154.823560,124.262541
379.138773,154.823560,124.275987
379.138820,154.823560,124.279746
379.138847,154.823560,124.281376
379.138889,154.823560,124.288214
379.138951,154.823560,124.295576
379.138991,154.823560,124.304982
379.139029,154.823560,124.308914
379.139098,154.823560,124.315947
379.139163,154.823560,124.322288
379.139202,154.823560,124.328472
379.139231,154.823560,124.332352
379.139277,154.823560,124.335838
379.139296,154.823560,124.340722
379.139323,154.823560,124.342253
379.139364,154.823560,124.346810
379.139413,154.823560,124.360024
379.139455,154.823560,124.378122
379.139508,154.823560,124.381576
379.139532,154.823560,124.392240
379.139600,154.823560,124.394389
379.139630,154.823560,124.401712
379.139675,154.823560,124.414987
379.139732,154.823560,124.422200
379.139780,154.823560,124.427147
379.139843,154.823560,124.436597
379.139891,154.823560,124.459446
379.139923,154.823560,124.467360
379.139987,154.823560,124.482600
379.140027,154.823560,124.486546
379.140065,154.823560,124.487819
379.140111,154.823560,124.492712
379.140207,154.823560,124.498314
379.140261,154.823560,124.498635
379.140310,154.823560,124.498962
379.140337,154.823560,124.522523
379.140389,154.823560,124.534206
379.140417,154.823560,124.534256
379.140463,154.823560,124.540429
379.140508,154.823560,124.547600
379.140571,154.823560,124.563995
379.140623,154.823560,124.564565
379.140688,154.823560,124.569011
379.140726,154.823560,124.576605
379.140759,154.823560,124.583797
379.140794,154.823560,124.584629
379.140876,154.823560,124.587416
379.140921,154.823560,124.600606
379.140975,154.823560,124.612766
379.141032,154.823560,124.624491
379.141089,154.823560,124.625250
379.141132,154.823560,124.650448
379.141185,154.823560,124.676965
379.141240,154.823560,124.677283
379.141275,154.823560,124.691130
379.141299,154.823560,124.701379
379.141340,154.823560,124.701938
379.141379,154.823560,124.716974
379.141407,154.823560,124.736550
379.141466,154.823560,124.740862
379.141522,154.823560,124.743349
379.141546,154.823560,124.753109
379.141611,154.823560,124.757413
379.141665,154.823560,124.766787
379.141705,154.823560,124.769917
379.141756,154.823560,124.774718
379.141826,154.823560,124.774834
379.141871,154.823560,124.775581
379.141950,154.823560,124.780622
379.141991,154.823560,124.782339
379.142033,154.823560,124.797598
379.142098,154.823560,124.810901
379.142142,154.823560,124.814872
379.142178,154.823560,124.824549
379.142224,154.823560,124.827053
379.142265,154.823560,124.837638
379.142289,154.823560,124.840808
379.142313,154.823560,124.858282
379.142340,154.823560,124.875587
379.142366,154.823560,124.876453
379.142417,154.823560,124.876987
379.142467,154.823560,124.883968
379.142493,154.823560,124.892094
379.142531,154.823560,124.899706
379.142579,154.823560,124.906336
379.142631,154.823560,124.909558
379.142655,154.823560,124.923386
379.142687,154.823560,124.927318
379.142713,154.823560,124.928186
379.142754,154.823560,124.933014
379.142790,154.823560,124.935318
379.142837,154.823560,124.957093
379.142881,154.823560,124.960768
379.142907,154.823560,124.963266
379.142946,154.823560,124.971920
379.142994,154.823560,124.976254
379.143106,154.823560,124.982136
379.143144,154.823560,124.986304
379.143192,154.823560,125.012571
379.143242,154.823560,125.036107
379.143306,154.823560,125.071053
379.143408,154.823560,125.083459
379.143466,154.823560,125.084504
379.143508,154.823560,125.091088
379.143564,154.823560,125.111050
379.143615,154.823560,125.112514
379.143667,154.823560,125.114330
379.143690,154.823560,125.119434
379.143751,154.823560,125.128355
379.143801,154.823560,125.137758
379.143887,154.823560,125.141438
379.143924,154.823560,125.154426
379.143967,154.823560,125.155179
379.144016,154.823560,125.163699
379.144071,154.823560,125.166104
379.144099,154.823560,125.167629
379.144129,154.823560,107.100342
379.144148,154.823560,125.175946
379.144211,154.823560,125.176005
379.144244,154.823560,125.191394
379.144278,154.823560,125.192754
379.144326,154.823560,125.193310
379.144360,154.823560,125.198418
379.144420,154.823560,125.198517
379.144485,154.823560,125.205878
379.144515,154.823560,125.229341
379.144564,154.823560,125.237914
379.144608,154.823560,125.239306
379.144639,154.823560,125.265509
379.144704,154.823560,125.276502
379.144765,154.823560,125.299576
379.144808,154.823560,125.306066
379.144931,154.823560,125.342102
379.144959,154.823560,125.343987
379.145012,154.823560,125.363528
379.145060,154.823560,125.375032
379.145123,154.823560,125.379682
379.145167,154.823560,125.380990
379.145270,154.823560,125.389803
379.145313,154.823560,125.399091
379.145358,154.823560,125.400910
379.145443,154.823560,125.402934
379.145563,154.823560,125.407712
379.145586,154.823560,125.410078
379.145697,154.823560,125.438675
379.145744,154.823560,125.474230
379.145789,154.823560,125.476848
379.145859,154.823560,125.484915
379.145921,154.823560,125.503904
379.145971,154.823560,125.506410
379.146012,154.823560,125.509885
379.146057,154.823560,125.511872
379.146099,154.823560,125.522603
379.146148,154.823560,125.526406
379.146191,154.823560,125.533406
379.146238,154.823560,125.560595
379.146284,154.823560,125.565926
379.146307,154.823560,125.575512
379.146364,154.823560,99.031790
379.146410,154.823560,114.824739
379.146452,154.823560,116.110555
379.146492,154.823560,120.009208
379.146527,154.823560,120.872187
379.146563,154.823560,122.486410
379.146591,154.823560,123.349389
379.146621,154.823560,125.580054
379.146651,154.823560,125.589090
379.146674,154.823560,116.553299
379.146692,154.823560,125.589090
379.146715,154.823560,116.553299
379.146733,154.823560,125.597384
379.146776,154.823560,125.605485
379.146824,154.823560,125.608987
379.146881,154.823560,125.637813
379.146924,154.823560,125.641547
379.146948,154.823560,125.652178
379.146989,154.823560,125.657146
379.147072,154.823560,125.705355
379.147123,154.823560,125.706534
379.147200,154.823560,125.711685
379.147244,154.823560,125.718413
379.147307,154.823560,125.723029
379.147337,154.823560,125.729602
379.147378,154.823560,125.745573
379.147471,154.823560,125.747818
379.147534,154.823560,125.753221
379.147563,154.823560,125.756246
379.147597,154.823560,125.759792
379.147641,154.823560,125.782245
379.147668,154.823560,125.793710
379.147735,154.823560,125.798802
379.147788,154.823560,125.825771
379.147862,154.823560,125.836424
379.147905,154.823560,125.853963
379.147949,154.823560,125.855464
379.148065,154.823560,125.858245
379.148095,154.823560,125.858408
379.148153,154.823560,125.881277
379.148196,154.823560,125.881280
379.148228,154.823560,125.884883
379.148272,154.823560,125.900726
379.148329,154.823560,125.904224
379.148357,154.823560,125.905506
379.148406,154.823560,125.915416
379.148438,154.823560,125.924584
379.148476,154.823560,117.063685
379.148509,154.823560,125.930178
379.148537,154.823560,125.942190
379.148581,154.823560,125.946997
379.148632,154.823560,125.953206
379.148670,154.823560,125.956243
379.148713,154.823560,125.965107
379.148775,154.823560,125.966152
379.148820,154.823560,125.989398
379.148898,154.823560,125.991658
379.148929,154.823560,126.007518
379.149023,154.823560,126.008310
379.149050,154.823560,126.018610
379.149130,154.823560,126.024762
379.149181,154.823560,126.037419
379.149206,154.823560,126.054638
379.149238,154.823560,126.055480
379.149300,154.823560,126.057947
379.149378,154.823560,126.074178
379.149450,154.823560,126.084032
379.149490,154.823560,126.098824
379.149544,154.823560,126.128419
379.149591,154.823560,126.151397
379.149640,154.823560,126.165302
379.149695,154.823560,126.171976
379.149781,154.823560,126.179083
379.149820,154.823560,126.186909
379.149876,154.823560,126.192101
379.149918,154.823560,126.192122
379.149962,154.823560,126.195750
379.150015,154.823560,126.201232
379.150070,154.823560,100.665339
379.150116,154.823560,120.081054
379.150146,154.823560,124.402014
379.150176,154.823560,126.211568
379.150259,154.823560,126.219430
379.150287,154.823560,126.220706
379.150338,154.823560,126.238250
379.150398,154.823560,126.253870
379.150432,154.823560,126.281171
379.150486,154.823560,126.329600
379.150562,154.823560,126.358144
379.150594,154.823560,126.365323
379.150661,154.823560,126.368114
379.150691,154.823560,126.371133
379.150728,154.823560,110.031704
379.150760,154.823560,126.375650
379.150884,154.823560,126.398952
379.150928,154.823560,126.403736
379.150954,154.823560,126.407126
379.151045,154.823560,126.411363
379.151128,154.823560,126.411600
379.151154,154.823560,126.424394
379.151218,154.823560,126.448861
379.151250,154.823560,126.457768
379.151292,154.823560,126.459427
379.151344,154.823560,126.460755
379.151388,154.823560,126.463093
379.151454,154.823560,126.464294
379.151527,154.823560,126.464642
379.151590,154.823560,126.478317
379.151642,154.823560,126.480360
379.151691,154.823560,126.480784
379.151750,154.823560,126.481869
379.151834,154.823560,126.507483
379.151898,154.823560,126.507816
379.151933,154.823560,126.512440
379.151971,154.823560,119.430510
379.151991,154.823560,126.512440
379.152027,154.823560,119.430510
379.152048,154.823560,126.533472
379.152103,154.823560,126.546994
379.152138,154.823560,126.550374
379.152166,154.823560,126.553973
379.152221,154.823560,126.567022
379.152265,154.823560,126.573035
379.152338,154.823560,126.593491
379.152400,154.823560,126.594090
379.152518,154.823560,126.601283
379.152567,154.823560,126.605187
379.152652,154.823560,126.611470
379.152711,154.823560,126.633256
379.152739,154.823560,126.643317
379.152826,154.823560,126.658554
379.152899,154.823560,126.659371
379.152962,154.823560,126.661429
379.153037,154.823560,126.665035
379.153086,154.823560,126.668285
379.153118,154.823560,126.672352
379.153173,154.823560,126.685430
379.153260,154.823560,126.689112
379.153343,154.823560,126.698350
379.153430,154.823560,126.730040
379.153451,154.823560,126.748051
379.153494,154.823560,126.764957
379.153564,154.823560,126.771072
379.153594,154.823560,126.781510
379.153642,154.823560,126.788160
379.153682,154.823560,126.788781
379.153732,154.823560,126.822933
379.153757,154.823560,126.824970
379.153831,154.823560,126.881926
379.153861,154.823560,126.885930
379.153920,154.823560,126.904706
379.153973,154.823560,126.909098
379.154016,154.823560,126.911662
379.154071,154.823560,126.943968
379.154105,154.823560,126.954883
379.154171,154.823560,126.956110
379.154210,154.823560,126.964498
379.154264,154.823560,126.967555
379.154343,154.823560,126.974768
379.154366,154.823560,118.143893
379.154385,154.823560,126.980584
379.154409,154.823560,127.008390
379.154455,154.823560,127.023646
379.154500,154.823560,127.026493
379.154539,154.823560,127.029328
379.154562,154.823560,127.032274
379.154584,154.823560,127.041424
379.154627,154.823560,127.049733
379.154727,154.823560,127.050357
379.154782,154.823560,127.055080
379.154820,154.823560,127.056413
379.154871,154.823560,127.057242
379.154968,154.823560,127.065104
379.154995,154.823560,127.066154
379.155034,154.823560,127.075386
379.155067,154.823560,127.090674
379.155092,154.823560,127.092691
379.155141,154.823560,127.108267
379.155189,154.823560,127.121005
379.155222,154.823560,127.123664
379.155290,154.823560,127.134256
379.155333,154.823560,127.152693
379.155433,154.823560,127.153582
379.155480,154.823560,127.172464
379.155537,154.823560,127.187147
379.155625,154.823560,127.189192
379.155681,154.823560,127.190202
379.155771,154.823560,127.192069
379.155815,154.823560,127.194312
379.155872,154.823560,127.198802
379.155921,154.823560,127.205232
379.155968,154.823560,127.205683
379.155999,154.823560,127.206083
379.156037,154.823560,127.218144
379.156103,154.823560,127.235366
379.156139,154.823560,127.235424
379.156181,154.823560,127.247806
379.156246,154.823560,127.256213
379.156276,154.823560,127.259040
379.156310,154.823560,127.295088
379.156360,154.823560,127.304498
379.156406,154.823560,127.306429
379.156438,154.823560,127.340382
379.156524,154.823560,127.368203
379.156564,154.823560,127.369848
379.156607,154.823560,127.387334
379.156662,154.823560,127.390392
379.156706,154.823560,127.403421
379.156735,154.823560,127.408779
379.156779,154.823560,127.410549
379.156816,154.823560,127.421195
379.156883,154.823560,127.426328
379.156955,154.823560,127.430688
379.156985,154.823560,127.432818
379.157014,154.823560,127.441421
379.157043,154.823560,127.441632
379.157087,154.823560,127.448816
379.157134,154.823560,127.450123
379.157178,154.823560,127.450712
379.157231,154.823560,126.252331
379.157255,154.823560,127.451139
379.157295,154.823560,127.468866
379.157325,154.823560,127.484678
379.157357,154.823560,127.485538
379.157420,154.823560,127.491981
379.157469,154.823560,127.494642
379.157513,154.823560,127.498390
379.157638,154.823560,127.498494
379.157710,154.823560,127.503931
379.157757,154.823560,127.506390
379.157806,154.823560,127.506760
379.157865,154.823560,127.507102
379.157901,154.823560,127.507314
379.157925,154.823560,127.518752
379.158010,154.823560,127.534786
379.158084,154.823560,127.553630
379.158123,154.823560,127.561643
379.158148,154.823560,127.572536
379.158195,154.823560,127.575530
379.158300,154.823560,127.582955
379.158341,154.823560,127.603344
379.158396,154.823560,127.609984
379.158445,154.823560,127.620598
379.158518,154.823560,127.625341
379.158635,154.823560,127.632958
379.158679,154.823560,127.640006
379.158704,154.823560,127.640259
379.158742,154.823560,127.664318
379.158789,154.823560,127.668306
379.158823,154.823560,127.668606
379.158852,154.823560,127.671043
379.158898,154.823560,127.680256
379.158970,154.823560,127.686744
379.159004,154.823560,112.167563
379.159026,154.823560,117.263245
379.159044,154.823560,117.417405
379.159064,154.823560,127.697707
379.159093,154.823560,127.706885
379.159123,154.823560,127.708494
379.159187,154.823560,127.709357
379.159246,154.823560,127.711979
379.159279,154.823560,127.716603
379.159312,154.823560,127.727600
379.159340,154.823560,127.733990
379.159445,154.823560,127.734733
379.159492,154.823560,127.751546
379.159550,154.823560,126.336042
379.159587,154.823560,127.752038
379.159635,154.823560,127.754771
379.159687,154.823560,127.756350
379.159736,154.823560,127.772336
379.159793,154.823560,127.789995
379.159837,154.823560,127.797357
379.159895,154.823560,127.805088
379.159931,154.823560,127.807466
379.159988,154.823560,127.818651
379.160060,154.823560,127.821184
379.160129,154.823560,127.829818
379.160210,154.823560,127.832096
379.160245,154.823560,127.846531
379.160292,154.823560,127.869195
379.160356,154.823560,127.878627
379.160418,154.823560,127.886147
379.160446,154.823560,127.891122
379.160527,154.823560,127.907515
379.160560,154.823560,127.915019
379.160728,154.823560,127.919800
379.160767,154.823560,122.193390
379.160789,154.823560,127.921331
379.160860,154.823560,127.935282
379.160907,154.823560,127.935962
379.160942,154.823560,127.941589
379.160992,154.823560,127.942254
379.161046,154.823560,127.964235
379.161136,154.823560,127.964867
379.161208,154.823560,127.989211
379.161247,154.823560,127.992110
379.161296,154.823560,128.003013
379.161342,154.823560,128.031090
379.161370,154.823560,128.033634
379.161407,154.823560,113.352000
379.161429,154.823560,128.036325
379.161467,154.823560,128.040578
379.161559,154.823560,128.057666
379.161610,154.823560,128.058819
379.161644,154.823560,128.078080
379.161709,154.823560,128.086654
379.161754,154.823560,128.092859
379.161807,154.823560,128.103093
379.161858,154.823560,128.107336
379.161954,154.823560,128.131331
379.162003,154.823560,128.143878
379.162030,154.823560,128.156395
379.162085,154.823560,128.159339
379.162152,154.823560,128.161384
379.162206,154.823560,128.168208
379.162282,154.823560,128.172181
379.162336,154.823560,128.173682
379.162383,154.823560,128.174179
379.162420,154.823560,128.180885
379.162491,154.823560,128.188248
379.162549,154.823560,128.191594
379.162575,154.823560,128.197027
379.162635,154.823560,128.202888
379.162681,154.823560,128.203453
379.162735,154.823560,128.205691
379.162774,154.823560,128.214912
379.162822,154.823560,128.215072
379.162855,154.823560,128.218237
379.162906,154.823560,128.226064
379.163012,154.823560,128.226573
379.163041,154.823560,115.172446
379.163063,154.823560,128.235842
379.163112,154.823560,127.284590
379.163150,154.823560,128.236298
379.163206,154.823560,128.268640
379.163275,154.823560,128.278664
379.163319,154.823560,128.287094
379.163350,154.823560,128.301464
379.163395,154.823560,128.308984
379.163424,154.823560,128.310726
379.163494,154.823560,128.318096
379.163528,154.823560,128.318752
379.163565,154.823560,128.323992
379.163613,154.823560,128.328446
379.163646,154.823560,128.341298
379.163694,154.823560,128.353042
379.163754,154.823560,128.365446
379.163801,154.823560,128.366496
379.163856,154.823560,128.383400
379.163911,154.823560,128.383470
379.163952,154.823560,128.394547
379.164007,154.823560,128.407317
379.164035,154.823560,128.408544
379.164081,154.823560,128.411936
379.164178,154.823560,128.416610
379.164221,154.823560,128.422861
379.164288,154.823560,128.434776
379.164336,154.823560,128.442707
379.164530,154.823560,128.450512
379.164573,154.823560,128.463414
379.164645,154.823560,128.465658
379.164688,154.823560,128.465762
379.164747,154.823560,128.468190
379.164864,154.823560,128.468574
379.164912,154.823560,128.473581
379.164970,154.823560,128.485680
379.164997,154.823560,128.496445
379.165083,154.823560,128.497328
379.165133,154.823560,128.497808
379.165188,154.823560,128.498763
379.165239,154.823560,128.508986
379.165301,154.823560,128.510283
379.165368,154.823560,128.512885
379.165414,154.823560,128.517066
379.165440,154.823560,128.528085
379.165521,154.823560,128.529029
379.165571,154.823560,128.530173
379.165643,154.823560,128.530421
379.165685,154.823560,128.541094
379.165735,154.823560,128.544971
379.165773,154.823560,128.550938
379.165811,154.823560,128.553600
379.165848,154.823560,128.557608
379.165895,154.823560,128.572627
379.165981,154.823560,128.577712
379.166036,154.823560,128.582176
379.166100,154.823560,128.585168
379.166149,154.823560,128.593235
379.166271,154.823560,128.597014
379.166312,154.823560,119.008928
379.166334,154.823560,128.597014
379.166374,154.823560,119.008928
379.166396,154.823560,128.598859
379.166437,154.823560,115.127886
379.166465,154.823560,122.481760
379.166488,154.823560,124.474830
379.166523,154.823560,128.603722
379.166571,154.823560,128.607702
379.166608,154.823560,128.612563
379.166642,154.823560,128.613824
379.166691,154.823560,128.615019
379.166734,154.823560,114.241152
379.166757,154.823560,116.563950
379.166784,154.823560,121.252192
379.166807,154.823560,128.615019
379.166850,154.823560,114.241152
379.166873,154.823560,116.563950
379.166900,154.823560,121.252192
379.166923,154.823560,128.615019
379.166971,154.823560,114.241152
379.166994,154.823560,116.563950
379.167021,154.823560,121.252192
379.167044,154.823560,128.615762
379.167109,154.823560,128.617011
379.167150,154.823560,128.626290
379.167202,154.823560,128.636187
379.167258,154.823560,128.640842
379.167288,154.823560,128.643446
379.167365,154.823560,128.648901
379.167444,154.823560,128.649144
379.167514,154.823560,128.649797
379.167558,154.823560,128.650682
379.167596,154.823560,128.666858
379.167665,154.823560,128.671680
379.167702,154.823560,128.687854
379.167763,154.823560,128.718318
379.167801,154.823560,128.733563
379.167846,154.823560,128.756184
379.167914,154.823560,128.769866
379.168019,154.823560,128.781557
379.168052,154.823560,128.799197
379.168130,154.823560,128.805115
379.168167,154.823560,110.848378
379.168190,154.823560,115.765048
379.168210,154.823560,116.206368
379.168229,154.823560,128.827354
379.168258,154.823560,128.830827
379.168292,154.823560,128.834885
379.168327,154.823560,128.858606
379.168371,154.823560,128.865766
379.168421,154.823560,128.879339
379.168507,154.823560,128.881158
379.168549,154.823560,128.888598
379.168588,154.823560,126.030350
379.168617,154.823560,128.895328
379.168650,154.823560,128.898706
379.168688,154.823560,128.904493
379.168723,154.823560,128.905800
379.168802,154.823560,128.907515
379.168842,154.823560,128.910709
379.168886,154.823560,128.912634
379.168921,154.823560,128.919282
379.168985,154.823560,128.933120
379.169039,154.823560,128.941059
379.169133,154.823560,128.953027
379.169178,154.823560,128.957270
379.169216,154.823560,128.967413
379.169299,154.823560,128.968875
379.169338,154.823560,128.969499
379.169405,154.823560,128.971859
379.169490,154.823560,128.981421
379.169538,154.823560,128.983178
379.169565,154.823560,128.990842
379.169592,154.823560,129.000286
379.169726,154.823560,129.000573
379.169786,154.823560,129.010734
379.169818,154.823560,129.011592
379.169864,154.823560,129.018094
379.169894,154.823560,129.020704
379.169926,154.823560,129.023899
379.169951,154.823560,129.024813
379.169988,154.823560,129.037267
379.170016,154.823560,129.037771
379.170050,154.823560,129.042118
379.170100,154.823560,129.042581
379.170153,154.823560,129.045539
379.170201,154.823560,129.048822
379.170253,154.823560,129.053499
379.170289,154.823560,129.053910
379.170351,154.823560,129.063770
379.170405,154.823560,129.078051
379.170452,154.823560,129.078282
379.170496,154.823560,129.086616
379.170553,154.823560,129.086854
379.170593,154.823560,129.086954
379.170641,154.823560,129.088307
379.170718,154.823560,129.090590
379.170762,154.823560,129.111936
379.170835,154.823560,129.124338
379.170866,154.823560,129.137483
379.170937,154.823560,129.148898
379.170969,154.823560,129.149443
379.171004,154.823560,129.181731
379.171056,154.823560,129.183685
379.171087,154.823560,129.189640
379.171140,154.823560,129.190157
379.171178,154.823560,129.192702
379.171268,154.823560,129.203926
379.171299,154.823560,129.205677
379.171338,154.823560,129.210389
379.171412,154.823560,129.218190
379.171508,154.823560,129.220490
379.171547,154.823560,129.224394
379.171598,154.823560,129.233037
379.171703,154.823560,129.242752
379.171763,154.823560,129.243072
379.171800,154.823560,129.249704
379.171851,154.823560,129.252362
379.171893,154.823560,129.262754
379.171943,154.823560,129.265627
379.171971,154.823560,129.268715
379.172047,154.823560,129.279242
379.172103,154.823560,129.290805
379.172153,154.823560,129.292538
379.172205,154.823560,129.294106
379.172234,154.823560,129.299872
379.172271,154.823560,129.313491
379.172316,154.823560,129.316686
379.172365,154.823560,129.318813
379.172400,154.823560,129.330744
379.172454,154.823560,119.386483
379.172480,154.823560,124.074725
379.172504,154.823560,124.482165
379.172539,154.823560,129.341147
379.172586,154.823560,129.343170
379.172657,154.823560,129.345906
379.172688,154.823560,129.348056
379.172754,154.823560,129.365430
379.172785,154.823560,129.372754
379.172824,154.823560,129.380107
379.172862,154.823560,129.390250
379.172921,154.823560,129.395091
379.172968,154.823560,129.408386
379.173032,154.823560,129.408768
379.173058,154.823560,129.412976
379.173118,154.823560,129.417930
379.173180,154.823560,129.422192
379.173233,154.823560,129.423410
379.173301,154.823560,129.426104
379.173351,154.823560,129.446678
379.173410,154.823560,129.449067
379.173443,154.823560,129.450877
379.173495,154.823560,129.451907
379.173537,154.823560,129.452054
379.173573,154.823560,129.455029
379.173622,154.823560,129.459314
379.173651,154.823560,129.464555
379.173706,154.823560,129.464994
379.173766,154.823560,129.470682
379.173806,154.823560,129.486515
379.173838,154.823560,129.486859
379.173872,154.823560,129.486886
379.173911,154.823560,129.494818
379.173981,154.823560,129.495822
379.174025,154.823560,129.497450
379.174066,154.823560,129.499162
379.174098,154.823560,129.499390
379.174149,154.823560,129.502486
379.174189,154.823560,129.504992
379.174236,154.823560,129.508205
379.174273,154.823560,121.620520
379.174299,154.823560,126.308762
379.174324,154.823560,126.716202
379.174347,154.823560,129.508205
379.174385,154.823560,121.620520
379.174410,154.823560,126.308762
379.174433,154.823560,126.716202
379.174456,154.823560,129.529157
379.174505,154.823560,129.546406
379.174555,154.823560,129.555747
379.174614,154.823560,129.561030
379.174661,154.823560,129.562309
379.174753,154.823560,129.566710
379.174806,154.823560,129.579614
379.174958,154.823560,129.581298
379.175008,154.823560,129.584552
379.175045,154.823560,129.587952
379.175093,154.823560,129.589224
379.175141,154.823560,129.590166
379.175214,154.823560,129.595688
379.175252,154.823560,129.600546
379.175302,154.823560,129.613762
379.175362,154.823560,129.616128
379.175396,154.823560,129.628514
379.175433,154.823560,129.633226
379.175493,154.823560,129.644208
379.175542,154.823560,129.653422
379.175599,154.823560,129.658960
379.175650,154.823560,129.659283
379.175696,154.823560,129.675197
379.175746,154.823560,129.681589
379.175789,154.823560,129.697331
379.175836,154.823560,129.702078
379.175886,154.823560,129.729645
379.175970,154.823560,129.736680
379.176001,154.823560,129.741498
379.176077,154.823560,129.746560
379.176137,154.823560,129.748264
379.176160,154.823560,129.749402
379.176197,154.823560,129.764981
379.176234,154.823560,129.777858
379.176333,154.823560,129.777894
379.176389,154.823560,129.785138
379.176419,154.823560,129.787336
379.176516,154.823560,129.787712
379.176560,154.823560,129.792154
379.176601,154.823560,129.794142
379.176650,154.823560,113.822362
379.176676,154.823560,118.739032
379.176699,154.823560,119.180352
379.176727,154.823560,120.062414
379.176754,154.823560,126.003734
379.176780,154.823560,129.809272
379.176825,154.823560,129.819181
379.176884,154.823560,129.819448
379.176922,154.823560,129.827354
379.176955,154.823560,129.828851
379.176982,154.823560,129.836515
379.177010,154.823560,129.837202
379.177074,154.823560,129.838154
379.177110,154.823560,129.838379
379.177165,154.823560,129.839133
379.177225,154.823560,129.839384
379.177271,154.823560,129.843379
379.177354,154.823560,129.845966
379.177437,154.823560,129.852139
379.177490,154.823560,117.471448
379.177527,154.823560,129.862469
379.177578,154.823560,129.869395
379.177629,154.823560,129.887830
379.177688,154.823560,129.891453
379.177729,154.823560,129.892197
379.177764,154.823560,129.896256
379.177817,154.823560,129.898006
379.177848,154.823560,129.908758
379.177888,154.823560,129.912554
379.177928,154.823560,129.927002
379.177976,154.823560,129.933579
379.178101,154.823560,129.935286
379.178131,154.823560,115.284128
379.178155,154.823560,129.966530
379.178231,154.823560,129.982853
379.178299,154.823560,129.989547
379.178355,154.823560,129.996565
379.178464,154.823560,129.997270
379.178494,154.823560,130.008552
379.178530,154.823560,130.018144
379.178573,154.823560,127.913141
379.178615,154.823560,130.036421
379.178656,154.823560,130.036598
379.178697,154.823560,130.042510
379.178746,154.823560,130.049600
379.178779,154.823560,130.053726
379.178818,154.823560,130.072648
379.178849,154.823560,130.084330
379.178912,154.823560,130.099504
379.178965,154.823560,116.855086
379.179002,154.823560,121.771757
379.179037,154.823560,122.213077
379.179070,154.823560,130.105510
379.179113,154.823560,130.121979
379.179169,154.823560,130.128443
379.179213,154.823560,130.152016
379.179308,154.823560,130.152482
379.179364,154.823560,130.158510
379.179419,154.823560,130.167330
379.179484,154.823560,130.167440
379.179519,154.823560,130.167504
379.179566,154.823560,130.169179
379.179670,154.823560,130.169342
379.179728,154.823560,130.169515
379.179775,154.823560,130.170230
379.179835,154.823560,130.178384
379.179871,154.823560,130.178536
379.179916,154.823560,130.183466
379.179973,154.823560,130.190838
379.180016,154.823560,130.197738
379.180079,154.823560,130.211104
379.180125,154.823560,130.211109
379.180174,154.823560,130.215410
379.180229,154.823560,130.232715
379.180279,154.823560,130.234627
379.180312,154.823560,130.238536
379.180369,154.823560,130.247966
379.180517,154.823560,130.248194
379.180603,154.823560,130.248261
379.180633,154.823560,111.391565
379.180657,154.823560,130.252165
379.180687,154.823560,117.818210
379.180711,154.823560,130.267779
379.180747,154.823560,130.268149
379.180841,154.823560,130.271778
379.180887,154.823560,130.285538
379.180918,154.823560,130.290870
379.180961,154.823560,130.291390
379.181006,154.823560,130.293328
379.181061,154.823560,130.300283
379.181117,154.823560,130.321064
379.181174,154.823560,130.144894
379.181201,154.823560,130.332560
379.181237,154.823560,130.344582
379.181296,154.823560,130.349056
379.181352,154.823560,130.354534
379.181395,154.823560,130.355365
379.181437,154.823560,130.360429
379.181483,154.823560,130.366106
379.181529,154.823560,130.368410
379.181572,154.823560,130.373051
379.181632,154.823560,115.385587
379.181659,154.823560,119.148990
379.181687,154.823560,119.404080
379.181711,154.823560,120.660280
379.181747,154.823560,124.241550
379.181776,154.823560,128.358808
379.181808,154.823560,128.929792
379.181832,154.823560,129.337232
379.181856,154.823560,130.379330
379.181911,154.823560,130.386770
379.181978,154.823560,130.389366
379.182054,154.823560,130.392136
379.182105,154.823560,130.400032
379.182179,154.823560,130.406704
379.182211,154.823560,130.407126
379.182333,154.823560,130.408061
379.182393,154.823560,130.408872
379.182442,154.823560,130.409045
379.182503,154.823560,130.412333
379.182555,154.823560,130.423410
379.182593,154.823560,130.424115
379.182620,154.823560,130.428846
379.182669,154.823560,130.434842
379.182803,154.823560,130.451246
379.182840,154.823560,130.452216
379.182928,154.823560,130.456302
379.182962,154.823560,130.461053
379.182991,154.823560,130.470678
379.183064,154.823560,130.473189
379.183127,154.823560,130.485534
379.183171,154.823560,130.504389
379.183207,154.823560,130.510056
379.183254,154.823560,130.510954
379.183296,154.823560,130.519947
379.183355,154.823560,130.521694
379.183391,154.823560,130.526114
379.183422,154.823560,122.115171
379.183443,154.823560,130.526114
379.183473,154.823560,122.115171
379.183494,154.823560,130.526114
379.183524,154.823560,122.115171
379.183545,154.823560,130.526283
379.183586,154.823560,130.528395
379.183632,154.823560,130.529318
379.183681,154.823560,130.531976
379.183708,154.823560,130.533242
379.183769,154.823560,130.538379
379.183852,154.823560,130.544816
379.183904,154.823560,130.555056
379.183965,154.823560,130.561301
379.184013,154.823560,130.562784
379.184068,154.823560,97.439032
379.184103,154.823560,107.100342
379.184128,154.823560,107.563245
379.184154,154.823560,117.417405
379.184178,154.823560,119.180352
379.184202,154.823560,125.420405
379.184229,154.823560,130.564611
379.184349,154.823560,130.574853
379.184419,154.823560,130.587072
379.184461,154.823560,130.592698
379.184507,154.823560,130.606302
379.184550,154.823560,130.610717
379.184619,154.823560,130.615386
379.184705,154.823560,130.616882
379.184734,154.823560,130.642445
379.184765,154.823560,130.643285
379.184874,154.823560,130.643994
379.184912,154.823560,130.646606
379.184950,154.823560,130.648534
379.184988,154.823560,130.659371
379.185020,154.823560,130.660347
379.185064,154.823560,130.664963
379.185105,154.823560,130.671030
379.185154,154.823560,130.673586
379.185267,154.823560,130.676728
379.185340,154.823560,130.680907
379.185387,154.823560,130.681120
379.185432,154.823560,130.682875
379.185478,154.823560,130.693573
379.185539,154.823560,130.697254
379.185627,154.823560,130.711261
379.185669,154.823560,130.728618
379.185714,154.823560,130.733834
379.185774,154.823560,130.741859
379.185804,154.823560,130.751403
379.185842,154.823560,130.752566
379.185896,154.823560,130.753898
379.185945,154.823560,130.764722
379.185971,154.823560,130.770499
379.186025,154.823560,130.778528
379.186057,154.823560,130.778912
379.186124,154.823560,130.783443
379.186160,154.823560,130.791954
379.186216,154.823560,130.792291
379.186262,154.823560,130.814277
379.186303,154.823560,130.815786
379.186376,154.823560,130.822869
379.186448,154.823560,130.831582
379.186508,154.823560,130.844064
379.186590,154.823560,130.844083
379.186654,154.823560,130.847181
379.186720,154.823560,130.850238
379.186780,154.823560,130.854475
379.186915,154.823560,130.857678
379.186971,154.823560,130.864706
379.187012,154.823560,130.865024
379.187068,154.823560,130.866670
379.187099,154.823560,124.475469
379.187124,154.823560,130.873403
379.187177,154.823560,130.875053
379.187275,154.823560,130.877530
379.187370,154.823560,130.883915
379.187427,154.823560,130.885429
379.187533,154.823560,130.886021
379.187572,154.823560,130.886114
379.187656,154.823560,130.890626
379.187706,154.823560,130.890709
379.187758,154.823560,130.895006
379.187860,154.823560,130.896026
379.187920,154.823560,130.899402
379.187998,154.823560,130.900694
379.188041,154.823560,116.619470
379.188070,154.823560,124.090368
379.188091,154.823560,125.407712
379.188112,154.823560,127.595258
379.188137,154.823560,129.923973
379.188162,154.823560,130.900694
379.188204,154.823560,116.619470
379.188233,154.823560,124.090368
379.188254,154.823560,125.407712
379.188275,154.823560,127.595258
379.188301,154.823560,129.923973
379.188327,154.823560,130.903326
379.188374,154.823560,130.906149
379.188444,154.823560,130.920405
379.188472,154.823560,130.925070
379.188534,154.823560,130.933637
379.188591,154.823560,130.935968
379.188638,154.823560,130.953314
379.188708,154.823560,130.958123
379.188825,154.823560,130.960894
379.188877,154.823560,130.987448
379.188938,154.823560,130.989990
379.188984,154.823560,130.992910
379.189073,154.823560,131.005757
379.189106,154.823560,131.009651
379.189151,154.823560,131.011698
379.189203,154.823560,131.021181
379.189252,154.823560,131.027320
379.189356,154.823560,131.033554
379.189418,154.823560,131.039499
379.189460,154.823560,131.040330
379.189506,154.823560,131.066978
379.189626,154.823560,131.067282
379.189687,154.823560,131.070928
379.189764,154.823560,131.072874
379.189817,154.823560,131.074269
379.189882,154.823560,131.074302
379.189950,154.823560,131.078994
379.190026,154.823560,131.084587
379.190088,154.823560,131.100755
379.190163,154.823560,131.101573
379.190201,154.823560,110.593429
379.190226,154.823560,131.102630
379.190273,154.823560,131.108840
379.190375,154.823560,131.110603
379.190432,154.823560,131.111846
379.190471,154.823560,131.131486
379.190512,154.823560,131.133330
379.190543,154.823560,131.138584
379.190596,154.823560,131.146062
379.190645,154.823560,131.149685
379.190750,154.823560,131.156934
379.190790,154.823560,131.157893
379.190881,154.823560,131.163672
379.190931,154.823560,131.177293
379.190981,154.823560,113.536594
379.191020,154.823560,118.453264
379.191056,154.823560,118.894584
379.191090,154.823560,119.776646
379.191129,154.823560,128.270926
379.191163,154.823560,130.634637
379.191199,154.823560,131.183339
379.191232,154.823560,131.184469
379.191272,154.823560,131.187072
379.191378,154.823560,131.192243
379.191450,154.823560,131.192374
379.191501,154.823560,131.203744
379.191540,154.823560,131.206280
379.191577,154.823560,131.207590
379.191639,154.823560,131.213146
379.191693,154.823560,131.219013
379.191733,154.823560,131.219181
379.191822,154.823560,131.219613
379.191863,154.823560,131.221050
379.191897,154.823560,131.229730
379.191948,154.823560,131.239638
379.191986,154.823560,131.243232
379.192026,154.823560,131.248219
379.192079,154.823560,131.258624
379.192118,154.823560,131.262784
379.192167,154.823560,107.274936
379.192189,154.823560,108.614989
379.192213,154.823560,120.017909
379.192234,154.823560,131.264506
379.192273,154.823560,131.281662
379.192299,154.823560,124.926269
379.192321,154.823560,131.282227
379.192380,154.823560,131.283061
379.192433,154.823560,131.284661
379.192484,154.823560,131.288374
379.192596,154.823560,131.294406
379.192627,154.823560,131.304848
379.192669,154.823560,131.315080
379.192794,154.823560,131.324006
379.192866,154.823560,131.326587
379.192916,154.823560,131.328054
379.192960,154.823560,131.330354
379.192991,154.823560,131.333894
379.193032,154.823560,131.336938
379.193095,154.823560,131.343480
379.193198,154.823560,131.345926
379.193283,154.823560,131.347659
379.193331,154.823560,131.353992
379.193419,154.823560,131.356474
379.193472,154.823560,131.361725
379.193531,154.823560,131.371957
379.193581,154.823560,131.383206
379.193645,154.823560,131.383872
379.193678,154.823560,131.384008
379.193726,154.823560,121.648782
379.193753,154.823560,126.565453
379.193778,154.823560,127.006773
379.193805,154.823560,127.888835
379.193834,154.823560,131.385091
379.193889,154.823560,131.385926
379.193954,154.823560,131.386678
379.193994,154.823560,131.397371
379.194059,154.823560,131.400462
379.194100,154.823560,131.401178
379.194145,154.823560,131.407334
379.194204,154.823560,131.416899
379.194276,154.823560,131.418834
379.194313,154.823560,131.444502
379.194362,154.823560,131.444982
379.194412,154.823560,131.445224
379.194455,154.823560,131.449018
379.194498,154.823560,131.449146
379.194540,154.823560,131.450238
379.194594,154.823560,131.453243
379.194662,154.823560,131.454882
379.194721,154.823560,131.459349
379.194766,154.823560,131.459410
379.194829,154.823560,131.460005
379.194876,154.823560,131.466778
379.194915,154.823560,131.470536
379.194956,154.823560,131.472371
379.195024,154.823560,131.476155
379.195089,154.823560,131.486938
379.195132,154.823560,131.488118
379.195168,154.823560,131.493765
379.195243,154.823560,131.497139
379.195310,154.823560,131.500490
379.195399,154.823560,131.501467
379.195426,154.823560,131.501970
379.195482,154.823560,131.505045
379.195517,154.823560,131.523026
379.195561,154.823560,131.534683
379.195600,154.823560,131.535442
379.195661,154.823560,131.536752
379.195707,154.823560,131.547493
379.195766,154.823560,131.564798
379.195825,154.823560,131.576782
379.195877,154.823560,131.580730
379.195926,154.823560,131.580885
379.195976,154.823560,131.582827
379.196022,154.823560,131.593827
379.196068,154.823560,131.601242
379.196121,154.823560,131.607794
379.196160,154.823560,131.610734
379.196208,154.823560,131.611861
379.196246,154.823560,131.618547
379.196295,154.823560,131.621187
379.196348,154.823560,131.622280
379.196404,154.823560,131.624586
379.196468,154.823560,131.625144
379.196514,154.823560,131.628142
379.196586,154.823560,131.656085
379.196645,154.823560,131.669155
379.196697,154.823560,131.671805
379.196733,154.823560,131.671912
379.196765,154.823560,131.683459
379.196835,154.823560,131.687342
379.196878,154.823560,131.696418
379.196938,154.823560,131.699899
379.196976,154.823560,131.709546
379.197029,154.823560,131.713942
379.197078,154.823560,131.715915
379.197112,154.823560,131.724070
379.197217,154.823560,131.726846
379.197280,154.823560,131.729819
379.197337,154.823560,131.731421
379.197387,154.823560,131.734898
379.197445,154.823560,131.744965
379.197487,154.823560,131.750650
379.197529,154.823560,131.757482
379.197573,154.823560,131.759774
379.197637,154.823560,131.763438
379.197694,154.823560,131.764811
379.197739,154.823560,131.766296
379.197797,154.823560,131.767955
379.197860,154.823560,131.768763
379.197931,154.823560,131.769403
379.197984,154.823560,131.772509
379.198028,154.823560,131.777827
379.198080,154.823560,131.781642
379.198127,154.823560,131.790622
379.198167,154.823560,131.794118
379.198205,154.823560,131.800115
379.198273,154.823560,131.806043
379.198336,154.823560,131.807083
379.198382,154.823560,131.811794
379.198418,154.823560,131.811850
379.198457,154.823560,131.819800
379.198490,154.823560,131.820208
379.198538,154.823560,131.825594
379.198584,154.823560,131.841670
379.198620,154.823560,131.861496
379.198660,154.823560,131.879515
379.198723,154.823560,131.888838
379.198781,154.823560,131.894325
379.198819,154.823560,131.898467
379.198880,154.823560,131.901325
379.198916,154.823560,131.905891
379.198973,154.823560,131.913885
379.199020,154.823560,131.915395
379.199110,154.823560,131.918547
379.199149,154.823560,131.924304
379.199178,154.823560,131.926989
379.199234,154.823560,131.931518
379.199278,154.823560,131.934432
379.199371,154.823560,131.942642
379.199412,154.823560,131.947403
379.199465,154.823560,131.949630
379.199513,154.823560,131.959947
379.199568,154.823560,131.966075
379.199600,154.823560,131.981429
379.199746,154.823560,131.987843
379.199806,154.823560,131.993390
379.199832,154.823560,131.994010
379.199902,154.823560,132.003722
379.199951,154.823560,132.020318
379.199994,154.823560,132.023555
379.200037,154.823560,132.029013
379.200071,154.823560,132.036517
379.200103,154.823560,132.043915
379.200152,154.823560,132.053190
379.200192,154.823560,132.061616
379.200255,154.823560,132.069080
379.200320,154.823560,132.069733
379.200370,154.823560,132.083202
379.200420,154.823560,132.085206
379.200468,154.823560,132.088298
379.200511,154.823560,132.094749
379.200542,154.823560,132.096240
379.200594,154.823560,132.098790
379.200631,154.823560,132.098894
379.200669,154.823560,132.105269
379.200721,154.823560,132.108739
379.200773,154.823560,132.109298
379.200824,154.823560,132.120016
379.200857,154.823560,132.125512
379.200922,154.823560,132.130432
379.200962,154.823560,132.130920
379.201038,154.823560,132.133182
379.201087,154.823560,132.133307
379.201151,154.823560,132.140310
379.201182,154.823560,132.147640
379.201237,154.823560,132.148056
379.201300,154.823560,132.154258
379.201333,154.823560,132.166205
379.201382,154.823560,132.167922
379.201415,154.823560,122.872280
379.201441,154.823560,132.168597
379.201554,154.823560,132.169493
379.201600,154.823560,132.169680
379.201666,154.823560,132.170342
379.201708,154.823560,132.171070
379.201828,154.823560,132.187528
379.201872,154.823560,132.192240
379.201911,154.823560,132.201408
379.202001,154.823560,132.211915
379.202040,154.823560,132.215445
379.202079,154.823560,132.216877
379.202173,154.823560,132.224046
379.202212,154.823560,132.226128
379.202261,154.823560,132.233398
379.202316,154.823560,132.235930
379.202355,154.823560,132.241872
379.202400,154.823560,132.242115
379.202439,154.823560,132.244083
379.202493,154.823560,126.660694
379.202522,154.823560,129.283962
379.202565,154.823560,131.720392
379.202591,154.823560,131.756376
379.202627,154.823560,132.244224
379.202682,154.823560,132.246952
379.202747,154.823560,132.247126
379.202812,154.823560,132.249222
379.202850,154.823560,132.249658
379.202886,154.823560,132.254475
379.203003,154.823560,132.259725
379.203055,154.823560,132.261864
379.203090,154.823560,132.265464
379.203227,154.823560,132.265533
379.203265,154.823560,132.266554
379.203320,154.823560,132.266845
379.203360,154.823560,132.267754
379.203413,154.823560,132.280070
379.203450,154.823560,132.289606
379.203486,154.823560,132.306525
379.203572,154.823560,132.309931
379.203603,154.823560,132.310987
379.203679,154.823560,132.317861
379.203745,154.823560,132.321304
379.203791,154.823560,132.321829
379.203856,154.823560,132.324710
379.203890,154.823560,132.331744
379.203948,154.823560,132.337205
379.203986,154.823560,132.345104
379.204031,154.823560,124.967275
379.204060,154.823560,129.883946
379.204085,154.823560,130.325266
379.204111,154.823560,132.349568
379.204148,154.823560,132.353096
379.204216,154.823560,132.362066
379.204249,154.823560,132.365278
379.204320,154.823560,132.368128
379.204396,154.823560,132.370048
379.204537,154.823560,132.374816
379.204598,154.823560,132.399040
379.204632,154.823560,132.401936
379.204717,154.823560,132.404266
379.204769,154.823560,132.421968
379.204825,154.823560,132.427320
379.204905,154.823560,132.427539
379.204959,154.823560,132.429861
379.205017,154.823560,132.439501
379.205064,154.823560,132.440971
379.205122,154.823560,132.450395
379.205207,154.823560,132.463416
379.205264,154.823560,132.464930
379.205300,154.823560,132.468664
379.205338,154.823560,132.470218
379.205378,154.823560,132.470682
379.205440,154.823560,132.473816
379.205491,154.823560,132.475264
379.205527,154.823560,132.476659
379.205563,154.823560,132.497139
379.205591,154.823560,132.500755
379.205649,154.823560,132.501765
379.205705,154.823560,132.506230
379.205742,154.823560,132.519070
379.205796,154.823560,132.519264
379.205848,154.823560,132.521499
379.205900,154.823560,132.529048
379.205949,154.823560,132.529133
379.206022,154.823560,132.538546
379.206079,154.823560,132.550059
379.206127,154.823560,132.556144
379.206175,154.823560,132.556214
379.206212,154.823560,132.588962
379.206247,154.823560,130.355779
379.206273,154.823560,132.589064
379.206312,154.823560,132.591434
379.206409,154.823560,132.593699
379.206443,154.823560,132.596565
379.206506,154.823560,132.605656
379.206537,154.823560,132.605973
379.206586,154.823560,132.611970
379.206643,154.823560,132.612763
379.206709,154.823560,132.613243
379.206757,154.823560,132.614198
379.206857,154.823560,132.618811
379.206895,154.823560,132.620976
379.206935,154.823560,132.625144
379.206987,154.823560,132.628258
379.207037,154.823560,132.633430
379.207091,154.823560,132.633824
379.207134,154.823560,132.634584
379.207186,154.823560,132.640898
379.207241,154.823560,99.493518
379.207280,154.823560,122.574830
379.207312,154.823560,123.014973
379.207343,154.823560,126.281760
379.207369,154.823560,127.144739
379.207395,154.823560,127.263072
379.207420,154.823560,127.703214
379.207446,154.823560,132.646488
379.207496,154.823560,132.649122
379.207583,154.823560,132.651238
379.207654,154.823560,132.652653
379.207710,154.823560,132.657098
379.207763,154.823560,132.658766
379.207802,154.823560,132.662784
379.207853,154.823560,132.666142
379.207903,154.823560,132.667474
379.207936,154.823560,132.669685
379.208015,154.823560,132.673822
379.208082,154.823560,132.674339
379.208110,154.823560,132.692254
379.208153,154.823560,132.694896
379.208193,154.823560,132.695586
379.208248,154.823560,132.698170
379.208288,154.823560,132.702520
379.208327,154.823560,132.706987
379.208384,154.823560,132.709736
379.208432,154.823560,132.715506
379.208484,154.823560,132.721035
379.208542,154.823560,132.722238
379.208636,154.823560,132.724960
379.208698,154.823560,132.726374
379.208762,154.823560,132.729362
379.208811,154.823560,132.729909
379.208866,154.823560,132.741984
379.208926,154.823560,132.743286
379.208970,154.823560,132.757250
379.209041,154.823560,132.761069
379.209127,154.823560,132.764442
379.209156,154.823560,132.770669
379.209187,154.823560,132.770882
379.209226,154.823560,132.773984
379.209263,154.823560,132.785307
379.209295,154.823560,132.785926
379.209334,154.823560,132.786773
379.209385,154.823560,132.789710
379.209422,154.823560,132.792584
379.209462,154.823560,132.792902
379.209515,154.823560,132.792992
379.209599,154.823560,132.803952
379.209665,154.823560,132.807269
379.209709,154.823560,132.808270
379.209811,154.823560,132.826627
379.209888,154.823560,132.826856
379.209926,154.823560,132.833302
379.209976,154.823560,132.840414
379.210049,154.823560,132.842315
379.210090,154.823560,131.524992
379.210116,154.823560,132.842315
379.210174,154.823560,132.849661
379.210230,154.823560,132.850376
379.210283,154.823560,132.850608
379.210335,154.823560,132.855546
379.210425,154.823560,132.864659
379.210472,154.823560,132.870850
379.210505,154.823560,132.872851
379.210598,154.823560,132.873035
379.210650,154.823560,112.167139
379.210682,154.823560,115.115200
379.210707,154.823560,116.185632
379.210733,154.823560,125.227886
379.210767,154.823560,132.873232
379.210907,154.823560,132.876715
379.210958,154.823560,132.882922
379.211022,154.823560,132.883485
379.211059,154.823560,132.887587
379.211112,154.823560,132.894989
379.211161,154.823560,132.905072
379.211198,154.823560,132.915922
379.211230,154.823560,132.924608
379.211268,154.823560,132.926672
379.211335,154.823560,132.927030
379.211373,154.823560,132.930880
379.211409,154.823560,132.937158
379.211453,154.823560,132.941477
379.211498,154.823560,132.950224
379.211553,154.823560,130.124579
379.211582,154.823560,132.953248
379.211652,154.823560,132.956944
379.211692,154.823560,132.963584
379.211809,154.823560,132.965690
379.211844,154.823560,132.967294
379.211880,154.823560,132.969755
379.211949,154.823560,132.974336
379.212001,154.823560,132.981678
379.212132,154.823560,132.986173
379.212188,154.823560,132.987810
379.212255,154.823560,132.991749
379.212293,154.823560,132.993546
379.212422,154.823560,133.001846
379.212472,154.823560,133.001918
379.212543,154.823560,133.009643
379.212596,154.823560,133.033534
379.212657,154.823560,133.037914
379.212696,154.823560,133.038202
379.212739,154.823560,133.042582
379.212855,154.823560,133.051283
379.212922,154.823560,133.057176
379.212973,154.823560,133.060507
379.213027,154.823560,133.063603
379.213062,154.823560,129.018509
379.213088,154.823560,133.063603
379.213122,154.823560,129.018509
379.213148,154.823560,133.066781
379.213188,154.823560,133.067472
379.213255,154.823560,133.071712
379.213293,154.823560,133.072592
379.213348,154.823560,133.074075
379.213417,154.823560,133.075216
379.213483,154.823560,133.075426
379.213544,154.823560,133.075490
379.213594,154.823560,133.078054
379.213644,154.823560,133.081581
379.213688,154.823560,133.089107
379.213752,154.823560,133.092320
379.213838,154.823560,133.098771
379.213885,154.823560,133.104851
379.213932,154.823560,133.104870
379.213981,154.823560,133.108325
379.214045,154.823560,133.118939
379.214105,154.823560,133.125328
379.214152,154.823560,133.128482
379.214193,154.823560,133.134310
379.214242,154.823560,133.135248
379.214306,154.823560,133.135280
379.214342,154.823560,133.137901
379.214400,154.823560,133.138603
379.214473,154.823560,133.145426
379.214510,154.823560,133.148725
379.214551,154.823560,133.149965
379.214602,154.823560,133.152363
379.214647,154.823560,133.155832
379.214687,154.823560,133.161029
379.214737,154.823560,133.173787
379.214842,154.823560,133.174368
379.214877,154.823560,133.178334
379.214927,154.823560,133.180086
379.214995,154.823560,133.195989
379.215060,154.823560,133.206958
379.215128,154.823560,133.216890
379.215166,154.823560,133.216904
379.215232,154.823560,133.224128
379.215290,154.823560,133.229179
379.215336,154.823560,133.250891
379.215402,154.823560,133.251022
379.215456,154.823560,133.256670
379.215505,154.823560,133.260026
379.215553,154.823560,133.260854
379.215594,154.823560,133.262019
379.215645,154.823560,133.262722
379.215710,154.823560,133.263072
379.215747,154.823560,133.263251
379.215803,154.823560,133.271758
379.215848,154.823560,133.276080
379.215931,154.823560,133.279288
379.215965,154.823560,130.263062
379.215991,154.823560,133.282246
379.216023,154.823560,124.451371
379.216053,154.823560,133.282246
379.216085,154.823560,124.451371
379.216111,154.823560,133.284011
379.216155,154.823560,120.961237
379.216181,154.823560,133.286322
379.216243,154.823560,133.287691
379.216309,154.823560,133.293822
379.216451,154.823560,133.295944
379.216493,154.823560,133.297707
379.216564,154.823560,133.303874
379.216610,154.823560,126.270691
379.216636,154.823560,129.766707
379.216667,154.823560,133.303874
379.216711,154.823560,126.270691
379.216737,154.823560,129.766707
379.216768,154.823560,133.303874
379.216811,154.823560,126.270691
379.216838,154.823560,129.766707
379.216868,154.823560,133.305626
379.216959,154.823560,133.306322
379.216997,154.823560,133.311139
379.217053,154.823560,133.317368
379.217116,154.823560,133.327072
379.217157,154.823560,133.333442
379.217202,154.823560,133.336611
379.217250,154.823560,133.340008
379.217303,154.823560,133.343426
379.217354,154.823560,133.355258
379.217410,154.823560,133.355886
379.217459,154.823560,133.356939
379.217510,154.823560,133.388442
379.217561,154.823560,133.391246
379.217607,154.823560,133.393938
379.217638,154.823560,133.397086
379.217682,154.823560,133.401693
379.217735,154.823560,133.413584
379.217782,154.823560,133.414102
379.217823,154.823560,133.414478
379.217879,154.823560,133.415656
379.217931,154.823560,133.415662
379.217991,154.823560,133.417925
379.218052,154.823560,133.422120
379.218098,154.823560,133.424683
379.218149,154.823560,133.424755
379.218221,154.823560,133.431288
379.218271,154.823560,133.431891
379.218324,154.823560,133.435230
379.218385,154.823560,133.437710
379.218420,154.823560,133.446827
379.218469,154.823560,133.447642
379.218516,154.823560,133.448269
379.218558,154.823560,133.448997
379.218615,154.823560,133.452688
379.218665,154.823560,133.455608
379.218705,154.823560,133.461194
379.218801,154.823560,133.461774
379.218833,154.823560,133.464485
379.218868,154.823560,133.469902
379.218904,154.823560,133.472475
379.218999,154.823560,133.475264
379.219041,154.823560,133.480013
379.219093,154.823560,133.484637
379.219129,154.823560,117.029294
379.219156,154.823560,133.487112
379.219201,154.823560,133.487592
379.219232,154.823560,133.488123
379.219340,154.823560,133.491803
379.219398,154.823560,133.503142
379.219445,154.823560,133.506923
379.219501,154.823560,133.507706
379.219533,154.823560,133.511854
379.219582,154.823560,133.517248
379.219624,154.823560,133.519374
379.219677,154.823560,133.535360
379.219743,154.823560,133.539074
379.219785,154.823560,133.549064
379.219853,154.823560,133.555106
379.219909,154.823560,133.557147
379.219958,154.823560,133.572048
379.220011,154.823560,133.584546
379.220069,154.823560,133.586738
379.220108,154.823560,133.587939
379.220170,154.823560,133.594784
379.220226,154.823560,133.596624
379.220331,154.823560,133.597950
379.220433,154.823560,133.599614
379.220475,154.823560,133.600107
379.220598,154.823560,133.611846
379.220656,154.823560,133.616342
379.220687,154.823560,133.620987
379.220744,154.823560,133.624336
379.220776,154.823560,133.626222
379.220829,154.823560,133.638576
379.220882,154.823560,133.639470
379.220913,154.823560,133.641344
379.220955,154.823560,133.644131
379.221004,154.823560,133.674760
379.221102,154.823560,133.685472
379.221186,154.823560,133.685558
379.221251,154.823560,133.686213
379.221301,154.823560,133.702222
379.221355,154.823560,133.702432
379.221407,154.823560,133.703384
379.221445,154.823560,133.704827
379.221501,154.823560,133.706477
379.221568,154.823560,133.706534
379.221621,154.823560,133.706974
379.221681,154.823560,133.707434
379.221736,154.823560,133.712021
379.221831,154.823560,133.714312
379.221874,154.823560,133.716670
379.221913,154.823560,133.719738
379.221965,154.823560,133.722806
379.222016,154.823560,133.723563
379.222139,154.823560,133.728595
379.222191,154.823560,133.729362
379.222220,154.823560,133.730245
379.222270,154.823560,133.732829
379.222299,154.823560,133.736610
379.222363,154.823560,133.742093
379.222394,154.823560,133.743291
379.222422,154.823560,133.751990
379.222478,154.823560,133.754307
379.222517,154.823560,133.756278
379.222558,154.823560,133.774094
379.222644,154.823560,133.784698
379.222715,154.823560,133.791648
379.222753,154.823560,133.792021
379.222798,154.823560,133.799656
379.222865,154.823560,133.811278
379.222920,154.823560,133.811800
379.222968,154.823560,133.818010
379.223020,154.823560,133.822251
379.223131,154.823560,133.823648
379.223171,154.823560,133.824926
379.223225,154.823560,133.830155
379.223262,154.823560,133.836939
379.223304,154.823560,133.837139
379.223343,154.823560,133.844686
379.223383,154.823560,133.846205
379.223425,154.823560,133.846339
379.223480,154.823560,133.851955
379.223536,154.823560,133.853800
379.223579,154.823560,133.855798
379.223634,154.823560,133.861760
379.223716,154.823560,133.863432
379.223770,154.823560,133.872021
379.223821,154.823560,133.872085
379.223878,154.823560,133.872669
379.223934,154.823560,133.879762
379.223973,154.823560,133.883734
379.224083,154.823560,133.883971
379.224175,154.823560,133.884030
379.224267,154.823560,133.891499
379.224340,154.823560,133.895312
379.224414,154.823560,133.895717
379.224469,154.823560,133.904486
379.224504,154.823560,133.908971
379.224560,154.823560,110.542626
379.224594,154.823560,112.356376
379.224621,154.823560,119.235189
379.224650,154.823560,122.132706
379.224676,154.823560,126.025269
379.224703,154.823560,129.949909
379.224732,154.823560,133.911134
379.224775,154.823560,133.919181
379.224846,154.823560,133.919661
379.224906,154.823560,133.926109
379.224997,154.823560,133.927130
379.225093,154.823560,133.944928
379.225180,154.823560,133.947952
379.225224,154.823560,133.950058
379.225273,154.823560,133.950814
379.225334,154.823560,133.958426
379.225396,154.823560,133.959891
379.225459,154.823560,128.068861
379.225504,154.823560,131.957760
379.225544,154.823560,132.996581
379.225590,154.823560,133.980840
379.225644,154.823560,133.981715
379.225692,154.823560,133.983574
379.225754,154.823560,133.984626
379.225804,154.823560,133.996923
379.225896,154.823560,134.004246
379.225974,154.823560,134.007054
379.226058,154.823560,134.007382
379.226110,154.823560,134.010090
379.226157,154.823560,134.012360
379.226218,154.823560,134.017110
379.226268,154.823560,134.023090
379.226336,154.823560,134.030197
379.226391,154.823560,134.034683
379.226448,154.823560,134.035813
379.226500,154.823560,118.677336
379.226530,154.823560,123.594006
379.226557,154.823560,124.035326
379.226584,154.823560,134.038843
379.226618,154.823560,134.041662
379.226688,154.823560,134.043362
379.226729,154.823560,134.043824
379.226773,154.823560,134.048251
379.227129,154.823560,134.050042
379.227219,154.823560,134.057461
379.227263,154.823560,134.062563
379.227305,154.823560,134.062578
379.227377,154.823560,134.064064
379.227420,154.823560,134.069534
379.227482,154.823560,134.069546
379.227556,154.823560,134.092738
379.227613,154.823560,134.095507
379.227696,154.823560,134.096600
379.227739,154.823560,134.103245
379.227794,154.823560,134.106528
379.227839,154.823560,134.112363
379.227895,154.823560,134.115360
379.227978,154.823560,134.123382
379.228030,154.823560,134.123658
379.228083,154.823560,134.126758
379.228279,154.823560,134.127762
379.228317,154.823560,134.130270
379.228370,154.823560,134.137685
379.228423,154.823560,134.137888
379.228479,154.823560,134.138411
379.228563,154.823560,134.140149
379.228604,154.823560,134.140688
379.228659,154.823560,134.145643
379.228714,154.823560,134.149602
379.228762,154.823560,134.153099
379.228797,154.823560,123.306837
379.228825,154.823560,134.158923
379.228864,154.823560,134.159259
379.228975,154.823560,134.159838
379.229015,154.823560,134.163323
379.229074,154.823560,134.177478
379.229140,154.823560,134.185344
379.229182,154.823560,134.198779
379.229269,154.823560,134.201723
379.229311,154.823560,134.206818
379.229366,154.823560,134.206947
379.229417,154.823560,134.217170
379.229496,154.823560,134.217398
379.229547,154.823560,134.219326
379.229620,154.823560,134.233357
379.229671,154.823560,134.240146
379.229708,154.823560,134.244579
379.229767,154.823560,134.245976
379.229822,154.823560,134.249573
379.229876,154.823560,134.252520
379.229965,154.823560,134.262576
379.230024,154.823560,134.263197
379.230113,154.823560,134.263790
379.230194,154.823560,134.265672
379.230250,154.823560,134.265725
379.230285,154.823560,134.267864
379.230328,154.823560,134.268810
379.230433,154.823560,134.269539
379.230487,154.823560,134.274264
379.230545,154.823560,134.277616
379.230603,154.823560,134.283946
379.230651,154.823560,134.305589
379.230699,154.823560,134.306808
379.230756,154.823560,134.312989
379.230800,154.823560,134.315462
379.230830,154.823560,134.316056
379.230862,154.823560,134.319667
379.230917,154.823560,134.331344
379.230945,154.823560,134.333266
379.230973,154.823560,134.333373
379.231015,154.823560,134.341410
379.231047,154.823560,134.347525
379.231094,154.823560,134.348229
379.231205,154.823560,134.352901
379.231256,154.823560,134.353912
379.231334,154.823560,134.355813
379.231392,154.823560,134.359725
379.231445,154.823560,134.380830
379.231516,154.823560,134.381262
379.231578,154.823560,134.382221
379.231640,154.823560,134.384710
379.231673,154.823560,120.168099
379.231700,154.823560,134.384747
379.231742,154.823560,134.389675
379.231796,154.823560,134.391238
379.231876,154.823560,134.391675
379.231930,154.823560,134.392122
379.231989,154.823560,134.394738
379.232060,154.823560,134.396488
379.232122,154.823560,134.404373
379.232165,154.823560,134.410987
379.232231,154.823560,134.411053
379.232304,154.823560,134.414494
379.232362,154.823560,134.419760
379.232469,154.823560,134.421283
379.232519,154.823560,134.421571
379.232723,154.823560,134.421901
379.232791,154.823560,134.423152
379.232850,154.823560,134.426533
379.232921,154.823560,134.427186
379.232988,154.823560,134.432912
379.233030,154.823560,134.438867
379.233100,154.823560,134.443838
379.233161,154.823560,134.452805
379.233208,154.823560,134.453205
379.233259,154.823560,134.458258
379.233318,154.823560,134.463378
379.233359,154.823560,134.465941
379.233419,154.823560,134.468650
379.233522,154.823560,134.474157
379.233586,154.823560,134.480456
379.233648,154.823560,134.481006
379.233687,154.823560,134.485144
379.233720,154.823560,134.492267
379.233780,154.823560,134.493808
379.233816,154.823560,134.494845
379.233875,154.823560,134.496434
379.233909,154.823560,134.496757
379.233962,154.823560,134.504384
379.234080,154.823560,134.506173
379.234151,154.823560,134.508106
379.234201,154.823560,134.509563
379.234294,154.823560,134.513475
379.234333,154.823560,134.520434
379.234420,154.823560,134.521006
379.234466,154.823560,134.522050
379.234538,154.823560,134.525589
379.234592,154.823560,134.527202
379.234649,154.823560,134.528371
379.234709,154.823560,134.528514
379.234762,154.823560,134.538197
379.234836,154.823560,134.541522
379.234894,154.823560,134.547589
379.234976,154.823560,134.547630
379.235040,154.823560,134.547896
379.235082,154.823560,134.548158
379.235144,154.823560,134.548451
379.235251,154.823560,134.550027
379.235314,154.823560,134.553074
379.235350,154.823560,134.554523
379.235422,154.823560,134.563339
379.235455,154.823560,134.564670
379.235513,154.823560,134.566363
379.235568,154.823560,134.572438
379.235614,154.823560,134.575499
379.235647,154.823560,134.576822
379.235704,154.823560,134.581357
379.235744,154.823560,134.583506
379.235807,154.823560,134.586267
379.235843,154.823560,134.587766
379.235880,154.823560,134.590651
379.235930,154.823560,134.598770
379.235962,154.823560,132.911072
379.235986,154.823560,134.598770
379.236017,154.823560,132.911072
379.236041,154.823560,134.599048
379.236200,154.823560,134.606533
379.236296,154.823560,134.609270
379.236329,154.823560,134.612101
379.236366,154.823560,120.140682
379.236390,154.823560,134.613000
379.236427,154.823560,134.615838
379.236515,154.823560,134.623602
379.236560,154.823560,134.623677
379.236709,154.823560,134.624838
379.236760,154.823560,134.629112
379.236798,154.823560,134.631091
379.236863,154.823560,134.635158
379.237035,154.823560,134.636466
379.237073,154.823560,134.646418
379.237126,154.823560,134.648835
379.237190,154.823560,134.650213
379.237228,154.823560,134.656818
379.237263,154.823560,119.414274
379.237291,154.823560,134.658768
379.237329,154.823560,134.664645
379.237371,154.823560,134.674677
379.237429,154.823560,134.675496
379.237468,154.823560,134.684581
379.237524,154.823560,134.687021
379.237561,154.823560,134.687093
379.237612,154.823560,134.689245
379.237706,154.823560,134.690360
379.237747,154.823560,134.695360
379.237805,154.823560,134.699400
379.237859,154.823560,134.706910
379.237898,154.823560,134.707469
379.237983,154.823560,134.708966
379.238024,154.823560,134.713029
379.238077,154.823560,134.723294
379.238147,154.823560,134.728346
379.238200,154.823560,134.731131
379.238254,154.823560,118.073768
379.238284,154.823560,122.736670
379.238315,154.823560,122.762010
379.238342,154.823560,123.169450
379.238391,154.823560,127.829230
379.238421,154.823560,132.517472
379.238448,154.823560,132.924912
379.238475,154.823560,134.734584
379.238533,154.823560,134.735826
379.238579,154.823560,134.738413
379.238618,154.823560,134.739792
379.238668,154.823560,134.744461
379.238737,154.823560,134.744560
379.238781,154.823560,134.748986
379.238819,154.823560,134.754965
379.238870,154.823560,134.758682
379.238905,154.823560,134.759344
379.238950,154.823560,134.759499
379.238990,154.823560,134.762995
379.239026,154.823560,134.763622
379.239084,154.823560,134.764835
379.239127,154.823560,134.771688
379.239189,154.823560,134.777787
379.239246,154.823560,134.785091
379.239304,154.823560,134.790602
379.239367,154.823560,134.794549
379.239435,154.823560,134.800077
379.239472,154.823560,134.800587
379.239523,154.823560,134.812821
379.239557,154.823560,134.828224
379.239605,154.823560,134.833115
379.239693,154.823560,134.837534
379.239767,154.823560,134.844166
379.239820,154.823560,134.844738
379.239870,154.823560,134.850021
379.239918,154.823560,134.861704
379.239971,154.823560,134.862219
379.240032,154.823560,134.869357
379.240069,154.823560,134.869669
379.240126,154.823560,134.876042
379.240178,154.823560,134.882554
379.240228,154.823560,134.886214
379.240269,154.823560,134.896994
379.240313,154.823560,134.900259
379.240391,154.823560,134.900376
379.240449,154.823560,134.903315
379.240498,154.823560,134.909317
379.240544,154.823560,134.914866
379.240660,154.823560,134.915219
379.240714,154.823560,134.919800
379.240761,154.823560,133.393390
379.240788,154.823560,134.919800
379.240834,154.823560,133.393390
379.240861,154.823560,134.920266
379.240905,154.823560,134.922869
379.240950,154.823560,134.925362
379.241008,154.823560,134.926622
379.241068,154.823560,134.931792
379.241118,154.823560,134.946912
379.241168,154.823560,134.955558
379.241213,154.823560,134.955590
379.241257,154.823560,134.956021
379.241297,154.823560,134.967536
379.241352,154.823560,134.987155
379.241385,154.823560,134.996614
379.241427,154.823560,134.996688
379.241494,154.823560,134.996989
379.241539,154.823560,135.002198
379.241593,154.823560,135.005120
379.241657,154.823560,135.012686
379.241727,154.823560,135.019834
379.241767,154.823560,135.032107
379.241814,154.823560,135.037525
379.241988,154.823560,135.047208
379.242053,154.823560,135.051307
379.242132,154.823560,135.052882
379.242184,154.823560,135.062107
379.242308,154.823560,135.065000
379.242369,154.823560,135.080378
379.242421,154.823560,135.083840
379.242464,154.823560,135.088539
379.242530,154.823560,135.090944
379.242585,154.823560,135.095859
379.242651,154.823560,135.102470
379.242693,154.823560,135.105590
379.242729,154.823560,135.107392
379.242771,154.823560,135.108042
379.242816,154.823560,135.109158
379.242874,154.823560,130.110424
379.242914,154.823560,135.110726
379.242962,154.823560,135.112082
379.243012,154.823560,135.114950
379.243079,154.823560,135.121571
379.243260,154.823560,135.123602
379.243303,154.823560,135.124698
379.243337,154.823560,135.133202
379.243373,154.823560,130.955440
379.243401,154.823560,135.141349
379.243485,154.823560,135.149550
379.243549,154.823560,135.158654
379.243634,154.823560,135.164816
379.243674,154.823560,135.170579
379.243729,154.823560,135.178707
379.243770,154.823560,135.181302
379.243810,154.823560,135.184656
379.243890,154.823560,135.185344
379.243932,154.823560,135.185917
379.243961,154.823560,135.186459
379.244028,154.823560,135.190203
379.244101,154.823560,135.199586
379.244181,154.823560,135.200624
379.244271,154.823560,135.200776
379.244340,154.823560,135.210680
379.244396,154.823560,135.211424
379.244439,154.823560,135.216846
379.244507,154.823560,135.218832
379.244554,154.823560,135.220173
379.244608,154.823560,135.225282
379.244648,154.823560,135.226144
379.244688,154.823560,135.226504
379.244745,154.823560,135.228837
379.244805,154.823560,135.228970
379.244838,154.823560,135.232418
379.244875,154.823560,135.235821
379.244929,154.823560,135.237190
379.244990,154.823560,135.237845
379.245025,154.823560,135.239045
379.245065,154.823560,135.241149
379.245146,154.823560,135.242048
379.245185,154.823560,135.249402
379.245226,154.823560,135.250466
379.245274,154.823560,135.252605
379.245331,154.823560,135.254677
379.245378,154.823560,135.255952
379.245445,154.823560,135.256315
379.245482,154.823560,135.257986
379.245629,154.823560,135.259354
379.245677,154.823560,135.263322
379.245760,154.823560,135.263498
379.245791,154.823560,135.267326
379.245861,154.823560,135.275200
379.245920,154.823560,135.277443
379.245976,154.823560,135.277549
379.246047,154.823560,135.278600
379.246087,154.823560,135.291061
379.246161,154.823560,135.297021
379.246198,154.823560,135.302523
379.246264,154.823560,135.304506
379.246317,154.823560,135.306669
379.246406,154.823560,135.319957
379.246448,154.823560,135.320277
379.246503,154.823560,135.330309
379.246560,154.823560,135.331174
379.246625,154.823560,135.333984
379.246669,154.823560,135.334848
379.246709,154.823560,135.343224
379.246761,154.823560,135.343232
379.246811,154.823560,135.347104
379.246875,154.823560,135.371262
379.246913,154.823560,135.372973
379.246971,154.823560,135.377446
379.247045,154.823560,135.378904
379.247114,154.823560,135.382166
379.247173,154.823560,135.382309
379.247210,154.823560,135.383584
379.247256,154.823560,135.384035
379.247310,154.823560,135.384573
379.247344,154.823560,135.387496
379.247379,154.823560,135.394581
379.247434,154.823560,135.396272
379.247473,154.823560,135.402637
379.247516,154.823560,135.406398
379.247573,154.823560,135.407192
379.247672,154.823560,135.409013
379.247705,154.823560,135.413094
379.247790,154.823560,135.417368
379.247837,154.823560,135.424123
379.247921,154.823560,135.427650
379.247975,154.823560,135.430101
379.248016,154.823560,135.438758
379.248051,154.823560,135.448920
379.248089,154.823560,135.452565
379.248202,154.823560,135.452928
379.248244,154.823560,135.461512
379.248331,154.823560,135.462827
379.248400,154.823560,135.467301
379.248455,154.823560,135.474144
379.248530,154.823560,135.486077
379.248572,154.823560,135.487818
379.248624,154.823560,135.492669
379.248667,154.823560,135.501165
379.248731,154.823560,135.505430
379.248778,154.823560,135.508102
379.248940,154.823560,135.509974
379.248985,154.823560,135.514269
379.249096,154.823560,135.519358
379.249148,154.823560,135.525262
379.249215,154.823560,135.526027
379.249277,154.823560,135.529613
379.249328,154.823560,135.529909
379.249370,154.823560,135.530226
379.249413,154.823560,135.532094
379.249468,154.823560,135.532694
379.249505,154.823560,135.532766
379.249542,154.823560,135.533563
379.249597,154.823560,135.536526
379.249640,154.823560,135.544269
379.249700,154.823560,135.546181
379.249770,154.823560,135.547794
379.249829,154.823560,135.547805
379.249883,154.823560,135.556507
379.249941,154.823560,135.556781
379.250029,154.823560,135.563144
379.250084,154.823560,135.566058
379.250121,154.823560,135.568968
379.250174,154.823560,135.569146
379.250210,154.823560,135.572928
379.250254,154.823560,135.573197
379.250297,154.823560,123.459174
379.250325,154.823560,135.583344
379.250367,154.823560,135.584957
379.250406,154.823560,135.587898
379.250460,154.823560,135.588069
379.250556,154.823560,135.595691
379.250645,154.823560,135.605173
379.250691,154.823560,135.611062
379.250746,154.823560,135.626682
379.250820,154.823560,135.628368
379.250875,154.823560,135.632701
379.250941,154.823560,135.642906
379.250994,154.823560,135.645120
379.251063,154.823560,135.651318
379.251110,154.823560,116.560640
379.251138,154.823560,135.651318
379.251183,154.823560,116.560640
379.251211,154.823560,135.654715
379.251272,154.823560,135.661846
379.251311,154.823560,135.665424
379.251405,154.823560,135.666286
379.251445,154.823560,135.666858
379.251516,154.823560,135.669904
379.251564,154.823560,135.683080
379.251642,154.823560,135.686336
379.251692,154.823560,135.690784
379.251741,154.823560,135.697085
379.251794,154.823560,135.703642
379.251845,154.823560,135.704611
379.251884,154.823560,135.707893
379.251930,154.823560,135.710394
379.252054,154.823560,135.711760
379.252116,154.823560,135.713550
379.252147,154.823560,135.713898
379.252204,154.823560,135.714365
379.252243,154.823560,135.725070
379.252299,154.823560,135.725360
379.252364,154.823560,135.730880
379.252450,154.823560,135.735614
379.252511,154.823560,135.740069
379.252569,154.823560,135.742288
379.252625,154.823560,135.747067
379.252676,154.823560,135.748186
379.252760,154.823560,135.748840
379.252818,154.823560,135.756363
379.252881,154.823560,135.760029
379.252933,154.823560,135.763091
379.253004,154.823560,135.765939
379.253048,154.823560,135.769147
379.253086,154.823560,135.774621
379.253124,154.823560,135.776022
379.253182,154.823560,135.776574
379.253312,154.823560,135.780149
379.253371,154.823560,135.781376
379.253411,154.823560,135.789141
379.253465,154.823560,135.789566
379.253505,154.823560,135.790830
379.253547,154.823560,135.792058
379.253601,154.823560,128.273528
379.253631,154.823560,132.961770
379.253658,154.823560,133.369210
379.253699,154.823560,135.794789
379.253737,154.823560,135.795904
379.253785,154.823560,135.802611
379.253842,154.823560,135.805693
379.253870,154.823560,116.498360
379.253898,154.823560,135.809237
379.253957,154.823560,135.812734
379.254010,154.823560,135.814293
379.254052,154.823560,135.817418
379.254106,154.823560,135.823299
379.254140,154.823560,135.823344
379.254181,154.823560,135.832722
379.254238,154.823560,135.841496
379.254306,154.823560,135.847997
379.254369,154.823560,135.849045
379.254437,154.823560,135.863502
379.254498,154.823560,135.867770
379.254553,154.823560,135.869146
379.254605,154.823560,135.873018
379.254696,154.823560,135.874549
379.254749,154.823560,135.875402
379.254837,154.823560,135.889022
379.254949,154.823560,135.890475
379.255070,154.823560,135.900491
379.255126,154.823560,135.901909
379.255192,154.823560,135.902389
379.255314,154.823560,135.907667
379.255376,154.823560,135.908285
379.255438,154.823560,135.912208
379.255483,154.823560,135.922344
379.255519,154.823560,133.754394
379.255547,154.823560,135.922344
379.255581,154.823560,133.754394
379.255609,154.823560,135.923834
379.255650,154.823560,135.929472
379.255719,154.823560,135.936498
379.255763,154.823560,135.938789
379.255814,154.823560,135.940293
379.255857,154.823560,135.941910
379.255895,154.823560,135.943739
379.255947,154.823560,135.947694
379.256005,154.823560,135.951712
379.256091,154.823560,135.956094
379.256143,154.823560,135.964115
379.256205,154.823560,135.966698
379.256249,154.823560,135.970779
379.256310,154.823560,135.972754
379.256354,154.823560,135.972902
379.256404,154.823560,135.976763
379.256462,154.823560,135.977477
379.256503,154.823560,135.979099
379.256571,154.823560,135.979344
379.256628,154.823560,135.985248
379.256682,154.823560,135.985966
379.256720,154.823560,135.992832
379.256750,154.823560,135.993182
379.256782,154.823560,135.995296
379.256854,154.823560,136.000765
379.256951,154.823560,136.007794
379.256990,154.823560,136.009842
379.257048,154.823560,136.009869
379.257098,154.823560,136.013114
379.257145,154.823560,133.114973
379.257173,154.823560,135.089171
379.257201,154.823560,136.013992
379.257240,154.823560,136.020387
379.257292,154.823560,136.027174
379.257364,154.823560,136.041718
379.257432,154.823560,136.048926
379.257485,154.823560,136.064160
379.257529,154.823560,136.068933
379.257581,154.823560,136.073008
379.257620,154.823560,136.081466
379.257662,154.823560,136.082864
379.257706,154.823560,136.083005
379.257785,154.823560,136.083829
379.257859,154.823560,136.085352
379.257933,154.823560,136.089366
379.257979,154.823560,136.095710
379.258083,154.823560,136.101003
379.258127,154.823560,136.101912
379.258190,154.823560,136.103520
379.258257,154.823560,136.105347
379.258294,154.823560,136.112082
379.258324,154.823560,136.115634
379.258372,154.823560,136.119680
379.258430,154.823560,136.121579
379.258505,154.823560,136.122779
379.258630,154.823560,136.123317
379.258666,154.823560,136.129856
379.258709,154.823560,136.131155
379.258772,154.823560,136.136062
379.258822,154.823560,136.137202
379.258863,154.823560,136.137608
379.258904,154.823560,136.138379
379.258940,154.823560,136.140085
379.259002,154.823560,136.140776
379.259064,154.823560,136.142694
379.259101,154.823560,136.144994
379.259155,154.823560,136.158222
379.259210,154.823560,136.159317
379.259263,154.823560,136.161123
379.259419,154.823560,136.167378
379.259476,154.823560,136.172634
379.259518,154.823560,136.175738
379.259562,154.823560,120.423299
379.259589,154.823560,136.192778
379.259654,154.823560,136.194774
379.259710,154.823560,136.209283
379.259801,154.823560,136.212427
379.259836,154.823560,136.213861
379.259870,154.823560,136.217274
379.259903,154.823560,136.221518
379.259955,154.823560,136.222211
379.260018,154.823560,136.222696
379.260061,154.823560,136.225750
379.260103,154.823560,136.230973
379.260165,154.823560,136.244462
379.260217,154.823560,136.250278
379.260324,154.823560,136.251160
379.260366,154.823560,136.253528
379.260424,154.823560,136.266128
379.260454,154.823560,136.275418
379.260492,154.823560,136.282984
379.260533,154.823560,136.285070
379.260583,154.823560,136.285152
379.260637,154.823560,136.287323
379.260691,154.823560,136.302458
379.260746,154.823560,136.308501
379.260801,154.823560,136.312811
379.260864,154.823560,136.313160
379.260959,154.823560,136.323459
379.261012,154.823560,136.325226
379.261115,154.823560,136.330925
379.261161,154.823560,136.342051
379.261232,154.823560,136.344240
379.261271,154.823560,136.349270
379.261324,154.823560,136.350464
379.261388,154.823560,136.360606
379.261455,154.823560,136.361173
379.261510,154.823560,136.361894
379.261564,154.823560,136.365315
379.261619,154.823560,136.371678
379.261666,154.823560,136.373611
379.261743,154.823560,136.374947
379.261784,154.823560,136.378434
379.261837,154.823560,136.379643
379.261893,154.823560,136.380342
379.261947,154.823560,136.380822
379.262093,154.823560,136.381211
379.262150,154.823560,136.387658
379.262197,154.823560,136.392158
379.262243,154.823560,136.403539
379.262302,154.823560,136.405810
379.262372,154.823560,133.990029
379.262406,154.823560,136.412667
379.262534,154.823560,136.414224
379.262578,154.823560,136.414819
379.262614,154.823560,136.422749
379.262672,154.823560,136.423000
379.262731,154.823560,136.424469
379.262766,154.823560,136.425622
379.262887,154.823560,136.427445
379.262940,154.823560,136.428205
379.263003,154.823560,136.429146
379.263065,154.823560,136.429912
379.263107,154.823560,136.430946
379.263168,154.823560,136.432299
379.263233,154.823560,136.439538
379.263325,154.823560,136.447486
379.263387,154.823560,136.448430
379.263437,154.823560,124.464930
379.263467,154.823560,129.381600
379.263495,154.823560,129.822920
379.263523,154.823560,136.456944
379.263584,154.823560,136.458898
379.263641,154.823560,136.459149
379.263683,154.823560,136.465930
379.263752,154.823560,136.466069
379.263805,154.823560,136.471014
379.263869,154.823560,136.473670
379.263907,154.823560,136.476267
379.263989,154.823560,136.478374
379.264049,154.823560,136.482221
379.264097,154.823560,136.488285
379.264228,154.823560,136.489878
379.264279,154.823560,136.495544
379.264324,154.823560,136.495872
379.264385,154.823560,136.499507
379.264468,154.823560,136.505002
379.264520,154.823560,136.506355
379.264555,154.823560,136.513027
379.264606,154.823560,136.515626
379.264670,154.823560,136.519539
379.264730,154.823560,136.525656
379.264797,154.823560,136.525712
379.264850,154.823560,136.527464
379.264910,154.823560,136.532128
379.264953,154.823560,136.539886
379.265006,154.823560,136.540728
379.265048,154.823560,136.546400
379.265142,154.823560,136.547002
379.265189,154.823560,136.549434
379.265232,154.823560,136.559224
379.265264,154.823560,136.562952
379.265318,154.823560,136.563771
379.265382,154.823560,136.567974
379.265430,154.823560,136.568288
379.265486,154.823560,136.569069
379.265538,154.823560,136.573424
379.265582,154.823560,136.574707
379.265646,154.823560,136.576205
379.265699,154.823560,136.580251
379.265748,154.823560,136.581288
379.265801,154.823560,136.582154
379.265848,154.823560,136.584992
379.265896,154.823560,136.589934
379.266021,154.823560,136.590203
379.266075,154.823560,136.594514
379.266118,154.823560,136.594662
379.266166,154.823560,136.596378
379.266256,154.823560,136.600792
379.266310,154.823560,136.601826
379.266356,154.823560,136.603675
379.266414,154.823560,136.604170
379.266467,154.823560,136.607446
379.266514,154.823560,136.607942
379.266565,154.823560,136.608157
379.266597,154.823560,117.300824
379.266624,154.823560,136.612758
379.266670,154.823560,136.616072
379.266795,154.823560,136.627742
379.266850,154.823560,136.629048
379.266901,154.823560,136.632722
379.266973,154.823560,136.648285
379.267019,154.823560,136.652653
379.267086,154.823560,136.655886
379.267141,154.823560,136.657912
379.267218,154.823560,136.658050
379.267265,154.823560,136.662838
379.267307,154.823560,136.668056
379.267348,154.823560,136.669178
379.267387,154.823560,136.670192
379.267431,154.823560,136.673923
379.267492,154.823560,136.680301
379.267543,154.823560,136.681702
379.267601,154.823560,136.682922
379.267671,154.823560,136.686336
379.267729,154.823560,136.687170
379.267800,154.823560,136.690550
379.267838,154.823560,136.690645
379.267888,154.823560,136.691499
379.267948,154.823560,136.696355
379.267996,154.823560,136.697606
379.268050,154.823560,136.708384
379.268109,154.823560,136.712622
379.268161,154.823560,136.715560
379.268203,154.823560,136.718342
379.268265,154.823560,136.725360
379.268310,154.823560,136.725437
379.268345,154.823560,136.728990
379.268385,154.823560,136.729077
379.268423,154.823560,136.734381
379.268543,154.823560,136.734822
379.268614,154.823560,136.738602
379.268681,154.823560,136.739000
379.268724,154.823560,136.739989
379.268760,154.823560,136.743909
379.268799,154.823560,136.747627
379.268842,154.823560,136.753261
379.268881,154.823560,136.753958
379.268926,154.823560,136.755627
379.268968,154.823560,136.761214
379.269024,154.823560,136.767808
379.269087,154.823560,136.773968
379.269152,154.823560,136.774838
379.269188,154.823560,136.775861
379.269243,154.823560,136.781371
379.269285,154.823560,136.781637
379.269340,154.823560,136.783418
379.269465,154.823560,136.783443
379.269516,154.823560,136.787869
379.269555,154.823560,136.792843
379.269624,154.823560,136.795904
379.269686,154.823560,136.796270
379.269799,154.823560,136.797224
379.269832,154.823560,136.802480
379.269888,154.823560,136.802493
379.269942,154.823560,136.804048
379.269998,154.823560,136.809070
379.270058,154.823560,136.809789
379.270105,154.823560,136.819693
379.270157,154.823560,136.821928
379.270220,154.823560,136.822424
379.270267,154.823560,136.824768
379.270309,154.823560,136.825304
379.270361,154.823560,136.828997
379.270406,154.823560,136.829746
379.270509,154.823560,136.830922
379.270563,154.823560,136.832162
379.270653,154.823560,136.832480
379.270706,154.823560,136.835882
379.270759,154.823560,136.836923
379.270792,154.823560,136.845586
379.270852,154.823560,136.846738
379.270885,154.823560,136.847728
379.270943,154.823560,136.847936
379.270995,154.823560,136.861899
379.271046,154.823560,136.862374
379.271138,154.823560,136.865448
379.271227,154.823560,136.870178
379.271285,154.823560,136.870714
379.271337,154.823560,136.873509
379.271394,154.823560,136.877978
379.271452,154.823560,136.878856
379.271516,154.823560,136.881054
379.271575,154.823560,136.881734
379.271631,154.823560,136.882752
379.271685,154.823560,136.887235
379.271731,154.823560,136.890461
379.271807,154.823560,136.892437
379.271877,154.823560,136.897203
379.271916,154.823560,136.898526
379.271993,154.823560,136.900744
379.272049,154.823560,136.901142
379.272105,154.823560,136.905269
379.272161,154.823560,136.908213
379.272220,154.823560,136.908730
379.272353,154.823560,136.914765
379.272392,154.823560,136.918448
379.272448,154.823560,136.925070
379.272508,154.823560,136.935040
379.272553,154.823560,136.939573
379.272786,154.823560,136.946677
379.272828,154.823560,136.951021
379.272866,154.823560,136.952232
379.272925,154.823560,136.953187
379.272969,154.823560,136.958728
379.273073,154.823560,136.965976
379.273114,154.823560,136.967253
379.273172,154.823560,136.970762
379.273240,154.823560,136.971854
379.273274,154.823560,125.180352
379.273302,154.823560,136.973000
379.273355,154.823560,136.973994
379.273399,154.823560,136.976829
379.273458,154.823560,136.984053
379.273501,154.823560,136.985198
379.273535,154.823560,136.987942
379.273601,154.823560,137.000107
379.273726,154.823560,137.003837
379.273765,154.823560,137.009237
379.273805,154.823560,137.009397
379.273871,154.823560,137.010501
379.273932,154.823560,137.011333
379.273992,154.823560,137.020358
379.274049,154.823560,137.030779
379.274098,154.823560,137.035880
379.274133,154.823560,137.036520
379.274225,154.823560,137.037389
379.274269,154.823560,137.037910
379.274396,154.823560,137.038402
379.274464,154.823560,137.044424
379.274562,154.823560,137.044459
379.274595,154.823560,137.047530
379.274647,154.823560,137.049883
379.274701,154.823560,137.055558
379.274772,154.823560,137.063299
379.274813,154.823560,137.063986
379.274877,154.823560,124.721256
379.274907,154.823560,129.458915
379.274947,154.823560,130.748995
379.274975,154.823560,137.075490
379.275019,154.823560,137.085510
379.275075,154.823560,137.091120
379.275115,154.823560,137.092504
379.275190,154.823560,137.100606
379.275346,154.823560,137.103195
379.275388,154.823560,137.108910
379.275442,154.823560,137.117264
379.275490,154.823560,137.120501
379.275530,154.823560,137.130744
379.275581,154.823560,137.139912
379.275698,154.823560,137.144526
379.275747,154.823560,119.971109
379.275778,154.823560,124.708768
379.275806,154.823560,125.998848
379.275839,154.823560,137.148131
379.275902,154.823560,137.148274
379.275940,154.823560,137.152011
379.275987,154.823560,126.453896
379.276030,154.823560,137.153158
379.276073,154.823560,137.156906
379.276115,154.823560,137.159226
379.276158,154.823560,137.164339
379.276229,154.823560,137.169784
379.276276,154.823560,137.178464
379.276319,154.823560,137.179304
379.276387,154.823560,137.182523
379.276446,154.823560,137.183515
379.276496,154.823560,137.186850
379.276548,154.823560,137.187405
379.276661,154.823560,137.194869
379.276714,154.823560,137.195872
379.276804,154.823560,137.201517
379.276844,154.823560,137.206838
379.276890,154.823560,137.213008
379.276935,154.823560,122.096515
379.276966,154.823560,127.129077
379.276994,154.823560,127.192197
379.277021,154.823560,137.214827
379.277126,154.823560,137.218822
379.277166,154.823560,137.221016
379.277211,154.823560,137.224107
379.277266,154.823560,137.226549
379.277338,154.823560,137.228350
379.277471,154.823560,137.230240
379.277520,154.823560,137.230688
379.277580,154.823560,137.234496
379.277621,154.823560,137.234528
379.277665,154.823560,137.237832
379.277711,154.823560,137.239424
379.277763,154.823560,137.241035
379.277888,154.823560,137.243322
379.277942,154.823560,137.244806
379.278006,154.823560,137.256730
379.278055,154.823560,137.259712
379.278200,154.823560,137.267898
379.278243,154.823560,137.273232
379.278297,154.823560,137.281941
379.278339,154.823560,137.290707
379.278384,154.823560,137.293550
379.278435,154.823560,137.293898
379.278477,154.823560,137.294451
379.278525,154.823560,137.304571
379.278597,154.823560,137.310072
379.278645,154.823560,137.310800
379.278701,154.823560,137.313298
379.278777,154.823560,137.319509
379.278840,154.823560,137.329138
379.278881,154.823560,137.331050
379.278937,154.823560,137.335200
379.279051,154.823560,137.336315
379.279107,154.823560,137.341518
379.279148,154.823560,137.342565
379.279213,154.823560,137.346443
379.279257,154.823560,137.350675
379.279294,154.823560,137.352339
379.279356,154.823560,137.358093
379.279400,154.823560,137.359870
379.279465,154.823560,137.361248
379.279553,154.823560,137.361299
379.279603,154.823560,137.376418
379.279726,154.823560,137.379525
379.279769,154.823560,137.381600
379.279814,154.823560,137.386402
379.279856,154.823560,137.393330
379.279919,154.823560,137.394507
379.279962,154.823560,137.402949
379.280016,154.823560,137.408210
379.280115,154.823560,137.408552
379.280182,154.823560,137.410784
379.280225,154.823560,137.415656
379.280324,154.823560,137.420254
379.280378,154.823560,137.425925
379.280425,154.823560,137.430635
379.280557,154.823560,137.431555
379.280619,154.823560,135.206019
379.280650,154.823560,137.433245
379.280705,154.823560,137.435074
379.280761,154.823560,137.435346
379.280822,154.823560,137.440741
379.280868,154.823560,137.441752
379.280925,154.823560,137.442866
379.280995,154.823560,137.443850
379.281039,154.823560,137.444672
379.281093,154.823560,137.448339
379.281178,154.823560,137.449501
379.281232,154.823560,137.450042
379.281334,154.823560,137.450326
379.281390,154.823560,137.455320
379.281431,154.823560,137.455414
379.281485,154.823560,137.457664
379.281589,154.823560,137.458432
379.281634,154.823560,137.460846
379.281700,154.823560,137.463536
379.281735,154.823560,137.463834
379.281816,154.823560,137.464539
379.281894,154.823560,137.466670
379.282035,154.823560,137.477186
379.282127,154.823560,137.477584
379.282167,154.823560,137.480946
379.282207,154.823560,137.485293
379.282279,154.823560,137.492774
379.282338,154.823560,137.499912
379.282408,154.823560,137.506810
379.282439,154.823560,137.507434
379.282517,154.823560,137.507579
379.282582,154.823560,137.509992
379.282618,154.823560,137.510235
379.282683,154.823560,137.517010
379.282738,154.823560,137.525120
379.282803,154.823560,137.525947
379.282886,154.823560,137.526192
379.282952,154.823560,137.528595
379.283008,154.823560,137.534749
379.283052,154.823560,137.534946
379.283108,154.823560,137.536752
379.283165,154.823560,137.537506
379.283221,154.823560,137.539152
379.283280,154.823560,137.539987
379.283356,154.823560,137.541453
379.283424,154.823560,137.543810
379.283498,154.823560,137.550624
379.283536,154.823560,137.559496
379.283600,154.823560,137.562512
379.283661,154.823560,137.564346
379.283705,154.823560,137.566363
379.283761,154.823560,137.575232
379.283820,154.823560,137.584144
379.283865,154.823560,137.592538
379.283921,154.823560,137.593024
379.283995,154.823560,137.593939
379.284063,154.823560,137.596542
379.284129,154.823560,137.604243
379.284373,154.823560,137.604357
379.284421,154.823560,137.605360
379.284478,154.823560,137.606261
379.284545,154.823560,137.616723
379.284590,154.823560,137.617706
379.284625,154.823560,137.621662
379.284674,154.823560,137.623658
379.284727,154.823560,137.624835
379.284784,154.823560,137.629074
379.284847,154.823560,137.631446
379.284884,154.823560,135.470493
379.284913,154.823560,137.632176
379.284971,154.823560,137.637206
379.285030,154.823560,137.637382
379.285088,154.823560,137.640760
379.285133,154.823560,137.642898
379.285167,154.823560,137.648528
379.285225,154.823560,137.649386
379.285281,154.823560,137.650656
379.285370,154.823560,137.651866
379.285411,154.823560,137.653672
379.285459,154.823560,137.655605
379.285547,154.823560,137.656141
379.285605,154.823560,137.667602
379.285654,154.823560,137.667643
379.285699,154.823560,137.675139
379.285738,154.823560,137.679093
379.285803,154.823560,137.679136
379.285843,154.823560,137.691486
379.285897,154.823560,127.956261
379.285928,154.823560,132.872931
379.285956,154.823560,133.314251
379.285985,154.823560,134.196314
379.286017,154.823560,137.691486
379.286069,154.823560,127.956261
379.286109,154.823560,132.872931
379.286137,154.823560,133.314251
379.286166,154.823560,134.196314
379.286202,154.823560,137.692979
379.286239,154.823560,137.695805
379.286270,154.823560,137.704864
379.286340,154.823560,137.704954
379.286386,154.823560,137.715686
379.286490,154.823560,137.719270
379.286576,154.823560,131.604427
379.286605,154.823560,137.722429
379.286683,154.823560,137.725576
379.286735,154.823560,137.727477
379.286792,154.823560,137.728563
379.286841,154.823560,137.729757
379.286885,154.823560,137.730266
379.286922,154.823560,137.732534
379.286987,154.823560,137.741846
379.287043,154.823560,137.742346
379.287104,154.823560,137.746418
379.287146,154.823560,137.748914
379.287186,154.823560,137.749419
379.287310,154.823560,137.758125
379.287372,154.823560,137.760029
379.287428,154.823560,137.762531
379.287491,154.823560,137.762637
379.287548,154.823560,137.767776
379.287617,154.823560,137.774190
379.287704,154.823560,137.774806
379.287746,154.823560,137.779958
379.287802,154.823560,137.780349
379.287843,154.823560,137.783758
379.287887,154.823560,137.784613
379.287928,154.823560,137.790106
379.287969,154.823560,137.791662
379.288012,154.823560,137.801918
379.288054,154.823560,137.804402
379.288149,154.823560,137.804786
379.288227,154.823560,137.810869
379.288285,154.823560,137.817750
379.288320,154.823560,137.819762
379.288355,154.823560,137.820835
379.288402,154.823560,137.821742
379.288459,154.823560,137.822920
379.288503,154.823560,137.822952
379.288572,154.823560,137.834650
379.288616,154.823560,137.835152
379.288649,154.823560,137.836098
379.288700,154.823560,137.840112
379.288740,154.823560,137.853533
379.288806,154.823560,137.855358
379.288868,154.823560,137.857006
379.288929,154.823560,137.858165
379.288979,154.823560,137.862042
379.289036,154.823560,137.863578
379.289082,154.823560,137.865629
379.289142,154.823560,137.869787
379.289201,154.823560,137.871440
379.289261,154.823560,137.871600
379.289313,154.823560,137.873614
379.289355,154.823560,137.874688
379.289425,154.823560,137.878157
379.289467,154.823560,137.879858
379.289512,154.823560,137.887066
379.289613,154.823560,137.888091
379.289654,154.823560,137.888856
379.289693,154.823560,137.890067
379.289756,154.823560,137.894989
379.289808,154.823560,137.903354
379.289860,154.823560,137.905070
379.289921,154.823560,137.906654
379.289979,154.823560,137.907698
379.290031,154.823560,137.908419
379.290094,154.823560,137.910619
379.290207,154.823560,137.912294
379.290262,154.823560,137.913027
379.290315,154.823560,137.915989
379.290356,154.823560,137.919109
379.290398,154.823560,137.920208
379.290444,154.823560,134.666550
379.290485,154.823560,137.935883
379.290540,154.823560,137.936414
379.290581,154.823560,137.936794
379.290622,154.823560,137.937749
379.290659,154.823560,137.941986
379.290729,154.823560,137.943128
379.290827,154.823560,137.946280
379.290901,154.823560,137.954998
379.290944,154.823560,122.568000
379.290973,154.823560,127.254981
379.291005,154.823560,133.282720
379.291034,154.823560,137.954998
379.291074,154.823560,122.568000
379.291103,154.823560,127.254981
379.291135,154.823560,133.282720
379.291164,154.823560,137.955493
379.291237,154.823560,137.958072
379.291339,154.823560,137.966646
379.291397,154.823560,137.970381
379.291446,154.823560,137.983451
379.291497,154.823560,137.985067
379.291557,154.823560,137.985302
379.291621,154.823560,137.987686
379.291681,154.823560,137.988907
379.291857,154.823560,138.003714
379.292010,154.823560,138.018165
379.292057,154.823560,138.021771
379.292104,154.823560,138.025464
379.292192,154.823560,138.025904
379.292240,154.823560,138.026955
379.292286,154.823560,138.027162
379.292337,154.823560,138.030853
379.292398,154.823560,138.043875
379.292450,154.823560,138.044467
379.292549,154.823560,138.045883
379.292603,154.823560,138.051846
379.292651,154.823560,138.052512
379.292697,154.823560,138.055102
379.292753,154.823560,138.057864
379.292792,154.823560,138.059090
379.292935,154.823560,138.064978
379.292991,154.823560,138.073496
379.293048,154.823560,138.074440
379.293108,154.823560,138.082579
379.293168,154.823560,138.091749
379.293214,154.823560,138.098346
379.293287,154.823560,138.106771
379.293346,154.823560,138.114894
379.293381,154.823560,138.115067
379.293463,154.823560,138.115248
379.293499,154.823560,138.120989
379.293598,154.823560,138.125469
379.293703,154.823560,138.133008
379.293762,154.823560,138.136582
379.293794,154.823560,138.138523
379.293848,154.823560,138.140125
379.293892,154.823560,138.142557
379.293958,154.823560,138.147538
379.294006,154.823560,138.155584
379.294061,154.823560,138.157766
379.294140,154.823560,138.157778
379.294190,154.823560,138.164843
379.294251,154.823560,138.172890
379.294306,154.823560,138.180962
379.294349,154.823560,138.183275
379.294391,154.823560,138.183742
379.294460,154.823560,118.582990
379.294516,154.823560,131.114117
379.294563,154.823560,138.193944
379.294619,154.823560,138.195168
379.294672,154.823560,138.199462
379.294785,154.823560,138.201733
379.294831,154.823560,138.205080
379.294891,154.823560,138.207949
379.294945,154.823560,138.220491
379.295005,154.823560,138.225178
379.295068,154.823560,138.229536
379.295123,154.823560,138.233706
379.295182,154.823560,138.239272
379.295256,154.823560,138.242598
379.295293,154.823560,138.243347
379.295355,154.823560,138.252960
379.295414,154.823560,138.254226
379.295483,154.823560,138.261790
379.295527,154.823560,138.263062
379.295573,154.823560,138.266573
379.295630,154.823560,138.269688
379.295674,154.823560,138.271160
379.295719,154.823560,138.271781
379.295802,154.823560,138.275318
379.295859,154.823560,138.276309
379.295968,154.823560,138.278448
379.296021,154.823560,138.282150
379.296071,154.823560,138.282253
379.296122,154.823560,138.283440
379.296159,154.823560,137.072886
379.296187,154.823560,138.283440
379.296223,154.823560,137.072886
379.296251,154.823560,138.287426
379.296308,154.823560,138.287464
379.296491,154.823560,138.290797
379.296543,154.823560,119.352093
379.296574,154.823560,124.040334
379.296602,154.823560,124.447774
379.296630,154.823560,124.692646
379.296662,154.823560,135.330126
379.296691,154.823560,135.550637
379.296723,154.823560,138.293803
379.296800,154.823560,138.294013
379.296871,154.823560,138.296960
379.296967,154.823560,138.307651
379.297033,154.823560,138.312275
379.297079,154.823560,138.312955
379.297138,154.823560,138.313757
379.297199,154.823560,138.314934
379.297244,154.823560,138.322344
379.297339,154.823560,138.325040
379.297422,154.823560,138.326190
379.297472,154.823560,137.831662
379.297503,154.823560,138.328014
379.297544,154.823560,138.333456
379.297655,154.823560,138.339656
379.297709,154.823560,138.345586
379.297764,154.823560,138.346645
379.297829,154.823560,138.348562
379.297883,154.823560,138.348827
379.297927,154.823560,138.349739
379.297985,154.823560,138.351173
379.298051,154.823560,138.359162
379.298099,154.823560,138.364422
379.298174,154.823560,138.365965
379.298229,154.823560,138.368478
379.298294,154.823560,138.371866
379.298348,154.823560,138.376877
379.298381,154.823560,138.383995
379.298457,154.823560,138.387126
379.298514,154.823560,138.388757
379.298571,154.823560,138.392149
379.298624,154.823560,138.393398
379.298658,154.823560,138.405042
379.298705,154.823560,138.405387
379.298772,154.823560,138.406693
379.298831,154.823560,138.408477
379.298874,154.823560,138.408942
379.298923,154.823560,138.416658
379.298970,154.823560,138.423594
379.299021,154.823560,138.424034
379.299061,154.823560,138.424771
379.299104,154.823560,138.426370
379.299146,154.823560,138.428264
379.299209,154.823560,138.430886
379.299266,154.823560,138.437910
379.299365,154.823560,138.438698
379.299421,154.823560,138.439613
379.299487,154.823560,138.440392
379.299525,154.823560,138.444290
379.299561,154.823560,138.449419
379.299662,154.823560,138.451098
379.299708,154.823560,126.896234
379.299736,154.823560,138.451098
379.299784,154.823560,126.896234
379.299809,154.823560,138.458307
379.299861,154.823560,138.462299
379.299907,154.823560,138.462861
379.299968,154.823560,138.470914
379.300023,154.823560,138.472416
379.300127,154.823560,138.475302
379.300181,154.823560,138.480411
379.300233,154.823560,138.483056
379.300288,154.823560,138.488110
379.300334,154.823560,138.489590
379.300379,154.823560,138.493179
379.300417,154.823560,138.495122
379.300453,154.823560,138.501224
379.300491,154.823560,138.503581
379.300536,154.823560,138.506898
379.300589,154.823560,138.509386
379.300643,154.823560,138.516091
379.300715,154.823560,138.519757
379.300768,154.823560,138.523082
379.300839,154.823560,138.524090
379.300881,154.823560,138.529504
379.300936,154.823560,138.529680
379.300994,154.823560,138.531891
379.301056,154.823560,138.532507
379.301099,154.823560,138.535350
379.301134,154.823560,138.537062
379.301189,154.823560,138.537370
379.301270,154.823560,138.541584
379.301315,154.823560,138.542755
379.301361,154.823560,138.544602
379.301418,154.823560,138.546810
379.301474,154.823560,138.546920
379.301509,154.823560,138.547426
379.301592,154.823560,138.550038
379.301710,154.823560,138.550538
379.301759,154.823560,138.553718
379.301794,154.823560,128.015040
379.301824,154.823560,138.565394
379.301902,154.823560,138.568003
379.301945,154.823560,138.568102
379.302016,154.823560,138.574237
379.302064,154.823560,138.576808
379.302112,154.823560,138.578208
379.302166,154.823560,138.580907
379.302209,154.823560,138.584437
379.302258,154.823560,138.586326
379.302316,154.823560,138.591144
379.302466,154.823560,138.598194
379.302548,154.823560,138.600882
379.302633,154.823560,138.603883
379.302677,154.823560,138.616192
379.302806,154.823560,138.617408
379.302894,154.823560,138.620480
379.302936,154.823560,138.630786
379.303013,154.823560,138.631003
379.303058,154.823560,138.633888
379.303171,154.823560,138.645768
379.303244,154.823560,138.648091
379.303342,154.823560,138.650459
379.303416,154.823560,138.650538
379.303461,154.823560,138.650787
379.303514,154.823560,138.652110
379.303554,154.823560,138.652582
379.303605,154.823560,131.274754
379.303636,154.823560,136.191424
379.303665,154.823560,136.632744
379.303693,154.823560,138.652582
379.303744,154.823560,131.274754
379.303775,154.823560,136.191424
379.303803,154.823560,136.632744
379.303832,154.823560,138.661170
379.303898,154.823560,138.665466
379.303943,154.823560,138.667602
379.303978,154.823560,138.668163
379.304053,154.823560,138.669957
379.304097,154.823560,138.670875
379.304152,154.823560,138.673307
379.304233,154.823560,138.679842
379.304310,154.823560,138.682771
379.304355,154.823560,138.683933
379.304412,154.823560,138.687019
379.304470,154.823560,138.688107
379.304513,154.823560,138.695926
379.304571,154.823560,138.699808
379.304632,154.823560,138.705090
379.304683,154.823560,138.707568
379.304731,154.823560,138.716712
379.304782,154.823560,138.717806
379.304829,154.823560,138.718486
379.304877,154.823560,138.719994
379.304923,154.823560,138.720362
379.304980,154.823560,138.723325
379.305038,154.823560,138.727085
379.305080,154.823560,138.729357
379.305147,154.823560,138.735741
379.305194,154.823560,138.736202
379.305230,154.823560,138.737616
379.305262,154.823560,138.740344
379.305342,154.823560,138.746826
379.305387,154.823560,138.747082
379.305424,154.823560,138.747877
379.305487,154.823560,138.750970
379.305532,154.823560,138.755077
379.305576,154.823560,138.761888
379.305616,154.823560,138.763021
379.305669,154.823560,138.763931
379.305727,154.823560,138.768626
379.305777,154.823560,138.771026
379.305820,154.823560,138.775782
379.305863,154.823560,138.778912
379.305947,154.823560,138.779202
379.306014,154.823560,138.782640
379.306052,154.823560,138.784211
379.306117,154.823560,138.787259
379.306190,154.823560,138.788632
379.306286,154.823560,138.789882
379.306342,154.823560,138.797635
379.306379,154.823560,138.798986
379.306444,154.823560,138.806920
379.306529,154.823560,138.812224
379.306588,154.823560,138.812899
379.306621,154.823560,127.312949
379.306650,154.823560,138.812899
379.306682,154.823560,127.312949
379.306711,154.823560,138.814347
379.306797,154.823560,138.818509
379.306864,154.823560,138.821509
379.306918,154.823560,138.822960
379.306967,154.823560,138.823515
379.307038,154.823560,138.836522
379.307159,154.823560,138.840989
379.307205,154.823560,138.842834
379.307257,154.823560,138.846114
379.307313,154.823560,138.848619
379.307376,154.823560,138.851986
379.307436,154.823560,138.858286
379.307481,154.823560,138.863678
379.307559,154.823560,138.864914
379.307615,154.823560,138.867830
379.307662,154.823560,138.868549
379.307716,154.823560,138.868710
379.307770,154.823560,138.869706
379.307816,154.823560,138.870366
379.307920,154.823560,138.871280
379.307986,154.823560,138.872629
379.308028,154.823560,138.875402
379.308101,154.823560,138.881304
379.308148,154.823560,138.559114
379.308188,154.823560,138.882312
379.308251,154.823560,138.884325
379.308311,154.823560,138.885936
379.308348,154.823560,138.891406
379.308381,154.823560,138.896008
379.308444,154.823560,138.898267
379.308487,154.823560,138.898738
379.308536,154.823560,138.900174
379.308602,154.823560,138.903774
379.308671,154.823560,138.904992
379.308723,154.823560,138.905088
379.308761,154.823560,138.906136
379.308879,154.823560,138.907526
379.308929,154.823560,138.907920
379.308972,154.823560,138.911723
379.309009,154.823560,138.912368
379.309050,154.823560,138.920056
379.309110,154.823560,138.922298
379.309177,154.823560,138.922387
379.309293,154.823560,138.926373
379.309383,154.823560,138.930462
379.309423,154.823560,138.933230
379.309499,154.823560,138.941864
379.309619,154.823560,138.947040
379.309678,154.823560,138.955691
379.309809,154.823560,138.958728
379.309885,154.823560,138.963544
379.309930,154.823560,138.969072
379.309978,154.823560,138.969216
379.310024,154.823560,138.970262
379.310088,154.823560,138.973493
379.310143,154.823560,138.975443
379.310189,154.823560,138.975685
379.310247,154.823560,138.983342
379.310309,154.823560,138.984744
379.310362,154.823560,138.985928
379.310435,154.823560,138.986438
379.310480,154.823560,138.989469
379.310532,154.823560,138.995034
379.310577,154.823560,139.001013
379.310630,154.823560,139.003440
379.310669,154.823560,139.013912
379.310726,154.823560,139.017010
379.310803,154.823560,139.019146
379.310851,154.823560,139.024662
379.310888,154.823560,139.029232
379.310948,154.823560,139.032366
379.310996,154.823560,139.032808
379.311041,154.823560,139.037118
379.311104,154.823560,129.699282
379.311136,154.823560,131.916485
379.311169,154.823560,134.436941
379.311198,154.823560,135.727021
379.311227,154.823560,139.037845
379.311263,154.823560,139.038248
379.311307,154.823560,139.043600
379.311353,154.823560,139.058589
379.311391,154.823560,139.061696
379.311427,154.823560,139.065498
379.311470,154.823560,139.069733
379.311510,154.823560,139.074275
379.311556,154.823560,139.077995
379.311614,154.823560,139.082480
379.311671,154.823560,139.082786
379.311716,154.823560,119.743357
379.311757,154.823560,139.082875
379.311800,154.823560,139.086261
379.311837,154.823560,139.091000
379.311898,154.823560,139.091685
379.311956,154.823560,139.092642
379.312005,154.823560,114.909326
379.312047,154.823560,134.697568
379.312076,154.823560,135.137710
379.312105,154.823560,138.419150
379.312144,154.823560,138.859293
379.312180,154.823560,139.098998
379.312244,154.823560,139.099830
379.312305,154.823560,139.107464
379.312350,154.823560,139.108675
379.312408,154.823560,139.109789
379.312455,154.823560,139.111018
379.312510,154.823560,139.112360
379.312560,154.823560,139.112435
379.312605,154.823560,139.114186
379.312647,154.823560,139.116846
379.312691,154.823560,139.118901
379.312749,154.823560,139.121850
379.312791,154.823560,139.123878
379.312843,154.823560,139.125234
379.312892,154.823560,139.125326
379.312941,154.823560,139.128016
379.312975,154.823560,134.890317
379.313004,154.823560,139.133752
379.313085,154.823560,139.134694
379.313139,154.823560,139.141046
379.313195,154.823560,139.141504
379.313247,154.823560,139.147557
379.313306,154.823560,139.156925
379.313364,154.823560,139.163685
379.313405,154.823560,139.164192
379.313459,154.823560,139.164862
379.313523,154.823560,139.169248
379.313565,154.823560,139.172206
379.313622,154.823560,139.175389
379.313710,154.823560,139.176094
379.313774,154.823560,139.177195
379.313819,154.823560,139.179944
379.313868,154.823560,139.181310
379.313907,154.823560,139.181498
379.313962,154.823560,139.182395
379.314025,154.823560,139.182488
379.314086,154.823560,139.182685
379.314137,154.823560,139.183438
379.314183,154.823560,139.183470
379.314243,154.823560,139.186768
379.314301,154.823560,139.189088
379.314386,154.823560,139.189952
379.314424,154.823560,139.197770
379.314507,154.823560,139.201654
379.314574,154.823560,139.201717
379.314616,154.823560,139.202030
379.314660,154.823560,139.202038
379.314704,154.823560,137.156762
379.314740,154.823560,139.202454
379.314808,154.823560,139.206955
379.314898,154.823560,139.209946
379.314956,154.823560,139.211469
379.314999,154.823560,139.211731
379.315038,154.823560,124.715397
379.315067,154.823560,139.211731
379.315114,154.823560,124.715397
379.315143,154.823560,139.216752
379.315202,154.823560,139.222550
379.315237,154.823560,139.225296
379.315325,154.823560,139.226413
379.315385,154.823560,139.226968
379.315451,154.823560,139.228984
379.315490,154.823560,139.229110
379.315546,154.823560,139.232165
379.315604,154.823560,139.233590
379.315657,154.823560,139.235976
379.315722,154.823560,139.236819
379.315780,154.823560,139.237184
379.315854,154.823560,139.237760
379.315948,154.823560,139.237778
379.316001,154.823560,139.238922
379.316084,154.823560,139.239072
379.316120,154.823560,139.242979
379.316169,154.823560,139.244318
379.316207,154.823560,139.251437
379.316249,154.823560,139.252912
379.316299,154.823560,139.256013
379.316367,154.823560,139.256555
379.316449,154.823560,139.261445
379.316498,154.823560,126.964064
379.316530,154.823560,131.880734
379.316558,154.823560,132.322054
379.316587,154.823560,139.263270
379.316632,154.823560,139.269390
379.316683,154.823560,139.272496
379.316742,154.823560,139.286875
379.316810,154.823560,139.290413
379.316872,154.823560,139.291147
379.316946,154.823560,139.292643
379.317033,154.823560,139.306346
379.317089,154.823560,139.306834
379.317132,154.823560,139.307523
379.317173,154.823560,139.319182
379.317220,154.823560,139.320976
379.317274,154.823560,139.326085
379.317326,154.823560,139.326565
379.317380,154.823560,139.328310
379.317432,154.823560,139.331904
379.317524,154.823560,139.340760
379.317598,154.823560,139.345224
379.317714,154.823560,139.345230
379.317752,154.823560,139.346878
379.317829,154.823560,139.352819
379.317892,154.823560,139.353960
379.317967,154.823560,139.356810
379.318026,154.823560,139.357048
379.318063,154.823560,139.360875
379.318106,154.823560,139.370443
379.318172,154.823560,139.371110
379.318234,154.823560,139.372699
379.318284,154.823560,139.381454
379.318329,154.823560,139.383043
379.318388,154.823560,139.384621
379.318436,154.823560,139.387691
379.318486,154.823560,139.396357
379.318546,154.823560,139.396494
379.318605,154.823560,139.400598
379.318676,154.823560,139.403710
379.318736,154.823560,139.405064
379.318835,154.823560,139.412582
379.318894,154.823560,139.414813
379.318952,154.823560,139.415326
379.319011,154.823560,139.420128
379.319079,154.823560,139.427555
379.319146,154.823560,139.429995
379.319280,154.823560,139.430979
379.319343,154.823560,139.436864
379.319404,154.823560,139.439846
379.319483,154.823560,139.441475
379.319529,154.823560,139.442077
379.319607,154.823560,139.447712
379.319670,154.823560,139.452043
379.319720,154.823560,139.452941
379.319770,154.823560,139.454264
379.319831,154.823560,139.454680
379.319887,154.823560,139.456312
379.319944,154.823560,139.457986
379.320023,154.823560,139.460974
379.320158,154.823560,139.462970
379.320220,154.823560,139.463082
379.320277,154.823560,139.468803
379.320332,154.823560,139.469994
379.320418,154.823560,139.474522
379.320470,154.823560,139.475264
379.320511,154.823560,139.475707
379.320575,154.823560,139.478339
379.320631,154.823560,139.482632
379.320664,154.823560,139.484734
379.320709,154.823560,139.485829
379.320768,154.823560,139.488074
379.320836,154.823560,139.494638
379.320893,154.823560,139.494843
379.320949,154.823560,130.766301
379.320992,154.823560,139.495208
379.321051,154.823560,139.498118
379.321104,154.823560,139.498640
379.321166,154.823560,139.501350
379.321235,154.823560,139.501579
379.321290,154.823560,139.505640
379.321334,154.823560,139.511984
379.321443,154.823560,139.514206
379.321500,154.823560,139.514274
379.321568,154.823560,139.516475
379.321612,154.823560,139.522667
379.321667,154.823560,139.524363
379.321812,154.823560,139.524507
379.321860,154.823560,139.525515
379.321916,154.823560,139.527878
379.321965,154.823560,125.745763
379.321995,154.823560,139.531514
379.322036,154.823560,139.534064
379.322082,154.823560,123.321742
379.322114,154.823560,128.238413
379.322143,154.823560,128.679733
379.322172,154.823560,139.535469
379.322228,154.823560,139.537499
379.322287,154.823560,139.540338
379.322367,154.823560,139.543862
379.322405,154.823560,122.933600
379.322433,154.823560,139.545534
379.322515,154.823560,139.546715
379.322552,154.823560,139.548486
379.322612,154.823560,139.550723
379.322679,154.823560,139.552864
379.322735,154.823560,139.556770
379.322771,154.823560,139.560626
379.322840,154.823560,139.563776
379.322893,154.823560,139.565243
379.322951,154.823560,139.567290
379.322997,154.823560,139.567563
379.323057,154.823560,139.570547
379.323125,154.823560,139.571642
379.323182,154.823560,139.574342
379.323257,154.823560,139.584053
379.323320,154.823560,139.584504
379.323363,154.823560,139.586018
379.323418,154.823560,139.586379
379.323556,154.823560,139.586877
379.323617,154.823560,139.594262
379.323663,154.823560,139.595342
379.323715,154.823560,139.596643
379.323761,154.823560,139.597458
379.323798,154.823560,139.605056
379.323840,154.823560,139.605080
379.323928,154.823560,139.605896
379.323978,154.823560,139.610694
379.324023,154.823560,139.611008
379.324070,154.823560,139.612349
379.324126,154.823560,139.613277
379.324192,154.823560,139.618144
379.324315,154.823560,139.618782
379.324366,154.823560,139.621069
379.324415,154.823560,139.623715
379.324462,154.823560,139.624586
379.324522,154.823560,139.627086
379.324579,154.823560,139.628302
379.324617,154.823560,139.630816
379.324685,154.823560,139.632307
379.324770,154.823560,139.634541
379.324826,154.823560,139.640544
379.324872,154.823560,139.642350
379.324931,154.823560,139.642579
379.324973,154.823560,139.643832
379.325016,154.823560,139.646976
379.325069,154.823560,139.647107
379.325130,154.823560,139.649250
379.325191,154.823560,139.654354
379.325238,154.823560,139.655952
379.325294,154.823560,139.663021
379.325353,154.823560,139.664282
379.325409,154.823560,139.668138
379.325468,154.823560,139.670165
379.325540,154.823560,139.674274
379.325582,154.823560,139.676014
379.325637,154.823560,139.679666
379.325695,154.823560,139.692544
379.325737,154.823560,139.703675
379.325817,154.823560,139.707046
379.325865,154.823560,139.710408
379.325906,154.823560,139.712800
379.325944,154.823560,139.717070
379.326001,154.823560,139.717152
379.326047,154.823560,139.722626
379.326116,154.823560,139.724957
379.326194,154.823560,139.727688
379.326234,154.823560,139.727986
379.326295,154.823560,139.730840
379.326335,154.823560,139.732786
379.326428,154.823560,139.735766
379.326492,154.823560,139.739656
379.326530,154.823560,139.739883
379.326571,154.823560,139.741682
379.326620,154.823560,139.742286
379.326675,154.823560,139.746475
379.326720,154.823560,139.746976
379.326777,154.823560,139.749858
379.326820,154.823560,139.751464
379.326861,154.823560,139.757397
379.326900,154.823560,139.757438
379.326960,154.823560,139.758350
379.327021,154.823560,139.759173
379.327095,154.823560,139.759354
379.327147,154.823560,139.759845
379.327190,154.823560,139.760475
379.327257,154.823560,139.760826
379.327312,154.823560,139.760994
379.327364,154.823560,139.765888
379.327412,154.823560,129.097405
379.327454,154.823560,139.766128
379.327508,154.823560,139.766560
379.327561,154.823560,139.768640
379.327627,154.823560,139.776579
379.327675,154.823560,139.777150
379.327735,154.823560,139.778278
379.327787,154.823560,139.779730
379.327851,154.823560,139.781275
379.327898,154.823560,139.784704
379.327954,154.823560,139.785558
379.328028,154.823560,139.791912
379.328073,154.823560,139.793280
379.328120,154.823560,139.797690
379.328167,154.823560,139.800970
379.328213,154.823560,139.804402
379.328267,154.823560,139.807458
379.328317,154.823560,139.819760
379.328363,154.823560,139.824203
379.328502,154.823560,139.831910
379.328548,154.823560,139.847453
379.328607,154.823560,139.847923
379.328701,154.823560,139.851798
379.328746,154.823560,139.854835
379.328784,154.823560,139.860211
379.328828,154.823560,139.861200
379.328883,154.823560,139.863795
379.328941,154.823560,139.867906
379.328973,154.823560,139.878482
379.329017,154.823560,139.880187
379.329077,154.823560,139.883022
379.329129,154.823560,139.883082
379.329174,154.823560,139.886040
379.329215,154.823560,139.886514
379.329271,154.823560,139.886670
379.329320,154.823560,139.886782
379.329523,154.823560,139.889149
379.329590,154.823560,139.889274
379.329638,154.823560,139.891274
379.329684,154.823560,139.897563
379.329757,154.823560,139.898405
379.329807,154.823560,139.903086
379.329860,154.823560,139.906917
379.329916,154.823560,139.908054
379.329962,154.823560,139.908336
379.330016,154.823560,139.913600
379.330066,154.823560,139.919789
379.330111,154.823560,139.920349
379.330164,154.823560,139.924187
379.330217,154.823560,139.930906
379.330284,154.823560,139.931046
379.330360,154.823560,139.931613
379.330405,154.823560,139.934522
379.330451,154.823560,139.937094
379.330494,154.823560,139.937110
379.330558,154.823560,139.941365
379.330625,154.823560,139.951827
379.330672,154.823560,139.954350
379.330713,154.823560,139.954826
379.330784,154.823560,139.958034
379.330832,154.823560,139.964630
379.330890,154.823560,139.966342
379.330930,154.823560,139.976827
379.330989,154.823560,139.979426
379.331061,154.823560,139.981024
379.331136,154.823560,139.982238
379.331209,154.823560,139.986304
379.331246,154.823560,139.990126
379.331301,154.823560,139.990866
379.331367,154.823560,139.997512
379.331428,154.823560,139.998586
379.331467,154.823560,140.004712
379.331505,154.823560,140.006269
379.331552,154.823560,140.007318
379.331593,154.823560,140.008197
379.331648,154.823560,140.008627
379.331708,154.823560,140.010214
379.331746,154.823560,140.012907
379.331814,154.823560,140.013741
379.331893,154.823560,140.015592
379.331932,154.823560,140.015891
379.331970,154.823560,140.016053
379.332017,154.823560,140.016890
379.332060,154.823560,140.017099
379.332110,154.823560,140.017352
379.332158,154.823560,140.021062
379.332230,154.823560,140.021611
379.332281,154.823560,140.027386
379.332358,154.823560,140.030842
379.332401,154.823560,140.031248
379.332458,154.823560,140.034691
379.332524,154.823560,140.034762
379.332595,154.823560,140.036546
379.332647,154.823560,140.038690
379.332700,154.823560,140.050688
379.332743,154.823560,140.052629
379.332802,154.823560,140.058050
379.332846,154.823560,140.058694
379.332907,154.823560,140.062250
379.332969,154.823560,140.062920
379.333005,154.823560,140.064725
379.333070,154.823560,140.064901
379.333114,154.823560,140.068696
379.333155,154.823560,140.068834
379.333215,154.823560,140.070221
379.333273,154.823560,140.070491
379.333336,154.823560,140.071699
379.333375,154.823560,140.073099
379.333517,154.823560,140.074658
379.333557,154.823560,140.074861
379.333621,154.823560,140.075901
379.333676,154.823560,140.076499
379.333724,154.823560,140.077936
379.333765,154.823560,140.078582
379.333829,154.823560,140.085461
379.333867,154.823560,140.085741
379.333916,154.823560,140.087250
379.333978,154.823560,140.088427
379.334023,154.823560,140.092008
379.334081,154.823560,140.096904
379.334119,154.823560,140.097098
379.334211,154.823560,140.101686
379.334266,154.823560,140.101842
379.334304,154.823560,140.102144
379.334410,154.823560,140.103424
379.334467,154.823560,140.108621
379.334525,154.823560,140.108944
379.334569,154.823560,140.115891
379.334621,154.823560,140.117334
379.334665,154.823560,140.118520
379.334731,154.823560,140.120986
379.334775,154.823560,140.125926
379.334832,154.823560,140.126443
379.334892,154.823560,140.134032
379.334940,154.823560,140.137634
379.335020,154.823560,140.139560
379.335074,154.823560,140.141952
379.335129,154.823560,140.146618
379.335187,154.823560,140.167390
379.335242,154.823560,140.170658
379.335289,154.823560,139.746373
379.335321,154.823560,140.170966
379.335356,154.823560,140.180878
379.335398,154.823560,140.190944
379.335457,154.823560,140.191606
379.335517,154.823560,140.194123
379.335568,154.823560,140.198368
379.335609,154.823560,140.201115
379.335646,154.823560,140.226181
379.335699,154.823560,140.230328
379.335741,154.823560,140.230741
379.335807,154.823560,140.239077
379.335858,154.823560,140.240762
379.335901,154.823560,140.243451
379.335988,154.823560,140.243952
379.336062,154.823560,140.247634
379.336117,154.823560,140.247691
379.336178,154.823560,140.250419
379.336230,154.823560,140.253824
379.336275,154.823560,140.259221
379.336320,154.823560,140.260987
379.336384,154.823560,140.262029
379.336479,154.823560,140.262498
379.336520,154.823560,140.266560
379.336580,154.823560,140.273229
379.336636,154.823560,140.275922
379.336675,154.823560,140.276653
379.336720,154.823560,140.278896
379.336778,154.823560,140.283866
379.336840,154.823560,140.284326
379.336891,154.823560,140.286099
379.336971,154.823560,140.286853
379.337031,154.823560,140.293227
379.337084,154.823560,140.293339
379.337147,154.823560,140.298050
379.337193,154.823560,140.299045
379.337254,154.823560,140.302875
379.337323,154.823560,140.303485
379.337373,154.823560,140.306355
379.337411,154.823560,140.311226
379.337448,154.823560,140.311986
379.337506,154.823560,140.313867
379.337560,154.823560,140.318363
379.337611,154.823560,140.328306
379.337646,154.823560,140.334390
379.337697,154.823560,140.336528
379.337743,154.823560,124.124206
379.337775,154.823560,129.040877
379.337803,154.823560,129.482197
379.337832,154.823560,140.343096
379.337893,154.823560,140.347075
379.337959,154.823560,140.347253
379.338015,154.823560,140.347670
379.338081,154.823560,140.351938
379.338139,154.823560,133.703214
379.338182,154.823560,138.376467
379.338216,154.823560,140.353338
379.338254,154.823560,140.359992
379.338315,154.823560,140.367430
379.338368,154.823560,140.367595
379.338429,154.823560,140.368834
379.338503,154.823560,140.373830
379.338571,154.823560,140.374107
379.338640,154.823560,140.378014
379.338690,154.823560,128.819686
379.338723,154.823560,133.601912
379.338752,154.823560,134.847426
379.338789,154.823560,136.636890
379.338822,154.823560,140.378843
379.338893,154.823560,140.381429
379.338947,154.823560,140.382696
379.338988,154.823560,140.386011
379.339057,154.823560,140.391208
379.339119,154.823560,140.393464
379.339186,154.823560,140.402610
379.339280,154.823560,140.409752
379.339313,154.823560,125.352552
379.339342,154.823560,140.411800
379.339388,154.823560,140.412806
379.339431,154.823560,140.412872
379.339475,154.823560,140.414158
379.339521,154.823560,140.414232
379.339575,154.823560,140.416363
379.339630,154.823560,140.417118
379.339822,154.823560,140.423435
379.339867,154.823560,140.423779
379.339939,154.823560,140.424002
379.339985,154.823560,140.424427
379.340051,154.823560,140.425374
379.340116,154.823560,140.427211
379.340240,154.823560,140.428550
379.340354,154.823560,140.428984
379.340393,154.823560,140.431904
379.340435,154.823560,140.435078
379.340482,154.823560,140.435846
379.340536,154.823560,140.437738
379.340590,154.823560,140.438555
379.340693,154.823560,140.441456
379.340767,154.823560,140.442278
379.340827,154.823560,140.451795
379.340873,154.823560,140.453840
379.340961,154.823560,140.453910
379.341030,154.823560,140.454272
379.341089,154.823560,140.455656
379.341152,154.823560,140.461014
379.341218,154.823560,140.464291
379.341276,154.823560,140.468912
379.341322,154.823560,140.471578
379.341381,154.823560,140.471904
379.341439,154.823560,140.472760
379.341496,154.823560,140.473378
379.341559,154.823560,140.473976
379.341599,154.823560,140.476490
379.341647,154.823560,140.478944
379.341726,154.823560,140.479072
379.341770,154.823560,140.480360
379.341817,154.823560,140.483389
379.341871,154.823560,140.485352
379.341906,154.823560,140.485373
379.341954,154.823560,140.488395
379.341996,154.823560,140.491533
379.342037,154.823560,140.491962
379.342146,154.823560,140.493680
379.342204,154.823560,140.500134
379.342265,154.823560,140.505778
379.342317,154.823560,140.508578
379.342367,154.823560,140.518078
379.342407,154.823560,140.519661
379.342499,154.823560,140.521715
379.342554,154.823560,140.521779
379.342777,154.823560,140.524554
379.342834,154.823560,140.526120
379.342876,154.823560,140.528570
379.342934,154.823560,140.530933
379.342995,154.823560,140.532835
379.343064,154.823560,140.533835
379.343130,154.823560,140.536726
379.343183,154.823560,140.538200
379.343237,154.823560,140.543360
379.343323,154.823560,140.545533
379.343382,154.823560,140.545778
379.343437,154.823560,140.545878
379.343528,154.823560,140.556056
379.343569,154.823560,140.558048
379.343651,154.823560,140.569573
379.343712,154.823560,140.570381
379.343768,154.823560,140.575354
379.343851,154.823560,140.578576
379.343911,154.823560,140.579600
379.343943,154.823560,140.582094
379.344000,154.823560,140.583272
379.344045,154.823560,140.588958
379.344089,154.823560,140.589803
379.344172,154.823560,140.590994
379.344219,154.823560,140.607392
379.344264,154.823560,140.609843
379.344327,154.823560,140.611853
379.344380,154.823560,120.003250
379.344412,154.823560,124.919920
379.344441,154.823560,125.361240
379.344470,154.823560,126.243302
379.344503,154.823560,135.646222
379.344539,154.823560,137.101293
379.344568,154.823560,140.612837
379.344627,154.823560,140.618390
379.344686,154.823560,140.622962
379.344748,154.823560,140.624698
379.344790,154.823560,140.629482
379.344841,154.823560,140.629581
379.344900,154.823560,140.629608
379.344945,154.823560,140.630923
379.344997,154.823560,140.635421
379.345047,154.823560,140.644291
379.345101,154.823560,140.647442
379.345152,154.823560,140.654104
379.345283,154.823560,140.655950
379.345335,154.823560,140.660742
379.345387,154.823560,140.660960
379.345442,154.823560,140.671520
379.345489,154.823560,140.674674
379.345537,154.823560,140.675432
379.345600,154.823560,140.675549
379.345649,154.823560,140.680941
379.345713,154.823560,140.682058
379.345758,154.823560,140.684866
379.345814,154.823560,140.688826
379.345860,154.823560,140.691147
379.345914,154.823560,140.691464
379.345965,154.823560,140.691630
379.346027,154.823560,140.692384
379.346073,154.823560,140.693216
379.346137,154.823560,140.694816
379.346191,154.823560,140.698533
379.346244,154.823560,140.702741
379.346293,154.823560,140.704307
379.346347,154.823560,140.704357
379.346385,154.823560,140.704864
379.346470,154.823560,140.705045
379.346532,154.823560,140.706768
379.346627,154.823560,140.709016
379.346677,154.823560,140.710528
379.346738,154.823560,140.715446
379.346790,154.823560,140.715584
379.346851,154.823560,140.716176
379.346912,154.823560,140.717846
379.346973,154.823560,140.720421
379.347036,154.823560,140.721451
379.347106,154.823560,140.722838
379.347162,154.823560,140.726472
379.347227,154.823560,140.730544
379.347302,154.823560,140.740818
379.347449,154.823560,140.741200
379.347499,154.823560,140.741682
379.347534,154.823560,140.741917
379.347574,154.823560,140.746898
379.347613,154.823560,129.127576
379.347642,154.823560,140.746898
379.347680,154.823560,129.127576
379.347709,154.823560,140.747950
379.347767,154.823560,140.748994
379.347831,154.823560,140.752914
379.347886,154.823560,140.754501
379.347917,154.823560,140.762357
379.347967,154.823560,140.763077
379.348026,154.823560,140.765040
379.348073,154.823560,132.712250
379.348105,154.823560,137.449909
379.348134,154.823560,138.739989
379.348163,154.823560,140.770266
379.348284,154.823560,140.770517
379.348450,154.823560,140.770947
379.348529,154.823560,140.773594
379.348563,154.823560,140.776562
379.348710,154.823560,140.779600
379.348869,154.823560,140.780859
379.348924,154.823560,140.781325
379.348984,154.823560,140.782829
379.349031,154.823560,140.784598
379.349067,154.823560,140.789758
379.349133,154.823560,140.790432
379.349193,154.823560,140.791670
379.349266,154.823560,140.800733
379.349325,154.823560,140.803285
379.349362,154.823560,140.804402
379.349398,154.823560,140.809544
379.349467,154.823560,140.810056
379.349505,154.823560,140.812462
379.349550,154.823560,140.814672
379.349587,154.823560,140.817462
379.349668,154.823560,140.824304
379.349720,154.823560,140.825250
379.349775,154.823560,140.826595
379.349843,154.823560,140.840504
379.349905,154.823560,140.845650
379.349980,154.823560,140.853293
379.350020,154.823560,140.855542
379.350089,154.823560,140.855888
379.350128,154.823560,140.856926
379.350180,154.823560,140.857326
379.350227,154.823560,140.859040
379.350292,154.823560,140.859414
379.350357,154.823560,140.859614
379.350406,154.823560,140.860438
379.350459,154.823560,140.862563
379.350504,154.823560,140.863736
379.350593,154.823560,140.874062
379.350647,154.823560,140.875102
379.350722,154.823560,89.742533
379.350782,154.823560,115.805230
379.350838,154.823560,124.138510
379.350892,154.823560,128.644997
379.350941,154.823560,136.052357
379.350987,154.823560,140.875914
379.351034,154.823560,129.381296
379.351063,154.823560,140.876885
379.351114,154.823560,140.877744
379.351168,154.823560,140.879211
379.351241,154.823560,140.896214
379.351304,154.823560,140.901781
379.351382,154.823560,140.902509
379.351438,154.823560,140.902637
379.351482,154.823560,140.903051
379.351525,154.823560,140.904058
379.351606,154.823560,140.904254
379.351643,154.823560,140.904368
379.351787,154.823560,140.906810
379.351832,154.823560,140.906912
379.351877,154.823560,140.909026
379.351918,154.823560,140.914195
379.351971,154.823560,140.919214
379.352026,154.823560,140.919406
379.352073,154.823560,140.920994
379.352119,154.823560,122.302656
379.352148,154.823560,140.922512
379.352195,154.823560,140.924256
379.352253,154.823560,140.924779
379.352302,154.823560,140.928216
379.352342,154.823560,140.931792
379.352399,154.823560,140.936224
379.352436,154.823560,140.937056
379.352483,154.823560,140.939990
379.352538,154.823560,140.941768
379.352622,154.823560,140.942008
379.352666,154.823560,140.946709
379.352723,154.823560,140.949173
379.352879,154.823560,140.951064
379.353043,154.823560,140.953101
379.353109,154.823560,140.954362
379.353168,154.823560,140.956392
379.353233,154.823560,140.958938
379.353288,154.823560,140.959027
379.353337,154.823560,140.959438
379.353397,154.823560,140.961723
379.353587,154.823560,140.969173
379.353629,154.823560,140.971048
379.353741,154.823560,140.973698
379.353813,154.823560,140.975104
379.353865,154.823560,140.985451
379.353919,154.823560,140.988531
379.353964,154.823560,140.989443
379.354080,154.823560,140.991198
379.354133,154.823560,140.991470
379.354184,154.823560,140.992402
379.354227,154.823560,140.673910
379.354264,154.823560,140.994098
379.354324,154.823560,140.997014
379.354373,154.823560,141.002498
379.354466,154.823560,141.004342
379.354516,154.823560,141.009141
379.354555,154.823560,141.009384
379.354621,154.823560,141.012336
379.354672,154.823560,141.012706
379.354725,154.823560,141.012909
379.354782,154.823560,141.013309
379.354837,154.823560,141.013722
379.354890,154.823560,141.014346
379.354966,154.823560,141.016018
379.355038,154.823560,141.016990
379.355105,154.823560,141.020992
379.355149,154.823560,141.021917
379.355201,154.823560,141.023414
379.355257,154.823560,141.023454
379.355336,154.823560,141.028507
379.355397,154.823560,141.029029
379.355456,154.823560,141.029336
379.355499,154.823560,141.032808
379.355577,154.823560,141.033286
379.355633,154.823560,141.035013
379.355685,154.823560,141.036656
379.355749,154.823560,141.039008
379.355841,154.823560,141.044333
379.355901,154.823560,141.049514
379.355988,154.823560,141.050219
379.356026,154.823560,141.053557
379.356082,154.823560,141.054069
379.356160,154.823560,141.059232
379.356204,154.823560,141.072352
379.356347,154.823560,141.074302
379.356399,154.823560,141.076538
379.356442,154.823560,141.087109
379.356491,154.823560,141.089146
379.356578,154.823560,141.100426
379.356625,154.823560,141.100870
379.356662,154.823560,141.108944
379.356698,154.823560,141.113059
379.356744,154.823560,141.120696
379.356789,154.823560,141.123346
379.356828,154.823560,141.123757
379.356902,154.823560,141.125952
379.356951,154.823560,141.126738
379.357024,154.823560,141.127144
379.357079,154.823560,141.133306
379.357128,154.823560,141.135226
379.357196,154.823560,141.135603
379.357236,154.823560,141.136075
379.357294,154.823560,141.140683
379.357355,154.823560,141.142096
379.357423,154.823560,141.147448
379.357464,154.823560,141.150611
379.357530,154.823560,141.151592
379.357575,154.823560,141.154568
379.357620,154.823560,141.159165
379.357665,154.823560,141.163776
379.357771,154.823560,141.164949
379.357858,154.823560,141.166851
379.357919,154.823560,141.167888
379.357967,154.823560,141.175744
379.358024,154.823560,141.175750
379.358080,154.823560,141.177338
379.358113,154.823560,141.178510
379.358184,154.823560,141.180962
379.358257,154.823560,141.181354
379.358307,154.823560,141.186390
379.358362,154.823560,141.190091
379.358520,154.823560,141.192088
379.358566,154.823560,141.199011
379.358606,154.823560,141.202650
379.358653,154.823560,141.204130
379.358691,154.823560,141.212235
379.358761,154.823560,141.216688
379.358801,154.823560,141.227006
379.358861,154.823560,141.227102
379.358916,154.823560,141.227947
379.358979,154.823560,141.228464
379.359033,154.823560,141.230491
379.359088,154.823560,141.231008
379.359178,154.823560,141.231718
379.359236,154.823560,141.232571
379.359290,154.823560,141.237336
379.359366,154.823560,141.241166
379.359421,154.823560,141.243997
379.359476,154.823560,141.244808
379.359555,154.823560,141.245034
379.359619,154.823560,141.245634
379.359687,154.823560,141.246302
379.359755,154.823560,141.247158
379.359839,154.823560,141.248283
379.359891,154.823560,141.250784
379.359936,154.823560,141.257019
379.360029,154.823560,141.257352
379.360070,154.823560,141.259162
379.360122,154.823560,141.264446
379.360175,154.823560,141.269824
379.360247,154.823560,141.270101
379.360312,154.823560,141.272747
379.360374,154.823560,141.274224
379.360466,154.823560,141.275829
379.360507,154.823560,141.280242
379.360546,154.823560,124.417453
379.360576,154.823560,141.280344
379.360634,154.823560,141.280752
379.360680,154.823560,141.282416
379.360738,154.823560,141.283192
379.360798,154.823560,141.286573
379.360874,154.823560,141.287952
379.360980,154.823560,141.288826
379.361034,154.823560,141.293029
379.361154,154.823560,141.297517
379.361215,154.823560,141.299584
379.361275,154.823560,141.305549
379.361331,154.823560,141.305634
379.361386,154.823560,141.305781
379.361440,154.823560,141.309846
379.361497,154.823560,141.309965
379.361553,154.823560,141.311858
379.361629,154.823560,141.311998
379.361685,154.823560,141.314822
379.361744,154.823560,141.316171
379.361790,154.823560,141.318450
379.361930,154.823560,141.322990
379.361990,154.823560,141.323082
379.362052,154.823560,129.339096
379.362084,154.823560,134.001998
379.362118,154.823560,134.027338
379.362147,154.823560,134.434778
379.362176,154.823560,140.050458
379.362207,154.823560,141.330037
379.362264,154.823560,141.331602
379.362311,154.823560,141.334069
379.362358,154.823560,141.334877
379.362418,154.823560,141.336776
379.362475,154.823560,141.337350
379.362521,154.823560,141.343957
379.362613,154.823560,141.345195
379.362654,154.823560,141.354357
379.362722,154.823560,141.357398
379.362771,154.823560,141.358914
379.362838,154.823560,141.362011
379.362915,154.823560,141.362109
379.362967,154.823560,141.362459
379.363027,154.823560,141.364469
379.363079,154.823560,141.365334
379.363139,154.823560,141.369546
379.363193,154.823560,141.370867
379.363231,154.823560,141.371794
379.363275,154.823560,141.375451
379.363326,154.823560,141.378509
379.363384,154.823560,141.381643
379.363476,154.823560,141.388981
379.363530,154.823560,141.389006
379.363580,154.823560,141.389034
379.363640,154.823560,141.392010
379.363683,154.823560,141.392117
379.363742,154.823560,141.393592
379.363788,154.823560,141.394840
379.363854,154.823560,141.397334
379.363914,154.823560,141.397512
379.363954,154.823560,141.404957
379.364003,154.823560,141.409195
379.364070,154.823560,141.414317
379.364125,154.823560,120.805714
379.364156,154.823560,125.722384
379.364187,154.823560,126.163704
379.364216,154.823560,127.045766
379.364250,154.823560,136.448686
379.364280,154.823560,137.903757
379.364309,154.823560,141.414672
379.364353,154.823560,141.416347
379.364387,154.823560,141.420405
379.364428,154.823560,141.422088
379.364477,154.823560,141.422379
379.364520,154.823560,126.106368
379.364550,154.823560,129.611258
379.364584,154.823560,134.969248
379.364613,154.823560,141.423264
379.364682,154.823560,141.423563
379.364809,154.823560,141.427179
379.364859,154.823560,141.428350
379.364891,154.823560,141.428418
379.364955,154.823560,141.429870
379.365008,154.823560,141.435477
379.365080,154.823560,141.435746
379.365128,154.823560,141.435901
379.365183,154.823560,141.438998
379.365218,154.823560,141.439827
379.365281,154.823560,141.440226
379.365416,154.823560,141.444754
379.365468,154.823560,141.445981
379.365542,154.823560,141.450736
379.365598,154.823560,141.452024
379.365644,154.823560,141.452429
379.365698,154.823560,141.453451
379.365762,154.823560,141.453864
379.365814,154.823560,141.453984
379.365867,154.823560,141.455517
379.365915,154.823560,141.457270
379.365975,154.823560,141.461134
379.366019,154.823560,141.463672
379.366078,154.823560,141.466610
379.366205,154.823560,141.484146
379.366240,154.823560,141.485504
379.366291,154.823560,141.490184
379.366361,154.823560,141.491542
379.366416,154.823560,141.491803
379.366501,154.823560,141.495926
379.366546,154.823560,141.498346
379.366622,154.823560,141.510421
379.366681,154.823560,141.519130
379.366731,154.823560,141.519422
379.366788,154.823560,141.521054
379.366832,154.823560,141.524117
379.366892,154.823560,141.529240
379.366970,154.823560,141.531008
379.367013,154.823560,141.533970
379.367063,154.823560,141.537714
379.367110,154.823560,141.546594
379.367163,154.823560,141.547222
379.367251,154.823560,141.549422
379.367389,154.823560,141.550538
379.367449,154.823560,141.550998
379.367486,154.823560,141.551275
379.367549,154.823560,141.554107
379.367599,154.823560,141.554264
379.367658,154.823560,141.557986
379.367724,154.823560,141.558317
379.367780,154.823560,141.559146
379.367827,154.823560,141.560558
379.367885,154.823560,141.561149
379.367917,154.823560,141.561878
379.367954,154.823560,141.562352
379.368002,154.823560,141.564696
379.368054,154.823560,141.566094
379.368111,154.823560,141.575544
379.368178,154.823560,141.575622
379.368246,154.823560,141.577872
379.368349,154.823560,141.579026
379.368469,154.823560,141.590883
379.368527,154.823560,141.593624
379.368586,154.823560,141.596163
379.368654,154.823560,141.599323
379.368714,154.823560,141.610346
379.368765,154.823560,129.011030
379.368793,154.823560,136.828234
379.368824,154.823560,141.610346
379.368876,154.823560,129.011030
379.368904,154.823560,136.828234
379.368936,154.823560,141.610936
379.368972,154.823560,141.616997
379.369028,154.823560,141.618806
379.369072,154.823560,141.619944
379.369128,154.823560,141.622091
379.369185,154.823560,141.624006
379.369240,154.823560,141.632230
379.369283,154.823560,141.633408
379.369328,154.823560,141.634272
379.369380,154.823560,141.636395
379.369431,154.823560,141.640962
379.369495,154.823560,141.642891
379.369564,154.823560,141.645806
379.369653,154.823560,141.650784
379.369716,154.823560,141.655218
379.369772,154.823560,141.661222
379.369820,154.823560,141.663677
379.369875,154.823560,141.665024
379.369936,154.823560,141.666834
379.369992,154.823560,141.668470
379.370048,154.823560,141.671150
379.370140,154.823560,141.675378
379.370193,154.823560,141.683318
379.370228,154.823560,141.687408
379.370274,154.823560,141.689250
379.370334,154.823560,141.691323
379.370388,154.823560,141.692512
379.370431,154.823560,141.693117
379.370476,154.823560,141.698560
379.370577,154.823560,141.702995
379.370625,154.823560,141.703469
379.370691,154.823560,141.705250
379.370739,154.823560,141.707232
379.370809,154.823560,141.708899
379.370898,154.823560,141.710048
379.370958,154.823560,141.711904
379.371025,154.823560,141.712963
379.371112,154.823560,141.714264
379.371148,154.823560,141.714370
379.371191,154.823560,141.717069
379.371253,154.823560,141.720266
379.371292,154.823560,141.722744
379.371337,154.823560,141.726218
379.371423,154.823560,141.732445
379.371480,154.823560,141.734835
379.371535,154.823560,141.740318
379.371587,154.823560,141.740850
379.371863,154.823560,141.741186
379.371927,154.823560,141.741200
379.371972,154.823560,141.743218
379.372009,154.823560,129.951670
379.372044,154.823560,141.750827
379.372106,154.823560,141.751384
379.372166,154.823560,141.753064
379.372240,154.823560,141.754144
379.372284,154.823560,141.755152
379.372340,154.823560,141.761075
379.372381,154.823560,141.761763
379.372425,154.823560,141.764848
379.372461,154.823560,141.766870
379.372503,154.823560,141.767658
379.372568,154.823560,141.769742
379.372613,154.823560,141.770179
379.372673,154.823560,141.770333
379.372730,154.823560,141.773456
379.372777,154.823560,141.773603
379.372843,154.823560,141.774019
379.372891,154.823560,141.775019
379.372948,154.823560,141.787395
379.372998,154.823560,141.787552
379.373055,154.823560,141.788248
379.373108,154.823560,141.790648
379.373155,154.823560,141.793803
379.373238,154.823560,141.796597
379.373299,154.823560,141.797766
379.373345,154.823560,141.798288
379.373383,154.823560,141.802894
379.373426,154.823560,141.804858
379.373486,154.823560,141.805042
379.373535,154.823560,141.805130
379.373596,154.823560,141.805490
379.373640,154.823560,141.809037
379.373725,154.823560,141.809869
379.373766,154.823560,141.814672
379.373810,154.823560,141.816429
379.373857,154.823560,141.816722
379.373949,154.823560,141.818373
379.374007,154.823560,141.822795
379.374073,154.823560,141.832240
379.374148,154.823560,141.837080
379.374185,154.823560,141.846699
379.374254,154.823560,141.849968
379.374290,154.823560,141.862019
379.374349,154.823560,141.863062
379.374474,154.823560,141.866008
379.374519,154.823560,141.866155
379.374565,154.823560,141.868818
379.374638,154.823560,141.871144
379.374706,154.823560,141.873504
379.374749,154.823560,141.874173
379.374832,154.823560,141.875302
379.374890,154.823560,141.875309
379.374942,154.823560,141.877682
379.374979,154.823560,141.878482
379.375033,154.823560,141.889374
379.375101,154.823560,141.891432
379.375141,154.823560,141.904992
379.375230,154.823560,141.905606
379.375265,154.823560,141.908080
379.375315,154.823560,141.910483
379.375351,154.823560,141.918974
379.375397,154.823560,141.919182
379.375448,154.823560,141.922061
379.375508,154.823560,141.923739
379.375582,154.823560,141.929435
379.375661,154.823560,141.929835
379.375721,154.823560,141.930718
379.375781,154.823560,141.930776
379.375858,154.823560,141.933270
379.375899,154.823560,141.942259
379.375952,154.823560,141.945656
379.376029,154.823560,141.946099
379.376076,154.823560,141.954368
379.376169,154.823560,141.959594
379.376228,154.823560,141.964677
379.376275,154.823560,141.965437
379.376332,154.823560,141.966464
379.376375,154.823560,141.966517
379.376422,154.823560,141.967966
379.376468,154.823560,141.969731
379.376527,154.823560,141.974104
379.376577,154.823560,133.300026
379.376607,154.823560,141.974104
379.376657,154.823560,133.300026
379.376687,154.823560,141.975682
379.376722,154.823560,141.976944
379.376760,154.823560,141.979730
379.376810,154.823560,141.988224
379.376868,154.823560,141.994437
379.376915,154.823560,141.997358
379.376967,154.823560,141.999472
379.377005,154.823560,142.001694
379.377054,154.823560,142.003328
379.377099,154.823560,142.004149
379.377158,154.823560,142.006070
379.377201,154.823560,142.007066
379.377273,154.823560,142.008118
379.377316,154.823560,142.010910
379.377367,154.823560,142.011725
379.377438,154.823560,142.012525
379.377497,154.823560,142.012762
379.377576,154.823560,142.019982
379.377631,154.823560,142.020230
379.377685,154.823560,142.024184
379.377738,154.823560,142.024274
379.377811,154.823560,142.034938
379.377858,154.823560,142.039834
379.377910,154.823560,142.040101
379.377958,154.823560,142.041643
379.377998,154.823560,142.042739
379.378064,154.823560,142.049106
379.378146,154.823560,142.051576
379.378206,154.823560,142.056267
379.378297,154.823560,142.057363
379.378347,154.823560,142.057406
379.378397,154.823560,142.061222
379.378445,154.823560,127.559261
379.378477,154.823560,132.296920
379.378506,154.823560,133.587000
379.378536,154.823560,142.062362
379.378576,154.823560,142.062837
379.378618,154.823560,142.066286
379.378655,154.823560,142.067757
379.378716,154.823560,142.069646
379.378767,154.823560,142.070043
379.378824,154.823560,142.071795
379.378862,154.823560,142.073550
379.378909,154.823560,142.075042
379.378968,154.823560,142.077998
379.379019,154.823560,142.086514
379.379074,154.823560,142.086606
379.379226,154.823560,142.089600
379.379289,154.823560,142.090098
379.379336,154.823560,137.598053
379.379368,154.823560,142.090098
379.379414,154.823560,137.598053
379.379446,154.823560,142.093760
379.379499,154.823560,142.095051
379.379569,154.823560,142.112763
379.379620,154.823560,142.113152
379.379671,154.823560,142.115584
379.379729,154.823560,142.119168
379.379819,154.823560,142.119368
379.379878,154.823560,142.119992
379.379928,154.823560,142.122600
379.379994,154.823560,142.122994
379.380045,154.823560,142.125334
379.380097,154.823560,126.590368
379.380127,154.823560,131.168485
379.380161,154.823560,137.196224
379.380191,154.823560,142.125334
379.380241,154.823560,126.590368
379.380270,154.823560,131.168485
379.380304,154.823560,137.196224
379.380333,154.823560,142.130163
379.380408,154.823560,142.131736
379.380479,154.823560,142.132432
379.380619,154.823560,142.135003
379.380667,154.823560,142.135800
379.380756,154.823560,142.142173
379.380832,154.823560,142.143373
379.380880,154.823560,142.145592
379.380982,154.823560,142.147040
379.381022,154.823560,142.150518
379.381069,154.823560,142.154221
379.381112,154.823560,142.154677
379.381168,154.823560,142.155282
379.381223,154.823560,142.158552
379.381281,154.823560,142.164166
379.381331,154.823560,142.167824
379.381391,154.823560,142.170098
379.381463,154.823560,142.173955
379.381526,154.823560,142.175901
379.381599,154.823560,142.176597
379.381654,154.823560,142.183024
379.381700,154.823560,142.189474
379.381774,154.823560,142.190352
379.381840,154.823560,142.201906
379.381882,154.823560,142.203072
379.381927,154.823560,142.211208
379.381962,154.823560,142.212782
379.382019,154.823560,142.225739
379.382083,154.823560,142.231357
379.382162,154.823560,142.231874
379.382227,154.823560,142.241690
379.382280,154.823560,142.241757
379.382340,154.823560,142.241814
379.382399,154.823560,142.245240
379.382459,154.823560,142.245373
379.382517,154.823560,142.246272
379.382562,154.823560,142.246880
379.382645,154.823560,142.250450
379.382694,154.823560,142.256355
379.382738,154.823560,142.262517
379.382883,154.823560,142.265618
379.382916,154.823560,133.882883
379.382946,154.823560,142.265618
379.382979,154.823560,133.882883
379.383009,154.823560,142.267987
379.383067,154.823560,142.273315
379.383131,154.823560,142.273661
379.383190,154.823560,142.275027
379.383247,154.823560,142.275547
379.383307,154.823560,142.282352
379.383361,154.823560,142.282706
379.383400,154.823560,142.282856
379.383444,154.823560,142.287848
379.383557,154.823560,142.295760
379.383607,154.823560,140.577776
379.383640,154.823560,142.295760
379.383689,154.823560,140.577776
379.383721,154.823560,142.307232
379.383778,154.823560,142.312605
379.383846,154.823560,142.313600
379.383894,154.823560,142.314195
379.383947,154.823560,142.314939
379.383989,154.823560,142.317430
379.384044,154.823560,142.324837
379.384112,154.823560,142.328782
379.384166,154.823560,142.333171
379.384212,154.823560,142.334582
379.384284,154.823560,142.335712
379.384347,154.823560,142.339278
379.384389,154.823560,142.342016
379.384430,154.823560,142.342192
379.384472,154.823560,142.345734
379.384534,154.823560,142.351371
379.384578,154.823560,142.351838
379.384694,154.823560,142.353018
379.384789,154.823560,142.353555
379.384849,154.823560,142.358491
379.384912,154.823560,142.359322
379.384967,154.823560,142.362507
379.385008,154.823560,142.363477
379.385066,154.823560,142.365664
379.385131,154.823560,142.366083
379.385182,154.823560,142.366171
379.385346,154.823560,142.371176
379.385403,154.823560,142.374571
379.385457,154.823560,142.374914
379.385521,154.823560,142.375250
379.385577,154.823560,142.379314
379.385650,154.823560,142.381354
379.385699,154.823560,142.385166
379.385779,154.823560,142.385837
379.385821,154.823560,142.386808
379.385862,154.823560,142.388272
379.385919,154.823560,142.394510
379.386010,154.823560,142.402238
379.386076,154.823560,142.403021
379.386115,154.823560,142.403024
379.386160,154.823560,142.406090
379.386218,154.823560,142.407854
379.386274,154.823560,142.410368
379.386323,154.823560,134.393269
379.386367,154.823560,142.419146
379.386413,154.823560,142.419853
379.386457,154.823560,142.421296
379.386517,154.823560,142.421662
379.386569,154.823560,142.427144
379.386637,154.823560,142.427906
379.386674,154.823560,142.429344
379.386790,154.823560,142.440870
379.386848,154.823560,142.441480
379.386895,154.823560,142.442235
379.386952,154.823560,142.444610
379.387011,154.823560,142.445613
379.387101,154.823560,142.447827
379.387170,154.823560,142.453573
379.387227,154.823560,142.455170
379.387305,154.823560,142.462094
379.387357,154.823560,142.462640
379.387445,154.823560,142.462854
379.387503,154.823560,142.464523
379.387562,154.823560,142.469680
379.387618,154.823560,142.469712
379.387657,154.823560,142.476155
379.387721,154.823560,142.478448
379.387770,154.823560,142.484046
379.387874,154.823560,142.488826
379.387955,154.823560,142.488946
379.388016,154.823560,123.248246
379.388059,154.823560,128.164917
379.388100,154.823560,128.606237
379.388139,154.823560,129.488299
379.388184,154.823560,135.429619
379.388215,154.823560,140.346290
379.388255,154.823560,140.787610
379.388289,154.823560,142.489346
379.388364,154.823560,142.491973
379.388413,154.823560,142.493392
379.388488,154.823560,142.502630
379.388553,154.823560,142.503848
379.388589,154.823560,142.506131
379.388669,154.823560,142.506429
379.388726,154.823560,142.523283
379.388774,154.823560,142.526990
379.388818,154.823560,142.533523
379.388885,154.823560,142.547795
379.388956,154.823560,142.548826
379.388992,154.823560,127.832866
379.389022,154.823560,142.550563
379.389096,154.823560,142.551112
379.389141,154.823560,142.551470
379.389188,154.823560,142.553000
379.389244,154.823560,142.555203
379.389303,154.823560,142.555722
379.389363,154.823560,142.557578
379.389411,154.823560,142.559752
379.389452,154.823560,142.563632
379.389490,154.823560,142.564178
379.389523,154.823560,128.108835
379.389558,154.823560,142.565010
379.389634,154.823560,142.571891
379.389690,154.823560,142.577349
379.389747,154.823560,142.581357
379.389790,154.823560,142.583773
379.389840,154.823560,142.584992
379.389882,154.823560,142.585757
379.389918,154.823560,129.706339
379.389947,154.823560,142.585907
379.390087,154.823560,142.587955
379.390158,154.823560,142.588349
379.390213,154.823560,142.589474
379.390287,154.823560,142.590854
379.390333,154.823560,142.591277
379.390390,154.823560,142.595714
379.390437,154.823560,142.597058
379.390495,154.823560,142.600827
379.390549,154.823560,142.602582
379.390616,154.823560,142.606155
379.390651,154.823560,142.608582
379.390708,154.823560,142.609070
379.390760,154.823560,142.617520
379.390805,154.823560,142.619277
379.390862,154.823560,142.621429
379.390918,154.823560,142.621850
379.390963,154.823560,142.623426
379.391153,154.823560,142.630517
379.391202,154.823560,142.636078
379.391244,154.823560,142.637659
379.391306,154.823560,142.637675
379.391358,154.823560,142.639861
379.391415,154.823560,142.645034
379.391463,154.823560,142.647221
379.391516,154.823560,142.647677
379.391586,154.823560,142.649862
379.391622,154.823560,132.280301
379.391651,154.823560,142.651368
379.391702,154.823560,142.655202
379.391770,154.823560,142.657362
379.391814,154.823560,142.657850
379.391877,154.823560,142.664930
379.391916,154.823560,142.665584
379.391961,154.823560,142.667368
379.392027,154.823560,142.672936
379.392072,154.823560,142.673656
379.392113,154.823560,142.674667
379.392157,154.823560,142.683646
379.392213,154.823560,142.686560
379.392256,154.823560,142.694376
379.392300,154.823560,142.697019
379.392353,154.823560,142.697322
379.392408,154.823560,142.698315
379.392450,154.823560,142.699797
379.392495,154.823560,142.701083
379.392548,154.823560,142.705493
379.392611,154.823560,142.717426
379.392667,154.823560,142.718384
379.392726,154.823560,142.719797
379.392784,154.823560,142.720976
379.392842,154.823560,142.723235
379.392905,154.823560,142.725070
379.392958,154.823560,142.726704
379.393012,154.823560,142.728349
379.393051,154.823560,142.732944
379.393102,154.823560,122.902749
379.393134,154.823560,127.565651
379.393167,154.823560,127.590990
379.393196,154.823560,127.998430
379.393238,154.823560,132.864259
379.393271,154.823560,137.552501
379.393300,154.823560,137.753893
379.393330,154.823560,142.735442
379.393390,154.823560,142.740885
379.393443,154.823560,142.750594
379.393482,154.823560,128.310016
379.393511,154.823560,142.751930
379.393582,154.823560,142.756008
379.393625,154.823560,142.756902
379.393670,154.823560,142.760053
379.393712,154.823560,142.762005
379.393756,154.823560,142.763275
379.393820,154.823560,142.766720
379.393883,154.823560,142.770496
379.393927,154.823560,142.771866
379.393972,154.823560,142.772368
379.394027,154.823560,142.774675
379.394081,154.823560,142.775149
379.394143,154.823560,142.786491
379.394215,154.823560,142.788845
379.394273,154.823560,142.790002
379.394310,154.823560,142.790400
379.394368,154.823560,142.793882
379.394410,154.823560,142.794832
379.394453,154.823560,142.798214
379.394503,154.823560,133.591845
379.394535,154.823560,138.329504
379.394564,154.823560,139.619584
379.394593,154.823560,142.798382
379.394658,154.823560,142.808674
379.394697,154.823560,142.811157
379.394756,154.823560,126.566739
379.394789,154.823560,131.483410
379.394830,154.823560,131.924730
379.394859,154.823560,142.812413
379.394904,154.823560,142.815922
379.394970,154.823560,142.816418
379.395019,154.823560,140.346322
379.395051,154.823560,142.816418
379.395120,154.823560,142.817202
379.395170,154.823560,142.819509
379.395208,154.823560,142.821574
379.395244,154.823560,142.822115
379.395285,154.823560,142.825403
379.395336,154.823560,142.830389
379.395379,154.823560,142.830850
379.395419,154.823560,142.835912
379.395531,154.823560,142.836330
379.395597,154.823560,142.837160
379.395660,154.823560,142.837886
379.395728,154.823560,142.838854
379.395791,154.823560,142.839006
379.395845,154.823560,142.841261
379.395900,154.823560,142.843253
379.395958,154.823560,142.844648
379.396082,154.823560,142.846144
379.396118,154.823560,135.598794
379.396148,154.823560,142.847499
379.396210,154.823560,142.848406
379.396270,154.823560,142.851824
379.396339,154.823560,142.852739
379.396408,154.823560,142.853358
379.396474,154.823560,142.857005
379.396529,154.823560,142.858435
379.396583,154.823560,142.859104
379.396639,154.823560,142.862501
379.396684,154.823560,142.863221
379.396730,154.823560,142.865469
379.396776,154.823560,142.867976
379.396823,154.823560,135.744326
379.396853,154.823560,142.871232
379.396918,154.823560,142.878128
379.396984,154.823560,142.878482
379.397019,154.823560,142.879446
379.397057,154.823560,142.879806
379.397120,154.823560,142.879827
379.397174,154.823560,142.881426
379.397211,154.823560,142.884736
379.397258,154.823560,142.885197
379.397317,154.823560,142.885786
379.397368,154.823560,142.886194
379.397436,154.823560,142.886285
379.397500,154.823560,142.897250
379.397561,154.823560,142.898026
379.397628,154.823560,142.899755
379.397663,154.823560,142.902502
379.397717,154.823560,142.909501
379.397775,154.823560,142.912144
379.397834,154.823560,142.913072
379.397895,154.823560,142.913816
379.397940,154.823560,142.915363
379.397982,154.823560,142.916434
379.398027,154.823560,142.918667
379.398149,154.823560,142.919699
379.398209,154.823560,142.923554
379.398314,154.823560,142.927344
379.398358,154.823560,142.932018
379.398407,154.823560,142.935851
379.398441,154.823560,131.725429
379.398471,154.823560,142.940291
379.398528,154.823560,142.940725
379.398589,154.823560,142.942259
379.398622,154.823560,142.942574
379.398662,154.823560,142.943232
379.398706,154.823560,142.945251
379.398753,154.823560,142.946293
379.398801,154.823560,142.953744
379.398848,154.823560,142.959336
379.398911,154.823560,142.959534
379.398951,154.823560,142.960574
379.399009,154.823560,142.963371
379.399060,154.823560,142.967968
379.399123,154.823560,142.968752
379.399156,154.823560,142.978106
379.399210,154.823560,142.979483
379.399274,154.823560,142.982774
379.399311,154.823560,142.984760
379.399372,154.823560,142.987104
379.399435,154.823560,142.989304
379.399483,154.823560,142.990917
379.399524,154.823560,142.994736
379.399583,154.823560,143.001117
379.399636,154.823560,143.001733
379.399683,154.823560,143.004226
379.399723,154.823560,143.008419
379.399776,154.823560,143.009696
379.399840,154.823560,143.010019
379.399890,154.823560,143.012011
379.399927,154.823560,143.016064
379.399983,154.823560,143.020064
379.400051,154.823560,143.020410
379.400110,154.823560,143.028475
379.400170,154.823560,143.030830
379.400228,154.823560,143.035147
379.400284,154.823560,143.036696
379.400328,154.823560,143.050826
379.400397,154.823560,143.052275
379.400437,154.823560,136.574542
379.400466,154.823560,143.052944
379.400588,154.823560,143.053968
379.400650,154.823560,143.059629
379.400700,154.823560,143.061094
379.400816,154.823560,143.061101
379.400890,154.823560,143.066778
379.400928,154.823560,143.067354
379.400977,154.823560,143.069277
379.401030,154.823560,143.069702
379.401089,154.823560,143.072160
379.401145,154.823560,143.077294
379.401185,154.823560,143.079762
379.401240,154.823560,143.084083
379.401277,154.823560,143.091346
379.401325,154.823560,143.091512
379.401381,154.823560,143.094402
379.401471,154.823560,143.096493
379.401512,154.823560,143.102853
379.401565,154.823560,143.103538
379.401604,154.823560,134.309901
379.401633,154.823560,143.106768
379.401685,154.823560,143.106904
379.401775,154.823560,143.108603
379.401820,154.823560,143.110736
379.401881,154.823560,143.111024
379.401927,154.823560,143.120830
379.401972,154.823560,143.123690
379.402025,154.823560,143.124970
379.402064,154.823560,143.125400
379.402154,154.823560,143.125693
379.402211,154.823560,143.126010
379.402252,154.823560,143.128605
379.402301,154.823560,143.130891
379.402411,154.823560,143.131155
379.402464,154.823560,143.133424
379.402514,154.823560,143.135634
379.402571,154.823560,143.137118
379.402627,154.823560,129.699282
379.402659,154.823560,131.916485
379.402693,154.823560,134.436941
379.402722,154.823560,135.727021
379.402752,154.823560,143.137144
379.402817,154.823560,143.137162
379.402871,154.823560,143.138235
379.402918,154.823560,143.138339
379.402964,154.823560,143.139238
379.403067,154.823560,143.142227
379.403143,154.823560,143.146387
379.403193,154.823560,143.147805
379.403256,154.823560,143.148661
379.403302,154.823560,143.149653
379.403347,154.823560,143.150168
379.403395,154.823560,143.152269
379.403489,154.823560,143.154354
379.403540,154.823560,143.155282
379.403587,154.823560,143.155518
379.403636,154.823560,143.157525
379.403688,154.823560,143.158518
379.403756,154.823560,143.158661
379.403810,154.823560,143.160280
379.403860,154.823560,143.163104
379.403899,154.823560,143.164333
379.403940,154.823560,143.164467
379.403976,154.823560,143.166832
379.404037,154.823560,143.173427
379.404109,154.823560,143.174898
379.404173,154.823560,143.180206
379.404224,154.823560,143.183024
379.404258,154.823560,143.184952
379.404295,154.823560,143.187693
379.404349,154.823560,143.187742
379.404479,154.823560,143.190816
379.404522,154.823560,143.192552
379.404573,154.823560,143.195010
379.404657,154.823560,143.196982
379.404692,154.823560,143.200579
379.404760,154.823560,143.201781
379.404812,154.823560,143.211757
379.404860,154.823560,143.211941
379.404949,154.823560,143.213979
379.404997,154.823560,143.216518
379.405083,154.823560,143.226768
379.405124,154.823560,143.226886
379.405161,154.823560,143.230205
379.405219,154.823560,143.230264
379.405275,154.823560,143.230909
379.405321,154.823560,143.235027
379.405368,154.823560,143.235226
379.405424,154.823560,143.237144
379.405502,154.823560,143.238758
379.405569,154.823560,143.238798
379.405611,154.823560,143.240358
379.405707,154.823560,143.248694
379.405747,154.823560,143.250432
379.405803,154.823560,143.250454
379.405875,154.823560,143.251254
379.405922,154.823560,124.902560
379.405951,154.823560,143.252555
379.406011,154.823560,143.257712
379.406123,154.823560,143.260010
379.406176,154.823560,143.265538
379.406214,154.823560,143.265776
379.406271,154.823560,143.267906
379.406319,154.823560,143.270189
379.406364,154.823560,143.271442
379.406415,154.823560,132.903594
379.406444,154.823560,143.271442
379.406493,154.823560,132.903594
379.406522,154.823560,143.278243
379.406619,154.823560,143.279077
379.406681,154.823560,143.291286
379.406740,154.823560,143.291450
379.406780,154.823560,143.291816
379.406851,154.823560,143.296150
379.406894,154.823560,143.296376
379.406940,154.823560,143.298174
379.407003,154.823560,143.300822
379.407079,154.823560,143.300965
379.407143,154.823560,143.308314
379.407205,154.823560,143.310197
379.407262,154.823560,143.311986
379.407345,154.823560,143.316285
379.407386,154.823560,143.318824
379.407445,154.823560,143.321613
379.407493,154.823560,143.321829
379.407541,154.823560,143.325147
379.407591,154.823560,143.325230
379.407636,154.823560,143.325971
379.407727,154.823560,143.332603
379.407781,154.823560,143.332907
379.407826,154.823560,143.335843
379.407918,154.823560,143.338008
379.407976,154.823560,143.340406
379.408027,154.823560,143.341357
379.408090,154.823560,134.123864
379.408131,154.823560,143.154670
379.408174,154.823560,143.341966
379.408209,154.823560,138.555616
379.408238,154.823560,143.346390
379.408310,154.823560,143.346717
379.408351,154.823560,143.347050
379.408396,154.823560,143.348304
379.408442,154.823560,143.348330
379.408514,154.823560,143.348803
379.408685,154.823560,143.348851
379.408724,154.823560,143.353114
379.408767,154.823560,143.353555
379.408819,154.823560,143.354854
379.408872,154.823560,143.359214
379.408960,154.823560,143.364856
379.409047,154.823560,143.368088
379.409094,154.823560,143.369694
379.409151,154.823560,143.371411
379.409209,154.823560,143.375686
379.409256,154.823560,143.376064
379.409310,154.823560,143.376144
379.409387,154.823560,143.378974
379.409452,154.823560,143.379590
379.409487,154.823560,143.381662
379.409538,154.823560,143.383374
379.409581,154.823560,143.383894
379.409626,154.823560,143.385152
379.409671,154.823560,143.395312
379.409760,154.823560,143.396168
379.409815,154.823560,143.397144
379.409860,154.823560,143.398742
379.409906,154.823560,143.400267
379.409966,154.823560,143.400568
379.410016,154.823560,143.402458
379.410062,154.823560,143.403125
379.410100,154.823560,143.406648
379.410143,154.823560,143.407264
379.410191,154.823560,143.409738
379.410301,154.823560,143.411848
379.410361,154.823560,143.411874
379.410416,154.823560,143.420430
379.410467,154.823560,143.421334
379.410522,154.823560,143.421352
379.410556,154.823560,143.422144
379.410598,154.823560,143.423960
379.410641,154.823560,143.428901
379.410702,154.823560,143.431650
379.410801,154.823560,143.431869
379.410915,154.823560,143.433629
379.410986,154.823560,143.435757
379.411046,154.823560,143.441347
379.411094,154.823560,127.993818
379.411126,154.823560,132.731477
379.411155,154.823560,134.021557
379.411184,154.823560,143.442739
379.411239,154.823560,143.445691
379.411317,154.823560,143.448256
379.411384,154.823560,143.448562
379.411439,154.823560,143.449597
379.411501,154.823560,143.449739
379.411547,154.823560,143.456754
379.411587,154.823560,143.456915
379.411644,154.823560,143.458330
379.411700,154.823560,143.459840
379.411845,154.823560,143.460206
379.411896,154.823560,143.467523
379.411941,154.823560,143.471918
379.411996,154.823560,143.473206
379.412046,154.823560,143.478994
379.412095,154.823560,143.480499
379.412156,154.823560,143.482765
379.412212,154.823560,143.483333
379.412260,154.823560,143.483981
379.412318,154.823560,143.489114
379.412364,154.823560,143.492114
379.412418,154.823560,143.493392
379.412474,154.823560,143.495370
379.412552,154.823560,143.500104
379.412612,154.823560,143.501416
379.412710,154.823560,143.502176
379.412766,154.823560,143.516267
379.412832,154.823560,143.517238
379.412912,154.823560,143.517435
379.412951,154.823560,143.522894
379.412995,154.823560,143.523602
379.413064,154.823560,143.524296
379.413116,154.823560,143.529320
379.413170,154.823560,143.529730
379.413215,154.823560,143.538797
379.413389,154.823560,143.543989
379.413431,154.823560,143.544949
379.413490,154.823560,143.550531
379.413552,154.823560,143.551286
379.413665,154.823560,143.552325
379.413843,154.823560,143.553728
379.413943,154.823560,143.554190
379.414000,154.823560,143.554192
379.414045,154.823560,143.558304
379.414106,154.823560,143.558470
379.414162,154.823560,143.564192
379.414202,154.823560,143.565064
379.414273,154.823560,143.566152
379.414328,154.823560,143.568909
379.414372,154.823560,143.570264
379.414440,154.823560,143.571891
379.414476,154.823560,143.575106
379.414559,154.823560,143.576814
379.414609,154.823560,143.577621
379.414681,154.823560,143.578482
379.414739,154.823560,143.582682
379.414784,154.823560,143.583117
379.414833,154.823560,143.587517
379.414877,154.823560,143.589669
379.414935,154.823560,143.594056
379.414995,154.823560,143.596264
379.415050,154.823560,143.597603
379.415115,154.823560,143.598808
379.415242,154.823560,143.599163
379.415302,154.823560,143.601856
379.415374,154.823560,143.602546
379.415431,154.823560,143.618216
379.415503,154.823560,143.618314
379.415574,154.823560,143.621026
379.415645,154.823560,143.621987
379.415708,154.823560,143.625792
379.415777,154.823560,143.627261
379.415873,154.823560,143.627878
379.415922,154.823560,125.745763
379.415952,154.823560,143.629798
379.416039,154.823560,143.632096
379.416086,154.823560,143.642336
379.416144,154.823560,143.643098
379.416358,154.823560,143.644427
379.416416,154.823560,143.649402
379.416479,154.823560,143.649702
379.416535,154.823560,143.651118
379.416585,154.823560,143.653557
379.416640,154.823560,143.657074
379.416684,154.823560,143.662010
379.416749,154.823560,143.664765
379.416799,154.823560,143.667149
379.416956,154.823560,143.671584
379.417011,154.823560,143.672805
379.417047,154.823560,127.576534
379.417076,154.823560,143.674976
379.417120,154.823560,143.677195
379.417181,154.823560,143.677267
379.417226,154.823560,143.681861
379.417270,154.823560,143.682014
379.417320,154.823560,143.683774
379.417412,154.823560,143.685883
379.417461,154.823560,143.694643
379.417502,154.823560,143.697835
379.417573,154.823560,143.699600
379.417636,154.823560,143.713272
379.417705,154.823560,143.716717
379.417765,154.823560,143.717152
379.417810,154.823560,143.720893
379.417891,154.823560,143.721571
379.417957,154.823560,143.734458
379.417996,154.823560,143.734621
379.418033,154.823560,143.734701
379.418098,154.823560,143.735442
379.418145,154.823560,143.735875
379.418233,154.823560,143.738198
379.418314,154.823560,143.740512
379.418357,154.823560,143.743699
379.418414,154.823560,143.744710
379.418527,154.823560,143.745429
379.418567,154.823560,143.746626
379.418648,154.823560,143.747450
379.418684,154.823560,143.753822
379.418740,154.823560,143.756843
379.418788,154.823560,143.757459
379.418842,154.823560,143.757659
379.418884,154.823560,143.759070
379.418936,154.823560,143.759547
379.418988,154.823560,143.760787
379.419032,154.823560,143.762517
379.419120,154.823560,143.762576
379.419165,154.823560,143.765290
379.419215,154.823560,143.766467
379.419260,154.823560,143.766933
379.419305,154.823560,143.767667
379.419344,154.823560,143.768325
379.419445,154.823560,143.768659
379.419690,154.823560,143.779904
379.419802,154.823560,143.780475
379.419864,154.823560,143.781325
379.419922,154.823560,143.781931
379.419967,154.823560,143.784622
379.420007,154.823560,143.786859
379.420066,154.823560,143.790323
379.420112,154.823560,143.790656
379.420232,154.823560,143.792093
379.420280,154.823560,143.792240
379.420323,154.823560,143.792531
379.420379,154.823560,143.793917
379.420427,154.823560,143.793954
379.420520,154.823560,143.794541
379.420581,154.823560,143.797114
379.420620,154.823560,143.797478
379.420678,154.823560,143.798382
379.420723,154.823560,143.799944
379.420758,154.823560,143.800298
379.420845,154.823560,143.801811
379.420906,154.823560,143.802034
379.420968,154.823560,143.803362
379.421019,154.823560,143.805600
379.421128,154.823560,143.806909
379.421168,154.823560,143.807851
379.421216,154.823560,143.808891
379.421291,154.823560,143.812352
379.421337,154.823560,143.813642
379.421382,154.823560,143.815206
379.421453,154.823560,143.815912
379.421521,154.823560,127.675350
379.421553,154.823560,132.650506
379.421582,154.823560,132.771032
379.421626,154.823560,134.396632
379.421659,154.823560,141.186712
379.421691,154.823560,143.816944
379.421769,154.823560,143.822347
379.421845,154.823560,143.823941
379.421895,154.823560,143.824024
379.421939,154.823560,143.824638
379.422065,154.823560,143.825851
379.422112,154.823560,143.829658
379.422159,154.823560,143.830434
379.422220,154.823560,143.833381
379.422276,154.823560,143.837400
379.422399,154.823560,143.839334
379.422444,154.823560,143.851056
379.422510,154.823560,132.602294
379.422542,154.823560,137.518965
379.422584,154.823560,137.960285
379.422613,154.823560,143.853760
379.422665,154.823560,143.858234
379.422728,154.823560,143.862214
379.422820,154.823560,143.862888
379.422870,154.823560,142.293875
379.422902,154.823560,143.862893
379.422963,154.823560,143.873339
379.423022,154.823560,143.873890
379.423060,154.823560,138.202464
379.423089,154.823560,143.879038
379.423134,154.823560,143.881312
379.423222,154.823560,143.887442
379.423260,154.823560,141.041176
379.423288,154.823560,143.889882
379.423346,154.823560,143.893275
379.423396,154.823560,143.900832
379.423448,154.823560,143.901834
379.423563,154.823560,132.811749
379.423594,154.823560,134.151802
379.423627,154.823560,137.728419
379.423655,154.823560,138.169739
379.423684,154.823560,141.312882
379.423738,154.823560,143.906214
379.423849,154.823560,143.908448
379.423907,154.823560,143.910581
379.423957,154.823560,143.918206
379.424032,154.823560,143.923474
379.424086,154.823560,143.924282
379.424137,154.823560,140.177776
379.424168,154.823560,143.927022
379.424225,154.823560,143.927123
379.424285,154.823560,143.932837
379.424337,154.823560,143.932944
379.424418,154.823560,143.933306
379.424460,154.823560,143.935646
379.424520,154.823560,143.936736
379.424564,154.823560,143.940352
379.424630,154.823560,143.948451
379.424698,154.823560,143.949382
379.424759,154.823560,143.950059
379.424820,154.823560,143.950611
379.424862,154.823560,143.951651
379.424923,154.823560,143.954530
379.424993,154.823560,143.954581
379.425034,154.823560,143.958973
379.425085,154.823560,143.960890
379.425130,154.823560,143.961653
379.425182,154.823560,138.277102
379.425227,154.823560,143.193773
379.425267,154.823560,143.635093
379.425305,154.823560,143.962173
379.425365,154.823560,143.966504
379.425411,154.823560,143.970643
379.425450,154.823560,143.971074
379.425526,154.823560,143.973152
379.425569,154.823560,143.973642
379.425630,154.823560,143.976829
379.425681,154.823560,143.979907
379.425736,154.823560,143.983909
379.425782,154.823560,143.985093
379.425832,154.823560,134.136331
379.425863,154.823560,139.053002
379.425892,154.823560,139.494322
379.425921,154.823560,143.985093
379.425970,154.823560,134.136331
379.426001,154.823560,139.053002
379.426030,154.823560,139.494322
379.426065,154.823560,143.987995
379.426121,154.823560,143.988966
379.426168,154.823560,143.989304
379.426224,154.823560,143.989594
379.426270,154.823560,143.993048
379.426311,154.823560,143.993312
379.426357,154.823560,143.994080
379.426397,154.823560,143.994125
379.426451,154.823560,143.999862
379.426501,154.823560,144.008640
379.426540,154.823560,144.011182
379.426587,154.823560,144.011386
379.426628,154.823560,144.017168
379.426678,154.823560,144.018987
379.426732,154.823560,144.020402
379.426778,154.823560,144.021026
379.426848,154.823560,144.023426
379.427032,154.823560,144.025946
379.427087,154.823560,144.029430
379.427143,154.823560,144.031718
379.427183,154.823560,144.033517
379.427224,154.823560,144.033771
379.427269,154.823560,144.039006
379.427313,154.823560,144.043334
379.427359,154.823560,144.045765
379.427418,154.823560,144.052603
379.427455,154.823560,144.058512
379.427492,154.823560,144.064075
379.427558,154.823560,144.064706
379.427609,154.823560,144.072592
379.427643,154.823560,144.072747
379.427690,154.823560,144.072955
379.427735,154.823560,144.073958
379.427786,154.823560,144.078832
379.427824,154.823560,144.080784
379.427860,154.823560,144.082726
379.427910,154.823560,144.083986
379.427941,154.823560,144.087392
379.427981,154.823560,144.087602
379.428030,154.823560,144.090626
379.428079,154.823560,144.103366
379.428128,154.823560,144.105549
379.428170,154.823560,144.115246
379.428219,154.823560,144.117480
379.428259,154.823560,144.118886
379.428328,154.823560,144.120894
379.428475,154.823560,144.125426
379.428512,154.823560,144.128341
379.428562,154.823560,144.132096
379.428605,154.823560,144.132701
379.428666,154.823560,130.067448
379.428711,154.823560,132.207899
379.428760,154.823560,134.530261
379.428800,154.823560,135.342141
379.428841,154.823560,138.149219
379.428872,154.823560,142.396141
379.428912,154.823560,143.028661
379.428941,154.823560,144.134498
379.428999,154.823560,144.135061
379.429043,154.823560,144.137776
379.429084,154.823560,144.138184
379.429130,154.823560,144.139554
379.429173,154.823560,143.149440
379.429202,154.823560,144.140152
379.429238,154.823560,144.140232
379.429287,154.823560,144.143848
379.429332,154.823560,144.145808
379.429391,154.823560,144.149950
379.429458,154.823560,144.155466
379.429498,154.823560,144.159789
379.429548,154.823560,144.161618
379.429648,154.823560,144.164552
379.429705,154.823560,144.166638
379.429776,154.823560,144.169957
379.429824,154.823560,144.175277
379.429870,154.823560,144.176018
379.429987,154.823560,144.176659
379.430042,154.823560,144.178581
379.430087,154.823560,144.179819
379.430120,154.823560,144.180296
379.430170,154.823560,144.183874
379.430213,154.823560,144.185926
379.430260,154.823560,144.186939
379.430316,154.823560,144.187083
379.430385,154.823560,144.187544
379.430445,154.823560,144.187906
379.430492,154.823560,144.191704
379.430538,154.823560,144.192582
379.430596,154.823560,144.194525
379.430635,154.823560,144.195557
379.430688,154.823560,144.199024
379.430745,154.823560,144.200037
379.430779,154.823560,144.201150
379.430832,154.823560,144.202938
379.430893,154.823560,130.611008
379.430924,154.823560,135.527678
379.430965,154.823560,135.968998
379.430994,154.823560,144.205067
379.431056,154.823560,144.206512
379.431140,154.823560,144.206610
379.431198,154.823560,144.207128
379.431252,154.823560,144.210530
379.431311,154.823560,144.211211
379.431372,154.823560,144.212093
379.431419,154.823560,144.219486
379.431491,154.823560,144.219877
379.431521,154.823560,144.222394
379.431563,154.823560,144.222475
379.431621,154.823560,144.225942
379.431657,154.823560,144.225960
379.431703,154.823560,144.229472
379.431750,154.823560,144.232202
379.431844,154.823560,144.232240
379.431908,154.823560,144.233966
379.431959,154.823560,144.235758
379.432005,154.823560,144.235853
379.432043,154.823560,144.237160
379.432089,154.823560,123.128611
379.432118,154.823560,124.351994
379.432149,154.823560,135.617280
379.432177,154.823560,144.238043
379.432246,154.823560,144.240821
379.432298,154.823560,144.240986
379.432356,154.823560,144.241842
379.432410,154.823560,144.249438
379.432478,154.823560,144.250512
379.432518,154.823560,144.260827
379.432563,154.823560,144.262022
379.432718,154.823560,144.263547
379.432769,154.823560,144.265230
379.432816,154.823560,144.265517
379.432859,154.823560,144.266782
379.432911,154.823560,144.267008
379.432950,154.823560,144.272069
379.433053,154.823560,144.278109
379.433103,154.823560,144.278870
379.433162,154.823560,144.281581
379.433200,154.823560,144.282976
379.433242,154.823560,144.283470
379.433287,154.823560,144.285971
379.433337,154.823560,144.289374
379.433412,154.823560,144.292094
379.433469,154.823560,144.295270
379.433514,154.823560,144.297005
379.433582,154.823560,144.298963
379.433644,154.823560,144.305413
379.433693,154.823560,144.306565
379.433776,154.823560,144.307024
379.433827,154.823560,144.309592
379.433944,154.823560,144.315962
379.433996,154.823560,144.316592
379.434049,154.823560,144.317262
379.434087,154.823560,144.317614
379.434153,154.823560,144.321059
379.434189,154.823560,144.321888
379.434233,154.823560,144.333267
379.434290,154.823560,144.338475
379.434353,154.823560,144.343352
379.434445,154.823560,144.345805
379.434486,154.823560,144.345810
379.434753,154.823560,144.346120
379.434795,154.823560,144.354666
379.434880,154.823560,144.357182
379.434926,154.823560,144.360139
379.434995,154.823560,144.362450
379.435032,154.823560,144.368568
379.435075,154.823560,144.374301
379.435133,154.823560,144.374533
379.435219,154.823560,144.376581
379.435275,154.823560,144.378408
379.435341,154.823560,144.383286
379.435386,154.823560,144.385010
379.435431,154.823560,144.385075
379.435471,154.823560,144.385610
379.435514,154.823560,144.389230
379.435631,154.823560,144.396205
379.435676,154.823560,144.399062
379.435753,154.823560,144.402950
379.435808,154.823560,144.405696
379.435901,154.823560,144.405864
379.435971,154.823560,144.406131
379.436016,154.823560,144.406648
379.436059,154.823560,144.408454
379.436106,154.823560,144.408987
379.436159,154.823560,144.410704
379.436204,154.823560,144.414627
379.436246,154.823560,144.416274
379.436293,154.823560,144.418064
379.436365,154.823560,144.420512
379.436417,154.823560,144.420643
379.436472,154.823560,144.423488
379.436516,154.823560,144.424274
379.436590,154.823560,144.424518
379.436629,154.823560,144.424574
379.436773,154.823560,144.428450
379.436819,154.823560,113.176550
379.436858,154.823560,144.429629
379.436906,154.823560,144.429712
379.436975,154.823560,144.432978
379.437011,154.823560,144.434019
379.437054,154.823560,144.434149
379.437105,154.823560,144.435723
379.437179,154.823560,144.441490
379.437222,154.823560,144.445974
379.437274,154.823560,144.446934
379.437326,154.823560,144.453032
379.437373,154.823560,144.460544
379.437431,154.823560,144.463307
379.437490,154.823560,144.465184
379.437536,154.823560,144.466878
379.437593,154.823560,144.468674
379.437663,154.823560,144.469606
379.437731,154.823560,144.474104
379.437768,154.823560,141.700026
379.437796,154.823560,144.474566
379.437831,154.823560,144.474832
379.437879,154.823560,144.474837
379.437923,154.823560,144.475472
379.437997,154.823560,144.478274
379.438054,154.823560,144.478387
379.438116,154.823560,144.481099
379.438172,154.823560,144.484032
379.438213,154.823560,144.484134
379.438267,154.823560,144.485118
379.438312,154.823560,144.485922
379.438361,154.823560,144.492114
379.438406,154.823560,144.492746
379.438458,154.823560,144.495376
379.438514,154.823560,144.507309
379.438555,154.823560,144.507909
379.438609,154.823560,144.515760
379.438667,154.823560,144.518965
379.438731,154.823560,144.520152
379.438773,154.823560,144.520571
379.438828,154.823560,144.520602
379.438884,154.823560,144.524320
379.438936,154.823560,144.524736
379.438969,154.823560,144.525854
379.439005,154.823560,139.009362
379.439034,154.823560,144.530243
379.439075,154.823560,144.530960
379.439142,154.823560,144.531158
379.439201,154.823560,144.531450
379.439254,154.823560,144.531957
379.439294,154.823560,144.532290
379.439342,154.823560,144.534694
379.439416,154.823560,144.537125
379.439474,154.823560,144.539008
379.439561,154.823560,144.540826
379.439607,154.823560,144.541723
379.439674,154.823560,144.545499
379.439728,154.823560,144.547670
379.439776,154.823560,144.549480
379.439835,154.823560,144.557446
379.439980,154.823560,144.558131
379.440022,154.823560,144.558946
379.440087,154.823560,144.561862
379.440243,154.823560,144.564886
379.440288,154.823560,144.568472
379.440349,154.823560,144.574048
379.440396,154.823560,144.578611
379.440449,154.823560,144.578651
379.440495,154.823560,144.580360
379.440568,154.823560,144.582256
379.440602,154.823560,144.587886
379.440651,154.823560,144.587915
379.440701,154.823560,144.590384
379.440746,154.823560,144.592194
379.440824,154.823560,144.592299
379.440892,154.823560,144.592470
379.440946,154.823560,144.594482
379.441048,154.823560,144.594784
379.441099,154.823560,144.599389
379.441162,154.823560,144.600970
379.441207,154.823560,144.601088
379.441259,154.823560,144.601936
379.441301,154.823560,144.602517
379.441348,154.823560,144.602630
379.441415,154.823560,144.605392
379.441449,154.823560,137.361741
379.441478,154.823560,144.608272
379.441533,154.823560,144.608278
379.441602,154.823560,144.608864
379.441696,154.823560,144.610019
379.441781,154.823560,144.611800
379.441865,154.823560,144.612318
379.441919,154.823560,144.617624
379.441965,154.823560,144.618466
379.442002,154.823560,144.621771
379.442040,154.823560,144.623088
379.442091,154.823560,144.625208
379.442132,154.823560,144.626029
379.442178,154.823560,144.626139
379.442218,154.823560,144.628339
379.442266,154.823560,144.630486
379.442322,154.823560,144.630994
379.442398,154.823560,144.636064
379.442454,154.823560,144.637422
379.442531,154.823560,144.642714
379.442563,154.823560,144.644197
379.442608,154.823560,144.645971
379.442662,154.823560,144.646958
379.442714,154.823560,144.650258
379.442770,154.823560,144.650669
379.442807,154.823560,144.652392
379.442851,154.823560,144.653834
379.442899,154.823560,144.654304
379.442938,154.823560,144.655058
379.443009,154.823560,144.657346
379.443059,154.823560,144.658032
379.443107,154.823560,144.660686
379.443160,154.823560,144.661634
379.443330,154.823560,144.663574
379.443515,154.823560,144.671525
379.443561,154.823560,144.674109
379.443612,154.823560,144.674914
379.443664,154.823560,144.677173
379.443708,154.823560,144.684504
379.443751,154.823560,144.685846
379.443783,154.823560,144.688349
379.443832,154.823560,144.693205
379.443877,154.823560,144.695414
379.443930,154.823560,144.696734
379.443977,154.823560,144.707888
379.444066,154.823560,144.710048
379.444108,154.823560,144.710510
379.444153,154.823560,144.714360
379.444209,154.823560,144.715386
379.444247,154.823560,144.715440
379.444308,154.823560,144.718302
379.444370,154.823560,144.719842
379.444413,154.823560,141.510016
379.444441,154.823560,144.720374
379.444517,154.823560,144.722408
379.444660,154.823560,144.724085
379.444710,154.823560,144.724712
379.444754,154.823560,144.727354
379.444795,154.823560,144.728043
379.444838,154.823560,144.740043
379.444887,154.823560,144.745856
379.444926,154.823560,144.747166
379.444977,154.823560,144.748067
379.445020,154.823560,144.748576
379.445086,154.823560,144.751888
379.445176,154.823560,144.755464
379.445213,154.823560,144.759371
379.445245,154.823560,132.644768
379.445275,154.823560,144.759563
379.445317,154.823560,144.763390
379.445396,154.823560,144.770368
379.445476,154.823560,144.772797
379.445531,154.823560,144.774088
379.445584,154.823560,144.775970
379.445641,154.823560,144.779576
379.445693,154.823560,144.780960
379.445736,154.823560,144.781181
379.445785,154.823560,144.786714
379.445834,154.823560,144.788782
379.445918,154.823560,144.790200
379.445974,154.823560,144.790606
379.446013,154.823560,144.791046
379.446078,154.823560,144.795056
379.446133,154.823560,144.795072
379.446193,154.823560,144.795312
379.446248,154.823560,144.795733
379.446290,154.823560,144.798240
379.446335,154.823560,144.800027
379.446478,154.823560,144.801307
379.446521,154.823560,144.801811
379.446565,154.823560,144.806146
379.446612,154.823560,144.807090
379.446663,154.823560,144.813168
379.446718,154.823560,144.814899
379.446753,154.823560,144.816722
379.446818,154.823560,144.819872
379.446870,154.823560,144.820512
379.446924,154.823560,144.822344
379.446979,154.823560,144.822938
379.447016,154.823560,144.825581
379.447071,154.823560,144.826814
379.447128,154.823560,144.827402
379.447181,154.823560,144.828016
379.447236,154.823560,144.830845
379.447289,154.823560,144.837106
379.447327,154.823560,138.447576
379.447355,154.823560,144.839798
379.447407,154.823560,144.842285
379.447462,154.823560,144.845539
379.447514,154.823560,144.848846
379.447563,154.823560,144.853424
379.447627,154.823560,144.856630
379.447682,154.823560,144.857426
379.447752,154.823560,144.858560
379.447807,154.823560,144.863630
379.447851,154.823560,144.863744
379.447903,154.823560,144.866205
379.447961,154.823560,144.869710
379.448004,154.823560,144.870366
379.448073,154.823560,144.873858
379.448137,154.823560,144.875482
379.448177,154.823560,144.879725
379.448233,154.823560,144.882997
379.448284,154.823560,144.886562
379.448338,154.823560,144.889715
379.448390,154.823560,144.892443
379.448459,154.823560,144.894280
379.448512,154.823560,144.901224
379.448564,154.823560,144.908517
379.448615,154.823560,144.910392
379.448663,154.823560,144.918611
379.448705,154.823560,144.920938
379.448761,154.823560,144.926064
379.448830,154.823560,144.926451
379.448887,154.823560,144.939102
379.448965,154.823560,144.949064
379.449017,154.823560,144.949229
379.449059,154.823560,144.951950
379.449104,154.823560,144.956144
379.449149,154.823560,144.956182
379.449222,154.823560,144.957309
379.449270,154.823560,144.957498
379.449325,154.823560,144.957632
379.449377,154.823560,144.958619
379.449423,154.823560,144.966758
379.449468,154.823560,144.967242
379.449616,154.823560,144.968336
379.449669,154.823560,144.968402
379.449703,154.823560,144.969211
379.449737,154.823560,144.970530
379.449839,154.823560,144.976736
379.449894,154.823560,144.978421
379.449930,154.823560,144.991824
379.449982,154.823560,144.993122
379.450017,154.823560,145.009707
379.450100,154.823560,145.009888
379.450139,154.823560,145.010090
379.450179,154.823560,145.013174
379.450234,154.823560,145.013581
379.450292,154.823560,145.015960
379.450327,154.823560,145.019141
379.450378,154.823560,145.025334
379.450423,154.823560,123.590368
379.450452,154.823560,145.025493
379.450485,154.823560,145.027581
379.450542,154.823560,145.029470
379.450592,154.823560,145.029830
379.450649,154.823560,145.030886
379.450708,154.823560,145.031701
379.450783,154.823560,145.032256
379.450850,154.823560,145.032848
379.450900,154.823560,145.032856
379.450970,154.823560,145.034056
379.451009,154.823560,145.036026
379.451047,154.823560,145.037955
379.451121,154.823560,145.040450
379.451184,154.823560,145.044654
379.451232,154.823560,145.046824
379.451298,154.823560,145.049562
379.451392,154.823560,145.051992
379.451430,154.823560,145.052186
379.451483,154.823560,145.054304
379.451570,154.823560,145.054587
379.451630,154.823560,145.056200
379.451666,154.823560,145.056653
379.451702,154.823560,145.059576
379.451767,154.823560,145.060064
379.451821,154.823560,145.068238
379.451863,154.823560,143.338435
379.451891,154.823560,145.072592
379.451933,154.823560,145.075378
379.451983,154.823560,145.089675
379.452026,154.823560,145.090893
379.452087,154.823560,145.091266
379.452136,154.823560,134.342080
379.452164,154.823560,145.091266
379.452213,154.823560,134.342080
379.452241,154.823560,145.091411
379.452285,154.823560,145.092072
379.452341,154.823560,145.094446
379.452373,154.823560,145.095515
379.452437,154.823560,145.097022
379.452480,154.823560,145.100518
379.452514,154.823560,128.976493
379.452548,154.823560,145.100606
379.452665,154.823560,145.102853
379.452734,154.823560,145.103774
379.452794,154.823560,145.107992
379.452834,154.823560,145.110904
379.452869,154.823560,145.115429
379.452925,154.823560,145.116122
379.452969,154.823560,145.116598
379.453032,154.823560,145.120358
379.453149,154.823560,145.121264
379.453199,154.823560,145.124088
379.453240,154.823560,145.127254
379.453278,154.823560,145.130315
379.453351,154.823560,145.132227
379.453407,154.823560,145.132666
379.453453,154.823560,145.133320
379.453487,154.823560,145.133427
379.453550,154.823560,145.135301
379.453595,154.823560,145.135883
379.453635,154.823560,145.147610
379.453674,154.823560,145.152211
379.453756,154.823560,145.152606
379.453800,154.823560,145.152973
379.453856,154.823560,145.155680
379.453899,154.823560,145.163034
379.453956,154.823560,145.168614
379.454003,154.823560,138.427810
379.454034,154.823560,143.344480
379.454061,154.823560,143.785800
379.454089,154.823560,145.170726
379.454136,154.823560,145.171045
379.454174,154.823560,145.171594
379.454212,154.823560,145.173589
379.454258,154.823560,145.173614
379.454339,154.823560,145.174792
379.454398,154.823560,145.175406
379.454491,154.823560,145.176302
379.454560,154.823560,145.186592
379.454595,154.823560,145.188350
379.454649,154.823560,145.191616
379.454723,154.823560,145.193205
379.454798,154.823560,145.193368
379.454856,154.823560,145.197003
379.454916,154.823560,145.197082
379.454984,154.823560,145.198642
379.455050,154.823560,145.198806
379.455103,154.823560,145.200806
379.455142,154.823560,145.202939
379.455201,154.823560,145.205176
379.455263,154.823560,145.211136
379.455318,154.823560,145.212317
379.455373,154.823560,145.222106
379.455416,154.823560,145.223395
379.455473,154.823560,145.223971
379.455626,154.823560,145.224082
379.455673,154.823560,145.228966
379.455877,154.823560,145.229072
379.455937,154.823560,139.636890
379.455965,154.823560,145.232146
379.456010,154.823560,145.236376
379.456053,154.823560,145.237355
379.456104,154.823560,145.239072
379.456148,154.823560,145.240614
379.456210,154.823560,145.244661
379.456253,154.823560,145.244685
379.456298,154.823560,145.248154
379.456344,154.823560,145.248661
379.456413,154.823560,145.251538
379.456480,154.823560,145.254622
379.456513,154.823560,145.259973
379.456560,154.823560,145.260270
379.456595,154.823560,145.261077
379.456652,154.823560,145.261246
379.456691,154.823560,145.261330
379.456775,154.823560,145.262021
379.456836,154.823560,130.831133
379.456866,154.823560,133.994536
379.456898,154.823560,134.849626
379.456926,154.823560,136.105826
379.456966,154.823560,139.683256
379.456997,154.823560,143.920883
379.457045,154.823560,144.182778
379.457073,154.823560,144.371498
379.457101,154.823560,145.262021
379.457156,154.823560,130.831133
379.457186,154.823560,133.994536
379.457218,154.823560,134.849626
379.457246,154.823560,136.105826
379.457283,154.823560,139.683256
379.457313,154.823560,143.920883
379.457359,154.823560,144.182778
379.457387,154.823560,144.371498
379.457415,154.823560,145.264872
379.457462,154.823560,145.265034
379.457493,154.823560,145.267266
379.457551,154.823560,145.268317
379.457599,154.823560,145.268960
379.457634,154.823560,145.279069
379.457671,154.823560,145.282270
379.457725,154.823560,145.282677
379.457863,154.823560,145.282699
379.457916,154.823560,145.282922
379.457958,154.823560,145.285120
379.458014,154.823560,145.287666
379.458096,154.823560,145.290438
379.458152,154.823560,145.291112
379.458183,154.823560,145.291648
379.458233,154.823560,145.294389
379.458274,154.823560,145.296450
379.458328,154.823560,145.300058
379.458367,154.823560,145.301078
379.458419,154.823560,145.303837
379.458472,154.823560,145.304282
379.458521,154.823560,145.304544
379.458559,154.823560,145.307461
379.458604,154.823560,145.308352
379.458655,154.823560,145.311222
379.458709,154.823560,145.314240
379.458753,154.823560,145.318824
379.458808,154.823560,145.319952
379.458859,154.823560,145.321005
379.458897,154.823560,145.323237
379.458942,154.823560,137.334362
379.458981,154.823560,145.325971
379.459032,154.823560,145.328090
379.459083,154.823560,145.335254
379.459125,154.823560,145.335683
379.459166,154.823560,145.336264
379.459216,154.823560,145.338664
379.459254,154.823560,145.339174
379.459289,154.823560,145.339856
379.459342,154.823560,145.339973
379.459398,154.823560,145.341448
379.459440,154.823560,145.344363
379.459474,154.823560,145.347248
379.459549,154.823560,145.347638
379.459580,154.823560,145.350723
379.459633,154.823560,145.356576
379.459676,154.823560,145.357602
379.459744,154.823560,145.361504
379.459784,154.823560,145.362152
379.459828,154.823560,145.362720
379.459888,154.823560,145.364432
379.459951,154.823560,145.368442
379.460003,154.823560,145.369552
379.460066,154.823560,143.246094
379.460108,154.823560,145.373882
379.460150,154.823560,145.376635
379.460186,154.823560,145.377963
379.460231,154.823560,145.379003
379.460270,154.823560,145.380146
379.460303,154.823560,145.380424
379.460355,154.823560,145.382080
379.460403,154.823560,145.389219
379.460490,154.823560,145.391210
379.460547,154.823560,145.396430
379.460577,154.823560,145.398619
379.460619,154.823560,145.398766
379.460686,154.823560,145.398850
379.460741,154.823560,145.399146
379.460812,154.823560,145.406616
379.460859,154.823560,145.412390
379.460899,154.823560,145.419914
379.460934,154.823560,145.421618
379.460976,154.823560,145.423146
379.461048,154.823560,145.423152
379.461082,154.823560,145.425890
379.461118,154.823560,145.432544
379.461182,154.823560,145.436656
379.461223,154.823560,145.437867
379.461279,154.823560,145.439098
379.461322,154.823560,145.444016
379.461380,154.823560,145.447707
379.461464,154.823560,145.450635
379.461511,154.823560,145.452622
379.461548,154.823560,145.453160
379.461617,154.823560,145.453576
379.461658,154.823560,145.456341
379.461711,154.823560,145.457338
379.461781,154.823560,145.457474
379.461836,154.823560,145.458307
379.461894,154.823560,145.460792
379.461948,154.823560,145.461704
379.462006,154.823560,145.464877
379.462041,154.823560,145.468336
379.462083,154.823560,145.470326
379.462143,154.823560,145.471570
379.462178,154.823560,145.475010
379.462264,154.823560,145.475754
379.462307,154.823560,145.476144
379.462369,154.823560,145.476488
379.462420,154.823560,145.476554
379.462479,154.823560,145.476598
379.462534,154.823560,145.477662
379.462613,154.823560,145.481635
379.462664,154.823560,145.482419
379.462720,154.823560,145.484187
379.462780,154.823560,145.490042
379.462822,154.823560,145.494093
379.462861,154.823560,145.494258
379.462911,154.823560,145.494446
379.462984,154.823560,145.494845
379.463030,154.823560,145.495006
379.463067,154.823560,141.288605
379.463095,154.823560,145.495414
379.463146,154.823560,145.500104
379.463233,154.823560,145.500608
379.463283,154.823560,145.501563
379.463348,154.823560,145.503792
379.463396,154.823560,145.250795
379.463436,154.823560,145.505051
379.463507,154.823560,145.507347
379.463551,154.823560,145.507502
379.463693,154.823560,145.508843
379.463748,154.823560,145.509261
379.463817,154.823560,145.510006
379.463855,154.823560,145.512474
379.463898,154.823560,145.512872
379.463940,154.823560,145.515171
379.464023,154.823560,145.523274
379.464067,154.823560,145.535766
379.464099,154.823560,145.538216
379.464164,154.823560,145.538235
379.464211,154.823560,145.543910
379.464269,154.823560,145.547400
379.464302,154.823560,145.551280
379.464335,154.823560,145.552102
379.464465,154.823560,145.558118
379.464519,154.823560,145.562874
379.464562,154.823560,145.564288
379.464597,154.823560,145.565704
379.464654,154.823560,145.566280
379.464704,154.823560,145.567821
379.464759,154.823560,145.568411
379.464806,154.823560,145.569622
379.464878,154.823560,145.570446
379.464916,154.823560,145.571637
379.464971,154.823560,145.577155
379.465126,154.823560,145.577843
379.465178,154.823560,145.580642
379.465239,154.823560,145.581054
379.465277,154.823560,145.583682
379.465328,154.823560,145.584698
379.465365,154.823560,145.586125
379.465427,154.823560,145.587810
379.465467,154.823560,137.727950
379.465494,154.823560,143.146794
379.465527,154.823560,145.587810
379.465566,154.823560,137.727950
379.465593,154.823560,143.146794
379.465625,154.823560,145.591344
379.465662,154.823560,145.592219
379.465699,154.823560,145.594160
379.465766,154.823560,145.595755
379.465814,154.823560,145.597274
379.465863,154.823560,145.598982
379.465923,154.823560,145.601322
379.465993,154.823560,145.607648
379.466049,154.823560,145.608470
379.466107,154.823560,145.609856
379.466158,154.823560,145.614416
379.466197,154.823560,145.614453
379.466264,154.823560,145.616565
379.466320,154.823560,145.617624
379.466373,154.823560,145.619544
379.466420,154.823560,145.621018
379.466457,154.823560,145.621478
379.466520,154.823560,145.622931
379.466765,154.823560,145.625250
379.466817,154.823560,145.625402
379.466916,154.823560,145.625866
379.466957,154.823560,145.627480
379.467019,154.823560,145.627851
379.467066,154.823560,145.628114
379.467107,154.823560,145.630514
379.467147,154.823560,145.632171
379.467180,154.823560,145.633973
379.467234,154.823560,145.641016
379.467290,154.823560,145.641261
379.467354,154.823560,145.641914
379.467398,154.823560,145.643568
379.467456,154.823560,145.645757
379.467493,154.823560,145.645971
379.467531,154.823560,145.654120
379.467573,154.823560,145.654192
379.467639,154.823560,145.668664
379.467696,154.823560,145.670173
379.467743,154.823560,145.673456
379.467802,154.823560,145.673614
379.467861,154.823560,145.675547
379.467952,154.823560,145.679616
379.468066,154.823560,145.679701
379.468141,154.823560,145.679763
379.468177,154.823560,145.683826
379.468210,154.823560,145.684600
379.468248,154.823560,145.688296
379.468295,154.823560,145.690077
379.468339,154.823560,145.692784
379.468387,154.823560,145.694040
379.468439,154.823560,145.694603
379.468493,154.823560,145.695072
379.468535,154.823560,145.696392
379.468586,154.823560,145.702618
379.468646,154.823560,145.708518
379.468698,154.823560,145.710000
379.468739,154.823560,145.711134
379.468879,154.823560,145.712378
379.468922,154.823560,145.713174
379.468959,154.823560,145.713581
379.469006,154.823560,145.714077
379.469083,154.823560,145.717243
379.469172,154.823560,145.719531
379.469227,154.823560,145.721272
379.469267,154.823560,145.722464
379.469310,154.823560,145.726536
379.469349,154.823560,145.727118
379.469396,154.823560,145.727770
379.469470,154.823560,145.729402
379.469512,154.823560,145.733621
379.469570,154.823560,145.737294
379.469617,154.823560,145.738461
379.469657,154.823560,145.738992
379.469697,154.823560,145.740190
379.469752,154.823560,145.743123
379.469800,154.823560,145.744334
379.469847,154.823560,136.842042
379.469874,154.823560,145.744334
379.469919,154.823560,136.842042
379.469947,154.823560,145.745504
379.470005,154.823560,145.746310
379.470053,154.823560,139.817944
379.470093,154.823560,145.746390
379.470137,154.823560,145.751950
379.470288,154.823560,145.759547
379.470367,154.823560,145.759829
379.470457,154.823560,145.761122
379.470519,154.823560,145.762544
379.470569,154.823560,145.762958
379.470638,154.823560,131.519930
379.470669,154.823560,136.436600
379.470696,154.823560,136.877920
379.470723,154.823560,145.765240
379.470779,154.823560,145.768251
379.470826,154.823560,145.772718
379.470892,154.823560,145.774112
379.470936,154.823560,145.776045
379.470987,154.823560,145.779117
379.471068,154.823560,145.780438
379.471134,154.823560,145.784011
379.471196,154.823560,145.784776
379.471254,154.823560,145.786173
379.471309,154.823560,145.788962
379.471368,154.823560,133.877853
379.471414,154.823560,137.256270
379.471454,154.823560,139.734458
379.471493,154.823560,145.791314
379.471541,154.823560,145.791754
379.471583,154.823560,145.794738
379.471633,154.823560,145.801818
379.471677,154.823560,145.803714
379.471776,154.823560,145.804259
379.471970,154.823560,145.814130
379.472015,154.823560,145.815837
379.472058,154.823560,145.816035
379.472102,154.823560,145.821960
379.472132,154.823560,145.823062
379.472180,154.823560,145.827630
379.472222,154.823560,145.830830
379.472260,154.823560,145.831381
379.472308,154.823560,145.831435
379.472351,154.823560,145.843266
379.472411,154.823560,145.845474
379.472446,154.823560,145.851776
379.472489,154.823560,145.851942
379.472618,154.823560,145.859134
379.472662,154.823560,145.868334
379.472708,154.823560,145.869082
379.472751,154.823560,145.871440
379.472861,154.823560,145.875453
379.472896,154.823560,145.875504
379.472950,154.823560,145.875984
379.473010,154.823560,145.877699
379.473054,154.823560,145.882085
379.473095,154.823560,145.882176
379.473192,154.823560,145.882955
379.473248,154.823560,145.883333
379.473300,154.823560,145.886485
379.473356,154.823560,145.887950
379.473399,154.823560,145.888432
379.473449,154.823560,145.893088
379.473494,154.823560,133.775989
379.473535,154.823560,145.897184
379.473592,154.823560,145.897245
379.473648,154.823560,145.899744
379.473689,154.823560,145.900376
379.473734,154.823560,145.903134
379.473793,154.823560,145.905859
379.473847,154.823560,145.907394
379.474003,154.823560,145.910008
379.474054,154.823560,145.922326
379.474091,154.823560,145.925856
379.474134,154.823560,145.926144
379.474177,154.823560,145.927149
379.474217,154.823560,145.928080
379.474257,154.823560,145.934400
379.474309,154.823560,145.937949
379.474361,154.823560,145.938008
379.474412,154.823560,145.938790
379.474451,154.823560,145.944454
379.474490,154.823560,145.946280
379.474550,154.823560,145.947355
379.474608,154.823560,145.949357
379.474656,154.823560,145.951534
379.474724,154.823560,145.954942
379.474781,154.823560,145.964741
379.474821,154.823560,145.971486
379.474866,154.823560,144.206202
379.474893,154.823560,145.972685
379.474950,154.823560,145.977318
379.474997,154.823560,145.982046
379.475053,154.823560,145.984270
379.475101,154.823560,145.985035
379.475162,154.823560,145.986584
379.475210,154.823560,145.989619
379.475265,154.823560,145.996390
379.475323,154.823560,145.999018
379.475356,154.823560,145.999547
379.475437,154.823560,146.000754
379.475500,154.823560,146.009544
379.475550,154.823560,146.009950
379.475608,154.823560,146.012179
379.475663,154.823560,146.015088
379.475715,154.823560,146.016578
379.475753,154.823560,146.018019
379.475800,154.823560,146.022096
379.475840,154.823560,146.027144
379.475937,154.823560,146.028250
379.475980,154.823560,146.032664
379.476022,154.823560,146.033011
379.476067,154.823560,146.033328
379.476113,154.823560,146.033539
379.476155,154.823560,146.035330
379.476239,154.823560,146.035936
379.476282,154.823560,146.036054
379.476330,154.823560,146.039203
379.476381,154.823560,146.040544
379.476464,154.823560,146.042677
379.476505,154.823560,146.042755
379.476558,154.823560,146.045555
379.476600,154.823560,146.046480
379.476638,154.823560,146.048774
379.476767,154.823560,146.050653
379.476819,154.823560,146.051424
379.476871,154.823560,146.053166
379.476937,154.823560,146.056306
379.476972,154.823560,146.056730
379.477023,154.823560,146.058766
379.477076,154.823560,146.059470
379.477121,154.823560,146.059557
379.477180,154.823560,146.061160
379.477216,154.823560,146.064098
379.477268,154.823560,146.068277
379.477326,154.823560,146.069966
379.477377,154.823560,146.071963
379.477420,154.823560,146.073267
379.477468,154.823560,146.075600
379.477504,154.823560,146.075704
379.477550,154.823560,146.076674
379.477592,154.823560,146.076955
379.477654,154.823560,146.080771
379.477706,154.823560,146.085206
379.477765,154.823560,146.086690
379.477814,154.823560,146.090056
379.477857,154.823560,146.090358
379.477900,154.823560,146.094379
379.477955,154.823560,146.095608
379.477994,154.823560,146.096018
379.478042,154.823560,146.098147
379.478098,154.823560,146.098710
379.478140,154.823560,146.099634
379.478172,154.823560,146.105574
379.478321,154.823560,146.108448
379.478408,154.823560,146.112480
379.478447,154.823560,146.112939
379.478504,154.823560,146.116165
379.478627,154.823560,146.118302
379.478683,154.823560,131.536229
379.478713,154.823560,134.457789
379.478761,154.823560,136.452899
379.478800,154.823560,136.894219
379.478827,154.823560,140.399109
379.478856,154.823560,145.315779
379.478892,154.823560,145.831651
379.478919,154.823560,146.119963
379.478956,154.823560,146.121744
379.479016,154.823560,146.122410
379.479063,154.823560,146.122922
379.479111,154.823560,146.125754
379.479186,154.823560,146.129786
379.479241,154.823560,146.130906
379.479284,154.823560,146.132926
379.479331,154.823560,146.134272
379.479380,154.823560,146.136128
379.479429,154.823560,146.138240
379.479479,154.823560,146.140046
379.479519,154.823560,146.141922
379.479558,154.823560,146.141981
379.479596,154.823560,146.145901
379.479655,154.823560,146.146854
379.479704,154.823560,146.150552
379.479736,154.823560,146.153190
379.479775,154.823560,146.153656
379.479812,154.823560,146.154811
379.479865,154.823560,146.161344
379.479922,154.823560,146.163027
379.479973,154.823560,146.163629
379.480080,154.823560,146.167032
379.480117,154.823560,146.168275
379.480184,154.823560,146.172850
379.480259,154.823560,146.175522
379.480325,154.823560,146.176438
379.480393,154.823560,146.176608
379.480432,154.823560,146.177874
379.480472,154.823560,146.177914
379.480545,154.823560,146.179576
379.480595,154.823560,146.179653
379.480633,154.823560,146.182715
379.480687,154.823560,146.183163
379.480721,154.823560,146.184032
379.480758,154.823560,146.184846
379.480815,154.823560,146.188077
379.480869,154.823560,146.188322
379.480939,154.823560,146.189872
379.480977,154.823560,146.191387
379.481010,154.823560,146.191704
379.481056,154.823560,146.193930
379.481120,154.823560,146.194502
379.481153,154.823560,146.195618
379.481188,154.823560,146.196958
379.481240,154.823560,146.198355
379.481302,154.823560,146.198662
379.481353,154.823560,146.201099
379.481403,154.823560,146.201134
379.481444,154.823560,146.201954
379.481512,154.823560,146.203549
379.481591,154.823560,146.204995
379.481628,154.823560,146.206222
379.481691,154.823560,146.206931
379.481741,154.823560,146.207658
379.481812,154.823560,146.214150
379.481860,154.823560,146.216109
379.481894,154.823560,146.217138
379.481952,154.823560,146.219790
379.482004,154.823560,146.221566
379.482041,154.823560,146.226517
379.482083,154.823560,146.228032
379.482160,154.823560,146.232219
379.482199,154.823560,146.233962
379.482237,154.823560,146.234558
379.482389,154.823560,146.236376
379.482431,154.823560,146.238032
379.482486,154.823560,146.241070
379.482538,154.823560,146.243318
379.482574,154.823560,146.249715
379.482628,154.823560,146.251054
379.482687,154.823560,146.255979
379.482744,154.823560,146.261138
379.482829,154.823560,146.263856
379.482889,154.823560,146.266102
379.482931,154.823560,140.371680
379.482958,154.823560,144.211066
379.482995,154.823560,146.266816
379.483038,154.823560,146.267976
379.483080,154.823560,135.744326
379.483107,154.823560,146.268277
379.483166,154.823560,146.268501
379.483206,154.823560,146.270374
379.483262,154.823560,146.271629
379.483307,154.823560,146.272352
379.483353,154.823560,146.272384
379.483406,154.823560,146.272789
379.483536,154.823560,146.273442
379.483588,154.823560,146.274790
379.483627,154.823560,146.276571
379.483733,154.823560,146.277155
379.483883,154.823560,146.278600
379.483923,154.823560,146.280709
379.483955,154.823560,146.280978
379.484004,154.823560,146.282304
379.484056,154.823560,146.283230
379.484099,154.823560,146.288934
379.484150,154.823560,146.292549
379.484195,154.823560,133.176056
379.484224,154.823560,137.864298
379.484251,154.823560,138.271738
379.484278,154.823560,146.293381
379.484351,154.823560,146.294038
379.484401,154.823560,146.294464
379.484448,154.823560,146.295026
379.484498,154.823560,146.295979
379.484532,154.823560,146.298182
379.484589,154.823560,146.303661
379.484632,154.823560,146.304627
379.484729,154.823560,146.307470
379.484769,154.823560,146.309370
379.484802,154.823560,146.310102
379.484882,154.823560,146.310470
379.484915,154.823560,135.496483
379.484942,154.823560,146.310550
379.484977,154.823560,146.311398
379.485031,154.823560,146.311826
379.485086,154.823560,146.312178
379.485141,154.823560,146.312258
379.485330,154.823560,146.313042
379.485375,154.823560,146.314010
379.485416,154.823560,146.316517
379.485470,154.823560,146.318226
379.485519,154.823560,146.320602
379.485552,154.823560,146.320683
379.485620,154.823560,146.320867
379.485664,154.823560,146.320966
379.485719,154.823560,146.321181
379.485787,154.823560,146.322272
379.485837,154.823560,146.322379
379.485946,154.823560,146.322709
379.486009,154.823560,146.323475
379.486055,154.823560,146.325162
379.486156,154.823560,146.325789
379.486194,154.823560,146.328826
379.486221,154.823560,146.331450
379.486306,154.823560,146.336776
379.486373,154.823560,146.337019
379.486422,154.823560,146.337339
379.486459,154.823560,146.339398
379.486507,154.823560,146.341088
379.486541,154.823560,146.343338
379.486626,154.823560,146.349384
379.486672,154.823560,142.317906
379.486712,154.823560,146.353205
379.486742,154.823560,146.357110
379.486793,154.823560,146.359786
379.486830,154.823560,146.359922
379.486872,154.823560,146.360658
379.486921,154.823560,146.366654
379.486961,154.823560,129.862453
379.486988,154.823560,136.102506
379.487017,154.823560,142.043826
379.487043,154.823560,146.366654
379.487081,154.823560,129.862453
379.487108,154.823560,136.102506
379.487137,154.823560,142.043826
379.487168,154.823560,146.369162
379.487276,154.823560,146.369350
379.487360,154.823560,146.374523
379.487421,154.823560,146.376923
379.487475,154.823560,146.378216
379.487531,154.823560,146.380502
379.487608,154.823560,146.382400
379.487688,154.823560,146.383987
379.487730,154.823560,146.389442
379.487859,154.823560,146.390667
379.487914,154.823560,146.390864
379.488023,154.823560,146.401176
379.488067,154.823560,146.402355
379.488113,154.823560,146.403115
379.488154,154.823560,146.405339
379.488212,154.823560,146.411594
379.488278,154.823560,146.411954
379.488327,154.823560,146.412456
379.488380,154.823560,146.414195
379.488420,154.823560,146.415296
379.488476,154.823560,146.415771
379.488584,154.823560,146.415962
379.488625,154.823560,146.420102
379.488701,154.823560,146.423152
379.488755,154.823560,146.424248
379.488792,154.823560,146.424774
379.488832,154.823560,146.429685
379.488880,154.823560,146.433267
379.488920,154.823560,146.435874
379.488959,154.823560,146.436026
379.488995,154.823560,146.439834
379.489062,154.823560,146.440104
379.489101,154.823560,146.442482
379.489143,154.823560,146.445915
379.489220,154.823560,146.448837
379.489267,154.823560,146.449688
379.489325,154.823560,146.453800
379.489386,154.823560,146.455542
379.489435,154.823560,146.455950
379.489484,154.823560,146.459398
379.489530,154.823560,146.461058
379.489567,154.823560,146.461806
379.489630,154.823560,146.465394
379.489668,154.823560,146.470576
379.489710,154.823560,146.470850
379.489800,154.823560,146.474926
379.489855,154.823560,146.475560
379.489917,154.823560,146.478482
379.489956,154.823560,146.479101
379.490029,154.823560,146.485346
379.490088,154.823560,146.491296
379.490129,154.823560,146.491501
379.490164,154.823560,146.491512
379.490214,154.823560,146.495056
379.490264,154.823560,146.495344
379.490311,154.823560,146.496104
379.490358,154.823560,146.498006
379.490461,154.823560,146.498653
379.490498,154.823560,146.499554
379.490561,154.823560,146.499974
379.490601,154.823560,146.500086
379.490655,154.823560,146.502498
379.490710,154.823560,146.502944
379.490763,154.823560,146.506410
379.490814,154.823560,146.508043
379.490871,154.823560,146.508602
379.490911,154.823560,146.511219
379.490960,154.823560,146.512688
379.491011,154.823560,146.513771
379.491069,154.823560,146.514640
379.491104,154.823560,146.515728
379.491145,154.823560,146.515958
379.491182,154.823560,146.520054
379.491232,154.823560,146.521106
379.491274,154.823560,146.521435
379.491317,154.823560,146.521459
379.491351,154.823560,146.521595
379.491390,154.823560,146.524667
379.491456,154.823560,146.524760
379.491504,154.823560,146.528781
379.491538,154.823560,146.532400
379.491589,154.823560,146.533509
379.491642,154.823560,146.536578
379.491692,154.823560,146.539592
379.491748,154.823560,146.543149
379.491796,154.823560,146.545533
379.491837,154.823560,146.545758
379.491882,154.823560,146.549925
379.491927,154.823560,146.553141
379.491974,154.823560,146.556168
379.492054,154.823560,146.556878
379.492153,154.823560,146.560342
379.492203,154.823560,146.560454
379.492249,154.823560,146.564805
379.492290,154.823560,146.565194
379.492328,154.823560,146.566006
379.492362,154.823560,146.567230
379.492406,154.823560,146.571048
379.492450,154.823560,146.571763
379.492533,154.823560,146.582110
379.492575,154.823560,146.586272
379.492613,154.823560,146.587915
379.492664,154.823560,146.589656
379.492719,154.823560,146.591112
379.492783,154.823560,146.593814
379.492842,154.823560,146.594482
379.492891,154.823560,146.595515
379.492942,154.823560,146.599752
379.493011,154.823560,146.600710
379.493050,154.823560,146.602546
379.493084,154.823560,146.606102
379.493131,154.823560,146.606795
379.493171,154.823560,146.607394
379.493352,154.823560,146.608778
379.493394,154.823560,146.611794
379.493440,154.823560,146.614525
379.493498,154.823560,146.614752
379.493540,154.823560,146.615758
379.493612,154.823560,146.628418
379.493661,154.823560,146.632058
379.493701,154.823560,146.636504
379.493737,154.823560,146.637427
379.493778,154.823560,146.639533
379.493809,154.823560,146.642672
379.493850,154.823560,146.643229
379.493890,154.823560,146.645138
379.493940,154.823560,146.645310
379.493996,154.823560,146.645451
379.494069,154.823560,146.654571
379.494113,154.823560,146.656634
379.494163,154.823560,146.659408
379.494246,154.823560,146.659720
379.494300,154.823560,146.663160
379.494343,154.823560,146.663510
379.494447,154.823560,146.665267
379.494501,154.823560,146.667837
379.494552,154.823560,146.670338
379.494599,154.823560,130.431634
379.494627,154.823560,135.094536
379.494658,154.823560,135.119875
379.494684,154.823560,135.527315
379.494710,154.823560,145.330178
379.494736,154.823560,145.809667
379.494763,154.823560,146.670582
379.494818,154.823560,146.673917
379.494856,154.823560,146.674117
379.494910,154.823560,146.675899
379.494951,154.823560,146.679590
379.494987,154.823560,146.680862
379.495023,154.823560,146.686240
379.495055,154.823560,146.687659
379.495100,154.823560,146.690128
379.495140,154.823560,146.699808
379.495221,154.823560,146.703680
379.495262,154.823560,146.704768
379.495302,154.823560,146.704808
379.495344,154.823560,146.705443
379.495532,154.823560,146.708099
379.495594,154.823560,146.708419
379.495658,154.823560,146.708536
379.495768,154.823560,146.714485
379.495835,154.823560,146.716299
379.495886,154.823560,139.743459
379.495925,154.823560,146.720986
379.495966,154.823560,146.721102
379.496100,154.823560,146.721765
379.496144,154.823560,146.722048
379.496183,154.823560,146.725760
379.496233,154.823560,146.726398
379.496277,154.823560,146.726542
379.496312,154.823560,146.727022
379.496353,154.823560,146.728112
379.496393,154.823560,146.733525
379.496496,154.823560,146.743808
379.496639,154.823560,146.744264
379.496681,154.823560,146.745014
379.496716,154.823560,146.745971
379.496777,154.823560,146.747666
379.496813,154.823560,146.747890
379.496871,154.823560,146.748808
379.496914,154.823560,146.751533
379.496966,154.823560,146.754277
379.497024,154.823560,136.249238
379.497068,154.823560,139.952142
379.497114,154.823560,141.236405
379.497154,154.823560,141.607229
379.497193,154.823560,146.742222
379.497223,154.823560,146.759856
379.497265,154.823560,146.761525
379.497342,154.823560,146.763462
379.497376,154.823560,146.763646
379.497427,154.823560,146.769645
379.497569,154.823560,146.772318
379.497631,154.823560,146.773754
379.497672,154.823560,146.775192
379.497766,154.823560,146.777760
379.497801,154.823560,146.777784
379.497834,154.823560,146.782603
379.497978,154.823560,146.784173
379.498022,154.823560,146.790450
379.498062,154.823560,146.301258
379.498088,154.823560,146.793926
379.498180,154.823560,146.794608
379.498240,154.823560,146.795066
379.498288,154.823560,146.797208
379.498341,154.823560,146.802282
379.498425,154.823560,146.803339
379.498501,154.823560,146.808646
379.498542,154.823560,146.809989
379.498595,154.823560,146.812437
379.498648,154.823560,146.813642
379.498699,154.823560,146.816979
379.498752,154.823560,146.819757
379.498829,154.823560,146.821165
379.498934,154.823560,146.822136
379.498968,154.823560,142.327854
379.498995,154.823560,146.824667
379.499062,154.823560,146.828126
379.499102,154.823560,132.018904
379.499128,154.823560,146.831384
379.499169,154.823560,146.831466
379.499221,154.823560,134.638651
379.499246,154.823560,139.376310
379.499269,154.823560,140.666390
379.499291,154.823560,142.455854
379.499325,154.823560,146.836427
379.499364,154.823560,146.841355
379.499436,154.823560,146.843182
379.499476,154.823560,146.843232
379.499512,154.823560,146.846390
379.499551,154.823560,138.732256
379.499576,154.823560,146.846851
379.499617,154.823560,146.849184
379.499656,154.823560,146.855218
379.499708,154.823560,146.855219
379.499762,154.823560,146.855656
379.499819,154.823560,146.860653
379.499855,154.823560,146.862192
379.499925,154.823560,122.157070
379.499977,154.823560,131.790510
379.500029,154.823560,146.862197
379.500082,154.823560,146.868912
379.500163,154.823560,146.876381
379.500251,154.823560,146.877645
379.500303,154.823560,146.878366
379.500354,154.823560,146.879610
379.500390,154.823560,133.180946
379.500416,154.823560,146.879610
379.500451,154.823560,133.180946
379.500477,154.823560,146.880411
379.500521,154.823560,146.886496
379.500561,154.823560,146.887354
379.500603,154.823560,146.888432
379.500658,154.823560,146.890067
379.500724,154.823560,146.891592
379.500776,154.823560,146.893504
379.500831,154.823560,146.893507
379.500876,154.823560,146.896310
379.500911,154.823560,146.896326
379.500952,154.823560,146.896624
379.500991,154.823560,146.898214
379.501033,154.823560,133.591845
379.501062,154.823560,138.329504
379.501088,154.823560,139.619584
379.501115,154.823560,146.898309
379.501225,154.823560,146.899024
379.501262,154.823560,146.901826
379.501299,154.823560,146.909856
379.501336,154.823560,146.910019
379.501370,154.823560,146.911032
379.501409,154.823560,146.914157
379.501446,154.823560,146.914717
379.501479,154.823560,146.915640
379.501521,154.823560,146.916818
379.501586,154.823560,146.917216
379.501634,154.823560,146.917435
379.501668,154.823560,146.920843
379.501780,154.823560,146.927162
379.501821,154.823560,146.927336
379.501917,154.823560,146.930842
379.501955,154.823560,146.931994
379.501997,154.823560,146.932914
379.502034,154.823560,146.934635
379.502071,154.823560,146.937779
379.502104,154.823560,126.137379
379.502130,154.823560,146.941794
379.502174,154.823560,146.942125
379.502229,154.823560,146.942853
379.502287,154.823560,146.943336
379.502329,154.823560,146.944526
379.502374,154.823560,146.950085
379.502419,154.823560,146.951064
379.502461,154.823560,146.951171
379.502512,154.823560,146.955042
379.502556,154.823560,146.955101
379.502600,154.823560,146.957350
379.502703,154.823560,146.959432
379.502740,154.823560,146.960642
379.502798,154.823560,146.966304
379.502855,154.823560,146.970725
379.502894,154.823560,146.975467
379.502924,154.823560,146.977325
379.502976,154.823560,146.978074
379.503028,154.823560,146.982802
379.503098,154.823560,146.983914
379.503147,154.823560,146.988826
379.503193,154.823560,146.991910
379.503227,154.823560,138.308560
379.503253,154.823560,146.992696
379.503316,154.823560,147.009627
379.503380,154.823560,147.015307
379.503431,154.823560,147.018429
379.503490,154.823560,147.020400
379.503518,154.823560,147.022112
379.503585,154.823560,147.022379
379.503624,154.823560,137.306368
379.503650,154.823560,141.100026
379.503681,154.823560,146.746784
379.503707,154.823560,147.022379
379.503756,154.823560,137.306368
379.503782,154.823560,141.100026
379.503813,154.823560,146.746784
379.503839,154.823560,147.024282
379.503868,154.823560,147.025213
379.503910,154.823560,147.025250
379.503958,154.823560,147.025973
379.504013,154.823560,147.027445
379.504068,154.823560,147.030838
379.504107,154.823560,147.033571
379.504163,154.823560,147.033995
379.504232,154.823560,147.034174
379.504283,154.823560,147.039603
379.504347,154.823560,147.039738
379.504420,154.823560,147.041390
379.504457,154.823560,147.048267
379.504495,154.823560,147.053262
379.504549,154.823560,147.053331
379.504605,154.823560,147.054982
379.504650,154.823560,147.061782
379.504686,154.823560,147.063510
379.504836,154.823560,147.064883
379.504874,154.823560,147.065464
379.504925,154.823560,147.068288
379.504979,154.823560,147.070099
379.505049,154.823560,147.070432
379.505122,154.823560,147.075358
379.505175,154.823560,135.630338
379.505204,154.823560,140.318579
379.505231,154.823560,140.726019
379.505271,154.823560,140.786179
379.505301,154.823560,147.075358
379.505351,154.823560,135.630338
379.505380,154.823560,140.318579
379.505406,154.823560,140.726019
379.505442,154.823560,140.786179
379.505473,154.823560,147.075704
379.505528,154.823560,147.077165
379.505579,154.823560,147.079096
379.505648,154.823560,147.079448
379.505686,154.823560,147.079954
379.505738,154.823560,147.080128
379.505789,154.823560,147.082245
379.505855,154.823560,147.082637
379.505886,154.823560,147.083371
379.505930,154.823560,147.083502
379.505981,154.823560,147.085763
379.506028,154.823560,147.086013
379.506066,154.823560,147.089699
379.506118,154.823560,147.089838
379.506178,154.823560,147.090354
379.506233,154.823560,147.091411
379.506281,154.823560,147.092224
379.506339,154.823560,147.092816
379.506412,154.823560,147.096669
379.506464,154.823560,147.101733
379.506498,154.823560,147.106806
379.506555,154.823560,147.110502
379.506601,154.823560,126.914941
379.506631,154.823560,127.017357
379.506657,154.823560,135.596901
379.506685,154.823560,137.732077
379.506711,154.823560,141.624640
379.506737,154.823560,142.644978
379.506769,154.823560,146.311621
379.506802,154.823560,147.110672
379.506851,154.823560,147.111720
379.506891,154.823560,147.112445
379.506936,154.823560,147.113142
379.506987,154.823560,147.118184
379.507030,154.823560,147.122288
379.507082,154.823560,147.122467
379.507118,154.823560,147.128882
379.507162,154.823560,147.132117
379.507217,154.823560,147.134459
379.507269,154.823560,147.134779
379.507322,154.823560,147.135184
379.507370,154.823560,147.137861
379.507419,154.823560,147.139712
379.507455,154.823560,147.141392
379.507499,154.823560,144.323870
379.507528,154.823560,147.146309
379.507577,154.823560,147.148709
379.507615,154.823560,147.149574
379.507680,154.823560,147.151547
379.507754,154.823560,147.152566
379.507790,154.823560,147.154587
379.507845,154.823560,147.157072
379.507896,154.823560,147.159208
379.507949,154.823560,147.161040
379.508001,154.823560,147.164080
379.508109,154.823560,147.167402
379.508158,154.823560,147.170835
379.508257,154.823560,147.171979
379.508293,154.823560,147.175707
379.508339,154.823560,147.177914
379.508396,154.823560,147.184024
379.508442,154.823560,147.184704
379.508492,154.823560,147.186299
379.508527,154.823560,147.186565
379.508566,154.823560,147.188192
379.508621,154.823560,147.191704
379.508674,154.823560,147.192925
379.508806,154.823560,147.194670
379.508860,154.823560,147.200514
379.508912,154.823560,147.201483
379.508957,154.823560,147.201949
379.509001,154.823560,147.202034
379.509052,154.823560,147.202784
379.509100,154.823560,147.202891
379.509143,154.823560,147.207723
379.509190,154.823560,147.207813
379.509273,154.823560,147.210546
379.509308,154.823560,147.213824
379.509383,154.823560,147.214835
379.509463,154.823560,147.218486
379.509541,154.823560,147.228421
379.509594,154.823560,147.228512
379.509631,154.823560,147.228947
379.509673,154.823560,147.229720
379.509727,154.823560,147.235736
379.509786,154.823560,147.241413
379.509829,154.823560,147.242078
379.509865,154.823560,147.242594
379.509949,154.823560,147.251253
379.509997,154.823560,147.254843
379.510034,154.823560,147.255094
379.510081,154.823560,147.256286
379.510130,154.823560,147.256955
379.510167,154.823560,147.258862
379.510209,154.823560,147.259531
379.510341,154.823560,147.259629
379.510403,154.823560,147.259990
379.510436,154.823560,129.455872
379.510462,154.823560,147.265776
379.510503,154.823560,147.266546
379.510551,154.823560,147.267528
379.510586,154.823560,147.269264
379.510647,154.823560,147.270448
379.510687,154.823560,147.271357
379.510731,154.823560,147.271403
379.510762,154.823560,147.272400
379.510818,154.823560,147.275942
379.510864,154.823560,147.276216
379.510920,154.823560,147.279843
379.510968,154.823560,147.280872
379.511014,154.823560,147.281579
379.511068,154.823560,147.284314
379.511120,154.823560,147.288715
379.511184,154.823560,147.290130
379.511275,154.823560,147.301216
379.511312,154.823560,147.303248
379.511351,154.823560,147.303296
379.511388,154.823560,147.304267
379.511440,154.823560,147.305474
379.511484,154.823560,147.305762
379.511525,154.823560,147.306070
379.511579,154.823560,147.306768
379.511617,154.823560,138.609882
379.511643,154.823560,147.313790
379.511672,154.823560,123.955875
379.511698,154.823560,147.315550
379.511731,154.823560,147.316326
379.511805,154.823560,147.319944
379.511865,154.823560,147.320248
379.511897,154.823560,147.324158
379.511959,154.823560,147.324392
379.512034,154.823560,147.330861
379.512070,154.823560,147.335030
379.512118,154.823560,147.337174
379.512152,154.823560,147.337730
379.512186,154.823560,147.341566
379.512306,154.823560,147.341779
379.512362,154.823560,147.342397
379.512418,154.823560,147.343008
379.512452,154.823560,147.344654
379.512519,154.823560,147.345227
379.512576,154.823560,147.347950
379.512623,154.823560,147.352083
379.512673,154.823560,147.352224
379.512739,154.823560,147.355678
379.512787,154.823560,147.356715
379.512832,154.823560,147.357395
379.512975,154.823560,147.357472
379.513013,154.823560,147.358682
379.513198,154.823560,147.359120
379.513261,154.823560,147.361066
379.513311,154.823560,147.364752
379.513344,154.823560,147.365502
379.513372,154.823560,147.365646
379.513418,154.823560,147.365728
379.513515,154.823560,147.367682
379.513570,154.823560,147.368144
379.513603,154.823560,147.372042
379.513664,154.823560,147.373610
379.513704,154.823560,147.373664
379.513741,154.823560,147.375328
379.513813,154.823560,147.375552
379.513844,154.823560,147.376642
379.513897,154.823560,135.750126
379.513935,154.823560,147.378106
379.513974,154.823560,147.382109
379.514032,154.823560,147.384454
379.514072,154.823560,133.616600
379.514098,154.823560,147.384454
379.514137,154.823560,133.616600
379.514163,154.823560,147.385440
379.514229,154.823560,147.386779
379.514286,154.823560,147.387538
379.514334,154.823560,147.390704
379.514374,154.823560,147.393347
379.514417,154.823560,147.394771
379.514473,154.823560,147.395010
379.514536,154.823560,147.395021
379.514582,154.823560,147.395184
379.514639,154.823560,147.395954
379.514677,154.823560,147.400846
379.514729,154.823560,147.402746
379.514776,154.823560,147.405664
379.514831,154.823560,147.409950
379.514869,154.823560,147.412326
379.514917,154.823560,147.416605
379.514953,154.823560,147.417909
379.514995,154.823560,147.418421
379.515045,154.823560,147.418619
379.515072,154.823560,147.419693
379.515114,154.823560,147.420838
379.515149,154.823560,147.422042
379.515185,154.823560,147.422378
379.515251,154.823560,147.423960
379.515301,154.823560,147.429602
379.515329,154.823560,147.432416
379.515369,154.823560,147.432862
379.515425,154.823560,147.434136
379.515469,154.823560,147.434368
379.515498,154.823560,147.435094
379.515588,154.823560,147.436934
379.515643,154.823560,147.440805
379.515695,154.823560,147.443314
379.515742,154.823560,147.444883
379.515786,154.823560,147.444933
379.515835,154.823560,147.445258
379.515872,154.823560,147.449288
379.515911,154.823560,147.458075
379.516001,154.823560,147.459845
379.516041,154.823560,147.464154
379.516081,154.823560,147.471104
379.516119,154.823560,147.472982
379.516171,154.823560,147.473037
379.516207,154.823560,147.475630
379.516258,154.823560,147.478387
379.516371,154.823560,147.478813
379.516424,154.823560,147.485648
379.516490,154.823560,147.485659
379.516534,154.823560,147.487930
379.516569,154.823560,147.490984
379.516604,154.823560,147.491979
379.516640,154.823560,147.493269
379.516710,154.823560,147.496123
379.516775,154.823560,147.497472
379.516827,154.823560,147.500002
379.516877,154.823560,147.500283
379.516916,154.823560,147.502472
379.517000,154.823560,147.502790
379.517051,154.823560,147.507264
379.517085,154.823560,147.508850
379.517122,154.823560,147.511829
379.517157,154.823560,147.514778
379.517211,154.823560,147.515866
379.517254,154.823560,147.529648
379.517333,154.823560,147.530330
379.517368,154.823560,147.532730
379.517407,154.823560,147.536838
379.517443,154.823560,147.540192
379.517512,154.823560,147.541150
379.517559,154.823560,147.549488
379.517600,154.823560,147.549899
379.517650,154.823560,147.551424
379.517690,154.823560,147.552256
379.517737,154.823560,147.552438
379.517771,154.823560,147.554346
379.517806,154.823560,147.556856
379.517859,154.823560,147.557296
379.517898,154.823560,147.557434
379.517930,154.823560,145.232600
379.517956,154.823560,147.557517
379.517987,154.823560,147.558456
379.518049,154.823560,147.560158
379.518112,154.823560,147.561120
379.518154,154.823560,147.561709
379.518194,154.823560,147.576259
379.518254,154.823560,147.576666
379.518301,154.823560,147.579014
379.518354,154.823560,147.584002
379.518417,154.823560,147.584211
379.518467,154.823560,147.590971
379.518516,154.823560,147.591370
379.518570,154.823560,147.594482
379.518603,154.823560,147.596784
379.518707,154.823560,147.598165
379.518748,154.823560,147.599608
379.518780,154.823560,147.601149
379.518822,154.823560,147.605776
379.518873,154.823560,147.606379
379.518915,154.823560,147.609261
379.518970,154.823560,147.615421
379.519025,154.823560,129.450168
379.519066,154.823560,131.590619
379.519112,154.823560,133.912981
379.519148,154.823560,134.724861
379.519186,154.823560,141.778861
379.519223,154.823560,143.031939
379.519248,154.823560,145.788059
379.519295,154.823560,147.615517
379.519349,154.823560,147.615816
379.519406,154.823560,147.619832
379.519445,154.823560,147.623450
379.519535,154.823560,147.626778
379.519569,154.823560,147.628296
379.519606,154.823560,147.634541
379.519642,154.823560,147.635861
379.519689,154.823560,147.636658
379.519749,154.823560,147.636661
379.519822,154.823560,147.638254
379.519876,154.823560,129.504510
379.519915,154.823560,135.474106
379.519940,154.823560,137.093368
379.519965,154.823560,144.898746
379.519993,154.823560,147.638758
379.520044,154.823560,147.639618
379.520098,154.823560,147.641406
379.520217,154.823560,147.644570
379.520255,154.823560,147.644725
379.520291,154.823560,147.647683
379.520344,154.823560,147.651866
379.520380,154.823560,147.656992
379.520462,154.823560,147.661782
379.520528,154.823560,147.664795
379.520569,154.823560,147.667074
379.520619,154.823560,147.671592
379.520660,154.823560,147.677552
379.520697,154.823560,147.682466
379.520745,154.823560,147.687029
379.520801,154.823560,147.692525
379.520843,154.823560,147.692573
379.520895,154.823560,147.692712
379.520947,154.823560,147.694997
379.521001,154.823560,133.211229
379.521029,154.823560,138.127899
379.521055,154.823560,138.569219
379.521080,154.823560,139.451282
379.521109,154.823560,147.695237
379.521163,154.823560,147.699947
379.521213,154.823560,131.705634
379.521248,154.823560,134.587154
379.521275,154.823560,139.275395
379.521300,154.823560,139.553627
379.521329,154.823560,139.682835
379.521354,154.823560,142.424464
379.521382,154.823560,146.317027
379.521410,154.823560,146.575024
379.521445,154.823560,147.093125
379.521470,154.823560,147.705453
379.521589,154.823560,147.707008
379.521626,154.823560,147.710992
379.521662,154.823560,147.711499
379.521713,154.823560,147.713202
379.521755,154.823560,147.716162
379.521789,154.823560,140.490830
379.521811,154.823560,145.239411
379.521841,154.823560,147.716482
379.521892,154.823560,147.718077
379.521938,154.823560,147.721058
379.521970,154.823560,143.518624
379.521995,154.823560,147.721872
379.522047,154.823560,147.725083
379.522104,154.823560,147.727822
379.522155,154.823560,147.729083
379.522204,154.823560,147.729166
379.522255,154.823560,147.729475
379.522305,154.823560,147.729568
379.522342,154.823560,147.731438
379.522449,154.823560,147.731440
379.522490,154.823560,147.735138
379.522531,154.823560,147.735206
379.522631,154.823560,147.735731
379.522673,154.823560,147.735741
379.522726,154.823560,147.739163
379.522800,154.823560,147.743261
379.522834,154.823560,147.743352
379.522919,154.823560,147.745472
379.522955,154.823560,147.747310
379.522995,154.823560,147.751888
379.523035,154.823560,147.752443
379.523077,154.823560,147.754794
379.523112,154.823560,147.756846
379.523168,154.823560,147.758341
379.523222,154.823560,147.760683
379.523265,154.823560,147.760702
379.523352,154.823560,147.761006
379.523404,154.823560,147.763750
379.523432,154.823560,147.767299
379.523518,154.823560,147.781518
379.523668,154.823560,147.782454
379.523690,154.823560,147.783622
379.523735,154.823560,147.784093
379.523793,154.823560,147.785099
379.523856,154.823560,147.785458
379.523906,154.823560,147.787258
379.523954,154.823560,147.787576
379.523980,154.823560,147.788283
379.524006,154.823560,147.788789
379.524041,154.823560,147.789296
379.524078,154.823560,143.797656
379.524112,154.823560,147.790168
379.524170,154.823560,147.794040
379.524199,154.823560,147.795397
379.524253,154.823560,147.795893
379.524304,154.823560,147.796808
379.524340,154.823560,147.798165
379.524413,154.823560,147.801200
379.524449,154.823560,147.804990
379.524574,154.823560,147.810374
379.524605,154.823560,147.811646
379.524656,154.823560,147.816184
379.524698,154.823560,147.819339
379.524746,154.823560,147.819685
379.524913,154.823560,147.820731
379.525003,154.823560,147.821917
379.525046,154.823560,147.822173
379.525092,154.823560,147.822875
379.525125,154.823560,147.823792
379.525231,154.823560,147.824752
379.525298,154.823560,147.826062
379.525445,154.823560,147.828234
379.525486,154.823560,147.828280
379.525575,154.823560,147.828293
379.525641,154.823560,147.828506
379.525723,154.823560,147.831014
379.525771,154.823560,147.833229
379.525810,154.823560,147.833234
379.525858,154.823560,147.833867
379.525901,154.823560,147.834517
379.525952,154.823560,147.837995
379.526002,154.823560,147.838720
379.526072,154.823560,147.842378
379.526109,154.823560,147.844538
379.526148,154.823560,147.846816
379.526225,154.823560,147.848059
379.526275,154.823560,147.850464
379.526328,154.823560,147.850534
379.526380,154.823560,147.851662
379.526444,154.823560,113.787565
379.526496,154.823560,127.124685
379.526540,154.823560,141.632398
379.526572,154.823560,144.389166
379.526617,154.823560,146.759650
379.526655,154.823560,147.859840
379.526702,154.823560,147.861566
379.526736,154.823560,147.864122
379.526812,154.823560,147.865376
379.526852,154.823560,147.866645
379.526984,154.823560,147.872792
379.527020,154.823560,147.874237
379.527057,154.823560,147.874590
379.527098,154.823560,147.876670
379.527142,154.823560,133.791973
379.527167,154.823560,142.371517
379.527194,154.823560,147.877288
379.527234,154.823560,147.883616
379.527284,154.823560,147.883826
379.527321,154.823560,147.883957
379.527376,154.823560,147.884344
379.527416,154.823560,147.884565
379.527454,154.823560,147.886666
379.527497,154.823560,147.887064
379.527533,154.823560,147.887466
379.527587,154.823560,147.891278
379.527632,154.823560,136.529722
379.527659,154.823560,141.446392
379.527684,154.823560,141.887712
379.527715,154.823560,147.895536
379.527777,154.823560,136.839395
379.527804,154.823560,141.527637
379.527829,154.823560,141.811749
379.527866,154.823560,147.899024
379.527899,154.823560,147.905014
379.527933,154.823560,147.906723
379.527986,154.823560,147.912046
379.528019,154.823560,147.912464
379.528076,154.823560,147.913568
379.528128,154.823560,147.914029
379.528186,154.823560,147.918960
379.528253,154.823560,147.921136
379.528344,154.823560,147.925390
379.528394,154.823560,147.926334
379.528434,154.823560,147.927026
379.528482,154.823560,147.930446
379.528523,154.823560,147.931018
379.528571,154.823560,147.934678
379.528638,154.823560,147.939069
379.528690,154.823560,147.946714
379.528730,154.823560,147.949373
379.528766,154.823560,147.950862
379.528812,154.823560,147.953166
379.528847,154.823560,147.962342
379.528876,154.823560,147.963013
379.528927,154.823560,147.964048
379.528963,154.823560,147.970883
379.529011,154.823560,147.980354
379.529044,154.823560,147.982578
379.529075,154.823560,147.982779
379.529126,154.823560,147.982955
379.529179,154.823560,147.983131
379.529217,154.823560,147.983754
379.529260,154.823560,147.991861
379.529314,154.823560,147.992448
379.529405,154.823560,147.995130
379.529444,154.823560,147.995666
379.529482,154.823560,147.997432
379.529620,154.823560,148.004075
379.529660,154.823560,148.004170
379.529723,154.823560,148.006131
379.529771,154.823560,148.006464
379.529820,154.823560,148.006491
379.529886,154.823560,148.008762
379.529928,154.823560,148.009802
379.529990,154.823560,148.013808
379.530031,154.823560,148.015840
379.530080,154.823560,148.016400
379.530123,154.823560,148.019621
379.530167,154.823560,148.021066
379.530209,154.823560,148.026578
379.530244,154.823560,148.026614
379.530341,154.823560,148.027290
379.530386,154.823560,148.029222
379.530441,154.823560,148.032195
379.530511,154.823560,148.036941
379.530561,154.823560,148.036960
379.530607,154.823560,148.039886
379.530646,154.823560,148.045275
379.530681,154.823560,148.046829
379.530715,154.823560,148.047531
379.530753,154.823560,148.048546
379.530798,154.823560,148.049333
379.530844,154.823560,148.054266
379.530890,154.823560,148.055371
379.530943,154.823560,148.055541
379.531009,154.823560,148.055906
379.531054,154.823560,148.057965
379.531089,154.823560,148.058088
379.531141,154.823560,148.058283
379.531194,154.823560,139.056334
379.531219,154.823560,143.599987
379.531248,154.823560,148.058283
379.531297,154.823560,139.056334
379.531321,154.823560,143.969002
379.531351,154.823560,148.058283
379.531399,154.823560,139.056334
379.531423,154.823560,143.969002
379.531452,154.823560,148.058698
379.531499,154.823560,148.059378
379.531536,154.823560,148.061930
379.531604,154.823560,148.067840
379.531643,154.823560,148.072997
379.531687,154.823560,138.950104
379.531720,154.823560,143.638346
379.531744,154.823560,144.045786
379.531769,154.823560,148.072997
379.531812,154.823560,138.950104
379.531839,154.823560,143.638346
379.531864,154.823560,144.045786
379.531888,154.823560,148.075534
379.531944,154.823560,148.076579
379.531969,154.823560,148.076782
379.532018,154.823560,148.078752
379.532072,154.823560,148.079829
379.532125,154.823560,148.080395
379.532179,154.823560,130.704883
379.532216,154.823560,140.361202
379.532243,154.823560,141.446203
379.532270,154.823560,145.049443
379.532294,154.823560,145.456883
379.532319,154.823560,145.693125
379.532343,154.823560,146.134445
379.532368,154.823560,146.376432
379.532398,154.823560,148.080395
379.532451,154.823560,130.704883
379.532486,154.823560,140.361202
379.532513,154.823560,141.446203
379.532540,154.823560,145.049443
379.532565,154.823560,145.456883
379.532589,154.823560,145.693125
379.532614,154.823560,146.134445
379.532638,154.823560,146.376432
379.532666,154.823560,148.083477
379.532703,154.823560,148.084006
379.532780,154.823560,148.084619
379.532831,154.823560,148.085146
379.532870,154.823560,148.093125
379.532912,154.823560,148.093461
379.532958,154.823560,148.097186
379.533005,154.823560,148.098035
379.533044,154.823560,141.737082
379.533069,154.823560,148.098218
379.533120,154.823560,148.107397
379.533171,154.823560,148.110430
379.533229,154.823560,148.110624
379.533272,154.823560,148.114365
379.533317,154.823560,148.114672
379.533356,154.823560,148.117077
379.533385,154.823560,148.121890
379.533443,154.823560,148.122299
379.533476,154.823560,148.123424
379.533509,154.823560,148.125517
379.533550,154.823560,148.131664
379.533585,154.823560,148.132011
379.533627,154.823560,148.142614
379.533655,154.823560,148.144392
379.533688,154.823560,148.145045
379.533723,154.823560,148.146555
379.533787,154.823560,148.147014
379.533847,154.823560,148.150733
379.533885,154.823560,148.156821
379.533938,154.823560,121.756094
379.533961,154.823560,126.493754
379.533993,154.823560,127.783834
379.534014,154.823560,148.157678
379.534046,154.823560,148.159888
379.534073,154.823560,148.161923
379.534107,154.823560,148.162554
379.534145,154.823560,148.162814
379.534200,154.823560,148.164629
379.534232,154.823560,148.167965
379.534281,154.823560,148.168741
379.534324,154.823560,148.169226
379.534365,154.823560,148.170403
379.534402,154.823560,148.170890
379.534470,154.823560,148.172925
379.534534,154.823560,148.174189
379.534583,154.823560,148.175842
379.534626,154.823560,148.176534
379.534660,154.823560,148.179616
379.534715,154.823560,148.182770
379.534763,154.823560,148.186587
379.534795,154.823560,148.187488
379.534847,154.823560,148.187778
379.534877,154.823560,148.188936
379.534921,154.823560,148.190136
379.535010,154.823560,148.190597
379.535062,154.823560,148.191906
379.535135,154.823560,148.193624
379.535185,154.823560,148.193814
379.535215,154.823560,148.195810
379.535250,154.823560,148.197848
379.535291,154.823560,146.185765
379.535323,154.823560,148.064205
379.535347,154.823560,148.198008
379.535383,154.823560,148.201328
379.535429,154.823560,148.206206
379.535461,154.823560,148.210208
379.535508,154.823560,148.211626
379.535546,154.823560,148.217528
379.535658,154.823560,148.217715
379.535703,154.823560,148.219950
379.535744,154.823560,148.220501
379.535800,154.823560,148.224667
379.535848,154.823560,148.228406
379.535881,154.823560,148.230187
379.535914,154.823560,148.231014
379.535977,154.823560,148.231114
379.536017,154.823560,148.231395
379.536075,154.823560,148.231542
379.536179,154.823560,148.234885
379.536228,154.823560,148.236134
379.536273,154.823560,148.238226
379.536308,154.823560,134.996648
379.536331,154.823560,139.555296
379.536352,154.823560,141.694136
379.536373,154.823560,148.238226
379.536407,154.823560,134.996648
379.536431,154.823560,139.555296
379.536452,154.823560,141.694136
379.536474,154.823560,148.241490
379.536510,154.823560,148.243568
379.536557,154.823560,148.243685
379.536593,154.823560,148.245483
379.536648,154.823560,148.246629
379.536733,154.823560,148.246880
379.536781,154.823560,148.247226
379.536827,154.823560,148.248867
379.536888,154.823560,148.248899
379.536959,154.823560,148.251130
379.537115,154.823560,148.251342
379.537188,154.823560,148.254277
379.537238,154.823560,148.255656
379.537289,154.823560,148.260784
379.537333,154.823560,148.261138
379.537369,154.823560,148.263387
379.537419,154.823560,148.264094
379.537467,154.823560,148.264186
379.537529,154.823560,148.267768
379.537566,154.823560,147.524694
379.537590,154.823560,148.269429
379.537641,154.823560,148.270896
379.537680,154.823560,148.272109
379.537733,154.823560,148.273451
379.537781,154.823560,148.274080
379.537834,154.823560,148.287008
379.537880,154.823560,133.065453
379.537911,154.823560,134.943893
379.537935,154.823560,141.196170
379.537960,154.823560,144.093686
379.537981,154.823560,147.986250
379.538002,154.823560,148.244246
379.538030,154.823560,148.287008
379.538068,154.823560,133.065453
379.538095,154.823560,134.943893
379.538116,154.823560,141.196170
379.538139,154.823560,144.093686
379.538160,154.823560,147.986250
379.538181,154.823560,148.244246
379.538209,154.823560,148.287803
379.538260,154.823560,148.288555
379.538296,154.823560,148.288987
379.538324,154.823560,148.291349
379.538367,154.823560,148.292621
379.538404,154.823560,148.292997
379.538439,154.823560,148.293349
379.538490,154.823560,148.293651
379.538544,154.823560,148.295374
379.538634,154.823560,148.298134
379.538673,154.823560,148.300181
379.538734,154.823560,148.301950
379.538781,154.823560,148.303600
379.538828,154.823560,148.308450
379.538891,154.823560,148.312888
379.538934,154.823560,148.313504
379.538969,154.823560,148.317525
379.539006,154.823560,148.320866
379.539046,154.823560,134.001765
379.539080,154.823560,140.474016
379.539104,154.823560,144.321952
379.539128,154.823560,147.214544
379.539156,154.823560,148.320866
379.539195,154.823560,134.001765
379.539228,154.823560,140.474016
379.539252,154.823560,144.321952
379.539276,154.823560,147.214544
379.539304,154.823560,148.322082
379.539352,154.823560,148.322645
379.539405,154.823560,148.324274
379.539452,154.823560,148.332477
379.539503,154.823560,140.839251
379.539542,154.823560,145.755922
379.539579,154.823560,146.197242
379.539612,154.823560,148.336866
379.539653,154.823560,148.336968
379.539698,154.823560,148.337195
379.539745,154.823560,148.339973
379.539798,154.823560,148.343238
379.539900,154.823560,148.343942
379.539939,154.823560,137.684536
379.539963,154.823560,148.343973
379.540031,154.823560,148.349605
379.540064,154.823560,148.352026
379.540125,154.823560,148.353854
379.540169,154.823560,148.358170
379.540201,154.823560,148.359685
379.540236,154.823560,148.359922
379.540282,154.823560,148.361040
379.540326,154.823560,148.364467
379.540391,154.823560,148.365851
379.540446,154.823560,148.366082
379.540500,154.823560,148.366632
379.540542,154.823560,138.531214
379.540569,154.823560,143.268874
379.540593,154.823560,144.558954
379.540616,154.823560,148.368736
379.540650,154.823560,148.370115
379.540690,154.823560,148.373474
379.540744,154.823560,148.375000
379.540791,154.823560,148.375475
379.540818,154.823560,148.377142
379.540929,154.823560,148.380955
379.540962,154.823560,148.381264
379.540994,154.823560,148.386574
379.541025,154.823560,148.387421
379.541053,154.823560,148.388936
379.541084,154.823560,148.390034
379.541111,154.823560,148.390618
379.541237,154.823560,148.390798
379.541272,154.823560,148.395102
379.541312,154.823560,140.108861
379.541336,154.823560,148.395490
379.541384,154.823560,148.398877
379.541413,154.823560,148.399256
379.541439,154.823560,148.403037
379.541472,154.823560,148.405763
379.541516,154.823560,148.408554
379.541564,154.823560,148.413174
379.541613,154.823560,148.414557
379.541667,154.823560,148.415333
379.541717,154.823560,148.419674
379.541751,154.823560,148.420355
379.541802,154.823560,148.422781
379.541831,154.823560,136.859395
379.541855,154.823560,148.425326
379.541892,154.823560,148.433059
379.541927,154.823560,148.434736
379.542008,154.823560,148.436170
379.542064,154.823560,148.436707
379.542125,154.823560,148.437043
379.542162,154.823560,148.438203
379.542197,154.823560,148.438645
379.542251,154.823560,148.442085
379.542278,154.823560,148.442910
379.542338,154.823560,148.450126
379.542380,154.823560,148.452325
379.542468,154.823560,148.452688
379.542510,154.823560,148.453238
379.542541,154.823560,148.455032
379.542591,154.823560,148.456176
379.542646,154.823560,148.422019
379.542687,154.823560,148.462541
379.542724,154.823560,148.466438
379.542778,154.823560,148.467643
379.542809,154.823560,148.478848
379.542868,154.823560,148.479584
379.542912,154.823560,148.481403
379.542976,154.823560,148.481662
379.543018,154.823560,148.486096
379.543056,154.823560,148.490594
379.543107,154.823560,148.499333
379.543141,154.823560,148.502530
379.543192,154.823560,148.503630
379.543230,154.823560,148.505147
379.543282,154.823560,148.510299
379.543330,154.823560,148.516638
379.543363,154.823560,148.517104
379.543396,154.823560,148.517914
379.543439,154.823560,148.518096
379.543487,154.823560,148.519605
379.543521,154.823560,148.519712
379.543558,154.823560,148.520736
379.543611,154.823560,148.521054
379.543656,154.823560,148.521645
379.543702,154.823560,148.524797
379.543746,154.823560,148.528312
379.543798,154.823560,148.529154
379.543874,154.823560,148.531576
379.543906,154.823560,148.535264
379.543953,154.823560,148.541570
379.544005,154.823560,148.547371
379.544051,154.823560,148.549707
379.544098,154.823560,148.551413
379.544152,154.823560,148.553451
379.544190,154.823560,148.553723
379.544257,154.823560,148.555200
379.544341,154.823560,148.562581
379.544371,154.823560,148.564099
379.544412,154.823560,148.564106
379.544463,154.823560,148.564251
379.544523,154.823560,148.567869
379.544560,154.823560,148.571032
379.544591,154.823560,148.572202
379.544623,154.823560,148.572368
379.544670,154.823560,148.574754
379.544723,154.823560,148.576181
379.544771,154.823560,148.579131
379.544805,154.823560,148.581245
379.544850,154.823560,148.581328
379.544885,154.823560,148.582797
379.544937,154.823560,148.583643
379.544981,154.823560,148.584013
379.545017,154.823560,148.584507
379.545058,154.823560,148.585390
379.545098,154.823560,148.592974
379.545140,154.823560,148.597746
379.545189,154.823560,148.603394
379.545241,154.823560,148.608224
379.545293,154.823560,148.610546
379.545340,154.823560,148.613054
379.545389,154.823560,148.614930
379.545420,154.823560,148.616670
379.545463,154.823560,148.619974
379.545509,154.823560,148.621626
379.545560,154.823560,148.621896
379.545610,154.823560,148.623786
379.545657,154.823560,148.623866
379.545713,154.823560,148.625082
379.545823,154.823560,148.626968
379.545854,154.823560,148.629072
379.545890,154.823560,139.636890
379.545914,154.823560,148.629400
379.545948,154.823560,148.630310
379.545998,154.823560,148.630934
379.546031,154.823560,148.631152
379.546076,154.823560,148.633115
379.546130,154.823560,148.636658
379.546169,154.823560,148.640198
379.546205,154.823560,148.641432
379.546245,154.823560,148.642800
379.546277,154.823560,148.643451
379.546329,154.823560,148.644506
379.546363,154.823560,148.645120
379.546396,154.823560,148.648240
379.546428,154.823560,148.649440
379.546463,154.823560,148.650597
379.546510,154.823560,148.651829
379.546578,154.823560,148.652104
379.546629,154.823560,148.652450
379.546667,154.823560,148.654232
379.546720,154.823560,148.655072
379.546776,154.823560,148.656211
379.546829,154.823560,148.659862
379.546886,154.823560,148.663936
379.546920,154.823560,148.664464
379.546954,154.823560,148.667008
379.546989,154.823560,148.667389
379.547020,154.823560,131.218819
379.547044,154.823560,148.669181
379.547074,154.823560,148.671704
379.547128,154.823560,148.674960
379.547177,154.823560,148.679541
379.547217,154.823560,148.680085
379.547275,154.823560,148.680778
379.547333,154.823560,148.683669
379.547380,154.823560,148.685101
379.547416,154.823560,148.690146
379.547486,154.823560,148.690742
379.547522,154.823560,148.693883
379.547559,154.823560,148.698880
379.547608,154.823560,148.699182
379.547646,154.823560,148.700475
379.547697,154.823560,148.701283
379.547755,154.823560,148.701373
379.547801,154.823560,148.702067
379.547843,154.823560,148.702406
379.547880,154.823560,148.703022
379.547917,154.823560,148.703530
379.547966,154.823560,148.703906
379.548005,154.823560,148.704027
379.548044,154.823560,148.704707
379.548080,154.823560,148.710102
379.548131,154.823560,148.711243
379.548175,154.823560,148.711984
379.548208,154.823560,148.713798
379.548277,154.823560,148.713880
379.548328,154.823560,148.715315
379.548365,154.823560,142.354362
379.548389,154.823560,148.717206
379.548445,154.823560,148.717288
379.548483,154.823560,148.719712
379.548531,154.823560,148.720032
379.548581,154.823560,148.723200
379.548625,154.823560,148.724085
379.548696,154.823560,148.728176
379.548747,154.823560,148.729878
379.548795,154.823560,148.731286
379.548854,154.823560,148.732339
379.548882,154.823560,148.732664
379.548919,154.823560,148.736971
379.548977,154.823560,148.737397
379.549028,154.823560,148.741547
379.549061,154.823560,148.745091
379.549104,154.823560,136.412410
379.549130,154.823560,141.150069
379.549153,154.823560,142.440149
379.549176,154.823560,148.745291
379.549256,154.823560,148.745504
379.549305,154.823560,148.747997
379.549338,154.823560,148.751776
379.549373,154.823560,148.754472
379.549421,154.823560,148.755701
379.549479,154.823560,117.935862
379.549516,154.823560,122.852533
379.549556,154.823560,123.891270
379.549589,154.823560,125.680734
379.549628,154.823560,132.470814
379.549654,154.823560,137.208474
379.549687,154.823560,138.498554
379.549711,154.823560,148.759485
379.549748,154.823560,148.761512
379.549799,154.823560,141.425405
379.549838,154.823560,145.314304
379.549873,154.823560,147.453144
379.549906,154.823560,148.762339
379.549937,154.823560,148.763003
379.550080,154.823560,148.764275
379.550137,154.823560,148.766075
379.550207,154.823560,148.767203
379.550317,154.823560,148.768699
379.550383,154.823560,148.771430
379.550435,154.823560,148.771602
379.550522,154.823560,148.775989
379.550572,154.823560,148.777539
379.550609,154.823560,148.779824
379.550667,154.823560,148.780352
379.550727,154.823560,148.787552
379.550774,154.823560,148.788819
379.550813,154.823560,148.790786
379.550857,154.823560,148.791227
379.551006,154.823560,148.791355
379.551163,154.823560,148.798886
379.551212,154.823560,148.799216
379.551281,154.823560,133.189339
379.551342,154.823560,141.920835
379.551368,154.823560,143.678030
379.551393,154.823560,145.120014
379.551422,154.823560,146.167757
379.551458,154.823560,146.609077
379.551482,154.823560,147.602670
379.551511,154.823560,147.745941
379.551545,154.823560,148.803566
379.551596,154.823560,148.804858
379.551645,154.823560,148.814760
379.551675,154.823560,148.816320
379.551710,154.823560,148.819835
379.551770,154.823560,148.820088
379.551821,154.823560,148.820766
379.551865,154.823560,148.821058
379.551896,154.823560,148.824846
379.551940,154.823560,148.828499
379.551975,154.823560,148.828506
379.552008,154.823560,148.830984
379.552060,154.823560,148.836747
379.552097,154.823560,148.839098
379.552134,154.823560,148.846424
379.552165,154.823560,148.849843
379.552220,154.823560,148.851709
379.552257,154.823560,148.852138
379.552303,154.823560,148.857590
379.552341,154.823560,148.859040
379.552413,154.823560,148.859091
379.552454,154.823560,148.862288
379.552484,154.823560,148.865422
379.552656,154.823560,148.865469
379.552692,154.823560,148.866746
379.552729,154.823560,148.868118
379.552758,154.823560,148.869635
379.552874,154.823560,148.870304
379.552922,154.823560,148.874085
379.552970,154.823560,148.876122
379.553010,154.823560,148.877043
379.553052,154.823560,148.878965
379.553097,154.823560,148.882286
379.553275,154.823560,148.883490
379.553378,154.823560,148.887610
379.553423,154.823560,148.890240
379.553460,154.823560,148.895006
379.553504,154.823560,148.895926
379.553553,154.823560,148.897357
379.553600,154.823560,148.898998
379.553645,154.823560,148.902538
379.553714,154.823560,148.903051
379.553778,154.823560,148.903611
379.553832,154.823560,148.904026
379.553882,154.823560,148.904290
379.553939,154.823560,148.907502
379.554039,154.823560,148.907546
379.554089,154.823560,148.907722
379.554146,154.823560,148.908629
379.554203,154.823560,148.909370
379.554289,154.823560,148.909837
379.554321,154.823560,148.913507
379.554382,154.823560,148.915830
379.554429,154.823560,148.916203
379.554504,154.823560,148.921805
379.554547,154.823560,148.922286
379.554586,154.823560,148.926155
379.554682,154.823560,148.929792
379.554764,154.823560,148.933870
379.554810,154.823560,148.934805
379.554847,154.823560,148.938992
379.554921,154.823560,148.940672
379.554951,154.823560,148.941088
379.554990,154.823560,148.948272
379.555020,154.823560,148.951149
379.555063,154.823560,148.952902
379.555102,154.823560,148.953389
379.555158,154.823560,148.957978
379.555182,154.823560,148.960005
379.555311,154.823560,148.966370
379.555381,154.823560,148.972850
379.555436,154.823560,148.973339
379.555494,154.823560,148.973400
379.555530,154.823560,148.976925
379.555595,154.823560,148.977762
379.555723,154.823560,148.982142
379.555778,154.823560,148.983147
379.555810,154.823560,148.984096
379.555880,154.823560,148.986776
379.555923,154.823560,148.988821
379.556054,154.823560,149.003088
379.556090,154.823560,149.003352
379.556124,154.823560,149.003632
379.556160,154.823560,149.004997
379.556217,154.823560,149.013008
379.556395,154.823560,149.014046
379.556439,154.823560,149.014099
379.556486,154.823560,149.015643
379.556532,154.823560,149.022835
379.556685,154.823560,149.025288
379.556719,154.823560,149.025522
379.556763,154.823560,149.032627
379.556800,154.823560,149.036021
379.556824,154.823560,149.036960
379.556873,154.823560,149.038794
379.556924,154.823560,149.039299
379.556971,154.823560,149.040986
379.557002,154.823560,149.043797
379.557037,154.823560,149.044224
379.557106,154.823560,149.047221
379.557139,154.823560,149.047549
379.557163,154.823560,149.048026
379.557197,154.823560,149.048194
379.557246,154.823560,149.051338
379.557291,154.823560,149.051784
379.557326,154.823560,149.052466
379.557363,154.823560,149.052603
379.557425,154.823560,149.058789
379.557472,154.823560,149.060502
379.557518,154.823560,149.061530
379.557545,154.823560,149.065331
379.557598,154.823560,149.065627
379.557631,154.823560,149.066288
379.557667,154.823560,149.066720
379.557788,154.823560,149.067330
379.557826,154.823560,149.067957
379.557855,154.823560,149.069710
379.557888,154.823560,149.074666
379.557948,154.823560,149.075734
379.558005,154.823560,149.080853
379.558041,154.823560,149.085184
379.558067,154.823560,149.095774
379.558115,154.823560,149.101312
379.558156,154.823560,149.104485
379.558197,154.823560,149.105555
379.558280,154.823560,149.106006
379.558328,154.823560,149.109302
379.558362,154.823560,149.109323
379.558393,154.823560,149.110888
379.558427,154.823560,149.110994
379.558529,154.823560,149.116720
379.558565,154.823560,149.118314
379.558631,154.823560,149.119125
379.558661,154.823560,149.119411
379.558695,154.823560,149.119680
379.558744,154.823560,149.119754
379.558792,154.823560,149.120741
379.558847,154.823560,149.121042
379.558891,154.823560,149.134560
379.558922,154.823560,149.136635
379.558969,154.823560,149.141256
379.559004,154.823560,149.141872
379.559037,154.823560,149.143101
379.559073,154.823560,149.143810
379.559103,154.823560,149.144850
379.559152,154.823560,149.148355
379.559195,154.823560,149.151206
379.559238,154.823560,143.242597
379.559263,154.823560,147.980256
379.559297,154.823560,149.151586
379.559362,154.823560,149.153075
379.559396,154.823560,149.153528
379.559427,154.823560,149.157314
379.559459,154.823560,149.161232
379.559485,154.823560,149.161352
379.559534,154.823560,149.162555
379.559579,154.823560,149.162960
379.559615,154.823560,149.163978
379.559661,154.823560,149.167755
379.559705,154.823560,149.167946
379.559731,154.823560,149.168714
379.559918,154.823560,149.169904
379.559962,154.823560,149.173622
379.560012,154.823560,149.173629
379.560051,154.823560,149.174533
379.560114,154.823560,149.174584
379.560147,154.823560,149.177539
379.560199,154.823560,149.179602
379.560224,154.823560,149.185133
379.560253,154.823560,149.186730
379.560282,154.823560,149.190934
379.560330,154.823560,149.191851
379.560384,154.823560,149.192234
379.560433,154.823560,149.197934
379.560486,154.823560,149.199398
379.560535,154.823560,149.199627
379.560571,154.823560,149.200936
379.560635,154.823560,149.203742
379.560677,154.823560,149.207723
379.560726,154.823560,149.209072
379.560806,154.823560,149.209632
379.560841,154.823560,149.210496
379.560879,154.823560,149.210654
379.560932,154.823560,149.211024
379.560982,154.823560,149.211742
379.561037,154.823560,149.211755
379.561071,154.823560,149.212562
379.561105,154.823560,149.221678
379.561151,154.823560,149.221938
379.561225,154.823560,149.222818
379.561261,154.823560,149.226398
379.561311,154.823560,149.226403
379.561361,154.823560,149.231571
379.561407,154.823560,149.232248
379.561440,154.823560,149.232283
379.561476,154.823560,149.241290
379.561522,154.823560,149.244560
379.561581,154.823560,149.246282
379.561629,154.823560,149.249323
379.561668,154.823560,139.683317
379.561690,154.823560,149.251088
379.561718,154.823560,149.252438
379.561747,154.823560,149.253454
379.561776,154.823560,149.257240
379.561812,154.823560,149.257278
379.561857,154.823560,149.257466
379.561932,154.823560,149.257496
379.561964,154.823560,149.259856
379.561999,154.823560,149.263544
379.562033,154.823560,149.263958
379.562080,154.823560,149.270336
379.562103,154.823560,149.273011
379.562182,154.823560,149.273309
379.562238,154.823560,149.273834
379.562279,154.823560,149.274334
379.562327,154.823560,149.274832
379.562366,154.823560,149.274971
379.562405,154.823560,149.275914
379.562538,154.823560,149.275995
379.562564,154.823560,149.279342
379.562609,154.823560,149.279802
379.562660,154.823560,149.281354
379.562697,154.823560,149.281525
379.562738,154.823560,149.284253
379.562806,154.823560,149.284678
379.562838,154.823560,149.284872
379.562891,154.823560,149.289011
379.562961,154.823560,149.291296
379.562994,154.823560,149.295088
379.563028,154.823560,149.295515
379.563073,154.823560,149.297846
379.563126,154.823560,149.300819
379.563155,154.823560,149.303064
379.563193,154.823560,149.308602
379.563226,154.823560,149.309794
379.563280,154.823560,149.311179
379.563363,154.823560,149.315542
379.563393,154.823560,149.317355
379.563422,154.823560,149.318664
379.563463,154.823560,149.319326
379.563513,154.823560,149.319522
379.563583,154.823560,149.321035
379.563613,154.823560,149.325258
379.563649,154.823560,149.325960
379.563677,154.823560,149.326862
379.563726,154.823560,149.326939
379.563765,154.823560,149.327077
379.563817,154.823560,149.327507
379.563887,154.823560,149.329955
379.563945,154.823560,149.331405
379.563996,154.823560,149.331536
379.564131,154.823560,149.336968
379.564180,154.823560,149.340675
379.564224,154.823560,149.342166
379.564253,154.823560,149.343309
379.564286,154.823560,149.344080
379.564335,154.823560,149.345472
379.564367,154.823560,149.345986
379.564413,154.823560,149.346464
379.564456,154.823560,149.346765
379.564500,154.823560,149.346957
379.564532,154.823560,149.347483
379.564589,154.823560,149.350192
379.564629,154.823560,149.352634
379.564655,154.823560,131.232205
379.564677,154.823560,149.352710
379.564729,154.823560,149.355003
379.564790,154.823560,149.360102
379.564827,154.823560,149.361971
379.564868,154.823560,149.363280
379.564956,154.823560,149.365696
379.564998,154.823560,149.367968
379.565048,154.823560,149.368478
379.565098,154.823560,149.375818
379.565207,154.823560,149.378022
379.565271,154.823560,149.378870
379.565321,154.823560,149.379234
379.565445,154.823560,149.380174
379.565487,154.823560,149.380720
379.565516,154.823560,143.601082
379.565538,154.823560,149.384787
379.565625,154.823560,149.387314
379.565688,154.823560,149.388811
379.565716,154.823560,132.446261
379.565738,154.823560,149.392512
379.565770,154.823560,149.393224
379.565811,154.823560,149.393362
379.565862,154.823560,148.216302
379.565891,154.823560,149.393742
379.566054,154.823560,149.394166
379.566093,154.823560,149.396314
379.566121,154.823560,149.399386
379.566147,154.823560,149.399762
379.566211,154.823560,149.402592
379.566256,154.823560,149.404277
379.566289,154.823560,149.405798
379.566337,154.823560,149.406693
379.566433,154.823560,149.408114
379.566485,154.823560,149.409779
379.566532,154.823560,149.409818
379.566564,154.823560,149.414014
379.566612,154.823560,149.415040
379.566650,154.823560,149.417285
379.566697,154.823560,149.418718
379.566757,154.823560,149.419074
379.566802,154.823560,149.422066
379.566830,154.823560,149.422779
379.566887,154.823560,149.424002
379.566917,154.823560,149.424717
379.566986,154.823560,149.426230
379.567034,154.823560,149.428470
379.567075,154.823560,149.428960
379.567109,154.823560,149.430920
379.567140,154.823560,149.430986
379.567224,154.823560,149.432810
379.567266,154.823560,149.434042
379.567319,154.823560,149.434394
379.567360,154.823560,149.436477
379.567385,154.823560,124.032856
379.567412,154.823560,149.437746
379.567443,154.823560,149.438373
379.567489,154.823560,149.439499
379.567533,154.823560,149.442875
379.567603,154.823560,149.444352
379.567646,154.823560,149.447109
379.567685,154.823560,149.448322
379.567729,154.823560,149.448571
379.567776,154.823560,149.448976
379.567807,154.823560,149.449067
379.567858,154.823560,149.452186
379.567890,154.823560,149.454603
379.567932,154.823560,149.455752
379.567978,154.823560,149.463494
379.568009,154.823560,149.467330
379.568074,154.823560,149.473237
379.568107,154.823560,149.473493
379.568144,154.823560,149.475819
379.568187,154.823560,149.476826
379.568231,154.823560,149.484595
379.568287,154.823560,149.488826
379.568326,154.823560,149.489187
379.568357,154.823560,149.490794
379.568387,154.823560,149.492608
379.568434,154.823560,149.493213
379.568474,154.823560,149.494272
379.568513,154.823560,149.494574
379.568541,154.823560,149.497675
379.568582,154.823560,138.956832
379.568616,154.823560,149.502240
379.568651,154.823560,149.502917
379.568709,154.823560,149.505715
379.568749,154.823560,149.506131
379.568784,154.823560,149.507472
379.568822,154.823560,149.507600
379.568852,154.823560,149.510000
379.568885,154.823560,149.510101
379.568915,154.823560,149.510814
379.568977,154.823560,149.512944
379.569058,154.823560,149.514016
379.569097,154.823560,149.516669
379.569137,154.823560,149.517152
379.569183,154.823560,149.520381
379.569312,154.823560,149.521822
379.569357,154.823560,149.529648
379.569388,154.823560,149.532395
379.569424,154.823560,149.534458
379.569465,154.823560,149.535781
379.569515,154.823560,149.536088
379.569563,154.823560,149.540741
379.569609,154.823560,149.542350
379.569652,154.823560,149.543106
379.569717,154.823560,149.543514
379.569757,154.823560,149.545010
379.569798,154.823560,149.552078
379.569844,154.823560,149.554286
379.569901,154.823560,132.650509
379.569943,154.823560,149.556464
379.569998,154.823560,149.556736
379.570036,154.823560,149.556925
379.570078,154.823560,149.557250
379.570115,154.823560,149.557253
379.570160,154.823560,149.564758
379.570208,154.823560,149.566682
379.570236,154.823560,149.569715
379.570324,154.823560,149.572331
379.570395,154.823560,149.572355
379.570439,154.823560,149.572688
379.570482,154.823560,149.574446
379.570524,154.823560,149.574702
379.570555,154.823560,149.576008
379.570583,154.823560,149.576597
379.570634,154.823560,149.580064
379.570702,154.823560,149.581131
379.570747,154.823560,149.581315
379.570795,154.823560,149.583339
379.570861,154.823560,149.583472
379.570916,154.823560,149.583773
379.570965,154.823560,149.586651
379.571016,154.823560,149.588115
379.571052,154.823560,149.588498
379.571096,154.823560,149.588875
379.571141,154.823560,149.593765
379.571201,154.823560,149.598854
379.571254,154.823560,149.602880
379.571331,154.823560,149.608013
379.571362,154.823560,149.609344
379.571406,154.823560,149.612482
379.571440,154.823560,146.609390
379.571462,154.823560,149.612482
379.571496,154.823560,146.609390
379.571518,154.823560,149.612698
379.571572,154.823560,149.615413
379.571630,154.823560,149.619595
379.571704,154.823560,149.619947
379.571751,154.823560,149.621504
379.571783,154.823560,149.621613
379.571834,154.823560,149.622379
379.571907,154.823560,149.622693
379.571956,154.823560,149.622981
379.571995,154.823560,149.627072
379.572043,154.823560,149.629750
379.572100,154.823560,149.631312
379.572140,154.823560,149.632064
379.572171,154.823560,149.632978
379.572230,154.823560,149.635398
379.572263,154.823560,149.639386
379.572299,154.823560,149.639998
379.572345,154.823560,149.642627
379.572392,154.823560,149.644560
379.572423,154.823560,149.645182
379.572452,154.823560,149.649651
379.572505,154.823560,149.650608
379.572587,154.823560,149.651582
379.572651,154.823560,149.654923
379.572683,154.823560,149.658350
379.572727,154.823560,149.663672
379.572760,154.823560,149.664000
379.572803,154.823560,149.664464
379.572829,154.823560,149.665280
379.572868,154.823560,149.670070
379.572920,154.823560,149.672318
379.572984,154.823560,149.672352
379.573011,154.823560,149.672400
379.573048,154.823560,149.674150
379.573083,154.823560,149.677163
379.573114,154.823560,149.677584
379.573148,154.823560,149.680966
379.573184,154.823560,149.682421
379.573292,154.823560,149.683982
379.573319,154.823560,142.380288
379.573340,154.823560,149.684264
379.573372,154.823560,149.684813
379.573405,154.823560,149.685784
379.573435,154.823560,149.687408
379.573502,154.823560,149.687701
379.573565,154.823560,149.687758
379.573597,154.823560,149.690885
379.573649,154.823560,149.695194
379.573697,154.823560,149.696146
379.573749,154.823560,149.698866
379.573809,154.823560,149.701904
379.573853,154.823560,149.703384
379.573899,154.823560,149.704680
379.573946,154.823560,149.705597
379.573974,154.823560,149.706381
379.574052,154.823560,149.707090
379.574101,154.823560,149.707515
379.574131,154.823560,149.709754
379.574165,154.823560,149.711421
379.574212,154.823560,149.712886
379.574245,154.823560,149.715309
379.574286,154.823560,149.717227
379.574431,154.823560,149.717370
379.574461,154.823560,149.721749
379.574489,154.823560,149.722835
379.574562,154.823560,149.723651
379.574605,154.823560,149.724512
379.574635,154.823560,149.732237
379.574664,154.823560,149.733552
379.574710,154.823560,149.735150
379.574744,154.823560,149.738291
379.574793,154.823560,149.740192
379.574824,154.823560,149.741818
379.574854,154.823560,149.742026
379.574910,154.823560,149.743941
379.574943,154.823560,149.744672
379.574972,154.823560,149.744840
379.575022,154.823560,149.748632
379.575088,154.823560,149.748808
379.575123,154.823560,149.749776
379.575167,154.823560,149.752120
379.575195,154.823560,149.761246
379.575230,154.823560,149.762693
379.575293,154.823560,149.764122
379.575324,154.823560,149.765517
379.575354,154.823560,149.765938
379.575419,154.823560,149.768842
379.575449,154.823560,149.768974
379.575481,154.823560,149.770986
379.575510,154.823560,149.778546
379.575588,154.823560,149.780747
379.575625,154.823560,149.781104
379.575669,154.823560,149.784474
379.575710,154.823560,149.786117
379.575757,154.823560,149.795093
379.575806,154.823560,149.800859
379.575855,154.823560,149.804816
379.575891,154.823560,149.805030
379.575932,154.823560,149.805205
379.575976,154.823560,149.806832
379.576015,154.823560,149.809533
379.576073,154.823560,149.812224
379.576140,154.823560,149.813174
379.576168,154.823560,149.813989
379.576196,154.823560,149.815472
379.576298,154.823560,149.818626
379.576340,154.823560,149.823520
379.576371,154.823560,149.824670
379.576603,154.823560,149.825176
379.576636,154.823560,149.825328
379.576677,154.823560,149.827334
379.576709,154.823560,149.828635
379.576756,154.823560,149.829770
379.576820,154.823560,149.830418
379.576870,154.823560,149.831091
379.576896,154.823560,149.836517
379.576933,154.823560,149.836696
379.576991,154.823560,149.839090
379.577041,154.823560,149.839542
379.577067,154.823560,149.842734
379.577110,154.823560,149.843912
379.577142,154.823560,149.846714
379.577176,154.823560,149.847088
379.577243,154.823560,149.847554
379.577312,154.823560,149.847606
379.577338,154.823560,140.740864
379.577359,154.823560,149.849550
379.577436,154.823560,149.853814
379.577465,154.823560,149.854102
379.577497,154.823560,149.855666
379.577539,154.823560,149.856878
379.577577,154.823560,149.858901
379.577618,154.823560,149.860597
379.577678,154.823560,149.862336
379.577722,154.823560,149.862626
379.577763,154.823560,149.864789
379.577818,154.823560,149.865712
379.577885,154.823560,149.867242
379.577925,154.823560,149.869946
379.577963,154.823560,149.871710
379.578007,154.823560,149.874141
379.578064,154.823560,149.875392
379.578088,154.823560,149.876974
379.578119,154.823560,149.878843
379.578179,154.823560,149.878912
379.578222,154.823560,149.879024
379.578255,154.823560,149.879931
379.578312,154.823560,149.885099
379.578367,154.823560,149.885181
379.578408,154.823560,149.886843
379.578441,154.823560,149.887304
379.578499,154.823560,149.888501
379.578541,154.823560,149.892832
379.578593,154.823560,149.896030
379.578651,154.823560,149.896187
379.578681,154.823560,149.896218
379.578727,154.823560,149.897083
379.578768,154.823560,149.898483
379.578803,154.823560,149.902875
379.578844,154.823560,149.903379
379.578888,154.823560,149.903666
379.578936,154.823560,149.903792
379.578962,154.823560,149.906176
379.578991,154.823560,149.906712
379.579022,154.823560,149.906806
379.579054,154.823560,149.907432
379.579094,154.823560,149.908448
379.579134,154.823560,149.909792
379.579166,154.823560,149.912394
379.579251,154.823560,149.916250
379.579325,154.823560,149.916704
379.579362,154.823560,149.918557
379.579409,154.823560,149.921014
379.579441,154.823560,149.921910
379.579484,154.823560,149.928608
379.579524,154.823560,149.928930
379.579570,154.823560,149.929770
379.579602,154.823560,149.930091
379.579641,154.823560,149.933394
379.579724,154.823560,149.933651
379.579784,154.823560,149.936291
379.579849,154.823560,149.936339
379.579874,154.823560,149.937176
379.579930,154.823560,149.938320
379.579963,154.823560,149.938992
379.580006,154.823560,149.941312
379.580041,154.823560,149.941619
379.580086,154.823560,149.943030
379.580115,154.823560,149.945771
379.580183,154.823560,149.946995
379.580229,154.823560,149.948048
379.580258,154.823560,149.948595
379.580310,154.823560,149.950486
379.580354,154.823560,149.950771
379.580381,154.823560,149.952355
379.580410,154.823560,149.955614
379.580498,154.823560,149.957563
379.580537,154.823560,149.958062
379.580560,154.823560,149.959338
379.580609,154.823560,149.960258
379.580672,154.823560,149.961722
379.580708,154.823560,149.962781
379.580739,154.823560,149.965638
379.580796,154.823560,149.966414
379.580845,154.823560,149.966768
379.580885,154.823560,149.967342
379.580946,154.823560,149.968216
379.580985,154.823560,149.969914
379.581010,154.823560,149.970027
379.581044,154.823560,149.975387
379.581103,154.823560,139.123086
379.581126,154.823560,141.041566
379.581152,154.823560,143.811328
379.581173,154.823560,144.218768
379.581207,154.823560,146.462382
379.581230,154.823560,149.978002
379.581259,154.823560,149.978274
379.581302,154.823560,149.978419
379.581356,154.823560,149.979370
379.581383,154.823560,149.984168
379.581433,154.823560,149.986330
379.581463,154.823560,149.987883
379.581506,154.823560,149.989304
379.581552,154.823560,149.991328
379.581584,154.823560,149.992595
379.581646,154.823560,149.993395
379.581684,154.823560,149.995366
379.581746,154.823560,149.996741
379.581794,154.823560,150.000621
379.581818,154.823560,134.390294
379.581838,154.823560,150.001117
379.581869,154.823560,150.001440
379.581896,154.823560,150.009885
379.581927,154.823560,150.011760
379.581974,154.823560,150.013619
379.581997,154.823560,150.013846
379.582028,154.823560,150.014531
379.582057,154.823560,150.015475
379.582094,154.823560,150.018746
379.582122,154.823560,150.021478
379.582164,154.823560,150.023936
379.582205,154.823560,150.025362
379.582239,154.823560,150.026454
379.582308,154.823560,150.026578
379.582338,154.823560,150.030765
379.582367,154.823560,150.034475
379.582390,154.823560,150.034677
379.582433,154.823560,150.035534
379.582470,154.823560,150.037106
379.582522,154.823560,150.038290
379.582618,154.823560,150.040059
379.582704,154.823560,150.041267
379.582738,154.823560,150.044795
379.582768,154.823560,150.046232
379.582802,154.823560,150.058800
379.582833,154.823560,150.061510
379.582864,154.823560,150.064083
379.582908,154.823560,150.069490
379.582937,154.823560,150.071259
379.583020,154.823560,150.072552
379.583062,154.823560,150.073445
379.583133,154.823560,150.073552
379.583178,154.823560,150.075566
379.583217,154.823560,150.077122
379.583250,154.823560,150.078250
379.583273,154.823560,150.081338
379.583302,154.823560,150.084461
379.583336,154.823560,150.086963
379.583375,154.823560,150.095155
379.583433,154.823560,150.095990
379.583498,154.823560,150.096346
379.583531,154.823560,150.098643
379.583589,154.823560,150.100598
379.583625,154.823560,133.949402
379.583658,154.823560,140.924736
379.583678,154.823560,143.846752
379.583698,154.823560,146.730085
379.583723,154.823560,150.100598
379.583757,154.823560,134.823973
379.583786,154.823560,141.296224
379.583807,154.823560,145.391072
379.583828,154.823560,148.283664
379.583852,154.823560,150.100598
379.583887,154.823560,134.823973
379.583916,154.823560,141.296224
379.583936,154.823560,145.391072
379.583956,154.823560,148.283664
379.583981,154.823560,150.104379
379.584024,154.823560,150.106781
379.584057,154.823560,150.110538
379.584092,154.823560,150.111378
379.584135,154.823560,150.114877
379.584216,154.823560,150.114934
379.584244,154.823560,150.114946
379.584295,154.823560,150.117218
379.584334,154.823560,150.117878
379.584360,154.823560,150.120600
379.584402,154.823560,150.122414
379.584452,154.823560,150.122683
379.584487,154.823560,150.122758
379.584559,154.823560,150.124723
379.584611,154.823560,150.126338
379.584645,154.823560,150.127381
379.584673,154.823560,150.129218
379.584720,154.823560,150.129907
379.584744,154.823560,150.134472
379.584782,154.823560,150.134626
379.584806,154.823560,149.197747
379.584826,154.823560,150.141160
379.584870,154.823560,150.141757
379.584909,154.823560,150.142566
379.584953,154.823560,150.146040
379.585001,154.823560,150.146890
379.585055,154.823560,150.147859
379.585085,154.823560,150.150058
379.585114,154.823560,150.151680
379.585193,154.823560,150.151917
379.585241,154.823560,150.152886
379.585264,154.823560,150.152922
379.585355,154.823560,150.157992
379.585391,154.823560,150.161053
379.585428,154.823560,132.263515
379.585450,154.823560,137.001174
379.585469,154.823560,138.291254
379.585489,154.823560,150.164824
379.585517,154.823560,150.166709
379.585546,154.823560,150.170227
379.585669,154.823560,150.172405
379.585712,154.823560,150.174114
379.585795,154.823560,150.175293
379.585826,154.823560,150.175629
379.585879,154.823560,150.178736
379.585930,154.823560,150.180088
379.585965,154.823560,150.184040
379.586012,154.823560,137.749382
379.586044,154.823560,146.328926
379.586066,154.823560,150.186006
379.586107,154.823560,150.186568
379.586263,154.823560,150.187840
379.586295,154.823560,150.189230
379.586336,154.823560,150.191008
379.586408,154.823560,150.191043
379.586437,154.823560,150.192592
379.586474,154.823560,150.201346
379.586525,154.823560,150.202381
379.586567,154.823560,150.202966
379.586611,154.823560,150.206707
379.586641,154.823560,150.206837
379.586702,154.823560,150.207739
379.586762,154.823560,150.208557
379.586793,154.823560,150.209536
379.586838,154.823560,150.214835
379.586890,154.823560,150.220682
379.586922,154.823560,150.227701
379.586951,154.823560,150.235318
379.586997,154.823560,150.236270
379.587026,154.823560,150.237133
379.587067,154.823560,150.237210
379.587098,154.823560,150.241744
379.587129,154.823560,150.241922
379.587162,154.823560,132.996997
379.587185,154.823560,137.734656
379.587205,154.823560,139.024736
379.587224,154.823560,150.244016
379.587250,154.823560,150.244224
379.587280,154.823560,150.245006
379.587324,154.823560,150.249462
379.587364,154.823560,150.251003
379.587401,154.823560,150.256408
379.587445,154.823560,150.261998
379.587491,154.823560,150.262574
379.587547,154.823560,150.268349
379.587588,154.823560,150.269925
379.587655,154.823560,150.275120
379.587714,154.823560,119.713773
379.587746,154.823560,133.639773
379.587768,154.823560,138.302675
379.587792,154.823560,138.328014
379.587812,154.823560,138.735454
379.587844,154.823560,143.456835
379.587866,154.823560,145.219782
379.587888,154.823560,145.341342
379.587931,154.823560,148.145077
379.587951,154.823560,148.490917
379.587971,154.823560,149.902014
379.587990,154.823560,149.908024
379.588010,154.823560,150.282874
379.588039,154.823560,150.283149
379.588142,154.823560,150.284054
379.588185,154.823560,150.292118
379.588215,154.823560,150.292162
379.588264,154.823560,150.297634
379.588290,154.823560,150.297789
379.588345,154.823560,150.300526
379.588379,154.823560,150.301680
379.588438,154.823560,150.302848
379.588478,154.823560,150.303800
379.588501,154.823560,136.570618
379.588534,154.823560,150.304128
379.588582,154.823560,150.304931
379.588636,154.823560,150.306194
379.588681,154.823560,150.309272
379.588705,154.823560,150.318477
379.588758,154.823560,150.318965
379.588799,154.823560,150.319394
379.588842,154.823560,150.319475
379.588884,154.823560,150.321306
379.588921,154.823560,150.322669
379.588971,154.823560,150.330608
379.589002,154.823560,150.331403
379.589055,154.823560,150.333152
379.589086,154.823560,150.334304
379.589146,154.823560,150.336048
379.589187,154.823560,150.337675
379.589213,154.823560,150.337947
379.589240,154.823560,150.338587
379.589303,154.823560,150.339190
379.589346,154.823560,150.340750
379.589382,154.823560,150.340998
379.589425,154.823560,150.341394
379.589470,154.823560,150.341998
379.589532,154.823560,150.344245
379.589569,154.823560,150.344333
379.589603,154.823560,150.344762
379.589717,154.823560,150.346720
379.589765,154.823560,150.350458
379.589795,154.823560,150.351112
379.589824,154.823560,150.351610
379.589850,154.823560,150.356224
379.589877,154.823560,150.357563
379.589929,154.823560,150.361971
379.589954,154.823560,150.363064
379.590005,154.823560,150.364285
379.590047,154.823560,150.365347
379.590103,154.823560,150.367496
379.590131,154.823560,150.367802
379.590159,154.823560,150.368768
379.590200,154.823560,150.372109
379.590249,154.823560,150.373934
379.590284,154.823560,143.723973
379.590304,154.823560,150.373934
379.590338,154.823560,143.723973
379.590357,154.823560,150.374216
379.590404,154.823560,150.377741
379.590444,154.823560,150.383283
379.590505,154.823560,150.384298
379.590552,154.823560,150.385573
379.590577,154.823560,150.386997
379.590617,154.823560,150.389349
379.590654,154.823560,150.389712
379.590725,154.823560,150.390179
379.590768,154.823560,150.391418
379.590811,154.823560,150.392198
379.590846,154.823560,150.392470
379.590886,154.823560,150.393640
379.590925,154.823560,140.866630
379.590946,154.823560,145.783301
379.590965,154.823560,146.224621
379.590984,154.823560,147.759011
379.591007,154.823560,150.394317
379.591034,154.823560,145.055574
379.591053,154.823560,150.398134
379.591087,154.823560,150.399762
379.591126,154.823560,150.401104
379.591170,154.823560,150.401864
379.591203,154.823560,150.402272
379.591262,154.823560,150.403117
379.591294,154.823560,150.406648
379.591323,154.823560,150.409179
379.591354,154.823560,150.411171
379.591446,154.823560,150.411618
379.591471,154.823560,150.412320
379.591499,154.823560,150.413200
379.591551,154.823560,150.416194
379.591590,154.823560,150.421334
379.591618,154.823560,150.421451
379.591661,154.823560,150.426677
379.591692,154.823560,150.430779
379.591718,154.823560,150.432189
379.591765,154.823560,150.433789
379.591798,154.823560,150.436347
379.591839,154.823560,150.437094
379.591869,154.823560,150.438842
379.591907,154.823560,150.441198
379.591940,154.823560,150.442032
379.591991,154.823560,150.443438
379.592019,154.823560,150.444360
379.592079,154.823560,150.444834
379.592118,154.823560,150.445525
379.592142,154.823560,150.445590
379.592224,154.823560,150.447186
379.592266,154.823560,150.447346
379.592294,154.823560,150.451285
379.592321,154.823560,150.452920
379.592383,154.823560,150.457368
379.592413,154.823560,150.457843
379.592447,154.823560,150.461662
379.592527,154.823560,150.462133
379.592552,154.823560,150.462739
379.592591,154.823560,150.462994
379.592618,154.823560,150.466032
379.592671,154.823560,150.466798
379.592698,154.823560,150.469176
379.592756,154.823560,150.473544
379.592803,154.823560,150.473984
379.592861,154.823560,150.474565
379.592892,154.823560,150.474674
379.592922,154.823560,150.482053
379.592954,154.823560,150.483291
379.592983,154.823560,150.485366
379.593036,154.823560,150.489126
379.593075,154.823560,150.489525
379.593103,154.823560,150.490822
379.593128,154.823560,150.491870
379.593180,154.823560,150.495325
379.593226,154.823560,150.499555
379.593268,154.823560,150.502322
379.593309,154.823560,150.503424
379.593349,154.823560,150.508470
379.593393,154.823560,150.516083
379.593435,154.823560,150.519622
379.593473,154.823560,150.520539
379.593518,154.823560,150.520984
379.593542,154.823560,150.521645
379.593582,154.823560,150.524053
379.593628,154.823560,150.525258
379.593686,154.823560,150.525789
379.593727,154.823560,150.529141
379.593783,154.823560,150.529648
379.593807,154.823560,150.531333
379.593847,154.823560,150.531869
379.593880,154.823560,150.532096
379.593902,154.823560,150.534682
379.593943,154.823560,150.535206
379.593995,154.823560,150.537714
379.594059,154.823560,150.538923
379.594150,154.823560,150.540715
379.594174,154.823560,150.540867
379.594218,154.823560,150.541392
379.594247,154.823560,144.323870
379.594266,154.823560,149.061530
379.594284,154.823560,150.351610
379.594301,154.823560,150.541850
379.594321,154.823560,150.543301
379.594395,154.823560,150.544522
379.594436,154.823560,150.545699
379.594463,154.823560,150.547014
379.594507,154.823560,150.547288
379.594543,154.823560,150.547694
379.594563,154.823560,150.551173
379.594592,154.823560,150.552104
379.594627,154.823560,150.556128
379.594674,154.823560,150.559258
379.594731,154.823560,150.561872
379.594787,154.823560,150.563043
379.594813,154.823560,150.574120
379.594838,154.823560,150.580096
379.594866,154.823560,150.583902
379.594902,154.823560,150.587032
379.594958,154.823560,150.587699
379.595002,154.823560,150.589200
379.595027,154.823560,150.591446
379.595055,154.823560,150.592530
379.595078,154.823560,128.553698
379.595097,154.823560,150.594256
379.595131,154.823560,150.596950
379.595219,154.823560,150.597402
379.595243,154.823560,150.598019
379.595277,154.823560,150.599624
379.595308,154.823560,150.604966
379.595348,154.823560,150.605994
379.595374,154.823560,150.606144
379.595402,154.823560,150.607328
379.595458,154.823560,150.609115
379.595491,154.823560,150.609454
379.595518,154.823560,150.612443
379.595555,154.823560,150.613821
379.595605,154.823560,150.616224
379.595661,154.823560,150.621026
379.595713,154.823560,150.621536
379.595736,154.823560,150.621704
379.595784,154.823560,150.625584
379.595829,154.823560,150.625803
379.595872,154.823560,150.626213
379.595902,154.823560,150.629072
379.595928,154.823560,150.630832
379.596007,154.823560,150.633184
379.596039,154.823560,150.634048
379.596088,154.823560,150.635370
379.596121,154.823560,150.635912
379.596147,154.823560,150.636106
379.596210,154.823560,150.640512
379.596251,154.823560,150.642040
379.596288,154.823560,142.772909
379.596319,154.823560,150.647333
379.596380,154.823560,150.649139
379.596423,154.823560,150.651035
379.596474,154.823560,150.653978
379.596521,154.823560,150.657470
379.596561,154.823560,150.658048
379.596588,154.823560,150.658349
379.596650,154.823560,150.660046
379.596681,154.823560,150.660352
379.596709,154.823560,150.660704
379.596738,154.823560,150.661296
379.596779,154.823560,150.661725
379.596818,154.823560,150.661734
379.596842,154.823560,150.661824
379.596864,154.823560,150.662677
379.596893,154.823560,150.662766
379.596939,154.823560,150.664824
379.596962,154.823560,150.667317
379.596987,154.823560,150.668118
379.597029,154.823560,150.671482
379.597066,154.823560,150.671942
379.597095,154.823560,150.672296
379.597148,154.823560,150.675296
379.597185,154.823560,150.681344
379.597214,154.823560,150.681907
379.597280,154.823560,150.682370
379.597324,154.823560,150.683507
379.597363,154.823560,150.687549
379.597423,154.823560,150.689387
379.597464,154.823560,150.689734
379.597491,154.823560,150.692512
379.597517,154.823560,150.692602
379.597556,154.823560,150.694525
379.597599,154.823560,150.697485
379.597631,154.823560,150.700667
379.597657,154.823560,150.701378
379.597682,154.823560,150.703034
379.597717,154.823560,145.433264
379.597738,154.823560,150.349934
379.597757,154.823560,150.705030
379.597799,154.823560,150.705090
379.597840,154.823560,150.705878
379.597877,154.823560,150.710192
379.597913,154.823560,150.712402
379.597946,154.823560,150.712915
379.597983,154.823560,150.716248
379.598009,154.823560,150.716829
379.598052,154.823560,150.719880
379.598074,154.823560,146.972338
379.598093,154.823560,150.721626
379.598125,154.823560,150.724085
379.598175,154.823560,150.724474
379.598203,154.823560,150.726581
379.598228,154.823560,150.728064
379.598269,154.823560,150.729832
379.598293,154.823560,150.732507
379.598330,154.823560,150.732978
379.598384,154.823560,150.734134
379.598427,154.823560,150.734392
379.598460,154.823560,139.103683
379.598481,154.823560,144.020354
379.598499,154.823560,144.461674
379.598517,154.823560,150.735861
379.598554,154.823560,150.736075
379.598592,154.823560,150.736515
379.598617,154.823560,150.736742
379.598664,154.823560,150.741088
379.598692,154.823560,150.742397
379.598795,154.823560,150.744027
379.598833,154.823560,150.744118
379.598874,154.823560,150.744714
379.598950,154.823560,150.749304
379.598978,154.823560,150.749864
379.599011,154.823560,150.750194
379.599066,154.823560,150.750538
379.599093,154.823560,150.752710
379.599122,154.823560,150.754160
379.599164,154.823560,150.755069
379.599201,154.823560,150.757221
379.599227,154.823560,150.757730
379.599257,154.823560,150.758242
379.599300,154.823560,150.760766
379.599336,154.823560,150.765114
379.599364,154.823560,150.766171
379.599421,154.823560,150.776110
379.599447,154.823560,150.781714
379.599476,154.823560,150.785723
379.599508,154.823560,150.787221
379.599545,154.823560,150.787501
379.599576,154.823560,150.787608
379.599604,154.823560,150.788365
379.599642,154.823560,150.790491
379.599667,154.823560,150.790842
379.599693,154.823560,150.791254
379.599712,154.823560,150.793774
379.599735,154.823560,150.794389
379.599761,154.823560,150.795792
379.599791,154.823560,122.572440
379.599810,154.823560,150.796774
379.599852,154.823560,150.800003
379.599877,154.823560,150.809704
379.599932,154.823560,150.810133
379.599970,154.823560,150.815701
379.600002,154.823560,150.818840
379.600047,154.823560,150.819758
379.600084,154.823560,150.820349
379.600117,154.823560,150.820696
379.600199,154.823560,150.821643
379.600252,154.823560,150.823469
379.600284,154.823560,150.828317
379.600321,154.823560,150.833520
379.600393,154.823560,150.833957
379.600425,154.823560,150.834008
379.600540,154.823560,150.834456
379.600575,154.823560,150.559155
379.600594,154.823560,150.749414
379.600612,154.823560,150.837720
379.600641,154.823560,150.840646
379.600681,154.823560,150.840907
379.600720,154.823560,150.841587
379.600770,154.823560,150.841738
379.600814,154.823560,150.841878
379.600839,154.823560,150.842958
379.600919,154.823560,150.845258
379.600947,154.823560,150.845434
379.600976,154.823560,150.846848
379.601003,154.823560,150.848149
379.601055,154.823560,150.848411
379.601074,154.823560,150.848413
379.601165,154.823560,150.850083
379.601203,154.823560,150.852248
379.601240,154.823560,150.852422
379.601414,154.823560,150.857984
379.601450,154.823560,150.862040
379.601487,154.823560,150.862843
379.601519,154.823560,150.864291
379.601562,154.823560,150.865474
379.601592,154.823560,150.867077
379.601632,154.823560,150.867221
379.601661,154.823560,150.867997
379.601688,154.823560,150.868270
379.601722,154.823560,150.869749
379.601750,154.823560,150.873078
379.601785,154.823560,150.874088
379.601852,154.823560,150.875986
379.601879,154.823560,150.878411
379.601919,154.823560,150.879515
379.601956,154.823560,150.880149
379.601977,154.823560,150.886941
379.602009,154.823560,150.887736
379.602032,154.823560,150.889504
379.602156,154.823560,150.890878
379.602201,154.823560,150.891139
379.602243,154.823560,150.893030
379.602293,154.823560,150.896296
379.602312,154.823560,150.898046
379.602355,154.823560,150.898261
379.602402,154.823560,150.900405
379.602451,154.823560,150.900752
379.602483,154.823560,150.904462
379.602526,154.823560,150.908016
379.602546,154.823560,150.909984
379.602585,154.823560,150.912437
379.602683,154.823560,150.912870
379.602706,154.823560,143.669219
379.602723,154.823560,150.913877
379.602760,154.823560,150.916256
379.602797,154.823560,150.917251
379.602824,154.823560,150.920058
379.602874,154.823560,150.921286
379.602930,154.823560,150.921616
379.602961,154.823560,123.316144
379.602978,154.823560,150.923923
379.602998,154.823560,150.925893
379.603049,154.823560,150.927062
379.603090,154.823560,150.931790
379.603128,154.823560,150.932088
379.603151,154.823560,150.935334
379.603178,154.823560,150.936864
379.603216,154.823560,150.942190
379.603241,154.823560,150.946197
379.603286,154.823560,150.948198
379.603381,154.823560,150.949998
379.603420,154.823560,150.954294
379.603445,154.823560,150.954472
379.603493,154.823560,150.954678
379.603517,154.823560,150.956269
379.603543,154.823560,150.956704
379.603570,154.823560,150.958938
379.603593,154.823560,150.959464
379.603636,154.823560,150.960594
379.603679,154.823560,150.961418
379.603704,154.823560,150.963654
379.603771,154.823560,150.965531
379.603822,154.823560,134.967566
379.603843,154.823560,139.655808
379.603861,154.823560,140.063248
379.603890,154.823560,150.966318
379.603922,154.823560,150.973232
379.603962,154.823560,150.973866
379.604004,154.823560,150.979008
379.604030,154.823560,150.980048
379.604085,154.823560,150.981536
379.604114,154.823560,150.982773
379.604160,154.823560,150.984040
379.604190,154.823560,148.416562
379.604208,154.823560,150.984499
379.604240,154.823560,150.986358
379.604266,154.823560,150.986734
379.604334,154.823560,150.990517
379.604379,154.823560,150.990642
379.604414,154.823560,150.993218
379.604439,154.823560,150.993422
379.604477,154.823560,150.997267
379.604516,154.823560,150.999400
379.604572,154.823560,151.000514
379.604623,154.823560,151.002605
379.604702,154.823560,151.003666
379.604722,154.823560,151.007947
379.604755,154.823560,151.008776
379.604792,154.823560,151.009024
379.604839,154.823560,151.011597
379.604864,154.823560,145.672854
379.604881,154.823560,151.013680
379.604922,154.823560,151.014046
379.604961,154.823560,151.014298
379.605001,154.823560,151.014360
379.605054,154.823560,151.015654
379.605075,154.823560,151.007469
379.605092,154.823560,151.018517
379.605154,154.823560,151.025805
379.605179,154.823560,151.026858
379.605224,154.823560,151.031259
379.605256,154.823560,151.034555
379.605294,154.823560,151.036835
379.605337,154.823560,151.037422
379.605363,154.823560,151.037904
379.605403,154.823560,151.040064
379.605439,154.823560,151.040634
379.605470,154.823560,151.041014
379.605521,154.823560,151.043246
379.605542,154.823560,142.572152
379.605560,154.823560,151.046286
379.605585,154.823560,151.046802
379.605691,154.823560,151.047576
379.605717,154.823560,151.048045
379.605749,154.823560,151.048230
379.605787,154.823560,151.049597
379.605827,154.823560,151.050774
379.605853,154.823560,151.052864
379.605892,154.823560,151.053669
379.605939,154.823560,151.053750
379.605983,154.823560,151.053936
379.606023,154.823560,151.053938
379.606084,154.823560,151.054670
379.606111,154.823560,151.056286
379.606160,154.823560,151.056574
379.606184,154.823560,151.060102
379.606211,154.823560,151.061782
379.606234,154.823560,151.066352
379.606260,154.823560,151.070827
379.606303,154.823560,151.071680
379.606336,154.823560,151.072592
379.606362,154.823560,151.075430
379.606408,154.823560,151.075946
379.606446,154.823560,151.076603
379.606472,154.823560,151.077877
379.606495,154.823560,151.078523
379.606520,154.823560,151.081186
379.606559,154.823560,151.083474
379.606585,154.823560,151.084002
379.606642,154.823560,151.084758
379.606670,154.823560,151.087296
379.606696,154.823560,151.092000
379.606723,154.823560,151.095285
379.606749,154.823560,151.095677
379.606876,154.823560,151.095786
379.606913,154.823560,151.097851
379.606938,154.823560,151.108874
379.606964,154.823560,151.110235
379.606993,154.823560,151.112179
379.607035,154.823560,151.113590
379.607060,154.823560,151.115034
379.607088,154.823560,151.115224
379.607117,154.823560,151.115552
379.607153,154.823560,151.116816
379.607187,154.823560,151.119854
379.607317,154.823560,151.126560
379.607356,154.823560,151.126784
379.607398,154.823560,151.127411
379.607432,154.823560,151.128326
379.607468,154.823560,151.129878
379.607507,154.823560,151.130432
379.607538,154.823560,151.130938
379.607567,154.823560,151.131136
379.607601,154.823560,151.131898
379.607628,154.823560,151.133099
379.607666,154.823560,151.133483
379.607699,154.823560,151.133962
379.607748,154.823560,151.136419
379.607801,154.823560,151.137342
379.607843,154.823560,151.137653
379.607893,154.823560,151.138048
379.607920,154.823560,151.138301
379.607946,154.823560,151.138795
379.607975,154.823560,151.140810
379.608000,154.823560,151.143462
379.608051,154.823560,151.144422
379.608082,154.823560,151.144557
379.608120,154.823560,151.147030
379.608152,154.823560,151.149688
379.608182,154.823560,151.155925
379.608227,154.823560,151.159352
379.608249,154.823560,151.160075
379.608271,154.823560,151.162752
379.608296,154.823560,151.163992
379.608328,154.823560,144.185123
379.608348,154.823560,149.101794
379.608364,154.823560,149.543114
379.608381,154.823560,151.164096
379.608417,154.823560,151.164715
379.608457,154.823560,151.166581
379.608596,154.823560,151.166723
379.608620,154.823560,151.171790
379.608645,154.823560,151.172208
379.608687,154.823560,151.172650
379.608724,154.823560,151.173827
379.608749,154.823560,151.175088
379.608776,154.823560,151.177077
379.608818,154.823560,151.183349
379.608841,154.823560,151.185214
379.608873,154.823560,151.187648
379.608897,154.823560,151.190869
379.608963,154.823560,151.192696
379.608997,154.823560,151.193032
379.609027,154.823560,151.195989
379.609064,154.823560,151.198176
379.609109,154.823560,151.198280
379.609136,154.823560,151.204032
379.609182,154.823560,151.205515
379.609209,154.823560,151.205686
379.609254,154.823560,151.206096
379.609281,154.823560,151.208891
379.609344,154.823560,151.211021
379.609386,154.823560,151.211202
379.609418,154.823560,151.213248
379.609456,154.823560,151.214256
379.609516,154.823560,151.214496
379.609562,154.823560,151.216064
379.609585,154.823560,151.220866
379.609608,154.823560,151.229000
379.609638,154.823560,151.229014
379.609661,154.823560,151.229274
379.609709,154.823560,151.229808
379.609727,154.823560,151.232229
379.609767,154.823560,151.232240
379.609803,154.823560,151.233110
379.609825,154.823560,151.235618
379.609858,154.823560,151.236229
379.609897,154.823560,151.238168
379.609919,154.823560,149.480910
379.609935,154.823560,151.240146
379.609974,154.823560,151.241323
379.609998,154.823560,151.242026
379.610016,154.823560,151.243186
379.610048,154.823560,151.245139
379.610074,154.823560,151.247118
379.610117,154.823560,151.247269
379.610151,154.823560,151.248790
379.610181,154.823560,151.253534
379.610220,154.823560,151.253874
379.610258,154.823560,151.254365
379.610280,154.823560,151.256706
379.610301,154.823560,130.807360
379.610318,154.823560,151.256846
379.610355,154.823560,151.260597
379.610394,154.823560,151.263877
379.610446,154.823560,151.266128
379.610482,154.823560,151.267008
379.610505,154.823560,151.268078
379.610530,154.823560,151.268354
379.610568,154.823560,151.269174
379.610612,154.823560,151.270445
379.610646,154.823560,151.271248
379.610664,154.823560,151.271536
379.610689,154.823560,151.278478
379.610714,154.823560,151.282768
379.610740,154.823560,151.285046
379.610762,154.823560,151.285973
379.610780,154.823560,151.287584
379.610803,154.823560,151.287794
379.610846,154.823560,151.288986
379.610872,154.823560,151.290501
379.610894,154.823560,151.291296
379.610917,154.823560,151.292390
379.610954,154.823560,151.293280
379.610994,154.823560,151.295088
379.611018,154.823560,151.295144
379.611054,154.823560,151.296000
379.611079,154.823560,151.298782
379.611134,154.823560,151.304890
379.611170,154.823560,151.308602
379.611193,154.823560,151.311162
379.611216,154.823560,151.311272
379.611241,154.823560,151.316128
379.611266,154.823560,151.316643
379.611300,154.823560,151.318352
379.611320,154.823560,151.319658
379.611372,154.823560,151.321998
379.611399,154.823560,148.934490
379.611416,154.823560,151.322698
379.611463,154.823560,151.331675
379.611520,154.823560,151.334861
379.611547,154.823560,151.335782
379.611584,154.823560,151.339594
379.611610,154.823560,151.343579
379.611651,154.823560,151.345229
379.611689,154.823560,151.345632
379.611718,154.823560,151.353987
379.611748,154.823560,151.355019
379.611772,154.823560,151.355829
379.611810,154.823560,151.357360
379.611831,154.823560,150.438234
379.611847,154.823560,151.357435
379.611867,154.823560,151.357493
379.611901,154.823560,151.358283
379.611942,154.823560,139.056334
379.611959,154.823560,143.599987
379.611979,154.823560,148.957978
379.611997,154.823560,151.358688
379.612032,154.823560,151.359182
379.612080,154.823560,151.359645
379.612137,154.823560,151.363061
379.612182,154.823560,151.363768
379.612206,154.823560,151.366811
379.612231,154.823560,151.369134
379.612301,154.823560,151.369810
379.612338,154.823560,151.370803
379.612360,154.823560,151.371035
379.612404,154.823560,151.373381
379.612443,154.823560,151.374186
379.612465,154.823560,151.374443
379.612521,154.823560,151.374590
379.612549,154.823560,151.376069
379.612573,154.823560,151.378582
379.612610,154.823560,151.379397
379.612634,154.823560,151.381502
379.612678,154.823560,141.485242
379.612697,154.823560,146.401912
379.612726,154.823560,146.843232
379.612742,154.823560,149.206638
379.612763,154.823560,151.381774
379.612784,154.823560,151.385339
379.612820,154.823560,151.386165
379.612861,154.823560,151.386240
379.612885,154.823560,151.387248
379.612931,154.823560,151.389306
379.612968,154.823560,151.391318
379.613003,154.823560,151.392752
379.613025,154.823560,151.393234
379.613069,154.823560,151.396048
379.613113,154.823560,151.397661
379.613165,154.823560,151.398418
379.613184,154.823560,151.399064
379.613208,154.823560,151.399880
379.613227,154.823560,146.981389
379.613244,154.823560,151.400488
379.613269,154.823560,151.402798
379.613292,154.823560,151.403045
379.613322,154.823560,151.403546
379.613346,154.823560,151.403672
379.613375,154.823560,143.441221
379.613391,154.823560,149.980042
379.613412,154.823560,151.406352
379.613445,154.823560,151.413626
379.613483,154.823560,151.417461
379.613506,154.823560,151.417805
379.613529,154.823560,151.417994
379.613593,154.823560,151.418568
379.613617,154.823560,151.419150
379.613640,154.823560,151.420427
379.613690,154.823560,151.423024
379.613730,154.823560,151.425211
379.613768,154.823560,151.425717
379.613808,154.823560,151.426723
379.613829,154.823560,151.427478
379.613856,154.823560,151.434355
379.613880,154.823560,151.434874
379.613908,154.823560,151.436187
379.613936,154.823560,151.437080
379.613961,154.823560,151.437106
379.613990,154.823560,136.974776
379.614009,154.823560,140.885595
379.614031,154.823560,141.891446
379.614059,154.823560,142.659190
379.614075,154.823560,148.524435
379.614094,154.823560,151.437888
379.614129,154.823560,151.438373
379.614166,154.823560,151.440040
379.614194,154.823560,151.440763
379.614252,154.823560,151.442248
379.614276,154.823560,151.443693
379.614307,154.823560,151.445090
379.614356,154.823560,151.446291
379.614419,154.823560,151.449042
379.614455,154.823560,151.450038
379.614480,154.823560,151.453002
379.614523,154.823560,151.458944
379.614585,154.823560,151.459835
379.614607,154.823560,151.459963
379.614632,154.823560,151.467269
379.614667,154.823560,151.470410
379.614709,154.823560,151.470427
379.614754,154.823560,151.478880
379.614771,154.823560,151.481941
379.614795,154.823560,151.483630
379.614834,154.823560,151.483792
379.614859,154.823560,151.484054
379.614881,154.823560,151.484619
379.614903,154.823560,151.486616
379.614935,154.823560,151.487342
379.615021,154.823560,151.487718
379.615057,154.823560,151.488896
379.615080,154.823560,151.490048
379.615103,154.823560,151.490917
379.615125,154.823560,151.494136
379.615156,154.823560,151.499440
379.615181,154.823560,151.500880
379.615231,154.823560,151.500890
379.615270,154.823560,151.501453
379.615291,154.823560,151.501760
379.615325,154.823560,151.502437
379.615361,154.823560,151.502672
379.615401,154.823560,151.503144
379.615436,154.823560,151.503829
379.615467,154.823560,138.131227
379.615491,154.823560,139.946222
379.615509,154.823560,144.862893
379.615524,154.823560,145.304213
379.615540,154.823560,147.131054
379.615560,154.823560,150.303261
379.615578,154.823560,151.504293
379.615615,154.823560,151.505643
379.615637,154.823560,151.509978
379.615678,154.823560,151.510275
379.615738,154.823560,151.510778
379.615779,154.823560,151.513102
379.615828,154.823560,151.516523
379.615855,154.823560,151.517710
379.615895,154.823560,151.524544
379.615917,154.823560,151.525446
379.615937,154.823560,150.225878
379.615952,154.823560,151.528464
379.615974,154.823560,151.531491
379.615998,154.823560,151.532416
379.616043,154.823560,151.536008
379.616065,154.823560,151.536859
379.616099,154.823560,151.536930
379.616150,154.823560,151.540434
379.616181,154.823560,151.542181
379.616216,154.823560,151.544746
379.616258,154.823560,151.545533
379.616281,154.823560,151.546677
379.616304,154.823560,151.547288
379.616341,154.823560,151.549290
379.616386,154.823560,151.550704
379.616410,154.823560,151.551768
379.616443,154.823560,151.555344
379.616464,154.823560,151.555464
379.616487,154.823560,151.556432
379.616511,154.823560,151.558206
379.616537,154.823560,151.558283
379.616572,154.823560,151.558536
379.616595,154.823560,151.559899
379.616628,154.823560,151.561232
379.616665,154.823560,151.561456
379.616707,154.823560,151.561630
379.616741,154.823560,134.829546
379.616763,154.823560,134.942565
379.616779,154.823560,143.522109
379.616797,154.823560,145.657285
379.616812,154.823560,149.549848
379.616828,154.823560,151.564838
379.616858,154.823560,151.566472
379.616888,154.823560,151.567394
379.616923,154.823560,151.569573
379.616957,154.823560,151.569837
379.616989,154.823560,151.570386
379.617005,154.823560,151.571166
379.617050,154.823560,151.571650
379.617084,154.823560,151.573658
379.617112,154.823560,151.573955
379.617150,154.823560,151.574163
379.617188,154.823560,151.578443
379.617212,154.823560,151.579518
379.617250,154.823560,151.581518
379.617289,154.823560,151.582205
379.617313,154.823560,151.582528
379.617349,154.823560,151.583221
379.617377,154.823560,151.588619
379.617412,154.823560,151.590776
379.617448,154.823560,151.592029
379.617545,154.823560,151.592600
379.617588,154.823560,151.593845
379.617621,154.823560,151.594776
379.617676,154.823560,151.594784
379.617698,154.823560,151.597941
379.617722,154.823560,151.601250
379.617743,154.823560,151.601346
379.617775,154.823560,151.602360
379.617821,154.823560,151.604310
379.617859,154.823560,151.607136
379.617920,154.823560,151.607432
379.617976,154.823560,151.607610
379.618010,154.823560,151.611046
379.618036,154.823560,151.613970
379.618070,154.823560,151.614091
379.618100,154.823560,151.614755
379.618146,154.823560,151.620523
379.618190,154.823560,151.630026
379.618247,154.823560,151.630318
379.618284,154.823560,151.634680
379.618328,154.823560,151.635150
379.618357,154.823560,151.636312
379.618379,154.823560,151.636515
379.618402,154.823560,151.642448
379.618443,154.823560,151.643213
379.618467,154.823560,151.643995
379.618488,154.823560,151.644170
379.618530,154.823560,151.646475
379.618558,154.823560,151.649210
379.618609,154.823560,151.651835
379.618688,154.823560,151.652970
379.618731,154.823560,151.653605
379.618755,154.823560,151.654275
379.618788,154.823560,151.655219
379.618833,154.823560,151.659104
379.618869,154.823560,151.661040
379.618892,154.823560,151.663659
379.618963,154.823560,151.663946
379.619004,154.823560,151.666102
379.619033,154.823560,151.667645
379.619068,154.823560,151.667976
379.619093,154.823560,151.669626
379.619114,154.823560,151.670381
379.619162,154.823560,151.672464
379.619209,154.823560,151.673686
379.619242,154.823560,151.674357
379.619281,154.823560,151.675018
379.619301,154.823560,151.675552
379.619334,154.823560,151.677354
379.619373,154.823560,151.677826
379.619393,154.823560,151.680995
379.619428,154.823560,151.681466
379.619450,154.823560,151.681654
379.619485,154.823560,151.682162
379.619526,154.823560,151.683582
379.619585,154.823560,151.684130
379.619670,154.823560,151.685107
379.619696,154.823560,151.694507
379.619718,154.823560,151.697061
379.619750,154.823560,151.698301
379.619792,154.823560,151.702986
379.619824,154.823560,151.704347
379.619848,154.823560,151.708517
379.619876,154.823560,151.709659
379.619909,154.823560,151.709965
379.619949,154.823560,151.710379
379.619985,154.823560,151.711155
379.620022,154.823560,151.714035
379.620040,154.823560,151.715810
379.620065,154.823560,151.717370
379.620083,154.823560,151.721707
379.620136,154.823560,151.722379
379.620167,154.823560,129.218190
379.620190,154.823560,137.306368
379.620205,154.823560,138.616192
379.620220,154.823560,141.100026
379.620240,154.823560,143.582682
379.620261,154.823560,146.458016
379.620276,154.823560,148.822106
379.620300,154.823560,148.940672
379.620315,154.823560,151.722710
379.620335,154.823560,151.723179
379.620385,154.823560,151.724085
379.620405,154.823560,151.728728
379.620438,154.823560,151.729331
379.620474,154.823560,151.731707
379.620491,154.823560,151.733410
379.620510,154.823560,151.734914
379.620542,154.823560,151.738704
379.620584,154.823560,151.738896
379.620602,154.823560,145.242010
379.620617,154.823560,151.743229
379.620642,154.823560,151.743238
379.620710,154.823560,151.745534
379.620749,154.823560,151.746981
379.620784,154.823560,151.750059
379.620813,154.823560,151.751085
379.620847,154.823560,151.755632
379.620880,154.823560,151.755658
379.620899,154.823560,151.757314
379.620935,154.823560,151.758035
379.620956,154.823560,151.761360
379.620991,154.823560,151.766677
379.621028,154.823560,151.771573
379.621066,154.823560,151.773952
379.621088,154.823560,151.776082
379.621130,154.823560,145.438542
379.621152,154.823560,151.776224
379.621191,154.823560,151.778912
379.621214,154.823560,151.782482
379.621268,154.823560,151.784067
379.621298,154.823560,151.784704
379.621330,154.823560,151.784934
379.621350,154.823560,151.786875
379.621387,154.823560,151.787867
379.621409,154.823560,151.791258
379.621431,154.823560,151.797008
379.621450,154.823560,151.799626
379.621484,154.823560,151.800437
379.621517,154.823560,151.804997
379.621539,154.823560,151.805198
379.621575,154.823560,151.810072
379.621594,154.823560,151.810080
379.621689,154.823560,151.812707
379.621757,154.823560,151.814245
379.621783,154.823560,151.814250
379.621873,154.823560,151.822219
379.621937,154.823560,151.823290
379.621958,154.823560,151.828480
379.621981,154.823560,151.830173
379.622007,154.823560,151.832411
379.622033,154.823560,151.832627
379.622062,154.823560,151.834397
379.622085,154.823560,151.839520
379.622106,154.823560,151.840595
379.622128,154.823560,151.841808
379.622148,154.823560,151.842235
379.622205,154.823560,151.843334
379.622254,154.823560,151.846187
379.622297,154.823560,151.847213
379.622338,154.823560,151.849813
379.622372,154.823560,151.851254
379.622460,154.823560,151.851792
379.622484,154.823560,151.852496
379.622562,154.823560,151.853107
379.622608,154.823560,151.855200
379.622639,154.823560,151.855406
379.622665,154.823560,144.562704
379.622680,154.823560,151.855406
379.622707,154.823560,144.562704
379.622721,154.823560,151.858141
379.622767,154.823560,151.858261
379.622801,154.823560,151.859176
379.622825,154.823560,151.859901
379.622957,154.823560,151.863744
379.622997,154.823560,151.868003
379.623037,154.823560,151.868267
379.623072,154.823560,151.869098
379.623113,154.823560,151.871299
379.623145,154.823560,151.871712
379.623179,154.823560,151.873339
379.623247,154.823560,151.878208
379.623281,154.823560,151.880846
379.623305,154.823560,151.882384
379.623339,154.823560,151.886182
379.623361,154.823560,151.886354
379.623380,154.823560,126.340726
379.623394,154.823560,151.887472
379.623414,154.823560,151.888470
379.623439,154.823560,151.892464
379.623458,154.823560,151.892536
379.623478,154.823560,151.893904
379.623511,154.823560,151.894182
379.623572,154.823560,151.896074
379.623594,154.823560,151.896989
379.623641,154.823560,151.898286
379.623693,154.823560,151.899667
379.623718,154.823560,151.899830
379.623751,154.823560,151.900106
379.623789,154.823560,151.902875
379.623825,154.823560,151.907426
379.623878,154.823560,151.909744
379.623901,154.823560,151.909824
379.623923,154.823560,151.910094
379.623943,154.823560,151.910890
379.623985,154.823560,151.919726
379.624004,154.823560,143.693317
379.624018,154.823560,151.926675
379.624037,154.823560,151.927170
379.624158,154.823560,151.928882
379.624181,154.823560,151.928965
379.624201,154.823560,151.929038
379.624221,154.823560,151.930304
379.624257,154.823560,151.930432
379.624281,154.823560,151.931187
379.624314,154.823560,151.932160
379.624440,154.823560,151.933722
379.624498,154.823560,151.937726
379.624518,154.823560,151.940139
379.624544,154.823560,151.940453
379.624565,154.823560,151.940806
379.624612,154.823560,151.941606
379.624634,154.823560,151.943085
379.624654,154.823560,151.943408
379.624689,154.823560,151.946187
379.624729,154.823560,151.951064
379.624750,154.823560,151.951171
379.624788,154.823560,151.951277
379.624840,154.823560,151.951805
379.624872,154.823560,151.954328
379.624894,154.823560,151.954821
379.624931,154.823560,151.955152
379.624966,154.823560,151.957898
379.625001,154.823560,151.960859
379.625044,154.823560,151.961125
379.625068,154.823560,151.961461
379.625120,154.823560,151.962360
379.625142,154.823560,151.964280
379.625179,154.823560,151.966947
379.625217,154.823560,151.969784
379.625258,154.823560,151.971059
379.625282,154.823560,151.971482
379.625307,154.823560,151.972352
379.625344,154.823560,151.973186
379.625377,154.823560,151.973723
379.625412,154.823560,151.975104
379.625430,154.823560,151.977776
379.625457,154.823560,151.978430
379.625483,154.823560,151.978952
379.625501,154.823560,144.619218
379.625516,154.823560,151.979131
379.625535,154.823560,151.979486
379.625569,154.823560,151.981043
379.625595,154.823560,151.982682
379.625626,154.823560,151.984960
379.625651,154.823560,151.986997
379.625710,154.823560,151.987942
379.625742,154.823560,151.988526
379.625774,154.823560,151.988787
379.625801,154.823560,151.989542
379.625821,154.823560,151.990168
379.625852,154.823560,134.557640
379.625868,154.823560,139.220542
379.625886,154.823560,139.245882
379.625901,154.823560,139.653322
379.625915,154.823560,145.341850
379.625931,154.823560,149.699846
379.625953,154.823560,149.909272
379.625967,154.823560,150.699840
379.625981,154.823560,151.992221
379.626011,154.823560,151.992595
379.626052,154.823560,151.992674
379.626082,154.823560,151.993066
379.626104,154.823560,151.996494
379.626129,154.823560,152.000042
379.626161,154.823560,152.001219
379.626181,154.823560,152.001733
379.626202,154.823560,152.003424
379.626237,154.823560,152.003472
379.626258,154.823560,152.003811
379.626275,154.823560,152.004923
379.626294,154.823560,152.005749
379.626313,154.823560,152.011766
379.626385,154.823560,152.015278
379.626421,154.823560,152.017114
379.626455,154.823560,152.018022
379.626501,154.823560,152.022869
379.626536,154.823560,152.026240
379.626560,154.823560,152.029277
379.626592,154.823560,152.030464
379.626626,154.823560,152.033882
379.626656,154.823560,152.034464
379.626679,154.823560,152.035699
379.626702,154.823560,152.040986
379.626724,154.823560,152.041456
379.626739,154.823560,152.041662
379.626758,154.823560,152.041926
379.626793,154.823560,152.042336
379.626856,154.823560,152.042864
379.626901,154.823560,152.044432
379.626920,154.823560,152.053787
379.626945,154.823560,152.057102
379.626978,154.823560,152.059048
379.627012,154.823560,152.059574
379.627048,154.823560,130.357565
379.627075,154.823560,141.024506
379.627095,154.823560,147.863256
379.627109,154.823560,152.060603
379.627128,154.823560,152.065424
379.627149,154.823560,152.066115
379.627180,154.823560,152.068016
379.627208,154.823560,152.068320
379.627237,154.823560,152.069477
379.627269,154.823560,152.070366
379.627418,154.823560,152.071608
379.627439,154.823560,152.074915
379.627459,154.823560,152.075293
379.627530,154.823560,152.075397
379.627545,154.823560,152.076197
379.627569,154.823560,152.078282
379.627601,154.823560,152.081469
379.627654,154.823560,152.081923
379.627686,154.823560,152.084032
379.627709,154.823560,152.084469
379.627751,154.823560,152.084549
379.627786,154.823560,152.087699
379.627801,154.823560,152.088206
379.627824,154.823560,152.089088
379.627855,154.823560,152.090638
379.627878,154.823560,152.091344
379.627904,154.823560,152.094080
379.627936,154.823560,152.095486
379.627970,154.823560,152.096346
379.627988,154.823560,152.097184
379.628009,154.823560,152.100213
379.628028,154.823560,152.104405
379.628074,154.823560,152.104720
379.628111,154.823560,152.105445
379.628129,154.823560,152.105574
379.628212,154.823560,152.105606
379.628233,154.823560,152.106419
379.628274,154.823560,152.107280
379.628295,154.823560,152.108357
379.628328,154.823560,152.109878
379.628349,154.823560,152.109906
379.628437,154.823560,152.111773
379.628454,154.823560,123.201357
379.628467,154.823560,152.111806
379.628537,154.823560,152.112558
379.628574,154.823560,152.114429
379.628605,154.823560,152.114634
379.628636,154.823560,152.115368
379.628655,154.823560,152.115698
379.628703,154.823560,152.116853
379.628760,154.823560,152.122750
379.628779,154.823560,152.122965
379.628843,154.823560,152.123386
379.628868,154.823560,152.123915
379.628904,154.823560,152.127128
379.628926,154.823560,141.641946
379.628940,154.823560,152.127411
379.628955,154.823560,152.128216
379.628982,154.823560,152.131616
379.629004,154.823560,152.132496
379.629032,154.823560,152.140906
379.629062,154.823560,152.143661
379.629102,154.823560,152.144456
379.629138,154.823560,152.144544
379.629188,154.823560,152.145706
379.629221,154.823560,152.155069
379.629236,154.823560,152.155968
379.629270,154.823560,152.162317
379.629299,154.823560,152.163013
379.629318,154.823560,152.164419
379.629351,154.823560,152.164758
379.629370,154.823560,152.165787
379.629403,154.823560,152.166075
379.629461,154.823560,152.166606
379.629487,154.823560,152.169525
379.629521,154.823560,152.171078
379.629541,154.823560,152.172973
379.629579,154.823560,152.174910
379.629603,154.823560,152.178429
379.629635,154.823560,152.178563
379.629653,154.823560,152.178851
379.629674,154.823560,152.178899
379.629735,154.823560,152.180534
379.629758,154.823560,152.180946
379.629801,154.823560,152.181456
379.629820,154.823560,152.182355
379.629843,154.823560,152.183179
379.629886,154.823560,152.183371
379.629923,154.823560,152.184054
379.629995,154.823560,152.185072
379.630034,154.823560,152.185810
379.630055,154.823560,152.188027
379.630087,154.823560,152.191878
379.630106,154.823560,152.192406
379.630140,154.823560,152.193422
379.630188,154.823560,152.194656
379.630234,154.823560,152.195006
379.630263,154.823560,152.202283
379.630312,154.823560,152.203166
379.630331,154.823560,152.206714
379.630363,154.823560,152.209445
379.630417,154.823560,152.209643
379.630445,154.823560,152.211755
379.630490,154.823560,152.211942
379.630515,154.823560,152.212576
379.630530,154.823560,152.212963
379.630563,154.823560,152.222462
379.630590,154.823560,152.223189
379.630608,154.823560,152.223357
379.630628,154.823560,152.224563
379.630658,154.823560,152.224894
379.630687,154.823560,152.229190
379.630715,154.823560,152.229477
379.630741,154.823560,148.560464
379.630756,154.823560,152.231288
379.630795,154.823560,152.237086
379.630823,154.823560,150.054782
379.630843,154.823560,150.369502
379.630867,154.823560,152.237086
379.630895,154.823560,150.054782
379.630915,154.823560,150.369502
379.630939,154.823560,152.239928
379.630960,154.823560,152.244578
379.630989,154.823560,152.246352
379.631002,154.823560,152.246493
379.631024,154.823560,152.248594
379.631061,154.823560,152.249643
379.631094,154.823560,152.251498
379.631112,154.823560,152.253738
379.631152,154.823560,152.254539
379.631185,154.823560,152.257408
379.631324,154.823560,152.259200
379.631339,154.823560,152.266586
379.631363,154.823560,152.267365
379.631382,154.823560,152.268622
379.631417,154.823560,152.269125
379.631447,154.823560,152.270518
379.631463,154.823560,152.271022
379.631482,154.823560,152.273152
379.631505,154.823560,152.275424
379.631523,154.823560,152.276506
379.631539,154.823560,152.277534
379.631577,154.823560,152.278635
379.631640,154.823560,152.278870
379.631679,154.823560,152.281936
379.631728,154.823560,132.572059
379.631764,154.823560,141.303555
379.631792,154.823560,143.060750
379.631808,154.823560,144.502734
379.631840,154.823560,145.550477
379.631865,154.823560,145.991797
379.631888,154.823560,146.985390
379.631908,154.823560,147.128661
379.631931,154.823560,148.418741
379.631944,154.823560,151.292814
379.631959,154.823560,152.282368
379.631991,154.823560,152.283616
379.632028,154.823560,152.283891
379.632051,154.823560,152.285798
379.632085,154.823560,152.287861
379.632104,154.823560,152.288832
379.632122,154.823560,152.289509
379.632142,154.823560,152.291838
379.632167,154.823560,152.295712
379.632188,154.823560,152.301181
379.632222,154.823560,152.301382
379.632280,154.823560,152.305362
379.632324,154.823560,152.311442
379.632355,154.823560,152.311531
379.632388,154.823560,152.311854
379.632420,154.823560,152.313032
379.632437,154.823560,152.313563
379.632455,154.823560,152.316006
379.632473,154.823560,152.316083
379.632511,154.823560,152.318960
379.632541,154.823560,152.319826
379.632566,154.823560,152.320989
379.632602,154.823560,152.322667
379.632660,154.823560,152.322920
379.632715,154.823560,152.324797
379.632752,154.823560,152.325019
379.632791,154.823560,152.325918
379.632835,154.823560,152.327058
379.632882,154.823560,152.329344
379.632907,154.823560,152.330912
379.632925,154.823560,152.339360
379.632943,154.823560,152.344515
379.632960,154.823560,152.345670
379.632979,154.823560,152.347003
379.633011,154.823560,138.674830
379.633023,154.823560,140.226192
379.633036,154.823560,141.596390
379.633052,154.823560,147.537710
379.633064,154.823560,150.293830
379.633098,154.823560,152.349056
379.633118,154.823560,152.349512
379.633135,154.823560,152.350566
379.633153,154.823560,152.352862
379.633199,154.823560,152.353155
379.633250,154.823560,152.356331
379.633278,154.823560,152.356666
379.633291,154.823560,152.357555
379.633316,154.823560,152.358776
379.633346,154.823560,150.412150
379.633366,154.823560,152.362365
379.633384,154.823560,152.363776
379.633401,154.823560,152.364264
379.633429,154.823560,152.366739
379.633446,154.823560,152.368768
379.633478,154.823560,152.371446
379.633495,154.823560,152.374114
379.633522,154.823560,152.377384
379.633541,154.823560,152.378266
379.633566,154.823560,152.380872
379.633588,154.823560,152.382603
379.633615,154.823560,152.383544
379.633637,154.823560,152.383712
379.633655,154.823560,152.384298
379.633704,154.823560,152.385101
379.633734,154.823560,152.386483
379.633771,154.823560,152.392550
379.633794,154.823560,152.393880
379.633826,154.823560,152.401224
379.633936,154.823560,152.402912
379.633983,154.823560,152.405672
379.634012,154.823560,139.816931
379.634037,154.823560,152.407264
379.634057,154.823560,152.407563
379.634091,154.823560,148.353710
379.634115,154.823560,152.413008
379.634195,154.823560,152.413328
379.634227,154.823560,152.413334
379.634241,154.823560,152.413355
379.634268,154.823560,140.559078
379.634281,154.823560,150.894784
379.634296,154.823560,152.417181
379.634328,154.823560,152.417717
379.634357,154.823560,152.418406
379.634388,154.823560,152.419240
379.634418,154.823560,152.420691
379.634456,154.823560,152.420976
379.634474,154.823560,152.423152
379.634492,154.823560,152.424085
379.634527,154.823560,152.424312
379.634581,154.823560,152.425192
379.634600,154.823560,152.430094
379.634619,154.823560,152.433762
379.634650,154.823560,152.435504
379.634668,154.823560,152.437581
379.634703,154.823560,152.440450
379.634729,154.823560,152.441362
379.634759,154.823560,152.441976
379.634788,154.823560,152.442016
379.634804,154.823560,152.450456
379.634839,154.823560,152.454586
379.634906,154.823560,152.457317
379.634944,154.823560,152.459322
379.634973,154.823560,152.460232
379.635012,154.823560,152.460434
379.635029,154.823560,152.460544
379.635056,154.823560,152.461773
379.635125,154.823560,152.462464
379.635143,154.823560,152.462915
379.635163,154.823560,152.463307
379.635209,154.823560,152.463347
379.635266,154.823560,152.466624
379.635304,154.823560,152.470702
379.635319,154.823560,152.472958
379.635334,154.823560,152.473533
379.635365,154.823560,152.475992
379.635398,154.823560,152.476576
379.635416,154.823560,152.477427
379.635445,154.823560,152.478469
379.635464,154.823560,152.481531
379.635593,154.823560,152.482562
379.635647,154.823560,152.483651
379.635665,154.823560,152.487472
379.635683,154.823560,152.489525
379.635727,154.823560,152.491448
379.635744,154.823560,123.935910
379.635756,154.823560,152.491448
379.635772,154.823560,123.935910
379.635784,154.823560,152.492149
379.635807,154.823560,152.492586
379.635821,154.823560,152.495414
379.635838,154.823560,152.496528
379.635871,154.823560,152.498234
379.635884,154.823560,152.498589
379.635919,154.823560,152.498866
379.635945,154.823560,131.019397
379.635960,154.823560,133.263688
379.635979,154.823560,135.707638
379.635991,154.823560,136.115078
379.636016,154.823560,144.121678
379.636028,154.823560,145.549328
379.636040,154.823560,148.999888
379.636073,154.823560,152.502875
379.636113,154.823560,152.504930
379.636140,154.823560,132.877853
379.636164,154.823560,152.507307
379.636188,154.823560,152.512360
379.636204,154.823560,146.445853
379.636216,154.823560,152.516232
379.636235,154.823560,152.516339
379.636273,154.823560,152.519210
379.636303,154.823560,152.520165
379.636328,154.823560,152.526392
379.636346,154.823560,152.527744
379.636378,154.823560,152.528349
379.636395,154.823560,152.529934
379.636426,154.823560,152.533782
379.636457,154.823560,152.534971
379.636489,154.823560,152.538195
379.636507,154.823560,152.541003
379.636538,154.823560,152.543698
379.636555,154.823560,152.545802
379.636609,154.823560,152.548358
379.636633,154.823560,152.549862
379.636657,154.823560,137.556037
379.636671,154.823560,142.293696
379.636684,154.823560,143.583776
379.636696,154.823560,152.550704
379.636709,154.823560,152.551234
379.636758,154.823560,152.556890
379.636777,154.823560,152.558222
379.636805,154.823560,152.559373
379.636836,154.823560,152.560389
379.636922,154.823560,152.563528
379.636947,154.823560,152.563901
379.636965,154.823560,152.565163
379.637003,154.823560,152.566133
379.637032,154.823560,152.566498
379.637056,154.823560,152.567946
379.637073,154.823560,152.568091
379.637095,154.823560,130.779258
379.637110,154.823560,135.695928
379.637121,154.823560,136.137248
379.637133,154.823560,152.571318
379.637165,154.823560,152.575056
379.637198,154.823560,152.575187
379.637216,154.823560,152.577664
379.637233,154.823560,152.577994
379.637275,154.823560,152.584430
379.637309,154.823560,152.584573
379.637419,154.823560,152.587256
379.637450,154.823560,152.591557
379.637467,154.823560,152.592933
379.637484,154.823560,152.594970
379.637501,154.823560,152.596338
379.637534,154.823560,152.596544
379.637557,154.823560,152.597547
379.637580,154.823560,152.598654
379.637607,154.823560,136.542013
379.637626,154.823560,136.814014
379.637648,154.823560,143.474629
379.637660,154.823560,146.700003
379.637672,154.823560,152.054173
379.637686,154.823560,152.598654
379.637713,154.823560,136.542013
379.637732,154.823560,136.814014
379.637755,154.823560,143.474629
379.637767,154.823560,146.700003
379.637779,154.823560,152.054173
379.637793,154.823560,152.599243
379.637813,154.823560,152.602779
379.637842,154.823560,152.604592
379.637875,154.823560,152.606587
379.637906,154.823560,152.608104
379.637926,154.823560,152.610754
379.637943,154.823560,152.611709
379.637991,154.823560,152.612634
379.638040,154.823560,152.613072
379.638067,154.823560,152.613109
379.638087,154.823560,152.615552
379.638118,154.823560,152.617219
379.638138,154.823560,152.618688
379.638154,154.823560,152.619091
379.638174,154.823560,152.620845
379.638191,154.823560,152.622051
379.638223,154.823560,152.622925
379.638310,154.823560,152.624712
379.638343,154.823560,152.625960
379.638376,154.823560,152.628170
379.638408,154.823560,152.628299
379.638522,154.823560,152.628547
379.638547,154.823560,152.629347
379.638563,154.823560,152.629574
379.638593,154.823560,152.630875
379.638637,154.823560,152.632283
379.638656,154.823560,152.632685
379.638702,154.823560,152.633923
379.638820,154.823560,152.639973
379.638838,154.823560,152.641075
379.638901,154.823560,152.642264
379.638930,154.823560,152.642696
379.638947,154.823560,152.645090
379.638966,154.823560,152.645219
379.639001,154.823560,152.649242
379.639021,154.823560,152.649739
379.639052,154.823560,152.651870
379.639079,154.823560,133.933382
379.639101,154.823560,152.653725
379.639131,154.823560,152.658112
379.639172,154.823560,152.658117
379.639204,154.823560,152.660885
379.639222,154.823560,152.663994
379.639251,154.823560,152.666651
379.639345,154.823560,152.668941
379.639379,154.823560,152.670173
379.639420,154.823560,152.671710
379.639437,154.823560,152.672896
379.639456,154.823560,152.674362
379.639488,154.823560,152.677376
379.639518,154.823560,152.680221
379.639595,154.823560,152.681432
379.639617,154.823560,142.206131
379.639629,154.823560,152.681454
379.639748,154.823560,152.681958
379.639764,154.823560,152.681965
379.639796,154.823560,152.682136
379.639823,154.823560,152.682200
379.639856,154.823560,152.682792
379.639886,154.823560,152.683494
379.639907,154.823560,152.684253
379.639956,154.823560,152.689312
379.639972,154.823560,152.692486
379.640000,154.823560,152.694952
379.640017,154.823560,152.695040
379.640035,154.823560,152.695728
379.640092,154.823560,152.699978
379.640113,154.823560,152.700027
379.640161,154.823560,152.704850
379.640181,154.823560,152.705786
379.640210,154.823560,152.707542
379.640232,154.823560,152.707629
379.640268,154.823560,152.710277
379.640301,154.823560,152.711936
379.640333,154.823560,152.714576
379.640373,154.823560,152.714837
379.640409,154.823560,152.715595
379.640463,154.823560,152.717152
379.640481,154.823560,152.719851
379.640520,154.823560,152.720411
379.640539,154.823560,152.720790
379.640557,154.823560,152.720832
379.640573,154.823560,152.722216
379.640654,154.823560,152.728974
379.640683,154.823560,152.729011
379.640724,154.823560,152.731536
379.640801,154.823560,152.738112
379.640819,154.823560,152.738944
379.640836,154.823560,152.739856
379.640864,154.823560,152.742326
379.640902,154.823560,152.744131
379.640940,154.823560,152.744566
379.640982,154.823560,152.745110
379.641016,154.823560,152.752762
379.641044,154.823560,152.753174
379.641071,154.823560,152.754821
379.641090,154.823560,152.755109
379.641137,154.823560,152.756766
379.641168,154.823560,152.757824
379.641182,154.823560,152.758645
379.641215,154.823560,152.758928
379.641232,154.823560,152.759922
379.641249,154.823560,152.765218
379.641270,154.823560,142.889445
379.641284,154.823560,147.627104
379.641295,154.823560,148.917184
379.641307,154.823560,152.767227
379.641329,154.823560,152.767821
379.641357,154.823560,152.768090
379.641402,154.823560,152.768795
379.641429,154.823560,152.770080
379.641471,154.823560,152.771482
379.641486,154.823560,152.772126
379.641505,154.823560,152.772811
379.641618,154.823560,152.773710
379.641651,154.823560,152.774898
379.641714,154.823560,152.775992
379.641749,154.823560,152.778256
379.641788,154.823560,136.222115
379.641814,154.823560,140.910357
379.641837,154.823560,141.194469
379.641860,154.823560,152.778528
379.641908,154.823560,152.778770
379.641930,154.823560,146.910248
379.641944,154.823560,151.468896
379.641955,154.823560,152.780976
379.641991,154.823560,152.782482
379.642017,154.823560,152.784824
379.642051,154.823560,152.790955
379.642083,154.823560,152.791533
379.642098,154.823560,152.792018
379.642119,154.823560,152.792723
379.642179,154.823560,152.793694
379.642213,154.823560,152.794648
379.642235,154.823560,152.796315
379.642249,154.823560,152.797448
379.642272,154.823560,152.797651
379.642287,154.823560,152.800058
379.642316,154.823560,152.802408
379.642338,154.823560,152.804816
379.642357,154.823560,152.808533
379.642394,154.823560,152.810672
379.642424,154.823560,152.810979
379.642444,154.823560,152.811019
379.642460,154.823560,152.812338
379.642488,154.823560,152.812979
379.642503,154.823560,152.815187
379.642520,154.823560,152.816258
379.642540,154.823560,152.823312
379.642561,154.823560,152.824090
379.642578,154.823560,152.824376
379.642604,154.823560,152.826222
379.642637,154.823560,152.828109
379.642675,154.823560,152.832542
379.642696,154.823560,152.835339
379.642731,154.823560,152.837120
379.642757,154.823560,152.838290
379.642780,154.823560,137.180355
379.642791,154.823560,144.003738
379.642807,154.823560,149.361728
379.642818,154.823560,152.838290
379.642840,154.823560,137.180355
379.642851,154.823560,144.003738
379.642865,154.823560,149.361728
379.642876,154.823560,152.840930
379.642888,154.823560,152.842574
379.642912,154.823560,152.842672
379.642930,154.823560,152.842877
379.642961,154.823560,152.844450
379.642998,154.823560,152.844781
379.643050,154.823560,152.845184
379.643078,154.823560,152.846757
379.643101,154.823560,149.177744
379.643115,154.823560,152.847661
379.643132,154.823560,152.848181
379.643148,154.823560,152.849848
379.643182,154.823560,152.852002
379.643260,154.823560,152.733194
379.643295,154.823560,152.858832
379.643324,154.823560,152.863114
379.643343,154.823560,152.865338
379.643360,154.823560,152.866526
379.643374,154.823560,152.867899
379.643401,154.823560,152.869885
379.643418,154.823560,152.870778
379.643446,154.823560,152.874106
379.643468,154.823560,152.874314
379.643486,154.823560,152.877422
379.643526,154.823560,152.879866
379.643554,154.823560,152.882030
379.643575,154.823560,152.883914
379.643611,154.823560,152.884110
379.643628,154.823560,152.884624
379.643661,154.823560,152.887501
379.643697,154.823560,152.888634
379.643733,154.823560,152.888810
379.643761,154.823560,152.890189
379.643798,154.823560,152.898763
379.643831,154.823560,152.902373
379.643879,154.823560,152.904120
379.643910,154.823560,152.904722
379.643939,154.823560,152.906214
379.643955,154.823560,152.906280
379.643971,154.823560,152.907184
379.643987,154.823560,152.911789
379.644011,154.823560,152.912482
379.644028,154.823560,146.609390
379.644038,154.823560,152.913208
379.644068,154.823560,152.914914
379.644095,154.823560,152.917720
379.644139,154.823560,152.921166
379.644163,154.823560,152.923794
379.644189,154.823560,152.926005
379.644220,154.823560,152.927763
379.644286,154.823560,152.933088
379.644317,154.823560,152.934250
379.644347,154.823560,152.935648
379.644362,154.823560,152.936842
379.644390,154.823560,152.938219
379.644498,154.823560,152.940502
379.644514,154.823560,152.942019
379.644530,154.823560,152.942299
379.644566,154.823560,152.943736
379.644582,154.823560,152.944955
379.644611,154.823560,152.947011
379.644669,154.823560,152.948104
379.644701,154.823560,152.950165
379.644715,154.823560,152.950541
379.644743,154.823560,152.950907
379.644764,154.823560,152.951226
379.644776,154.823560,152.952078
379.644807,154.823560,152.952091
379.644837,154.823560,152.956646
379.644851,154.823560,152.957221
379.644870,154.823560,152.959411
379.644953,154.823560,152.959618
379.644974,154.823560,152.959984
379.644992,154.823560,152.961344
379.645022,154.823560,152.961371
379.645063,154.823560,152.963766
379.645089,154.823560,152.964818
379.645103,154.823560,152.967110
379.645143,154.823560,152.967846
379.645172,154.823560,152.969733
379.645190,154.823560,152.971075
379.645204,154.823560,152.972304
379.645256,154.823560,152.974210
379.645277,154.823560,152.975104
379.645293,154.823560,152.975181
379.645327,154.823560,152.976976
379.645353,154.823560,152.977358
379.645384,154.823560,152.977669
379.645396,154.823560,152.980718
379.645411,154.823560,152.981162
379.645439,154.823560,152.982802
379.645465,154.823560,152.983493
379.645477,154.823560,152.984320
379.645495,154.823560,152.986562
379.645530,154.823560,152.987038
379.645549,154.823560,152.988381
379.645574,154.823560,152.988970
379.645588,154.823560,152.991952
379.645614,154.823560,152.992022
379.645631,154.823560,152.992478
379.645646,154.823560,152.992595
379.645658,154.823560,152.997638
379.645687,154.823560,152.998464
379.645701,154.823560,153.003245
379.645727,154.823560,153.004331
379.645741,154.823560,153.008310
379.645768,154.823560,153.010502
379.645797,154.823560,153.013398
379.645841,154.823560,153.014005
379.645876,154.823560,153.014813
379.645911,154.823560,153.015715
379.645922,154.823560,153.017453
379.645952,154.823560,153.018355
379.645966,154.823560,153.019088
379.646004,154.823560,153.023024
379.646043,154.823560,153.024237
379.646057,154.823560,153.025437
379.646087,154.823560,153.026128
379.646116,154.823560,153.028373
379.646144,154.823560,153.028378
379.646161,154.823560,153.028853
379.646182,154.823560,153.033427
379.646195,154.823560,153.034358
379.646222,154.823560,153.034546
379.646250,154.823560,153.036886
379.646278,154.823560,153.041366
379.646293,154.823560,153.042093
379.646342,154.823560,153.045027
379.646370,154.823560,153.050786
379.646412,154.823560,153.053968
379.646438,154.823560,153.055317
379.646462,154.823560,153.055522
379.646500,154.823560,153.057189
379.646515,154.823560,153.058270
379.646577,154.823560,153.058301
379.646622,154.823560,153.060141
379.646650,154.823560,153.060454
379.646685,154.823560,153.066491
379.646739,154.823560,153.069230
379.646759,154.823560,132.960762
379.646773,154.823560,137.877432
379.646784,154.823560,138.318752
379.646794,154.823560,153.069490
379.646818,154.823560,153.069646
379.646840,154.823560,153.069990
379.646868,154.823560,153.072784
379.646890,154.823560,153.073595
379.646926,154.823560,153.075704
379.646952,154.823560,153.076144
379.647005,154.823560,153.076562
379.647028,154.823560,153.076629
379.647051,154.823560,134.723709
379.647064,154.823560,139.640379
379.647073,154.823560,140.081699
379.647083,154.823560,141.289573
379.647098,154.823560,148.923973
379.647110,154.823560,152.817312
379.647119,154.823560,153.083285
379.647136,154.823560,153.085224
379.647147,154.823560,153.085392
379.647177,154.823560,153.086915
379.647204,154.823560,153.087542
379.647227,154.823560,153.088298
379.647250,154.823560,153.089573
379.647262,154.823560,153.089661
379.647286,154.823560,153.089854
379.647324,154.823560,153.091878
379.647338,154.823560,153.091946
379.647441,154.823560,153.092034
379.647498,154.823560,153.092117
379.647538,154.823560,153.093128
379.647552,154.823560,153.093822
379.647650,154.823560,153.103058
379.647690,154.823560,153.103286
379.647717,154.823560,153.106507
379.647737,154.823560,153.107090
379.647772,154.823560,153.110230
379.647817,154.823560,153.110261
379.647842,154.823560,153.110434
379.647860,154.823560,153.110752
379.647897,154.823560,153.111984
379.647926,154.823560,153.112464
379.647941,154.823560,153.113568
379.647952,154.823560,153.115264
379.647989,154.823560,153.117043
379.648005,154.823560,153.117354
379.648017,154.823560,153.118925
379.648055,154.823560,153.118997
379.648078,154.823560,153.121618
379.648108,154.823560,153.121954
379.648135,154.823560,153.126554
379.648153,154.823560,145.432744
379.648164,154.823560,150.349414
379.648172,154.823560,150.790734
379.648180,154.823560,153.126651
379.648213,154.823560,153.126784
379.648240,154.823560,153.131387
379.648256,154.823560,153.141262
379.648268,154.823560,153.145819
379.648286,154.823560,139.811749
379.648297,154.823560,144.549408
379.648305,154.823560,146.227640
379.648314,154.823560,153.147262
379.648334,154.823560,153.150699
379.648354,154.823560,153.152165
379.648373,154.823560,153.157539
379.648391,154.823560,153.159291
379.648406,154.823560,153.161680
379.648420,154.823560,153.164219
379.648448,154.823560,153.164325
379.648464,154.823560,153.164848
379.648481,154.823560,134.115866
379.648491,154.823560,135.772909
379.648500,154.823560,153.168701
379.648527,154.823560,153.169904
379.648547,154.823560,153.174765
379.648573,154.823560,153.175402
379.648602,154.823560,153.178864
379.648633,154.823560,153.179082
379.648654,154.823560,153.180070
379.648676,154.823560,153.190238
379.648697,154.823560,119.830469
379.648706,154.823560,128.243864
379.648719,154.823560,135.882704
379.648728,154.823560,153.190670
379.648747,154.823560,153.192214
379.648769,154.823560,153.192368
379.648781,154.823560,153.193278
379.648825,154.823560,153.196170
379.648857,154.823560,153.199485
379.648888,154.823560,153.201917
379.648920,154.823560,153.202251
379.648959,154.823560,153.206237
379.648974,154.823560,153.206629
379.648988,154.823560,153.209286
379.649000,154.823560,153.211074
379.649128,154.823560,153.211125
379.649143,154.823560,153.212738
379.649162,154.823560,153.213248
379.649189,154.823560,153.215472
379.649240,154.823560,153.216510
379.649258,154.823560,153.220664
379.649313,154.823560,153.222248
379.649338,154.823560,153.225371
379.649355,154.823560,153.227859
379.649383,154.823560,153.230797
379.649412,154.823560,153.232157
379.649443,154.823560,153.235714
379.649458,154.823560,153.238728
379.649472,154.823560,153.240198
379.649497,154.823560,153.242234
379.649525,154.823560,153.242899
379.649622,154.823560,153.245168
379.649647,154.823560,153.248522
379.649664,154.823560,145.025712
379.649674,154.823560,153.248586
379.649713,154.823560,153.249883
379.649727,154.823560,153.253814
379.649741,154.823560,153.254147
379.649759,154.823560,153.255011
379.649774,154.823560,153.255405
379.649792,154.823560,153.255523
379.649822,154.823560,153.258080
379.649840,154.823560,153.264914
379.649857,154.823560,153.266366
379.649894,154.823560,153.269986
379.649945,154.823560,153.271018
379.649960,154.823560,153.274971
379.650002,154.823560,153.275322
379.650056,154.823560,153.275630
379.650083,154.823560,153.278384
379.650119,154.823560,153.280709
379.650132,154.823560,153.286221
379.650158,154.823560,153.291675
379.650178,154.823560,153.293032
379.650194,154.823560,153.293800
379.650248,154.823560,153.294134
379.650276,154.823560,141.599802
379.650293,154.823560,148.685464
379.650302,154.823560,153.294165
379.650321,154.823560,153.297056
379.650353,154.823560,153.301973
379.650408,154.823560,153.302248
379.650421,154.823560,145.446126
379.650430,154.823560,153.303352
379.650487,154.823560,153.304773
379.650513,154.823560,153.305792
379.650561,154.823560,153.306947
379.650575,154.823560,153.308565
379.650599,154.823560,153.310547
379.650611,154.823560,153.313040
379.650643,154.823560,140.066634
379.650654,154.823560,144.561821
379.650675,154.823560,145.424624
379.650685,154.823560,153.315013
379.650697,154.823560,153.315472
379.650707,154.823560,153.318098
379.650741,154.823560,138.014320
379.650760,154.823560,143.055024
379.650780,154.823560,153.318390
379.650792,154.823560,153.318563
379.650825,154.823560,153.318664
379.650836,154.823560,153.323424
379.650869,154.823560,153.323477
379.650893,154.823560,153.323712
379.650914,154.823560,153.323906
379.650934,154.823560,153.324710
379.650989,154.823560,153.325558
379.651026,154.823560,153.327170
379.651121,154.823560,153.328917
379.651137,154.823560,153.329146
379.651190,154.823560,153.330802
379.651305,154.823560,153.337693
379.651317,154.823560,153.337750
379.651339,154.823560,149.871482
379.651355,154.823560,153.340586
379.651375,154.823560,153.341088
379.651387,154.823560,153.341658
379.651399,154.823560,153.343469
379.651436,154.823560,153.344651
379.651458,154.823560,153.350683
379.651472,154.823560,153.350930
379.651488,154.823560,153.352621
379.651521,154.823560,147.208550
379.651543,154.823560,151.301190
379.651557,154.823560,153.353262
379.651579,154.823560,153.355678
379.651645,154.823560,153.356653
379.651658,154.823560,153.357936
379.651672,154.823560,153.361389
379.651684,154.823560,153.362152
379.651704,154.823560,153.365149
379.651723,154.823560,153.365469
379.651735,154.823560,153.367410
379.651773,154.823560,153.372915
379.651812,154.823560,153.374046
379.651824,154.823560,153.374875
379.651898,154.823560,153.376048
379.651924,154.823560,153.377384
379.651934,154.823560,153.378002
379.651947,154.823560,153.379456
379.651973,154.823560,153.380523
379.651996,154.823560,153.382248
379.652030,154.823560,153.383432
379.652046,154.823560,153.386022
379.652076,154.823560,153.388563
379.652110,154.823560,153.390618
379.652122,154.823560,153.391043
379.652146,154.823560,153.391472
379.652161,154.823560,153.391867
379.652181,154.823560,153.396778
379.652194,154.823560,153.396907
379.652229,154.823560,153.399043
379.652269,154.823560,153.399470
379.652293,154.823560,153.401134
379.652304,154.823560,153.404614
379.652334,154.823560,153.404830
379.652454,154.823560,150.421725
379.652480,154.823560,153.405709
379.652494,154.823560,153.407986
379.652567,154.823560,153.409002
379.652600,154.823560,153.409957
379.652621,154.823560,153.410837
379.652639,154.823560,153.411706
379.652658,154.823560,135.477173
379.652667,154.823560,153.412459
379.652692,154.823560,153.413619
379.652705,154.823560,153.414354
379.652718,154.823560,153.419536
379.652730,154.823560,153.423667
379.652751,154.823560,153.423886
379.652764,154.823560,153.424987
379.652809,154.823560,153.427611
379.652825,154.823560,153.428413
379.652854,154.823560,153.429344
379.652881,154.823560,153.430056
379.652894,154.823560,153.430269
379.652916,154.823560,134.647570
379.652929,154.823560,134.760589
379.652938,154.823560,143.340133
379.652948,154.823560,145.475309
379.652957,154.823560,149.367872
379.652965,154.823560,150.388210
379.652980,154.823560,153.431600
379.652995,154.823560,126.499336
379.653004,154.823560,153.432838
379.653015,154.823560,153.434568
379.653044,154.823560,153.434800
379.653072,154.823560,153.435931
379.653083,154.823560,153.437626
379.653106,154.823560,153.438264
379.653126,154.823560,153.274533
379.653135,154.823560,153.438264
379.653154,154.823560,153.274533
379.653162,154.823560,153.443221
379.653182,154.823560,153.444080
379.653212,154.823560,153.446288
379.653225,154.823560,127.828474
379.653233,154.823560,153.446288
379.653246,154.823560,127.828474
379.653254,154.823560,153.447672
379.653282,154.823560,153.448008
379.653307,154.823560,153.449402
379.653321,154.823560,153.449781
379.653333,154.823560,153.452616
379.653365,154.823560,153.453080
379.653391,154.823560,153.456893
379.653415,154.823560,153.459816
379.653428,154.823560,153.464168
379.653453,154.823560,153.467226
379.653481,154.823560,153.467624
379.653504,154.823560,153.468520
379.653521,154.823560,153.468973
379.653534,154.823560,153.472776
379.653561,154.823560,153.473920
379.653574,154.823560,153.474720
379.653586,154.823560,153.477134
379.653595,154.823560,153.477269
379.653616,154.823560,153.480317
379.653626,154.823560,153.480680
379.653652,154.823560,153.480853
379.653674,154.823560,153.481675
379.653703,154.823560,153.484315
379.653738,154.823560,153.486250
379.653759,154.823560,153.487472
379.653769,154.823560,153.488288
379.653814,154.823560,153.489107
379.653879,154.823560,153.492328
379.653912,154.823560,153.492906
379.653928,154.823560,153.494458
379.653960,154.823560,153.494896
379.653978,154.823560,153.495104
379.653989,154.823560,153.497115
379.654013,154.823560,153.497851
379.654038,154.823560,153.501435
379.654095,154.823560,153.501728
379.654113,154.823560,145.674590
379.654122,154.823560,153.504981
379.654148,154.823560,153.505722
379.654164,154.823560,153.506326
379.654215,154.823560,153.506920
379.654243,154.823560,153.508157
379.654255,154.823560,134.100824
379.654264,154.823560,153.509789
379.654283,154.823560,153.510038
379.654313,154.823560,153.512498
379.654332,154.823560,153.524118
379.654345,154.823560,153.524589
379.654378,154.823560,153.525750
379.654397,154.823560,153.525822
379.654407,154.823560,153.527632
379.654418,154.823560,153.527874
379.654445,154.823560,153.528464
379.654455,154.823560,153.530806
379.654468,154.823560,153.531976
379.654480,154.823560,152.972242
379.654489,154.823560,153.532920
379.654498,154.823560,153.533995
379.654552,154.823560,153.534448
379.654566,154.823560,153.534485
379.654586,154.823560,153.540626
379.654599,154.823560,153.541160
379.654625,154.823560,153.543230
379.654658,154.823560,153.553170
379.654677,154.823560,153.553198
379.654687,154.823560,153.553216
379.654704,154.823560,153.553710
379.654715,154.823560,153.553726
379.654729,154.823560,153.568896
379.654750,154.823560,153.569146
379.654780,154.823560,153.572251
379.654792,154.823560,153.572859
379.654808,154.823560,153.575677
379.654846,154.823560,153.576774
379.654896,154.823560,153.577941
379.654908,154.823560,153.577981
379.654929,154.823560,153.587088
379.654954,154.823560,153.592634
379.654989,154.823560,153.595595
379.655008,154.823560,153.596554
379.655048,154.823560,153.596651
379.655090,154.823560,153.599422
379.655103,154.823560,153.601218
379.655140,154.823560,153.607736
379.655149,154.823560,153.609029
379.655172,154.823560,153.609344
379.655202,154.823560,153.610046
379.655220,154.823560,153.613072
379.655244,154.823560,153.618269
379.655262,154.823560,153.619962
379.655273,154.823560,153.619992
379.655308,154.823560,144.003307
379.655319,154.823560,148.691549
379.655327,154.823560,149.098989
379.655349,154.823560,149.331987
379.655383,154.823560,153.621266
379.655410,154.823560,153.628888
379.655421,154.823560,153.629128
379.655465,154.823560,153.630498
379.655493,154.823560,153.630813
379.655523,154.823560,153.630866
379.655543,154.823560,153.633877
379.655566,154.823560,153.636629
379.655581,154.823560,153.637032
379.655601,154.823560,147.140146
379.655610,154.823560,153.637032
379.655627,154.823560,147.140146
379.655637,154.823560,153.639368
379.655667,154.823560,153.640235
379.655693,154.823560,153.640554
379.655710,154.823560,153.641174
379.655759,154.823560,153.646776
379.655777,154.823560,153.648082
379.655795,154.823560,153.657408
379.655916,154.823560,153.659678
379.655932,154.823560,153.660936
379.655948,154.823560,153.661154
379.655977,154.823560,153.667906
379.655987,154.823560,153.674894
379.656022,154.823560,153.676155
379.656034,154.823560,153.677765
379.656063,154.823560,153.680064
379.656087,154.823560,153.681013
379.656103,154.823560,153.682018
379.656139,154.823560,153.686240
379.656151,154.823560,153.687616
379.656166,154.823560,153.690454
379.656191,154.823560,153.690701
379.656207,154.823560,153.694213
379.656229,154.823560,153.695666
379.656253,154.823560,153.698179
379.656270,154.823560,153.705490
379.656294,154.823560,153.707435
379.656304,154.823560,153.708189
379.656313,154.823560,153.708875
379.656343,154.823560,153.712389
379.656372,154.823560,153.712795
379.656394,154.823560,153.714163
379.656487,154.823560,153.715165
379.656508,154.823560,151.297242
379.656525,154.823560,153.717472
379.656584,154.823560,153.721826
379.656601,154.823560,134.782352
379.656610,154.823560,153.723461
379.656632,154.823560,153.725539
379.656655,154.823560,153.727541
379.656676,154.823560,153.727798
379.656689,154.823560,153.729915
379.656703,154.823560,153.733362
379.656810,154.823560,153.734448
379.656824,154.823560,153.734680
379.656852,154.823560,153.735134
379.656883,154.823560,153.741760
379.656909,154.823560,153.745170
379.656921,154.823560,153.745816
379.656943,154.823560,153.751478
379.656973,154.823560,153.751789
379.656996,154.823560,153.751888
379.657007,154.823560,153.755947
379.657057,154.823560,153.758035
379.657087,154.823560,153.758565
379.657102,154.823560,153.759363
379.657122,154.823560,153.762184
379.657134,154.823560,153.763888
379.657162,154.823560,153.764494
379.657171,154.823560,153.766381
379.657183,154.823560,153.768974
379.657199,154.823560,153.083664
379.657207,154.823560,153.768974
379.657222,154.823560,153.083664
379.657230,154.823560,153.769827
379.657246,154.823560,153.771000
379.657257,154.823560,153.771541
379.657376,154.823560,153.771822
379.657395,154.823560,153.773952
379.657407,154.823560,153.774034
379.657415,154.823560,153.781056
379.657445,154.823560,153.787432
379.657491,154.823560,153.789712
379.657514,154.823560,153.790186
379.657565,154.823560,153.791072
379.657593,154.823560,153.791258
379.657629,154.823560,153.791490
379.657653,154.823560,153.791651
379.657725,154.823560,153.792278
379.657749,154.823560,153.792627
379.657814,154.823560,153.794704
379.657825,154.823560,153.797398
379.657844,154.823560,153.797712
379.657889,154.823560,153.801968
379.657913,154.823560,153.803014
379.657945,154.823560,153.803379
379.657995,154.823560,153.805056
379.658037,154.823560,153.805851
379.658060,154.823560,153.806014
379.658102,154.823560,153.812699
379.658133,154.823560,153.812784
379.658162,154.823560,153.814757
379.658191,154.823560,153.814843
379.658213,154.823560,153.815622
379.658224,154.823560,153.816918
379.658238,154.823560,153.819640
379.658289,154.823560,153.819680
379.658309,154.823560,153.822475
379.658331,154.823560,153.825363
379.658345,154.823560,153.825400
379.658354,154.823560,153.825915
379.658458,154.823560,153.827792
379.658517,154.823560,153.828237
379.658542,154.823560,153.830211
379.658564,154.823560,153.830464
379.658590,154.823560,153.830518
379.658613,154.823560,153.831584
379.658635,154.823560,153.831909
379.658682,154.823560,153.832757
379.658707,154.823560,153.833437
379.658741,154.823560,153.833491
379.658784,154.823560,153.834386
379.658806,154.823560,153.835594
379.658815,154.823560,153.837056
379.658844,154.823560,153.840602
379.658857,154.823560,153.840910
379.658868,154.823560,153.841709
379.658895,154.823560,153.846250
379.658981,154.823560,153.847424
379.659030,154.823560,153.854314
379.659039,154.823560,153.858768
379.659048,154.823560,153.860466
379.659062,154.823560,151.887674
379.659069,154.823560,153.862562
379.659089,154.823560,153.864053
379.659197,154.823560,153.869210
379.659207,154.823560,153.869691
379.659223,154.823560,153.869904
379.659254,154.823560,153.872032
379.659275,154.823560,153.879398
379.659296,154.823560,153.879730
379.659319,154.823560,153.879779
379.659343,154.823560,153.881264
379.659370,154.823560,153.882192
379.659394,154.823560,153.886454
379.659423,154.823560,153.887330
379.659458,154.823560,153.888198
379.659487,154.823560,148.118904
379.659498,154.823560,152.101136
379.659517,154.823560,153.890701
379.659536,154.823560,153.892723
379.659574,154.823560,153.893149
379.659584,154.823560,153.894685
379.659596,154.823560,153.895685
379.659605,154.823560,153.898896
379.659626,154.823560,153.901907
379.659654,154.823560,153.904642
379.659692,154.823560,153.904814
379.659703,154.823560,142.968389
379.659710,154.823560,153.905240
379.659738,154.823560,153.909797
379.659761,154.823560,153.911781
379.659770,154.823560,153.912032
379.659799,154.823560,153.914211
379.659810,154.823560,153.914398
379.659847,154.823560,153.915205
379.659870,154.823560,153.915467
379.659897,154.823560,153.918454
379.659904,154.823560,153.921170
379.659913,154.823560,153.927960
379.659962,154.823560,153.929358
379.659991,154.823560,153.933806
379.660018,154.823560,153.933829
379.660044,154.823560,153.933962
379.660063,154.823560,139.443877
379.660073,154.823560,144.360547
379.660080,154.823560,144.801867
379.660087,154.823560,145.848613
379.660098,154.823560,153.321885
379.660107,154.823560,153.934875
379.660124,154.823560,153.935528
379.660142,154.823560,153.935594
379.660165,154.823560,153.937707
379.660195,154.823560,153.937994
379.660217,154.823560,153.938077
379.660231,154.823560,153.939120
379.660265,154.823560,153.939547
379.660289,154.823560,153.942586
379.660300,154.823560,149.801870
379.660307,154.823560,153.942586
379.660318,154.823560,149.801870
379.660325,154.823560,153.944667
379.660356,154.823560,153.949035
379.660366,154.823560,153.949402
379.660391,154.823560,153.949520
379.660421,154.823560,153.949885
379.660442,154.823560,153.950014
379.660467,154.823560,153.950965
379.660476,154.823560,153.950987
379.660511,154.823560,153.954074
379.660520,154.823560,153.955152
379.660543,154.823560,153.956576
379.660554,154.823560,153.958138
379.660566,154.823560,153.958944
379.660579,154.823560,153.961693
379.660589,154.823560,153.963091
379.660599,154.823560,153.966853
379.660620,154.823560,153.968488
379.660637,154.823560,153.968576
379.660672,154.823560,145.511309
379.660691,154.823560,145.896224
379.660698,154.823560,153.968656
379.660720,154.823560,153.969784
379.660738,154.823560,153.969998
379.660798,154.823560,153.971517
379.660812,154.823560,153.972349
379.660834,154.823560,153.972789
379.660878,154.823560,153.972910
379.660893,154.823560,138.042202
379.660903,154.823560,142.958872
379.660910,154.823560,143.400192
379.660916,154.823560,153.973882
379.660927,154.823560,153.979226
379.660937,154.823560,153.983594
379.660947,154.823560,153.984000
379.660957,154.823560,153.986982
379.660972,154.823560,143.134557
379.660981,154.823560,147.872216
379.660988,154.823560,149.162296
379.660994,154.823560,153.988304
379.661045,154.823560,153.991114
379.661065,154.823560,153.996853
379.661085,154.823560,153.998624
379.661095,154.823560,154.000277
379.661115,154.823560,154.000762
379.661133,154.823560,154.000784
379.661142,154.823560,154.005696
379.661153,154.823560,154.007426
379.661173,154.823560,138.013112
379.661187,154.823560,140.894632
379.661196,154.823560,145.582874
379.661203,154.823560,145.861106
379.661214,154.823560,145.990314
379.661221,154.823560,148.731942
379.661230,154.823560,152.776837
379.661239,154.823560,153.155203
379.661255,154.823560,153.400603
379.661261,154.823560,154.010870
379.661270,154.823560,154.012179
379.661288,154.823560,154.012394
379.661308,154.823560,154.013077
379.661340,154.823560,154.019160
379.661353,154.823560,154.020288
379.661470,154.823560,154.021075
379.661482,154.823560,154.022925
379.661535,154.823560,154.025939
379.661553,154.823560,154.025994
379.661578,154.823560,154.027171
379.661586,154.823560,154.032141
379.661596,154.823560,154.034560
379.661606,154.823560,154.038328
379.661634,154.823560,154.038330
379.661645,154.823560,154.040746
379.661671,154.823560,154.042035
379.661681,154.823560,154.045966
379.661690,154.823560,154.046085
379.661705,154.823560,154.047925
379.661726,154.823560,154.049867
379.661739,154.823560,154.050589
379.661749,154.823560,154.054853
379.661758,154.823560,154.054960
379.661767,154.823560,154.057768
379.661811,154.823560,154.060528
379.661819,154.823560,154.061056
379.661913,154.823560,154.066688
379.661952,154.823560,154.069890
379.661983,154.823560,154.070528
379.662005,154.823560,154.070864
379.662015,154.823560,154.072296
379.662023,154.823560,154.075197
379.662041,154.823560,154.075902
379.662075,154.823560,154.076685
379.662144,154.823560,154.077826
379.662186,154.823560,154.083898
379.662200,154.823560,154.085026
379.662308,154.823560,154.086365
379.662315,154.823560,154.086486
379.662350,154.823560,154.086714
379.662369,154.823560,154.091552
379.662378,154.823560,154.094414
379.662385,154.823560,154.099109
379.662409,154.823560,154.103152
379.662443,154.823560,154.107432
379.662487,154.823560,154.109854
379.662521,154.823560,154.113266
379.662553,154.823560,154.113538
379.662566,154.823560,154.116298
379.662594,154.823560,154.117475
379.662602,154.823560,154.118326
379.662611,154.823560,154.119704
379.662625,154.823560,152.352293
379.662631,154.823560,154.121059
379.662654,154.823560,154.123088
379.662676,154.823560,154.124816
379.662685,154.823560,154.128080
379.662695,154.823560,154.129128
379.662750,154.823560,154.130272
379.662758,154.823560,154.130371
379.662771,154.823560,154.130880
379.662781,154.823560,154.133848
379.662792,154.823560,154.133915
379.662802,154.823560,154.136013
379.662858,154.823560,154.142104
379.662878,154.823560,154.142824
379.662887,154.823560,154.143662
379.662910,154.823560,154.143797
379.662918,154.823560,154.146643
379.662924,154.823560,154.146810
379.662942,154.823560,154.147646
379.662951,154.823560,154.149469
379.662959,154.823560,154.151891
379.662978,154.823560,154.156342
379.662998,154.823560,154.157477
379.663011,154.823560,154.158794
379.663019,154.823560,154.160384
379.663028,154.823560,154.161195
379.663088,154.823560,154.162448
379.663116,154.823560,154.164096
379.663128,154.823560,154.166128
379.663151,154.823560,154.168885
379.663184,154.823560,154.169211
379.663205,154.823560,154.169816
379.663215,154.823560,154.170312
379.663248,154.823560,154.171144
379.663261,154.823560,154.174059
379.663272,154.823560,154.177914
379.663295,154.823560,154.182706
379.663306,154.823560,154.184654
379.663315,154.823560,154.185144
379.663325,154.823560,153.269216
379.663331,154.823560,154.186490
379.663338,154.823560,154.186496
379.663346,154.823560,154.190195
379.663392,154.823560,154.190416
379.663401,154.823560,154.192093
379.663414,154.823560,154.193050
379.663444,154.823560,154.194062
379.663468,154.823560,154.194126
379.663496,154.823560,154.196357
379.663506,154.823560,154.198877
379.663556,154.823560,154.199266
379.663566,154.823560,154.202861
379.663574,154.823560,154.203664
379.663583,154.823560,154.207522
379.663610,154.823560,154.207870
379.663641,154.823560,154.208014
379.663652,154.823560,154.208910
379.663682,154.823560,154.214390
379.663693,154.823560,154.214488
379.663741,154.823560,154.215464
379.663790,154.823560,154.216698
379.663815,154.823560,154.216832
379.663835,154.823560,154.219936
379.663851,154.823560,154.225166
379.663865,154.823560,154.225414
379.663879,154.823560,154.228006
379.663899,154.823560,154.229312
379.663906,154.823560,154.233328
379.663914,154.823560,154.234326
379.663922,154.823560,154.236291
379.663931,154.823560,154.236624
379.663957,154.823560,154.239531
379.664006,154.823560,154.240621
379.664013,154.823560,154.240808
379.664057,154.823560,154.245504
379.664065,154.823560,154.245917
379.664086,154.823560,154.246411
379.664111,154.823560,154.250720
379.664133,154.823560,154.253974
379.664151,154.823560,154.254134
379.664160,154.823560,154.257712
379.664169,154.823560,154.259984
379.664175,154.823560,154.269557
379.664195,154.823560,154.269808
379.664202,154.823560,154.273542
379.664226,154.823560,154.274086
379.664237,154.823560,154.274114
379.664256,154.823560,154.274667
379.664263,154.823560,154.277318
379.664271,154.823560,154.277333
379.664292,154.823560,154.278512
379.664300,154.823560,154.283066
379.664320,154.823560,154.284186
379.664327,154.823560,154.284624
379.664334,154.823560,154.285005
379.664357,154.823560,154.286080
379.664405,154.823560,154.286443
379.664416,154.823560,154.286974
379.664443,154.823560,154.290214
379.664502,154.823560,154.291864
379.664509,154.823560,154.292350
379.664545,154.823560,154.295554
379.664556,154.823560,154.296269
379.664566,154.823560,154.298245
379.664576,154.823560,154.301216
379.664583,154.823560,154.301938
379.664589,154.823560,154.302288
379.664597,154.823560,154.302755
379.664615,154.823560,154.303763
379.664637,154.823560,154.306336
379.664659,154.823560,154.307245
379.664686,154.823560,154.308394
379.664693,154.823560,154.310166
379.664725,154.823560,154.310514
379.664767,154.823560,154.310670
379.664791,154.823560,154.310966
379.664797,154.823560,154.312859
379.664822,154.823560,154.313298
379.664828,154.823560,154.315322
379.664834,154.823560,154.316776
379.664840,154.823560,154.317282
379.664849,154.823560,134.538336
379.664854,154.823560,154.317522
379.664863,154.823560,154.317859
379.664873,154.823560,154.318408
379.664892,154.823560,154.320736
379.664899,154.823560,154.321376
379.664916,154.823560,154.322330
379.664923,154.823560,154.323512
379.664972,154.823560,154.323813
379.665006,154.823560,154.324550
379.665036,154.823560,154.324907
379.665054,154.823560,154.327670
379.665063,154.823560,154.328277
379.665107,154.823560,154.329909
379.665126,154.823560,154.331320
379.665136,154.823560,154.332315
379.665159,154.823560,154.334448
379.665168,154.823560,154.335472
379.665190,154.823560,154.337048
379.665197,154.823560,154.337942
379.665203,154.823560,154.338002
379.665216,154.823560,154.338120
379.665235,154.823560,154.338749
379.665253,154.823560,154.343608
379.665262,154.823560,154.346698
379.665272,154.823560,154.347422
379.665289,154.823560,154.347896
379.665314,154.823560,154.348198
379.665373,154.823560,154.350797
379.665401,154.823560,154.351754
379.665423,154.823560,154.352005
379.665430,154.823560,154.352192
379.665451,154.823560,154.353966
379.665476,154.823560,154.354693
379.665487,154.823560,154.357566
379.665520,154.823560,154.358624
379.665526,154.823560,154.358896
379.665574,154.823560,154.360192
379.665597,154.823560,154.360477
379.665642,154.823560,154.360578
379.665650,154.823560,154.360627
379.665679,154.823560,154.367070
379.665708,154.823560,154.368710
379.665744,154.823560,154.368720
379.665763,154.823560,154.369792
379.665770,154.823560,154.375142
379.665775,154.823560,154.376363
379.665869,154.823560,154.376557
379.665883,154.823560,154.381035
379.665923,154.823560,154.385240
379.665944,154.823560,154.385718
379.665949,154.823560,154.386493
379.665955,154.823560,154.389605
379.665959,154.823560,154.392574
379.665984,154.823560,154.392750
379.665993,154.823560,154.395189
379.666009,154.823560,154.395626
379.666041,154.823560,154.401213
379.666053,154.823560,154.403370
379.666067,154.823560,154.404704
379.666074,154.823560,154.407410
379.666146,154.823560,154.407442
379.666155,154.823560,154.408123
379.666183,154.823560,154.408418
379.666238,154.823560,154.409773
379.666246,154.823560,154.413093
379.666263,154.823560,154.415008
379.666311,154.823560,154.417339
379.666330,154.823560,154.419970
379.666347,154.823560,154.423392
379.666353,154.823560,154.423894
379.666389,154.823560,154.424142
379.666408,154.823560,154.425320
379.666414,154.823560,154.427448
379.666447,154.823560,154.428525
379.666469,154.823560,154.429051
379.666511,154.823560,154.431486
379.666540,154.823560,154.432365
379.666559,154.823560,154.433059
379.666565,154.823560,154.435622
379.666571,154.823560,154.437672
379.666578,154.823560,154.438306
379.666590,154.823560,154.442171
379.666613,154.823560,154.444382
379.666698,154.823560,154.445979
379.666706,154.823560,154.446277
379.666727,154.823560,154.447592
379.666741,154.823560,154.448976
379.666764,154.823560,154.450960
379.666806,154.823560,154.455195
379.666826,154.823560,154.455398
379.666836,154.823560,154.458454
379.666848,154.823560,154.458966
379.666854,154.823560,154.459302
379.666860,154.823560,154.460502
379.666869,154.823560,154.465627
379.666875,154.823560,154.465635
379.666881,154.823560,154.467013
379.666900,154.823560,154.467314
379.666906,154.823560,154.467470
379.666924,154.823560,154.468736
379.666933,154.823560,154.469979
379.666957,154.823560,154.470102
379.666996,154.823560,154.470272
379.667002,154.823560,154.470325
379.667094,154.823560,154.474802
379.667110,154.823560,154.476570
379.667138,154.823560,154.479077
379.667155,154.823560,154.481600
379.667165,154.823560,154.487072
379.667204,154.823560,154.490731
379.667223,154.823560,154.495493
379.667248,154.823560,154.498906
379.667254,154.823560,154.499522
379.667300,154.823560,154.500190
379.667308,154.823560,154.500662
379.667325,154.823560,150.671642
379.667335,154.823560,154.296224
379.667339,154.823560,154.503142
379.667353,154.823560,154.506693
379.667362,154.823560,154.506842
379.667382,154.823560,154.509109
379.667388,154.823560,154.509792
379.667407,154.823560,154.510230
379.667440,154.823560,137.038738
379.667465,154.823560,145.499109
379.667472,154.823560,147.056317
379.667479,154.823560,148.498301
379.667499,154.823560,150.415779
379.667514,154.823560,150.857099
379.667519,154.823560,151.561672
379.667536,154.823560,151.725603
379.667551,154.823560,152.661691
379.667555,154.823560,154.514494
379.667602,154.823560,154.515728
379.667614,154.823560,154.519854
379.667653,154.823560,154.521824
379.667673,154.823560,154.523998
379.667682,154.823560,154.524336
379.667691,154.823560,154.527072
379.667697,154.823560,154.527098
379.667717,154.823560,154.531619
379.667723,154.823560,154.535734
379.667728,154.823560,154.537328
379.667736,154.823560,154.540832
379.667742,154.823560,154.541970
379.667747,154.823560,154.541976
379.667764,154.823560,154.542944
379.667769,154.823560,154.544378
379.667775,154.823560,154.548925
379.667791,154.823560,154.549091
379.667799,154.823560,154.550272
379.667807,154.823560,154.551186
379.667815,154.823560,154.551848
379.667842,154.823560,154.552174
379.667847,154.823560,154.552432
379.667865,154.823560,154.553016
379.667870,154.823560,154.553035
379.667883,154.823560,154.553138
379.667888,154.823560,154.555000
379.667893,154.823560,154.555878
379.667912,154.823560,154.556696
379.667924,154.823560,154.557291
379.667953,154.823560,154.557618
379.667958,154.823560,154.558850
379.667990,154.823560,154.559186
379.668013,154.823560,154.559917
379.668059,154.823560,154.563174
379.668106,154.823560,154.563216
379.668132,154.823560,154.566814
379.668199,154.823560,154.568491
379.668208,154.823560,154.570128
379.668213,154.823560,154.570483
379.668240,154.823560,154.571669
379.668259,154.823560,154.572843
379.668272,154.823560,154.573706
379.668280,154.823560,154.574158
379.668312,154.823560,154.581104
379.668332,154.823560,154.581445
379.668347,154.823560,154.582397
379.668373,154.823560,154.583440
379.668377,154.823560,154.584315
379.668399,154.823560,154.587290
379.668422,154.823560,154.589514
379.668431,154.823560,154.590821
379.668453,154.823560,154.594125
379.668470,154.823560,154.596424
379.668476,154.823560,154.597178
379.668502,154.823560,154.598536
379.668517,154.823560,143.073875
379.668524,154.823560,146.962774
379.668528,154.823560,148.490950
379.668538,154.823560,149.257638
379.668543,154.823560,154.602906
379.668550,154.823560,138.438122
379.668566,154.823560,154.603528
379.668644,154.823560,154.603843
379.668660,154.823560,154.604720
379.668676,154.823560,154.604909
379.668707,154.823560,154.606686
379.668715,154.823560,154.607862
379.668733,154.823560,154.609096
379.668746,154.823560,154.609344
379.668766,154.823560,154.610251
379.668797,154.823560,154.612594
379.668801,154.823560,154.614930
379.668810,154.823560,154.615886
379.668820,154.823560,154.617389
379.668879,154.823560,154.618598
379.668897,154.823560,154.619986
379.668902,154.823560,154.622214
379.668936,154.823560,154.623413
379.668958,154.823560,154.627240
379.668971,154.823560,154.627619
379.669000,154.823560,154.629354
379.669022,154.823560,154.635394
379.669052,154.823560,154.635920
379.669080,154.823560,154.642248
379.669088,154.823560,154.642530
379.669096,154.823560,154.644048
379.669123,154.823560,154.644683
379.669142,154.823560,154.647880
379.669147,154.823560,154.651280
379.669151,154.823560,154.651688
379.669174,154.823560,154.652344
379.669178,154.823560,154.654962
379.669198,154.823560,154.655317
379.669204,154.823560,148.696083
379.669208,154.823560,154.658050
379.669224,154.823560,154.659952
379.669267,154.823560,154.661747
379.669284,154.823560,154.662203
379.669300,154.823560,154.662592
379.669308,154.823560,154.664979
379.669355,154.823560,154.665288
379.669362,154.823560,154.667750
379.669378,154.823560,154.672850
379.669382,154.823560,154.677875
379.669410,154.823560,154.679843
379.669427,154.823560,154.682346
379.669450,154.823560,154.683099
379.669470,154.823560,154.685205
379.669482,154.823560,154.686907
379.669489,154.823560,154.692040
379.669494,154.823560,154.693053
379.669511,154.823560,154.700880
379.669532,154.823560,154.700979
379.669572,154.823560,154.701326
379.669604,154.823560,154.701680
379.669621,154.823560,154.706642
379.669627,154.823560,154.707525
379.669651,154.823560,154.709632
379.669660,154.823560,154.713051
379.669696,154.823560,154.713686
379.669722,154.823560,154.716264
379.669745,154.823560,154.718346
379.669757,154.823560,154.720696
379.669775,154.823560,154.723947
379.669798,154.823560,154.725523
379.669814,154.823560,154.726669
379.669825,154.823560,154.726710
379.669842,154.823560,154.728240
379.669847,154.823560,154.728677
379.669866,154.823560,154.734072
379.669881,154.823560,154.735651
379.669908,154.823560,154.740142
379.669916,154.823560,154.741619
379.669933,154.823560,154.742632
379.669949,154.823560,154.742678
379.669954,154.823560,154.745640
379.669962,154.823560,154.746213
379.669970,154.823560,154.746454
379.669989,154.823560,154.748358
379.670007,154.823560,154.748422
379.670036,154.823560,154.749242
379.670046,154.823560,154.751114
379.670077,154.823560,154.754045
379.670110,154.823560,154.756016
379.670132,154.823560,154.758035
379.670136,154.823560,154.759866
379.670152,154.823560,154.760072
379.670168,154.823560,154.760224
379.670176,154.823560,154.761416
379.670181,154.823560,154.764427
379.670205,154.823560,154.766547
379.670215,154.823560,154.767667
379.670233,154.823560,154.769894
379.670240,154.823560,154.770682
379.670244,154.823560,154.771035
379.670294,154.823560,154.772205
379.670308,154.823560,154.772694
379.670319,154.823560,154.773035
379.670342,154.823560,154.774701
379.670387,154.823560,154.779355
379.670397,154.823560,154.779904
379.670414,154.823560,154.780248
379.670432,154.823560,154.787386
379.670440,154.823560,154.788917
379.670450,154.823560,154.492008
379.670456,154.823560,154.794139
379.670482,154.823560,154.794261
379.670493,154.823560,154.795528
379.670501,154.823560,154.795688
379.670504,154.823560,154.795866
379.670525,154.823560,154.796421
379.670556,154.823560,154.800955
379.670579,154.823560,154.801142
379.670583,154.823560,154.802958
379.670590,154.823560,154.806744
379.670597,154.823560,154.807128
379.670605,154.823560,154.810824
379.670651,154.823560,154.810915
379.670655,154.823560,154.810918
379.670685,154.823560,154.811163
379.670689,154.823560,154.811456
379.670705,154.823560,154.814490
379.670718,154.823560,154.816768
379.670741,154.823560,154.816979
379.670782,154.823560,154.817448
379.670801,154.823560,154.818448
379.670820,154.823560,154.819858
379.670838,154.823560,154.820133
379.670854,154.823560,154.821811
379.670889,154.823560,154.823560
