Time,UB,LB
0.000000,310.850144,20.102432
0.000039,310.850144,26.858819
0.000074,310.850144,27.988832
0.000096,310.850144,30.109792
0.000122,310.850144,32.312256
0.000142,310.850144,34.186336
0.000157,310.850144,34.609763
0.000188,310.850144,35.398656
0.000215,310.850144,36.323363
0.000239,310.850144,37.272736
0.000267,310.850144,37.387523
0.000288,310.850144,39.101123
0.000310,310.850144,42.717798
0.000360,310.850144,43.445558
0.000388,310.850144,43.597306
0.000413,310.850144,43.972630
0.000433,310.850144,44.389987
0.000456,310.850144,45.288166
0.000475,310.850144,45.808474
0.000504,310.850144,46.562746
0.000527,310.850144,46.646445
0.000562,310.850144,46.733146
0.000585,310.850144,47.229430
0.000611,310.850144,47.300986
0.000632,310.850144,47.471386
0.000660,310.850144,47.609158
0.000709,310.850144,47.752822
0.000735,310.850144,48.152890
0.000759,310.850144,48.589942
0.000781,310.850144,48.602230
0.000858,310.850144,48.876272
0.000892,310.850144,50.436826
0.000915,310.850144,50.719542
0.000943,310.850144,50.975024
0.000964,310.850144,51.421942
0.000984,310.850144,51.641846
0.001012,310.850144,51.736822
0.001036,310.850144,51.808474
0.001054,310.850144,52.133072
0.001076,310.850144,52.167670
0.001099,310.850144,52.293622
0.001117,310.850144,53.505872
0.001136,310.850144,53.540470
0.001157,310.850144,53.710870
0.001185,310.850144,55.083670
0.001212,310.850144,55.345526
0.001233,310.850144,56.051542
0.001257,310.850144,56.083664
0.001289,310.850144,56.097274
0.001308,310.850144,56.117798
0.001328,310.850144,56.325584
0.001360,310.850144,56.407923
0.001387,310.850144,56.709158
0.001417,310.850144,56.797270
0.001457,310.850144,56.809558
0.001476,310.850144,56.997264
0.001494,310.850144,57.057718
0.001510,310.850144,57.071312
0.001533,310.850144,57.456464
0.001568,310.850144,57.699283
0.001588,310.850144,58.125203
0.001612,310.850144,58.130131
0.001633,310.850144,58.167674
0.001665,310.850144,58.170070
0.001687,310.850144,58.331555
0.001715,310.850144,58.340470
0.001745,310.850144,58.369690
0.001782,310.850144,58.394323
0.001803,310.850144,58.614512
0.001830,310.850144,58.825584
0.001865,310.850144,58.831750
0.001883,310.850144,58.881062
0.001904,310.850144,58.986970
0.001929,310.850144,59.602230
0.001949,310.850144,59.713270
0.001987,310.850144,59.725558
0.002007,310.850144,59.800954
0.002031,310.850144,59.899283
0.002051,310.850144,59.999322
0.002104,310.850144,60.067606
0.002127,310.850144,60.232982
0.002176,310.850144,60.581200
0.002204,310.850144,60.732902
0.002225,310.850144,60.955184
0.002244,310.850144,61.009158
0.002393,310.850144,61.626864
0.002418,310.850144,61.700912
0.002444,310.850144,61.919446
0.002465,310.850144,62.004221
0.002483,310.850144,62.082384
0.002521,310.850144,62.365078
0.002547,310.850144,62.449882
0.002563,310.850144,62.712851
0.002586,310.850144,62.983606
0.002606,310.850144,63.044986
0.002622,310.850144,63.278710
0.002647,310.850144,63.372422
0.002670,310.850144,63.425203
0.002703,310.850144,63.455184
0.002734,310.850144,63.512851
0.002767,310.850144,63.597274
0.002818,310.850144,63.849142
0.002844,310.850144,63.895539
0.002864,310.850144,64.125203
0.002891,310.850144,64.130131
0.002903,310.850144,64.139110
0.002927,310.850144,64.387270
0.002946,310.850144,64.419059
0.002988,310.850144,64.436582
0.003009,310.850144,64.491859
0.003043,310.850144,64.505872
0.003055,310.850144,64.660182
0.003075,310.850144,64.763958
0.003100,310.850144,64.835446
0.003120,310.850144,64.884758
0.003145,310.850144,65.281078
0.003164,310.850144,65.326470
0.003211,310.850144,65.417779
0.003232,310.850144,65.747830
0.003256,310.850144,65.863504
0.003277,310.850144,66.020630
0.003349,310.850144,66.032982
0.003382,310.850144,66.057744
0.003400,310.850144,66.200496
0.003427,310.850144,66.209181
0.003450,310.850144,66.288422
0.003468,310.850144,66.469616
0.003488,310.850144,67.020624
0.003515,310.850144,67.055110
0.003574,310.850144,67.120630
0.003594,310.850144,67.363517
0.003628,310.850144,67.397158
0.003651,310.850144,67.474966
0.003672,310.850144,67.630131
0.003687,310.850144,67.686931
0.003711,310.850144,67.752381
0.003737,310.850144,68.085712
0.003767,310.850144,68.095571
0.003788,310.850144,68.235472
0.003831,310.850144,68.290966
0.003854,310.850144,68.299674
0.003873,310.850144,68.393424
0.003902,310.850144,68.539126
0.003932,310.850144,68.563824
0.003967,310.850144,68.712851
0.003980,310.850144,69.126874
0.003997,310.850144,69.133072
0.004010,310.850144,69.170070
0.004038,310.850144,69.248998
0.004060,310.850144,69.277430
0.004088,310.850144,69.289782
0.004111,310.850144,69.298310
0.004137,310.850144,69.342451
0.004153,310.850144,69.470032
0.004180,310.850144,69.551472
0.004208,310.850144,69.563824
0.004231,310.850144,69.611571
0.004247,310.850144,69.694630
0.004269,310.850144,69.891869
0.004296,310.850144,69.936624
0.004325,310.850144,70.116982
0.004363,310.850144,70.142806
0.004390,310.850144,70.313158
0.004413,310.850144,70.326874
0.004429,310.850144,70.377430
0.004470,310.850144,70.390685
0.004501,310.850144,70.390966
0.004536,310.850144,70.440278
0.004558,310.850144,70.505872
0.004574,310.850144,70.610352
0.004616,310.850144,70.650230
0.004645,310.850144,70.651472
0.004671,310.850144,70.652784
0.004686,310.850144,70.662582
0.004710,310.850144,70.713270
0.004750,310.850144,70.817789
0.004778,310.850144,70.924272
0.004806,310.850144,70.936624
0.004829,310.850144,70.990685
0.004856,310.850144,71.206966
0.004880,310.850144,71.227632
0.004907,310.850144,71.377082
0.004946,310.850144,71.466422
0.005020,310.850144,71.489782
0.005045,310.850144,71.750230
0.005069,310.850144,71.893034
0.005095,310.850144,71.916605
0.005116,310.850144,72.024272
0.005146,310.850144,72.025584
0.005167,310.850144,72.164998
0.005190,310.850144,72.214310
0.005240,310.850144,72.239984
0.005302,310.850144,72.497274
0.005322,310.850144,72.610630
0.005341,310.850144,72.751088
0.005370,310.850144,72.755898
0.005398,310.850144,72.820064
0.005426,310.850144,72.877488
0.005453,310.850144,72.931344
0.005536,310.850144,72.952678
0.005560,310.850144,73.058806
0.005584,310.850144,73.126470
0.005615,310.850144,73.184394
0.005655,310.850144,73.342448
0.005685,310.850144,73.390685
0.005721,310.850144,73.395590
0.005749,310.850144,73.400854
0.005781,310.850144,73.512022
0.005810,310.850144,73.531344
0.005841,310.850144,73.593117
0.005866,310.850144,73.635037
0.005896,310.850144,73.638813
0.005925,310.850144,73.799251
0.005962,310.850144,73.800464
0.005981,310.850144,73.846486
0.006008,310.850144,73.907933
0.006031,310.850144,73.926470
0.006065,310.850144,73.992208
0.006096,310.850144,74.017757
0.006130,310.850144,74.073712
0.006159,310.850144,74.180797
0.006190,310.850144,74.181072
0.006238,310.850144,74.193424
0.006263,310.850144,74.215670
0.006295,310.850144,74.247389
0.006319,310.850144,74.316605
0.006341,310.850144,74.516509
0.006363,310.850144,74.621427
0.006401,310.850144,74.746582
0.006427,310.850144,74.758493
0.006450,310.850144,74.763421
0.006472,310.850144,74.804518
0.006496,310.850144,74.853830
0.006524,310.850144,74.872157
0.006548,310.850144,74.884822
0.006576,310.850144,74.920179
0.006638,310.850144,75.020624
0.006666,310.850144,75.091869
0.006706,310.850144,75.106717
0.006730,310.850144,75.126874
0.006746,310.850144,75.159997
0.006777,310.850144,75.169619
0.006828,310.850144,75.178237
0.006856,310.850144,75.252541
0.006895,310.850144,75.281072
0.006963,310.850144,75.315670
0.006997,310.850144,75.342451
0.007044,310.850144,75.384394
0.007080,310.850144,75.426461
0.007109,310.850144,75.473277
0.007131,310.850144,75.512784
0.007159,310.850144,75.553872
0.007186,310.850144,75.560957
0.007223,310.850144,75.566224
0.007245,310.850144,75.584816
0.007274,310.850144,75.588470
0.007305,310.850144,75.616912
0.007331,310.850144,75.620518
0.007357,310.850144,75.621798
0.007379,310.850144,75.698326
0.007406,310.850144,75.707024
0.007432,310.850144,75.758870
0.007466,310.850144,75.798077
0.007492,310.850144,75.866288
0.007522,310.850144,75.868678
0.007543,310.850144,76.119382
0.007571,310.850144,76.316854
0.007596,310.850144,76.320154
0.007632,310.850144,76.370064
0.007652,310.850144,76.393424
0.007678,310.850144,76.463504
0.007708,310.850144,76.473331
0.007738,310.850144,76.478678
0.007765,310.850144,76.512022
0.007795,310.850144,76.560979
0.007827,310.850144,76.577011
0.007855,310.850144,76.581168
0.007886,310.850144,76.610333
0.007915,310.850144,76.653872
0.007938,310.850144,76.665110
0.007970,310.850144,76.688470
0.008000,310.850144,76.712893
0.008028,310.850144,76.732624
0.008048,310.850144,76.762486
0.008072,310.850144,76.858870
0.008105,310.850144,76.926470
0.008141,310.850144,77.017712
0.008171,310.850144,77.026384
0.008194,310.850144,77.091869
0.008247,310.850144,77.107837
0.008290,310.850144,77.124304
0.008327,310.850144,77.130173
0.008361,310.850144,77.131670
0.008433,310.850144,77.173331
0.008459,310.850144,77.178259
0.008482,310.850144,77.195590
0.008511,310.850144,77.238698
0.008531,310.850144,77.399293
0.008556,310.850144,77.472358
0.008585,310.850144,77.504144
0.008612,310.850144,77.507088
0.008631,310.850144,77.512893
0.008656,310.850144,77.525168
0.008690,310.850144,77.559677
0.008717,310.850144,77.630064
0.008822,310.850144,77.634992
0.008842,310.850144,77.642448
0.008876,310.850144,77.652202
0.008910,310.850144,77.720518
0.008956,310.850144,77.769830
0.008987,310.850144,77.803382
0.009019,310.850144,77.812851
0.009041,310.850144,77.884822
0.009071,310.850144,78.017789
0.009104,310.850144,78.120630
0.009171,310.850144,78.131664
0.009212,310.850144,78.141622
0.009248,310.850144,78.191878
0.009279,310.850144,78.220189
0.009303,310.850144,78.225168
0.009324,310.850144,78.231670
0.009354,310.850144,78.312816
0.009387,310.850144,78.315344
0.009423,310.850144,78.337974
0.009454,310.850144,78.352304
0.009475,310.850144,78.375754
0.009499,310.850144,78.415664
0.009527,310.850144,78.536518
0.009551,310.850144,78.541235
0.009571,310.850144,78.584464
0.009599,310.850144,78.600442
0.009618,310.850144,78.614326
0.009642,310.850144,78.652541
0.009668,310.850144,78.700912
0.009750,310.850144,78.710710
0.009784,310.850144,78.845270
0.009820,310.850144,78.873258
0.009841,310.850144,78.930096
0.009861,310.850144,78.935037
0.009891,310.850144,78.975837
0.009933,310.850144,78.995507
0.009959,310.850144,79.004144
0.010029,310.850144,79.006704
0.010062,310.850144,79.119312
0.010100,310.850144,79.146109
0.010130,310.850144,79.151088
0.010152,310.850144,79.160976
0.010174,310.850144,79.228819
0.010214,310.850144,79.275824
0.010242,310.850144,79.288506
0.010277,310.850144,79.325098
0.010298,310.850144,79.346141
0.010327,310.850144,79.404221
0.010361,310.850144,79.504464
0.010414,310.850144,79.514422
0.010679,310.850144,79.593117
0.010712,310.850144,79.638813
0.010871,310.850144,79.650224
0.010902,310.850144,79.788464
0.010931,310.850144,79.819174
0.010963,310.850144,79.823923
0.010993,310.850144,79.827546
0.011026,310.850144,79.945270
0.011059,310.850144,80.073712
0.011086,310.850144,80.083510
0.011119,310.850144,80.148902
0.011153,310.850144,80.218070
0.011185,310.850144,80.219312
0.011234,310.850144,80.244112
0.011259,310.850144,80.247389
0.011420,310.850144,80.281110
0.011457,310.850144,80.330141
0.011487,310.850144,80.357469
0.011511,310.850144,80.388358
0.011549,310.850144,80.388470
0.011587,310.850144,80.492112
0.011619,310.850144,80.531760
0.011653,310.850144,80.630067
0.011683,310.850144,80.662512
0.011722,310.850144,80.715517
0.011779,310.850144,80.730406
0.011808,310.850144,80.749843
0.011834,310.850144,80.751123
0.011863,310.850144,80.772019
0.011906,310.850144,80.809181
0.011958,310.850144,80.839984
0.012004,310.850144,80.884742
0.012038,310.850144,80.937942
0.012070,310.850144,80.988240
0.012103,310.850144,80.999664
0.012130,310.850144,81.023024
0.012155,310.850144,81.034262
0.012197,310.850144,81.074822
0.012228,310.850144,81.091878
0.012258,310.850144,81.108342
0.012291,310.850144,81.141622
0.012326,310.850144,81.143699
0.012360,310.850144,81.155987
0.012385,310.850144,81.176038
0.012412,310.850144,81.195958
0.012432,310.850144,81.207859
0.012461,310.850144,81.228022
0.012492,310.850144,81.253597
0.012524,310.850144,81.268784
0.012549,310.850144,81.294710
0.012585,310.850144,81.303005
0.012614,310.850144,81.315706
0.012637,310.850144,81.318070
0.012666,310.850144,81.351123
0.012723,310.850144,81.367123
0.012748,310.850144,81.415664
0.012784,310.850144,81.426461
0.012807,310.850144,81.488470
0.012840,310.850144,81.522717
0.012871,310.850144,81.531344
0.012922,310.850144,81.563830
0.012949,310.850144,81.600432
0.012984,310.850144,81.613200
0.013012,310.850144,81.616912
0.013036,310.850144,81.624214
0.013069,310.850144,81.633747
0.013101,310.850144,81.636317
0.013129,310.850144,81.641437
0.013154,310.850144,81.642442
0.013175,310.850144,81.659878
0.013207,310.850144,80.827984
0.013234,310.850144,81.677245
0.013260,310.850144,81.710710
0.013334,310.850144,81.760979
0.013364,310.850144,81.761270
0.013398,310.850144,81.762512
0.013430,310.850144,81.766320
0.013462,310.850144,81.811878
0.013486,310.850144,81.872374
0.013515,310.850144,81.905437
0.013541,310.850144,81.936624
0.013568,310.850144,81.983430
0.013605,310.850144,82.029062
0.013634,310.850144,82.042298
0.013666,310.850144,82.117757
0.013703,310.850144,82.140406
0.013741,310.850144,82.181981
0.013774,310.850144,82.193075
0.013801,310.850144,82.196682
0.013837,310.850144,82.217712
0.013861,310.850144,82.228925
0.013888,310.850144,82.234013
0.013918,310.850144,82.293043
0.013942,310.850144,82.294470
0.013976,310.850144,82.370064
0.013994,310.850144,82.388157
0.014054,310.850144,82.438813
0.014085,310.850144,82.443635
0.014165,310.850144,82.514422
0.014197,310.850144,82.532912
0.014229,310.850144,82.559667
0.014258,310.850144,82.577462
0.014291,310.850144,82.585798
0.014323,310.850144,81.753904
0.014346,310.850144,82.591869
0.014376,310.850144,82.600822
0.014407,310.850144,82.703414
0.014443,310.850144,82.788464
0.014475,310.850144,82.790547
0.014500,310.850144,82.846512
0.014533,310.850144,82.861270
0.014561,310.850144,83.027878
0.014588,310.850144,83.045264
0.014652,310.850144,83.073235
0.014684,310.850144,83.079862
0.014721,310.850144,83.083510
0.014754,310.850144,83.130173
0.014882,310.850144,83.138813
0.014932,310.850144,83.181981
0.014974,310.850144,83.188432
0.015008,310.850144,83.217715
0.015041,310.850144,83.235037
0.015074,310.850144,83.242387
0.015099,310.850144,83.282358
0.015137,310.850144,83.320064
0.015181,310.850144,83.340310
0.015218,310.850144,83.365706
0.015261,310.850144,83.368339
0.015289,310.850144,83.400509
0.015328,310.850144,83.531344
0.015386,310.850144,83.586074
0.015424,310.850144,83.614352
0.015461,310.850144,83.617990
0.015501,310.850144,83.646406
0.015529,310.850144,83.691827
0.015557,310.850144,83.744112
0.015580,310.850144,83.748912
0.015619,310.850144,83.751123
0.015658,310.850144,83.284742
0.015685,310.850144,83.800464
0.015722,310.850144,83.802922
0.015749,310.850144,83.880902
0.015779,310.850144,83.917798
0.015813,310.850144,83.919056
0.015855,310.850144,83.932790
0.015894,310.850144,83.947325
0.015927,310.850144,84.033821
0.015955,310.850144,84.091869
0.015996,310.850144,80.842768
0.016026,310.850144,84.092038
0.016056,310.850144,84.128883
0.016083,310.850144,84.186106
0.016133,310.850144,84.188176
0.016169,310.850144,84.201910
0.016201,310.850144,84.202032
0.016231,310.850144,84.204253
0.016265,310.850144,84.208061
0.016295,310.850144,84.235440
0.016330,310.850144,84.243984
0.016366,310.850144,84.247389
0.016400,310.850144,84.285875
0.016435,310.850144,84.295536
0.016476,310.850144,84.326429
0.016515,310.850144,84.418064
0.016546,310.850144,84.452662
0.016587,310.850144,84.506813
0.016627,310.850144,84.516509
0.016661,310.850144,84.540214
0.016695,310.850144,84.558426
0.016740,310.850144,84.563824
0.016774,310.850144,84.573210
0.016816,310.850144,84.617798
0.016848,310.850144,84.623062
0.016908,310.850144,84.627910
0.016971,310.850144,84.628947
0.017008,310.850144,84.635088
0.017053,310.850144,84.641622
0.017090,310.850144,84.713110
0.017146,310.850144,84.812022
0.017184,310.850144,84.830035
0.017216,310.850144,84.848912
0.017248,310.850144,84.912816
0.017282,310.850144,84.922717
0.017325,310.850144,84.928950
0.017365,310.850144,84.974442
0.017393,310.850144,84.987069
0.017429,310.850144,85.017789
0.017514,310.850144,81.768688
0.017546,310.850144,85.023955
0.017580,310.850144,85.033821
0.017613,310.850144,85.062224
0.017653,310.850144,85.133981
0.017684,310.850144,85.147430
0.017712,310.850144,85.161360
0.017747,310.850144,85.184752
0.017787,310.850144,85.215632
0.017816,310.850144,85.291827
0.017852,310.850144,84.825446
0.017879,310.850144,85.292112
0.017921,310.850144,85.310672
0.017953,310.850144,85.319056
0.018038,310.850144,84.134064
0.018069,310.850144,85.326710
0.018114,310.850144,85.344912
0.018140,310.850144,85.435088
0.018188,310.850144,85.480752
0.018228,310.850144,85.514342
0.018268,310.850144,85.546470
0.018298,310.850144,85.626864
0.018330,310.850144,85.672285
0.018365,310.850144,85.693382
0.018402,310.850144,85.709181
0.018437,310.850144,85.710397
0.018514,310.850144,85.754992
0.018552,310.850144,85.774426
0.018582,310.850144,85.804253
0.018653,310.850144,85.848637
0.018683,310.850144,85.857622
0.018720,310.850144,85.874790
0.018764,310.850144,85.884822
0.018807,310.850144,85.906790
0.018849,310.850144,85.936624
0.018887,310.850144,85.937904
0.018919,310.850144,85.943878
0.018951,310.850144,85.962224
0.018994,310.850144,85.984637
0.019036,310.850144,85.995862
0.019075,310.850144,86.012851
0.019107,310.850144,86.045264
0.019146,310.850144,86.046518
0.019199,310.850144,86.055898
0.019252,310.850144,86.079862
0.019303,310.850144,86.082198
0.019347,310.850144,86.083430
0.019381,310.850144,86.093117
0.019441,310.850144,86.103110
0.019479,310.850144,86.122803
0.019520,310.850144,86.131664
0.019613,310.850144,86.195952
0.019642,310.850144,86.201766
0.019676,310.850144,86.207770
0.019715,310.850144,86.221370
0.019765,310.850144,86.232950
0.019805,310.850144,86.247830
0.019830,310.850144,86.262470
0.019866,310.850144,86.265914
0.019902,310.850144,86.285926
0.019935,310.850144,86.315315
0.019971,310.850144,86.326461
0.020001,310.850144,86.340310
0.020041,310.850144,86.406672
0.020066,310.850144,86.410266
0.020096,310.850144,86.426710
0.020135,310.850144,86.440262
0.020173,310.850144,86.486928
0.020206,310.850144,86.520422
0.020240,310.850144,86.528883
0.020272,310.850144,86.062502
0.020300,310.850144,86.562214
0.020332,310.850144,86.567430
0.020376,310.850144,86.614352
0.020417,310.850144,86.617747
0.020449,310.850144,86.619302
0.020483,310.850144,86.684637
0.020523,310.850144,86.699219
0.020557,310.850144,86.699510
0.020597,310.850144,86.722682
0.020643,310.850144,86.734992
0.020675,310.850144,86.788112
0.020714,310.850144,86.838909
0.020745,310.850144,86.857274
0.020785,310.850144,86.865926
0.020816,310.850144,86.881939
0.020854,310.850144,86.935078
0.020885,310.850144,86.938899
0.020916,310.850144,86.967430
0.020941,310.850144,86.979504
0.020987,310.850144,86.986106
0.021023,310.850144,86.991802
0.021059,310.850144,86.999270
0.021089,310.850144,86.999664
0.021139,310.850144,87.008118
0.021165,310.850144,87.068477
0.021202,310.850144,87.100886
0.021226,310.850144,87.119382
0.021276,310.850144,87.162512
0.021308,310.850144,87.179734
0.021346,310.850144,87.189427
0.021423,310.850144,87.200710
0.021459,310.850144,87.206813
0.021494,310.850144,87.207062
0.021538,310.850144,87.230422
0.021575,310.850144,87.253597
0.021690,310.850144,87.291856
0.021742,310.850144,87.292070
0.021780,310.850144,87.388502
0.021824,310.850144,87.417747
0.021857,310.850144,87.418064
0.021892,310.850144,87.426630
0.021930,310.850144,87.452662
0.021968,310.850144,87.476182
0.022006,310.850144,87.480982
0.022051,310.850144,87.481104
0.022082,310.850144,87.488528
0.022110,310.850144,87.500784
0.022151,310.850144,87.504464
0.022186,310.850144,87.520413
0.022217,310.850144,87.556051
0.022253,310.850144,87.562269
0.022356,310.850144,87.603206
0.022388,310.850144,87.620630
0.022415,310.850144,87.621574
0.022500,310.850144,87.623062
0.022540,310.850144,87.636317
0.022603,310.850144,87.669661
0.022637,310.850144,87.677245
0.022665,310.850144,87.683162
0.022704,310.850144,87.695750
0.022750,310.850144,87.709462
0.022827,310.850144,87.710355
0.022879,310.850144,87.713110
0.022917,310.850144,87.717990
0.022952,310.850144,87.719446
0.023026,310.850144,87.764918
0.023079,310.850144,87.776150
0.023120,310.850144,87.783238
0.023159,310.850144,87.788240
0.023206,310.850144,87.795830
0.023249,310.850144,87.849990
0.023289,310.850144,87.856230
0.023318,310.850144,87.890694
0.023396,310.850144,87.891856
0.023439,310.850144,87.931347
0.023479,310.850144,87.936624
0.023535,310.850144,87.972122
0.023578,310.850144,87.983504
0.023622,310.850144,87.994397
0.023658,310.850144,88.005392
0.023700,310.850144,88.032758
0.023736,310.850144,88.057360
0.023774,310.850144,88.082086
0.023816,310.850144,86.550192
0.023850,310.850144,88.121661
0.023881,310.850144,88.158685
0.023914,310.850144,88.184330
0.023958,310.850144,88.191846
0.023990,310.850144,88.235037
0.024050,310.850144,88.273318
0.024081,310.850144,88.278550
0.024126,310.850144,88.307754
0.024166,310.850144,88.307920
0.024203,310.850144,88.327635
0.024234,310.850144,88.327910
0.024270,310.850144,88.342870
0.024298,310.850144,88.385642
0.024333,310.850144,88.400381
0.024371,310.850144,88.404198
0.024408,310.850144,88.419005
0.024446,310.850144,88.425469
0.024484,310.850144,88.427805
0.024516,310.850144,88.435088
0.024565,310.850144,88.515315
0.024601,310.850144,88.521702
0.024637,310.850144,88.527450
0.024688,310.850144,88.572019
0.024740,310.850144,88.617757
0.024802,310.850144,88.620624
0.024839,310.850144,88.631347
0.024872,310.850144,88.638790
0.024903,310.850144,88.683238
0.024946,310.850144,88.716982
0.024987,310.850144,88.717766
0.025021,310.850144,88.725043
0.025066,310.850144,88.732637
0.025117,310.850144,88.742630
0.025160,310.850144,88.747613
0.025190,310.850144,88.762614
0.025236,310.850144,88.764691
0.025310,310.850144,88.807923
0.025361,310.850144,88.814259
0.025397,310.850144,88.817776
0.025434,310.850144,88.839088
0.025478,310.850144,88.899280
0.025556,310.850144,88.899344
0.025610,310.850144,88.906630
0.025647,310.850144,88.908182
0.025688,310.850144,88.915475
0.025728,310.850144,88.926630
0.025761,310.850144,88.953766
0.025840,310.850144,88.994314
0.025891,310.850144,88.995862
0.025932,310.850144,89.008006
0.025968,310.850144,87.476112
0.026000,310.850144,89.011677
0.026045,310.850144,89.012755
0.026076,310.850144,89.030230
0.026118,310.850144,89.042419
0.026154,310.850144,89.073235
0.026243,310.850144,89.082262
0.026287,310.850144,89.116541
0.026324,310.850144,89.119056
0.026381,310.850144,89.143869
0.026415,310.850144,89.149917
0.026458,310.850144,89.154845
0.026505,310.850144,89.168464
0.026541,310.850144,89.196682
0.026588,310.850144,85.117843
0.026628,310.850144,89.201926
0.026669,310.850144,89.221718
0.026707,310.850144,89.235037
0.026750,310.850144,89.252662
0.026791,310.850144,89.257267
0.026834,310.850144,89.257510
0.026910,310.850144,89.258547
0.026950,310.850144,89.283229
0.026991,310.850144,89.288166
0.027033,310.850144,89.330118
0.027067,310.850144,89.338739
0.027110,310.850144,89.344925
0.027150,310.850144,89.349917
0.027184,310.850144,89.361158
0.027225,310.850144,89.392246
0.027261,310.850144,89.395814
0.027297,310.850144,89.405437
0.027336,310.850144,89.420592
0.027375,310.850144,89.426387
0.027417,310.850144,89.474515
0.027454,310.850144,89.510365
0.027511,310.850144,89.514278
0.027555,310.850144,89.526704
0.027598,310.850144,89.535027
0.027643,310.850144,89.578470
0.027682,310.850144,89.586941
0.027722,310.850144,89.684464
0.027774,310.850144,89.737395
0.027823,310.850144,86.153629
0.027858,310.850144,89.740221
0.027900,310.850144,89.774442
0.027935,310.850144,89.782013
0.027975,310.850144,89.811952
0.028024,310.850144,89.814352
0.028060,310.850144,89.818899
0.028096,310.850144,89.821750
0.028145,310.850144,89.823962
0.028177,310.850144,89.879504
0.028214,310.850144,89.883430
0.028247,310.850144,89.905446
0.028280,310.850144,89.917821
0.028318,310.850144,89.921501
0.028355,310.850144,89.937597
0.028397,310.850144,89.951366
0.028434,310.850144,89.956310
0.028482,310.850144,89.957267
0.028541,310.850144,89.997174
0.028586,310.850144,89.999251
0.028619,310.850144,90.038739
0.028646,310.850144,90.043686
0.028682,310.850144,90.083472
0.028718,310.850144,90.089782
0.028755,310.850144,90.095734
0.028792,310.850144,90.099283
0.028843,310.850144,90.119069
0.028890,310.850144,90.125158
0.028952,310.850144,90.131485
0.028985,310.850144,90.144944
0.029069,310.850144,90.177181
0.029115,310.850144,90.183430
0.029154,310.850144,90.201766
0.029208,310.850144,90.225213
0.029251,310.850144,90.227910
0.029292,310.850144,90.230352
0.029338,310.850144,90.247389
0.029515,310.850144,90.250954
0.029556,310.850144,90.252221
0.029598,310.850144,90.254966
0.029640,310.850144,90.286928
0.029679,310.850144,90.288147
0.029712,310.850144,90.291856
0.029758,310.850144,90.299130
0.029801,310.850144,90.315325
0.029840,310.850144,90.320253
0.029880,310.850144,90.383478
0.029925,310.850144,90.430064
0.030062,310.850144,90.431398
0.030211,310.850144,90.442461
0.030244,310.850144,90.451114
0.030288,310.850144,90.451382
0.030331,310.850144,90.477328
0.030371,310.850144,90.483187
0.030401,310.850144,90.490630
0.030435,310.850144,90.495558
0.030474,310.850144,90.506813
0.030516,310.850144,90.512861
0.030555,310.850144,90.517757
0.030598,310.850144,90.522717
0.030650,310.850144,86.917958
0.030685,310.850144,90.541210
0.030718,310.850144,90.565104
0.030764,310.850144,90.567504
0.030806,310.850144,90.578365
0.030853,310.850144,90.610384
0.030888,310.850144,90.610397
0.030961,310.850144,90.623952
0.031006,310.850144,90.625462
0.031076,310.850144,90.663440
0.031139,310.850144,90.672051
0.031173,310.850144,90.697843
0.031220,310.850144,90.701610
0.031253,310.850144,90.702874
0.031293,310.850144,90.706832
0.031332,310.850144,90.709462
0.031377,310.850144,90.713030
0.031417,310.850144,90.752403
0.031468,310.850144,90.761264
0.031506,310.850144,90.815219
0.031549,310.850144,90.825552
0.031623,310.850144,90.832790
0.031670,310.850144,90.836624
0.031712,310.850144,90.844944
0.031746,310.850144,90.877430
0.031814,310.850144,90.892070
0.031855,310.850144,90.938643
0.031899,310.850144,90.950160
0.031942,310.850144,90.952202
0.031997,310.850144,90.968477
0.032041,310.850144,90.983504
0.032082,310.850144,91.015210
0.032121,310.850144,91.039994
0.032165,310.850144,91.053629
0.032261,310.850144,91.056310
0.032301,310.850144,91.066141
0.032342,310.850144,91.101910
0.032384,310.850144,91.119056
0.032448,310.850144,91.142778
0.032494,310.850144,91.151472
0.032529,310.850144,91.157274
0.032570,310.850144,91.162224
0.032617,310.850144,91.164918
0.032659,310.850144,91.173235
0.032698,310.850144,91.184752
0.032744,310.850144,91.193424
0.032843,310.850144,91.212998
0.032884,310.850144,91.217776
0.032925,310.850144,91.233661
0.032966,310.850144,91.241232
0.033000,310.850144,91.241245
0.033040,310.850144,91.256198
0.033081,310.850144,91.278550
0.033128,310.850144,91.280918
0.033180,310.850144,91.284694
0.033229,310.850144,91.309181
0.033273,310.850144,91.325171
0.033308,310.850144,91.329110
0.033356,310.850144,91.341469
0.033393,310.850144,91.366118
0.033440,310.850144,91.379494
0.033482,310.850144,91.388176
0.033538,310.850144,91.390902
0.033589,310.850144,91.410390
0.033633,310.850144,91.421478
0.033671,310.850144,91.430310
0.033716,310.850144,91.437702
0.033758,310.850144,91.448637
0.033800,310.850144,87.843878
0.033838,310.850144,91.478646
0.033897,310.850144,91.485725
0.033945,310.850144,91.526397
0.033985,310.850144,91.530173
0.034029,310.850144,91.540157
0.034072,310.850144,91.553814
0.034225,310.850144,91.579549
0.034285,310.850144,91.589235
0.034329,310.850144,88.005469
0.034368,310.850144,91.594608
0.034415,310.850144,91.638950
0.034463,310.850144,91.639984
0.034627,310.850144,91.667197
0.034674,310.850144,91.670867
0.034716,310.850144,91.684678
0.034763,310.850144,91.693235
0.034798,310.850144,91.739994
0.034832,310.850144,91.740016
0.034953,310.850144,91.770864
0.034988,310.850144,91.800509
0.035039,310.850144,91.809107
0.035072,310.850144,91.813939
0.035125,310.850144,91.817990
0.035165,310.850144,91.819027
0.035212,310.850144,91.827642
0.035256,310.850144,91.862224
0.035291,310.850144,91.867130
0.035327,310.850144,91.869766
0.035402,310.850144,91.890579
0.035438,310.850144,91.915664
0.035481,310.850144,91.926461
0.035517,310.850144,91.931357
0.035560,310.850144,91.933690
0.035605,310.850144,91.936179
0.035648,310.850144,91.937904
0.035680,310.850144,91.962310
0.035730,310.850144,91.974442
0.035770,310.850144,87.895603
0.035807,310.850144,92.006726
0.035850,310.850144,92.014256
0.035896,310.850144,92.017642
0.035941,310.850144,92.018038
0.035987,310.850144,92.020624
0.036028,310.850144,92.028819
0.036066,310.850144,92.036307
0.036103,310.850144,92.082262
0.036146,310.850144,92.083059
0.036195,310.850144,92.106806
0.036246,310.850144,92.108304
0.036292,310.850144,92.115590
0.036335,310.850144,92.117747
0.036377,310.850144,92.118010
0.036418,310.850144,92.119056
0.036487,310.850144,92.145302
0.036536,310.850144,92.153597
0.036632,310.850144,92.173574
0.036685,310.850144,92.212848
0.036730,310.850144,92.230173
0.036806,310.850144,92.240157
0.036855,310.850144,92.243645
0.036903,310.850144,92.247354
0.036984,310.850144,92.250230
0.037065,310.850144,92.252662
0.037111,310.850144,92.256051
0.037228,310.850144,92.274426
0.037267,310.850144,92.279549
0.037336,310.850144,92.284477
0.037369,310.850144,92.299283
0.037423,310.850144,92.303222
0.037479,310.850144,92.334086
0.037526,310.850144,92.356304
0.037567,310.850144,92.388176
0.037631,310.850144,92.402864
0.037669,310.850144,92.411677
0.037712,310.850144,92.428861
0.037747,310.850144,92.439024
0.037794,310.850144,92.444922
0.037828,310.850144,92.446310
0.037871,310.850144,92.466077
0.037912,310.850144,92.466294
0.037961,310.850144,92.472253
0.038000,310.850144,92.482003
0.038043,310.850144,92.522758
0.038213,310.850144,92.522950
0.038346,310.850144,92.523914
0.038396,310.850144,92.526704
0.038442,310.850144,92.527635
0.038487,310.850144,92.536179
0.038531,310.850144,92.542768
0.038582,310.850144,92.549917
0.038626,310.850144,92.552195
0.038680,310.850144,92.603206
0.038719,310.850144,92.613104
0.038766,310.850144,92.665914
0.038801,310.850144,92.665936
0.038878,310.850144,92.677174
0.038921,310.850144,92.679517
0.038977,310.850144,92.684678
0.039019,310.850144,92.694234
0.039062,310.850144,92.694470
0.039102,310.850144,92.729126
0.039161,310.850144,92.751261
0.039203,310.850144,92.753533
0.039250,310.850144,92.778237
0.039292,310.850144,92.788144
0.039327,310.850144,92.810352
0.039418,310.850144,92.820317
0.039471,310.850144,92.821750
0.039521,310.850144,92.846422
0.039574,310.850144,92.847549
0.039620,310.850144,92.857277
0.039659,310.850144,92.908150
0.039707,310.850144,92.921312
0.039755,310.850144,92.932765
0.039803,310.850144,92.958672
0.040143,310.850144,92.963354
0.040215,310.850144,92.999082
0.040258,310.850144,93.006653
0.040301,310.850144,93.025462
0.040349,310.850144,93.035037
0.040419,310.850144,93.036115
0.040477,310.850144,93.041510
0.040510,310.850144,93.047357
0.040554,310.850144,93.058726
0.040595,310.850144,93.112682
0.040639,310.850144,93.120243
0.040676,310.850144,93.124272
0.040725,310.850144,93.135037
0.040773,310.850144,93.135069
0.040816,310.850144,93.141494
0.040874,310.850144,93.144915
0.040913,310.850144,93.151270
0.040965,310.850144,93.160957
0.041010,310.850144,93.166077
0.041053,310.850144,93.169395
0.041101,310.850144,93.169565
0.041149,310.850144,93.169978
0.041192,310.850144,93.173274
0.041230,310.850144,93.199280
0.041272,310.850144,93.202867
0.041321,310.850144,93.206813
0.041356,310.850144,93.227894
0.041404,310.850144,93.230128
0.041442,310.850144,93.246099
0.041479,310.850144,93.246512
0.041528,310.850144,93.253648
0.041573,310.850144,93.253718
0.041625,310.850144,93.255088
0.041677,310.850144,93.257277
0.041721,310.850144,93.278163
0.041767,310.850144,93.288189
0.041816,310.850144,93.311952
0.041867,310.850144,93.320349
0.041917,310.850144,93.337597
0.041960,310.850144,93.337670
0.042014,310.850144,93.338749
0.042057,310.850144,93.346074
0.042126,310.850144,93.410278
0.042166,310.850144,93.410614
0.042217,310.850144,93.411750
0.042262,310.850144,93.414294
0.042306,310.850144,93.426630
0.042392,310.850144,93.426662
0.042447,310.850144,93.427632
0.042530,310.850144,93.430077
0.042577,310.850144,93.443674
0.042639,310.850144,93.443901
0.042695,310.850144,93.468688
0.042745,310.850144,93.473542
0.042781,310.850144,93.474557
0.042819,310.850144,93.481104
0.042860,310.850144,93.497014
0.042905,310.850144,93.530163
0.042957,310.850144,93.537782
0.043003,310.850144,93.572019
0.043047,310.850144,93.588278
0.043091,310.850144,93.600822
0.043146,310.850144,93.605437
0.043201,310.850144,93.621574
0.043402,310.850144,93.622790
0.043447,310.850144,93.625462
0.043492,310.850144,93.636307
0.043571,310.850144,93.688253
0.043615,310.850144,93.705437
0.043674,310.850144,93.708182
0.043728,310.850144,93.717715
0.043781,310.850144,93.766013
0.043825,310.850144,93.772147
0.043873,310.850144,93.779677
0.043920,310.850144,93.818045
0.043954,310.850144,93.821405
0.044003,310.850144,93.831347
0.044048,310.850144,93.847622
0.044151,310.850144,93.863347
0.044198,310.850144,93.883430
0.044293,310.850144,93.884477
0.044343,310.850144,93.891869
0.044397,310.850144,93.899504
0.044443,310.850144,93.925034
0.044564,310.850144,90.858547
0.044607,310.850144,93.931398
0.044710,310.850144,93.942790
0.044750,310.850144,93.957373
0.044787,310.850144,93.980989
0.044841,310.850144,94.005520
0.044899,310.850144,90.394618
0.044939,310.850144,94.009107
0.045033,310.850144,94.021427
0.045087,310.850144,94.050192
0.045136,310.850144,94.059958
0.045192,310.850144,94.060989
0.045238,310.850144,94.070746
0.045291,310.850144,94.071078
0.045335,310.850144,94.086982
0.045431,310.850144,94.106813
0.045474,310.850144,94.137782
0.045519,310.850144,94.140198
0.045565,310.850144,94.152550
0.045611,310.850144,94.156304
0.045658,310.850144,94.158685
0.045734,310.850144,94.179568
0.045772,310.850144,94.181971
0.045810,310.850144,94.183197
0.045847,310.850144,94.190902
0.045906,310.850144,94.194234
0.045955,310.850144,94.207997
0.046002,310.850144,94.230326
0.046058,310.850144,94.264669
0.046094,310.850144,94.299526
0.046143,310.850144,94.303110
0.046196,310.850144,94.310384
0.046276,310.850144,94.314064
0.046325,310.850144,94.314141
0.046379,310.850144,94.327910
0.046459,310.850144,94.337370
0.046521,310.850144,94.337670
0.046564,310.850144,94.340214
0.046604,310.850144,94.358426
0.046730,310.850144,94.369779
0.046787,310.850144,94.400477
0.046828,310.850144,94.409158
0.046882,310.850144,94.414064
0.046965,310.850144,94.462170
0.047028,310.850144,94.468234
0.047108,310.850144,92.019027
0.047152,310.850144,94.482150
0.047195,310.850144,94.491869
0.047250,310.850144,94.509286
0.047295,310.850144,94.536637
0.047397,310.850144,94.561296
0.047449,310.850144,94.567206
0.047496,310.850144,94.578237
0.047585,310.850144,94.589341
0.047629,310.850144,94.596787
0.047698,310.850144,94.603101
0.047736,310.850144,94.620374
0.047784,310.850144,94.625200
0.047834,310.850144,94.673235
0.047874,310.850144,94.678269
0.047915,310.850144,94.683162
0.047949,310.850144,94.684752
0.047999,310.850144,94.704115
0.048042,310.850144,94.717843
0.048098,310.850144,94.724093
0.048139,310.850144,94.727539
0.048250,310.850144,94.746326
0.048301,310.850144,94.755891
0.048338,310.850144,94.769821
0.048388,310.850144,94.773446
0.048450,310.850144,93.241552
0.048491,310.850144,94.777238
0.048540,310.850144,94.788144
0.048592,310.850144,94.796787
0.048663,310.850144,94.800477
0.048703,310.850144,94.826406
0.048743,310.850144,94.828819
0.048783,310.850144,94.842717
0.048824,310.850144,94.843773
0.048866,310.850144,94.859952
0.048922,310.850144,94.877053
0.048971,310.850144,94.881949
0.049009,310.850144,94.884330
0.049046,310.850144,94.891030
0.049085,310.850144,94.895507
0.049135,310.850144,94.902973
0.049180,310.850144,94.907997
0.049226,310.850144,94.914141
0.049279,310.850144,94.916678
0.049326,310.850144,94.927664
0.049370,310.850144,94.951334
0.049414,310.850144,94.954650
0.049451,310.850144,94.968758
0.049496,310.850144,94.996666
0.049538,310.850144,95.001926
0.049581,310.850144,95.012902
0.049664,310.850144,95.013078
0.049710,310.850144,95.032656
0.049770,310.850144,88.621754
0.049808,310.850144,95.046358
0.049854,310.850144,95.094470
0.049906,310.850144,95.102874
0.049949,310.850144,95.106928
0.049999,310.850144,95.109158
0.050038,310.850144,95.131344
0.050207,310.850144,95.140029
0.050252,310.850144,95.142800
0.050297,310.850144,95.162470
0.050350,310.850144,95.167133
0.050391,310.850144,95.175699
0.050475,310.850144,95.183411
0.050512,310.850144,95.188326
0.050552,310.850144,95.189510
0.050604,310.850144,95.191754
0.050655,310.850144,95.194704
0.050762,310.850144,95.196595
0.050852,310.850144,95.196918
0.050908,310.850144,95.209203
0.050955,310.850144,95.218038
0.050994,310.850144,95.228797
0.051038,310.850144,95.228826
0.051094,310.850144,95.229053
0.051171,310.850144,95.253530
0.051222,310.850144,95.262118
0.051265,310.850144,95.275910
0.051309,310.850144,95.287120
0.051355,310.850144,95.295514
0.051412,310.850144,95.298288
0.051457,310.850144,95.301674
0.051503,310.850144,95.306813
0.051540,310.850144,95.325200
0.051617,310.850144,95.339955
0.051657,310.850144,95.341277
0.051700,310.850144,95.359760
0.051757,310.850144,95.362310
0.051803,310.850144,95.364752
0.051847,310.850144,95.373590
0.051914,310.850144,95.384822
0.051979,310.850144,95.396998
0.052036,310.850144,95.412848
0.052118,310.850144,95.427546
0.052229,310.850144,95.438950
0.052350,310.850144,95.445078
0.052399,310.850144,95.480925
0.052440,310.850144,95.482182
0.052535,310.850144,95.496787
0.052602,310.850144,95.506813
0.052648,310.850144,95.507891
0.052686,310.850144,95.522650
0.052739,310.850144,95.528819
0.052785,310.850144,95.537395
0.052834,310.850144,95.550086
0.052888,310.850144,95.557338
0.052948,310.850144,95.560022
0.053008,310.850144,95.563702
0.053060,310.850144,95.579760
0.053098,310.850144,95.586794
0.053151,310.850144,95.599382
0.053197,310.850144,95.604189
0.053237,310.850144,95.608304
0.053278,310.850144,95.613104
0.053323,310.850144,95.625309
0.053365,310.850144,95.636250
0.053416,310.850144,95.636285
0.053461,310.850144,95.643699
0.053513,310.850144,95.647613
0.053560,310.850144,95.653670
0.053610,310.850144,95.678170
0.053653,310.850144,95.709117
0.053734,310.850144,95.725382
0.053771,310.850144,95.726397
0.053811,310.850144,95.732467
0.053867,310.850144,95.752326
0.053915,310.850144,95.779718
0.053969,310.850144,95.782054
0.054067,310.850144,95.788090
0.054131,310.850144,95.807869
0.054172,310.850144,95.814352
0.054255,310.850144,95.815670
0.054302,310.850144,95.845126
0.054351,310.850144,95.857360
0.054407,310.850144,92.246458
0.054448,310.850144,95.879507
0.054555,310.850144,95.899382
0.054602,310.850144,95.905370
0.054651,310.850144,95.908150
0.054703,310.850144,95.929978
0.054775,310.850144,95.938998
0.054827,310.850144,95.941520
0.054882,310.850144,95.978237
0.055025,310.850144,95.984474
0.055077,310.850144,95.993040
0.055149,310.850144,96.020502
0.055210,310.850144,96.028976
0.055262,310.850144,96.030128
0.055303,310.850144,96.036227
0.055397,310.850144,96.037629
0.055451,310.850144,96.062154
0.055507,310.850144,96.062230
0.055561,310.850144,96.082134
0.055617,310.850144,96.111507
0.055690,310.850144,96.133885
0.055746,310.850144,96.136317
0.055802,310.850144,96.142726
0.055855,310.850144,96.179485
0.055907,310.850144,96.182173
0.055967,310.850144,96.195571
0.056016,310.850144,96.210266
0.056074,310.850144,96.217757
0.056181,310.850144,96.221619
0.056227,310.850144,96.221661
0.056285,310.850144,96.224208
0.056335,310.850144,96.235270
0.056406,310.850144,96.249917
0.056457,310.850144,96.264602
0.056517,310.850144,96.272125
0.056574,310.850144,96.290672
0.056620,310.850144,96.294544
0.056671,310.850144,96.311798
0.056716,310.850144,96.312698
0.056791,310.850144,96.313021
0.056839,310.850144,96.314010
0.056884,310.850144,96.331344
0.056939,310.850144,96.332627
0.056992,310.850144,96.333990
0.057039,310.850144,96.342451
0.057087,310.850144,96.344819
0.057136,310.850144,96.357338
0.057195,310.850144,96.357360
0.057256,310.850144,94.846458
0.057300,310.850144,96.389542
0.057349,310.850144,96.407965
0.057397,310.850144,94.876070
0.057445,310.850144,96.420358
0.057509,310.850144,92.809456
0.057593,310.850144,96.443894
0.057654,310.850144,96.450118
0.057708,310.850144,96.495482
0.057793,310.850144,96.505680
0.057835,310.850144,96.510358
0.057888,310.850144,96.531590
0.057978,310.850144,96.532592
0.058031,310.850144,96.551270
0.058080,310.850144,96.552211
0.058135,310.850144,96.553814
0.058198,310.850144,96.567504
0.058301,310.850144,96.581907
0.058358,310.850144,96.593053
0.058436,310.850144,96.610493
0.058493,310.850144,96.631376
0.058606,310.850144,96.635037
0.058651,310.850144,96.636400
0.058706,310.850144,96.643856
0.058750,310.850144,96.646074
0.058802,310.850144,96.647638
0.058864,310.850144,96.690442
0.058913,310.850144,94.611603
0.058960,310.850144,96.694438
0.059013,310.850144,96.720438
0.059063,310.850144,96.737904
0.059214,310.850144,96.742298
0.059265,310.850144,96.747347
0.059308,310.850144,96.765981
0.059351,310.850144,96.774902
0.059412,310.850144,96.798077
0.059476,310.850144,90.387174
0.059516,310.850144,96.805427
0.059567,310.850144,96.820179
0.059619,310.850144,96.821501
0.059666,310.850144,96.847418
0.059779,310.850144,96.864986
0.059828,310.850144,96.867197
0.059868,310.850144,96.876954
0.059956,310.850144,96.881882
0.060025,310.850144,96.884474
0.060073,310.850144,95.336432
0.060112,310.850144,96.884496
0.060156,310.850144,90.473594
0.060195,310.850144,96.891859
0.060287,310.850144,96.896989
0.060335,310.850144,96.899478
0.060378,310.850144,96.916371
0.060426,310.850144,96.917712
0.060469,310.850144,96.921680
0.060514,310.850144,96.923955
0.060594,310.850144,96.925245
0.060702,185.952230,96.925245
0.060768,148.396710,96.925245
0.060806,147.512742,96.925245
0.060859,145.255910,96.925245
0.060986,142.521443,96.925245
0.061010,140.351043,96.925245
0.061044,132.973264,96.925245
0.062000,132.973264,96.463654
0.062104,132.973264,96.925245
0.062549,122.249651,96.925245
0.064508,122.249651,96.409270
0.064571,122.249651,96.925245
0.068575,118.152147,96.925245
0.070409,118.152147,96.095750
0.070450,118.152147,96.925245
0.070898,118.152147,94.557430
0.070952,118.152147,96.925245
0.072985,118.152147,95.009318
0.073025,118.152147,96.925245
0.073930,116.300307,96.925245
0.076312,116.300307,96.873658
0.076346,116.300307,96.925245
0.076404,116.300307,96.873658
0.076434,116.300307,96.925245
0.076735,116.300307,92.403184
0.076785,116.300307,96.925245
0.077157,116.300307,94.011878
0.077189,116.300307,96.925245
0.077496,116.300307,92.134064
0.077544,116.300307,96.925245
0.079612,116.300307,95.772378
0.079650,116.300307,96.925245
0.084765,116.300307,96.604454
0.084792,116.300307,96.925245
0.089060,116.300307,94.839034
0.089087,116.300307,96.925245
0.089923,116.300307,95.678534
0.089949,116.300307,96.925245
0.092653,116.300307,96.941277
0.092681,116.300307,95.305670
0.092703,116.300307,96.942355
0.092736,116.300307,96.967430
0.092789,116.300307,96.981104
0.092808,116.300307,96.989558
0.092839,116.300307,96.999382
0.092877,116.300307,97.004090
0.092905,116.300307,97.005395
0.092936,116.300307,97.025558
0.092961,116.300307,97.027539
0.092986,116.300307,97.046067
0.093018,116.300307,97.048944
0.093047,116.300307,97.090726
0.093076,116.300307,97.125213
0.093107,116.300307,97.128893
0.093133,116.300307,97.156304
0.093164,116.300307,97.157510
0.093194,116.300307,97.173210
0.093231,116.300307,97.188272
0.093260,116.300307,97.190902
0.093293,116.300307,97.202874
0.093326,116.300307,97.215526
0.093352,116.300307,97.253814
0.093385,116.300307,97.263622
0.093411,116.300307,97.269629
0.093441,116.300307,97.294419
0.093462,116.300307,97.309117
0.093495,116.300307,97.314278
0.093519,116.300307,97.316816
0.093541,116.300307,97.329053
0.093619,116.300307,97.336582
0.093653,116.300307,97.338886
0.093684,116.300307,97.343990
0.093714,116.300307,97.358870
0.093740,116.300307,97.377072
0.093770,116.300307,90.266170
0.093794,116.300307,97.389363
0.093826,116.300307,97.407770
0.093862,116.300307,97.409178
0.093888,116.300307,97.425286
0.093914,116.300307,97.451350
0.093943,116.300307,97.456182
0.093968,116.300307,97.469878
0.093992,116.300307,97.478131
0.094015,116.300307,97.547581
0.094035,116.300307,97.557296
0.094092,116.300307,97.576080
0.094125,116.300307,97.581968
0.094146,116.300307,97.584445
0.094181,116.300307,97.600541
0.094207,116.300307,97.468646
0.094230,116.300307,97.603142
0.094262,116.300307,97.620358
0.094286,116.300307,97.621533
0.094317,116.300307,97.630326
0.094351,116.300307,97.636179
0.094382,116.300307,95.143773
0.094407,116.300307,97.639930
0.094457,116.300307,97.653670
0.094487,116.300307,97.732765
0.094510,116.300307,97.736138
0.094538,116.300307,97.762358
0.094564,116.300307,97.769693
0.094588,116.300307,97.773338
0.094640,116.300307,97.774758
0.094665,116.300307,97.794234
0.094705,116.300307,97.794397
0.094728,116.300307,97.802874
0.094752,116.300307,97.810362
0.094789,116.300307,97.812762
0.094815,116.300307,97.817779
0.094846,116.300307,97.821574
0.094952,116.300307,97.888067
0.094976,116.300307,97.901754
0.095006,116.300307,97.588272
0.095027,116.300307,97.906608
0.095052,116.300307,97.910710
0.095080,116.300307,97.915430
0.095112,116.300307,97.921533
0.095145,116.300307,97.929104
0.095172,116.300307,97.958557
0.095202,116.300307,97.989392
0.095223,116.300307,97.999526
0.095264,116.300307,98.001830
0.095296,116.300307,98.021718
0.095317,116.300307,98.031478
0.095343,116.300307,98.085926
0.095371,116.300307,98.099411
0.095399,116.300307,98.142589
0.095423,116.300307,98.147670
0.095452,116.300307,98.232694
0.095480,116.300307,98.240198
0.095502,116.300307,98.250970
0.095536,116.300307,98.277245
0.095561,116.300307,98.280816
0.095591,116.300307,98.289590
0.095622,116.300307,98.303158
0.095645,116.300307,98.314070
0.095671,116.300307,98.334086
0.095724,116.300307,98.337846
0.095755,116.300307,98.384410
0.095787,116.300307,98.386739
0.095820,116.300307,95.732605
0.095844,116.300307,98.427642
0.095864,116.300307,98.440246
0.095884,116.300307,98.473510
0.095909,116.300307,98.477222
0.095933,116.300307,98.494470
0.095962,116.300307,98.495696
0.095984,116.300307,98.497014
0.096020,116.300307,98.504464
0.096049,116.300307,98.510384
0.096083,116.300307,98.563702
0.096112,116.300307,98.591754
0.096137,116.300307,98.614246
0.096160,116.300307,98.617782
0.096192,116.300307,98.632605
0.096223,116.300307,98.641622
0.096258,116.300307,98.643709
0.096285,116.300307,98.646422
0.096319,116.300307,98.649917
0.096346,116.300307,92.239014
0.096367,116.300307,98.653670
0.096399,116.300307,96.095750
0.096422,116.300307,98.673469
0.096444,116.300307,98.700330
0.096471,116.300307,98.709382
0.096496,116.300307,98.751318
0.096526,116.300307,98.758557
0.096552,116.300307,98.762198
0.096584,116.300307,98.792102
0.096652,116.300307,98.799494
0.096678,116.300307,98.799510
0.096705,116.300307,98.809238
0.096736,116.300307,98.812784
0.096768,116.300307,98.853597
0.096800,116.300307,97.101853
0.096816,116.300307,98.883366
0.096838,116.300307,98.884442
0.096856,116.300307,98.886835
0.096879,116.300307,98.915664
0.096899,116.300307,98.948880
0.096920,116.300307,98.953693
0.096941,116.300307,98.971142
0.096977,116.300307,99.020179
0.097008,116.300307,99.033926
0.097037,116.300307,99.036413
0.097059,116.300307,99.042461
0.097087,116.300307,99.058726
0.097108,116.300307,99.100678
0.097133,116.300307,99.135206
0.097163,116.300307,99.137584
0.097193,116.300307,99.141478
0.097216,116.300307,99.142493
0.097244,116.300307,92.031590
0.097262,116.300307,99.165843
0.097286,116.300307,99.165981
0.097312,116.300307,97.530374
0.097334,116.300307,99.197014
0.097368,116.300307,99.210278
0.097393,116.300307,99.215206
0.097417,116.300307,99.257235
0.097445,116.300307,99.262374
0.097471,116.300307,99.282086
0.097498,116.300307,99.301917
0.097517,116.300307,99.314352
0.097555,116.300307,99.320486
0.097584,116.300307,99.329021
0.097609,116.300307,99.336253
0.097634,116.300307,99.342630
0.097664,116.300307,99.350198
0.097690,116.300307,99.366230
0.097748,116.300307,99.401629
0.097776,116.300307,99.404144
0.097809,116.300307,99.409360
0.097838,116.300307,99.426275
0.097874,116.300307,99.440112
0.097901,116.300307,99.474579
0.097938,116.300307,99.516605
0.097970,116.300307,99.533885
0.097996,116.300307,99.574442
0.098031,116.300307,99.588112
0.098069,116.300307,99.609309
0.098100,116.300307,99.617712
0.098140,116.300307,99.621405
0.098163,116.300307,99.635270
0.098188,116.300307,99.638611
0.098210,116.300307,99.672125
0.098234,116.300307,99.686941
0.098266,116.300307,99.688253
0.098312,116.300307,99.714032
0.098337,116.300307,99.725414
0.098363,116.300307,99.742630
0.098391,116.300307,99.746154
0.098420,116.300307,99.763517
0.098442,116.300307,99.782230
0.098469,116.300307,99.809114
0.098495,116.300307,99.836179
0.098526,116.300307,99.855046
0.098582,116.300307,99.858630
0.098614,116.300307,99.883430
0.098654,116.300307,99.889363
0.098678,116.300307,99.925062
0.098717,116.300307,99.964918
0.098743,116.300307,99.982054
0.098781,116.300307,100.009309
0.098807,116.300307,100.014422
0.098852,116.300307,100.019222
0.098881,116.300307,100.037584
0.098912,116.300307,100.039984
0.099021,116.300307,100.046237
0.099042,116.300307,100.106813
0.099085,116.300307,100.111782
0.099136,116.300307,100.121680
0.099163,116.300307,100.122950
0.099187,116.300307,100.175894
0.099212,116.300307,100.178518
0.099232,116.300307,100.179517
0.099265,116.300307,99.353693
0.099282,116.300307,100.186909
0.099302,116.300307,100.206909
0.099322,116.300307,100.234992
0.099347,116.300307,100.237904
0.099395,116.300307,100.239984
0.099429,116.300307,100.247453
0.099458,116.300307,100.251414
0.099482,116.300307,100.261117
0.099502,116.300307,100.275699
0.099545,116.300307,100.281046
0.099585,116.300307,100.294227
0.099608,116.300307,100.301776
0.099634,116.300307,96.690874
0.099657,116.300307,100.309117
0.099687,116.300307,97.890790
0.099709,116.300307,100.316637
0.099739,116.300307,100.343942
0.099767,116.300307,100.363347
0.099808,116.300307,100.365706
0.099835,116.300307,100.437501
0.099864,116.300307,100.446154
0.099891,116.300307,100.459805
0.099915,116.300307,100.463517
0.099942,116.300307,100.504115
0.099967,116.300307,100.514301
0.099990,116.300307,100.525245
0.100021,116.300307,100.528982
0.100047,116.300307,100.547453
0.100076,116.300307,100.554739
0.100109,116.300307,100.554998
0.100132,116.300307,100.557446
0.100156,116.300307,100.559782
0.100183,116.300307,100.564531
0.100205,116.300307,100.588253
0.100231,116.300307,100.592954
0.100255,116.300307,100.601757
0.100282,116.300307,100.609082
0.100305,116.300307,100.637574
0.100328,116.300307,100.645078
0.100361,116.300307,100.684410
0.100391,116.300307,99.484598
0.100413,116.300307,100.658576
0.100432,116.300307,100.725350
0.100455,116.300307,100.736253
0.100482,116.300307,100.743846
0.100508,116.300307,100.746224
0.100539,116.300307,100.746358
0.100568,116.300307,100.748538
0.100606,116.300307,100.759782
0.100630,116.300307,100.765939
0.100668,116.300307,100.773638
0.100687,116.300307,100.784438
0.100718,116.300307,100.792134
0.100745,116.300307,100.793117
0.100764,116.300307,100.800403
0.100826,116.300307,100.801754
0.100853,116.300307,100.820189
0.100876,116.300307,100.821590
0.100904,116.300307,100.825117
0.100934,116.300307,100.826566
0.100958,116.300307,100.847322
0.100990,116.300307,100.857373
0.101023,116.300307,100.869565
0.101050,116.300307,100.888253
0.101072,116.300307,100.900550
0.101101,116.300307,100.903005
0.101131,116.300307,100.907754
0.101166,116.300307,100.917830
0.101194,116.300307,100.936438
0.101225,116.300307,100.941286
0.101248,116.300307,100.944829
0.101266,116.300307,100.947325
0.101289,116.300307,100.951005
0.101324,116.300307,100.952518
0.101346,116.300307,100.975699
0.101364,116.300307,100.980627
0.101388,116.300307,101.001926
0.101407,116.300307,101.002899
0.101448,116.300307,101.028797
0.101475,116.300307,101.032541
0.101505,116.300307,101.036381
0.101533,116.300307,101.037501
0.101563,116.300307,101.037702
0.101609,116.300307,101.062118
0.101636,116.300307,101.065104
0.101660,116.300307,101.067194
0.101692,116.300307,101.088253
0.101718,116.300307,101.090547
0.101749,116.300307,101.105424
0.101780,116.300307,101.116630
0.101832,116.300307,101.117642
0.101855,116.300307,101.123997
0.101888,116.300307,101.195645
0.101916,116.300307,101.205533
0.101936,116.300307,101.209178
0.101963,116.300307,100.524182
0.101985,116.300307,101.286973
0.102013,116.300307,101.302813
0.102038,116.300307,101.313030
0.102062,116.300307,101.324157
0.102089,116.300307,101.336438
0.102116,116.300307,101.352560
0.102147,116.300307,101.389437
0.102171,116.300307,101.392925
0.102196,116.300307,101.395568
0.102227,116.300307,101.435037
0.102872,116.300307,101.450954
0.102904,116.300307,101.457299
0.102931,116.300307,101.464602
0.102956,116.300307,101.467334
0.102976,116.300307,101.478170
0.103003,116.300307,101.499229
0.103028,116.300307,101.506813
0.103056,116.300307,101.520285
0.103073,116.300307,101.521501
0.103092,116.300307,101.528794
0.103123,116.300307,101.546202
0.103157,116.300307,101.549936
0.103183,116.300307,101.559622
0.103212,116.300307,101.559792
0.103244,116.300307,101.569830
0.103278,116.300307,101.578470
0.103302,116.300307,101.579459
0.103331,116.300307,101.580861
0.103355,116.300307,101.585690
0.103377,116.300307,101.588093
0.103401,116.300307,101.600550
0.103427,116.300307,101.609213
0.103452,116.300307,101.630106
0.103482,116.300307,101.642419
0.103507,116.300307,101.642493
0.103530,116.300307,101.650954
0.103553,116.300307,101.669766
0.103580,116.300307,101.673341
0.103608,116.300307,101.676144
0.103641,116.300307,101.690483
0.103665,116.300307,101.699478
0.103686,116.300307,101.701690
0.103715,116.300307,101.702899
0.103737,116.300307,101.704262
0.103789,116.300307,101.707827
0.103810,116.300307,101.746109
0.103832,116.300307,101.767194
0.103850,116.300307,101.770762
0.103884,116.300307,101.783261
0.103915,116.300307,101.788253
0.103959,116.300307,101.801690
0.103988,116.300307,101.806621
0.104025,116.300307,101.810291
0.104050,116.300307,101.823997
0.104068,116.300307,101.830035
0.104092,116.300307,101.830390
0.104120,116.300307,101.834160
0.104142,116.300307,101.858458
0.104169,116.300307,101.867206
0.104190,116.300307,101.876016
0.104213,116.300307,101.887101
0.104239,116.300307,101.889395
0.104264,116.300307,101.904390
0.104312,116.300307,101.911507
0.104337,116.300307,101.916605
0.104369,116.300307,101.920154
0.104388,116.300307,101.932797
0.104419,116.300307,101.945062
0.104435,116.300307,101.958566
0.104453,116.300307,101.962365
0.104474,116.300307,101.974790
0.104503,116.300307,101.976954
0.104559,116.300307,101.988253
0.104581,116.300307,101.993117
0.104605,116.300307,102.002899
0.104631,116.300307,102.005299
0.104656,116.300307,102.012848
0.104677,116.300307,102.062278
0.104699,116.300307,102.067197
0.104724,116.300307,98.456294
0.104745,116.300307,102.080822
0.104767,116.300307,102.081981
0.104793,116.300307,102.082150
0.104820,116.300307,102.084474
0.104854,116.300307,102.086877
0.104883,116.300307,102.094234
0.104913,116.300307,102.094544
0.104942,116.300307,102.106790
0.105002,116.300307,102.129053
0.105056,116.300307,102.135037
0.105087,116.300307,102.141277
0.105118,116.300307,102.163482
0.105136,116.300307,102.164733
0.105161,116.300307,102.206813
0.105179,116.300307,102.209114
0.105207,116.300307,101.709302
0.105228,116.300307,102.213072
0.105251,116.300307,102.215210
0.105286,116.300307,102.231344
0.105317,116.300307,102.238950
0.105340,116.300307,102.247283
0.105363,116.300307,102.250077
0.105390,116.300307,102.252317
0.105410,116.300307,102.259792
0.105429,116.300307,96.874800
0.105446,116.300307,102.259837
0.105475,116.300307,102.261149
0.105499,116.300307,102.285926
0.105517,116.300307,102.319037
0.105539,116.300307,102.325002
0.105565,116.300307,102.325203
0.105592,116.300307,102.339955
0.105618,116.300307,96.643837
0.105640,116.300307,102.349942
0.105662,116.300307,102.373520
0.105688,116.300307,102.375910
0.105709,116.300307,102.380822
0.105732,116.300307,102.400637
0.105752,116.300307,102.430358
0.105771,116.300307,102.454707
0.105790,116.300307,102.475738
0.105816,116.300307,102.483261
0.105836,116.300307,102.494205
0.105859,116.300307,102.496797
0.105917,116.300307,102.503254
0.105939,116.300307,102.510416
0.105965,116.300307,102.512755
0.105987,116.300307,102.517757
0.106014,116.300307,102.526470
0.106035,116.300307,102.528950
0.106064,116.300307,102.534086
0.106101,116.300307,102.537283
0.106131,116.300307,102.544957
0.106156,116.300307,102.551270
0.106179,116.300307,102.577181
0.106210,116.300307,102.590685
0.106240,116.300307,102.600403
0.106265,116.300307,102.601450
0.106289,116.300307,102.605414
0.106311,116.300307,102.607712
0.106343,116.300307,102.610352
0.106372,116.300307,102.616563
0.106395,116.300307,102.628819
0.106417,116.300307,102.646237
0.106445,116.300307,102.648531
0.106474,116.300307,102.653533
0.106503,116.300307,102.423997
0.106523,116.300307,102.657210
0.106546,116.300307,102.661203
0.106568,116.300307,102.663613
0.106589,116.300307,102.676954
0.106610,116.300307,102.689558
0.106640,116.300307,102.693114
0.106662,116.300307,102.703142
0.106690,116.300307,102.704096
0.106716,116.300307,102.706717
0.106742,116.300307,102.717712
0.106766,116.300307,102.727450
0.106789,116.300307,102.730131
0.106813,116.300307,102.747453
0.106844,116.300307,102.749917
0.106866,116.300307,102.758493
0.106890,116.300307,102.759910
0.106918,116.300307,102.764602
0.106955,116.300307,102.766141
0.106976,116.300307,102.771046
0.107027,116.300307,102.784474
0.107044,116.300307,102.804090
0.107081,116.300307,102.810416
0.107110,116.300307,102.814352
0.107134,116.300307,102.827539
0.107156,116.300307,102.841277
0.107173,116.300307,102.853606
0.107190,116.300307,102.853798
0.107210,116.300307,102.870845
0.107240,116.300307,102.870982
0.107256,116.300307,102.884486
0.107276,116.300307,102.910416
0.107296,116.300307,102.944755
0.107322,116.300307,102.947389
0.107365,116.300307,102.965939
0.107402,116.300307,102.978237
0.107439,116.300307,102.988093
0.107464,116.300307,102.991798
0.107492,116.300307,102.995475
0.107517,116.300307,103.038717
0.107542,116.300307,103.048944
0.107567,116.300307,103.051312
0.107592,116.300307,103.052227
0.107617,116.300307,103.063504
0.107666,116.300307,99.078512
0.107683,116.300307,103.068234
0.107707,116.300307,103.073430
0.107734,116.300307,103.079459
0.107763,116.300307,103.100582
0.107808,116.300307,103.109117
0.107835,116.300307,103.116758
0.107859,116.300307,103.117840
0.107880,116.300307,103.131664
0.107910,116.300307,103.142502
0.107928,116.300307,103.158662
0.107953,116.300307,103.159910
0.107977,116.300307,103.164870
0.108009,116.300307,103.167414
0.108030,116.300307,103.178301
0.108056,116.300307,103.185712
0.108077,116.300307,97.800720
0.108095,116.300307,103.197046
0.108123,116.300307,103.227632
0.108145,116.300307,103.228819
0.108172,116.300307,99.236413
0.108195,116.300307,103.246141
0.108217,116.300307,103.267146
0.108245,116.300307,103.277117
0.108272,116.300307,103.304083
0.108302,116.300307,103.310461
0.108332,116.300307,103.318995
0.108352,116.300307,103.325043
0.108376,116.300307,103.333875
0.108403,116.300307,103.343888
0.108423,116.300307,103.344858
0.108450,116.300307,103.381882
0.108471,116.300307,103.386877
0.108495,116.300307,103.390685
0.108524,116.300307,103.398077
0.108550,116.300307,103.405424
0.108580,116.300307,103.406685
0.108607,116.300307,103.409181
0.108629,116.300307,103.421574
0.108676,116.300307,103.427622
0.108704,116.300307,103.431290
0.108732,116.300307,103.435366
0.108753,116.300307,103.447293
0.108777,116.300307,103.467344
0.108803,116.300307,103.488090
0.108832,116.300307,99.001846
0.108857,116.300307,103.488125
0.108875,116.300307,103.562170
0.108905,116.300307,98.384566
0.108929,116.300307,103.579862
0.108956,116.300307,103.588186
0.109001,116.300307,103.594323
0.109028,116.300307,103.599293
0.109058,116.300307,103.599421
0.109089,116.300307,103.602874
0.109147,116.300307,103.609126
0.109174,116.300307,103.610557
0.109204,116.300307,103.612762
0.109231,116.300307,103.617696
0.109262,116.300307,103.621466
0.109295,116.300307,103.646224
0.109322,116.300307,103.672144
0.109349,116.300307,103.673162
0.109384,116.300307,103.675958
0.109412,116.300307,103.678237
0.109433,116.300307,103.704144
0.109464,116.300307,103.705488
0.109491,116.300307,101.494586
0.109515,116.300307,103.705712
0.109547,116.300307,103.710394
0.109570,116.300307,103.731344
0.109602,116.300307,103.734992
0.109626,116.300307,103.747347
0.109656,116.300307,99.483325
0.109679,116.300307,103.751069
0.109704,116.300307,103.752186
0.109738,116.300307,103.757274
0.109765,116.300307,101.566000
0.109787,116.300307,103.767197
0.109810,116.300307,103.774589
0.109839,116.300307,103.779526
0.109859,116.300307,103.786835
0.109895,116.300307,103.786867
0.109923,116.300307,103.797926
0.109946,116.300307,103.801450
0.109976,116.300307,99.870771
0.109998,116.300307,103.826470
0.110140,116.300307,103.826630
0.110170,116.300307,103.861136
0.110192,116.300307,103.898150
0.110215,116.300307,103.903024
0.110243,116.300307,103.907869
0.110281,116.300307,103.936317
0.110306,116.300307,103.946138
0.110338,116.300307,103.946214
0.110362,116.300307,103.951318
0.110384,116.300307,103.957130
0.110403,116.300307,103.958621
0.110426,116.300307,103.963526
0.110446,116.300307,103.970950
0.110477,116.300307,103.979453
0.110507,116.300307,103.981971
0.110528,116.300307,103.983130
0.110552,116.300307,103.983315
0.110580,116.300307,103.995699
0.110601,116.300307,103.995766
0.110620,116.300307,104.041414
0.110643,116.300307,104.052534
0.110671,116.300307,104.055987
0.110699,116.300307,104.058461
0.110730,116.300307,104.059792
0.110755,116.300307,104.060925
0.110783,116.300307,104.068422
0.110803,116.300307,104.114077
0.110830,116.300307,104.122650
0.110859,116.300307,99.440118
0.110883,116.300307,104.123875
0.110911,116.300307,104.132669
0.110941,116.300307,104.138941
0.110966,116.300307,104.142589
0.110997,116.300307,104.146141
0.111025,116.300307,104.159974
0.111052,116.300307,104.162301
0.111082,116.300307,104.178237
0.111110,116.300307,104.179526
0.111127,116.300307,104.184410
0.111158,116.300307,104.196902
0.111175,116.300307,104.203024
0.111202,116.300307,104.214205
0.111224,116.300307,104.228925
0.111248,116.300307,104.229053
0.111291,116.300307,104.231267
0.111314,116.300307,104.243728
0.111338,116.300307,104.246237
0.111366,116.300307,98.683389
0.111390,116.300307,104.251123
0.111420,116.300307,100.088275
0.111438,116.300307,104.262227
0.111467,116.300307,104.269872
0.111493,116.300307,104.275709
0.111513,116.300307,104.295613
0.111544,116.300307,104.301878
0.111568,116.300307,104.314230
0.111590,116.300307,104.321654
0.111614,116.300307,104.337510
0.111635,116.300307,104.371933
0.111657,116.300307,104.383197
0.111679,116.300307,104.438707
0.111709,116.300307,102.347411
0.111733,116.300307,104.452250
0.111770,116.300307,104.452371
0.111792,116.300307,104.491837
0.111841,116.300307,104.494470
0.111863,116.300307,104.496797
0.111895,116.300307,101.938877
0.111920,116.300307,104.504464
0.111943,116.300307,104.517949
0.111970,116.300307,104.533821
0.111994,116.300307,104.535046
0.112026,116.300307,104.543728
0.112048,116.300307,104.557274
0.112074,116.300307,104.563379
0.112101,116.300307,104.563418
0.112119,116.300307,104.575837
0.112142,116.300307,104.583366
0.112168,116.300307,104.588198
0.112197,116.300307,102.377296
0.112217,116.300307,104.597040
0.112237,116.300307,104.638909
0.112260,116.300307,104.662246
0.112282,116.300307,104.670928
0.112303,116.300307,104.675837
0.112323,116.300307,104.680822
0.112350,116.300307,104.685872
0.112376,116.300307,104.686835
0.112398,116.300307,104.709117
0.112425,116.300307,97.490790
0.112448,116.300307,104.709181
0.112490,116.300307,104.710291
0.112520,116.300307,101.458621
0.112543,116.300307,104.716499
0.112570,116.300307,104.762256
0.112597,116.300307,104.773235
0.112620,116.300307,104.804138
0.112645,116.300307,104.838643
0.112671,116.300307,104.857456
0.112697,116.300307,104.862237
0.112721,116.300307,104.867130
0.112770,116.300307,104.875786
0.112796,116.300307,104.879517
0.112818,116.300307,104.880570
0.112839,116.300307,104.883261
0.112860,116.300307,104.894406
0.112889,116.300307,104.897046
0.112909,116.300307,104.937734
0.112932,116.300307,104.944851
0.112961,116.300307,102.310461
0.112985,116.300307,104.946067
0.113016,116.300307,104.954877
0.113044,116.300307,103.592029
0.113066,116.300307,104.959878
0.113088,116.300307,104.962422
0.113115,116.300307,104.968598
0.113144,116.300307,104.983238
0.113161,116.300307,105.011750
0.113187,116.300307,105.043635
0.113213,116.300307,105.053498
0.113229,116.300307,105.058589
0.113254,116.300307,105.062256
0.113310,116.300307,105.068477
0.113335,116.300307,105.081853
0.113359,116.300307,105.084410
0.113390,116.300307,99.084598
0.113415,116.300307,100.958576
0.113436,116.300307,105.091990
0.113467,116.300307,105.105446
0.113488,116.300307,105.121466
0.113519,116.300307,105.122822
0.113535,116.300307,105.123062
0.113564,116.300307,105.130064
0.113602,116.300307,105.136227
0.113633,116.300307,101.224054
0.113659,116.300307,105.146214
0.113678,116.300307,105.149827
0.113714,116.300307,105.194227
0.113753,116.300307,105.201610
0.113778,116.300307,105.201629
0.113800,116.300307,105.220221
0.113879,116.300307,105.222726
0.113903,116.300307,105.232634
0.113935,116.300307,105.238717
0.113961,116.300307,105.243638
0.113990,116.300307,105.263430
0.114022,116.300307,105.267190
0.114049,116.300307,105.316563
0.114072,116.300307,105.339930
0.114109,116.300307,100.853686
0.114168,116.300307,105.340093
0.114191,116.300307,105.340272
0.114224,116.300307,105.349936
0.114351,116.300307,104.164944
0.114369,116.300307,105.349990
0.114399,116.300307,105.353466
0.114446,116.300307,105.353814
0.114466,116.300307,105.385798
0.114496,116.300307,101.901958
0.114519,116.300307,105.388099
0.114547,116.300307,105.389299
0.114575,116.300307,105.390483
0.114649,116.300307,105.407837
0.114678,116.300307,105.411645
0.114709,116.300307,105.414010
0.114738,116.300307,100.236406
0.114763,116.300307,105.417757
0.114788,116.300307,105.419254
0.114808,116.300307,105.435037
0.114856,116.300307,105.437501
0.114888,116.300307,102.759910
0.114910,116.300307,105.385830
0.114931,116.300307,105.443869
0.114954,116.300307,105.448918
0.114972,116.300307,105.464595
0.114996,116.300307,105.474781
0.115015,116.300307,105.510384
0.115044,116.300307,99.178374
0.115067,116.300307,105.524272
0.115095,116.300307,105.553638
0.115118,116.300307,105.563347
0.115141,116.300307,105.586810
0.115162,116.300307,105.594154
0.115186,116.300307,105.607773
0.115206,116.300307,105.609114
0.115233,116.300307,103.417840
0.115255,116.300307,105.618995
0.115278,116.300307,105.626557
0.115299,116.300307,105.633949
0.115329,116.300307,105.659645
0.115357,116.300307,105.668445
0.115376,116.300307,105.673267
0.115409,116.300307,105.699130
0.115444,116.300307,105.726397
0.115473,116.300307,100.908070
0.115498,116.300307,105.743635
0.115524,116.300307,105.753718
0.115556,116.300307,105.754877
0.115584,116.300307,105.762179
0.115636,116.300307,105.763504
0.115667,116.300307,105.773235
0.115694,116.300307,105.774589
0.115725,116.300307,103.216669
0.115749,116.300307,105.778470
0.115776,116.300307,105.782032
0.115803,116.300307,105.783357
0.115824,116.300307,105.785830
0.115847,116.300307,105.793050
0.115871,116.300307,105.801706
0.115898,116.300307,105.810461
0.115921,116.300307,105.818909
0.115941,116.300307,105.825213
0.115963,116.300307,105.825245
0.115998,116.300307,105.826566
0.116024,116.300307,105.830064
0.116071,116.300307,105.849914
0.116095,116.300307,105.851261
0.116124,116.300307,105.884410
0.116177,116.300307,105.886970
0.116202,116.300307,105.893328
0.116223,116.300307,105.917712
0.116257,116.300307,105.927622
0.116286,116.300307,105.933690
0.116319,116.300307,105.942630
0.116342,116.300307,105.947315
0.116364,116.300307,105.953542
0.116386,116.300307,105.979459
0.116418,116.300307,105.753718
0.116442,116.300307,105.988122
0.116490,116.300307,106.006579
0.116517,116.300307,106.009149
0.116540,116.300307,106.012755
0.116560,116.300307,106.028925
0.116577,116.300307,106.029050
0.116599,116.300307,106.035037
0.116629,116.300307,103.331421
0.116650,116.300307,106.041341
0.116673,116.300307,106.053629
0.116702,116.300307,106.061254
0.116722,116.300307,106.088275
0.116752,116.300307,106.091626
0.116784,116.300307,106.094227
0.116808,116.300307,106.101690
0.116838,116.300307,103.210416
0.116859,116.300307,103.901878
0.116881,116.300307,106.117853
0.116909,116.300307,106.122854
0.116930,116.300307,106.140134
0.116958,116.300307,106.142451
0.116980,116.300307,106.146141
0.117001,116.300307,106.153718
0.117053,116.300307,106.168445
0.117072,116.300307,106.170771
0.117096,116.300307,106.204438
0.117118,116.300307,106.210461
0.117139,116.300307,106.232570
0.117174,116.300307,106.232646
0.117197,116.300307,106.235034
0.117220,116.300307,106.241146
0.117257,116.300307,106.242512
0.117287,116.300307,106.252381
0.117327,116.300307,106.263654
0.117356,116.300307,106.265821
0.117383,116.300307,106.290547
0.117403,116.300307,106.302874
0.117431,116.300307,102.828982
0.117481,116.300307,106.310342
0.117510,116.300307,104.219046
0.117533,116.300307,106.314352
0.117552,116.300307,106.324006
0.117572,116.300307,106.367382
0.117599,116.300307,106.369789
0.117628,116.300307,106.378138
0.117657,116.300307,106.379418
0.117672,116.300307,106.412893
0.117693,116.300307,106.414003
0.117722,116.300307,104.322707
0.117744,116.300307,106.427539
0.117771,116.300307,106.427667
0.117791,116.300307,106.427856
0.117814,116.300307,106.451133
0.117837,116.300307,106.463504
0.117881,116.300307,106.472144
0.117910,116.300307,106.490749
0.117933,116.300307,106.514086
0.117954,116.300307,106.526397
0.117980,116.300307,106.526566
0.118004,116.300307,106.532605
0.118038,116.300307,106.532669
0.118071,116.300307,103.025299
0.118093,116.300307,106.534992
0.118117,116.300307,106.537283
0.118152,116.300307,106.578429
0.118174,116.300307,106.585712
0.118214,116.300307,106.588253
0.118256,116.300307,106.591942
0.118322,116.300307,106.595539
0.118379,116.300307,106.604390
0.118402,116.300307,106.617885
0.118425,116.300307,106.623930
0.118462,116.300307,106.626470
0.118493,116.300307,106.637386
0.118517,116.300307,106.648563
0.118546,116.300307,104.298109
0.118568,116.300307,106.667082
0.118591,116.300307,106.669734
0.118618,116.300307,106.688099
0.118639,116.300307,106.689590
0.118663,116.300307,106.709277
0.118683,116.300307,106.713072
0.118710,116.300307,106.727632
0.118738,116.300307,106.731664
0.118758,116.300307,106.744829
0.118777,116.300307,106.776038
0.118797,116.300307,106.784170
0.118828,116.300307,106.810330
0.118853,116.300307,106.819248
0.118872,116.300307,106.832541
0.118903,116.300307,106.309149
0.118924,116.300307,106.837606
0.118954,116.300307,106.847315
0.118977,116.300307,106.847408
0.118999,116.300307,106.849850
0.119022,116.300307,106.857309
0.119044,116.300307,106.859792
0.119064,116.300307,106.879462
0.119092,116.300307,106.884400
0.119124,116.300307,106.886950
0.119150,116.300307,106.890749
0.119174,116.300307,106.896666
0.119201,116.300307,106.903030
0.119231,116.300307,106.905424
0.119259,116.300307,106.912659
0.119292,116.300307,106.933821
0.119319,116.300307,98.315494
0.119341,116.300307,106.185757
0.119362,116.300307,106.955062
0.119383,116.300307,106.958774
0.119405,116.300307,106.969734
0.119428,116.300307,106.972182
0.119450,116.300307,106.979638
0.119472,116.300307,106.988067
0.119500,116.300307,103.075894
0.119522,116.300307,106.995741
0.119542,116.300307,106.998074
0.119559,116.300307,107.006685
0.119585,116.300307,107.021427
0.119618,116.300307,107.036381
0.119641,116.300307,107.037395
0.119684,116.300307,107.053533
0.119718,116.300307,102.723997
0.119735,116.300307,103.498150
0.119760,116.300307,107.058419
0.119787,116.300307,107.075974
0.119807,116.300307,107.078320
0.119828,116.300307,107.079443
0.119856,116.300307,107.083280
0.119878,116.300307,107.090589
0.119910,116.300307,107.100614
0.119927,116.300307,107.127539
0.119954,116.300307,107.147408
0.119975,116.300307,107.154803
0.120001,116.300307,107.165926
0.120024,116.300307,107.172144
0.120068,116.300307,107.180797
0.120109,116.300307,107.205405
0.120133,116.300307,107.221661
0.120154,116.300307,107.222726
0.120177,116.300307,107.238864
0.120199,116.300307,107.242333
0.120218,116.300307,107.244851
0.120244,116.300307,107.265914
0.120261,116.300307,107.267206
0.120277,116.300307,107.279462
0.120304,116.300307,107.297014
0.120324,116.300307,107.302973
0.120347,116.300307,107.303030
0.120371,116.300307,107.326470
0.120393,116.300307,107.343830
0.120423,116.300307,107.354707
0.120442,116.300307,107.362035
0.120461,116.300307,107.378448
0.120484,116.300307,107.379638
0.120507,116.300307,107.404147
0.120540,116.300307,107.428819
0.120582,116.300307,107.430106
0.120615,116.300307,107.451123
0.120645,116.300307,106.088275
0.120667,116.300307,107.452179
0.120691,116.300307,107.454842
0.120720,116.300307,107.458589
0.120747,116.300307,103.951219
0.120768,116.300307,107.473469
0.120800,116.300307,107.479517
0.120825,116.300307,107.491837
0.120847,116.300307,107.500410
0.120876,116.300307,107.501686
0.120902,116.300307,107.504349
0.120929,116.300307,107.530310
0.120955,116.300307,107.549917
0.120994,116.300307,107.557274
0.121025,116.300307,99.457462
0.121048,116.300307,105.531440
0.121070,116.300307,107.572144
0.121117,116.300307,106.387152
0.121135,116.300307,107.580966
0.121161,116.300307,107.610598
0.121190,116.300307,107.614013
0.121214,116.300307,107.620125
0.121238,116.300307,107.637501
0.121269,116.300307,107.637670
0.121294,116.300307,107.664627
0.121321,116.300307,107.669482
0.121344,116.300307,107.677085
0.121368,116.300307,107.681981
0.121396,116.300307,107.701958
0.121415,116.300307,107.703030
0.121441,116.300307,107.705648
0.121459,116.300307,107.726429
0.121485,116.300307,107.726621
0.121503,116.300307,107.735286
0.121528,116.300307,107.754870
0.121557,116.300307,107.770685
0.121590,116.300307,107.784742
0.121634,116.300307,107.794470
0.121655,116.300307,107.800538
0.121676,116.300307,107.800656
0.121695,116.300307,107.801914
0.121717,116.300307,107.805424
0.121748,116.300307,107.820125
0.121771,116.300307,107.830170
0.121799,116.300307,107.834909
0.121822,116.300307,107.858419
0.121850,116.300307,107.859610
0.121872,116.300307,107.861053
0.121896,116.300307,107.879443
0.121914,116.300307,107.883130
0.121940,116.300307,107.886877
0.121969,116.300307,105.183261
0.121990,116.300307,107.895830
0.122008,116.300307,107.910330
0.122027,116.300307,107.919056
0.122066,116.300307,107.951011
0.122097,116.300307,105.051190
0.122121,116.300307,107.952195
0.122158,116.300307,107.985693
0.122177,116.300307,107.985722
0.122197,116.300307,107.985878
0.122215,116.300307,107.995792
0.122241,116.300307,107.999018
0.122273,116.300307,108.000509
0.122295,116.300307,108.002845
0.122320,116.300307,108.004240
0.122339,116.300307,108.011677
0.122385,116.300307,108.017725
0.122411,116.300307,108.021466
0.122450,116.300307,108.053459
0.122476,116.300307,108.062301
0.122499,116.300307,108.072122
0.122516,116.300307,108.088090
0.122546,116.300307,108.091827
0.122568,116.300307,108.094170
0.122589,116.300307,108.104464
0.122608,116.300307,108.105434
0.122632,116.300307,108.128912
0.122670,116.300307,108.161053
0.122693,116.300307,108.167382
0.122716,116.300307,108.173235
0.122739,116.300307,108.185571
0.122769,116.300307,105.903030
0.122793,116.300307,108.193126
0.122810,116.300307,108.205382
0.122838,116.300307,108.209181
0.122859,116.300307,108.210352
0.122891,116.300307,108.212957
0.122910,116.300307,108.222950
0.122933,116.300307,108.224278
0.122954,116.300307,108.232506
0.122999,116.300307,108.232624
0.123042,116.300307,108.241382
0.123068,116.300307,108.249834
0.123099,116.300307,108.254707
0.123120,116.300307,108.261158
0.123138,116.300307,108.263203
0.123173,116.300307,108.265843
0.123202,116.300307,106.174547
0.123227,116.300307,108.267206
0.123251,116.300307,108.275837
0.123304,116.300307,108.279507
0.123325,116.300307,108.279699
0.123356,116.300307,108.284256
0.123388,116.300307,108.288061
0.123416,116.300307,108.294163
0.123441,116.300307,108.328893
0.123463,116.300307,108.341171
0.123486,116.300307,108.342614
0.123509,116.300307,108.361053
0.123533,116.300307,108.361190
0.123558,116.300307,108.369693
0.123587,116.300307,108.379453
0.123622,116.300307,104.975837
0.123639,116.300307,108.315430
0.123663,116.300307,108.382054
0.123739,116.300307,108.391856
0.123779,116.300307,108.405414
0.123806,116.300307,108.409318
0.123825,116.300307,108.410397
0.123849,116.300307,108.416499
0.123889,116.300307,108.431293
0.123909,116.300307,108.454778
0.123942,116.300307,108.454854
0.123960,116.300307,108.470810
0.123993,116.300307,108.479546
0.124042,116.300307,108.485974
0.124078,116.300307,108.488275
0.124103,116.300307,108.493053
0.124129,116.300307,108.500403
0.124157,116.300307,106.149949
0.124183,116.300307,108.500403
0.124213,116.300307,106.532563
0.124242,116.300307,108.514064
0.124272,116.300307,108.517661
0.124298,116.300307,108.519056
0.124358,116.300307,108.527622
0.124379,116.300307,108.532624
0.124400,116.300307,108.567197
0.124438,116.300307,108.570835
0.124461,116.300307,108.575837
0.124481,116.300307,108.579686
0.124504,116.300307,108.587914
0.124527,116.300307,108.588112
0.124561,116.300307,108.598032
0.124586,116.300307,108.612829
0.124606,116.300307,108.615226
0.124631,116.300307,108.616403
0.124658,116.300307,108.625213
0.124677,116.300307,108.653395
0.124700,116.300307,108.663603
0.124720,116.300307,108.669693
0.124751,116.300307,108.670845
0.124780,116.300307,108.680682
0.124806,116.300307,108.683446
0.124828,116.300307,108.688253
0.124868,116.300307,108.691869
0.124891,116.300307,102.316563
0.124911,116.300307,108.699248
0.124932,116.300307,108.709126
0.124950,116.300307,108.714230
0.124971,116.300307,108.715430
0.124993,116.300307,108.716602
0.125017,116.300307,108.735034
0.125046,116.300307,108.742589
0.125071,116.300307,108.747322
0.125103,116.300307,108.764854
0.125130,116.300307,108.796790
0.125152,116.300307,108.806758
0.125173,116.300307,108.812755
0.125194,116.300307,108.817757
0.125215,116.300307,108.819978
0.125240,116.300307,108.827632
0.125260,116.300307,108.832624
0.125280,116.300307,108.832669
0.125302,116.300307,108.843741
0.125321,116.300307,108.848701
0.125342,116.300307,108.891837
0.125378,116.300307,108.895482
0.125399,116.300307,108.899229
0.125420,116.300307,108.904198
0.125444,116.300307,108.911642
0.125461,116.300307,108.911798
0.125479,116.300307,108.912829
0.125499,116.300307,108.922682
0.125536,116.300307,108.948531
0.125560,116.300307,108.948550
0.125575,116.300307,108.972019
0.125616,116.300307,108.979315
0.125642,116.300307,108.984694
0.125663,116.300307,108.988147
0.125685,116.300307,108.990685
0.125716,116.300307,108.999248
0.125739,116.300307,109.001690
0.125773,116.300307,109.004285
0.125827,116.300307,109.010211
0.125856,116.300307,109.016509
0.125881,116.300307,109.024995
0.125910,116.300307,109.031354
0.125930,116.300307,109.031398
0.125965,116.300307,109.032573
0.125990,116.300307,109.072058
0.126012,116.300307,109.074566
0.126034,116.300307,109.078448
0.126052,116.300307,109.086739
0.126073,116.300307,109.093117
0.126108,116.300307,109.104211
0.126138,116.300307,109.106608
0.126169,116.300307,109.110352
0.126206,116.300307,109.117514
0.126229,116.300307,109.122714
0.126251,116.300307,109.125139
0.126273,116.300307,109.131344
0.126347,116.300307,109.138877
0.126367,116.300307,109.142589
0.126397,116.300307,109.143642
0.126423,116.300307,109.159878
0.126451,116.300307,105.676038
0.126468,116.300307,109.159878
0.126494,116.300307,105.676038
0.126511,116.300307,109.167366
0.126532,116.300307,109.191856
0.126624,116.300307,109.196966
0.126645,116.300307,109.201766
0.126674,116.300307,101.987046
0.126692,116.300307,109.205363
0.126733,116.300307,109.228893
0.126784,116.300307,109.241437
0.126808,116.300307,109.247581
0.126829,116.300307,109.247670
0.126906,116.300307,109.267130
0.126947,116.300307,109.272144
0.126995,116.300307,109.288125
0.127014,116.300307,109.289235
0.127036,116.300307,109.309085
0.127070,116.300307,104.193117
0.127093,116.300307,109.309085
0.127120,116.300307,104.760915
0.127143,116.300307,109.310598
0.127163,116.300307,109.316602
0.127185,116.300307,109.317776
0.127215,116.300307,109.335206
0.127242,116.300307,109.342419
0.127277,116.300307,109.347386
0.127369,116.300307,109.347606
0.127390,116.300307,109.352179
0.127421,116.300307,104.680765
0.127443,116.300307,109.352314
0.127460,116.300307,109.360854
0.127484,116.300307,109.364602
0.127504,116.300307,109.378131
0.127535,116.300307,109.382150
0.127562,116.300307,109.383133
0.127586,116.300307,109.385546
0.127608,116.300307,109.395546
0.127635,116.300307,109.401744
0.127660,116.300307,109.409114
0.127687,116.300307,101.309302
0.127710,116.300307,107.383280
0.127729,116.300307,109.410333
0.127752,116.300307,109.419046
0.127770,116.300307,109.419302
0.127794,116.300307,109.422717
0.127819,116.300307,109.437510
0.127835,116.300307,109.438499
0.127862,116.300307,109.442438
0.127885,116.300307,109.468138
0.127913,116.300307,109.470928
0.127936,116.300307,104.113008
0.127957,116.300307,109.479482
0.128008,116.300307,109.483162
0.128043,116.300307,109.484598
0.128064,116.300307,109.505405
0.128083,116.300307,109.514032
0.128115,116.300307,109.519046
0.128131,116.300307,109.523952
0.128153,116.300307,109.526397
0.128181,116.300307,104.512893
0.128202,116.300307,107.296861
0.128221,116.300307,109.526470
0.128256,116.300307,109.526646
0.128278,116.300307,109.540112
0.128303,116.300307,101.527888
0.128324,116.300307,109.554870
0.128347,116.300307,109.567334
0.128366,116.300307,109.585734
0.128383,116.300307,109.591837
0.128401,116.300307,109.596934
0.128423,116.300307,109.600330
0.128443,116.300307,109.603094
0.128462,116.300307,109.606653
0.128488,116.300307,109.610493
0.128510,116.300307,109.616541
0.128530,116.300307,109.620221
0.128566,116.300307,109.627578
0.128594,116.300307,104.936406
0.128616,116.300307,109.635046
0.128637,116.300307,109.662320
0.128662,116.300307,100.950096
0.128678,116.300307,109.681981
0.128704,116.300307,109.693334
0.128722,116.300307,109.707869
0.128756,116.300307,109.712893
0.128781,116.300307,109.722618
0.128799,116.300307,109.726406
0.128817,116.300307,109.732506
0.128856,116.300307,109.732547
0.128891,116.300307,109.746138
0.128927,116.300307,109.752381
0.128945,116.300307,109.753686
0.128968,116.300307,109.764934
0.128988,116.300307,109.766022
0.129006,116.300307,109.768266
0.129027,116.300307,109.769661
0.129045,116.300307,109.778163
0.129071,116.300307,109.778227
0.129095,116.300307,109.786909
0.129142,116.300307,109.796698
0.129160,116.300307,109.805744
0.129205,116.300307,109.808979
0.129230,116.300307,109.821402
0.129248,116.300307,109.822643
0.129269,116.300307,109.830118
0.129292,116.300307,109.832806
0.129320,116.300307,109.833715
0.129346,116.300307,108.125245
0.129367,116.300307,109.835206
0.129388,116.300307,109.854966
0.129404,116.300307,109.865853
0.129426,116.300307,109.868477
0.129449,116.300307,109.879517
0.129470,116.300307,109.885734
0.129487,116.300307,109.889466
0.129519,116.300307,102.726614
0.129535,116.300307,109.890566
0.129557,116.300307,109.894333
0.129593,116.300307,109.898224
0.129618,116.300307,109.909117
0.129652,116.300307,109.931210
0.129681,116.300307,109.938611
0.129707,116.300307,109.961053
0.129740,116.300307,109.964733
0.129762,116.300307,109.967130
0.129779,116.300307,107.567206
0.129796,116.300307,109.977085
0.129821,116.300307,109.977222
0.129843,116.300307,109.990579
0.129864,116.300307,109.998045
0.129883,116.300307,109.998099
0.129900,116.300307,110.001974
0.129916,116.300307,110.012893
0.129940,116.300307,110.031274
0.129998,116.300307,110.048634
0.130018,116.300307,110.074557
0.130039,116.300307,110.103190
0.130057,116.300307,110.105350
0.130077,116.300307,110.110397
0.130111,116.300307,110.112675
0.130130,116.300307,110.125174
0.130159,116.300307,110.130170
0.130184,116.300307,108.745174
0.130204,116.300307,109.487056
0.130222,116.300307,110.136208
0.130244,116.300307,110.156157
0.130266,116.300307,110.162179
0.130306,116.300307,110.179517
0.130327,116.300307,110.198246
0.130342,116.300307,110.205363
0.130365,116.300307,110.210211
0.130390,116.300307,105.612758
0.130415,116.300307,110.214224
0.130436,116.300307,110.217757
0.130475,116.300307,110.226211
0.130497,116.300307,110.242522
0.130523,116.300307,110.265843
0.130545,116.300307,110.273286
0.130567,116.300307,110.279459
0.130596,116.300307,110.280765
0.130616,116.300307,110.284410
0.130657,116.300307,110.285990
0.130679,116.300307,110.290547
0.130700,116.300307,110.290768
0.130722,116.300307,110.298045
0.130741,116.300307,110.302803
0.130763,116.300307,110.310298
0.130796,116.300307,110.314013
0.130816,116.300307,110.320221
0.130832,116.300307,110.325149
0.130849,116.300307,110.326266
0.130900,116.300307,110.333747
0.130918,116.300307,110.347453
0.130939,116.300307,110.347558
0.130959,116.300307,110.352243
0.130986,116.300307,108.384403
0.131017,116.300307,110.353638
0.131041,116.300307,104.995718
0.131060,116.300307,110.354650
0.131086,116.300307,110.359878
0.131115,116.300307,110.363418
0.131133,116.300307,110.363430
0.131154,116.300307,110.363453
0.131177,116.300307,110.384378
0.131208,116.300307,110.394490
0.131228,116.300307,110.396848
0.131257,116.300307,105.038928
0.131276,116.300307,110.409082
0.131306,116.300307,110.412893
0.131328,116.300307,110.422822
0.131355,116.300307,102.410598
0.131370,116.300307,110.431526
0.131391,116.300307,110.444966
0.131406,116.300307,110.448435
0.131423,116.300307,110.452566
0.131440,116.300307,110.461008
0.131461,116.300307,110.466032
0.131483,116.300307,102.453808
0.131498,116.300307,110.467258
0.131524,116.300307,104.004406
0.131539,116.300307,110.496966
0.131557,116.300307,110.498214
0.131579,116.300307,110.514003
0.131607,116.300307,110.517757
0.131627,116.300307,110.526598
0.131644,116.300307,110.538960
0.131668,116.300307,110.545030
0.131695,116.300307,101.832806
0.131710,116.300307,110.553498
0.131736,116.300307,105.862326
0.131756,116.300307,110.567270
0.131779,116.300307,110.590685
0.131812,116.300307,110.593053
0.131829,116.300307,110.609117
0.131847,116.300307,110.617990
0.131868,116.300307,110.641414
0.131882,116.300307,110.647510
0.131906,116.300307,110.648630
0.131926,116.300307,110.648733
0.131943,116.300307,110.652317
0.131966,116.300307,110.652326
0.131985,116.300307,110.653533
0.132001,116.300307,110.658742
0.132021,116.300307,110.659555
0.132049,116.300307,110.660883
0.132076,116.300307,110.660989
0.132092,116.300307,110.667197
0.132110,116.300307,110.679517
0.132128,116.300307,110.691846
0.132151,116.300307,110.691942
0.132167,116.300307,110.704147
0.132189,116.300307,110.707734
0.132214,116.300307,110.711443
0.132232,116.300307,110.711654
0.132254,116.300307,110.712829
0.132298,116.300307,110.718995
0.132318,116.300307,110.734963
0.132343,116.300307,110.738746
0.132367,116.300307,110.738813
0.132410,116.300307,110.738877
0.132437,116.300307,110.739984
0.132550,116.300307,110.747453
0.132573,116.300307,110.759667
0.132593,116.300307,110.764669
0.132613,116.300307,110.769830
0.132646,116.300307,110.771037
0.132669,116.300307,110.781907
0.132700,116.300307,109.015242
0.132722,116.300307,110.458442
0.132741,116.300307,110.784170
0.132782,116.300307,110.785693
0.132799,116.300307,110.795670
0.132819,116.300307,110.800509
0.132836,116.300307,110.810301
0.132859,116.300307,110.830170
0.132886,116.300307,106.589526
0.132906,116.300307,110.839987
0.132926,116.300307,110.853654
0.132950,116.300307,110.862051
0.132970,116.300307,110.862179
0.132985,116.300307,110.862202
0.133040,116.300307,110.865974
0.133061,116.300307,110.872093
0.133078,116.300307,110.893050
0.133100,116.300307,108.493126
0.133115,116.300307,110.905510
0.133138,116.300307,110.906717
0.133167,116.300307,110.919056
0.133236,116.300307,110.922643
0.133260,116.300307,110.924061
0.133280,116.300307,110.927603
0.133301,116.300307,110.933747
0.133339,116.300307,110.941235
0.133359,116.300307,110.945971
0.133377,116.300307,110.946141
0.133411,116.300307,110.949827
0.133452,116.300307,110.957190
0.133471,116.300307,110.957277
0.133500,116.300307,110.973235
0.133521,116.300307,110.977014
0.133547,116.300307,110.984410
0.133564,116.300307,109.819046
0.133580,116.300307,110.993136
0.133605,116.300307,104.235216
0.133625,116.300307,111.000477
0.133644,116.300307,111.000509
0.133670,116.300307,111.001853
0.133692,116.300307,111.004438
0.133726,116.300307,111.020166
0.133747,116.300307,111.030301
0.133763,116.300307,111.037622
0.133785,116.300307,111.048806
0.133804,116.300307,111.053542
0.133820,116.300307,111.057456
0.133834,116.300307,111.058557
0.133854,116.300307,111.062067
0.133878,116.300307,111.070675
0.133905,116.300307,111.082077
0.133922,116.300307,111.096838
0.133937,116.300307,111.108080
0.133960,116.300307,111.122758
0.133992,116.300307,111.161178
0.134010,116.300307,111.163421
0.134030,116.300307,111.167165
0.134050,116.300307,111.178544
0.134085,116.300307,111.188102
0.134105,116.300307,111.200432
0.134178,116.300307,111.217725
0.134201,116.300307,111.220317
0.134224,116.300307,111.227830
0.134242,116.300307,111.235254
0.134263,116.300307,111.248490
0.134284,116.300307,111.249885
0.134303,116.300307,111.254643
0.134321,116.300307,111.261264
0.134365,116.300307,111.263357
0.134388,116.300307,111.264838
0.134412,116.300307,111.279558
0.134438,116.300307,105.921638
0.134453,116.300307,111.282077
0.134478,116.300307,111.289373
0.134497,116.300307,111.293053
0.134527,116.300307,111.333725
0.134550,116.300307,111.335101
0.134572,116.300307,111.343888
0.134593,116.300307,111.348742
0.134616,116.300307,103.336518
0.134632,116.300307,111.352464
0.134655,116.300307,106.140240
0.134675,116.300307,111.354851
0.134700,116.300307,111.368614
0.134720,116.300307,111.376947
0.134742,116.300307,111.378237
0.134770,116.300307,106.364733
0.134792,116.300307,109.148701
0.134811,116.300307,111.393178
0.134836,116.300307,104.930326
0.134851,116.300307,111.400435
0.134880,116.300307,111.403126
0.134901,116.300307,111.406781
0.134921,116.300307,111.414064
0.134950,116.300307,111.431347
0.134973,116.300307,111.434970
0.135007,116.300307,111.438579
0.135066,116.300307,107.754813
0.135089,116.300307,111.439898
0.135120,116.300307,111.464630
0.135143,116.300307,111.468550
0.135165,116.300307,111.495594
0.135179,116.300307,111.501661
0.135200,116.300307,111.520326
0.135220,116.300307,111.523773
0.135241,116.300307,111.535037
0.135261,116.300307,111.549885
0.135280,116.300307,111.557590
0.135299,116.300307,111.567107
0.135314,116.300307,111.573430
0.135334,116.300307,111.574557
0.135355,116.300307,111.574653
0.135371,116.300307,111.590547
0.135395,116.300307,111.616774
0.135412,116.300307,111.635158
0.135435,116.300307,111.637574
0.135459,116.300307,111.638771
0.135485,116.300307,111.649821
0.135512,116.300307,111.649834
0.135536,116.300307,111.652186
0.135557,116.300307,111.655987
0.135575,116.300307,111.659926
0.135592,116.300307,111.664666
0.135612,116.300307,111.670675
0.135638,116.300307,105.341139
0.135659,116.300307,109.275699
0.135677,116.300307,111.685555
0.135703,116.300307,110.347453
0.135723,116.300307,111.691869
0.135749,116.300307,106.016563
0.135771,116.300307,111.702698
0.135790,116.300307,111.716602
0.135814,116.300307,111.031606
0.135832,116.300307,111.722758
0.135847,116.300307,111.731357
0.135865,116.300307,111.742406
0.135884,116.300307,111.752317
0.135905,116.300307,111.754707
0.135923,116.300307,111.754739
0.135953,116.300307,111.756090
0.135979,116.300307,107.515446
0.135993,116.300307,111.759958
0.136012,116.300307,111.760957
0.136044,116.300307,111.773334
0.136065,116.300307,111.788122
0.136110,116.300307,111.793190
0.136130,116.300307,111.795546
0.136158,116.300307,111.809299
0.136182,116.300307,111.816573
0.136202,116.300307,111.817712
0.136223,116.300307,111.822618
0.136257,116.300307,111.827632
0.136279,116.300307,111.841130
0.136304,116.300307,111.842512
0.136360,116.300307,111.868406
0.136380,116.300307,111.870771
0.136399,116.300307,111.873203
0.136416,116.300307,111.900323
0.136439,116.300307,111.900432
0.136470,116.300307,111.905341
0.136499,116.300307,109.349958
0.136521,116.300307,111.905718
0.136537,116.300307,111.910330
0.136560,116.300307,110.744966
0.136575,116.300307,111.915542
0.136592,116.300307,111.921558
0.136614,116.300307,111.926429
0.136638,116.300307,111.938950
0.136656,116.300307,111.956221
0.136672,116.300307,111.957190
0.136691,116.300307,111.959878
0.136718,116.300307,105.524272
0.136737,116.300307,111.969734
0.136753,116.300307,111.979462
0.136773,116.300307,111.979645
0.136792,116.300307,112.001766
0.136812,116.300307,112.008048
0.136831,116.300307,112.012733
0.136848,116.300307,112.022758
0.136862,116.300307,112.025203
0.136887,116.300307,112.037437
0.136905,116.300307,112.038707
0.136925,116.300307,112.043846
0.136948,116.300307,112.047466
0.136972,116.300307,112.050192
0.136990,116.300307,112.057235
0.137013,116.300307,112.062051
0.137038,116.300307,107.464598
0.137058,116.300307,112.064688
0.137076,116.300307,112.075638
0.137102,116.300307,112.075942
0.137117,116.300307,112.083366
0.137132,116.300307,112.094416
0.137150,116.300307,112.095482
0.137187,116.300307,112.110454
0.137206,116.300307,112.125126
0.137226,116.300307,112.128838
0.137247,116.300307,112.132605
0.137267,116.300307,112.141302
0.137283,116.300307,112.141446
0.137298,116.300307,112.143645
0.137320,116.300307,112.143862
0.137340,116.300307,112.148838
0.137359,116.300307,112.155978
0.137379,116.300307,112.159910
0.137396,116.300307,112.161053
0.137429,116.300307,112.191856
0.137461,116.300307,112.196854
0.137485,116.300307,112.199293
0.137534,116.300307,112.210397
0.137549,116.300307,112.225050
0.137573,116.300307,112.225254
0.137592,116.300307,112.226429
0.137611,116.300307,112.226598
0.137630,116.300307,112.228755
0.137659,116.300307,111.199293
0.137680,116.300307,112.236138
0.137705,116.300307,112.242458
0.137725,116.300307,112.246099
0.137776,116.300307,112.246330
0.137794,116.300307,112.255037
0.137813,116.300307,112.257254
0.137834,116.300307,112.260922
0.137861,116.300307,112.262042
0.137887,116.300307,112.264733
0.137908,116.300307,112.280771
0.137931,116.300307,112.280784
0.137963,116.300307,112.291974
0.137983,116.300307,112.302867
0.138001,116.300307,112.309318
0.138018,116.300307,112.314077
0.138035,116.300307,112.317757
0.138102,116.300307,112.321466
0.138135,116.300307,112.329110
0.138154,116.300307,112.330077
0.138182,116.300307,112.332701
0.138202,116.300307,112.335248
0.138217,116.300307,112.338643
0.138240,116.300307,112.343974
0.138260,116.300307,112.359878
0.138313,116.300307,109.947654
0.138333,116.300307,112.364688
0.138353,116.300307,112.368339
0.138376,116.300307,112.374387
0.138400,116.300307,112.379446
0.138420,116.300307,112.379462
0.138435,116.300307,112.380458
0.138456,116.300307,112.390768
0.138481,116.300307,107.178544
0.138495,116.300307,112.391731
0.138512,116.300307,112.395558
0.138532,116.300307,112.401610
0.138548,116.300307,112.404157
0.138576,116.300307,112.414134
0.138593,116.300307,112.426470
0.138626,116.300307,112.430256
0.138640,116.300307,112.431357
0.138656,116.300307,112.438675
0.138694,116.300307,112.459792
0.138729,116.300307,112.464531
0.138744,116.300307,112.479718
0.138762,116.300307,112.489341
0.138789,116.300307,112.494422
0.138807,116.300307,112.496765
0.138824,116.300307,112.499318
0.138845,116.300307,112.510582
0.138861,116.300307,112.514294
0.138880,116.300307,112.517712
0.138900,116.300307,112.519056
0.138985,116.300307,112.522886
0.139023,116.300307,112.525254
0.139037,116.300307,112.532605
0.139055,116.300307,112.532624
0.139074,116.300307,112.535037
0.139090,116.300307,112.545014
0.139107,116.300307,112.565853
0.139126,116.300307,112.568378
0.139174,116.300307,112.594230
0.139193,116.300307,112.599293
0.139213,116.300307,112.600413
0.139236,116.300307,112.604374
0.139250,116.300307,112.606586
0.139281,116.300307,112.617789
0.139306,116.300307,106.942483
0.139329,116.300307,112.625053
0.139348,116.300307,112.625117
0.139369,116.300307,112.631347
0.139386,116.300307,112.632288
0.139402,116.300307,112.634064
0.139433,116.300307,112.636317
0.139453,116.300307,112.637830
0.139470,116.300307,112.642522
0.139492,116.300307,111.201878
0.139511,116.300307,112.642522
0.139537,116.300307,111.957526
0.139555,116.300307,112.643642
0.139587,116.300307,112.648531
0.139605,116.300307,112.648752
0.139629,116.300307,107.436528
0.139643,116.300307,112.651190
0.139658,116.300307,112.652403
0.139691,116.300307,112.661238
0.139712,116.300307,112.673238
0.139737,116.300307,112.676038
0.139757,116.300307,112.695306
0.139775,116.300307,112.707677
0.139801,116.300307,112.722611
0.139818,116.300307,112.725270
0.139841,116.300307,112.734064
0.139870,116.300307,112.735219
0.139888,116.300307,112.748806
0.139902,116.300307,112.751197
0.139921,116.300307,112.753533
0.139936,116.300307,112.756166
0.139955,116.300307,112.762166
0.139975,116.300307,112.764659
0.140000,116.300307,112.784339
0.140019,116.300307,112.785587
0.140038,116.300307,112.791773
0.140058,116.300307,112.792080
0.140078,116.300307,112.803014
0.140099,116.300307,112.805466
0.140129,116.300307,112.817776
0.140146,116.300307,112.830064
0.140173,116.300307,112.831261
0.140200,116.300307,110.275878
0.140221,116.300307,112.836115
0.140242,116.300307,112.838886
0.140260,116.300307,112.848646
0.140274,116.300307,112.849875
0.140294,116.300307,112.852403
0.140315,116.300307,112.853878
0.140332,116.300307,112.875638
0.140356,116.300307,112.883091
0.140373,116.300307,112.884560
0.140400,116.300307,110.787046
0.140414,116.300307,112.884560
0.140436,116.300307,110.787046
0.140456,116.300307,112.890758
0.140473,116.300307,112.895443
0.140491,116.300307,112.899350
0.140513,116.300307,112.914054
0.140535,116.300307,112.915226
0.140563,116.300307,112.920147
0.140579,116.300307,112.926598
0.140595,116.300307,112.929978
0.140618,116.300307,112.933651
0.140633,116.300307,112.933968
0.140650,116.300307,112.953523
0.140668,116.300307,112.963357
0.140684,116.300307,112.977126
0.140700,116.300307,112.978138
0.140718,116.300307,112.983098
0.140735,116.300307,112.983430
0.140752,116.300307,112.999290
0.140778,116.300307,112.999293
0.140798,116.300307,113.016534
0.140817,116.300307,113.019005
0.140837,116.300307,113.024995
0.140865,116.300307,108.273334
0.140885,116.300307,113.032509
0.140903,116.300307,113.035088
0.140937,116.300307,113.038886
0.140956,116.300307,113.046141
0.141034,116.300307,113.051133
0.141059,116.300307,113.063590
0.141073,116.300307,113.067222
0.141087,116.300307,113.072208
0.141105,116.300307,113.075846
0.141118,116.300307,113.096998
0.141135,116.300307,113.101725
0.141152,116.300307,113.101757
0.141174,116.300307,113.102794
0.141191,116.300307,113.110566
0.141211,116.300307,113.114246
0.141225,116.300307,113.117776
0.141255,116.300307,113.120275
0.141269,116.300307,113.120406
0.141286,116.300307,113.121427
0.141310,116.300307,113.133917
0.141337,116.300307,113.136474
0.141353,116.300307,113.148646
0.141368,116.300307,113.150970
0.141388,116.300307,113.151174
0.141406,116.300307,113.159878
0.141431,116.300307,113.167229
0.141452,116.300307,113.171818
0.141471,116.300307,113.178099
0.141492,116.300307,113.178195
0.141510,116.300307,113.179485
0.141535,116.300307,113.180784
0.141563,116.300307,113.183174
0.141587,116.300307,113.185782
0.141606,116.300307,113.186941
0.141625,116.300307,113.193382
0.141643,116.300307,113.210582
0.141662,116.300307,113.214230
0.141680,116.300307,113.224054
0.141701,116.300307,113.236211
0.141734,116.300307,113.238790
0.141749,116.300307,113.246256
0.141763,116.300307,113.259555
0.141792,116.300307,109.125174
0.141816,116.300307,113.259830
0.141833,116.300307,113.261168
0.141846,116.300307,113.267082
0.141865,116.300307,113.278269
0.141913,116.300307,113.279517
0.141940,116.300307,107.921597
0.141960,116.300307,113.282141
0.141975,116.300307,113.283293
0.141995,116.300307,113.285536
0.142014,116.300307,113.285594
0.142035,116.300307,113.305382
0.142054,116.300307,113.314067
0.142070,116.300307,113.316470
0.142091,116.300307,113.317754
0.142119,116.300307,113.321478
0.142140,116.300307,113.322675
0.142157,116.300307,113.335286
0.142176,116.300307,113.343830
0.142194,116.300307,113.359878
0.142219,116.300307,112.676038
0.142233,116.300307,113.362214
0.142253,116.300307,113.365818
0.142269,116.300307,113.372019
0.142289,116.300307,113.374710
0.142302,116.300307,113.386739
0.142318,116.300307,113.390621
0.142342,116.300307,113.390685
0.142359,116.300307,113.396826
0.142389,116.300307,113.401725
0.142408,116.300307,113.401766
0.142435,116.300307,113.404010
0.142487,116.300307,113.421491
0.142513,116.300307,113.422685
0.142528,116.300307,113.422966
0.142541,116.300307,113.426330
0.142572,116.300307,113.426454
0.142591,116.300307,113.432570
0.142617,116.300307,113.440214
0.142634,116.300307,113.447302
0.142653,116.300307,113.448637
0.142676,116.300307,113.453533
0.142692,116.300307,113.457341
0.142712,116.300307,113.465949
0.142739,116.300307,108.108029
0.142758,116.300307,113.470771
0.142791,116.300307,113.472086
0.142809,116.300307,113.494205
0.142824,116.300307,113.507827
0.142844,116.300307,113.512755
0.142860,116.300307,113.531344
0.142892,116.300307,113.531462
0.142916,116.300307,108.319238
0.142929,116.300307,113.531638
0.142947,116.300307,113.532531
0.142960,116.300307,113.550922
0.142978,116.300307,113.551037
0.142992,116.300307,113.557210
0.143021,116.300307,113.557286
0.143039,116.300307,113.557302
0.143059,116.300307,113.557414
0.143072,116.300307,113.574387
0.143099,116.300307,111.841002
0.143124,116.300307,113.574672
0.143147,116.300307,108.362448
0.143161,116.300307,113.575773
0.143176,116.300307,113.577174
0.143188,116.300307,113.578259
0.143208,116.300307,113.580730
0.143230,116.300307,113.588154
0.143282,116.300307,113.593053
0.143301,116.300307,113.622547
0.143322,116.300307,113.625174
0.143343,116.300307,113.631290
0.143375,116.300307,113.655942
0.143395,116.300307,113.672275
0.143411,116.300307,113.674710
0.143428,116.300307,113.679610
0.143451,116.300307,110.016758
0.143464,116.300307,113.687046
0.143477,116.300307,113.693018
0.143498,116.300307,113.700509
0.143532,116.300307,113.703101
0.143549,116.300307,113.708048
0.143561,116.300307,113.712733
0.143589,116.300307,113.722611
0.143606,116.300307,113.728934
0.143629,116.300307,113.732694
0.143646,116.300307,113.747386
0.143680,116.300307,113.747606
0.143699,116.300307,113.759878
0.143744,116.300307,113.772086
0.143763,116.300307,113.779798
0.143780,116.300307,113.780774
0.143796,116.300307,113.789267
0.143823,116.300307,113.790790
0.143838,116.300307,113.796682
0.143860,116.300307,108.680714
0.143876,116.300307,113.796765
0.143891,116.300307,113.804122
0.143912,116.300307,113.809222
0.143931,116.300307,113.815136
0.143946,116.300307,113.816678
0.143958,116.300307,113.821306
0.143992,116.300307,113.825270
0.144011,116.300307,113.830003
0.144031,116.300307,113.830109
0.144048,116.300307,113.846067
0.144063,116.300307,113.860957
0.144095,116.300307,113.861107
0.144113,116.300307,113.863558
0.144132,116.300307,113.880682
0.144151,116.300307,113.889424
0.144182,116.300307,113.890547
0.144200,116.300307,113.899229
0.144218,116.300307,113.902982
0.144237,116.300307,113.915219
0.144253,116.300307,113.916528
0.144269,116.300307,113.920438
0.144297,116.300307,113.926301
0.144312,116.300307,113.926461
0.144332,116.300307,113.926710
0.144347,116.300307,113.932467
0.144365,116.300307,113.933747
0.144391,116.300307,113.935034
0.144406,116.300307,113.938810
0.144427,116.300307,112.498166
0.144446,116.300307,113.940022
0.144464,116.300307,113.944826
0.144488,116.300307,113.944883
0.144505,116.300307,113.946301
0.144519,116.300307,113.964541
0.144538,116.300307,113.988240
0.144572,116.300307,113.989510
0.144586,116.300307,114.002995
0.144601,116.300307,114.010352
0.144630,116.300307,114.011750
0.144646,116.300307,114.019142
0.144659,116.300307,114.025158
0.144679,116.300307,114.025174
0.144700,116.300307,114.033747
0.144722,116.300307,114.041494
0.144769,116.300307,114.049850
0.144792,116.300307,114.051123
0.144820,116.300307,108.488275
0.144834,116.300307,114.055754
0.144859,116.300307,114.055958
0.144881,116.300307,114.075824
0.144904,116.300307,107.743814
0.144924,116.300307,114.076947
0.144939,116.300307,114.084486
0.144953,116.300307,114.088214
0.144970,116.300307,114.106886
0.144983,116.300307,114.116467
0.145020,116.300307,114.128966
0.145033,116.300307,114.128982
0.145050,116.300307,114.130109
0.145067,116.300307,114.142374
0.145086,116.300307,114.162227
0.145102,116.300307,114.163504
0.145145,116.300307,114.173398
0.145164,116.300307,114.186842
0.145184,116.300307,114.194406
0.145199,116.300307,114.201894
0.145215,116.300307,114.204189
0.145261,116.300307,114.208061
0.145275,116.300307,114.209171
0.145293,116.300307,114.216467
0.145309,116.300307,114.216528
0.145327,116.300307,114.220317
0.145352,116.300307,114.225213
0.145382,116.300307,114.226227
0.145401,116.300307,114.231344
0.145442,116.300307,114.239984
0.145473,116.300307,114.244925
0.145491,116.300307,114.247379
0.145510,116.300307,114.252445
0.145527,116.300307,114.253670
0.145556,116.300307,104.795750
0.145576,116.300307,114.255786
0.145594,116.300307,114.255914
0.145611,116.300307,114.272090
0.145628,116.300307,114.284464
0.145657,116.300307,114.288134
0.145674,116.300307,114.288157
0.145701,116.300307,114.290589
0.145730,116.300307,114.291805
0.145754,116.300307,114.298045
0.145770,116.300307,114.298246
0.145781,116.300307,114.301734
0.145795,116.300307,114.322934
0.145812,116.300307,114.326227
0.145835,116.300307,114.330013
0.145853,116.300307,114.345014
0.145866,116.300307,114.359603
0.145884,116.300307,114.384445
0.145902,116.300307,114.384464
0.145947,116.300307,114.389267
0.145960,116.300307,114.395574
0.145976,116.300307,114.415123
0.145990,116.300307,114.415526
0.146063,116.300307,114.416602
0.146086,116.300307,111.608048
0.146105,116.300307,114.446326
0.146120,116.300307,114.447386
0.146158,116.300307,114.447670
0.146175,116.300307,114.457382
0.146197,116.300307,109.245158
0.146210,116.300307,114.462358
0.146240,116.300307,114.474470
0.146258,116.300307,114.477139
0.146274,116.300307,114.481946
0.146293,116.300307,114.483130
0.146323,116.300307,114.484566
0.146340,116.300307,114.486835
0.146357,116.300307,114.489283
0.146382,116.300307,114.490378
0.146401,116.300307,114.505520
0.146423,116.300307,111.298150
0.146437,116.300307,114.506650
0.146457,116.300307,114.513981
0.146471,116.300307,114.535034
0.146500,116.300307,114.557210
0.146529,116.300307,114.561085
0.146547,116.300307,114.562448
0.146565,116.300307,114.563363
0.146594,116.300307,114.564637
0.146635,116.300307,114.568445
0.146650,116.300307,114.570928
0.146673,116.300307,103.713008
0.146693,116.300307,114.583197
0.146709,116.300307,114.589341
0.146735,116.300307,114.593075
0.146751,116.300307,114.597917
0.146766,116.300307,114.600506
0.146787,116.300307,114.610566
0.146799,116.300307,114.618938
0.146818,116.300307,114.625309
0.146835,116.300307,114.627632
0.146855,116.300307,114.631574
0.146866,116.300307,114.633968
0.146878,116.300307,114.653565
0.146893,116.300307,114.672166
0.146906,116.300307,114.674870
0.146933,116.300307,114.693043
0.146952,116.300307,114.693136
0.146975,116.300307,103.835216
0.146989,116.300307,114.693136
0.147017,116.300307,114.694470
0.147032,116.300307,114.702803
0.147050,116.300307,114.706515
0.147081,116.300307,114.707997
0.147095,116.300307,114.712934
0.147108,116.300307,114.722790
0.147126,116.300307,114.745994
0.147147,116.300307,114.750915
0.147177,116.300307,114.759878
0.147202,116.300307,114.331517
0.147215,116.300307,114.759878
0.147236,116.300307,114.331517
0.147249,116.300307,114.765885
0.147262,116.300307,114.767066
0.147277,116.300307,114.780861
0.147292,116.300307,114.790586
0.147310,116.300307,114.795750
0.147321,116.300307,114.796806
0.147334,116.300307,114.809011
0.147348,116.300307,114.812659
0.147368,116.300307,114.812870
0.147379,116.300307,114.821331
0.147395,116.300307,114.828794
0.147423,116.300307,114.828989
0.147439,116.300307,114.846211
0.147487,116.300307,114.847251
0.147505,116.300307,114.851133
0.147521,116.300307,114.864730
0.147544,116.300307,113.424086
0.147561,116.300307,114.864838
0.147582,116.300307,114.872221
0.147594,116.300307,114.872374
0.147614,116.300307,114.874589
0.147642,116.300307,109.177075
0.147663,116.300307,114.895411
0.147677,116.300307,114.901894
0.147690,116.300307,114.907869
0.147703,116.300307,114.913014
0.147727,116.300307,114.920368
0.147743,116.300307,114.926330
0.147772,116.300307,114.931411
0.147788,116.300307,114.935098
0.147813,116.300307,114.939984
0.147853,116.300307,114.951382
0.147868,116.300307,114.959667
0.147887,116.300307,114.975763
0.147910,116.300307,114.975782
0.147927,116.300307,114.975898
0.147947,116.300307,111.313046
0.147960,116.300307,114.977110
0.147980,116.300307,114.990774
0.148002,116.300307,114.991869
0.148032,116.300307,114.995750
0.148050,116.300307,114.996595
0.148063,116.300307,115.001744
0.148085,116.300307,108.669734
0.148103,116.300307,115.004432
0.148130,116.300307,115.010406
0.148149,116.300307,115.014288
0.148160,116.300307,115.019078
0.148178,116.300307,115.019978
0.148195,116.300307,115.021450
0.148213,116.300307,115.025085
0.148258,116.300307,115.026266
0.148288,116.300307,115.045114
0.148302,116.300307,115.049949
0.148318,116.300307,115.051155
0.148336,116.300307,115.057446
0.148347,116.300307,115.061030
0.148369,116.300307,115.063203
0.148412,116.300307,115.064838
0.148449,116.300307,115.065981
0.148463,116.300307,115.072294
0.148477,116.300307,115.075706
0.148492,116.300307,115.086963
0.148507,116.300307,115.095517
0.148520,116.300307,115.095702
0.148535,116.300307,115.098102
0.148549,116.300307,115.100410
0.148563,116.300307,115.101766
0.148576,116.300307,115.108054
0.148595,116.300307,115.112854
0.148611,116.300307,115.122717
0.148632,116.300307,108.278365
0.148647,116.300307,115.124272
0.148675,116.300307,115.141254
0.148684,116.300307,115.142406
0.148699,116.300307,115.143539
0.148710,116.300307,115.145030
0.148722,116.300307,115.152314
0.148737,116.300307,115.170845
0.148754,116.300307,115.174490
0.148768,116.300307,115.178365
0.148782,116.300307,115.182134
0.148798,116.300307,115.184502
0.148816,116.300307,115.188061
0.148834,116.300307,115.190726
0.148843,116.300307,115.195670
0.148859,116.300307,115.198010
0.148877,116.300307,115.205347
0.148907,116.300307,115.205478
0.148921,116.300307,115.209194
0.148940,116.300307,115.214013
0.148954,116.300307,115.216509
0.148972,116.300307,115.216602
0.148993,116.300307,115.217651
0.149008,116.300307,115.217747
0.149023,116.300307,115.222643
0.149035,116.300307,115.232403
0.149050,116.300307,115.236083
0.149064,116.300307,115.247379
0.149082,116.300307,115.248854
0.149092,116.300307,115.249917
0.149106,116.300307,115.258621
0.149120,116.300307,115.260861
0.149133,116.300307,115.278061
0.149163,116.300307,111.347382
0.149185,116.300307,115.291731
0.149199,116.300307,115.291866
0.149225,116.300307,109.929078
0.149243,116.300307,115.298003
0.149256,116.300307,115.299306
0.149270,116.300307,115.299510
0.149281,116.300307,115.304157
0.149295,116.300307,115.315302
0.149311,116.300307,115.315430
0.149322,116.300307,115.317757
0.149356,116.300307,115.323965
0.149369,116.300307,115.334934
0.149385,116.300307,115.334941
0.149397,116.300307,115.342522
0.149419,116.300307,112.533968
0.149435,116.300307,115.363517
0.149444,116.300307,115.364861
0.149457,116.300307,115.375859
0.149469,116.300307,115.386787
0.149502,116.300307,115.388230
0.149511,116.300307,115.388240
0.149535,116.300307,115.396691
0.149547,116.300307,115.399453
0.149559,116.300307,115.403059
0.149572,116.300307,115.409142
0.149588,116.300307,115.410486
0.149599,116.300307,115.417661
0.149612,116.300307,115.419037
0.149624,116.300307,115.421437
0.149641,116.300307,115.421456
0.149653,116.300307,115.426227
0.149676,116.300307,113.643571
0.149695,116.300307,115.435101
0.149709,116.300307,115.438886
0.149726,116.300307,115.441254
0.149737,116.300307,115.441382
0.149752,116.300307,115.448918
0.149774,116.300307,115.453638
0.149797,116.300307,104.595718
0.149811,116.300307,115.453670
0.149821,116.300307,115.457139
0.149847,116.300307,110.279443
0.149865,116.300307,115.457360
0.149884,116.300307,105.999440
0.149902,116.300307,113.194486
0.149917,116.300307,115.463350
0.149935,116.300307,115.477085
0.149952,116.300307,115.487005
0.149965,116.300307,115.488368
0.149982,116.300307,115.496848
0.150004,116.300307,104.638928
0.150021,116.300307,115.501722
0.150039,116.300307,115.507802
0.150051,116.300307,115.508054
0.150065,116.300307,115.510333
0.150083,116.300307,115.512730
0.150109,116.300307,115.520374
0.150117,116.300307,115.525075
0.150145,116.300307,115.526426
0.150164,116.300307,115.535088
0.150191,116.300307,115.536275
0.150203,116.300307,115.537622
0.150218,116.300307,115.552378
0.150235,116.300307,115.552486
0.150252,116.300307,115.554877
0.150263,116.300307,115.557494
0.150273,116.300307,115.575846
0.150296,116.300307,104.717926
0.150310,116.300307,115.576883
0.150323,116.300307,115.580755
0.150338,116.300307,115.598086
0.150351,116.300307,115.617715
0.150370,116.300307,115.620253
0.150378,116.300307,115.621437
0.150398,116.300307,115.632435
0.150416,116.300307,115.633917
0.150427,116.300307,115.648806
0.150443,116.300307,115.653629
0.150483,116.300307,115.654778
0.150509,116.300307,115.660714
0.150523,116.300307,115.688093
0.150541,116.300307,115.691827
0.150557,116.300307,115.693011
0.150569,116.300307,115.695594
0.150582,116.300307,115.701610
0.150611,116.300307,115.701843
0.150626,116.300307,115.706672
0.150635,116.300307,115.721456
0.150648,116.300307,115.724006
0.150658,116.300307,115.738790
0.150671,116.300307,115.738794
0.150680,116.300307,115.749942
0.150697,116.300307,115.753533
0.150710,116.300307,115.753562
0.150748,116.300307,115.763478
0.150758,116.300307,115.772131
0.150803,116.300307,115.774662
0.150819,116.300307,115.791862
0.150836,116.300307,115.796861
0.150846,116.300307,115.802938
0.150858,116.300307,115.802992
0.150871,116.300307,115.810362
0.150891,116.300307,115.810426
0.150904,116.300307,115.811654
0.150925,116.300307,112.490758
0.150936,116.300307,115.815270
0.150953,116.300307,115.818858
0.150976,116.300307,115.821597
0.150992,116.300307,115.827613
0.151001,116.300307,115.829046
0.151018,116.300307,115.841510
0.151035,116.300307,115.846288
0.151048,116.300307,115.856090
0.151082,116.300307,115.858394
0.151095,116.300307,115.858493
0.151114,116.300307,115.864854
0.151126,116.300307,115.877014
0.151142,116.300307,115.883187
0.151155,116.300307,115.884454
0.151173,116.300307,115.895517
0.151185,116.300307,115.901818
0.151205,116.300307,112.238966
0.151217,116.300307,115.907798
0.151233,116.300307,115.910390
0.151247,116.300307,115.926598
0.151259,116.300307,115.927670
0.151273,116.300307,115.927824
0.151285,116.300307,115.930170
0.151314,116.300307,106.189526
0.151329,116.300307,114.520368
0.151347,116.300307,115.953629
0.151358,116.300307,115.969619
0.151372,116.300307,115.972019
0.151389,116.300307,115.973488
0.151405,116.300307,115.980829
0.151426,116.300307,115.981786
0.151442,116.300307,115.983325
0.151454,116.300307,115.999139
0.151502,116.300307,116.013046
0.151515,116.300307,116.016371
0.151527,116.300307,116.016467
0.151541,116.300307,116.022643
0.151555,116.300307,116.022653
0.151565,116.300307,116.022906
0.151579,116.300307,116.026330
0.151592,116.300307,116.027686
0.151608,116.300307,116.027741
0.151618,116.300307,116.030054
0.151660,116.300307,116.033974
0.151675,116.300307,116.036214
0.151687,116.300307,116.039859
0.151703,116.300307,116.046141
0.151730,116.300307,116.053734
0.151743,116.300307,116.055030
0.151767,116.300307,116.067005
0.151777,116.300307,116.067174
0.151784,116.300307,116.081885
0.151801,116.300307,116.082230
0.151815,116.300307,116.083069
0.151830,116.300307,116.088240
0.151845,116.300307,109.101926
0.151856,116.300307,116.088240
0.151870,116.300307,109.101926
0.151882,116.300307,116.089322
0.151893,116.300307,116.091933
0.151909,116.300307,116.094544
0.151922,116.300307,116.100410
0.151936,116.300307,116.100435
0.151950,116.300307,116.106672
0.151962,116.300307,116.112947
0.151981,116.300307,116.116467
0.152006,116.300307,116.131267
0.152035,116.300307,116.137565
0.152049,116.300307,116.149885
0.152064,116.300307,116.151027
0.152076,116.300307,116.153347
0.152093,116.300307,116.153638
0.152105,116.300307,116.155965
0.152123,116.300307,116.159878
0.152144,116.300307,111.171037
0.152155,116.300307,116.159878
0.152177,116.300307,111.171037
0.152188,116.300307,116.173510
0.152204,116.300307,116.179510
0.152215,116.300307,116.185658
0.152226,116.300307,116.198141
0.152235,116.300307,116.206675
0.152246,116.300307,116.208874
0.152255,116.300307,116.217786
0.152276,116.300307,110.854998
0.152296,116.300307,116.219056
0.152323,116.300307,116.222618
0.152343,116.300307,116.239891
0.152360,116.300307,116.241213
0.152376,116.300307,116.241277
0.152390,116.300307,116.241350
0.152399,116.300307,116.247414
0.152411,116.300307,116.255786
0.152422,116.300307,116.255958
0.152440,116.300307,116.270941
0.152447,116.300307,116.272058
0.152459,116.300307,116.272157
0.152471,116.300307,116.278397
0.152480,116.300307,116.279331
0.152497,116.300307,116.279510
0.152511,116.300307,116.281981
0.152530,116.300307,116.285734
0.152539,116.300307,116.287158
0.152550,116.300307,116.290781
0.152565,116.300307,116.298032
0.152584,116.300307,109.966022
0.152597,116.300307,116.300307
