Time,UB,LB
0.000000,443.919229,19.005922
0.000112,443.919229,20.795008
0.000142,443.919229,21.312256
0.000178,443.919229,23.720896
0.000214,443.919229,24.683872
0.000266,443.919229,24.787584
0.000321,443.919229,24.843098
0.000349,443.919229,25.015936
0.000374,443.919229,25.570304
0.000437,443.919229,26.369027
0.000474,443.919229,26.498656
0.000509,443.919229,26.557952
0.000546,443.919229,26.639424
0.000580,443.919229,26.746816
0.000609,443.919229,27.446816
0.000639,443.919229,27.461632
0.000674,443.919229,27.873984
0.000718,443.919229,28.546778
0.000746,443.919229,28.791194
0.000774,443.919229,29.146787
0.000805,443.919229,29.313472
0.000847,443.919229,29.391232
0.000913,443.919229,30.224576
0.000949,443.919229,30.339322
0.000984,443.919229,30.450496
0.001024,443.919229,30.512160
0.001065,443.919229,30.998627
0.001106,443.919229,31.015898
0.001134,443.919229,31.045568
0.001169,443.919229,31.557856
0.001201,443.919229,31.639392
0.001232,443.919229,31.789952
0.001301,443.919229,31.809760
0.001335,443.919229,31.909760
0.001375,443.919229,31.961603
0.001421,443.919229,32.076416
0.001453,443.919229,32.091232
0.001523,443.919229,32.168992
0.001561,443.919229,32.353732
0.001609,443.919229,32.797408
0.001646,443.919229,32.919616
0.001678,443.919229,33.058470
0.001751,443.919229,33.224576
0.001806,443.919229,33.265280
0.001835,443.919229,33.420794
0.001863,443.919229,34.020832
0.001895,443.919229,34.043002
0.001939,443.919229,34.078816
0.002000,443.919229,34.417152
0.002035,443.919229,34.505984
0.002079,443.919229,34.587520
0.002108,443.919229,34.649178
0.002148,443.919229,34.668974
0.002174,443.919229,34.719578
0.002208,443.919229,35.128218
0.002253,443.919229,35.178848
0.002288,443.919229,35.266528
0.002324,443.919229,35.301056
0.002368,443.919229,35.339296
0.002399,443.919229,35.365242
0.002433,443.919229,35.431904
0.002462,443.919229,35.493632
0.002508,443.919229,35.613440
0.002535,443.919229,35.675168
0.002565,443.919229,35.828224
0.002616,443.919229,36.076384
0.002646,443.919229,36.234368
0.002686,443.919229,36.268992
0.002749,443.919229,36.287456
0.002782,443.919229,36.450458
0.002823,443.919229,36.501088
0.002859,443.919229,36.512122
0.002901,443.919229,36.594874
0.002933,443.919229,36.623296
0.002968,443.919229,36.815872
0.003033,443.919229,36.866528
0.003067,443.919229,36.968960
0.003098,443.919229,37.005350
0.003122,443.919229,37.294842
0.003156,443.919229,37.345472
0.003193,443.919229,37.398624
0.003225,443.919229,37.467680
0.003259,443.919229,37.473856
0.003302,443.919229,37.556608
0.003349,443.919229,37.834362
0.003395,443.919229,37.962752
0.003444,443.919229,37.982560
0.003486,443.919229,38.209664
0.003545,443.919229,38.291200
0.003578,443.919229,38.365248
0.003608,443.919229,38.372654
0.003636,443.919229,38.492368
0.003696,443.919229,38.761568
0.003733,443.919229,38.780096
0.003776,443.919229,38.831898
0.003855,443.919229,38.882528
0.003893,443.919229,38.888688
0.003932,443.919229,38.917123
0.003970,443.919229,38.958468
0.004016,443.919229,39.046752
0.004071,443.919229,39.067352
0.004127,443.919229,39.104736
0.004171,443.919229,39.284992
0.004233,443.919229,39.289350
0.004274,443.919229,39.325696
0.004317,443.919229,39.377028
0.004357,443.919229,39.531904
0.004415,443.919229,39.572608
0.004457,443.919229,39.634336
0.004502,443.919229,39.722016
0.004542,443.919229,39.780064
0.004574,443.919229,39.824576
0.004601,443.919229,39.938048
0.004653,443.919229,39.968896
0.004696,443.919229,39.991136
0.004730,443.919229,40.030656
0.004766,443.919229,40.154138
0.004805,443.919229,40.204768
0.004851,443.919229,40.215802
0.004922,443.919229,40.217088
0.004963,443.919229,40.323708
0.004999,443.919229,40.428064
0.005034,443.919229,40.457824
0.005073,443.919229,40.613408
0.005158,443.919229,40.760320
0.005196,443.919229,40.860160
0.005270,443.919229,40.862688
0.005353,443.919229,41.102304
0.005391,443.919229,41.197958
0.005432,443.919229,41.260288
0.005522,443.919229,41.301018
0.005563,443.919229,41.383744
0.005624,443.919229,41.424448
0.005667,443.919229,41.486176
0.005791,443.919229,41.538042
0.005864,443.919229,41.788608
0.005913,443.919229,41.881200
0.005989,443.919229,41.882496
0.006040,443.919229,41.887408
0.006086,443.919229,41.915686
0.006127,443.919229,42.001024
0.006178,443.919229,42.009156
0.006396,443.919229,42.097248
0.006455,443.919229,42.103456
0.006503,443.919229,42.241792
0.006551,443.919229,42.249184
0.006588,443.919229,42.283728
0.006633,443.919229,42.320762
0.006700,443.919229,42.371392
0.006748,443.919229,42.372006
0.006830,443.919229,42.499776
0.006878,443.919229,42.623258
0.006919,443.919229,42.673888
0.006968,443.919229,42.714528
0.007028,443.919229,42.778800
0.007072,443.919229,42.815834
0.007126,443.919229,42.988672
0.007175,443.919229,42.994848
0.007210,443.919229,43.008876
0.007246,443.919229,43.112128
0.007296,443.919229,43.117670
0.007321,443.919229,43.121968
0.007373,443.919229,43.175120
0.007411,443.919229,43.391168
0.007447,443.919229,43.401574
0.007517,443.919229,43.452736
0.007614,443.919229,43.482496
0.007666,443.919229,43.507194
0.007731,443.919229,43.518288
0.007789,443.919229,43.528256
0.007822,443.919229,43.571424
0.007864,443.919229,43.602144
0.007913,443.919229,43.641774
0.008014,443.919229,43.729408
0.008139,443.919229,43.730656
0.008185,443.919229,43.739812
0.008283,443.919229,43.923878
0.008327,443.919229,43.955296
0.008387,443.919229,43.986160
0.008434,443.919229,44.047888
0.008490,443.919229,44.131744
0.008533,443.919229,44.202208
0.008578,443.919229,44.209950
0.008617,443.919229,44.351616
0.008680,443.919229,44.360707
0.008718,443.919229,44.382480
0.008769,443.919229,44.424494
0.008811,443.919229,44.435598
0.008851,443.919229,44.444208
0.008897,443.919229,44.448696
0.008957,443.919229,44.550336
0.009053,443.919229,44.597958
0.009104,443.919229,44.598528
0.009155,443.919229,44.628668
0.009199,443.919229,44.653306
0.009355,443.919229,44.654080
0.009401,443.919229,44.660256
0.009458,443.919229,44.697958
0.009502,443.919229,44.846688
0.009550,443.919229,44.853291
0.009628,443.919229,44.866304
0.009683,443.919229,44.875008
0.009839,443.919229,44.881216
0.009894,443.919229,45.052896
0.009944,443.919229,45.089766
0.010009,443.919229,45.209600
0.010062,443.919229,45.237478
0.010103,443.919229,45.243008
0.010155,443.919229,45.265216
0.010302,443.919229,45.271328
0.010429,443.919229,45.324474
0.010463,443.919229,45.389920
0.010522,443.919229,45.458976
0.010566,443.919229,45.619366
0.010616,443.919229,45.672560
0.010670,443.919229,45.713990
0.010714,443.919229,45.746734
0.010757,443.919229,45.757838
0.010797,443.919229,45.855296
0.010838,443.919229,45.877488
0.010887,443.919229,45.886080
0.010946,443.919229,45.888608
0.011008,443.919229,45.899728
0.011080,443.919229,45.976320
0.011135,443.919229,46.054048
0.011191,443.919229,46.086742
0.011274,443.919229,46.107644
0.011333,443.919229,46.115776
0.011453,443.919229,46.156422
0.011509,443.919229,46.208368
0.011589,443.919229,46.296048
0.011651,443.919229,46.326938
0.011701,443.919229,46.368806
0.011752,443.919229,46.415680
0.011897,443.919229,46.431126
0.011941,443.919229,46.450368
0.012000,443.919229,46.510800
0.012062,443.919229,46.512096
0.012231,443.919229,46.517008
0.012294,443.919229,46.597800
0.012348,443.919229,46.604688
0.012428,443.919229,46.628064
0.012473,443.919229,46.649146
0.012522,443.919229,46.733056
0.012602,443.919229,46.734336
0.012650,443.919229,46.907120
0.012756,443.919229,46.913328
0.012833,443.919229,47.041696
0.012892,443.919229,47.045466
0.012940,443.919229,47.100896
0.013001,443.919229,47.102266
0.013050,443.919229,47.129376
0.013114,443.919229,47.204581
0.013156,443.919229,47.230624
0.013197,443.919229,47.275104
0.013252,443.919229,47.327432
0.013294,443.919229,47.344128
0.013360,443.919229,47.368800
0.013412,443.919229,47.408400
0.013459,443.919229,47.438016
0.013578,443.919229,47.445790
0.013620,443.919229,47.524426
0.013665,443.919229,47.740448
0.013734,443.919229,47.740474
0.013813,443.919229,47.768928
0.013870,443.919229,47.804720
0.013918,443.919229,47.913358
0.013965,443.919229,47.920746
0.014018,443.919229,47.933088
0.014072,443.919229,47.941032
0.014116,443.919229,47.999044
0.014192,443.919229,48.028668
0.014245,443.919229,48.072006
0.014287,443.919229,48.134856
0.014331,443.919229,48.136794
0.014377,443.919229,48.139278
0.014423,443.919229,48.163208
0.014475,443.919229,48.219398
0.014540,443.919229,48.221185
0.014646,443.919229,48.231834
0.014693,443.919229,48.235520
0.014747,443.919229,48.243684
0.014815,443.919229,48.252826
0.014866,443.919229,48.309760
0.014894,443.919229,48.329408
0.014963,443.919229,48.416316
0.015077,443.919229,48.447332
0.015152,443.919229,48.461381
0.015201,443.919229,48.478656
0.015400,443.919229,48.578624
0.015453,443.919229,48.654536
0.015513,443.919229,48.693478
0.015580,443.919229,48.706566
0.015625,443.919229,48.748998
0.015690,443.919229,48.756576
0.015758,443.919229,48.815781
0.015807,443.919229,48.858374
0.015856,443.919229,48.893536
0.015931,443.919229,48.898406
0.015989,443.919229,48.901471
0.016037,443.919229,48.924964
0.016119,443.919229,48.949628
0.016178,443.919229,49.008256
0.016366,443.919229,49.012080
0.016478,443.919229,49.024766
0.016837,443.919229,49.028648
0.016903,443.919229,49.052704
0.017020,443.919229,49.073808
0.017084,443.919229,49.140448
0.017145,443.919229,49.157664
0.017200,443.919229,49.187424
0.017238,443.919229,49.202176
0.017304,443.919229,49.219392
0.017369,443.919229,49.231126
0.017421,443.919229,49.232486
0.017466,443.919229,49.289856
0.017534,443.919229,49.345381
0.017586,443.919229,49.372486
0.017640,443.919229,49.440830
0.017684,443.919229,49.442880
0.017753,443.919229,49.450414
0.017803,443.919229,49.461518
0.017850,443.919229,49.471820
0.017912,443.919229,49.504608
0.018046,443.919229,49.526784
0.018097,443.919229,49.536768
0.018163,443.919229,49.557760
0.018221,443.919229,49.569352
0.018276,443.919229,49.576256
0.018390,443.919229,49.589760
0.018458,443.919229,49.594182
0.018526,443.919229,49.597200
0.018595,443.919229,49.598496
0.018668,443.919229,49.680000
0.018721,443.919229,49.684880
0.018794,443.919229,49.687264
0.018846,443.919229,49.691088
0.018916,443.919229,49.737792
0.018970,443.919229,49.748992
0.019036,443.919229,49.804582
0.019101,443.919229,49.807624
0.019162,443.919229,49.831126
0.019222,443.919229,49.839200
0.019286,443.919229,49.853926
0.019355,443.919229,49.872528
0.019410,443.919229,49.898400
0.019473,443.919229,49.900928
0.019613,443.919229,49.907136
0.019727,443.919229,49.937380
0.019811,443.919229,49.961376
0.019869,443.919229,49.993373
0.019925,443.919229,49.993520
0.020003,443.919229,50.063840
0.020076,443.919229,50.088576
0.020133,443.919229,50.111430
0.020198,443.919229,50.218948
0.020301,443.919229,50.223688
0.020363,443.919229,50.268848
0.020415,443.919229,50.430528
0.020522,443.919229,50.481024
0.020590,443.919229,50.483621
0.020649,443.919229,50.484896
0.020701,443.919229,50.494800
0.020754,443.919229,50.518208
0.020829,443.919229,50.529328
0.020901,443.919229,50.582952
0.020963,443.919229,50.584292
0.021117,443.919229,50.608398
0.021171,443.919229,50.645286
0.021238,443.919229,50.716235
0.021306,443.919229,50.772006
0.021355,443.919229,50.826848
0.021469,443.919229,50.853920
0.021566,443.919229,50.891120
0.021628,443.919229,50.897782
0.021702,443.919229,50.925648
0.021808,443.919229,50.933670
0.021876,443.919229,51.013221
0.021930,443.919229,51.031112
0.021980,443.919229,51.061504
0.022051,443.919229,51.151039
0.022170,443.919229,51.160032
0.022240,443.919229,51.174886
0.022303,443.919229,51.182342
0.022380,443.919229,51.246656
0.022456,443.919229,51.278746
0.022513,443.919229,51.318234
0.022567,443.919229,51.321920
0.022630,443.919229,51.325908
0.022687,443.919229,51.328128
0.022750,443.919229,51.362656
0.022826,443.919229,51.363570
0.022977,443.919229,51.394726
0.023034,443.919229,51.444648
0.023103,443.919229,51.455248
0.023174,443.919229,51.469352
0.023238,443.919229,51.472006
0.023296,443.919229,51.623720
0.023350,443.919229,51.649628
0.023404,443.919229,51.671264
0.023477,443.919229,51.675066
0.023541,443.919229,51.711942
0.023618,443.919229,51.718240
0.023686,443.919229,51.724448
0.023753,443.919229,51.739264
0.023797,443.919229,51.758976
0.023878,443.919229,51.816316
0.023973,443.919229,51.817236
0.024024,443.919229,51.838522
0.024091,443.919229,51.851568
0.024165,443.919229,51.866750
0.024227,443.919229,51.867558
0.024307,443.919229,51.919534
0.024365,443.919229,51.924326
0.024424,443.919229,51.930638
0.024530,443.919229,51.943436
0.024603,443.919229,52.006598
0.024754,443.919229,52.030232
0.024836,443.919229,52.067616
0.024909,443.919229,52.108876
0.025017,443.919229,52.126816
0.025093,443.919229,52.149120
0.025152,443.919229,52.154026
0.027128,443.391900,52.154026
0.027296,443.387010,52.154026
0.027335,438.200588,52.154026
0.027411,437.836380,52.154026
0.031870,437.704210,52.154026
0.032159,437.540146,52.154026
0.032226,432.094418,52.154026
0.032268,428.780850,52.154026
0.032284,427.210450,52.154026
0.036199,418.156052,52.154026
0.036490,399.037588,52.154026
0.041108,397.782258,52.154026
0.041514,369.395826,52.154026
0.041590,351.720498,52.154026
0.041664,348.579698,52.154026
0.042114,346.721650,52.154026
0.057936,313.649981,52.154026
0.058031,310.509181,52.154026
0.058724,307.672061,52.154026
0.058789,305.415229,52.154026
0.061319,305.110349,52.154026
0.061373,303.365860,52.154026
0.062244,302.116541,52.154026
0.062286,300.970813,52.154026
0.064071,300.161021,52.154026
0.064112,297.020221,52.154026
0.064187,296.734044,52.154026
0.064228,290.553788,52.154026
0.065092,289.793149,52.154026
0.080185,287.187112,52.154026
0.080564,277.400680,52.154026
0.086509,277.015274,52.154026
0.086751,269.726632,52.154026
0.086802,266.585832,52.154026
0.086899,265.974634,52.154026
0.086927,265.904234,52.154026
0.087295,264.763434,52.154026
0.111800,259.094321,52.154026
0.135002,258.096810,52.154026
0.254785,257.205556,52.154026
0.254815,257.135156,52.154026
0.255133,255.994356,52.154026
0.281488,248.163560,52.154026
0.293063,247.952517,52.154026
0.293090,247.882117,52.154026
0.293147,247.815397,52.154026
0.297671,247.311562,52.154026
0.299690,244.564966,52.154026
0.526394,243.241329,52.154026
0.527291,240.078479,52.154026
0.537292,237.003013,52.154026
0.537806,235.914053,52.154026
0.867164,231.144029,52.154026
0.867288,228.934267,52.154026
0.886359,228.725501,52.154026
0.914939,227.938083,52.154026
0.915441,220.983494,52.154026
0.916139,218.250340,52.154026
0.926503,217.015780,52.154026
0.928972,214.199523,52.154026
0.929674,213.598264,52.154026
0.929880,211.120485,52.154026
0.929905,211.050085,52.154026
0.930026,210.590885,52.154026
0.931036,210.364776,52.154026
0.931254,204.542696,52.154026
0.931279,204.472296,52.154026
0.931316,201.501896,52.154026
1.001069,199.515379,52.154026
1.030899,199.453967,52.154026
1.043425,198.556227,52.154026
1.043452,198.485827,52.154026
1.043492,195.515427,52.154026
1.044809,193.646499,52.154026
1.044922,193.046499,52.154026
1.044947,192.976099,52.154026
1.045076,190.005699,52.154026
1.237143,188.478608,52.154026
1.240749,187.273806,52.154026
1.243440,184.186032,52.154026
1.243513,181.045232,52.154026
1.243527,179.986032,52.154026
1.243731,176.971248,52.154026
1.277332,175.061549,52.154026
1.335576,174.278756,52.154026
1.358327,173.218159,52.154026
1.378677,172.186074,52.154026
1.378748,169.045274,52.154026
1.378761,167.986074,52.154026
1.378980,165.176218,52.154026
1.389379,163.565292,52.154026
1.389765,163.223053,52.154026
1.389778,162.163853,52.154026
1.390258,159.149069,52.154026
1.927478,158.141701,52.154026
2.423292,157.534253,52.154026
2.423773,154.519469,52.154026
3.738275,153.863788,52.154026
3.738345,150.722988,52.154026
3.738357,149.663788,52.154026
4.774192,145.234189,52.154026
4.843957,139.061389,52.154026
7.258108,139.061389,52.230501
7.258150,139.061389,52.263208
7.258199,139.061389,52.278848
7.258221,139.061389,52.282304
7.258264,139.061389,52.301471
7.258298,139.061389,52.323720
7.258345,139.061389,52.346640
7.258398,139.061389,52.371820
7.258446,139.061389,52.394720
7.258497,139.061389,52.546566
7.258538,139.061389,52.549686
7.258573,139.061389,52.550346
7.258610,139.061389,52.562688
7.258662,139.061389,52.575548
7.258685,139.061389,52.592416
7.258727,139.061389,52.608660
7.258774,139.061389,52.659450
7.258823,139.061389,52.660616
7.258873,139.061389,52.695576
7.258936,139.061389,52.700864
7.258984,139.061389,52.729184
7.259027,139.061389,52.742960
7.259084,139.061389,52.760101
7.259122,139.061389,52.768262
7.259174,139.061389,52.855816
7.259223,139.061389,52.924320
7.259269,139.061389,52.959008
7.259320,139.061389,52.987328
7.259387,139.061389,53.076166
7.259431,139.061389,53.090252
7.259478,139.061389,53.179968
7.259530,139.061389,53.230464
7.259574,139.061389,53.282528
7.259613,139.061389,53.444584
7.259665,139.061389,53.475606
7.259704,139.061389,53.487301
7.259779,139.061389,53.494056
7.259833,139.061389,53.505696
7.259879,139.061389,53.523720
7.259926,139.061389,53.524474
7.259945,139.061389,53.564332
7.259990,139.061389,53.576288
7.260043,139.061389,53.586536
7.260075,139.061389,53.609536
7.260125,139.061389,53.615728
7.260190,139.061389,53.731112
7.260226,139.061389,53.884928
7.260277,139.061389,53.889128
7.260330,139.061389,53.956337
7.260377,139.061389,53.979904
7.260465,139.061389,54.012048
7.260524,139.061389,54.016901
7.260569,139.061389,54.033438
7.260615,139.061389,54.092685
7.260696,139.061389,54.126278
7.260750,139.061389,54.184704
7.260803,139.061389,54.193568
7.260891,139.061389,54.333670
7.260983,139.061389,54.371301
7.261022,139.061389,54.449056
7.261092,139.061389,54.453926
7.261164,139.061389,54.464291
7.261206,139.061389,54.500844
7.261248,139.061389,54.502128
7.261301,139.061389,54.608224
7.261360,139.061389,54.661381
7.261457,139.061389,54.677928
7.261489,139.061389,54.682952
7.261539,139.061389,54.760101
7.261576,139.061389,54.761466
7.261623,139.061389,54.768127
7.261674,139.061389,54.844080
7.261736,139.061389,54.845376
7.261832,139.061389,54.849166
7.261874,139.061389,54.875046
7.261911,139.061389,54.886022
7.261969,139.061389,54.898448
7.262012,139.061389,54.919830
7.262051,139.061389,54.983526
7.262097,139.061389,54.987296
7.262147,139.061389,54.990520
7.262258,139.061389,55.042874
7.262343,139.061389,55.098406
7.262389,139.061389,55.125771
7.262437,139.061389,55.137824
7.262480,139.061389,55.198920
7.262530,139.061389,55.207649
7.262663,139.061389,55.217024
7.262691,139.061389,55.240400
7.262753,139.061389,55.240426
7.262795,139.061389,55.263941
7.262819,139.061389,55.268136
7.262870,139.061389,55.295272
7.262920,139.061389,55.319461
7.262960,139.061389,55.340448
7.263014,139.061389,55.399883
7.263062,139.061389,55.408660
7.263110,139.061389,55.411857
7.263152,139.061389,55.439194
7.263241,139.061389,55.461480
7.263285,139.061389,55.462714
7.263330,139.061389,55.490174
7.263369,139.061389,55.516896
7.263422,139.061389,55.520720
7.263472,139.061389,55.524840
7.263512,139.061389,55.572486
7.263555,139.061389,55.590312
7.263586,139.061389,55.634318
7.263626,139.061389,55.636746
7.263669,139.061389,55.657183
7.263728,139.061389,55.678816
7.263759,139.061389,55.710816
7.263813,139.061389,55.736768
7.263879,139.061389,55.793541
7.263911,139.061389,55.796096
7.263942,139.061389,55.804036
7.264089,139.061389,55.816024
7.264144,139.061389,55.822067
7.264177,139.061389,55.859034
7.264227,139.061389,55.884733
7.264275,139.061389,55.934181
7.264320,139.061389,55.951520
7.264378,139.061389,55.980417
7.264441,139.061389,55.981248
7.264474,139.061389,55.982888
7.264520,139.061389,56.039141
7.264572,139.061389,56.098400
7.264629,139.061389,56.107136
7.264681,139.061389,56.128106
7.264729,139.061389,56.131792
7.264787,139.061389,56.138000
7.264854,139.061389,56.149004
7.264905,139.061389,56.216986
7.264959,139.061389,56.286758
7.264993,139.061389,56.290294
7.265104,139.061389,56.308872
7.265167,139.061389,56.313222
7.265229,139.061389,56.319939
7.265277,139.061389,56.344154
7.265352,139.061389,56.347840
7.265417,139.061389,56.354048
7.265520,139.061389,56.362566
7.265578,139.061389,56.408261
7.265623,139.061389,56.464225
7.265674,139.061389,56.494150
7.265708,139.061389,56.497782
7.265807,139.061389,56.545790
7.265846,139.061389,56.555403
7.265892,139.061389,56.568741
7.265940,139.061389,56.572480
7.265997,139.061389,56.613306
7.266056,139.061389,56.631016
7.266115,139.061389,56.656683
7.266168,139.061389,56.670074
7.266219,139.061389,56.677568
7.266258,139.061389,56.716014
7.266311,139.061389,56.732849
7.266354,139.061389,56.825908
7.266395,139.061389,56.880614
7.266422,139.061389,56.906337
7.266478,139.061389,56.908808
7.266532,139.061389,56.965120
7.266590,139.061389,56.976240
7.266648,139.061389,56.987974
7.266698,139.061389,56.996096
7.266735,139.061389,57.004560
7.266807,139.061389,57.040627
7.266856,139.061389,57.048966
7.266914,139.061389,57.051392
7.267036,139.061389,57.066394
7.267090,139.061389,57.119882
7.267123,139.061389,57.122067
7.267152,139.061389,57.190981
7.267202,139.061389,57.201352
7.267246,139.061389,57.220608
7.267313,139.061389,57.239264
7.267348,139.061389,57.304970
7.267393,139.061389,57.308224
7.267442,139.061389,57.314496
7.267500,139.061389,57.327233
7.267547,139.061389,57.362560
7.267607,139.061389,57.372560
7.267668,139.061389,57.376363
7.267713,139.061389,57.390145
7.267759,139.061389,57.400880
7.267853,139.061389,57.449358
7.267905,139.061389,57.465024
7.267961,139.061389,57.508523
7.268009,139.061389,57.523585
7.268058,139.061389,57.525908
7.268097,139.061389,57.576598
7.268143,139.061389,57.582603
7.268188,139.061389,57.608125
7.268236,139.061389,57.616928
7.268301,139.061389,57.644616
7.268363,139.061389,57.650856
7.268440,139.061389,57.660563
7.268529,139.061389,57.664392
7.268634,139.061389,57.706566
7.268664,139.061389,57.726726
7.268713,139.061389,57.740627
7.268749,139.061389,57.768864
7.268785,139.061389,57.772792
7.268842,139.061389,57.782763
7.268938,139.061389,57.837824
7.268987,139.061389,57.913894
7.269042,139.061389,57.923438
7.269096,139.061389,57.925541
7.269158,139.061389,57.926278
7.269230,139.061389,57.964516
7.269293,139.061389,57.968971
7.269391,139.061389,57.984848
7.269439,139.061389,57.997126
7.269514,139.061389,58.021224
7.269565,139.061389,58.024766
7.269610,139.061389,58.029633
7.269656,139.061389,58.052040
7.269713,139.061389,58.091179
7.269766,139.061389,58.197672
7.269833,139.061389,58.245328
7.269899,139.061389,58.256384
7.269951,139.061389,58.304852
7.270048,139.061389,58.381009
7.270098,139.061389,58.397736
7.270154,139.061389,58.455141
7.270209,139.061389,58.530984
7.270263,139.061389,58.531016
7.270327,139.061389,58.535944
7.270393,139.061389,58.552846
7.270427,139.061389,58.562979
7.270483,139.061389,58.577587
7.270529,139.061389,58.582528
7.270566,139.061389,58.590252
7.270611,139.061389,58.593632
7.270646,139.061389,58.641648
7.270714,139.061389,58.659432
7.270754,139.061389,58.717236
7.270804,139.061389,58.731110
7.270864,139.061389,58.764442
7.270930,139.061389,58.785984
7.270982,139.061389,58.787873
7.271096,139.061389,58.851546
7.271152,139.061389,58.868104
7.271211,139.061389,58.871814
7.271266,139.061389,58.885917
7.271317,139.061389,58.890436
7.271379,139.061389,58.975056
7.271420,139.061389,59.005824
7.271531,139.061389,59.022408
7.271583,139.061389,59.023232
7.271624,139.061389,59.039656
7.271669,139.061389,59.053160
7.271736,139.061389,59.061344
7.271793,139.061389,59.078656
7.271864,139.061389,59.084672
7.271920,139.061389,59.088968
7.271960,139.061389,59.098341
7.272021,139.061389,59.153028
7.272073,139.061389,59.160838
7.272123,139.061389,59.223688
7.272178,139.061389,59.230731
7.272230,139.061389,59.247866
7.272283,139.061389,59.251828
7.272326,139.061389,59.290252
7.272416,139.061389,59.334612
7.272468,139.061389,59.345402
7.272514,139.061389,59.385278
7.272559,139.061389,59.428044
7.272624,139.061389,59.473680
7.272692,139.061389,59.474976
7.272761,139.061389,59.482751
7.272804,139.061389,59.495968
7.272860,139.061389,59.496664
7.272930,139.061389,59.526764
7.272982,139.061389,59.535424
7.273092,139.061389,59.538662
7.273214,139.061389,59.541934
7.273276,139.061389,59.587424
7.273306,139.061389,59.627941
7.273354,139.061389,59.651659
7.273413,139.061389,59.667712
7.273455,139.061389,59.672474
7.273568,139.061389,59.687301
7.273630,139.061389,59.713793
7.273798,139.061389,59.754628
7.273868,139.061389,59.847302
7.273914,139.061389,59.870000
7.273985,139.061389,59.870026
7.274038,139.061389,59.871301
7.274091,139.061389,59.881473
7.274142,139.061389,59.929800
7.274271,139.061389,59.948328
7.274315,139.061389,59.957644
7.274386,139.061389,60.004152
7.274536,139.061389,60.016864
7.274594,139.061389,60.030984
7.274652,139.061389,60.056364
7.274700,139.061389,60.068794
7.274815,139.061389,60.074374
7.274859,139.061389,60.076064
7.274919,139.061389,60.086758
7.274965,139.061389,60.092314
7.275019,139.061389,60.133152
7.275064,139.061389,60.143368
7.275115,139.061389,60.208753
7.275178,139.061389,60.216901
7.275236,139.061389,60.223585
7.275402,139.061389,60.226120
7.275474,139.061389,60.266346
7.275527,139.061389,60.285352
7.275591,139.061389,60.308523
7.275696,139.061389,60.311210
7.275747,139.061389,60.319768
7.275856,139.061389,60.325908
7.275911,139.061389,60.340416
7.275972,139.061389,60.356619
7.276036,139.061389,60.366710
7.276089,139.061389,60.387946
7.276233,139.061389,60.425803
7.276282,139.061389,60.434336
7.276329,139.061389,60.441542
7.276400,139.061389,60.450824
7.276461,139.061389,60.484262
7.276503,139.061389,60.486086
7.276550,139.061389,60.488634
7.276607,139.061389,60.490177
7.276661,139.061389,60.508160
7.276727,139.061389,60.540192
7.276781,139.061389,60.562979
7.276929,139.061389,60.612302
7.276988,139.061389,60.653926
7.277047,139.061389,60.680548
7.277112,139.061389,60.683686
7.277161,139.061389,60.736736
7.277216,139.061389,60.739412
7.277273,139.061389,60.819461
7.277308,139.061389,60.823574
7.277346,139.061389,60.834336
7.277394,139.061389,60.866750
7.277429,139.061389,60.868741
7.277488,139.061389,60.877960
7.277555,139.061389,60.887424
7.277600,139.061389,60.891590
7.277664,139.061389,60.917480
7.277728,139.061389,60.923585
7.277775,139.061389,60.926120
7.277864,139.061389,60.971142
7.277942,139.061389,60.985011
7.278005,139.061389,61.008660
7.278121,139.061389,61.056576
7.278173,139.061389,61.069288
7.278234,139.061389,61.082571
7.278287,139.061389,61.116056
7.278350,139.061389,61.125803
7.278458,139.061389,61.125908
7.278502,139.061389,61.140627
7.278550,139.061389,61.174924
7.278608,139.061389,61.181788
7.278731,139.061389,61.183526
7.278790,139.061389,61.194024
7.278869,139.061389,61.198301
7.278948,139.061389,61.202698
7.279027,139.061389,61.210923
7.279100,139.061389,61.262904
7.279230,139.061389,61.299674
7.279294,139.061389,61.303217
7.279358,139.061389,61.324812
7.279425,139.061389,61.364291
7.279540,139.061389,61.371820
7.279655,139.061389,61.398341
7.279715,139.061389,61.398851
7.279763,139.061389,61.403880
7.279825,139.061389,61.417024
7.279869,139.061389,61.422067
7.279925,139.061389,61.424766
7.279983,139.061389,61.434948
7.280152,139.061389,61.454440
7.280264,139.061389,61.456301
7.280324,139.061389,61.464390
7.280391,139.061389,61.468971
7.280446,139.061389,61.489050
7.280515,139.061389,61.489701
7.280571,139.061389,61.519461
7.280619,139.061389,61.547776
7.280686,139.061389,61.551659
7.280755,139.061389,61.571814
7.280806,139.061389,61.634160
7.280890,139.061389,61.682856
7.281025,139.061389,61.695994
7.281092,139.061389,61.704524
7.281149,139.061389,61.744616
7.281223,139.061389,61.786086
7.281274,139.061389,61.816056
7.281332,139.061389,61.846688
7.281381,139.061389,61.860796
7.281462,139.061389,61.861318
7.281542,139.061389,61.869288
7.281609,139.061389,61.882824
7.281667,139.061389,61.905096
7.281739,139.061389,61.926214
7.281790,139.061389,61.944096
7.281858,139.061389,61.958214
7.281903,139.061389,61.968971
7.281969,139.061389,61.980107
7.282064,139.061389,61.987844
7.282204,139.061389,61.995208
7.282278,139.061389,62.019301
7.282331,139.061389,62.028566
7.282451,139.061389,62.030480
7.282529,139.061389,62.037128
7.282612,139.061389,62.055403
7.282664,139.061389,62.090252
7.282720,139.061389,62.128618
7.282798,139.061389,62.131110
7.846329,139.061389,61.546277
7.846940,139.061389,61.942565
7.847651,139.061389,62.131110
7.848926,139.061389,57.179853
7.850684,139.061389,62.131110
7.871452,139.061389,62.175131
8.676610,139.061389,62.176096
8.676663,139.061389,62.180100
8.676761,139.061389,62.219809
8.676807,139.061389,62.264424
8.676879,139.061389,62.266507
8.676935,139.061389,62.285384
8.676977,139.061389,62.315686
8.677004,139.061389,62.324771
8.677041,139.061389,62.373899
8.677091,139.061389,62.411272
8.677220,139.061389,62.441934
8.677267,139.061389,62.444584
8.677326,139.061389,62.471903
8.677378,139.061389,62.476776
8.677437,139.061389,62.496107
8.677494,139.061389,62.497734
8.677530,139.061389,62.546464
8.677592,139.061389,62.556587
8.677693,139.061389,62.561928
8.677760,139.061389,62.604486
8.677810,139.061389,62.609664
8.677831,139.061389,62.705096
8.677877,139.061389,62.705696
8.677943,139.061389,62.730954
8.677996,139.061389,62.755403
8.678057,139.061389,62.847144
8.678092,139.061389,62.856728
8.678143,139.061389,62.865494
8.678230,139.061389,62.908596
8.678328,139.061389,62.908753
8.678372,139.061389,62.911821
8.678414,139.061389,62.949358
8.678457,139.061389,62.969256
8.678520,139.061389,62.986170
8.678561,139.061389,63.001217
8.678608,139.061389,63.041934
8.678654,139.061389,63.047135
8.678701,139.061389,63.076064
8.678754,139.061389,63.107518
8.678810,139.061389,63.134086
8.678861,139.061389,63.138566
8.678904,139.061389,63.149416
8.678963,139.061389,63.178714
8.679010,139.061389,63.198892
8.679053,139.061389,63.230444
8.679100,139.061389,63.269217
8.679203,139.061389,63.273035
8.679339,139.061389,63.282246
8.679391,139.061389,63.370504
8.679444,139.061389,63.371237
8.679536,139.061389,63.401352
8.679584,139.061389,63.422027
8.679624,139.061389,63.423592
8.679666,139.061389,63.464424
8.679735,139.061389,63.481146
8.679785,139.061389,63.508459
8.679841,139.061389,63.512292
8.679901,139.061389,63.533567
8.679973,139.061389,63.552646
8.680029,139.061389,63.575034
8.680081,139.061389,63.607283
8.680203,139.061389,63.617131
8.680256,139.061389,63.645832
8.680295,139.061389,63.646904
8.680339,139.061389,63.649358
8.680383,139.061389,63.652832
8.680424,139.061389,63.656968
8.680494,139.061389,63.665024
8.680548,139.061389,63.725803
8.680601,139.061389,63.729248
8.680654,139.061389,63.777960
8.680715,139.061389,63.781248
8.680748,139.061389,63.782648
8.680784,139.061389,63.808416
8.680806,139.061389,63.823136
8.680856,139.061389,63.831023
8.680906,139.061389,63.831947
8.680958,139.061389,63.864328
8.680997,139.061389,63.867424
8.681050,139.061389,63.877466
8.681108,139.061389,63.894024
8.681154,139.061389,63.895176
8.681255,139.061389,63.897184
8.681296,139.061389,63.903181
8.681342,139.061389,63.923443
8.681388,139.061389,63.925803
8.681499,139.061389,63.945604
8.681556,139.061389,63.950657
8.681603,139.061389,63.959150
8.681645,139.061389,63.969227
8.681694,139.061389,63.990280
8.681746,139.061389,64.033438
8.681828,139.061389,64.067441
8.681879,139.061389,64.069288
8.681941,139.061389,64.071392
8.681976,139.061389,64.072782
8.682031,139.061389,64.082246
8.682083,139.061389,64.122067
8.682126,139.061389,64.125568
8.682183,139.061389,64.150710
8.682219,139.061389,64.164390
8.682265,139.061389,64.172683
8.682317,139.061389,64.177992
8.682374,139.061389,64.191434
8.682414,139.061389,64.226874
8.682452,139.061389,64.273931
8.682500,139.061389,64.276363
8.682548,139.061389,64.385011
8.682593,139.061389,64.393568
8.682629,139.061389,64.397024
8.682677,139.061389,64.403880
8.682709,139.061389,64.416056
8.682764,139.061389,64.419862
8.682798,139.061389,64.476224
8.682828,139.061389,64.491316
8.682878,139.061389,64.524840
8.682923,139.061389,64.548935
8.683021,139.061389,64.575046
8.683049,139.061389,64.577691
8.683098,139.061389,64.594024
8.683149,139.061389,64.616056
8.683321,139.061389,64.658152
8.683366,139.061389,64.688506
8.683417,139.061389,64.722408
8.683495,139.061389,64.761770
8.683548,139.061389,64.766432
8.683591,139.061389,64.782394
8.683650,139.061389,64.837994
8.683700,139.061389,64.866950
8.683758,139.061389,64.871524
8.683800,139.061389,64.878604
8.683853,139.061389,64.883680
8.683886,139.061389,64.883686
8.683909,139.061389,64.891528
8.683950,139.061389,64.936608
8.684010,139.061389,64.987104
8.684064,139.061389,64.995208
8.684110,139.061389,65.046501
8.684167,139.061389,65.082814
8.684235,139.061389,65.084826
8.684294,139.061389,65.090310
8.684340,139.061389,65.103912
8.684406,139.061389,65.124776
8.684453,139.061389,65.136794
8.684495,139.061389,65.153150
8.684613,139.061389,65.239563
8.684728,139.061389,65.239656
8.684775,139.061389,65.250760
8.684799,139.061389,65.255544
8.684851,139.061389,65.263222
8.684921,139.061389,65.263645
8.684980,139.061389,65.272581
8.685001,139.061389,65.328101
8.685024,139.061389,65.332928
8.685089,139.061389,65.349061
8.685121,139.061389,65.371301
8.685151,139.061389,65.381216
8.685199,139.061389,65.412552
8.685241,139.061389,65.450760
8.685276,139.061389,65.460534
8.685316,139.061389,65.508366
8.685358,139.061389,65.524497
8.685408,139.061389,65.555403
8.685459,139.061389,65.568180
8.685581,139.061389,65.569076
8.685612,139.061389,65.573931
8.685668,139.061389,65.595994
8.685716,139.061389,65.610056
8.685855,139.061389,65.675131
8.685908,139.061389,65.681672
8.686106,139.061389,65.717035
8.686174,139.061389,65.719264
8.686230,139.061389,65.745646
8.686283,139.061389,65.748360
8.686323,139.061389,65.759350
8.686379,139.061389,65.817448
8.686419,139.061389,65.822067
8.686464,139.061389,65.831915
8.686529,139.061389,65.874976
8.686575,139.061389,65.880973
8.686623,139.061389,65.900901
8.686653,139.061389,65.943400
8.686700,139.061389,65.963813
8.686751,139.061389,66.002632
8.686815,139.061389,66.049416
8.686875,139.061389,66.053028
8.686926,139.061389,66.056619
8.686960,139.061389,66.082446
8.687037,139.061389,66.094891
8.687076,139.061389,66.098910
8.687261,139.061389,66.153288
8.687318,139.061389,66.181464
8.687366,139.061389,66.187871
8.687429,139.061389,66.194624
8.687490,139.061389,66.219757
8.687549,139.061389,66.222312
8.687608,139.061389,66.247076
8.687677,139.061389,66.348026
8.687722,139.061389,66.377568
8.687747,139.061389,66.386454
8.687789,139.061389,66.449358
8.687835,139.061389,66.460378
8.687867,139.061389,66.464424
8.687994,139.061389,66.467569
8.688019,139.061389,66.473899
8.688076,139.061389,66.477960
8.688175,139.061389,66.491434
8.688226,139.061389,66.493504
8.688316,139.061389,66.497782
8.688362,139.061389,66.499851
8.688410,139.061389,66.548087
8.688551,139.061389,66.612235
8.688616,139.061389,66.628203
8.688678,139.061389,66.642955
8.688719,139.061389,66.643400
8.688805,139.061389,66.685270
8.688842,139.061389,66.696096
8.688868,139.061389,66.698516
8.688930,139.061389,66.705096
8.688992,139.061389,66.719165
8.689041,139.061389,66.724224
8.689101,139.061389,66.740769
8.689151,139.061389,66.750792
8.689199,139.061389,66.756872
8.689282,139.061389,66.759150
8.689469,139.061389,66.766606
8.689536,139.061389,66.777918
8.689638,139.061389,66.785964
8.689691,139.061389,66.815680
8.689732,139.061389,66.827019
8.689776,139.061389,66.856627
8.689823,139.061389,66.870388
8.689880,139.061389,66.926196
8.689941,139.061389,66.926278
8.690001,139.061389,66.928552
8.690047,139.061389,66.932832
8.690109,139.061389,66.933567
8.690306,139.061389,66.939572
8.690348,139.061389,66.955005
8.690402,139.061389,66.969227
8.690517,139.061389,67.019397
8.690570,139.061389,67.040627
8.690618,139.061389,67.056820
8.690711,139.061389,67.068741
8.690766,139.061389,67.092113
8.690816,139.061389,67.113791
8.690866,139.061389,67.118548
8.690905,139.061389,67.122067
8.690990,139.061389,67.129353
8.691041,139.061389,67.172996
8.691111,139.061389,67.173899
8.691174,139.061389,67.174784
8.691239,139.061389,67.193381
8.691301,139.061389,67.223627
8.691360,139.061389,67.259008
8.691397,139.061389,67.264036
8.691536,139.061389,67.266416
8.691585,139.061389,67.303962
8.691791,139.061389,67.313704
8.691839,139.061389,67.315564
8.691889,139.061389,67.325112
8.691962,139.061389,67.349512
8.692006,139.061389,67.371903
8.692117,139.061389,67.402600
8.692183,139.061389,67.456872
8.692230,139.061389,67.491316
8.692342,139.061389,67.499883
8.692439,139.061389,67.509857
8.692492,139.061389,67.522961
8.692548,139.061389,67.548997
8.692604,139.061389,67.549061
8.692639,139.061389,67.562894
8.692702,139.061389,67.576363
8.692774,139.061389,67.592266
8.692834,139.061389,67.595156
8.692893,139.061389,67.598341
8.692949,139.061389,67.612292
8.693065,139.061389,67.657803
8.693133,139.061389,67.680543
8.693218,139.061389,67.692526
8.693273,139.061389,67.740627
8.693319,139.061389,67.743295
8.693364,139.061389,67.779164
8.693426,139.061389,67.787974
8.693491,139.061389,67.796308
8.693537,139.061389,67.808314
8.693594,139.061389,67.817448
8.693759,139.061389,67.822440
8.693805,139.061389,67.823510
8.693864,139.061389,67.860574
8.693906,139.061389,67.913387
8.693965,139.061389,67.917526
8.694036,139.061389,67.919764
8.694082,139.061389,67.988586
8.694138,139.061389,68.008459
8.694183,139.061389,68.012478
8.694217,139.061389,68.019704
8.694323,139.061389,68.031947
8.694385,139.061389,68.043051
8.694428,139.061389,68.056416
8.694487,139.061389,68.099819
8.694541,139.061389,68.108366
8.694593,139.061389,68.149547
8.694653,139.061389,68.160838
8.694691,139.061389,68.186408
8.694741,139.061389,68.196428
8.694845,139.061389,68.204634
8.694902,139.061389,68.214817
8.694962,139.061389,68.221968
8.694991,139.061389,68.232797
8.695052,139.061389,68.239656
8.695102,139.061389,68.245713
8.695140,139.061389,68.251032
8.695212,139.061389,68.251828
8.695252,139.061389,68.286219
8.695315,139.061389,68.308822
8.695374,139.061389,68.312292
8.695419,139.061389,68.323307
8.695481,139.061389,68.328520
8.695526,139.061389,68.338472
8.695589,139.061389,68.375288
8.695648,139.061389,68.380100
8.695742,139.061389,68.388352
8.695804,139.061389,68.410525
8.695858,139.061389,68.425594
8.695916,139.061389,68.431686
8.695975,139.061389,68.449024
8.696015,139.061389,68.452736
8.696074,139.061389,68.466368
8.696115,139.061389,68.524771
8.696150,139.061389,68.526609
8.696207,139.061389,68.539268
8.696260,139.061389,68.562586
8.696322,139.061389,68.577587
8.696371,139.061389,68.590020
8.696482,139.061389,68.592314
8.696606,139.061389,68.592356
8.696646,139.061389,68.613307
8.696696,139.061389,68.617462
8.696739,139.061389,68.625828
8.696782,139.061389,68.629758
8.696823,139.061389,68.630798
8.696881,139.061389,68.630920
8.696948,139.061389,68.634313
8.697007,139.061389,68.640512
8.697097,139.061389,68.652907
8.697147,139.061389,68.654187
8.697207,139.061389,68.684736
8.697278,139.061389,68.688936
8.697330,139.061389,68.697120
8.697390,139.061389,68.704745
8.697435,139.061389,68.705084
8.697486,139.061389,68.722228
8.697539,139.061389,68.726874
8.697593,139.061389,68.729919
8.697660,139.061389,68.743368
8.697708,139.061389,68.743936
8.697771,139.061389,68.746464
8.697841,139.061389,68.748046
8.697880,139.061389,68.748360
8.697918,139.061389,68.757701
8.697968,139.061389,68.785352
8.698023,139.061389,68.785964
8.698079,139.061389,68.786494
8.698117,139.061389,68.807120
8.698172,139.061389,68.821914
8.698234,139.061389,68.823624
8.698290,139.061389,68.825705
8.698336,139.061389,68.839624
8.698413,139.061389,68.843446
8.698511,139.061389,68.845684
8.698567,139.061389,68.855656
8.698633,139.061389,68.866792
8.698688,139.061389,68.878656
8.698736,139.061389,68.881158
8.698778,139.061389,68.889833
8.698833,139.061389,68.926757
8.698953,139.061389,68.937993
8.699013,139.061389,68.955403
8.699074,139.061389,68.957835
8.699122,139.061389,68.958906
8.699186,139.061389,68.961286
8.699252,139.061389,68.978481
8.699307,139.061389,68.978624
8.699348,139.061389,68.985270
8.699409,139.061389,68.999956
8.699471,139.061389,69.003725
8.699530,139.061389,69.013348
8.699595,139.061389,69.030984
8.699644,139.061389,69.040840
8.699722,139.061389,69.051780
8.699790,139.061389,69.086676
8.699831,139.061389,69.089032
8.699884,139.061389,69.105014
8.699931,139.061389,69.122248
8.699998,139.061389,69.152040
8.700049,139.061389,69.155403
8.700093,139.061389,69.155802
8.700159,139.061389,69.163686
8.700222,139.061389,69.181464
8.700289,139.061389,69.184838
8.700345,139.061389,69.186382
8.700411,139.061389,69.214336
8.700476,139.061389,69.243400
8.700601,139.061389,69.249227
8.700660,139.061389,69.264392
8.700709,139.061389,69.271748
8.700798,139.061389,69.274271
8.700843,139.061389,69.276064
8.700911,139.061389,69.287301
8.700963,139.061389,69.289950
8.701027,139.061389,69.297232
8.701072,139.061389,69.301208
8.701131,139.061389,69.315564
8.701186,139.061389,69.352894
8.701259,139.061389,69.356619
8.701398,139.061389,69.371354
8.701459,139.061389,69.393536
8.701512,139.061389,69.406020
8.701674,139.061389,69.408256
8.701726,139.061389,69.421804
8.701797,139.061389,69.430988
8.701863,139.061389,69.431680
8.701932,139.061389,69.438305
8.702004,139.061389,69.444481
8.702058,139.061389,69.456357
8.702115,139.061389,69.490248
8.702179,139.061389,69.499851
8.702258,139.061389,69.517131
8.702334,139.061389,69.551748
8.702390,139.061389,69.555544
8.702456,139.061389,69.556840
8.702507,139.061389,69.586470
8.702572,139.061389,69.587871
8.702724,139.061389,69.598516
8.702803,139.061389,69.611973
8.702875,139.061389,69.612302
8.703017,139.061389,69.630512
8.703067,139.061389,69.666612
8.703133,139.061389,69.688317
8.703192,139.061389,69.693286
8.703251,139.061389,69.711044
8.703298,139.061389,69.712414
8.703345,139.061389,69.749544
8.703402,139.061389,69.807136
8.703444,139.061389,69.810694
8.703503,139.061389,69.836819
8.703560,139.061389,69.846798
8.703735,139.061389,69.849358
8.703795,139.061389,69.873876
8.703869,139.061389,69.873931
8.703932,139.061389,69.882336
8.703983,139.061389,69.902692
8.704063,139.061389,69.907496
8.704150,139.061389,69.926784
8.704197,139.061389,69.948454
8.704241,139.061389,69.951404
8.704311,139.061389,69.961280
8.704378,139.061389,69.985011
8.704435,139.061389,70.038016
8.704492,139.061389,70.065534
8.704566,139.061389,70.081722
8.704640,139.061389,70.108427
8.704694,139.061389,70.141573
8.704755,139.061389,70.143936
8.704822,139.061389,70.150792
8.704880,139.061389,70.190177
8.704982,139.061389,70.194024
8.705060,139.061389,70.195366
8.705102,139.061389,70.196110
8.705162,139.061389,70.197668
8.705242,139.061389,70.199456
8.705310,139.061389,70.217438
8.705378,139.061389,70.231552
8.705440,139.061389,70.254504
8.705532,139.061389,70.263815
8.705715,139.061389,70.266638
8.705849,139.061389,70.270148
8.705912,139.061389,70.298920
8.706112,139.061389,70.313358
8.706164,139.061389,70.313768
8.706230,139.061389,70.324812
8.706270,139.061389,70.326278
8.706334,139.061389,70.356908
8.706390,139.061389,70.357915
8.706461,139.061389,70.359498
8.706600,139.061389,70.364225
8.706663,139.061389,70.390280
8.706718,139.061389,70.419726
8.706772,139.061389,70.421797
8.706887,139.061389,70.433313
8.706973,139.061389,70.449576
8.707043,139.061389,70.464332
8.707112,139.061389,70.479164
8.707222,139.061389,70.494726
8.707266,139.061389,70.504747
8.707338,139.061389,70.512390
8.707382,139.061389,70.513791
8.707430,139.061389,70.539278
8.707537,139.061389,70.541811
8.707586,139.061389,70.547633
8.707649,139.061389,70.556840
8.707728,139.061389,70.573876
8.707785,139.061389,70.575546
8.707865,139.061389,70.579808
8.707943,139.061389,70.604480
8.708007,139.061389,70.630304
8.708151,139.061389,70.630934
8.708220,139.061389,70.639403
8.708291,139.061389,70.647840
8.708346,139.061389,70.697524
8.708403,139.061389,70.707496
8.708473,139.061389,70.739316
8.708556,139.061389,70.741892
8.708626,139.061389,70.752894
8.708700,139.061389,70.756576
8.708749,139.061389,70.791548
8.708870,139.061389,70.793962
8.708922,139.061389,70.809675
8.708979,139.061389,70.823243
8.709036,139.061389,70.828101
8.709070,139.061389,70.828612
8.709144,139.061389,70.848264
8.709192,139.061389,70.858152
8.709249,139.061389,70.863050
8.709320,139.061389,70.865576
8.709391,139.061389,70.873956
8.709446,139.061389,70.876133
8.709512,139.061389,70.882824
8.709567,139.061389,70.890399
8.709615,139.061389,70.893675
8.709701,139.061389,70.942880
8.709760,139.061389,70.946977
8.709846,139.061389,70.951397
8.709917,139.061389,70.951520
8.709966,139.061389,70.955397
8.710086,139.061389,70.968971
8.710207,139.061389,70.982394
8.710278,139.061389,70.985011
8.710363,139.061389,70.994024
8.710486,139.061389,71.003926
8.710550,139.061389,71.034347
8.710614,139.061389,71.034657
8.710754,139.061389,71.052828
8.710813,139.061389,71.089032
8.710897,139.061389,71.126111
8.710985,139.061389,71.128006
8.711050,139.061389,71.134080
8.711118,139.061389,71.140627
8.711194,139.061389,71.169984
8.711263,139.061389,71.180100
8.711456,139.061389,71.196068
8.711518,139.061389,71.197146
8.711582,139.061389,71.201320
8.711642,139.061389,71.224840
8.711696,139.061389,71.228620
8.711830,139.061389,71.239288
8.711893,139.061389,71.239371
8.711958,139.061389,71.248232
8.712019,139.061389,71.283835
8.712077,139.061389,71.291081
8.712136,139.061389,71.310560
8.712268,139.061389,71.357701
8.712311,139.061389,71.374072
8.712361,139.061389,71.375496
8.712415,139.061389,71.383520
8.712491,139.061389,71.385352
8.712582,139.061389,71.391674
8.712757,139.061389,71.399674
8.712811,139.061389,71.405014
8.759660,139.061389,66.632864
8.759722,139.061389,71.405014
8.761370,139.061389,71.243836
8.761508,139.061389,71.405014
8.811354,139.061389,70.935196
8.811415,139.061389,71.405014
8.958870,139.061389,66.387200
8.959155,139.061389,71.405014
8.961487,139.061389,70.238917
8.962164,139.061389,70.635205
8.962852,139.061389,71.405014
9.001248,139.061389,71.315359
9.001280,139.061389,71.405014
9.078368,139.061389,69.806821
9.078620,139.061389,71.405014
9.091279,139.061389,70.876128
9.091311,139.061389,71.405014
9.195470,139.061389,65.482336
9.195498,139.061389,71.405014
9.195776,139.061389,71.354914
9.195885,139.061389,71.405014
9.196145,139.061389,69.358746
9.196263,139.061389,70.362437
9.196502,139.061389,71.405014
9.443530,139.061389,71.422067
9.443595,139.061389,71.445248
9.443696,139.061389,71.448075
9.443808,139.061389,71.452875
9.443869,139.061389,71.456507
9.443913,139.061389,71.501466
9.443981,139.061389,71.519333
9.444032,139.061389,71.550141
9.444058,139.061389,71.565323
9.444106,139.061389,71.590206
9.444284,139.061389,71.593466
9.444353,139.061389,71.594597
9.444401,139.061389,71.659150
9.444439,139.061389,71.676557
9.444490,139.061389,71.708523
9.444586,139.061389,71.743936
9.444635,139.061389,71.749163
9.444673,139.061389,71.756715
9.444725,139.061389,71.761611
9.444786,139.061389,71.774184
9.444827,139.061389,71.782648
9.444898,139.061389,71.794726
9.444926,139.061389,71.841568
9.444986,139.061389,71.842056
9.445053,139.061389,71.863686
9.445111,139.061389,71.868864
9.445134,139.061389,71.894891
9.445182,139.061389,71.894955
9.445281,139.061389,71.896073
9.445317,139.061389,71.909552
9.445371,139.061389,71.948232
9.445432,139.061389,72.003153
9.445518,139.061389,72.024256
9.445610,139.061389,72.039560
9.445712,139.061389,72.041835
9.445787,139.061389,72.041965
9.445845,139.061389,72.042906
9.445866,139.061389,72.043019
9.445922,139.061389,72.047867
9.446002,139.061389,72.048933
9.446052,139.061389,72.060154
9.446114,139.061389,72.085824
9.446167,139.061389,72.107518
9.446222,139.061389,72.114304
9.446271,139.061389,72.124197
9.446319,139.061389,72.128488
9.446363,139.061389,72.175146
9.446409,139.061389,72.201198
9.446478,139.061389,72.203595
9.446540,139.061389,72.221866
9.446597,139.061389,72.249227
9.446661,139.061389,72.273536
9.446704,139.061389,72.276568
9.446772,139.061389,72.286219
9.446816,139.061389,72.299992
9.446870,139.061389,72.301208
9.447047,139.061389,72.315660
9.447106,139.061389,72.324326
9.447135,139.061389,72.343051
9.447185,139.061389,72.365004
9.447241,139.061389,72.372723
9.447304,139.061389,72.378795
9.447342,139.061389,72.393286
9.447390,139.061389,72.438171
9.447434,139.061389,72.469968
9.447491,139.061389,72.470536
9.447513,139.061389,72.471337
9.447561,139.061389,72.477960
9.447621,139.061389,72.493806
9.447731,139.061389,72.498856
9.447765,139.061389,72.541934
9.447820,139.061389,72.553856
9.447880,139.061389,72.574917
9.447933,139.061389,72.618186
9.447989,139.061389,72.625739
9.448034,139.061389,72.638067
9.448061,139.061389,72.643904
9.448114,139.061389,72.656968
9.448258,139.061389,72.696171
9.448297,139.061389,72.703662
9.448336,139.061389,72.708568
9.448424,139.061389,72.755355
9.448466,139.061389,72.842207
9.448518,139.061389,72.843338
9.448553,139.061389,72.866288
9.448614,139.061389,72.875022
9.448669,139.061389,72.875156
9.448723,139.061389,72.894604
9.448781,139.061389,72.928311
9.448843,139.061389,72.968939
9.448886,139.061389,72.977715
9.449032,139.061389,72.977878
9.449141,139.061389,72.982446
9.449178,139.061389,72.986454
9.449230,139.061389,72.993643
9.449303,139.061389,73.004208
9.449335,139.061389,73.018411
9.449403,139.061389,73.019249
9.449444,139.061389,73.020980
9.449563,139.061389,73.023375
9.449612,139.061389,73.023530
9.449662,139.061389,73.033438
9.449695,139.061389,73.053128
9.449747,139.061389,73.104517
9.449804,139.061389,73.113601
9.449858,139.061389,73.151659
9.449955,139.061389,73.155691
9.450018,139.061389,73.165368
9.450082,139.061389,73.197056
9.450141,139.061389,73.207316
9.450210,139.061389,73.215565
9.450265,139.061389,73.245604
9.450332,139.061389,73.277878
9.450373,139.061389,73.286355
9.450456,139.061389,73.313451
9.450553,139.061389,73.324320
9.450585,139.061389,73.356474
9.450641,139.061389,73.364091
9.450684,139.061389,73.364997
9.450741,139.061389,73.377898
9.450782,139.061389,73.381601
9.450888,139.061389,73.393652
9.450958,139.061389,73.407464
9.451028,139.061389,73.414321
9.451083,139.061389,73.415828
9.451160,139.061389,73.442046
9.451197,139.061389,73.452848
9.451231,139.061389,73.456627
9.451303,139.061389,73.482728
9.451350,139.061389,73.490294
9.451416,139.061389,73.528171
9.451474,139.061389,73.535976
9.451517,139.061389,73.551620
9.451562,139.061389,73.552746
9.451618,139.061389,73.556507
9.451667,139.061389,73.597184
9.451699,139.061389,73.607283
9.451849,139.061389,73.617131
9.451898,139.061389,73.622091
9.451939,139.061389,73.623443
9.451986,139.061389,73.626926
9.452029,139.061389,73.629582
9.452087,139.061389,73.638036
9.452135,139.061389,73.654976
9.452198,139.061389,73.677780
9.452257,139.061389,73.681275
9.452314,139.061389,73.684104
9.452433,139.061389,73.725664
9.452473,139.061389,73.726656
9.452623,139.061389,73.743153
9.452789,139.061389,73.750689
9.452861,139.061389,73.769224
9.452996,139.061389,73.806004
9.453093,139.061389,73.838057
9.453148,139.061389,73.851822
9.453210,139.061389,73.854231
9.453303,139.061389,73.872814
9.453384,139.061389,73.891528
9.453448,139.061389,73.894597
9.453506,139.061389,73.905824
9.453532,139.061389,73.906861
9.453586,139.061389,73.912374
9.453686,139.061389,73.917480
9.453758,139.061389,73.944267
9.453806,139.061389,73.944331
9.453861,139.061389,73.948945
9.453912,139.061389,73.952068
9.454060,139.061389,73.955291
9.454114,139.061389,73.981706
9.454162,139.061389,73.987752
9.454232,139.061389,74.007496
9.454306,139.061389,74.025700
9.454367,139.061389,74.039268
9.454417,139.061389,74.042726
9.454480,139.061389,74.082814
9.454532,139.061389,74.091211
9.454602,139.061389,74.091288
9.454654,139.061389,74.093568
9.454680,139.061389,74.138059
9.454731,139.061389,74.142886
9.454839,139.061389,74.171496
9.454876,139.061389,74.197569
9.454939,139.061389,74.199599
9.455000,139.061389,74.233172
9.455047,139.061389,74.239371
9.455123,139.061389,74.252640
9.455181,139.061389,74.263222
9.455238,139.061389,74.264018
9.455290,139.061389,74.292890
9.455355,139.061389,74.310090
9.455460,139.061389,74.319694
9.455542,139.061389,74.325901
9.455588,139.061389,74.333384
9.455637,139.061389,74.335731
9.455699,139.061389,74.341748
9.455739,139.061389,74.346894
9.455805,139.061389,74.366638
9.455871,139.061389,74.385011
9.455929,139.061389,74.408167
9.455988,139.061389,74.408523
9.456049,139.061389,74.416214
9.456093,139.061389,74.423624
9.456133,139.061389,74.454091
9.456188,139.061389,74.514431
9.456247,139.061389,74.533203
9.456294,139.061389,74.566396
9.456343,139.061389,74.572326
9.456402,139.061389,74.631783
9.456455,139.061389,74.642673
9.456509,139.061389,74.648945
9.456549,139.061389,74.666507
9.456600,139.061389,74.690099
9.456668,139.061389,74.707496
9.456779,139.061389,74.731924
9.456841,139.061389,74.739268
9.456941,139.061389,74.756715
9.457003,139.061389,74.772961
9.457142,139.061389,74.777742
9.457220,139.061389,74.781193
9.457278,139.061389,74.782240
9.457339,139.061389,74.817448
9.457378,139.061389,74.831915
9.457482,139.061389,74.834468
9.457530,139.061389,74.855380
9.457572,139.061389,74.861790
9.457630,139.061389,74.867389
9.457685,139.061389,74.869048
9.457737,139.061389,74.869841
9.457798,139.061389,74.875284
9.457875,139.061389,74.878830
9.457931,139.061389,74.894768
9.458060,139.061389,74.946633
9.458137,139.061389,74.956507
9.458275,139.061389,74.997387
9.458372,139.061389,75.002632
9.458469,139.061389,75.015817
9.458527,139.061389,75.027027
9.458636,139.061389,75.042720
9.458731,139.061389,75.066507
9.458796,139.061389,75.066638
9.458840,139.061389,75.076297
9.458898,139.061389,75.092427
9.458958,139.061389,75.106004
9.459114,139.061389,75.108523
9.459154,139.061389,75.110496
9.459214,139.061389,75.127240
9.459259,139.061389,75.128235
9.459326,139.061389,75.129041
9.459382,139.061389,75.131048
9.459463,139.061389,75.159092
9.459582,139.061389,75.174051
9.459652,139.061389,75.181082
9.459703,139.061389,75.182414
9.459802,139.061389,75.199819
9.459855,139.061389,75.223248
9.459902,139.061389,75.236010
9.459978,139.061389,75.266341
9.460016,139.061389,75.282500
9.460069,139.061389,75.325710
9.460121,139.061389,75.332934
9.460170,139.061389,75.334087
9.460233,139.061389,75.341748
9.460318,139.061389,75.342134
9.460370,139.061389,75.349544
9.460423,139.061389,75.362381
9.460483,139.061389,75.365576
9.460518,139.061389,75.372619
9.460569,139.061389,75.374924
9.460614,139.061389,75.383526
9.460654,139.061389,75.404721
9.460708,139.061389,75.440728
9.460777,139.061389,75.449195
9.460832,139.061389,75.451659
9.460912,139.061389,75.497782
9.460952,139.061389,75.507518
9.461023,139.061389,75.513387
9.461076,139.061389,75.554132
9.461131,139.061389,75.560504
9.461260,139.061389,75.572320
9.461325,139.061389,75.582507
9.461394,139.061389,75.618251
9.461462,139.061389,75.623496
9.461511,139.061389,75.640872
9.461563,139.061389,75.663119
9.461688,139.061389,75.667976
9.461742,139.061389,75.685011
9.461789,139.061389,75.705096
9.461837,139.061389,75.706184
9.461907,139.061389,75.740416
9.461941,139.061389,75.749267
9.461990,139.061389,75.757835
9.462050,139.061389,75.765236
9.462102,139.061389,75.766606
9.462166,139.061389,75.769174
9.462217,139.061389,75.795941
9.462256,139.061389,75.804655
9.462297,139.061389,75.843051
9.462354,139.061389,75.844584
9.462407,139.061389,75.856872
9.462457,139.061389,75.870388
9.462565,139.061389,75.871521
9.462678,139.061389,75.879977
9.462780,139.061389,75.881268
9.462900,139.061389,75.893552
9.462955,139.061389,75.916902
9.463048,139.061389,75.925870
9.463159,139.061389,75.925896
9.463285,139.061389,75.928552
9.463345,139.061389,75.937968
9.463377,139.061389,75.952947
9.463435,139.061389,75.964051
9.463492,139.061389,75.971688
9.463546,139.061389,75.981496
9.463664,139.061389,75.989899
9.463729,139.061389,76.027118
9.463788,139.061389,76.031924
9.463829,139.061389,76.049204
9.463887,139.061389,76.053160
9.463932,139.061389,76.062795
9.464003,139.061389,76.069028
9.464054,139.061389,76.070398
9.464121,139.061389,76.078865
9.464168,139.061389,76.098512
9.464277,139.061389,76.112548
9.464350,139.061389,76.127276
9.464397,139.061389,76.129353
9.464445,139.061389,76.131066
9.464520,139.061389,76.145736
9.464579,139.061389,76.152891
9.464624,139.061389,76.167798
9.464877,139.061389,76.208420
9.464940,139.061389,76.214667
9.465002,139.061389,76.218804
9.465151,139.061389,76.228283
9.465236,139.061389,76.251819
9.465302,139.061389,76.252684
9.465355,139.061389,76.264036
9.465452,139.061389,76.267668
9.465504,139.061389,76.277960
9.465542,139.061389,76.285249
9.465604,139.061389,76.290890
9.465672,139.061389,76.291496
9.465719,139.061389,76.308427
9.465769,139.061389,76.313451
9.465893,139.061389,76.313704
9.465969,139.061389,76.322909
9.466045,139.061389,76.327276
9.466109,139.061389,76.334281
9.466165,139.061389,76.338212
9.466221,139.061389,76.364072
9.466317,139.061389,76.366414
9.466387,139.061389,76.375115
9.466506,139.061389,76.382548
9.466567,139.061389,76.386292
9.466695,139.061389,76.392249
9.466804,139.061389,76.392372
9.466904,139.061389,76.407374
9.466970,139.061389,76.408611
9.467053,139.061389,76.419572
9.467098,139.061389,76.433438
9.467137,139.061389,76.448020
9.467179,139.061389,76.465236
9.467278,139.061389,76.469214
9.467332,139.061389,76.485302
9.467437,139.061389,76.493864
9.467492,139.061389,76.496447
9.467609,139.061389,76.497496
9.467666,139.061389,76.508427
9.467719,139.061389,76.521664
9.467785,139.061389,76.553132
9.467918,139.061389,76.558308
9.468083,139.061389,76.593896
9.468196,139.061389,76.594570
9.468258,139.061389,76.607393
9.468335,139.061389,76.608523
9.468469,139.061389,76.610931
9.468531,139.061389,76.620486
9.468601,139.061389,76.631016
9.468636,139.061389,76.671752
9.468701,139.061389,76.679932
9.468763,139.061389,76.682427
9.468826,139.061389,76.684971
9.468886,139.061389,76.687734
9.468974,139.061389,76.692526
9.469033,139.061389,76.720888
9.469111,139.061389,76.727124
9.469165,139.061389,76.767525
9.469347,139.061389,76.770504
9.469426,139.061389,76.778904
9.469587,139.061389,76.787531
9.469672,139.061389,76.796308
9.469736,139.061389,76.798491
9.469814,139.061389,76.808261
9.469864,139.061389,76.819472
9.469932,139.061389,76.839512
9.470055,139.061389,76.851816
9.470215,139.061389,76.860574
9.470278,139.061389,76.871628
9.470374,139.061389,76.890294
9.470514,139.061389,76.907081
9.470580,139.061389,76.917526
9.470658,139.061389,76.929376
9.470712,139.061389,76.939268
9.470854,139.061389,76.957844
9.470916,139.061389,76.959008
9.471018,139.061389,76.965267
9.471070,139.061389,76.996318
9.471147,139.061389,76.996374
9.471232,139.061389,77.007283
9.471308,139.061389,77.009996
9.471381,139.061389,77.013704
9.471425,139.061389,77.038468
9.471499,139.061389,77.042120
9.471545,139.061389,77.043051
9.471580,139.061389,77.053196
9.471685,139.061389,77.104756
9.471758,139.061389,77.122390
9.471897,139.061389,77.129353
9.471960,139.061389,77.144724
9.472032,139.061389,77.145328
9.472077,139.061389,77.152040
9.472113,139.061389,77.165126
9.472145,139.061389,77.174026
9.472193,139.061389,77.189956
9.472245,139.061389,77.198537
9.472305,139.061389,77.224459
9.472358,139.061389,77.234347
9.472403,139.061389,77.253196
9.472456,139.061389,77.266596
9.472509,139.061389,77.292334
9.472554,139.061389,77.326056
9.472632,139.061389,77.330910
9.472685,139.061389,77.334531
9.472735,139.061389,77.335627
9.472856,139.061389,77.363913
9.472912,139.061389,77.374072
9.473028,139.061389,77.434345
9.473125,139.061389,77.470091
9.473176,139.061389,77.482814
9.473223,139.061389,77.487531
9.473324,139.061389,77.533313
9.473448,139.061389,77.539268
9.473675,139.061389,77.539512
9.473719,139.061389,77.544160
9.473758,139.061389,77.589791
9.473878,139.061389,77.590136
9.474002,139.061389,77.599599
9.474065,139.061389,77.622241
9.474135,139.061389,77.633140
9.474177,139.061389,77.653044
9.474220,139.061389,77.725546
9.474276,139.061389,77.755656
9.474387,139.061389,77.765188
9.474518,139.061389,77.778945
9.474597,139.061389,77.785352
9.474638,139.061389,77.787692
9.474707,139.061389,77.792868
9.474774,139.061389,77.796110
9.474933,139.061389,77.812369
9.474979,139.061389,77.813286
9.475014,139.061389,77.818593
9.475060,139.061389,77.824712
9.475136,139.061389,77.827086
9.475202,139.061389,77.828456
9.475255,139.061389,77.828497
9.475403,139.061389,77.841811
9.475435,139.061389,77.847840
9.475474,139.061389,77.865193
9.475519,139.061389,77.866664
9.475572,139.061389,77.871344
9.475634,139.061389,77.876337
9.475677,139.061389,77.894513
9.475743,139.061389,77.908523
9.475868,139.061389,77.914431
9.475924,139.061389,77.922238
9.475981,139.061389,77.968971
9.476025,139.061389,77.977184
9.476100,139.061389,78.016901
9.476148,139.061389,78.017188
9.476240,139.061389,78.076297
9.476308,139.061389,78.077773
9.476383,139.061389,78.087585
9.476441,139.061389,78.089032
9.476489,139.061389,78.093942
9.476544,139.061389,78.113427
9.476589,139.061389,78.122036
9.476707,139.061389,78.139333
9.476754,139.061389,78.144331
9.476832,139.061389,78.149084
9.476894,139.061389,78.165291
9.477027,139.061389,78.166368
9.477076,139.061389,78.167630
9.477211,139.061389,78.186112
9.477374,139.061389,78.220878
9.477690,139.061389,78.251976
9.477788,139.061389,78.261547
9.477872,139.061389,78.271534
9.477956,139.061389,78.288747
9.478039,139.061389,78.320779
9.478143,139.061389,78.322410
9.478269,139.061389,78.345704
9.478422,139.061389,78.356950
9.478524,139.061389,78.373787
9.478614,139.061389,78.406020
9.478662,139.061389,78.421988
9.478836,139.061389,78.428148
9.478900,139.061389,78.444481
9.478953,139.061389,78.475017
9.479009,139.061389,78.492427
9.479076,139.061389,78.507120
9.479115,139.061389,78.514431
9.479229,139.061389,78.515767
9.479300,139.061389,78.525728
9.479377,139.061389,78.528447
9.479447,139.061389,78.546501
9.479506,139.061389,78.558874
9.479577,139.061389,78.565470
9.479640,139.061389,78.592427
9.479833,139.061389,78.624468
9.479959,139.061389,78.626764
9.480023,139.061389,78.634313
9.480194,139.061389,78.638171
9.480290,139.061389,78.656927
9.480459,139.061389,78.704745
9.480510,139.061389,78.704993
9.480578,139.061389,78.713612
9.480644,139.061389,78.721128
9.480702,139.061389,78.750632
9.480762,139.061389,78.754376
9.480823,139.061389,78.756808
9.480883,139.061389,78.764940
9.480944,139.061389,78.775147
9.481018,139.061389,78.780043
9.481103,139.061389,78.780328
9.481155,139.061389,78.786360
9.481455,139.061389,78.825648
9.481494,139.061389,78.825705
9.481630,139.061389,78.825739
9.481750,139.061389,78.828491
9.481895,139.061389,78.831718
9.481975,139.061389,78.834430
9.482046,139.061389,78.843904
9.482125,139.061389,78.844388
9.482321,139.061389,78.848088
9.482369,139.061389,78.860493
9.482441,139.061389,78.862554
9.482553,139.061389,78.889833
9.482671,139.061389,78.890308
9.482742,139.061389,78.908826
9.482817,139.061389,78.937993
9.482867,139.061389,78.939560
9.482936,139.061389,78.943108
9.482994,139.061389,79.002283
9.483071,139.061389,79.013672
9.483140,139.061389,79.029768
9.483199,139.061389,79.035456
9.483247,139.061389,79.042886
9.483292,139.061389,79.051620
9.483352,139.061389,79.063119
9.483457,139.061389,79.076299
9.483518,139.061389,79.094761
9.483672,139.061389,79.105096
9.483741,139.061389,79.112488
9.483784,139.061389,79.113672
9.483856,139.061389,79.123143
9.483941,139.061389,79.135768
9.484033,139.061389,79.146798
9.484172,139.061389,79.153224
9.484236,139.061389,79.163915
9.484412,139.061389,79.170476
9.484543,139.061389,79.172326
9.484647,139.061389,79.178724
9.484744,139.061389,79.187467
9.484811,139.061389,79.191008
9.484867,139.061389,79.197480
9.484935,139.061389,79.225803
9.485031,139.061389,79.263144
9.485071,139.061389,79.265323
9.485137,139.061389,79.267763
9.485270,139.061389,79.308680
9.485329,139.061389,79.329009
9.485481,139.061389,79.334345
9.485549,139.061389,79.334654
9.485596,139.061389,79.336704
9.485650,139.061389,79.355040
9.485787,139.061389,79.356596
9.485917,139.061389,79.370401
9.485967,139.061389,79.372723
9.486010,139.061389,79.372814
9.486095,139.061389,79.375115
9.486192,139.061389,79.383892
9.486263,139.061389,79.388560
9.486367,139.061389,79.400136
9.486466,139.061389,79.400937
9.486540,139.061389,79.401249
9.486609,139.061389,79.402340
9.486685,139.061389,79.404993
9.486733,139.061389,79.462731
9.486790,139.061389,79.465368
9.486876,139.061389,79.475125
9.486956,139.061389,79.480052
9.487018,139.061389,79.484980
9.487067,139.061389,79.494688
9.487128,139.061389,79.511994
9.487182,139.061389,79.513608
9.487254,139.061389,79.527118
9.487455,139.061389,79.541542
9.487528,139.061389,79.543904
9.487648,139.061389,79.550388
9.487733,139.061389,79.565056
9.487802,139.061389,79.638088
9.487897,139.061389,79.646480
9.487994,139.061389,79.672683
9.488097,139.061389,79.684971
9.488183,139.061389,79.694836
9.488384,139.061389,79.697524
9.488451,139.061389,79.699753
9.488544,139.061389,79.701067
9.488662,139.061389,79.701926
9.488767,139.061389,79.712928
9.488877,139.061389,79.713672
9.488962,139.061389,79.723184
9.489035,139.061389,79.741658
9.489153,139.061389,79.744206
9.489240,139.061389,79.751620
9.489309,139.061389,79.751768
9.489415,139.061389,79.758492
9.489506,139.061389,79.758906
9.489591,139.061389,79.776101
9.489651,139.061389,79.786413
9.489729,139.061389,79.800996
9.489790,139.061389,79.804676
9.489955,139.061389,79.817131
9.490154,139.061389,79.819693
9.490235,139.061389,77.533843
9.490284,139.061389,79.836819
9.490353,139.061389,79.851281
9.490439,139.061389,79.856507
9.490522,139.061389,79.865480
9.490591,139.061389,79.866411
9.490670,139.061389,79.896447
9.490805,139.061389,79.907482
9.490899,139.061389,79.926764
9.490951,139.061389,79.955688
9.491021,139.061389,79.962697
9.491104,139.061389,79.985011
9.491173,139.061389,80.003926
9.491234,139.061389,80.038408
9.491290,139.061389,80.039592
9.491356,139.061389,80.043051
9.491441,139.061389,80.061318
9.491510,139.061389,80.061688
9.491591,139.061389,80.062586
9.491666,139.061389,80.072718
9.491791,139.061389,80.072814
9.491924,139.061389,80.073504
9.492074,139.061389,80.078948
9.492138,139.061389,80.096396
9.492194,139.061389,80.101320
9.492327,139.061389,80.105884
9.492406,139.061389,80.118347
9.492480,139.061389,80.123374
9.492535,139.061389,80.124240
9.492621,139.061389,80.131991
9.492710,139.061389,80.136995
9.492775,139.061389,80.143318
9.492838,139.061389,80.146635
9.492940,139.061389,80.146830
9.493007,139.061389,80.172587
9.493079,139.061389,80.172619
9.493154,139.061389,80.174250
9.493336,139.061389,80.175400
9.493477,139.061389,80.196174
9.493673,139.061389,80.212059
9.493759,139.061389,80.221888
9.493829,139.061389,80.227032
9.493904,139.061389,80.236811
9.493979,139.061389,80.271337
9.494042,139.061389,80.279988
9.494118,139.061389,80.287531
9.494418,139.061389,80.298491
9.494608,139.061389,80.305883
9.494683,139.061389,80.318347
9.494776,139.061389,80.339512
9.494974,139.061389,80.347840
9.495050,139.061389,80.370219
9.495149,139.061389,80.373876
9.495257,139.061389,80.377297
9.495332,139.061389,80.394793
9.495407,139.061389,80.403433
9.495525,139.061389,80.405972
9.495609,139.061389,80.406084
9.495699,139.061389,80.417310
9.495764,139.061389,80.434323
9.495836,139.061389,80.444270
9.495952,139.061389,80.453038
9.496017,139.061389,80.456364
9.496068,139.061389,80.493896
9.496136,139.061389,80.499599
9.496209,139.061389,80.520560
9.496336,139.061389,80.525568
9.496428,139.061389,80.545697
9.496533,139.061389,80.572596
9.496620,139.061389,80.588833
9.496709,139.061389,80.615988
9.496768,139.061389,80.656426
9.496846,139.061389,80.659035
9.496924,139.061389,80.664222
9.496983,139.061389,80.685869
9.497060,139.061389,80.708523
9.497419,139.061389,80.710958
9.497569,139.061389,80.714635
9.497640,139.061389,80.732592
9.497699,139.061389,80.752828
9.497797,139.061389,80.753968
9.497846,139.061389,80.790030
9.497921,139.061389,80.792331
9.497975,139.061389,80.806004
9.498118,139.061389,80.814431
9.498174,139.061389,80.837993
9.498259,139.061389,80.841542
9.498321,139.061389,80.844344
9.498444,139.061389,80.854408
9.498828,139.061389,80.855285
9.513428,139.061389,79.824166
9.513465,139.061389,80.855285
9.513578,139.061389,79.839056
9.513721,139.061389,80.855285
9.599855,139.061389,78.963648
9.599918,139.061389,80.855285
9.619851,139.061389,78.082082
9.619880,139.061389,80.855285
9.703443,139.061389,78.101984
9.703501,139.061389,80.855285
9.704030,139.061389,80.203226
9.704090,139.061389,80.855285
9.704840,139.061389,71.503106
9.705167,139.061389,80.855285
9.711597,139.061389,78.024064
9.711626,139.061389,80.855285
9.722865,139.061389,79.895586
9.722922,139.061389,80.855285
9.723055,139.061389,77.600540
9.723110,139.061389,80.855285
9.723403,139.061389,73.298208
9.723467,139.061389,76.721637
9.723757,139.061389,80.855285
9.729625,139.061389,73.950016
9.729683,139.061389,80.855285
9.730150,139.061389,79.131398
9.730208,139.061389,80.855285
9.737300,139.061389,80.548674
9.737356,139.061389,80.855285
9.746110,139.061389,75.556224
9.746167,139.061389,80.855285
9.747225,139.061389,80.737606
9.747280,139.061389,80.855285
9.747337,139.061389,80.741266
9.747436,139.061389,80.855285
9.809526,139.061389,76.745248
9.809551,139.061389,80.855285
9.831893,139.061389,80.851302
9.832000,139.061389,80.855285
9.838962,139.061389,78.575965
9.838993,139.061389,80.855285
9.844820,139.061389,73.230242
9.844872,139.061389,80.855285
9.879848,139.061389,80.873908
9.879900,139.061389,80.904779
9.879993,139.061389,80.910931
9.880036,139.061389,80.931783
9.880075,139.061389,75.394568
9.880109,139.061389,77.595571
9.880137,139.061389,78.423955
9.880168,139.061389,78.553628
9.880191,139.061389,80.934386
9.880227,139.061389,80.625290
9.880254,139.061389,80.944145
9.880306,139.061389,81.000040
9.880375,139.061389,81.001856
9.880432,139.061389,81.021578
9.880465,139.061389,81.024564
9.880508,139.061389,81.062915
9.880554,139.061389,81.090136
9.880622,139.061389,81.162731
9.880674,139.061389,81.178618
9.880725,139.061389,81.192516
9.880793,139.061389,81.244267
9.880839,139.061389,81.291081
9.880941,139.061389,81.296139
9.881007,139.061389,81.306801
9.881059,139.061389,81.307374
9.881171,139.061389,81.347876
9.881322,139.061389,81.348150
9.881353,139.061389,81.349544
9.881373,139.061389,81.372723
9.881435,139.061389,81.378804
9.881517,139.061389,81.394932
9.881551,139.061389,81.421067
9.881689,139.061389,81.435515
9.881728,139.061389,81.471337
9.881767,139.061389,81.471475
9.881843,139.061389,81.486387
9.881885,139.061389,81.509627
9.881922,139.061389,81.544137
9.881978,139.061389,81.547867
9.882029,139.061389,81.556320
9.882066,139.061389,81.592096
9.882118,139.061389,81.596046
9.882165,139.061389,81.609675
9.882205,139.061389,75.132960
9.882233,139.061389,81.625889
9.882286,139.061389,81.639498
9.882353,139.061389,81.651485
9.882382,139.061389,81.664241
9.882447,139.061389,81.678968
9.882543,139.061389,81.722206
9.882646,139.061389,81.730603
9.882701,139.061389,81.741992
9.882755,139.061389,81.756808
9.882799,139.061389,81.762788
9.882845,139.061389,81.775024
9.882893,139.061389,81.776377
9.882952,139.061389,81.809541
9.882977,139.061389,81.825739
9.883019,139.061389,81.875076
9.883109,139.061389,81.896073
9.883145,139.061389,81.908305
9.883195,139.061389,81.925960
9.883239,139.061389,81.933163
9.883296,139.061389,81.949284
9.883338,139.061389,81.965227
9.883373,139.061389,81.972881
9.883408,139.061389,82.007092
9.883502,139.061389,82.049313
9.883552,139.061389,82.056555
9.883591,139.061389,75.579840
9.883618,139.061389,82.056927
9.883659,139.061389,82.060154
9.883734,139.061389,82.078827
9.883824,139.061389,82.099819
9.883875,139.061389,82.105968
9.883921,139.061389,82.118436
9.883964,139.061389,82.121696
9.884014,139.061389,82.130676
9.884064,139.061389,82.152952
9.884123,139.061389,82.191284
9.884171,139.061389,82.230830
9.884227,139.061389,82.244267
9.884291,139.061389,82.245417
9.884341,139.061389,82.313451
9.884397,139.061389,82.346987
9.884425,139.061389,82.361435
9.884460,139.061389,82.372723
9.884526,139.061389,82.378825
9.884574,139.061389,82.379979
9.884630,139.061389,82.382689
9.884737,139.061389,82.389892
9.884783,139.061389,82.395080
9.884823,139.061389,82.398603
9.884863,139.061389,82.407464
9.884914,139.061389,82.422067
9.885010,139.061389,82.448152
9.885034,139.061389,82.448264
9.885121,139.061389,82.456627
9.885150,139.061389,82.471337
9.885197,139.061389,82.477667
9.885323,139.061389,82.504634
9.885366,139.061389,82.540564
9.885454,139.061389,82.551620
9.885587,139.061389,82.552848
9.885629,139.061389,82.578697
9.885667,139.061389,82.584873
9.885715,139.061389,82.607283
9.885742,139.061389,82.613364
9.885887,139.061389,82.617131
9.885943,139.061389,82.622166
9.885981,139.061389,82.656523
9.886019,139.061389,72.469824
9.886047,139.061389,82.670296
9.886086,139.061389,79.531474
9.886113,139.061389,82.674072
9.886163,139.061389,82.678966
9.886214,139.061389,82.682728
9.886259,139.061389,82.692249
9.886292,139.061389,82.699753
9.886340,139.061389,82.702297
9.886380,139.061389,82.722027
9.886407,139.061389,82.749416
9.886434,139.061389,82.778697
9.886474,139.061389,82.805553
9.886519,139.061389,82.819497
9.886554,139.061389,82.820486
9.886603,139.061389,82.820952
9.886642,139.061389,82.834225
9.886676,139.061389,82.864110
9.886724,139.061389,82.872814
9.886770,139.061389,82.875204
9.886813,139.061389,82.892472
9.886875,139.061389,82.913151
9.886921,139.061389,82.919475
9.887028,139.061389,82.933012
9.887068,139.061389,82.963881
9.887104,139.061389,82.967180
9.887136,139.061389,82.977715
9.887279,139.061389,82.980075
9.887316,139.061389,82.982792
9.887344,139.061389,82.989835
9.887387,139.061389,83.009720
9.887443,139.061389,83.014888
9.887501,139.061389,83.027272
9.887612,139.061389,83.053991
9.887660,139.061389,83.073940
9.887704,139.061389,83.078872
9.887742,139.061389,77.654866
9.887771,139.061389,83.080296
9.887816,139.061389,83.083643
9.887858,139.061389,83.087403
9.887957,139.061389,83.146502
9.887984,139.061389,83.148004
9.888047,139.061389,83.170187
9.888133,139.061389,83.199599
9.888179,139.061389,83.238212
9.888225,139.061389,83.241811
9.888284,139.061389,83.268827
9.888320,139.061389,83.272772
9.888365,139.061389,83.286355
9.888454,139.061389,83.293662
9.888503,139.061389,83.321000
9.888542,139.061389,83.330568
9.888583,139.061389,83.333384
9.888619,139.061389,83.335763
9.888672,139.061389,83.339352
9.888727,139.061389,83.348019
9.888773,139.061389,83.350086
9.888820,139.061389,83.362697
9.888874,139.061389,83.374072
9.888929,139.061389,83.382547
9.888963,139.061389,83.382580
9.889001,139.061389,83.400942
9.889047,139.061389,83.409811
9.889118,139.061389,83.417131
9.889159,139.061389,83.421802
9.889198,139.061389,83.460216
9.889246,139.061389,83.481030
9.889292,139.061389,83.506036
9.889327,139.061389,83.507081
9.889373,139.061389,83.514431
9.889448,139.061389,83.534573
9.889506,139.061389,83.539284
9.889553,139.061389,83.567232
9.889604,139.061389,83.571371
9.889695,139.061389,83.599844
9.889735,139.061389,83.607283
9.889779,139.061389,83.634355
9.889810,139.061389,83.653038
9.889837,139.061389,83.655285
9.889912,139.061389,83.656627
9.889942,139.061389,83.695080
9.890038,139.061389,83.704617
9.890078,139.061389,83.712227
9.890127,139.061389,83.724468
9.890202,139.061389,83.741739
9.890260,139.061389,83.746872
9.890300,139.061389,83.753991
9.890342,139.061389,83.774924
9.890372,139.061389,83.792467
9.890397,139.061389,83.802129
9.890443,139.061389,82.321575
9.890474,139.061389,83.808347
9.890503,139.061389,83.838057
9.890591,139.061389,83.841811
9.890617,139.061389,83.852718
9.890710,139.061389,83.855688
9.890750,139.061389,83.873908
9.890857,139.061389,83.882178
9.890894,139.061389,83.887556
9.890953,139.061389,83.889791
9.890986,139.061389,83.889801
9.891021,139.061389,83.898580
9.891058,139.061389,83.907147
9.891097,139.061389,83.908712
9.891133,139.061389,83.931992
9.891226,139.061389,83.941803
9.891263,139.061389,83.948945
9.891316,139.061389,83.962543
9.891347,139.061389,83.981454
9.891393,139.061389,83.997230
9.891436,139.061389,83.997332
9.891474,139.061389,84.005931
9.891535,139.061389,84.013323
9.891579,139.061389,84.013672
9.891699,139.061389,84.019536
9.891741,139.061389,84.027027
9.891786,139.061389,84.039553
9.891832,139.061389,84.065188
9.891863,139.061389,84.136779
9.891901,139.061389,84.164328
9.891940,139.061389,84.167595
9.891982,139.061389,84.170079
9.892023,139.061389,84.185044
9.892083,139.061389,84.199599
9.892134,139.061389,84.222062
9.892193,139.061389,84.239288
9.892247,139.061389,84.253080
9.892383,139.061389,84.261832
9.892427,139.061389,84.262761
9.892478,139.061389,84.287784
9.892519,139.061389,84.308500
9.892565,139.061389,84.335731
9.892628,139.061389,84.389872
9.892736,139.061389,84.394888
9.892837,139.061389,84.460159
9.892896,139.061389,84.460493
9.892959,139.061389,84.466416
9.893001,139.061389,84.492398
9.893038,139.061389,84.507081
9.893118,139.061389,84.508363
9.893161,139.061389,84.509739
9.893286,139.061389,84.511983
9.893337,139.061389,84.514431
9.893390,139.061389,84.533203
9.893441,139.061389,84.538819
9.893493,139.061389,84.547928
9.893529,139.061389,84.549140
9.893651,139.061389,84.574102
9.893694,139.061389,84.578958
9.893726,139.061389,84.582547
9.893761,139.061389,84.588585
9.893804,139.061389,84.621000
9.893833,139.061389,84.625889
9.893935,139.061389,84.636816
9.893975,139.061389,84.638147
9.894019,139.061389,84.648945
9.894061,139.061389,84.650388
9.894102,139.061389,84.692427
9.894179,139.061389,84.705931
9.894215,139.061389,84.715812
9.894250,139.061389,84.718387
9.894277,139.061389,84.732943
9.894377,139.061389,84.734267
9.894414,139.061389,84.741992
9.894456,139.061389,84.757744
9.894513,139.061389,84.767731
9.894543,139.061389,84.771315
9.894598,139.061389,84.772723
9.894645,139.061389,84.781193
9.894740,139.061389,84.793928
9.894782,139.061389,84.813476
9.894812,139.061389,84.824500
9.894854,139.061389,84.828392
9.894901,139.061389,84.830432
9.894934,139.061389,84.862777
9.894969,139.061389,84.867723
9.895017,139.061389,84.886228
9.895101,139.061389,84.887598
9.895166,139.061389,84.888463
9.895200,139.061389,84.888583
9.895314,139.061389,84.899788
9.895369,139.061389,84.922166
9.895466,139.061389,84.929305
9.895500,139.061389,84.935483
9.895546,139.061389,84.939243
9.895592,139.061389,84.939278
9.895629,139.061389,84.945323
9.895736,139.061389,84.946633
9.895829,139.061389,84.956499
9.895882,139.061389,84.957780
9.895920,139.061389,84.960308
9.896012,139.061389,84.973759
9.896055,139.061389,84.999647
9.896113,139.061389,85.004785
9.896170,139.061389,85.015817
9.896211,139.061389,85.020381
9.896236,139.061389,85.022027
9.896270,139.061389,85.027027
9.896339,139.061389,85.036824
9.896391,139.061389,85.047886
9.896483,139.061389,85.062699
9.896525,139.061389,85.070398
9.896584,139.061389,85.075235
9.896626,139.061389,85.076297
9.896677,139.061389,85.083696
9.896723,139.061389,85.105968
9.896768,139.061389,85.109678
9.896825,139.061389,79.521712
9.896863,139.061389,79.781008
9.896896,139.061389,80.957500
9.896940,139.061389,85.120667
9.896983,139.061389,85.128201
9.897035,139.061389,85.139242
9.897082,139.061389,85.146608
9.897123,139.061389,85.160552
9.897217,139.061389,85.177439
9.897266,139.061389,85.216773
9.897331,139.061389,85.223275
9.897545,139.061389,85.230606
9.897632,139.061389,85.239352
9.897680,139.061389,85.248232
9.897728,139.061389,85.251392
9.897775,139.061389,85.262227
9.897811,139.061389,85.277878
9.897858,139.061389,85.278676
9.897903,139.061389,85.330591
9.897962,139.061389,85.334281
9.898046,139.061389,85.335334
9.898099,139.061389,85.335603
9.898200,139.061389,85.368843
9.898259,139.061389,85.374923
9.898353,139.061389,85.383564
9.898386,139.061389,85.385011
9.898444,139.061389,85.389743
9.898494,139.061389,85.402291
9.898529,139.061389,85.429353
9.898581,139.061389,85.433001
9.898637,139.061389,85.433416
9.898681,139.061389,85.435659
9.898726,139.061389,85.440464
9.898772,139.061389,85.447839
9.898806,139.061389,85.456886
9.898915,139.061389,85.475060
9.898951,139.061389,85.478715
9.899061,139.061389,85.487640
9.899106,139.061389,85.493864
9.899141,139.061389,85.499596
9.899169,139.061389,85.523345
9.899290,139.061389,85.536862
9.899384,139.061389,85.556558
9.899445,139.061389,79.968592
9.899484,139.061389,80.227888
9.899518,139.061389,81.404380
9.899561,139.061389,85.566396
9.899606,139.061389,85.578830
9.899722,139.061389,85.593579
9.899771,139.061389,85.614449
9.899801,139.061389,85.634468
9.899844,139.061389,85.646672
9.899911,139.061389,85.666516
9.900000,139.061389,85.667912
9.900049,139.061389,85.683664
9.900095,139.061389,85.697235
9.900160,139.061389,85.713608
9.900196,139.061389,85.719848
9.900254,139.061389,85.729476
9.900373,139.061389,85.730707
9.900446,139.061389,85.746373
9.900502,139.061389,85.758987
9.900547,139.061389,85.804655
9.900681,139.061389,85.813518
9.900716,139.061389,85.818331
9.900769,139.061389,85.819497
9.900821,139.061389,85.821988
9.900862,139.061389,85.879977
9.900952,139.061389,85.882419
9.901008,139.061389,85.896083
9.901139,139.061389,85.912896
9.901200,139.061389,85.913326
9.901276,139.061389,85.922024
9.901318,139.061389,85.930622
9.901404,139.061389,85.930705
9.901452,139.061389,85.945508
9.901499,139.061389,85.947979
9.901545,139.061389,85.952947
9.901597,139.061389,85.982500
9.901719,139.061389,85.992361
9.901827,139.061389,85.996318
9.901862,139.061389,86.005664
9.901911,139.061389,86.017131
9.901970,139.061389,86.023184
9.902017,139.061389,86.050281
9.902051,139.061389,86.052939
9.902120,139.061389,86.071412
9.902244,139.061389,86.073678
9.902354,139.061389,86.097244
9.902396,139.061389,86.111144
9.902433,139.061389,86.119534
9.902659,139.061389,86.129353
9.902746,139.061389,86.149195
9.902808,139.061389,86.156526
9.902852,139.061389,77.651206
9.902891,139.061389,86.157812
9.902940,139.061389,86.164328
9.902987,139.061389,86.168222
9.903034,139.061389,86.171403
9.903084,139.061389,86.174152
9.903122,139.061389,86.194868
9.903169,139.061389,86.263009
9.903215,139.061389,86.272814
9.903274,139.061389,86.277449
9.903327,139.061389,86.286139
9.903370,139.061389,86.298491
9.903470,139.061389,86.310931
9.903526,139.061389,86.312085
9.903580,139.061389,86.328211
9.903619,139.061389,86.334281
9.903675,139.061389,86.342996
9.903722,139.061389,86.359336
9.903755,139.061389,86.361425
9.903809,139.061389,86.361579
9.903844,139.061389,86.380052
9.903892,139.061389,86.392249
9.904002,139.061389,86.403427
9.904058,139.061389,86.448264
9.904091,139.061389,86.489835
9.904147,139.061389,86.496046
9.904203,139.061389,86.504814
9.904318,139.061389,86.512075
9.904375,139.061389,86.560388
9.904430,139.061389,86.564934
9.904480,139.061389,86.567557
9.904534,139.061389,86.570163
9.904589,139.061389,86.599599
9.904651,139.061389,86.606084
9.904686,139.061389,86.628037
9.904790,139.061389,86.654312
9.904855,139.061389,86.666271
9.904892,139.061389,86.667976
9.904923,139.061389,86.714617
9.904963,139.061389,86.732036
9.905077,139.061389,86.744095
9.905122,139.061389,86.752524
9.905177,139.061389,86.758905
9.905230,139.061389,86.762731
9.905286,139.061389,86.765480
9.905314,139.061389,86.767525
9.905436,139.061389,86.794793
9.905571,139.061389,86.795915
9.905673,139.061389,86.798090
9.905723,139.061389,86.810868
9.905770,139.061389,86.813451
9.905819,139.061389,86.822003
9.905876,139.061389,86.839246
9.905917,139.061389,82.087120
9.905952,139.061389,86.865073
9.906008,139.061389,86.878867
9.906042,139.061389,86.881087
9.906091,139.061389,86.894496
9.906149,139.061389,86.894778
9.906186,139.061389,86.905733
9.906228,139.061389,86.907081
9.906275,139.061389,86.910891
9.906325,139.061389,86.914431
9.906379,139.061389,86.914539
9.906412,139.061389,86.928211
9.906447,139.061389,86.939273
9.906502,139.061389,86.945459
9.906553,139.061389,86.965267
9.906592,139.061389,86.970116
9.906721,139.061389,86.978859
9.906795,139.061389,86.982468
9.906862,139.061389,87.008347
9.906920,139.061389,87.043051
9.907006,139.061389,87.054123
9.907075,139.061389,87.056922
9.907143,139.061389,87.061329
9.907185,139.061389,87.075115
9.907241,139.061389,87.113427
9.907287,139.061389,87.119470
9.907361,139.061389,87.120788
9.907414,139.061389,87.130516
9.907465,139.061389,87.139486
9.907605,139.061389,87.145662
9.907667,139.061389,87.160127
9.907715,139.061389,87.170286
9.907754,139.061389,87.191310
9.907798,139.061389,87.192403
9.907904,139.061389,87.196328
9.907933,139.061389,87.198537
9.907989,139.061389,87.212179
9.908024,139.061389,87.220878
9.908220,139.061389,87.233172
9.908316,139.061389,87.240484
9.908359,139.061389,87.248232
9.908451,139.061389,87.265188
9.908511,139.061389,87.282124
9.908563,139.061389,87.304364
9.908615,139.061389,87.305972
9.908666,139.061389,87.310634
9.908713,139.061389,87.315700
9.908773,139.061389,87.321032
9.908824,139.061389,87.329396
9.908874,139.061389,87.345704
9.908916,139.061389,87.348083
9.908955,139.061389,87.358889
9.909007,139.061389,87.362744
9.909066,139.061389,87.363913
9.909121,139.061389,87.384825
9.909174,139.061389,87.424096
9.909233,139.061389,87.425619
9.909301,139.061389,87.434345
9.909447,139.061389,87.435333
9.909491,139.061389,87.439010
9.909539,139.061389,87.444267
9.909574,139.061389,87.456479
9.909631,139.061389,87.467758
9.909729,139.061389,87.499796
9.909778,139.061389,87.501003
9.909891,139.061389,87.505931
9.910046,139.061389,87.522344
9.910091,139.061389,87.525700
9.910200,139.061389,87.541692
9.910249,139.061389,87.550295
9.910281,139.061389,87.557196
9.910335,139.061389,87.581316
9.910371,139.061389,87.586440
9.910421,139.061389,87.589791
9.910533,139.061389,87.593481
9.910587,139.061389,87.593896
9.910626,139.061389,87.599599
9.910681,139.061389,87.604773
9.910751,139.061389,87.604910
9.910829,139.061389,87.624468
9.910897,139.061389,87.644155
9.910944,139.061389,87.657956
9.910975,139.061389,87.662734
9.911078,139.061389,87.670015
9.911130,139.061389,87.688644
9.911163,139.061389,87.689727
9.911219,139.061389,87.693548
9.911273,139.061389,87.698516
9.911312,139.061389,87.715564
9.911347,139.061389,87.719595
9.911415,139.061389,87.732077
9.911485,139.061389,87.747923
9.911548,139.061389,87.749092
9.911613,139.061389,87.751309
9.911669,139.061389,87.767731
9.911709,139.061389,87.778916
9.911759,139.061389,87.790993
9.911806,139.061389,87.796328
9.911866,139.061389,87.797348
9.911919,139.061389,87.812180
9.912072,139.061389,87.826847
9.912194,139.061389,87.828392
9.912241,139.061389,87.833964
9.912297,139.061389,87.840393
9.912350,139.061389,87.841707
9.912417,139.061389,87.852827
9.912471,139.061389,87.865193
9.912521,139.061389,87.871379
9.912577,139.061389,87.888813
9.912637,139.061389,87.896036
9.912693,139.061389,87.898427
9.912737,139.061389,87.900656
9.912778,139.061389,87.902121
9.912826,139.061389,87.914431
9.912885,139.061389,87.934267
9.912940,139.061389,87.936868
9.913006,139.061389,87.988804
9.913064,139.061389,87.998670
9.913107,139.061389,88.001035
9.913208,139.061389,88.003403
9.913281,139.061389,88.008366
9.913338,139.061389,88.029353
9.913412,139.061389,88.044064
9.913455,139.061389,88.044180
9.913557,139.061389,88.045390
9.913602,139.061389,88.045633
9.913662,139.061389,88.050300
9.913711,139.061389,88.060095
9.913768,139.061389,67.631436
9.913823,139.061389,71.162277
9.913873,139.061389,77.335077
9.913919,139.061389,77.337346
9.913963,139.061389,77.941026
9.914009,139.061389,85.486626
9.914055,139.061389,86.596546
9.914098,139.061389,86.900178
9.914144,139.061389,88.070254
9.914329,139.061389,88.076297
9.914444,139.061389,88.083657
9.914499,139.061389,88.092427
9.914598,139.061389,88.105899
9.914704,139.061389,88.113427
9.914749,139.061389,88.118323
9.914791,139.061389,88.135333
9.914850,139.061389,88.146798
9.914931,139.061389,88.168878
9.915099,139.061389,88.170065
9.915159,139.061389,88.186219
9.915241,139.061389,88.191108
9.915296,139.061389,88.193531
9.915327,139.061389,88.210923
9.915374,139.061389,88.213704
9.915543,139.061389,88.214537
9.915608,139.061389,88.224345
9.915724,139.061389,88.231892
9.915790,139.061389,88.241620
9.915838,139.061389,88.246952
9.915879,139.061389,88.275973
9.915937,139.061389,88.281126
9.915975,139.061389,88.291092
9.916024,139.061389,88.322106
9.916075,139.061389,88.328456
9.916114,139.061389,88.335507
9.916156,139.061389,88.360339
9.916196,139.061389,88.362543
9.916246,139.061389,88.371339
9.916357,139.061389,88.372723
9.916543,139.061389,88.394534
9.916597,139.061389,88.397244
9.916653,139.061389,88.420740
9.916855,139.061389,88.423334
9.916915,139.061389,88.423489
9.916966,139.061389,88.448264
9.917025,139.061389,88.467588
9.917138,139.061389,88.470398
9.917194,139.061389,88.470433
9.917247,139.061389,88.471411
9.917292,139.061389,88.475017
9.917350,139.061389,88.492316
9.917388,139.061389,88.506152
9.917444,139.061389,88.507236
9.917527,139.061389,88.514431
9.917623,139.061389,88.519816
9.917662,139.061389,88.525212
9.917715,139.061389,88.539664
9.917762,139.061389,88.540808
9.917804,139.061389,88.550388
9.917853,139.061389,88.552671
9.917915,139.061389,88.571403
9.917958,139.061389,88.592299
9.918013,139.061389,88.640596
9.918065,139.061389,88.641673
9.918129,139.061389,88.646341
9.918188,139.061389,88.648129
9.918268,139.061389,88.651531
9.918330,139.061389,88.660179
9.918394,139.061389,88.662708
9.918453,139.061389,88.668610
9.918502,139.061389,88.675012
9.918550,139.061389,88.682680
9.918671,139.061389,88.687598
9.918711,139.061389,88.720868
9.918755,139.061389,88.722248
9.918795,139.061389,88.763952
9.918840,139.061389,88.767627
9.918884,139.061389,88.780051
9.918927,139.061389,88.802292
9.918984,139.061389,88.810726
9.919023,139.061389,88.830699
9.919068,139.061389,88.860288
9.919116,139.061389,88.862734
9.919211,139.061389,86.204380
9.919255,139.061389,87.691954
9.919291,139.061389,88.873680
9.919342,139.061389,88.873924
9.919388,139.061389,88.879537
9.919436,139.061389,88.891008
9.919479,139.061389,88.891123
9.919521,139.061389,88.892516
9.919575,139.061389,88.908762
9.919629,139.061389,88.926955
9.919673,139.061389,88.933051
9.919777,139.061389,88.934984
9.919826,139.061389,88.940476
9.919885,139.061389,88.949236
9.919934,139.061389,88.952524
9.919992,139.061389,88.955273
9.920048,139.061389,88.964209
9.920099,139.061389,88.967691
9.920145,139.061389,88.970100
9.920194,139.061389,88.976220
9.920242,139.061389,88.986123
9.920365,139.061389,88.991933
9.920424,139.061389,88.997502
9.920466,139.061389,89.001060
9.920522,139.061389,89.022125
9.920595,139.061389,89.027118
9.920690,139.061389,89.045390
9.920769,139.061389,89.051519
9.920892,139.061389,89.053025
9.920953,139.061389,89.072692
9.920998,139.061389,89.088560
9.921073,139.061389,89.092324
9.921125,139.061389,89.094761
9.921241,139.061389,89.095985
9.921300,139.061389,89.112139
9.921419,139.061389,89.119451
9.921459,139.061389,89.123251
9.921508,139.061389,89.129476
9.921583,139.061389,89.140457
9.921636,139.061389,89.172660
9.921682,139.061389,89.182281
9.921797,139.061389,89.187355
9.921847,139.061389,89.196174
9.921905,139.061389,89.216864
9.921948,139.061389,89.228068
9.922079,139.061389,89.230676
9.922191,139.061389,89.256300
9.922240,139.061389,89.257838
9.922303,139.061389,89.266404
9.922353,139.061389,89.272447
9.922415,139.061389,89.273664
9.922460,139.061389,89.277459
9.922526,139.061389,89.281120
9.922565,139.061389,89.298459
9.922652,139.061389,89.299409
9.922703,139.061389,89.299621
9.922760,139.061389,89.311633
9.922826,139.061389,89.323742
9.922887,139.061389,89.334345
9.922947,139.061389,89.346660
9.923055,139.061389,89.347613
9.923099,139.061389,89.360330
9.923168,139.061389,89.381864
9.923223,139.061389,89.400937
9.923272,139.061389,89.414571
9.923359,139.061389,89.429372
9.923432,139.061389,89.437963
9.923580,139.061389,89.438280
9.923636,139.061389,89.445321
9.923689,139.061389,89.448264
9.923758,139.061389,89.449097
9.923864,139.061389,89.456613
9.923906,139.061389,89.457568
9.923973,139.061389,89.458905
9.924032,139.061389,89.466452
9.924090,139.061389,89.476308
9.924151,139.061389,89.478591
9.924206,139.061389,89.495995
9.924262,139.061389,89.496276
9.924327,139.061389,89.503576
9.924392,139.061389,89.504397
9.924442,139.061389,89.510726
9.924487,139.061389,89.529353
9.924556,139.061389,89.562893
9.924632,139.061389,89.565067
9.924677,139.061389,89.570123
9.924741,139.061389,89.571289
9.924800,139.061389,89.571435
9.924845,139.061389,89.573924
9.924891,139.061389,89.577451
9.924950,139.061389,89.578836
9.925007,139.061389,89.583917
9.925064,139.061389,85.945189
9.925119,139.061389,89.584971
9.925181,139.061389,82.116642
9.925229,139.061389,82.774816
9.925271,139.061389,89.593896
9.925310,139.061389,89.594793
9.925362,139.061389,89.607283
9.925404,139.061389,89.616895
9.925463,139.061389,89.624134
9.925524,139.061389,89.625152
9.925583,139.061389,89.630756
9.925638,139.061389,89.633448
9.925692,139.061389,89.640476
9.925732,139.061389,89.652920
9.925791,139.061389,89.657739
9.925856,139.061389,89.662836
9.925995,139.061389,89.667722
9.926062,139.061389,89.667976
9.926366,139.061389,89.677439
9.926433,139.061389,89.680232
9.926482,139.061389,89.685502
9.926557,139.061389,89.692233
9.926611,139.061389,89.698342
9.926765,139.061389,89.699753
9.926819,139.061389,89.704559
9.926879,139.061389,89.705899
9.927026,139.061389,89.718347
9.927066,139.061389,89.741641
9.927119,139.061389,89.754376
9.927219,139.061389,89.765390
9.927270,139.061389,89.766542
9.927328,139.061389,89.770155
9.927426,139.061389,89.776398
9.927515,139.061389,89.781226
9.927574,139.061389,89.792249
9.927638,139.061389,89.792467
9.927675,139.061389,89.799659
9.927730,139.061389,89.810884
9.927833,139.061389,83.673469
9.927873,139.061389,89.812085
9.927929,139.061389,89.818436
9.927973,139.061389,89.851880
9.928022,139.061389,89.852875
9.928068,139.061389,89.856357
9.928105,139.061389,89.877633
9.928171,139.061389,82.696997
9.928214,139.061389,89.893547
9.928277,139.061389,89.896020
9.928339,139.061389,89.921888
9.928385,139.061389,89.923422
9.928427,139.061389,89.926980
9.928537,139.061389,89.928211
9.928589,139.061389,89.936824
9.928650,139.061389,89.971310
9.928705,139.061389,85.815346
9.928749,139.061389,89.977439
9.928804,139.061389,89.986079
9.928862,139.061389,90.001288
9.928902,139.061389,90.031851
9.928967,139.061389,82.563522
9.929014,139.061389,83.221696
9.929055,139.061389,90.054123
9.929126,139.061389,90.083689
9.929189,139.061389,81.627490
9.929232,139.061389,90.100895
9.929290,139.061389,90.109535
9.929429,139.061389,90.110783
9.929480,139.061389,90.113275
9.929550,139.061389,90.113323
9.929620,139.061389,90.142932
9.929677,139.061389,90.180058
9.929730,139.061389,90.189791
9.929787,139.061389,90.199785
9.929893,139.061389,90.206216
9.929936,139.061389,90.224379
9.929991,139.061389,90.247521
9.930044,139.061389,90.272580
9.930162,139.061389,90.323251
9.930212,139.061389,90.324459
9.930270,139.061389,90.339243
9.930320,139.061389,90.350295
9.930387,139.061389,90.355316
9.930445,139.061389,90.359076
9.930494,139.061389,90.371656
9.930541,139.061389,90.373988
9.930623,139.061389,90.375017
9.930677,139.061389,90.377556
9.930788,139.061389,90.378633
9.930843,139.061389,90.382533
9.930884,139.061389,90.409720
9.930947,139.061389,90.429496
9.930988,139.061389,90.434323
9.931040,139.061389,90.436907
9.931078,139.061389,90.445890
9.931143,139.061389,90.447453
9.931197,139.061389,90.460191
9.931244,139.061389,90.465236
9.931304,139.061389,90.466404
9.931411,139.061389,90.477809
9.931479,139.061389,90.482484
9.931539,139.061389,90.499599
9.931594,139.061389,90.504756
9.931684,139.061389,90.510720
9.931725,139.061389,90.512019
9.931859,139.061389,90.512371
9.931907,139.061389,90.514576
9.931957,139.061389,90.519816
9.932001,139.061389,90.531360
9.932067,139.061389,90.533203
9.932112,139.061389,90.543051
9.932208,139.061389,90.544260
9.932252,139.061389,90.570163
9.932298,139.061389,90.572708
9.932351,139.061389,90.583659
9.932408,139.061389,90.593896
9.932451,139.061389,90.594952
9.932502,139.061389,90.620878
9.932563,139.061389,90.627760
9.932606,139.061389,90.631819
9.932657,139.061389,80.865890
9.932700,139.061389,90.644267
9.932744,139.061389,90.650420
9.932799,139.061389,90.651588
9.932837,139.061389,90.688644
9.933020,139.061389,90.696075
9.933125,139.061389,78.719264
9.933167,139.061389,90.703133
9.933213,139.061389,90.709720
9.933273,139.061389,90.710868
9.933319,139.061389,90.718387
9.933360,139.061389,90.734159
9.933413,139.061389,90.737294
9.933468,139.061389,90.740351
9.933521,139.061389,90.742963
9.933570,139.061389,90.744356
9.933618,139.061389,90.750018
9.933658,139.061389,90.757803
9.933703,139.061389,90.775220
9.933760,139.061389,90.778556
9.933829,139.061389,90.793180
9.933883,139.061389,90.798532
9.933930,139.061389,90.810509
9.933974,139.061389,90.814431
9.934029,139.061389,90.824430
9.934151,139.061389,90.825440
9.934199,139.061389,90.837945
9.934254,139.061389,90.837993
9.934379,139.061389,90.851302
9.934440,139.061389,90.851668
9.934508,139.061389,90.861027
9.934564,139.061389,90.876357
9.934624,139.061389,90.876494
9.934671,139.061389,90.886047
9.934789,139.061389,90.896036
9.934850,139.061389,90.903359
9.934893,139.061389,90.927942
9.934996,139.061389,90.949236
9.935053,139.061389,90.981275
9.935122,139.061389,90.981316
9.935168,139.061389,90.989791
9.935232,139.061389,90.994604
9.935272,139.061389,91.004773
9.935329,139.061389,91.026815
9.935369,139.061389,91.027027
9.935428,139.061389,91.039195
9.935483,139.061389,91.039243
9.935533,139.061389,80.852544
9.935577,139.061389,91.047271
9.935638,139.061389,91.057583
9.935683,139.061389,91.062502
9.935767,139.061389,91.068741
9.935852,139.061389,91.073783
9.935926,139.061389,91.076165
9.935989,139.061389,91.103264
9.936042,139.061389,91.107374
9.936146,139.061389,91.108425
9.936210,139.061389,91.129248
9.936260,139.061389,91.141567
9.936377,139.061389,91.160308
9.936426,139.061389,83.342626
9.936469,139.061389,91.166500
9.936509,139.061389,91.204723
9.936557,139.061389,91.207400
9.936611,139.061389,91.208363
9.936660,139.061389,91.208648
9.936713,139.061389,91.219467
9.936783,139.061389,91.233172
9.936825,139.061389,91.240060
9.936881,139.061389,91.277353
9.936937,139.061389,90.660752
9.936976,139.061389,91.278540
9.937029,139.061389,91.283764
9.937074,139.061389,91.297528
9.937207,139.061389,91.300937
9.937265,139.061389,91.318292
9.937322,139.061389,91.328148
9.937370,139.061389,91.333352
9.937416,139.061389,91.335640
9.937479,139.061389,91.336814
9.937547,139.061389,91.345428
9.937609,139.061389,91.347883
9.937721,139.061389,91.372723
9.937866,139.061389,91.376191
9.937934,139.061389,91.391156
9.937981,139.061389,91.392267
9.938056,139.061389,91.429353
9.938123,139.061389,91.434894
9.938176,139.061389,91.460440
9.938243,139.061389,91.461518
9.938302,139.061389,91.470180
9.938352,139.061389,91.471337
9.938406,139.061389,91.481087
9.938541,139.061389,91.493515
9.938603,139.061389,91.501083
9.938659,139.061389,91.503133
9.938710,139.061389,91.534080
9.938756,139.061389,91.546667
9.938884,139.061389,91.562744
9.938951,139.061389,84.067312
9.938998,139.061389,91.576340
9.939039,139.061389,91.584976
9.939106,139.061389,91.592299
9.939180,139.061389,91.600889
9.939247,139.061389,91.606216
9.939348,139.061389,91.614564
9.939393,139.061389,91.633076
9.939453,139.061389,91.654126
9.939523,139.061389,91.667659
9.939573,139.061389,91.667873
9.939641,139.061389,91.686522
9.939708,139.061389,91.689852
9.939773,139.061389,91.701140
9.939848,139.061389,91.712369
9.960765,139.061389,91.516322
9.960923,139.061389,91.712369
9.962552,139.061389,85.295330
9.962607,139.061389,91.712369
9.963104,139.061389,90.086802
9.963161,139.061389,91.712369
9.963755,139.061389,82.965916
9.964215,139.061389,91.712369
9.983258,139.061389,91.715771
9.987131,139.061389,86.419219
9.987293,139.061389,91.715771
9.987380,139.061389,82.782085
9.987591,139.061389,91.715771
9.987941,139.061389,88.550013
9.987962,139.061389,91.715771
9.988012,139.061389,88.969725
9.988095,139.061389,91.715771
9.997103,139.061389,80.548674
9.997209,139.061389,89.807874
9.997254,139.061389,91.715771
10.013518,139.061389,90.293159
10.013586,139.061389,91.715771
10.023132,139.061389,83.874684
10.023221,139.061389,91.715771
10.027708,139.061389,91.503027
10.027729,139.061389,91.715771
10.028285,139.061389,91.198047
10.028377,139.061389,91.715771
10.047953,139.061389,91.316194
10.047981,139.061389,91.715771
10.053935,139.061389,85.399298
10.054008,139.061389,91.715771
10.055260,139.061389,85.810210
10.055363,139.061389,91.715771
10.055989,139.061389,89.190434
10.056186,139.061389,91.715771
10.056655,139.061389,86.067122
10.056847,139.061389,86.670802
10.057144,139.061389,91.715771
10.057591,139.061389,79.200604
10.058518,139.061389,91.715771
10.063463,139.061389,85.183100
10.063986,139.061389,91.715771
10.064488,139.061389,78.494373
10.065456,139.061389,91.185500
10.065746,139.061389,91.715771
10.066273,139.061389,90.232710
10.066293,139.061389,91.715771
10.066926,139.061389,89.927730
10.067016,139.061389,91.715771
10.073321,139.061389,86.529078
10.073419,139.061389,91.715771
10.079982,139.061389,83.083324
10.080094,139.061389,91.581906
10.080119,139.061389,91.715771
10.080424,139.061389,88.500677
10.080623,139.061389,91.715771
10.085113,139.061389,90.955868
10.085284,139.061389,91.715771
10.085692,139.061389,83.132290
10.085820,139.061389,91.715771
10.086179,139.061389,91.085522
10.086282,139.061389,91.715771
10.088163,139.061389,88.787036
10.088206,139.061389,91.715771
10.089169,139.061389,86.082198
10.089258,139.061389,91.715771
10.107256,139.061389,88.689510
10.107289,139.061389,91.715771
10.107962,139.061389,88.384530
10.108066,139.061389,91.715771
10.114796,139.061389,91.383325
10.114829,139.061389,91.715771
10.115816,139.061389,86.037586
10.115923,139.061389,91.715771
10.120762,139.061389,90.979654
10.120787,139.061389,91.715771
10.125722,139.061389,77.654866
10.125813,139.061389,86.914066
10.125851,139.061389,91.715771
10.126090,139.061389,85.815346
10.126171,139.061389,87.887004
10.126251,139.061389,91.715771
10.131012,139.061389,86.731484
10.131062,139.061389,91.715771
10.134196,139.061389,91.586978
10.134222,139.061389,91.715771
10.154939,139.061389,85.116742
10.154970,139.061389,91.715771
10.156796,139.061389,90.624002
10.156826,139.061389,91.715771
10.157867,139.061389,90.941218
10.157896,139.061389,91.715771
10.157964,139.061389,90.315362
10.158057,139.061389,91.715771
10.162713,139.061389,86.654976
10.162730,139.061389,91.715771
10.164109,139.061389,88.330256
10.164194,139.061389,91.715771
10.166933,139.061389,88.931394
10.166972,139.061389,91.715771
10.173424,139.061389,84.234032
10.173537,139.061389,91.715771
10.173946,139.061389,90.978428
10.174052,139.061389,91.715771
10.179491,139.061389,91.719531
10.179577,139.061389,91.749108
10.179659,139.061389,91.763865
10.179752,139.061389,91.771512
10.179847,139.061389,91.778747
10.179898,139.061389,91.809521
10.179955,139.061389,91.829451
10.179977,139.061389,91.857771
10.180010,139.061389,91.859682
10.180052,139.061389,91.884980
10.180075,139.061389,91.889835
10.180125,139.061389,91.930285
10.180146,139.061389,91.941848
10.180187,139.061389,83.787152
10.180217,139.061389,91.954094
10.180289,139.061389,91.985454
10.180331,139.061389,91.987371
10.180391,139.061389,91.997888
10.180437,139.061389,92.005425
10.180476,139.061389,92.024494
10.180510,139.061389,92.075368
10.180534,139.061389,92.087403
10.180592,139.061389,92.139268
10.180729,139.061389,92.178659
10.180770,139.061389,92.204634
10.180812,139.061389,92.214667
10.180834,139.061389,92.224930
10.180870,139.061389,92.225828
10.180895,139.061389,92.230591
10.180937,139.061389,92.245417
10.181034,139.061389,92.344228
10.181081,139.061389,92.351659
10.181112,139.061389,92.377396
10.181168,139.061389,92.378825
10.181220,139.061389,92.383619
10.181311,139.061389,92.387438
10.181358,139.061389,92.400783
10.181386,139.061389,92.405899
10.181427,139.061389,92.414580
10.181451,139.061389,92.419435
10.181484,139.061389,92.437521
10.181529,139.061389,92.439221
10.181572,139.061389,92.449235
10.181652,139.061389,92.464991
10.181677,139.061389,92.465236
10.181761,139.061389,92.483264
10.181809,139.061389,92.503729
10.181850,139.061389,92.504814
10.181892,139.061389,92.534379
10.181949,139.061389,92.578697
10.181995,139.061389,92.584873
10.182088,139.061389,92.599593
10.182126,139.061389,92.602111
10.182204,139.061389,92.624357
10.182253,139.061389,92.626793
10.182294,139.061389,92.645451
10.182332,139.061389,92.655285
10.182377,139.061389,92.682605
10.182413,139.061389,92.692249
10.182450,139.061389,92.699753
10.182537,139.061389,92.730644
10.182593,139.061389,92.735441
10.182662,139.061389,92.747807
10.182712,139.061389,92.768907
10.182746,139.061389,92.788636
10.182792,139.061389,92.813358
10.182824,139.061389,92.815755
10.182904,139.061389,92.819497
10.182942,139.061389,92.842900
10.182984,139.061389,92.845428
10.183006,139.061389,92.855275
10.183059,139.061389,92.900895
10.183096,139.061389,92.910868
10.183178,139.061389,92.913151
10.183224,139.061389,92.913291
10.183254,139.061389,92.915755
10.183312,139.061389,92.924345
10.183346,139.061389,92.945656
10.183368,139.061389,92.961476
10.183415,139.061389,92.983668
10.183450,139.061389,92.992495
10.183484,139.061389,92.998612
10.183583,139.061389,93.000927
10.183620,139.061389,93.006072
10.183663,139.061389,93.013323
10.183690,139.061389,93.013672
10.183728,139.061389,93.033076
10.183779,139.061389,84.061088
10.183809,139.061389,88.986970
10.183844,139.061389,93.039315
10.183899,139.061389,93.041828
10.183989,139.061389,93.060399
10.184025,139.061389,93.065188
10.184053,139.061389,93.098367
10.184089,139.061389,93.105855
10.184177,139.061389,93.118175
10.184242,139.061389,93.129348
10.184337,139.061389,93.134510
10.184362,139.061389,93.136779
10.184385,139.061389,93.139221
10.184409,139.061389,93.177540
10.184443,139.061389,93.185192
10.184469,139.061389,93.191256
10.184506,139.061389,93.199599
10.184596,139.061389,93.217043
10.184662,139.061389,93.218270
10.184697,139.061389,93.222003
10.184728,139.061389,93.233172
10.184783,139.061389,93.241811
10.184848,139.061389,93.247793
10.184909,139.061389,93.262731
10.185014,139.061389,93.270148
10.185064,139.061389,93.303316
10.185105,139.061389,87.399202
10.185134,139.061389,93.311608
10.185163,139.061389,93.321171
10.185193,139.061389,93.338104
10.185242,139.061389,93.339268
10.185292,139.061389,93.348019
10.185395,139.061389,93.396147
10.185444,139.061389,93.400942
10.185491,139.061389,93.414373
10.185515,139.061389,93.426825
10.185554,139.061389,93.439179
10.185601,139.061389,93.452891
10.185646,139.061389,93.462543
10.185694,139.061389,93.476101
10.185738,139.061389,93.481030
10.185817,139.061389,93.484527
10.185855,139.061389,93.493465
10.185905,139.061389,93.514431
10.186003,139.061389,93.559041
10.186063,139.061389,93.570163
10.186093,139.061389,93.571371
10.186134,139.061389,83.508128
10.186164,139.061389,93.580058
10.186191,139.061389,93.588585
10.186230,139.061389,93.608641
10.186277,139.061389,93.622062
10.186337,139.061389,93.648945
10.186361,139.061389,93.658905
10.186396,139.061389,93.677419
10.186454,139.061389,93.694827
10.186490,139.061389,93.703359
10.186533,139.061389,93.735455
10.186593,139.061389,93.741675
10.186629,139.061389,93.783564
10.186650,139.061389,93.826815
10.186685,139.061389,93.849134
10.186730,139.061389,93.857801
10.186776,139.061389,93.867537
10.186827,139.061389,93.883694
10.186872,139.061389,93.887396
10.186910,139.061389,85.714278
10.186940,139.061389,92.161190
10.186967,139.061389,93.889791
10.187038,139.061389,93.897161
10.187132,139.061389,93.909588
10.187170,139.061389,93.917281
10.187202,139.061389,90.306611
10.187228,139.061389,93.921947
10.187261,139.061389,93.931992
10.187300,139.061389,88.693170
10.187329,139.061389,93.939089
10.187361,139.061389,93.943973
10.187385,139.061389,93.955900
10.187424,139.061389,93.962543
10.187459,139.061389,93.999593
10.187519,139.061389,94.005701
10.187546,139.061389,94.020634
10.187576,139.061389,94.026793
10.187625,139.061389,94.030519
10.187666,139.061389,94.040737
10.187696,139.061389,94.077668
10.187724,139.061389,94.113301
10.187767,139.061389,94.117176
10.187804,139.061389,94.123115
10.187839,139.061389,94.125643
10.187900,139.061389,94.130644
10.187949,139.061389,94.142963
10.188081,139.061389,94.149462
10.188107,139.061389,94.157838
10.188167,139.061389,94.170079
10.188216,139.061389,94.173713
10.188255,139.061389,94.173787
10.188279,139.061389,94.177439
10.188315,139.061389,94.180011
10.188369,139.061389,94.188651
10.188414,139.061389,94.194757
10.188459,139.061389,94.233172
10.188506,139.061389,94.236649
10.188555,139.061389,94.248232
10.188583,139.061389,94.262761
10.188638,139.061389,94.265188
10.188666,139.061389,94.268884
10.188704,139.061389,94.270254
10.188795,139.061389,94.276388
10.188834,139.061389,94.280058
10.188873,139.061389,94.289852
10.188919,139.061389,94.293449
10.188976,139.061389,94.312107
10.189011,139.061389,94.328702
10.189049,139.061389,94.335529
10.189113,139.061389,94.335603
10.189162,139.061389,94.345486
10.189213,139.061389,94.352745
10.189256,139.061389,94.361585
10.189291,139.061389,94.375714
10.189331,139.061389,94.379399
10.189365,139.061389,94.418356
10.189403,139.061389,94.425807
10.189449,139.061389,94.431697
10.189489,139.061389,94.433416
10.189511,139.061389,94.449724
10.189553,139.061389,94.455316
10.189582,139.061389,94.460159
10.189647,139.061389,94.496083
10.189731,139.061389,94.511983
10.189779,139.061389,94.514505
10.189807,139.061389,94.522124
10.189900,139.061389,94.524388
10.190042,139.061389,94.525653
10.190085,139.061389,94.533131
10.190114,139.061389,94.541910
10.190153,139.061389,94.547982
10.190186,139.061389,94.549097
10.190265,139.061389,94.556726
10.190305,139.061389,94.578830
10.190370,139.061389,94.585028
10.190476,139.061389,94.586251
10.190594,139.061389,94.587281
10.190620,139.061389,94.588585
10.190675,139.061389,94.593423
10.190716,139.061389,94.594763
10.190780,139.061389,94.598277
10.190823,139.061389,94.603339
10.190865,139.061389,94.624361
10.190955,139.061389,94.636779
10.191015,139.061389,94.637442
10.191054,139.061389,94.641712
10.191091,139.061389,94.643973
10.191117,139.061389,94.664209
10.191155,139.061389,94.681267
10.191226,139.061389,94.693584
10.191264,139.061389,94.693668
10.191311,139.061389,94.701164
10.191451,139.061389,94.705610
10.191486,139.061389,94.732943
10.191579,139.061389,94.772723
10.191628,139.061389,94.778801
10.191665,139.061389,94.810900
10.191691,139.061389,94.822594
10.191732,139.061389,94.826279
10.191769,139.061389,94.866507
10.191797,139.061389,94.871337
10.191841,139.061389,94.884980
10.192071,139.061389,94.888463
10.192108,139.061389,94.888644
10.192290,139.061389,94.906061
10.192342,139.061389,88.180933
10.192384,139.061389,90.829064
10.192462,139.061389,91.096755
10.192492,139.061389,94.925513
10.192526,139.061389,94.929305
10.192562,139.061389,94.929400
10.192618,139.061389,94.940513
10.192650,139.061389,94.946554
10.192687,139.061389,94.952713
10.192714,139.061389,94.956439
10.192743,139.061389,94.971380
10.192787,139.061389,94.973759
10.192871,139.061389,94.997087
10.192911,139.061389,94.999647
10.192972,139.061389,95.049035
10.193013,139.061389,95.056564
10.193039,139.061389,95.062633
10.193084,139.061389,95.110901
10.193130,139.061389,95.114571
10.193167,139.061389,85.051328
10.193187,139.061389,95.128201
10.193230,139.061389,95.135694
10.193273,139.061389,95.156439
10.193348,139.061389,95.166446
10.193406,139.061389,95.167551
10.193456,139.061389,95.171422
10.193501,139.061389,95.173771
10.193557,139.061389,95.177439
10.193600,139.061389,95.182607
10.193717,139.061389,95.194804
10.193753,139.061389,95.202308
10.193791,139.061389,95.205978
10.193815,139.061389,95.208346
10.193896,139.061389,95.218292
10.193923,139.061389,95.223172
10.193977,139.061389,95.238027
10.194012,139.061389,95.248182
10.194137,139.061389,95.294840
10.194234,139.061389,91.278416
10.194265,139.061389,95.329323
10.194318,139.061389,95.330591
10.194366,139.061389,95.330608
10.194405,139.061389,95.334281
10.194499,139.061389,95.335603
10.194594,139.061389,95.351563
10.194684,139.061389,95.362543
10.194723,139.061389,95.362672
10.194764,139.061389,95.369671
10.194798,139.061389,95.375941
10.194846,139.061389,95.381236
10.194883,139.061389,95.389743
10.194965,139.061389,95.389791
10.195017,139.061389,95.394788
10.195068,139.061389,95.402291
10.195099,139.061389,95.425752
10.195159,139.061389,95.447819
10.195198,139.061389,95.447839
10.195239,139.061389,95.451696
10.195282,139.061389,95.452968
10.195322,139.061389,95.456474
10.195367,139.061389,95.475012
10.195410,139.061389,95.476191
10.195445,139.061389,95.477321
10.195487,139.061389,95.482646
10.195525,139.061389,95.487403
10.195570,139.061389,95.492558
10.195600,139.061389,95.514505
10.195640,139.061389,95.524380
10.195681,139.061389,95.546667
10.195718,139.061389,95.570163
10.195746,139.061389,95.599647
10.195808,139.061389,95.614431
10.195859,139.061389,95.629040
10.195889,139.061389,95.642815
10.195981,139.061389,95.645736
10.196025,139.061389,95.648980
10.196065,139.061389,95.649203
10.196093,139.061389,95.684907
10.196123,139.061389,95.693499
10.196230,139.061389,95.693515
10.196270,139.061389,95.710734
10.196329,139.061389,95.710896
10.196368,139.061389,95.736820
10.196398,139.061389,95.739236
10.196443,139.061389,93.778333
10.196464,139.061389,95.757733
10.196509,139.061389,93.631528
10.196542,139.061389,94.558483
10.196570,139.061389,95.760159
10.196670,139.061389,95.776398
10.196700,139.061389,95.796048
10.196740,139.061389,95.803470
10.196799,139.061389,95.810900
10.196832,139.061389,95.810901
10.196882,139.061389,95.816895
10.196977,139.061389,95.819497
10.197074,139.061389,95.819588
10.197117,139.061389,95.836634
10.197199,139.061389,95.869777
10.197234,139.061389,95.881087
10.197278,139.061389,95.913323
10.197394,139.061389,95.914539
10.197425,139.061389,95.922623
10.197453,139.061389,95.924420
10.197493,139.061389,95.935724
10.197540,139.061389,95.949063
10.197572,139.061389,95.950271
10.197623,139.061389,95.966347
10.197667,139.061389,95.988666
10.197710,139.061389,95.992361
10.197802,139.061389,95.994803
10.197847,139.061389,95.079328
10.197884,139.061389,95.995930
10.197971,139.061389,96.004772
10.198009,139.061389,96.019391
10.198059,139.061389,77.133932
10.198099,139.061389,81.547484
10.198135,139.061389,87.889218
10.198167,139.061389,88.924994
10.198201,139.061389,89.263484
10.198235,139.061389,96.043089
10.198307,139.061389,96.049156
10.198372,139.061389,96.075941
10.198421,139.061389,96.097342
10.198461,139.061389,96.099691
10.198504,139.061389,96.114503
10.198542,139.061389,96.149092
10.198581,139.061389,96.151114
10.198622,139.061389,96.183758
10.198680,139.061389,96.206954
10.198721,139.061389,96.240484
10.198755,139.061389,96.277449
10.198812,139.061389,96.277656
10.198852,139.061389,96.290764
10.198905,139.061389,96.293465
10.198946,139.061389,96.320639
10.198980,139.061389,96.328211
10.199013,139.061389,96.339268
10.199198,139.061389,96.370106
10.199297,139.061389,96.397223
10.199345,139.061389,96.400932
10.199385,139.061389,96.403427
10.199501,139.061389,96.413672
10.199550,139.061389,96.417102
10.199650,139.061389,96.424504
10.199694,139.061389,96.432937
10.199741,139.061389,96.432971
10.199803,139.061389,96.442906
10.199845,139.061389,96.446603
10.199879,139.061389,96.450300
10.199920,139.061389,96.452693
10.199959,139.061389,96.467537
10.200015,139.061389,96.468573
10.200063,139.061389,96.493417
10.200114,139.061389,96.504756
10.200146,139.061389,96.513225
10.200192,139.061389,96.516971
10.200217,139.061389,96.554043
10.200284,139.061389,96.570163
10.200330,139.061389,96.575123
10.200358,139.061389,96.585502
10.200400,139.061389,96.599599
10.200453,139.061389,96.618371
10.200494,139.061389,96.621600
10.200539,139.061389,96.628654
10.200577,139.061389,96.631787
10.200605,139.061389,96.636654
10.200643,139.061389,92.665874
10.200673,139.061389,96.649063
10.200724,139.061389,96.667627
10.200751,139.061389,96.686079
10.200810,139.061389,96.689835
10.200883,139.061389,96.704634
10.200967,139.061389,96.730527
10.201003,139.061389,96.735340
10.201045,139.061389,96.736821
10.201077,139.061389,96.741675
10.201107,139.061389,96.744095
10.201147,139.061389,96.745508
10.201189,139.061389,91.506687
10.201211,139.061389,96.751519
10.201259,139.061389,96.755142
10.201356,139.061389,96.755347
10.201395,139.061389,96.758905
10.201491,139.061389,96.760137
10.201534,139.061389,96.762554
10.201576,139.061389,96.766289
10.201629,139.061389,86.409130
10.201663,139.061389,91.042389
10.201697,139.061389,92.302869
10.201737,139.061389,95.671989
10.201769,139.061389,96.778731
10.201869,139.061389,96.780161
10.201920,139.061389,84.004380
10.201953,139.061389,96.788604
10.201985,139.061389,96.828043
10.202029,139.061389,96.828132
10.202205,139.061389,96.861644
10.202250,139.061389,96.867561
10.202283,139.061389,96.881087
10.202331,139.061389,96.892267
10.202365,139.061389,96.893360
10.202450,139.061389,96.894142
10.202491,139.061389,96.897204
10.202549,139.061389,96.900875
10.202599,139.061389,96.914431
10.202654,139.061389,96.914586
10.202696,139.061389,96.920723
10.202759,139.061389,96.930692
10.202804,139.061389,96.934260
10.202902,139.061389,96.945387
10.202942,139.061389,96.950266
10.203005,139.061389,96.976523
10.203140,139.061389,96.999937
10.203200,139.061389,97.000831
10.203280,139.061389,97.010381
10.203331,139.061389,97.010509
10.203373,139.061389,97.039221
10.203419,139.061389,97.045460
10.203487,139.061389,97.061329
10.203530,139.061389,97.081205
10.203581,139.061389,97.086059
10.203628,139.061389,97.089867
10.203672,139.061389,97.109503
10.203723,139.061389,97.160127
10.203766,139.061389,97.167525
10.203816,139.061389,97.167635
10.203873,139.061389,97.172801
10.203939,139.061389,97.192403
10.203993,139.061389,97.197040
10.204079,139.061389,97.211516
10.204124,139.061389,97.224345
10.204183,139.061389,97.236649
10.204280,139.061389,97.243853
10.204316,139.061389,97.263618
10.204359,139.061389,97.286047
10.204405,139.061389,97.287435
10.204489,139.061389,97.287438
10.204541,139.061389,97.292372
10.204601,139.061389,97.292451
10.204658,139.061389,97.313355
10.204746,139.061389,97.326880
10.204826,139.061389,97.328031
10.204931,139.061389,97.329161
10.204968,139.061389,97.340511
10.205025,139.061389,97.343022
10.205112,139.061389,97.349163
10.205148,139.061389,97.354084
10.205241,139.061389,91.535071
10.205274,139.061389,97.358513
10.205329,139.061389,97.358889
10.205380,139.061389,97.358891
10.205423,139.061389,87.716418
10.205457,139.061389,97.372523
10.205493,139.061389,97.384825
10.205587,139.061389,97.404602
10.205646,139.061389,97.413380
10.205680,139.061389,97.419249
10.205710,139.061389,97.436843
10.205745,139.061389,97.442891
10.205780,139.061389,97.476165
10.205819,139.061389,97.479963
10.205853,139.061389,97.483246
10.205896,139.061389,97.504756
10.205928,139.061389,97.519816
10.205960,139.061389,97.523071
10.206066,139.061389,97.524346
10.206121,139.061389,97.543118
10.206168,139.061389,97.545403
10.206263,139.061389,97.550175
10.206303,139.061389,97.557707
10.206333,139.061389,97.570009
10.206408,139.061389,97.574983
10.206438,139.061389,97.588202
10.206485,139.061389,97.588585
10.206531,139.061389,95.054722
10.206563,139.061389,97.599621
10.206691,139.061389,97.607792
10.206734,139.061389,97.614634
10.206781,139.061389,97.667595
10.206822,139.061389,97.670015
10.206874,139.061389,97.685930
10.206929,139.061389,97.693548
10.206981,139.061389,97.705041
10.207022,139.061389,97.730611
10.207104,139.061389,97.741234
10.207150,139.061389,97.748881
10.207180,139.061389,97.754052
10.207263,139.061389,97.760127
10.207305,139.061389,97.777563
10.207351,139.061389,97.800895
10.207391,139.061389,97.806216
10.207427,139.061389,97.808361
10.207486,139.061389,97.814556
10.207520,139.061389,97.851758
10.207564,139.061389,97.871112
10.207604,139.061389,97.877508
10.207678,139.061389,97.894788
10.207736,139.061389,97.894931
10.207788,139.061389,97.902443
10.207821,139.061389,97.903571
10.207884,139.061389,97.923115
10.207947,139.061389,97.925857
10.207979,139.061389,97.926751
10.208091,139.061389,97.956685
10.208135,139.061389,97.966443
10.208260,139.061389,97.967615
10.208313,139.061389,97.971380
10.208392,139.061389,97.975214
10.208433,139.061389,97.989610
10.208478,139.061389,97.998782
10.208513,139.061389,98.011909
10.208565,139.061389,98.013794
10.208611,139.061389,98.044095
10.208652,139.061389,98.051519
10.208747,139.061389,98.053128
10.208780,139.061389,98.062699
10.208882,139.061389,98.083657
10.208949,139.061389,98.088619
10.209015,139.061389,98.097103
10.209061,139.061389,98.113311
10.209180,139.061389,98.118323
10.209218,139.061389,98.121947
10.209326,139.061389,98.124133
10.209392,139.061389,98.141771
10.209466,139.061389,98.168820
10.209512,139.061389,98.170148
10.209571,139.061389,98.175039
10.209612,139.061389,98.176770
10.209666,139.061389,98.218292
10.209735,139.061389,98.218371
10.209784,139.061389,98.224345
10.209906,139.061389,98.230676
10.209958,139.061389,98.239275
10.210048,139.061389,86.683234
10.210083,139.061389,98.273482
10.210136,139.061389,98.291040
10.210230,139.061389,98.292361
10.210282,139.061389,98.300889
10.210333,139.061389,98.301003
10.210370,139.061389,98.314564
10.210432,139.061389,98.335507
10.210471,139.061389,98.336811
10.210520,139.061389,98.341732
10.210559,139.061389,98.356144
10.210594,139.061389,98.362543
10.210649,139.061389,98.365065
10.210707,139.061389,98.394977
10.210838,139.061389,98.407361
10.210885,139.061389,98.423164
10.210931,139.061389,98.432927
10.211047,139.061389,98.434159
10.211143,139.061389,98.440351
10.211194,139.061389,98.445215
10.211242,139.061389,98.458905
10.211274,139.061389,98.465901
10.211319,139.061389,98.477460
10.211429,139.061389,98.481205
10.211474,139.061389,98.492096
10.211524,139.061389,98.493218
10.211571,139.061389,98.502241
10.211670,139.061389,98.505740
10.211719,139.061389,98.519467
10.211809,139.061389,98.538075
10.211839,139.061389,98.540484
10.211909,139.061389,98.540554
10.211949,139.061389,98.542847
10.212008,139.061389,98.548945
10.212119,139.061389,98.552671
10.212200,139.061389,98.562670
10.212304,139.061389,98.574498
10.212359,139.061389,98.582419
10.212394,139.061389,98.587396
10.212498,139.061389,98.598367
10.212606,139.061389,98.611977
10.212662,139.061389,98.641673
10.212787,139.061389,98.642923
10.212829,139.061389,98.652947
10.212902,139.061389,98.653733
10.212976,139.061389,98.659064
10.213081,139.061389,98.663950
10.213210,139.061389,98.679972
10.213308,139.061389,98.686047
10.213395,139.061389,98.691618
10.213442,139.061389,98.693587
10.213529,139.061389,98.703483
10.213568,139.061389,98.709588
10.213612,139.061389,98.732136
10.213653,139.061389,98.741707
10.213783,139.061389,98.752715
10.213838,139.061389,90.603040
10.213865,139.061389,98.772915
10.213906,139.061389,98.773801
10.213978,139.061389,98.777120
10.214018,139.061389,98.783571
10.214139,139.061389,98.803428
10.214237,139.061389,98.834181
10.214358,139.061389,98.841692
10.214411,139.061389,98.849035
10.214465,139.061389,98.852671
10.214511,139.061389,98.874769
10.214543,139.061389,98.881087
10.214673,139.061389,98.885454
10.214719,139.061389,98.885961
10.214770,139.061389,98.886994
10.214811,139.061389,98.901134
10.214870,139.061389,98.904444
10.215029,139.061389,98.931134
10.215079,139.061389,98.937899
10.215128,139.061389,98.965131
10.215174,139.061389,98.970015
10.215284,139.061389,98.977439
10.215317,139.061389,98.979048
10.215351,139.061389,98.982318
10.215398,139.061389,98.988619
10.215450,139.061389,98.991040
10.215495,139.061389,98.991077
10.215549,139.061389,99.004667
10.215611,139.061389,99.009577
10.215661,139.061389,99.014539
10.215707,139.061389,89.248610
10.215744,139.061389,99.018228
10.215782,139.061389,99.032778
10.215835,139.061389,99.036633
10.215943,139.061389,99.040943
10.215991,139.061389,99.041657
10.216045,139.061389,99.044169
10.216102,139.061389,99.051519
10.216232,139.061389,99.062635
10.216284,139.061389,99.067691
10.216343,139.061389,99.070954
10.216389,139.061389,99.071243
10.216443,139.061389,99.091172
10.216491,139.061389,99.092211
10.216548,139.061389,99.094740
10.216643,139.061389,99.100895
10.216677,139.061389,99.102791
10.216722,139.061389,99.112075
10.216766,139.061389,99.113311
10.216817,139.061389,99.129348
10.216875,139.061389,99.148945
10.217025,139.061389,99.167546
10.217060,139.061389,99.172519
10.217112,139.061389,99.182281
10.217211,139.061389,99.189791
10.217294,139.061389,99.201003
10.217328,139.061389,99.201092
10.217432,139.061389,99.207308
10.217479,139.061389,99.216748
10.217529,139.061389,99.262731
10.217575,139.061389,99.265220
10.217617,139.061389,99.272447
10.217676,139.061389,99.283601
10.217739,139.061389,99.283689
10.217795,139.061389,87.802690
10.217833,139.061389,99.288463
10.217883,139.061389,99.293434
10.217932,139.061389,99.297211
10.218028,139.061389,99.299621
10.218224,139.061389,99.299717
10.218267,139.061389,98.467091
10.218300,139.061389,99.300889
10.218358,139.061389,99.319452
10.218395,139.061389,99.323179
10.218493,139.061389,99.329984
10.218549,139.061389,99.334187
10.218596,139.061389,99.393455
10.218654,139.061389,99.395889
10.218736,139.061389,99.403180
10.218784,139.061389,99.423173
10.218821,139.061389,99.458905
10.218873,139.061389,99.465236
10.218910,139.061389,99.466404
10.218946,139.061389,99.478591
10.218995,139.061389,99.482367
10.219050,139.061389,99.485048
10.219154,139.061389,90.531548
10.219204,139.061389,91.515536
10.219241,139.061389,99.132594
10.219278,139.061389,99.498108
10.219331,139.061389,99.499599
10.219381,139.061389,99.524287
10.219435,139.061389,99.531819
10.219472,139.061389,99.555167
10.219575,139.061389,99.560191
10.219628,139.061389,99.563516
10.219678,139.061389,99.568843
10.219739,139.061389,99.571289
10.219791,139.061389,99.582243
10.219836,139.061389,99.583185
10.219894,139.061389,99.594793
10.219989,139.061389,99.608892
10.220038,139.061389,99.611967
10.220095,139.061389,80.726508
10.220142,139.061389,85.140060
10.220187,139.061389,91.481794
10.220226,139.061389,92.517570
10.220267,139.061389,92.856060
10.220310,139.061389,99.613348
10.220616,139.061389,99.616895
10.220709,139.061389,99.625752
10.220763,139.061389,93.889458
10.220799,139.061389,99.634355
10.220933,139.061389,99.644089
10.220978,139.061389,99.650309
10.221033,139.061389,99.650420
10.221065,139.061389,99.661449
10.221123,139.061389,99.661523
10.221162,139.061389,99.664991
10.221209,139.061389,99.667487
10.221255,139.061389,99.667627
10.221304,139.061389,99.683755
10.221359,139.061389,99.686079
10.221469,139.061389,99.694827
10.221579,139.061389,99.704559
10.221675,139.061389,99.705883
10.221762,139.061389,99.712020
10.221812,139.061389,99.714431
10.221870,139.061389,99.724930
10.221915,139.061389,99.757835
10.221971,139.061389,99.760101
10.222021,139.061389,99.769474
10.222069,139.061389,99.783505
10.222119,139.061389,99.791083
10.222152,139.061389,99.807007
10.222248,139.061389,99.814431
10.222298,139.061389,99.818283
10.222335,139.061389,89.755040
10.222363,139.061389,99.818286
10.222406,139.061389,94.936422
10.222433,139.061389,99.823220
10.222477,139.061389,99.830364
10.222515,139.061389,99.852671
10.222592,139.061389,99.878926
10.222650,139.061389,99.880100
10.222763,139.061389,99.888463
10.222813,139.061389,99.891067
10.222850,139.061389,99.897204
10.222895,139.061389,99.898510
10.222945,139.061389,99.914491
10.223022,139.061389,99.914539
10.223062,139.061389,99.914556
10.223114,139.061389,99.916960
10.223158,139.061389,99.930587
10.223205,139.061389,99.934267
10.223340,139.061389,99.941739
10.223375,139.061389,99.945285
10.223419,139.061389,99.954876
10.223471,139.061389,99.957678
10.223522,139.061389,99.968689
10.223564,139.061389,99.977439
10.223614,139.061389,99.983604
10.223663,139.061389,99.988641
10.223773,139.061389,99.992249
10.223816,139.061389,99.994931
10.223865,139.061389,99.997967
10.223916,139.061389,100.003467
10.223976,139.061389,100.028610
10.224029,139.061389,100.037995
10.224065,139.061389,100.044376
10.224119,139.061389,100.064051
10.224165,139.061389,100.069709
10.224206,139.061389,100.070132
10.224246,139.061389,100.076165
10.224294,139.061389,100.083694
10.224339,139.061389,100.087077
10.224382,139.061389,100.093466
10.224419,139.061389,100.098439
10.224456,139.061389,100.099599
10.224576,139.061389,100.100895
10.224621,139.061389,100.115647
10.224695,139.061389,100.135694
10.224731,139.061389,100.152557
10.224779,139.061389,100.156532
10.224826,139.061389,100.162714
10.224885,139.061389,100.188571
10.224931,139.061389,100.189791
10.225093,139.061389,100.199785
10.225188,139.061389,100.209521
10.225302,139.061389,100.224596
10.225362,139.061389,86.299426
10.225400,139.061389,100.074672
10.225438,139.061389,100.249093
10.225491,139.061389,100.265163
10.225537,139.061389,100.274765
10.225572,139.061389,100.293535
10.225629,139.061389,100.297227
10.225689,139.061389,100.310056
10.225748,139.061389,100.310827
10.225793,139.061389,100.312107
10.225853,139.061389,100.328031
10.225963,139.061389,100.335467
10.226004,139.061389,100.344686
10.226056,139.061389,100.354081
10.226141,139.061389,100.378851
10.226184,139.061389,100.383505
10.226221,139.061389,100.403571
10.226276,139.061389,100.406921
10.226332,139.061389,100.414431
10.226403,139.061389,100.435652
10.226458,139.061389,100.441804
10.226513,139.061389,100.445363
10.226562,139.061389,100.460191
10.226607,139.061389,100.477537
10.226643,139.061389,100.481087
10.226767,139.061389,100.489701
10.226828,139.061389,100.548943
10.226879,139.061389,100.560197
10.226932,139.061389,100.573663
10.227003,139.061389,100.574964
10.227070,139.061389,100.590911
10.227105,139.061389,100.593407
10.227155,139.061389,100.599621
10.227230,139.061389,100.602097
10.227281,139.061389,100.620747
10.227331,139.061389,100.620836
10.227366,139.061389,100.630691
10.227443,139.061389,100.637940
10.227508,139.061389,94.733826
10.227538,139.061389,100.641699
10.227580,139.061389,100.655179
10.227628,139.061389,100.655268
10.227704,139.061389,100.676334
10.227762,139.061389,100.683755
10.227818,139.061389,100.683758
10.227886,139.061389,100.689791
10.227946,139.061389,100.699599
10.228073,139.061389,100.700996
10.228119,139.061389,95.819133
10.228148,139.061389,100.705931
10.228304,139.061389,100.709425
10.228356,139.061389,100.717003
10.228426,139.061389,100.734159
10.228476,139.061389,100.740351
10.228524,139.061389,100.744203
10.228572,139.061389,100.765099
10.228623,139.061389,100.776095
10.228677,139.061389,100.778591
10.228728,139.061389,100.798061
10.228773,139.061389,100.807211
10.228817,139.061389,100.816927
10.228879,139.061389,100.816971
10.228926,139.061389,97.567296
10.228954,139.061389,100.823124
10.229002,139.061389,100.824430
10.229053,139.061389,96.853650
10.229090,139.061389,100.825766
10.229144,139.061389,100.837945
10.229207,139.061389,100.849166
10.229262,139.061389,100.853474
10.229306,139.061389,100.865937
10.229366,139.061389,100.866379
10.229418,139.061389,100.894609
10.229525,139.061389,100.894788
10.229598,139.061389,100.903359
10.229641,139.061389,100.908462
10.229693,139.061389,100.909132
10.229742,139.061389,100.914475
10.229793,139.061389,100.914782
10.229848,139.061389,100.921923
10.229897,139.061389,100.154728
10.229936,139.061389,100.936772
10.230018,139.061389,100.941869
10.230097,139.061389,100.994661
10.230149,139.061389,101.009614
10.230198,139.061389,101.014431
10.230326,139.061389,101.020559
10.230485,139.061389,101.026815
10.230522,139.061389,101.026879
10.230567,139.061389,101.041567
10.230616,139.061389,101.044095
10.230742,139.061389,101.047839
10.230802,139.061389,101.049852
10.230855,139.061389,101.055089
10.230907,139.061389,101.057583
10.230950,139.061389,101.061614
10.230991,139.061389,95.822792
10.231020,139.061389,101.062571
10.231125,139.061389,101.064924
10.231165,139.061389,101.067507
10.231309,139.061389,101.076165
10.231370,139.061389,101.077516
10.231430,139.061389,101.088634
10.231471,139.061389,101.104579
10.231521,139.061389,101.106716
10.231574,139.061389,101.108425
10.231663,139.061389,101.114491
10.231705,139.061389,101.125567
10.231752,139.061389,101.125738
10.231808,139.061389,101.136699
10.231857,139.061389,101.140523
10.231899,139.061389,101.146571
10.231984,139.061389,101.149051
10.232024,139.061389,101.166372
10.232075,139.061389,101.168827
10.232124,139.061389,101.179845
10.232191,139.061389,101.198335
10.232261,139.061389,101.204643
10.232310,139.061389,101.204723
10.232357,139.061389,101.205759
10.232428,139.061389,101.223147
10.232539,139.061389,101.228148
10.232584,139.061389,101.236747
10.232631,139.061389,101.238027
10.232736,139.061389,101.244654
10.232790,139.061389,101.246798
10.232829,139.061389,101.249023
10.232907,139.061389,101.253855
10.232951,139.061389,101.267611
10.232995,139.061389,101.294836
10.233053,139.061389,101.302001
10.233102,139.061389,101.304495
10.233143,139.061389,101.304692
10.233186,139.061389,101.309425
10.233232,139.061389,101.314473
10.233267,139.061389,101.325593
10.233318,139.061389,101.331755
10.233357,139.061389,101.334159
10.233474,139.061389,101.340351
10.233535,139.061389,101.353532
10.233582,139.061389,101.361572
10.233626,139.061389,101.385681
10.233680,139.061389,101.389394
10.233736,139.061389,101.429353
10.233852,139.061389,101.431418
10.233897,139.061389,101.451539
10.233963,139.061389,101.455320
10.234023,139.061389,101.463807
10.234079,139.061389,101.473759
10.234127,139.061389,101.477467
10.234239,139.061389,101.477481
10.234306,139.061389,101.488575
10.234372,139.061389,101.498076
10.234428,139.061389,101.499583
10.234476,139.061389,101.499747
10.234529,139.061389,101.500884
10.234582,139.061389,101.508345
10.234678,139.061389,101.511889
10.234754,139.061389,101.513363
10.234846,139.061389,101.518591
10.234905,139.061389,101.519343
10.234969,139.061389,101.521947
10.235041,139.061389,101.525641
10.235107,139.061389,89.629954
10.235152,139.061389,101.532640
10.235199,139.061389,101.546667
10.235258,139.061389,91.904194
10.235299,139.061389,101.546756
10.235339,139.061389,101.582329
10.235440,139.061389,101.606370
10.235495,139.061389,101.608484
10.235611,139.061389,101.623139
10.235738,139.061389,101.623143
10.235814,139.061389,101.624475
10.235910,139.061389,101.625641
10.235976,139.061389,84.959554
10.236020,139.061389,101.626719
10.236081,139.061389,101.630676
10.236137,139.061389,101.631711
10.236323,139.061389,101.631851
10.236366,139.061389,101.639071
10.236427,139.061389,101.644159
10.236482,139.061389,95.227490
10.236527,139.061389,101.660079
10.236580,139.061389,101.666271
10.236634,139.061389,101.668819
10.236680,139.061389,101.670123
10.236733,139.061389,101.671081
10.236788,139.061389,101.671646
10.236843,139.061389,101.681217
10.236896,139.061389,101.686047
10.236947,139.061389,101.694763
10.237009,139.061389,101.698377
10.237056,139.061389,101.700942
10.237123,139.061389,101.703427
10.237186,139.061389,101.711424
10.237256,139.061389,101.715647
10.237311,139.061389,101.715659
10.237356,139.061389,101.723093
10.237404,139.061389,101.730495
10.237447,139.061389,101.731876
10.237509,139.061389,101.736849
10.237580,139.061389,101.737809
10.237618,139.061389,101.744892
10.237669,139.061389,101.750299
10.237730,139.061389,101.760228
10.237785,139.061389,101.763865
10.237902,139.061389,101.765087
10.237958,139.061389,101.770079
10.238067,139.061389,81.412892
10.238120,139.061389,86.209058
10.238165,139.061389,87.469538
10.238214,139.061389,88.895266
10.238256,139.061389,96.536252
10.238304,139.061389,97.538610
10.238346,139.061389,100.143298
10.238385,139.061389,100.491522
10.238427,139.061389,101.770079
10.238465,139.061389,101.784858
10.238522,139.061389,101.826859
10.238557,139.061389,101.851499
10.238632,139.061389,101.853888
10.238682,139.061389,101.855396
10.238750,139.061389,101.862692
10.238807,139.061389,93.600573
10.238853,139.061389,100.109213
10.238894,139.061389,101.867372
10.238959,139.061389,101.867519
10.239015,139.061389,101.870079
10.239071,139.061389,99.887911
10.239107,139.061389,101.871387
10.239145,139.061389,101.889835
10.239187,139.061389,101.899621
10.239340,139.061389,101.900831
10.239387,139.061389,101.910811
10.239450,139.061389,90.060949
10.239493,139.061389,101.920645
10.239543,139.061389,101.934159
10.239584,139.061389,101.940351
10.239626,139.061389,101.948945
10.239686,139.061389,101.956357
10.239727,139.061389,101.970015
10.239859,139.061389,101.982436
10.240011,139.061389,101.988491
10.240064,139.061389,92.346018
10.240108,139.061389,101.990844
10.240196,139.061389,101.993427
10.240264,139.061389,102.030499
10.240316,139.061389,102.061361
10.240355,139.061389,102.063807
10.240391,139.061389,102.065448
10.240436,139.061389,102.066478
10.240502,139.061389,102.068671
10.240622,139.061389,102.071310
10.240678,139.061389,102.081230
10.240730,139.061389,102.085575
10.240788,139.061389,102.091039
10.240842,139.061389,95.674370
10.240886,139.061389,102.092249
10.240988,139.061389,102.094747
10.241041,139.061389,102.097129
10.241106,139.061389,102.097215
10.241228,139.061389,102.109535
10.241319,139.061389,102.111889
10.241385,139.061389,102.111983
10.241446,139.061389,102.119343
10.241484,139.061389,102.124399
10.241641,139.061389,102.131679
10.241697,139.061389,102.149067
10.241757,139.061389,102.150365
10.241816,139.061389,102.152671
10.241875,139.061389,102.153951
10.241925,139.061389,102.163947
10.242021,139.061389,102.173804
10.242097,139.061389,102.174444
10.242153,139.061389,102.174943
10.242223,139.061389,102.178659
10.242282,139.061389,102.187307
10.242328,139.061389,102.193531
10.242372,139.061389,102.202188
10.242429,139.061389,101.702575
10.242465,139.061389,102.205791
10.242524,139.061389,102.230591
10.242582,139.061389,102.230691
10.242629,139.061389,102.260079
10.242688,139.061389,102.266271
10.242743,139.061389,102.278178
10.242801,139.061389,102.284194
10.242849,139.061389,102.287403
10.242897,139.061389,102.290927
10.242955,139.061389,102.319249
10.242995,139.061389,102.321457
10.243055,139.061389,102.321702
10.243101,139.061389,102.335068
10.243159,139.061389,102.336655
10.243284,139.061389,102.339275
10.243347,139.061389,102.346603
10.243390,139.061389,102.355235
10.243445,139.061389,102.383619
10.243558,139.061389,102.389727
10.243611,139.061389,102.400783
10.243669,139.061389,102.400932
10.243712,139.061389,102.437346
10.243768,139.061389,102.437809
10.243828,139.061389,102.444087
10.243891,139.061389,102.445263
10.243941,139.061389,102.447807
10.243995,139.061389,102.460860
10.244048,139.061389,102.461189
10.244134,139.061389,102.464991
10.244189,139.061389,102.465634
10.244243,139.061389,102.469027
10.244305,139.061389,102.482351
10.244366,139.061389,83.730111
10.244418,139.061389,90.596629
10.244464,139.061389,91.200309
10.244514,139.061389,95.439724
10.244557,139.061389,98.853471
10.244605,139.061389,99.855829
10.244648,139.061389,102.482351
10.244690,139.061389,102.487480
10.244751,139.061389,102.489737
10.244804,139.061389,102.507019
10.244854,139.061389,102.507108
10.244942,139.061389,102.520760
10.245017,139.061389,102.528174
10.245078,139.061389,102.536760
10.245139,139.061389,102.537425
10.245193,139.061389,102.544107
10.245323,139.061389,102.544172
10.245390,139.061389,93.154632
10.245434,139.061389,93.736210
10.245483,139.061389,102.549063
10.245533,139.061389,102.557631
10.245585,139.061389,102.566315
10.245634,139.061389,102.572549
10.245696,139.061389,102.582351
10.245754,139.061389,102.583502
10.245802,139.061389,102.583505
10.245843,139.061389,102.584971
10.245895,139.061389,102.587403
10.245954,139.061389,102.597223
10.246012,139.061389,102.602111
10.246127,139.061389,102.611967
10.246178,139.061389,102.616981
10.246230,139.061389,102.631368
10.246284,139.061389,102.638917
10.246342,139.061389,102.641567
10.246389,139.061389,102.646763
10.246457,139.061389,102.649874
10.246522,139.061389,102.654015
10.246592,139.061389,102.654062
10.246657,139.061389,102.654526
10.246717,139.061389,102.656351
10.246763,139.061389,102.678959
10.246888,139.061389,102.681227
10.246928,139.061389,102.688590
10.246982,139.061389,102.691007
10.247035,139.061389,102.699739
10.247151,139.061389,102.701006
10.247198,139.061389,102.701767
10.247269,139.061389,102.712027
10.247330,139.061389,102.736820
10.247373,139.061389,102.752779
10.247416,139.061389,102.755307
10.247717,139.061389,102.760302
10.247770,139.061389,102.777419
10.247827,139.061389,102.781227
10.247870,139.061389,102.781316
10.247914,139.061389,102.786015
10.248047,139.061389,102.794830
10.248103,139.061389,102.802286
10.248219,139.061389,102.826751
10.248429,139.061389,102.829427
10.248489,139.061389,100.489421
10.248532,139.061389,102.831803
10.248589,139.061389,102.831864
10.248702,139.061389,102.833683
10.248762,139.061389,102.846585
10.248814,139.061389,102.860079
10.248859,139.061389,102.864056
10.248900,139.061389,102.865147
10.249016,139.061389,102.866271
10.249060,139.061389,102.897161
10.249124,139.061389,102.897211
10.249174,139.061389,102.900895
10.249232,139.061389,102.906929
10.249278,139.061389,102.915772
10.249332,139.061389,102.919347
10.249398,139.061389,102.924345
10.249453,139.061389,102.929174
10.249510,139.061389,93.764476
10.249552,139.061389,102.932423
10.249609,139.061389,102.939071
10.249665,139.061389,102.949994
10.249715,139.061389,102.950358
10.249788,139.061389,86.543644
10.249843,139.061389,86.702802
10.249894,139.061389,92.594162
10.249935,139.061389,98.567976
10.249983,139.061389,100.901352
10.250023,139.061389,102.171688
10.250113,139.061389,102.951700
10.250178,139.061389,89.026530
10.250222,139.061389,102.348688
10.250262,139.061389,102.962575
10.250317,139.061389,102.967345
10.250360,139.061389,102.983604
10.250411,139.061389,102.989727
10.250451,139.061389,102.994591
10.250505,139.061389,103.000927
10.250561,139.061389,103.007864
10.250616,139.061389,103.013348
10.250675,139.061389,103.030527
10.250725,139.061389,103.030548
10.250775,139.061389,103.037809
10.250836,139.061389,103.045263
10.250876,139.061389,103.050175
10.250928,139.061389,103.050319
10.250977,139.061389,103.055089
10.251038,139.061389,103.056563
10.251096,139.061389,103.057641
10.251152,139.061389,103.077439
10.251208,139.061389,103.078385
10.251247,139.061389,103.089867
10.251300,139.061389,93.447394
10.251332,139.061389,103.096972
10.251388,139.061389,103.098367
10.251442,139.061389,103.104531
10.251504,139.061389,103.104579
10.251549,139.061389,103.104603
10.251603,139.061389,103.105855
10.251713,139.061389,103.115647
10.251895,139.061389,103.132275
10.251942,139.061389,103.134268
10.251986,139.061389,103.149097
10.252110,139.061389,103.153841
10.252151,139.061389,103.156532
10.252244,139.061389,103.161452
10.252305,139.061389,96.406472
10.252348,139.061389,96.679410
10.252393,139.061389,103.163676
10.252497,139.061389,103.167519
10.252554,139.061389,103.170094
10.252607,139.061389,103.179866
10.252652,139.061389,103.181039
10.252752,139.061389,103.183505
10.252806,139.061389,103.213323
10.252855,139.061389,103.230559
10.252978,139.061389,103.231793
10.253030,139.061389,103.234590
10.253082,139.061389,103.236298
10.253146,139.061389,103.238494
10.253204,139.061389,103.242825
10.253257,139.061389,103.243917
10.253300,139.061389,103.248945
10.253396,139.061389,103.258588
10.253448,139.061389,103.272523
10.253497,139.061389,95.122848
10.253530,139.061389,103.272549
10.253571,139.061389,103.302001
10.253622,139.061389,103.304479
10.253684,139.061389,103.315960
10.253737,139.061389,103.328123
10.253782,139.061389,103.339248
10.253836,139.061389,103.341510
10.253888,139.061389,103.341796
10.253952,139.061389,103.363468
10.254005,139.061389,103.364524
10.254066,139.061389,103.365203
10.254114,139.061389,103.366223
10.254164,139.061389,103.368689
10.254217,139.061389,103.368916
10.254290,139.061389,103.387231
10.254419,139.061389,103.394699
10.254544,139.061389,103.405848
10.254651,139.061389,103.409503
10.254705,139.061389,103.412382
10.254765,139.061389,103.414587
10.254842,139.061389,103.441742
10.254891,139.061389,103.455316
10.254938,139.061389,103.457707
10.254982,139.061389,103.458948
10.255050,139.061389,103.460152
10.255103,139.061389,103.462543
10.255169,139.061389,103.476315
10.255218,139.061389,103.478559
10.255282,139.061389,103.490911
10.255340,139.061389,103.493233
10.255384,139.061389,103.493465
10.255495,139.061389,103.518187
10.255550,139.061389,103.521963
10.255602,139.061389,103.525620
10.255717,139.061389,103.525971
10.255774,139.061389,103.561385
10.255886,139.061389,103.568689
10.256082,139.061389,103.583716
10.256131,139.061389,103.584971
10.256173,139.061389,103.588585
10.256233,139.061389,103.589295
10.256293,139.061389,103.593465
10.256359,139.061389,103.600927
10.256404,139.061389,103.603476
10.256465,139.061389,103.607147
10.256644,139.061389,103.613427
10.256694,139.061389,103.620575
10.256809,139.061389,103.621881
10.256862,139.061389,103.625659
10.256914,139.061389,103.627477
10.256960,139.061389,103.628775
10.257017,139.061389,103.629348
10.257082,139.061389,103.635048
10.257120,139.061389,103.637947
10.257174,139.061389,99.667167
10.257207,139.061389,103.655089
10.257249,139.061389,103.656351
10.257292,139.061389,103.658905
10.257408,139.061389,103.667503
10.257469,139.061389,103.667595
10.257526,139.061389,103.671425
10.257589,139.061389,103.688160
10.257639,139.061389,103.689998
10.257748,139.061389,103.691210
10.257794,139.061389,103.692430
10.257856,139.061389,90.417864
10.257902,139.061389,98.097951
10.257944,139.061389,99.327551
10.257986,139.061389,103.702228
10.258027,139.061389,103.703359
10.258136,139.061389,103.707236
10.258180,139.061389,103.714532
10.258237,139.061389,102.359679
10.258270,139.061389,103.718239
10.258323,139.061389,103.721811
10.258390,139.061389,103.723227
10.258434,139.061389,103.728206
10.258491,139.061389,103.740484
10.258598,139.061389,103.741675
10.258642,139.061389,103.751519
10.258700,139.061389,103.752764
10.258765,139.061389,103.754828
10.258819,139.061389,103.755312
10.258874,139.061389,103.761002
10.258931,139.061389,103.761401
10.258990,139.061389,103.767617
10.259045,139.061389,103.768964
10.259101,139.061389,103.785453
10.259143,139.061389,103.792233
10.259247,139.061389,103.792249
10.259309,139.061389,103.799345
10.259367,139.061389,103.803359
10.259471,139.061389,103.807115
10.259525,139.061389,103.807802
10.259575,139.061389,103.812110
10.259648,139.061389,103.814221
10.259693,139.061389,103.823131
10.259745,139.061389,103.826815
10.259792,139.061389,99.444627
10.259831,139.061389,103.832469
10.259895,139.061389,103.839243
10.259966,139.061389,103.841692
10.260017,139.061389,103.842684
10.264693,139.061389,95.307957
10.264830,139.061389,103.842684
10.271571,139.061389,102.069628
10.271657,139.061389,103.842684
10.272158,139.061389,100.295394
10.272172,139.061389,103.842684
10.272365,139.061389,100.348546
10.272421,139.061389,103.842684
10.276814,139.061389,103.070722
10.276871,139.061389,103.842684
10.277271,139.061389,103.306642
10.277385,139.061389,103.826492
10.277589,139.061389,103.842684
10.277893,139.061389,100.576770
10.277925,139.061389,103.842684
10.278006,139.061389,103.481794
10.278110,139.061389,103.842684
10.278217,139.061389,99.989224
10.278323,139.061389,100.262162
10.278453,139.061389,103.842684
10.278601,139.061389,92.091964
10.279020,139.061389,103.842684
10.287251,139.061389,103.595170
10.287264,139.061389,103.842684
10.288675,139.061389,98.358370
10.288723,139.061389,103.842684
10.296247,139.061389,103.468383
10.296260,139.061389,103.842684
10.298535,139.061389,103.185506
10.298579,139.061389,103.842684
10.298708,139.061389,101.885728
10.298725,139.061389,103.842684
10.299041,139.061389,103.818590
10.299056,139.061389,103.842684
10.299224,139.061389,99.945858
10.299257,139.061389,103.842684
10.299371,139.061389,95.854527
10.299406,139.061389,96.837426
10.299515,139.061389,103.842684
10.299622,139.061389,88.004252
10.299898,139.061389,103.842684
10.302944,139.061389,101.828575
10.302973,139.061389,103.842684
10.305864,139.061389,97.270815
10.305949,139.061389,98.099199
10.306082,139.061389,103.842684
10.311136,139.061389,97.312882
10.311383,139.061389,103.842684
10.313333,139.061389,103.379426
10.313383,139.061389,103.842684
10.313765,139.061389,99.678114
10.313806,139.061389,103.842684
10.313842,139.061389,100.101634
10.313893,139.061389,103.842684
10.314953,139.061389,94.953596
10.315039,139.061389,95.781980
10.315174,139.061389,103.842684
10.317808,139.061389,101.217538
10.317863,139.061389,103.842684
10.318370,139.061389,99.338738
10.318642,139.061389,103.842684
10.324172,139.061389,97.479592
10.324279,139.061389,103.842684
10.327375,139.061389,102.995330
10.327460,139.061389,103.842684
10.327815,139.061389,96.486930
10.328036,139.061389,103.842684
10.328552,139.061389,101.676930
10.328581,139.061389,103.842684
10.328646,139.061389,92.821538
10.328736,139.061389,103.832450
10.328762,139.061389,103.842684
10.329413,139.061389,97.512578
10.329458,139.061389,103.842684
10.329630,139.061389,102.137384
10.329674,139.061389,103.842684
10.329834,139.061389,95.633778
10.330081,139.061389,103.842684
10.331995,139.061389,91.720162
10.332087,139.061389,102.731074
10.332113,139.061389,103.842684
10.332290,139.061389,96.986834
10.332385,139.061389,99.120220
10.332471,139.061389,103.505128
10.332542,139.061389,103.842684
10.334232,139.061389,102.800351
10.334290,139.061389,103.842684
10.334520,139.061389,102.800351
10.334627,139.061389,103.842684
10.336206,139.061389,93.604232
10.336353,139.061389,102.863432
10.336425,139.061389,103.842684
10.341810,139.061389,93.369410
10.341853,139.061389,103.842684
10.341975,139.061389,101.305186
10.342018,139.061389,103.842684
10.342163,139.061389,98.160882
10.342208,139.061389,100.234728
10.342348,139.061389,103.842684
10.342471,139.061389,91.039996
10.342890,139.061389,103.842684
10.347369,139.061389,96.686594
10.347402,139.061389,103.842684
10.347910,139.061389,99.591618
10.348024,139.061389,103.842684
10.348448,139.061389,101.311400
10.348485,139.061389,103.842684
10.348568,139.061389,96.099048
10.348678,139.061389,103.842684
10.348840,139.061389,103.271986
10.348942,139.061389,103.842684
10.349395,139.061389,97.784162
10.349429,139.061389,103.842684
10.349512,139.061389,93.802786
10.349645,139.061389,103.842684
10.349820,139.061389,101.858434
10.349948,139.061389,103.291714
10.350042,139.061389,103.842684
10.350336,139.061389,98.964626
10.350452,139.061389,99.621468
10.350798,139.061389,103.842684
10.352209,139.061389,100.541173
10.352253,139.061389,103.842684
10.352443,139.061389,96.518986
10.352471,139.061389,102.818901
10.352495,139.061389,103.842684
10.357458,139.061389,101.127752
10.357505,139.061389,103.842684
10.358725,139.061389,99.253314
10.358780,139.061389,103.842684
10.359263,139.061389,101.815007
10.359312,139.061389,103.842684
10.359716,139.061389,100.350882
10.359761,139.061389,103.842684
10.359809,139.061389,98.636034
10.359883,139.061389,103.842684
10.360133,139.061389,103.569480
10.360195,139.061389,103.842684
10.360464,139.061389,103.851662
10.361861,139.061389,100.133730
10.361892,139.061389,103.851662
10.361963,139.061389,91.278338
10.362063,139.061389,102.289250
10.362090,139.061389,103.851662
10.367626,139.061389,100.511592
10.367674,139.061389,103.851662
10.370436,139.061389,95.542498
10.370461,139.061389,103.851662
10.374568,139.061389,96.320264
10.374656,139.061389,103.851662
10.376923,139.061389,94.319164
10.376980,139.061389,103.851662
10.377284,139.061389,101.459522
10.377310,139.061389,103.851662
10.377517,139.061389,102.228776
10.377590,139.061389,103.264552
10.377655,139.061389,103.851662
10.377727,139.061389,94.312882
10.378012,139.061389,103.851662
10.383588,139.061389,102.447112
10.383694,139.061389,103.851662
10.383773,139.061389,93.252380
10.383980,139.061389,103.851662
10.384484,139.061389,103.416530
10.384510,139.061389,103.851662
10.384571,139.061389,94.666076
10.384652,139.061389,103.851662
10.386383,139.061389,102.127394
10.386432,139.061389,103.851662
10.386736,139.061389,98.634824
10.386791,139.061389,103.851662
10.387329,139.061389,96.542370
10.387399,139.061389,103.851662
10.387799,139.061389,101.809042
10.387906,139.061389,102.774524
10.388124,139.061389,103.851662
10.388828,139.061389,102.891784
10.388846,139.061389,103.851662
10.389508,139.061389,93.882914
10.389549,139.061389,103.851662
10.391188,139.061389,93.768322
10.391208,139.061389,103.851662
10.391340,139.061389,102.792994
10.391359,139.061389,103.851662
10.391416,139.061389,99.346146
10.391484,139.061389,103.851662
10.391618,139.061389,98.701663
10.391637,139.061389,103.851662
10.391692,139.061389,96.422834
10.391772,139.061389,103.851662
10.391827,139.061389,101.990568
10.391955,139.061389,103.851662
10.395279,139.061389,85.378370
10.395376,139.061389,94.475714
10.395401,139.061389,103.851662
10.395459,139.061389,102.503938
10.395591,139.061389,103.851662
10.398278,139.061389,98.601792
10.398301,139.061389,103.851662
10.398793,139.061389,103.223901
10.398815,139.061389,103.851662
10.398876,139.061389,103.597928
10.398953,139.061389,103.851662
10.399236,139.061389,88.931394
10.399339,139.061389,98.190594
10.399385,139.061389,103.851662
10.399799,139.061389,102.265634
10.399849,139.061389,103.851662
10.402628,139.061389,103.363202
10.402669,139.061389,103.851662
10.405296,139.061389,94.133608
10.405363,139.061389,103.851662
10.405496,139.061389,95.859522
10.405523,139.061389,103.851662
10.406904,139.061389,98.106623
10.406924,139.061389,103.851662
10.407179,139.061389,102.399061
10.407251,139.061389,103.851662
10.407383,139.061389,98.775701
10.407403,139.061389,103.851662
10.407463,139.061389,96.496872
10.407550,139.061389,103.851662
10.407609,139.061389,102.064607
10.407752,139.061389,103.851662
10.409863,139.061389,102.415347
10.409872,139.061389,103.851662
10.410433,139.061389,103.434579
10.410445,139.061389,103.851662
10.411425,139.061389,99.999048
10.411468,139.061389,100.271986
10.411546,139.061389,103.851662
10.411626,139.061389,92.101788
10.411839,139.061389,103.851662
10.415863,139.061389,102.971605
10.415874,139.061389,103.851662
10.416624,139.061389,102.981695
10.416667,139.061389,103.851662
10.416946,139.061389,100.006530
10.416993,139.061389,103.851662
10.422501,139.061389,102.789375
10.422549,139.061389,103.851662
10.423634,139.061389,87.090562
10.423718,139.061389,98.101474
10.423743,139.061389,103.851662
10.423935,139.061389,92.357234
10.424020,139.061389,94.490620
10.424099,139.061389,98.875528
10.424162,139.061389,103.851662
10.427598,139.061389,95.514152
10.427682,139.061389,103.851662
10.427882,139.061389,102.104338
10.428010,139.061389,103.851662
10.429778,139.061389,89.596610
10.429969,139.061389,103.851662
10.430288,139.061389,79.854917
10.431024,139.061389,92.546044
10.431311,139.061389,103.851662
10.434628,139.061389,103.749666
10.434653,139.061389,103.851662
10.435431,139.061389,90.478300
10.435513,139.061389,101.880319
10.435536,139.061389,103.851662
10.437599,139.061389,95.110146
10.437681,139.061389,103.851662
10.437812,139.061389,91.617576
10.437892,139.061389,91.828786
10.438005,139.061389,103.851662
10.438135,139.061389,83.596860
10.438510,139.061389,99.374386
10.438685,139.061389,103.851662
10.439192,139.061389,97.492962
10.439215,139.061389,103.851662
10.439724,139.061389,100.232732
10.439804,139.061389,103.851662
10.441566,139.061389,103.210133
10.441588,139.061389,103.851662
10.444335,139.061389,102.189298
10.444403,139.061389,103.851662
10.444486,139.061389,101.769724
10.444565,139.061389,103.851662
10.446361,139.061389,98.147208
10.446459,139.061389,103.851662
10.446646,139.061389,102.123826
10.446740,139.061389,103.851662
10.447080,139.061389,95.850946
10.447169,139.061389,103.851662
10.447347,139.061389,100.710274
10.447432,139.061389,103.851662
10.447623,139.061389,97.816466
10.447710,139.061389,97.965948
10.447853,139.061389,103.851662
10.448097,139.061389,94.631442
10.448175,139.061389,103.851662
10.448419,139.061389,101.221628
10.448547,139.061389,103.851662
10.448724,139.061389,101.244911
10.448770,139.061389,103.851662
10.449471,139.061389,96.576738
10.449497,139.061389,103.851662
10.450114,139.061389,97.453314
10.450138,139.061389,103.851662
10.450736,139.061389,103.857801
10.450782,139.061389,103.883694
10.450829,139.061389,103.888495
10.450872,139.061389,103.891265
10.450916,139.061389,89.545189
10.450954,139.061389,91.732764
10.450982,139.061389,97.079442
10.451008,139.061389,100.596722
10.451044,139.061389,103.897161
10.451138,139.061389,103.902121
10.451185,139.061389,103.913519
10.451216,139.061389,103.929305
10.451266,139.061389,103.939089
10.451303,139.061389,103.949276
10.451368,139.061389,103.954030
10.451397,139.061389,103.957716
10.451484,139.061389,103.961329
10.451527,139.061389,103.993624
10.451605,139.061389,103.998510
10.451636,139.061389,104.003359
10.451678,139.061389,104.017354
10.451704,139.061389,104.027027
10.451726,139.061389,104.050315
10.451752,139.061389,104.051487
10.451858,139.061389,104.066424
10.451888,139.061389,104.098703
10.451919,139.061389,104.104462
10.451987,139.061389,104.123235
10.452016,139.061389,102.629747
10.452042,139.061389,104.136753
10.452115,139.061389,104.138462
10.452157,139.061389,104.177439
10.452195,139.061389,104.193540
10.452233,139.061389,104.196110
10.452286,139.061389,104.225553
10.452376,139.061389,104.236649
10.452458,139.061389,104.237410
10.452496,139.061389,104.237945
10.452536,139.061389,104.245551
10.452567,139.061389,104.252495
10.452592,139.061389,104.254043
10.452617,139.061389,104.270148
10.452666,139.061389,104.282359
10.452694,139.061389,104.293449
10.452784,139.061389,104.297103
10.452822,139.061389,104.298277
10.452862,139.061389,104.307214
10.453036,139.061389,104.314548
10.453058,139.061389,104.330548
10.453090,139.061389,104.331697
10.453140,139.061389,86.710449
10.453189,139.061389,90.479436
10.453232,139.061389,96.481836
10.453273,139.061389,97.993994
10.453304,139.061389,98.192862
10.453343,139.061389,103.206346
10.453370,139.061389,104.331697
10.453395,139.061389,104.345486
10.453463,139.061389,104.359475
10.453495,139.061389,104.361401
10.453594,139.061389,104.378729
10.453653,139.061389,104.383505
10.453694,139.061389,104.384868
10.453722,139.061389,104.431697
10.453765,139.061389,93.980394
10.453795,139.061389,98.306346
10.453821,139.061389,104.435556
10.453871,139.061389,104.447839
10.453949,139.061389,104.457759
10.454063,139.061389,85.874652
10.454103,139.061389,91.062178
10.454136,139.061389,92.322658
10.454172,139.061389,101.281810
10.454207,139.061389,102.391730
10.454237,139.061389,103.535987
10.454266,139.061389,104.458958
10.454368,139.061389,104.463972
10.454402,139.061389,104.465139
10.454434,139.061389,104.502161
10.454478,139.061389,104.503470
10.454629,139.061389,104.509567
10.454725,139.061389,104.512075
10.454785,139.061389,104.514505
10.454820,139.061389,104.527153
10.454853,139.061389,104.534207
10.454888,139.061389,104.537434
10.454907,139.061389,104.547801
10.454944,139.061389,104.549097
10.455101,139.061389,104.558822
10.455153,139.061389,104.588728
10.455219,139.061389,104.593423
10.455263,139.061389,104.652846
10.455364,139.061389,104.666404
10.455421,139.061389,104.719403
10.455466,139.061389,104.728058
10.455511,139.061389,104.733035
10.455540,139.061389,104.744196
10.455581,139.061389,104.758815
10.455724,139.061389,104.766399
10.455773,139.061389,88.509212
10.455808,139.061389,94.110210
10.455837,139.061389,95.265858
10.455869,139.061389,104.225010
10.455901,139.061389,104.782794
10.455936,139.061389,104.788383
10.455978,139.061389,104.804462
10.456009,139.061389,104.847860
10.456059,139.061389,104.858990
10.456131,139.061389,104.866387
10.456166,139.061389,104.867652
10.456200,139.061389,104.915777
10.456236,139.061389,104.917000
10.456343,139.061389,104.948753
10.456364,139.061389,104.983185
10.456400,139.061389,104.989791
10.456500,139.061389,104.995855
10.456525,139.061389,104.997087
10.456601,139.061389,105.010900
10.456651,139.061389,105.046463
10.456704,139.061389,89.525120
10.456734,139.061389,90.926309
10.456767,139.061389,101.480476
10.456794,139.061389,103.858018
10.456822,139.061389,104.726018
10.456852,139.061389,105.046689
10.456909,139.061389,105.051519
10.456937,139.061389,105.055246
10.457010,139.061389,105.062633
10.457052,139.061389,105.063807
10.457076,139.061389,105.073072
10.457100,139.061389,105.078776
10.457143,139.061389,97.569618
10.457172,139.061389,103.172156
10.457210,139.061389,105.097105
10.457241,139.061389,105.099599
10.457328,139.061389,105.119343
10.457357,139.061389,105.156364
10.457436,139.061389,105.162537
10.457483,139.061389,105.183836
10.457515,139.061389,105.192276
10.457555,139.061389,105.208279
10.457608,139.061389,105.216879
10.457659,139.061389,105.242945
10.457715,139.061389,105.262731
10.457792,139.061389,105.271406
10.457825,139.061389,105.279324
10.457861,139.061389,105.279935
10.457910,139.061389,105.294862
10.458017,139.061389,105.311889
10.458063,139.061389,105.324459
10.458094,139.061389,105.337388
10.458129,139.061389,105.351640
10.458162,139.061389,105.355374
10.458187,139.061389,105.377460
10.458210,139.061389,105.383726
10.458253,139.061389,105.392864
10.458292,139.061389,105.394862
10.458323,139.061389,105.409503
10.458382,139.061389,105.411977
10.458431,139.061389,105.414431
10.458512,139.061389,105.426881
10.458552,139.061389,89.961082
10.458584,139.061389,97.561029
10.458615,139.061389,101.020018
10.458645,139.061389,103.338620
10.458679,139.061389,104.795378
10.458707,139.061389,105.428116
10.458790,139.061389,105.432156
10.458816,139.061389,105.436572
10.458903,139.061389,105.449235
10.458945,139.061389,105.475017
10.458973,139.061389,105.477321
10.459017,139.061389,105.492476
10.459083,139.061389,105.495272
10.459113,139.061389,105.508010
10.459148,139.061389,105.509515
10.459180,139.061389,105.541699
10.459217,139.061389,105.570193
10.459253,139.061389,105.588575
10.459290,139.061389,105.604676
10.459417,139.061389,105.612112
10.459453,139.061389,105.645323
10.459526,139.061389,105.676770
10.459560,139.061389,105.684735
10.459589,139.061389,105.704521
10.459634,139.061389,105.712031
10.459666,139.061389,105.713311
10.459726,139.061389,105.724233
10.459762,139.061389,105.736002
10.459795,139.061389,105.738462
10.459832,139.061389,105.741551
10.459930,139.061389,105.751519
10.459972,139.061389,105.765001
10.460018,139.061389,105.767630
10.460064,139.061389,105.771295
10.460109,139.061389,105.788555
10.460130,139.061389,105.793465
10.460169,139.061389,105.793572
10.460223,139.061389,105.816895
10.460310,139.061389,105.889727
10.460397,139.061389,105.898367
10.460444,139.061389,105.902155
10.460472,139.061389,105.909552
10.460500,139.061389,105.923007
10.460541,139.061389,105.933012
10.460621,139.061389,105.941739
10.460675,139.061389,105.945149
10.460781,139.061389,105.946599
10.460803,139.061389,105.954148
10.460835,139.061389,105.968807
10.460878,139.061389,105.975022
10.460926,139.061389,105.977439
10.460979,139.061389,105.989727
10.461007,139.061389,106.014564
10.461037,139.061389,106.024978
10.461067,139.061389,106.041598
10.461099,139.061389,106.045263
10.461127,139.061389,106.073759
10.461205,139.061389,106.118196
10.461236,139.061389,106.167793
10.461272,139.061389,106.172410
10.461315,139.061389,106.172570
10.461355,139.061389,106.179924
10.461409,139.061389,106.202264
10.461491,139.061389,106.211983
10.461525,139.061389,106.220782
10.461550,139.061389,106.262543
10.461638,139.061389,106.277439
10.461677,139.061389,106.278649
10.461717,139.061389,106.293465
10.461801,139.061389,106.303380
10.461827,139.061389,106.312107
10.461869,139.061389,106.334159
10.461910,139.061389,106.335423
10.462024,139.061389,106.340351
10.462062,139.061389,106.361407
10.462134,139.061389,96.344738
10.462163,139.061389,106.362492
10.462198,139.061389,106.386033
10.462232,139.061389,106.388575
10.462277,139.061389,106.389702
10.462316,139.061389,106.389705
10.462368,139.061389,106.401232
10.462409,139.061389,106.426815
10.462448,139.061389,106.432937
10.462536,139.061389,106.452693
10.462578,139.061389,106.452904
10.462616,139.061389,106.463807
10.462649,139.061389,106.468948
10.462734,139.061389,96.783266
10.462763,139.061389,106.470091
10.462853,139.061389,106.471231
10.462965,139.061389,106.484863
10.463003,139.061389,106.487263
10.463040,139.061389,106.488596
10.463071,139.061389,106.489743
10.463153,139.061389,106.493417
10.463245,139.061389,106.514495
10.463363,139.061389,106.519343
10.463401,139.061389,106.521881
10.463485,139.061389,102.792821
10.463516,139.061389,106.523071
10.463633,139.061389,106.525627
10.463728,139.061389,106.530596
10.463761,139.061389,106.530676
10.463794,139.061389,106.539228
10.463830,139.061389,106.569971
10.463882,139.061389,106.571217
10.463919,139.061389,106.588609
10.463948,139.061389,106.603497
10.463992,139.061389,89.343490
10.464022,139.061389,104.191559
10.464049,139.061389,106.634109
10.464163,139.061389,106.635412
10.464243,139.061389,106.652782
10.464331,139.061389,106.662665
10.464369,139.061389,106.673780
10.464394,139.061389,106.689784
10.464443,139.061389,106.694745
10.464483,139.061389,106.707065
10.464521,139.061389,106.730527
10.464561,139.061389,106.746584
10.464613,139.061389,106.751519
10.464718,139.061389,106.755142
10.464814,139.061389,106.761311
10.464933,139.061389,105.431074
10.464965,139.061389,106.780011
10.465120,139.061389,106.788580
10.465149,139.061389,106.792249
10.465194,139.061389,106.800895
10.465218,139.061389,106.802097
10.465263,139.061389,106.828154
10.465322,139.061389,106.840506
10.465350,139.061389,106.847695
10.465378,139.061389,106.848669
10.465407,139.061389,106.872519
10.465435,139.061389,106.894727
10.465468,139.061389,106.903359
10.465547,139.061389,106.904682
10.465585,139.061389,106.906370
10.465624,139.061389,106.919295
10.465668,139.061389,106.929279
10.465697,139.061389,106.936814
10.465750,139.061389,106.940484
10.465810,139.061389,106.945401
10.465854,139.061389,95.026229
10.465883,139.061389,106.946495
10.466038,139.061389,106.950266
10.466133,139.061389,106.952785
10.466173,139.061389,106.975019
10.466221,139.061389,106.987313
10.466307,139.061389,106.998510
10.466347,139.061389,107.019465
10.466396,139.061389,96.647202
10.466430,139.061389,107.026815
10.466468,139.061389,107.028132
10.466494,139.061389,107.035694
10.466587,139.061389,107.041720
10.466639,139.061389,107.051487
10.466733,139.061389,107.061407
10.466829,139.061389,107.062714
10.466873,139.061389,107.066225
10.466914,139.061389,107.079056
10.466951,139.061389,107.082794
10.466989,139.061389,107.094785
10.467018,139.061389,102.055742
10.467046,139.061389,107.096467
10.467076,139.061389,107.098490
10.467154,139.061389,107.105844
10.467187,139.061389,107.109503
10.467235,139.061389,107.110904
10.467284,139.061389,107.112241
10.467332,139.061389,107.124287
10.467377,139.061389,107.140598
10.467421,139.061389,102.611602
10.467453,139.061389,105.227722
10.467486,139.061389,107.152014
10.467529,139.061389,107.166061
10.467568,139.061389,107.166207
10.467611,139.061389,107.176299
10.467638,139.061389,107.197135
10.467691,139.061389,107.207214
10.467720,139.061389,107.224345
10.467789,139.061389,107.231849
10.467843,139.061389,107.232943
10.467935,139.061389,107.236649
10.468069,139.061389,107.238027
10.468113,139.061389,107.251170
10.468157,139.061389,107.260079
10.468204,139.061389,107.261343
10.468265,139.061389,107.266271
10.468310,139.061389,107.272511
10.468357,139.061389,107.277473
10.468401,139.061389,97.886970
10.468436,139.061389,107.286047
10.468567,139.061389,107.310968
10.468649,139.061389,107.315625
10.468690,139.061389,107.323522
10.468730,139.061389,107.329161
10.468765,139.061389,107.340511
10.468813,139.061389,107.340593
10.468851,139.061389,107.352687
10.468892,139.061389,107.352782
10.468930,139.061389,107.377324
10.469029,139.061389,99.138546
10.469088,139.061389,107.377324
10.469118,139.061389,107.388634
10.469158,139.061389,107.389727
10.469194,139.061389,107.396011
10.469237,139.061389,107.402158
10.469325,139.061389,107.404602
10.469420,139.061389,107.413183
10.469456,139.061389,107.416879
10.469484,139.061389,107.433631
10.469529,139.061389,107.437308
10.469559,139.061389,107.443434
10.469590,139.061389,107.445263
10.469668,139.061389,107.465148
10.469697,139.061389,107.466974
10.469719,139.061389,107.488569
10.469761,139.061389,107.492256
10.469798,139.061389,107.495891
10.469840,139.061389,107.496178
10.469880,139.061389,107.496722
10.469960,139.061389,107.497163
10.469993,139.061389,107.510817
10.470023,139.061389,107.519467
10.470061,139.061389,107.521919
10.470098,139.061389,107.524346
10.470147,139.061389,107.529491
10.470178,139.061389,107.534207
10.470215,139.061389,107.541037
10.470252,139.061389,107.546914
10.470289,139.061389,107.550175
10.470322,139.061389,107.555275
10.470475,139.061389,107.569378
10.470515,139.061389,107.571209
10.470570,139.061389,107.576073
10.470601,139.061389,107.581195
10.470701,139.061389,107.589743
10.470739,139.061389,107.602217
10.470772,139.061389,107.629279
10.470816,139.061389,107.636745
10.470867,139.061389,99.899042
10.470903,139.061389,107.654607
10.470944,139.061389,107.659051
10.471001,139.061389,107.662505
10.471041,139.061389,98.835938
10.471070,139.061389,107.670106
10.471109,139.061389,107.677439
10.471236,139.061389,107.698367
10.471291,139.061389,107.705791
10.471331,139.061389,107.705931
10.471416,139.061389,107.707615
10.471460,139.061389,107.710114
10.471503,139.061389,107.710787
10.471583,139.061389,107.717112
10.471639,139.061389,107.728017
10.471716,139.061389,107.730572
10.471755,139.061389,107.733131
10.471799,139.061389,107.750312
10.471842,139.061389,107.758889
10.471893,139.061389,107.760187
10.471937,139.061389,107.768695
10.471970,139.061389,107.770402
10.472009,139.061389,107.771381
10.472039,139.061389,107.773780
10.472079,139.061389,107.791177
10.472122,139.061389,107.793579
10.472152,139.061389,98.151106
10.472173,139.061389,107.800895
10.472210,139.061389,107.829279
10.472251,139.061389,107.829387
10.472328,139.061389,107.830495
10.472369,139.061389,107.840674
10.472413,139.061389,107.841643
10.472450,139.061389,107.845215
10.472518,139.061389,107.847759
10.472606,139.061389,107.847860
10.472844,139.061389,107.872415
10.472881,139.061389,107.872511
10.472960,139.061389,107.878385
10.472988,139.061389,107.881087
10.473103,139.061389,107.890975
10.473168,139.061389,107.917035
10.473195,139.061389,107.924430
10.473269,139.061389,107.934260
10.473329,139.061389,107.939649
10.473380,139.061389,107.945371
10.473419,139.061389,107.952735
10.473518,139.061389,107.954052
10.473550,139.061389,103.983272
10.473572,139.061389,107.967543
10.473633,139.061389,107.967596
10.473667,139.061389,107.967615
10.473718,139.061389,107.971203
10.473809,139.061389,107.976302
10.473877,139.061389,107.978763
10.473935,139.061389,107.982287
10.474022,139.061389,107.987327
10.474103,139.061389,97.026082
10.474136,139.061389,108.013274
10.474181,139.061389,108.014532
10.474245,139.061389,108.023818
10.474282,139.061389,108.024410
10.474325,139.061389,108.031642
10.474404,139.061389,108.034217
10.474519,139.061389,108.035423
10.474564,139.061389,108.050207
10.474613,139.061389,108.051519
10.474728,139.061389,108.062543
10.474795,139.061389,108.062714
10.474843,139.061389,108.067529
10.474879,139.061389,108.072596
10.474926,139.061389,108.075265
10.474970,139.061389,108.077439
10.475057,139.061389,108.085999
10.475105,139.061389,108.092127
10.475169,139.061389,108.093492
10.475216,139.061389,108.098506
10.475302,139.061389,108.109762
10.475346,139.061389,108.125668
10.475414,139.061389,108.139236
10.475444,139.061389,108.144654
10.475484,139.061389,108.161482
10.475568,139.061389,108.162699
10.475634,139.061389,108.181172
10.475680,139.061389,108.183240
10.475718,139.061389,108.190985
10.475769,139.061389,88.336396
10.475814,139.061389,92.259708
10.475857,139.061389,95.820098
10.475893,139.061389,98.262108
10.475935,139.061389,100.127458
10.475978,139.061389,105.079298
10.476013,139.061389,107.023560
10.476048,139.061389,107.673058
10.476088,139.061389,108.196078
10.476135,139.061389,108.235391
10.476217,139.061389,108.236888
10.476275,139.061389,108.247898
10.476331,139.061389,108.259039
10.476436,139.061389,108.270254
10.476508,139.061389,108.276280
10.476555,139.061389,108.278607
10.476604,139.061389,108.287403
10.476669,139.061389,108.289043
10.476712,139.061389,108.292361
10.476772,139.061389,108.293540
10.476821,139.061389,108.300831
10.477055,139.061389,108.300889
10.477109,139.061389,108.321931
10.477146,139.061389,108.322003
10.477279,139.061389,108.388613
10.477330,139.061389,108.391081
10.477422,139.061389,108.391602
10.477474,139.061389,108.395980
10.477529,139.061389,108.396110
10.477585,139.061389,108.400884
10.477652,139.061389,108.405850
10.477745,139.061389,108.409503
10.477791,139.061389,108.418176
10.477863,139.061389,108.426876
10.477893,139.061389,108.434159
10.478030,139.061389,108.434444
10.478074,139.061389,108.440351
10.478126,139.061389,108.441420
10.478168,139.061389,108.445215
10.478217,139.061389,108.445387
10.478249,139.061389,108.452780
10.478360,139.061389,108.455438
10.478420,139.061389,108.461464
10.478477,139.061389,102.863516
10.478514,139.061389,108.463860
10.478548,139.061389,108.467503
10.478597,139.061389,108.470138
10.478644,139.061389,108.470148
10.478698,139.061389,108.475648
10.478745,139.061389,108.480770
10.478789,139.061389,108.482794
10.478837,139.061389,108.488422
10.478873,139.061389,108.497129
10.478920,139.061389,108.068066
10.478955,139.061389,108.498520
10.479057,139.061389,101.461084
10.479094,139.061389,108.521581
10.479122,139.061389,108.522003
10.479243,139.061389,108.539466
10.479282,139.061389,108.542847
10.479381,139.061389,108.544132
10.479419,139.061389,108.562650
10.479484,139.061389,108.566315
10.479535,139.061389,108.592319
10.479595,139.061389,108.594793
10.479646,139.061389,108.596026
10.479678,139.061389,108.603359
10.479728,139.061389,108.611903
10.479860,139.061389,94.016480
10.479898,139.061389,96.917660
10.479950,139.061389,108.397746
10.479982,139.061389,108.611903
10.480017,139.061389,108.615705
10.480068,139.061389,108.624287
10.480121,139.061389,108.631711
10.480173,139.061389,108.647946
10.480204,139.061389,108.652687
10.480325,139.061389,108.656874
10.480380,139.061389,108.659051
10.480430,139.061389,108.679897
10.480488,139.061389,108.686107
10.480526,139.061389,108.693668
10.480715,139.061389,108.699700
10.480749,139.061389,108.708156
10.480792,139.061389,108.712046
10.480861,139.061389,108.712943
10.480887,139.061389,108.726815
10.480994,139.061389,108.731642
10.481039,139.061389,108.751499
10.481067,139.061389,108.755307
10.481118,139.061389,108.772499
10.481189,139.061389,108.773679
10.481277,139.061389,103.644620
10.481311,139.061389,108.773780
10.481348,139.061389,108.775602
10.481393,139.061389,108.782440
10.481450,139.061389,108.782507
10.481493,139.061389,108.792324
10.481527,139.061389,108.797267
10.481677,139.061389,108.798431
10.481724,139.061389,108.807007
10.481831,139.061389,108.816895
10.481912,139.061389,108.816939
10.481960,139.061389,108.826735
10.482022,139.061389,108.871291
10.482055,139.061389,108.878707
10.482097,139.061389,108.885961
10.482254,139.061389,108.893463
10.482361,139.061389,108.902222
10.482395,139.061389,99.054918
10.482425,139.061389,108.914501
10.482527,139.061389,108.921202
10.482577,139.061389,108.921893
10.482639,139.061389,108.933019
10.482748,139.061389,108.956393
10.482796,139.061389,108.978655
10.482845,139.061389,108.981331
10.482900,139.061389,108.987842
10.482952,139.061389,108.988463
10.483005,139.061389,108.992249
10.483091,139.061389,108.998516
10.483136,139.061389,109.013569
10.483185,139.061389,109.015777
10.483230,139.061389,109.019412
10.483266,139.061389,109.028059
10.483315,139.061389,109.041657
10.483377,139.061389,109.051588
10.483453,139.061389,109.066475
10.483512,139.061389,109.081427
10.483554,139.061389,109.093407
10.483738,139.061389,109.113311
10.483808,139.061389,109.113323
10.483988,139.061389,109.115647
10.484056,139.061389,109.120623
10.484096,139.061389,109.121972
10.484150,139.061389,100.463426
10.484186,139.061389,109.125619
10.484223,139.061389,109.125717
10.484269,139.061389,109.129489
10.484317,139.061389,109.135391
10.484352,139.061389,109.139129
10.484400,139.061389,109.151557
10.484453,139.061389,109.155189
10.484501,139.061389,109.160552
10.484547,139.061389,109.161311
10.484597,139.061389,109.174847
10.484642,139.061389,109.179931
10.484707,139.061389,109.185089
10.484739,139.061389,109.189791
10.484877,139.061389,109.208347
10.484981,139.061389,109.219460
10.485014,139.061389,109.234254
10.485081,139.061389,109.241567
10.485168,139.061389,109.247923
10.485202,139.061389,109.256553
10.485270,139.061389,109.266324
10.485310,139.061389,109.271289
10.485372,139.061389,109.278591
10.485424,139.061389,109.280989
10.485481,139.061389,109.287793
10.485530,139.061389,109.292159
10.485667,139.061389,109.321581
10.485755,139.061389,109.322059
10.485821,139.061389,109.326804
10.485875,139.061389,109.335423
10.485985,139.061389,109.360154
10.486027,139.061389,109.376275
10.486145,139.061389,109.378559
10.486243,139.061389,109.379056
10.486342,139.061389,109.392233
10.486387,139.061389,109.393423
10.486434,139.061389,109.393455
10.486530,139.061389,109.395889
10.486611,139.061389,109.397151
10.486771,139.061389,109.407115
10.486842,139.061389,109.413538
10.486887,139.061389,109.423192
10.486981,139.061389,100.142450
10.487024,139.061389,109.426751
10.487066,139.061389,109.426857
10.487118,139.061389,109.444101
10.487163,139.061389,109.447923
10.487195,139.061389,109.450456
10.487285,139.061389,98.588242
10.487317,139.061389,109.454011
10.487369,139.061389,98.221429
10.487403,139.061389,100.663455
10.487441,139.061389,104.513909
10.487475,139.061389,109.465724
10.487517,139.061389,109.470052
10.487555,139.061389,109.471231
10.487654,139.061389,109.476105
10.487712,139.061389,109.482367
10.487812,139.061389,109.494757
10.487920,139.061389,109.512184
10.487957,139.061389,109.513236
10.487994,139.061389,109.526408
10.488022,139.061389,109.529279
10.488068,139.061389,109.556377
10.488131,139.061389,109.556627
10.488176,139.061389,109.557617
10.488221,139.061389,109.560191
10.488267,139.061389,109.578607
10.488357,139.061389,109.592299
10.488453,139.061389,109.605743
10.488537,139.061389,109.607007
10.488602,139.061389,109.626921
10.488638,139.061389,108.399914
10.488670,139.061389,109.637966
10.488712,139.061389,95.991784
10.488751,139.061389,102.562152
10.488784,139.061389,108.317503
10.488809,139.061389,109.641657
10.488905,139.061389,109.652735
10.488995,139.061389,109.652883
10.489047,139.061389,109.656371
10.489096,139.061389,109.662665
10.489205,139.061389,109.697055
10.489247,139.061389,109.704543
10.489316,139.061389,109.718187
10.489350,139.061389,109.723017
10.489396,139.061389,109.733080
10.489437,139.061389,109.736607
10.489598,139.061389,109.792249
10.489640,139.061389,109.792297
10.489743,139.061389,109.838036
10.489832,139.061389,97.764706
10.489866,139.061389,109.846579
10.489962,139.061389,109.852655
10.490010,139.061389,109.863807
10.490056,139.061389,109.869935
10.490091,139.061389,109.871267
10.490179,139.061389,109.923209
10.490231,139.061389,109.939308
10.490277,139.061389,103.123880
10.490312,139.061389,109.941697
10.490345,139.061389,109.943967
10.490423,139.061389,109.953979
10.490460,139.061389,109.962623
10.490506,139.061389,109.966225
10.490547,139.061389,109.986059
10.490612,139.061389,109.992249
10.490656,139.061389,110.008340
10.490749,139.061389,110.020740
10.490882,139.061389,110.039243
10.490917,139.061389,110.041567
10.490970,139.061389,110.045469
10.491077,139.061389,105.564727
10.491103,139.061389,107.319125
10.491140,139.061389,108.147509
10.491186,139.061389,110.051637
10.491222,139.061389,110.055409
10.491257,139.061389,110.056361
10.491342,139.061389,103.513730
10.491376,139.061389,110.056451
10.491460,139.061389,110.056474
10.491514,139.061389,110.098512
10.491640,139.061389,110.100767
10.491672,139.061389,110.105851
10.491713,139.061389,110.110836
10.491811,139.061389,110.151090
10.491848,139.061389,110.160174
10.491890,139.061389,106.831272
10.491917,139.061389,110.160191
10.492057,139.061389,110.160212
10.492103,139.061389,91.660962
10.492140,139.061389,99.528706
10.492174,139.061389,100.758306
10.492208,139.061389,110.162641
10.492252,139.061389,110.168463
10.492285,139.061389,110.182506
10.492327,139.061389,110.190146
10.492374,139.061389,110.208398
10.492419,139.061389,110.210915
10.492468,139.061389,110.218079
10.492583,139.061389,110.229347
10.492631,139.061389,110.248129
10.492665,139.061389,110.255252
10.492750,139.061389,110.255267
10.492789,139.061389,110.261343
10.492834,139.061389,110.277152
10.492883,139.061389,110.286074
10.492927,139.061389,110.293535
10.492979,139.061389,110.297227
10.493013,139.061389,110.302195
10.493041,139.061389,110.304479
10.493086,139.061389,110.309707
10.493139,139.061389,110.315700
10.493175,139.061389,110.318153
10.493219,139.061389,110.323071
10.493261,139.061389,110.333035
10.493338,139.061389,110.333166
10.493433,139.061389,99.470952
10.493471,139.061389,110.356524
10.493510,139.061389,110.359091
10.493554,139.061389,110.394894
10.493590,139.061389,110.406921
10.493686,139.061389,110.408285
10.493741,139.061389,110.418155
10.493782,139.061389,110.422986
10.493826,139.061389,110.424491
10.493875,139.061389,110.433313
10.493910,139.061389,110.445363
10.493960,139.061389,110.450163
10.494017,139.061389,99.686816
10.494100,139.061389,108.642336
10.494145,139.061389,110.450163
10.494197,139.061389,109.342336
10.494241,139.061389,110.452693
10.494282,139.061389,110.463881
10.494334,139.061389,110.476127
10.494375,139.061389,110.478751
10.494476,139.061389,110.482297
10.494527,139.061389,110.489701
10.494627,139.061389,110.499786
10.494661,139.061389,110.505963
10.494723,139.061389,88.478114
10.494762,139.061389,107.281630
10.494796,139.061389,110.516130
10.494841,139.061389,110.518219
10.494948,139.061389,110.526719
10.495021,139.061389,110.529400
10.495080,139.061389,110.530435
10.495238,139.061389,110.552948
10.495281,139.061389,110.560267
10.495326,139.061389,110.567577
10.495383,139.061389,110.581694
10.495425,139.061389,110.596972
10.495482,139.061389,110.602149
10.495515,139.061389,110.603339
10.495550,139.061389,110.607147
10.495620,139.061389,110.630463
10.495671,139.061389,110.631653
10.495770,139.061389,110.641699
10.495860,139.061389,110.644107
10.495904,139.061389,110.661311
10.496009,139.061389,110.662473
10.496049,139.061389,110.662527
10.496096,139.061389,110.675035
10.496195,139.061389,110.678649
10.496254,139.061389,110.705196
10.496303,139.061389,110.705791
10.496354,139.061389,110.712019
10.496409,139.061389,110.712714
10.496457,139.061389,110.730495
10.496505,139.061389,110.744041
10.496555,139.061389,110.745303
10.496591,139.061389,110.668241
10.496620,139.061389,110.756523
10.496656,139.061389,110.763956
10.496700,139.061389,110.776095
10.496750,139.061389,110.777471
10.496809,139.061389,110.791592
10.496872,139.061389,110.793413
10.496918,139.061389,110.797856
10.496957,139.061389,110.800952
10.497015,139.061389,96.261072
10.497046,139.061389,107.627676
10.497087,139.061389,110.800952
10.497187,139.061389,110.804723
10.497245,139.061389,108.201836
10.497286,139.061389,108.649901
10.497323,139.061389,110.806291
10.497369,139.061389,110.821924
10.497470,139.061389,110.824191
10.497516,139.061389,110.826815
10.497578,139.061389,110.826859
10.497634,139.061389,110.841691
10.497689,139.061389,110.850337
10.497770,139.061389,110.854148
10.497849,139.061389,110.868463
10.497884,139.061389,110.887346
10.497940,139.061389,104.848524
10.497980,139.061389,105.594094
10.498019,139.061389,110.890975
10.498066,139.061389,110.907123
10.498166,139.061389,110.921923
10.498257,139.061389,97.741234
10.498301,139.061389,100.792863
10.498338,139.061389,110.934260
10.498465,139.061389,110.940459
10.498521,139.061389,110.955275
10.498617,139.061389,110.957747
10.498656,139.061389,110.961954
10.498711,139.061389,110.971416
10.498751,139.061389,110.977375
10.498811,139.061389,111.014532
10.498918,139.061389,111.018988
10.498966,139.061389,111.024432
10.498997,139.061389,111.026879
10.499042,139.061389,109.301491
10.499077,139.061389,111.031771
10.499113,139.061389,111.038462
10.499157,139.061389,111.068687
10.499254,139.061389,111.084961
10.499301,139.061389,111.088619
10.499334,139.061389,111.093407
10.499429,139.061389,111.093499
10.499490,139.061389,111.094851
10.499541,139.061389,111.100932
10.499597,139.061389,111.101060
10.499702,139.061389,111.104579
10.499768,139.061389,111.118164
10.499810,139.061389,107.127618
10.499838,139.061389,111.119343
10.499887,139.061389,111.125643
10.499939,139.061389,111.130431
10.500177,139.061389,111.130556
10.500213,139.061389,111.148943
10.500256,139.061389,111.152671
10.500308,139.061389,111.162699
10.500505,139.061389,111.171503
10.500562,139.061389,106.315213
10.500595,139.061389,111.176321
10.500653,139.061389,111.178527
10.500752,139.061389,111.181172
10.500864,139.061389,111.187281
10.500959,139.061389,111.204659
10.500993,139.061389,111.205759
10.501070,139.061389,111.205929
10.501145,139.061389,111.230554
10.501196,139.061389,111.239868
10.501250,139.061389,111.252671
10.501425,139.061389,111.257838
10.501488,139.061389,111.271215
10.501540,139.061389,111.271379
10.501734,139.061389,111.276241
10.501807,139.061389,111.278591
10.501861,139.061389,111.298475
10.501911,139.061389,111.303380
10.501952,139.061389,111.310904
10.502006,139.061389,105.445935
10.502039,139.061389,111.315599
10.502076,139.061389,111.315669
10.502122,139.061389,111.321791
10.502177,139.061389,111.323288
10.502219,139.061389,111.325593
10.502263,139.061389,111.327945
10.502318,139.061389,102.912450
10.502345,139.061389,111.331876
10.502435,139.061389,111.347844
10.502489,139.061389,111.355299
10.502551,139.061389,111.365076
10.502590,139.061389,111.395855
10.502707,139.061389,111.400891
10.502781,139.061389,111.414377
10.502826,139.061389,111.415705
10.502874,139.061389,110.734837
10.502910,139.061389,111.419068
10.502957,139.061389,111.424233
10.503011,139.061389,111.437354
10.503057,139.061389,111.452639
10.503189,139.061389,111.453564
10.503239,139.061389,111.456355
10.503271,139.061389,111.457583
10.503364,139.061389,111.457846
10.503497,139.061389,99.723890
10.503544,139.061389,100.243740
10.503588,139.061389,111.458847
10.503656,139.061389,94.116588
10.503706,139.061389,99.412850
10.503752,139.061389,105.921250
10.503793,139.061389,107.389122
10.503838,139.061389,108.672050
10.503885,139.061389,111.460298
10.503933,139.061389,111.463807
10.504050,139.061389,111.463932
10.504086,139.061389,111.465115
10.504149,139.061389,111.466814
10.504192,139.061389,111.473759
10.504235,139.061389,109.748371
10.504270,139.061389,111.487167
10.504321,139.061389,111.489806
10.504373,139.061389,105.317672
10.504401,139.061389,111.499747
10.504451,139.061389,111.504575
10.504558,139.061389,111.508211
10.504599,139.061389,111.508345
10.504693,139.061389,103.895244
10.504729,139.061389,105.821368
10.504761,139.061389,111.514569
10.504807,139.061389,101.947138
10.504843,139.061389,111.519343
10.504950,139.061389,111.538620
10.505006,139.061389,111.541838
10.505082,139.061389,111.545323
10.505128,139.061389,111.552761
10.505180,139.061389,111.557573
10.505230,139.061389,111.558905
10.505282,139.061389,111.560267
10.505319,139.061389,111.574857
10.505371,139.061389,111.576185
10.505469,139.061389,111.576850
10.505520,139.061389,111.583340
10.505566,139.061389,111.592267
10.505626,139.061389,111.600955
10.505675,139.061389,111.615085
10.505732,139.061389,111.623139
10.505868,139.061389,111.631711
10.505924,139.061389,111.631928
10.505961,139.061389,111.638025
10.506003,139.061389,111.640412
10.506056,139.061389,111.642906
10.506102,139.061389,111.644159
10.506155,139.061389,94.375714
10.506198,139.061389,95.227490
10.506235,139.061389,109.671522
10.506271,139.061389,111.649055
10.506318,139.061389,107.332386
10.506356,139.061389,111.650545
10.506407,139.061389,111.656415
10.506502,139.061389,104.953314
10.506530,139.061389,111.659644
10.506608,139.061389,111.663939
10.506655,139.061389,103.058335
10.506692,139.061389,111.669961
10.506729,139.061389,111.671223
10.506770,139.061389,111.674990
10.506817,139.061389,111.684878
10.506871,139.061389,111.687395
10.506932,139.061389,99.741192
10.506976,139.061389,107.628703
10.507013,139.061389,111.689759
10.507066,139.061389,111.700927
10.507115,139.061389,111.702015
10.507154,139.061389,111.704495
10.507194,139.061389,111.719333
10.507240,139.061389,111.723093
10.507290,139.061389,111.723600
10.507326,139.061389,111.739087
10.507431,139.061389,111.744095
10.507626,139.061389,111.750111
10.507701,139.061389,111.752779
10.507742,139.061389,111.755123
10.507782,139.061389,111.761321
10.507832,139.061389,111.765087
10.507902,139.061389,111.780068
10.507945,139.061389,111.786015
10.508077,139.061389,111.786058
10.508184,139.061389,111.787395
10.508222,139.061389,111.793413
10.508268,139.061389,111.816895
10.508315,139.061389,111.826572
10.508360,139.061389,111.833674
10.508407,139.061389,111.835561
10.508467,139.061389,95.492962
10.508510,139.061389,102.559490
10.508547,139.061389,109.940770
10.508582,139.061389,111.837899
10.508627,139.061389,111.838492
10.508672,139.061389,111.840421
10.508721,139.061389,111.840609
10.508781,139.061389,101.348764
10.508824,139.061389,111.841599
10.508876,139.061389,111.844924
10.508927,139.061389,111.849071
10.508981,139.061389,103.998055
10.509022,139.061389,111.692979
10.509057,139.061389,111.883667
10.509102,139.061389,111.897087
10.509153,139.061389,111.900831
10.509188,139.061389,111.914501
10.509342,139.061389,111.914675
10.509373,139.061389,111.920645
10.509425,139.061389,111.920856
10.509483,139.061389,111.925593
10.509531,139.061389,111.937375
10.509584,139.061389,111.941060
10.509630,139.061389,111.953269
10.509670,139.061389,111.959185
10.509715,139.061389,111.141229
10.509740,139.061389,111.962676
10.509781,139.061389,111.970116
10.509886,139.061389,111.985999
10.509982,139.061389,111.994793
10.510043,139.061389,111.996003
10.510093,139.061389,112.008329
10.510140,139.061389,112.012584
10.510184,139.061389,112.014539
10.510317,139.061389,112.016657
10.510351,139.061389,112.019419
10.510391,139.061389,112.022578
10.510443,139.061389,112.026980
10.510480,139.061389,112.030499
10.510524,139.061389,98.978120
10.510561,139.061389,112.035635
10.510607,139.061389,112.056351
10.510684,139.061389,112.068671
10.510828,139.061389,112.069919
10.510878,139.061389,112.073759
10.510922,139.061389,112.082641
10.510960,139.061389,112.091039
10.511010,139.061389,94.822594
10.511051,139.061389,95.674370
10.511087,139.061389,110.118402
10.511122,139.061389,112.092249
10.511308,139.061389,112.097129
10.511413,139.061389,112.097215
10.511517,139.061389,112.108223
10.511570,139.061389,112.116034
10.511620,139.061389,112.116895
10.511712,139.061389,112.130579
10.511750,139.061389,112.131679
10.511805,139.061389,112.137354
10.511853,139.061389,112.138986
10.511912,139.061389,112.143999
10.511987,139.061389,112.144026
10.512038,139.061389,112.147819
10.512078,139.061389,112.147860
10.512112,139.061389,112.149063
10.512147,139.061389,112.149067
10.512185,139.061389,112.178591
10.512218,139.061389,112.197135
10.512264,139.061389,112.215689
10.512368,139.061389,112.218293
10.512398,139.061389,112.219470
10.512496,139.061389,112.234738
10.512600,139.061389,112.239916
10.512647,139.061389,112.258952
10.512698,139.061389,112.266331
10.512740,139.061389,112.270692
10.512784,139.061389,112.279775
10.512832,139.061389,112.282510
10.512996,139.061389,112.289883
10.513040,139.061389,112.290927
10.513089,139.061389,112.301320
10.513138,139.061389,112.306445
10.513178,139.061389,112.322568
10.513229,139.061389,112.326811
10.513284,139.061389,112.327967
10.513327,139.061389,112.336655
10.513434,139.061389,112.337951
10.513480,139.061389,112.346289
10.513515,139.061389,112.349082
10.513615,139.061389,112.356501
10.513649,139.061389,112.371273
10.513707,139.061389,112.382281
10.513807,139.061389,112.387231
10.513915,139.061389,112.391035
10.513953,139.061389,103.793013
10.513983,139.061389,112.391035
10.514025,139.061389,112.413204
10.514072,139.061389,112.415658
10.514121,139.061389,112.435004
10.514164,139.061389,112.437989
10.514247,139.061389,112.440489
10.514374,139.061389,102.873058
10.514411,139.061389,112.442666
10.514456,139.061389,112.442987
10.514514,139.061389,112.447807
10.514585,139.061389,112.452014
10.514627,139.061389,112.453925
10.514723,139.061389,112.465828
10.514766,139.061389,112.471243
10.514838,139.061389,112.478559
10.514916,139.061389,112.478766
10.515018,139.061389,112.482303
10.515071,139.061389,112.482882
10.515117,139.061389,112.489737
10.515215,139.061389,112.513151
10.515305,139.061389,112.513243
10.515351,139.061389,112.526875
10.515396,139.061389,112.538492
10.515442,139.061389,112.540489
10.515507,139.061389,112.542749
10.515565,139.061389,112.566332
10.515650,139.061389,112.568620
10.515697,139.061389,112.578412
10.515743,139.061389,112.582590
10.515790,139.061389,112.587253
10.515835,139.061389,112.598523
10.515873,139.061389,112.607007
10.515922,139.061389,112.610798
10.515969,139.061389,112.631721
10.516024,139.061389,112.631737
10.516063,139.061389,112.642777
10.516116,139.061389,112.644260
10.516172,139.061389,112.653977
10.516264,139.061389,112.654015
10.516378,139.061389,112.666478
10.516436,139.061389,112.667487
10.516483,139.061389,112.668735
10.516553,139.061389,112.670015
10.516604,139.061389,112.691007
10.516649,139.061389,94.750882
10.516689,139.061389,112.494986
10.516725,139.061389,112.691039
10.516783,139.061389,94.759762
10.516886,139.061389,99.722594
10.516927,139.061389,101.415170
10.516976,139.061389,101.729794
10.517014,139.061389,112.691039
10.517055,139.061389,112.702177
10.517093,139.061389,112.706322
10.517151,139.061389,112.709066
10.517200,139.061389,112.716873
10.517293,139.061389,112.718239
10.517346,139.061389,112.721844
10.517387,139.061389,112.726815
10.517437,139.061389,112.729444
10.517491,139.061389,112.731739
10.517535,139.061389,112.781415
10.517581,139.061389,112.786100
10.517625,139.061389,108.795554
10.517653,139.061389,112.803359
10.517711,139.061389,112.805084
10.517769,139.061389,112.807115
10.517809,139.061389,112.823007
10.517913,139.061389,112.829215
10.517966,139.061389,112.829941
10.518008,139.061389,112.843977
10.518062,139.061389,112.846585
10.518168,139.061389,112.846776
10.518214,139.061389,105.461074
10.518252,139.061389,112.851513
10.518311,139.061389,95.642472
10.518361,139.061389,103.558367
10.518404,139.061389,104.594143
10.518449,139.061389,107.722453
10.518486,139.061389,112.851513
10.518528,139.061389,112.861971
10.518569,139.061389,112.862661
10.518625,139.061389,97.573386
10.518667,139.061389,104.180542
10.518712,139.061389,104.317683
10.518755,139.061389,109.427338
10.518788,139.061389,110.850924
10.518830,139.061389,112.863865
10.518943,139.061389,112.871626
10.518996,139.061389,112.881145
10.519086,139.061389,112.883611
10.519131,139.061389,112.889689
10.519184,139.061389,112.904559
10.519287,139.061389,112.907794
10.519336,139.061389,112.912075
10.519390,139.061389,108.580435
10.519425,139.061389,112.925700
10.519491,139.061389,112.934249
10.519542,139.061389,112.940459
10.519583,139.061389,112.949185
10.519648,139.061389,101.760808
10.519688,139.061389,101.891724
10.519725,139.061389,102.373340
10.519771,139.061389,107.139826
10.519855,139.061389,112.962575
10.519918,139.061389,112.970232
10.519963,139.061389,112.975118
10.520009,139.061389,106.164712
10.520047,139.061389,112.978651
10.520088,139.061389,112.992299
10.520125,139.061389,112.994591
10.520179,139.061389,112.995961
10.520230,139.061389,112.996009
10.520284,139.061389,113.000783
10.520330,139.061389,113.004511
10.520371,139.061389,113.014539
10.520425,139.061389,113.016905
10.520477,139.061389,113.020575
10.520526,139.061389,113.021202
10.520579,139.061389,113.030367
10.520769,139.061389,113.030527
10.520831,139.061389,113.033012
10.520872,139.061389,113.034143
10.520911,139.061389,113.046659
10.520963,139.061389,113.060090
10.521020,139.061389,103.974515
10.521061,139.061389,113.068014
10.521117,139.061389,113.069919
10.521253,139.061389,113.074929
10.521340,139.061389,113.077439
10.521399,139.061389,113.089743
10.521441,139.061389,113.097123
10.521497,139.061389,113.098574
10.521539,139.061389,113.104543
10.521604,139.061389,113.109678
10.521648,139.061389,113.114480
10.521698,139.061389,113.119412
10.521741,139.061389,113.123495
10.521791,139.061389,113.139694
10.521834,139.061389,113.151519
10.521900,139.061389,113.152883
10.521955,139.061389,112.607949
10.521983,139.061389,113.163817
10.522042,139.061389,113.173631
10.522098,139.061389,113.175012
10.522158,139.061389,113.175128
10.522204,139.061389,113.183716
10.522247,139.061389,113.199723
10.522284,139.061389,113.205695
10.522362,139.061389,113.205759
10.522459,139.061389,113.235922
10.522517,139.061389,113.238291
10.522567,139.061389,113.244095
10.522630,139.061389,113.247695
10.522725,139.061389,113.257729
10.522768,139.061389,113.270158
10.522930,139.061389,113.276296
10.523024,139.061389,113.288298
10.523071,139.061389,113.294351
10.523113,139.061389,113.295979
10.523153,139.061389,113.304479
10.523241,139.061389,113.308851
10.523286,139.061389,113.315647
10.523331,139.061389,113.315806
10.523380,139.061389,113.323083
10.523430,139.061389,113.330591
10.523547,139.061389,113.339007
10.523635,139.061389,113.342290
10.523694,139.061389,113.351461
10.523748,139.061389,113.351557
10.523802,139.061389,113.354004
10.523876,139.061389,113.356415
10.523982,139.061389,105.253314
10.524012,139.061389,113.368689
10.524069,139.061389,113.368719
10.524114,139.061389,113.373727
10.524163,139.061389,97.533602
10.524204,139.061389,109.300179
10.524241,139.061389,113.377449
10.524359,139.061389,113.381099
10.524402,139.061389,113.382379
10.524450,139.061389,113.389791
10.524563,139.061389,113.392249
10.524684,139.061389,113.416130
10.524753,139.061389,113.421924
10.524813,139.061389,113.436721
10.524854,139.061389,113.440233
10.524902,139.061389,113.440372
10.524948,139.061389,113.442913
10.525007,139.061389,113.450249
10.525116,139.061389,113.450292
10.525306,139.061389,113.458955
10.525367,139.061389,112.449502
10.525405,139.061389,113.460159
10.525454,139.061389,113.476095
10.525510,139.061389,113.476185
10.525556,139.061389,113.478056
10.525602,139.061389,113.480275
10.525654,139.061389,113.482372
10.525695,139.061389,113.483768
10.525737,139.061389,113.493652
10.525841,139.061389,101.482050
10.525879,139.061389,113.500831
10.525916,139.061389,113.512044
10.525973,139.061389,113.523063
10.526060,139.061389,113.524766
10.526110,139.061389,113.534340
10.526219,139.061389,113.541599
10.526272,139.061389,113.545466
10.526325,139.061389,103.798055
10.526356,139.061389,110.306695
10.526384,139.061389,113.545466
10.526434,139.061389,113.550802
10.526487,139.061389,113.555380
10.526529,139.061389,113.559602
10.526582,139.061389,113.577433
10.526634,139.061389,113.583615
10.526679,139.061389,113.590927
10.526742,139.061389,111.775436
10.526772,139.061389,113.590927
10.526820,139.061389,113.594655
10.526940,139.061389,113.600916
10.527001,139.061389,113.620575
10.527181,139.061389,113.623983
10.527219,139.061389,113.629291
10.527263,139.061389,113.664426
10.527314,139.061389,113.679823
10.527357,139.061389,113.681188
10.527482,139.061389,113.683127
10.527540,139.061389,113.685004
10.527601,139.061389,113.687284
10.527641,139.061389,113.687401
10.527703,139.061389,95.018882
10.527746,139.061389,106.859330
10.527785,139.061389,110.866690
10.527821,139.061389,113.687966
10.527857,139.061389,113.693679
10.527910,139.061389,113.697041
10.527946,139.061389,113.704401
10.527992,139.061389,113.709519
10.528042,139.061389,113.711315
10.528094,139.061389,113.715637
10.528151,139.061389,113.721823
10.528215,139.061389,113.733035
10.528258,139.061389,113.740297
10.528368,139.061389,113.741386
10.528415,139.061389,113.743122
10.528458,139.061389,113.744206
10.528515,139.061389,113.748179
10.528566,139.061389,113.762676
10.528624,139.061389,113.769897
10.528673,139.061389,109.758114
10.528712,139.061389,113.778659
10.528824,139.061389,113.790504
10.528872,139.061389,113.792233
10.528970,139.061389,113.798220
10.529019,139.061389,113.798505
10.529063,139.061389,113.803475
10.529116,139.061389,113.810819
10.529170,139.061389,113.822408
10.529225,139.061389,113.837839
10.529276,139.061389,113.860041
10.529321,139.061389,113.866379
10.529360,139.061389,113.872487
10.529405,139.061389,113.888495
10.529458,139.061389,113.898505
10.529504,139.061389,113.902121
10.529559,139.061389,113.910731
10.529601,139.061389,113.918219
10.529639,139.061389,113.921881
10.529686,139.061389,112.663221
10.529724,139.061389,113.921929
10.529771,139.061389,107.420066
10.529809,139.061389,113.926735
10.529847,139.061389,113.928073
10.529904,139.061389,113.928078
10.529967,139.061389,113.933045
10.530081,139.061389,113.940459
10.530125,139.061389,113.942819
10.530217,139.061389,113.946495
10.530268,139.061389,113.959076
10.530315,139.061389,113.961343
10.530373,139.061389,113.976376
10.530437,139.061389,99.238770
10.530485,139.061389,99.567080
10.530526,139.061389,113.977375
10.530578,139.061389,113.979219
10.530676,139.061389,113.998532
10.530771,139.061389,114.000849
10.530820,139.061389,114.001770
10.530869,139.061389,114.003359
10.530920,139.061389,114.008746
10.530968,139.061389,114.023043
10.531023,139.061389,114.024494
10.531084,139.061389,101.795698
10.531128,139.061389,108.716552
10.531166,139.061389,113.197717
10.531195,139.061389,114.028740
10.531242,139.061389,114.030463
10.531287,139.061389,114.032985
10.531341,139.061389,114.037295
10.531379,139.061389,114.040400
10.531412,139.061389,114.050303
10.531465,139.061389,114.056351
10.531509,139.061389,114.056472
10.531699,139.061389,114.068689
10.531736,139.061389,114.085039
10.531787,139.061389,114.089759
10.531836,139.061389,114.099599
10.531948,139.061389,114.100932
10.531992,139.061389,114.101075
10.532045,139.061389,114.110804
10.532095,139.061389,102.674498
10.532135,139.061389,114.118171
10.532178,139.061389,112.060959
10.532207,139.061389,114.119459
10.532254,139.061389,114.125643
10.532294,139.061389,114.126793
10.532345,139.061389,114.131615
10.532384,139.061389,114.131679
10.532457,139.061389,114.138444
10.532513,139.061389,114.152693
10.532598,139.061389,114.153843
10.532663,139.061389,114.168828
10.532701,139.061389,114.169543
10.532759,139.061389,114.171008
10.532805,139.061389,114.172632
10.532872,139.061389,91.033736
10.532917,139.061389,91.631346
10.532965,139.061389,93.489320
10.533009,139.061389,102.289087
10.533050,139.061389,105.911368
10.533092,139.061389,108.214975
10.533139,139.061389,108.366952
10.533179,139.061389,110.778031
10.533216,139.061389,114.172660
10.533278,139.061389,97.525250
10.533321,139.061389,104.033890
10.533363,139.061389,108.536162
10.533401,139.061389,114.177477
10.533454,139.061389,114.180181
10.533502,139.061389,114.183016
10.533544,139.061389,114.189043
10.533600,139.061389,114.190979
10.533654,139.061389,114.196078
10.533691,139.061389,114.217374
10.533796,139.061389,114.221881
10.533909,139.061389,114.233070
10.533972,139.061389,114.239071
10.534079,139.061389,114.239081
10.534138,139.061389,114.241567
10.534186,139.061389,114.242915
10.534231,139.061389,114.251465
10.534282,139.061389,114.254062
10.534335,139.061389,112.281928
10.534367,139.061389,114.262575
10.534493,139.061389,114.264604
10.534545,139.061389,114.265044
10.534595,139.061389,114.266882
10.534656,139.061389,114.267572
10.534749,139.061389,114.267615
10.534812,139.061389,106.542247
10.534854,139.061389,114.273681
10.534940,139.061389,114.279924
10.534991,139.061389,99.484354
10.535035,139.061389,106.054722
10.535075,139.061389,112.408834
10.535107,139.061389,114.281087
10.535218,139.061389,114.282440
10.535268,139.061389,114.292159
10.535333,139.061389,114.294639
10.535391,139.061389,114.318239
10.535514,139.061389,114.334143
10.535581,139.061389,101.231042
10.535613,139.061389,114.334223
10.535745,139.061389,114.339089
10.535871,139.061389,114.347844
10.535915,139.061389,114.351724
10.535974,139.061389,114.360228
10.536143,139.061389,114.360767
10.536197,139.061389,114.365083
10.536244,139.061389,114.366771
10.536301,139.061389,114.370027
10.536347,139.061389,114.377321
10.536455,139.061389,106.476674
10.536499,139.061389,114.377321
10.536541,139.061389,114.377439
10.536666,139.061389,114.383505
10.536717,139.061389,114.389801
10.536791,139.061389,114.394727
10.536879,139.061389,114.402015
10.537102,139.061389,114.402111
10.537216,139.061389,114.404401
10.537280,139.061389,108.288081
10.537335,139.061389,109.208830
10.537365,139.061389,111.831116
10.537413,139.061389,114.408297
10.537554,139.061389,114.414431
10.537674,139.061389,114.418172
10.537715,139.061389,114.426751
10.537757,139.061389,114.432893
10.537880,139.061389,114.434121
10.537945,139.061389,114.440049
10.537998,139.061389,114.440319
10.538072,139.061389,114.441518
10.538123,139.061389,114.443234
10.538189,139.061389,114.450363
10.538239,139.061389,114.450686
10.538297,139.061389,114.451476
10.538344,139.061389,114.456516
10.538400,139.061389,114.456840
10.538456,139.061389,114.458847
10.538514,139.061389,114.460260
10.538576,139.061389,114.462483
10.538642,139.061389,114.465147
10.538698,139.061389,114.467525
10.538796,139.061389,114.471386
10.538846,139.061389,113.528755
10.538875,139.061389,114.473753
10.538947,139.061389,99.480533
10.538999,139.061389,112.429602
10.539043,139.061389,114.481030
10.539214,139.061389,114.482760
10.539279,139.061389,114.486696
10.539325,139.061389,114.494617
10.539385,139.061389,107.740991
10.539416,139.061389,114.499175
10.539472,139.061389,114.502105
10.539520,139.061389,113.821237
10.539551,139.061389,114.502954
10.539608,139.061389,114.505817
10.539703,139.061389,112.403957
10.539735,139.061389,114.509535
10.539817,139.061389,114.519327
10.539914,139.061389,114.520593
10.539957,139.061389,114.526836
10.540017,139.061389,106.631266
10.540052,139.061389,114.534207
10.540105,139.061389,114.538610
10.540169,139.061389,114.541710
10.540223,139.061389,114.542847
10.540280,139.061389,114.543028
10.540346,139.061389,114.546495
10.540390,139.061389,114.547825
10.540453,139.061389,114.558822
10.540587,139.061389,114.562915
10.540647,139.061389,114.565134
10.540702,139.061389,114.568713
10.540743,139.061389,114.568837
10.540805,139.061389,114.571209
10.540866,139.061389,114.573684
10.540912,139.061389,114.583579
10.540964,139.061389,114.583716
10.541017,139.061389,114.591080
10.541065,139.061389,114.592175
10.541176,139.061389,114.592310
10.541246,139.061389,103.825010
10.541293,139.061389,106.628796
10.541344,139.061389,114.594842
10.541397,139.061389,114.598313
10.541453,139.061389,114.602123
10.541494,139.061389,114.605743
10.541545,139.061389,114.610114
10.541605,139.061389,114.615659
10.541658,139.061389,114.615916
10.541711,139.061389,114.616939
10.541755,139.061389,114.617301
10.541803,139.061389,114.623169
10.541861,139.061389,114.624096
10.541916,139.061389,114.629273
10.541954,139.061389,114.647743
10.542002,139.061389,114.661257
10.542048,139.061389,114.665166
10.542104,139.061389,114.666217
10.542214,139.061389,106.537154
10.542263,139.061389,114.670922
10.542313,139.061389,114.674847
10.542361,139.061389,114.684817
10.542400,139.061389,114.696454
10.542451,139.061389,114.703418
10.542512,139.061389,114.705932
10.542601,139.061389,114.714536
10.542704,139.061389,114.721327
10.542760,139.061389,114.729395
10.542798,139.061389,114.731864
10.542860,139.061389,114.735465
10.542914,139.061389,114.737955
10.543012,139.061389,114.738049
10.543069,139.061389,114.741529
10.543126,139.061389,114.749871
10.543170,139.061389,114.750207
10.543222,139.061389,114.753897
10.543261,139.061389,114.783242
10.543320,139.061389,114.784019
10.543371,139.061389,114.785951
10.543460,139.061389,114.790895
10.543508,139.061389,114.795090
10.543567,139.061389,114.800974
10.543669,139.061389,114.803371
10.543706,139.061389,114.824216
10.543753,139.061389,114.830489
10.543811,139.061389,114.830491
10.543858,139.061389,114.834111
10.543905,139.061389,114.834217
10.543960,139.061389,114.836143
10.544006,139.061389,114.838444
10.544104,139.061389,114.841523
10.544152,139.061389,114.846431
10.544281,139.061389,114.852655
10.544324,139.061389,114.853993
10.544460,139.061389,114.853998
10.544525,139.061389,112.348552
10.544557,139.061389,114.856874
10.544608,139.061389,114.861922
10.544652,139.061389,114.862571
10.544698,139.061389,114.862702
10.544802,139.061389,114.863891
10.544861,139.061389,114.877101
10.544910,139.061389,114.879709
10.544971,139.061389,114.883016
10.545027,139.061389,114.884867
10.545157,139.061389,114.885164
10.545211,139.061389,114.887263
10.545263,139.061389,114.910182
10.545307,139.061389,114.914380
10.545374,139.061389,114.921759
10.545434,139.061389,114.936935
10.545482,139.061389,114.945149
10.545627,139.061389,114.950060
10.545668,139.061389,114.961857
10.545724,139.061389,114.970057
10.545870,139.061389,114.970823
10.545912,139.061389,114.982392
10.545957,139.061389,114.989779
10.546010,139.061389,114.990921
10.546075,139.061389,114.993000
10.546132,139.061389,115.001075
10.546176,139.061389,115.002610
10.546246,139.061389,115.008361
10.546369,139.061389,115.014572
10.546425,139.061389,106.571944
10.546467,139.061389,115.015679
10.546577,139.061389,115.019295
10.546663,139.061389,115.023188
10.546774,139.061389,98.375778
10.546820,139.061389,104.884418
10.546861,139.061389,109.386690
10.546893,139.061389,115.031615
10.546950,139.061389,115.040511
10.547008,139.061389,108.715143
10.547047,139.061389,115.042793
10.547105,139.061389,115.057535
10.547145,139.061389,110.554434
10.547176,139.061389,115.058175
10.547227,139.061389,115.070089
10.547274,139.061389,115.079503
10.547314,139.061389,115.083505
10.547368,139.061389,115.097105
10.547425,139.061389,115.102654
10.547460,139.061389,115.113380
10.547549,139.061389,115.114890
10.547597,139.061389,115.138028
10.547641,139.061389,115.141763
10.547684,139.061389,115.142815
10.547752,139.061389,115.144047
10.547812,139.061389,115.147801
10.547882,139.061389,97.938760
10.547937,139.061389,105.854655
10.547986,139.061389,106.890431
10.548040,139.061389,110.018741
10.548083,139.061389,115.147801
10.548131,139.061389,115.147819
10.548253,139.061389,115.152735
10.548313,139.061389,108.222498
10.548359,139.061389,115.158541
10.548411,139.061389,115.162537
10.548547,139.061389,115.167736
10.548609,139.061389,111.154834
10.548650,139.061389,115.171389
10.548711,139.061389,115.174923
10.548810,139.061389,115.178618
10.548852,139.061389,115.182408
10.548980,139.061389,105.754691
10.549029,139.061389,109.431393
10.549074,139.061389,115.187403
10.549196,139.061389,115.188495
10.549307,139.061389,115.205705
10.549361,139.061389,106.996418
10.549405,139.061389,109.646850
10.549449,139.061389,115.202370
10.549488,139.061389,115.212704
10.549545,139.061389,115.216879
10.549610,139.061389,115.218065
10.549647,139.061389,115.225567
10.549768,139.061389,115.229193
10.549840,139.061389,115.244159
10.549905,139.061389,97.312882
10.549959,139.061389,102.275714
10.550006,139.061389,103.968290
10.550059,139.061389,104.282914
10.550102,139.061389,115.244159
10.550150,139.061389,115.248620
10.550210,139.061389,115.251465
10.550279,139.061389,115.256501
10.550381,139.061389,115.260312
10.550458,139.061389,115.273836
10.550575,139.061389,107.760735
10.550617,139.061389,115.281759
10.550669,139.061389,115.290911
10.550766,139.061389,115.294862
10.550984,139.061389,115.295007
10.551047,139.061389,115.303359
10.551226,139.061389,115.314467
10.551282,139.061389,115.320647
10.551322,139.061389,115.328009
10.551380,139.061389,115.328031
10.551436,139.061389,115.334159
10.551481,139.061389,115.334377
10.551544,139.061389,102.617698
10.551597,139.061389,115.335564
10.551669,139.061389,98.858482
10.551780,139.061389,100.118962
10.551835,139.061389,100.592968
10.551880,139.061389,107.492831
10.551922,139.061389,109.248424
10.551967,139.061389,113.081842
10.552013,139.061389,114.255711
10.552053,139.061389,114.989128
10.552105,139.061389,115.335564
10.552148,139.061389,115.340351
10.552190,139.061389,115.348371
10.552242,139.061389,115.353404
10.552305,139.061389,115.357774
10.552364,139.061389,115.366239
10.552485,139.061389,115.378865
10.552539,139.061389,115.382436
10.552636,139.061389,115.383026
10.552688,139.061389,115.386180
10.552730,139.061389,106.437535
10.552760,139.061389,115.389969
10.552812,139.061389,115.406950
10.552857,139.061389,115.411977
10.552982,139.061389,115.413211
10.553033,139.061389,115.423023
10.553083,139.061389,115.424345
10.553135,139.061389,115.431402
10.553192,139.061389,115.441710
10.553256,139.061389,115.446495
10.553308,139.061389,115.449871
10.553357,139.061389,115.451487
10.553433,139.061389,115.452904
10.553484,139.061389,115.453931
10.553535,139.061389,115.460159
10.553681,139.061389,115.460914
10.553742,139.061389,115.463807
10.553778,139.061389,115.466396
10.553882,139.061389,115.467630
10.554006,139.061389,115.468948
10.554058,139.061389,115.476185
10.554108,139.061389,115.479823
10.554166,139.061389,115.491054
10.554222,139.061389,115.491464
10.554275,139.061389,115.494633
10.554320,139.061389,115.497135
10.554400,139.061389,115.509627
10.554520,139.061389,115.509636
10.554563,139.061389,115.512014
10.554617,139.061389,115.518312
10.554684,139.061389,115.519343
10.554723,139.061389,115.532108
10.554774,139.061389,115.537823
10.554820,139.061389,115.541699
10.554891,139.061389,115.545413
10.554994,139.061389,115.549089
10.555034,139.061389,115.555193
10.555151,139.061389,109.064437
10.555186,139.061389,109.470687
10.555233,139.061389,111.163263
10.555281,139.061389,115.570057
10.555412,139.061389,115.570402
10.555461,139.061389,115.571364
10.555580,139.061389,115.572549
10.555631,139.061389,115.573367
10.555678,139.061389,115.573973
10.555738,139.061389,115.582924
10.555784,139.061389,115.586225
10.555885,139.061389,115.594788
10.555971,139.061389,115.609196
10.556029,139.061389,115.610772
10.556119,139.061389,115.611834
10.556158,139.061389,115.615637
10.556197,139.061389,115.624361
10.556248,139.061389,115.634217
10.556307,139.061389,115.634707
10.556364,139.061389,115.642857
10.556417,139.061389,115.659169
10.556477,139.061389,114.570792
10.556516,139.061389,115.661385
10.556606,139.061389,115.670089
10.556674,139.061389,115.676127
10.556725,139.061389,115.679817
10.556769,139.061389,115.686338
10.556827,139.061389,115.690184
10.556875,139.061389,115.696533
10.556908,139.061389,115.697105
10.557019,139.061389,115.699747
10.557077,139.061389,105.018879
10.557116,139.061389,115.704521
10.557236,139.061389,115.709708
10.557301,139.061389,115.712392
10.557366,139.061389,115.721851
10.557414,139.061389,115.723182
10.557534,139.061389,115.724327
10.557583,139.061389,115.726894
10.557687,139.061389,115.727308
10.557755,139.061389,115.729291
10.557797,139.061389,115.738562
10.557855,139.061389,115.744095
10.557906,139.061389,115.751519
10.557968,139.061389,115.755243
10.558014,139.061389,115.758329
10.558075,139.061389,115.762571
10.558124,139.061389,115.765001
10.558243,139.061389,115.771295
10.558303,139.061389,115.775024
10.558346,139.061389,115.779503
10.558388,139.061389,115.779913
10.558447,139.061389,115.779972
10.558524,139.061389,115.793465
10.558581,139.061389,115.799015
10.558627,139.061389,115.805629
10.558678,139.061389,115.808127
10.558784,139.061389,115.826952
10.558839,139.061389,115.829215
10.558899,139.061389,115.835165
10.558965,139.061389,115.839153
10.559017,139.061389,115.841763
10.559074,139.061389,115.855226
10.559119,139.061389,115.857684
10.559203,139.061389,115.871336
10.559293,139.061389,115.889972
10.559360,139.061389,107.872034
10.559404,139.061389,115.893535
10.559468,139.061389,99.418722
10.559519,139.061389,110.411367
10.559558,139.061389,115.893667
10.559619,139.061389,114.008819
10.559660,139.061389,115.896350
10.559707,139.061389,115.897225
10.559760,139.061389,115.902611
10.559821,139.061389,115.903395
10.559962,139.061389,115.903403
10.560007,139.061389,115.912704
10.560070,139.061389,115.930479
10.560125,139.061389,115.940492
10.560280,139.061389,102.285512
10.560331,139.061389,102.558450
10.560387,139.061389,107.497864
10.560431,139.061389,115.945215
10.560550,139.061389,115.949108
10.560608,139.061389,107.231170
10.560653,139.061389,115.949112
10.560760,139.061389,112.331176
10.560796,139.061389,115.950408
10.560863,139.061389,115.955372
10.560925,139.061389,115.955743
10.560965,139.061389,115.958905
10.561020,139.061389,115.964052
10.561093,139.061389,115.964437
10.561138,139.061389,115.978655
10.561202,139.061389,115.994729
10.561257,139.061389,115.996083
10.561320,139.061389,115.998313
10.561381,139.061389,115.998383
10.561556,139.061389,116.014611
10.561617,139.061389,116.020579
10.561680,139.061389,116.031176
10.561732,139.061389,116.033502
10.561789,139.061389,116.046527
10.561917,139.061389,116.052745
10.561968,139.061389,116.054567
10.562021,139.061389,116.065049
10.562067,139.061389,116.068735
10.562126,139.061389,116.069967
10.562169,139.061389,116.072564
10.562218,139.061389,116.086792
10.562275,139.061389,116.088047
10.562337,139.061389,116.089969
10.562488,139.061389,116.101730
10.562543,139.061389,116.113323
10.562632,139.061389,116.115561
10.562689,139.061389,116.116767
10.562741,139.061389,116.118131
10.562790,139.061389,116.119412
10.562935,139.061389,116.128271
10.562990,139.061389,116.131764
10.563049,139.061389,109.327394
10.563083,139.061389,116.142878
10.563190,139.061389,116.143999
10.563249,139.061389,116.148959
10.563309,139.061389,116.152348
10.563360,139.061389,116.152729
10.563416,139.061389,116.155113
10.563481,139.061389,116.156319
10.563544,139.061389,116.156547
10.563659,139.061389,108.643445
10.563701,139.061389,116.158859
10.563750,139.061389,116.158905
10.563884,139.061389,116.160172
10.563944,139.061389,116.162633
10.564016,139.061389,116.166205
10.564283,139.061389,116.171374
10.564341,139.061389,116.172410
10.564397,139.061389,116.177385
10.564450,139.061389,116.182361
10.564515,139.061389,116.196493
10.564563,139.061389,116.199756
10.564670,139.061389,107.986655
10.564708,139.061389,116.204602
10.564818,139.061389,116.209684
10.564916,139.061389,107.551138
10.564960,139.061389,116.211983
10.565008,139.061389,110.581694
10.565048,139.061389,116.213285
10.565166,139.061389,102.840033
10.565217,139.061389,104.306695
10.565266,139.061389,106.651059
10.565308,139.061389,113.358334
10.565347,139.061389,113.943422
10.565388,139.061389,115.013891
10.565431,139.061389,116.216952
10.565476,139.061389,116.218169
10.565532,139.061389,116.218275
10.565596,139.061389,99.741192
10.565644,139.061389,101.001672
10.565694,139.061389,101.475679
10.565738,139.061389,108.375541
10.565779,139.061389,110.131135
10.565821,139.061389,113.964552
10.565865,139.061389,115.138421
10.565905,139.061389,115.871839
10.565953,139.061389,116.218275
10.565995,139.061389,116.220782
10.566034,139.061389,107.272136
10.566067,139.061389,116.221867
10.566120,139.061389,116.224345
10.566194,139.061389,116.229183
10.566397,139.061389,116.229279
10.566449,139.061389,116.230613
10.566496,139.061389,116.231733
10.566556,139.061389,116.234159
10.566613,139.061389,116.235401
10.566671,139.061389,116.236779
10.566747,139.061389,116.239684
10.566796,139.061389,116.247867
10.566846,139.061389,116.251519
10.566896,139.061389,116.253839
10.566946,139.061389,116.253855
10.567038,139.061389,116.253929
10.567094,139.061389,115.977758
10.567134,139.061389,116.253951
10.567185,139.061389,116.255618
10.567244,139.061389,116.260079
10.567291,139.061389,116.264202
10.567342,139.061389,116.266271
10.567386,139.061389,116.267651
10.567454,139.061389,108.936127
10.567496,139.061389,116.272437
10.567538,139.061389,116.278162
10.567589,139.061389,116.286084
10.567638,139.061389,116.292159
10.567698,139.061389,116.304611
10.567750,139.061389,116.304671
10.567816,139.061389,116.304802
10.567879,139.061389,116.305008
10.567927,139.061389,116.308670
10.567975,139.061389,116.316948
10.568027,139.061389,116.319359
10.568086,139.061389,116.319731
10.568142,139.061389,116.328073
10.568193,139.061389,116.334095
10.568302,139.061389,116.338536
10.568352,139.061389,116.340287
10.568454,139.061389,116.345486
10.568559,139.061389,116.348943
10.568610,139.061389,116.355256
10.568670,139.061389,116.367651
10.568736,139.061389,104.036127
10.568778,139.061389,116.377407
10.568830,139.061389,103.437282
10.568874,139.061389,116.378676
10.568917,139.061389,116.381295
10.568975,139.061389,116.388575
10.569072,139.061389,116.389702
10.569132,139.061389,116.389727
10.569175,139.061389,116.393428
10.569241,139.061389,109.407852
10.569285,139.061389,110.660624
10.569330,139.061389,116.216144
10.569372,139.061389,116.393428
10.569425,139.061389,116.394763
10.569692,139.061389,116.402105
10.569757,139.061389,116.403395
10.569808,139.061389,116.405743
10.569864,139.061389,116.407214
10.569915,139.061389,116.409545
10.569979,139.061389,116.415112
10.570038,139.061389,116.423055
10.570091,139.061389,116.426815
10.570144,139.061389,116.436962
10.570194,139.061389,116.438040
10.570261,139.061389,104.485439
10.570308,139.061389,114.790319
10.570347,139.061389,116.439305
10.570415,139.061389,98.149666
10.570455,139.061389,114.371943
10.570494,139.061389,116.445263
10.570599,139.061389,116.450299
10.570693,139.061389,116.463864
10.570733,139.061389,116.466948
10.570775,139.061389,116.468779
10.570823,139.061389,116.471273
10.570874,139.061389,116.471333
10.570927,139.061389,116.482547
10.570968,139.061389,116.487263
10.571029,139.061389,116.498469
10.571090,139.061389,116.500959
10.571155,139.061389,116.505897
10.571219,139.061389,99.199333
10.571268,139.061389,102.411458
10.571313,139.061389,106.097954
10.571359,139.061389,111.370610
10.571400,139.061389,112.631196
10.571448,139.061389,114.264418
10.571494,139.061389,116.511692
10.571545,139.061389,116.536692
10.571642,139.061389,116.537754
10.571718,139.061389,116.541557
10.571758,139.061389,116.543708
10.571809,139.061389,116.547170
10.571857,139.061389,116.551513
10.571973,139.061389,116.561398
10.572041,139.061389,97.966962
10.572088,139.061389,111.034664
10.572132,139.061389,111.390322
10.572181,139.061389,116.568777
10.572234,139.061389,116.569971
10.572302,139.061389,116.589889
10.572352,139.061389,111.550846
10.572392,139.061389,116.590184
10.572434,139.061389,116.593572
10.572525,139.061389,116.594729
10.572645,139.061389,116.594789
10.572681,139.061389,116.595569
10.572735,139.061389,116.596009
10.572798,139.061389,116.597103
10.572840,139.061389,116.606008
10.572909,139.061389,116.610843
10.572960,139.061389,116.617129
10.573022,139.061389,105.505410
10.573066,139.061389,116.619519
10.573190,139.061389,103.044706
10.573266,139.061389,116.623025
10.573337,139.061389,100.544977
10.573391,139.061389,105.196675
10.573442,139.061389,112.742275
10.573491,139.061389,112.877898
10.573535,139.061389,113.508862
10.573581,139.061389,116.623025
10.573628,139.061389,116.623039
10.573695,139.061389,98.854706
10.573746,139.061389,101.831074
10.573788,139.061389,106.597666
10.573834,139.061389,107.197762
10.573888,139.061389,113.079106
10.573931,139.061389,116.160712
10.573973,139.061389,116.625627
10.574036,139.061389,116.637791
10.574176,139.061389,116.641510
10.574225,139.061389,116.641699
10.574379,139.061389,116.642735
10.574429,139.061389,116.657055
10.574481,139.061389,116.660546
10.574531,139.061389,116.663833
10.574590,139.061389,105.886751
10.574640,139.061389,106.921237
10.574685,139.061389,107.147231
10.574740,139.061389,113.491605
10.574783,139.061389,116.237036
10.574825,139.061389,116.663833
10.574870,139.061389,116.670015
10.574929,139.061389,116.677439
10.575094,139.061389,116.681247
10.575141,139.061389,116.688491
10.575193,139.061389,116.689784
10.575257,139.061389,116.694745
10.575312,139.061389,116.695979
10.575358,139.061389,116.698271
10.575407,139.061389,103.595170
10.575440,139.061389,116.698367
10.575500,139.061389,116.714542
10.575612,139.061389,116.730269
10.575668,139.061389,116.734896
10.575718,139.061389,116.739097
10.575760,139.061389,116.742131
10.575810,139.061389,116.746584
10.575936,139.061389,116.749230
10.576003,139.061389,116.753961
10.576073,139.061389,116.757290
10.576132,139.061389,116.761708
10.576182,139.061389,116.765073
10.576231,139.061389,116.767497
10.576295,139.061389,116.767683
10.576337,139.061389,116.780899
10.576399,139.061389,116.781345
10.576462,139.061389,97.563368
10.576507,139.061389,115.531087
10.576547,139.061389,116.783604
10.576637,139.061389,116.784896
10.576690,139.061389,116.786185
10.576765,139.061389,104.196546
10.576809,139.061389,116.792249
10.576875,139.061389,116.798002
10.576940,139.061389,116.800895
10.576979,139.061389,116.818175
10.577034,139.061389,116.824785
10.577096,139.061389,116.834111
10.577146,139.061389,116.838256
10.577199,139.061389,116.855199
10.577253,139.061389,116.860127
10.577311,139.061389,116.865259
10.577414,139.061389,116.867519
10.577475,139.061389,116.876328
10.577529,139.061389,116.882846
10.577574,139.061389,116.883455
10.577620,139.061389,116.886185
10.577687,139.061389,98.596546
10.577729,139.061389,114.818823
10.577770,139.061389,116.887853
10.577820,139.061389,116.888422
10.577864,139.061389,116.889972
10.577918,139.061389,108.872034
10.577962,139.061389,116.903403
10.578007,139.061389,116.915637
10.578047,139.061389,116.918169
10.578087,139.061389,116.921873
10.578129,139.061389,116.921929
10.578185,139.061389,116.924233
10.578227,139.061389,116.924239
10.578290,139.061389,116.924303
10.578340,139.061389,116.925646
10.578397,139.061389,116.926841
10.578462,139.061389,116.928073
10.578520,139.061389,116.929279
10.578571,139.061389,116.932258
10.578629,139.061389,116.933159
10.578676,139.061389,116.946499
10.578731,139.061389,116.949135
10.578792,139.061389,116.959084
10.578857,139.061389,116.959651
10.578907,139.061389,116.961311
10.578957,139.061389,116.965220
10.579005,139.061389,116.967053
10.579062,139.061389,116.971586
10.579116,139.061389,116.971626
10.579170,139.061389,116.973689
10.579220,139.061389,116.982330
10.579278,139.061389,116.984937
10.579341,139.061389,116.993656
10.579462,139.061389,106.748722
10.579507,139.061389,117.005935
10.579570,139.061389,117.011881
10.579628,139.061389,117.013428
10.579678,139.061389,117.024494
10.579732,139.061389,117.029097
10.579855,139.061389,117.029730
10.579916,139.061389,117.034109
10.579978,139.061389,117.041771
10.582050,139.061389,113.325954
10.582071,139.061389,117.041771
10.582193,139.061389,115.824808
10.582236,139.061389,117.041771
10.582382,139.061389,112.642146
10.582437,139.061389,116.242194
10.582520,139.061389,117.041771
10.582869,139.061389,105.240156
10.582958,139.061389,114.687976
10.582989,139.061389,117.041771
10.584153,139.061389,107.636034
10.584189,139.061389,117.041771
10.585109,139.061389,114.253314
10.585122,139.061389,117.041771
10.585148,139.061389,114.080546
10.585184,139.061389,117.041771
10.586817,139.061389,116.470530
10.586826,139.061389,117.041771
10.587010,139.061389,115.042344
10.587122,139.061389,117.041771
10.587856,139.061389,99.063330
10.587964,139.061389,114.292738
10.587990,139.061389,117.041771
10.588081,139.061389,103.922658
10.588252,139.061389,113.940962
10.588304,139.061389,117.041771
10.588435,139.061389,101.028850
10.588607,139.061389,101.178332
10.588787,139.061389,112.881810
10.588859,139.061389,117.041771
10.589134,139.061389,104.636159
10.589170,139.061389,117.041771
10.589256,139.061389,100.158472
10.589355,139.061389,115.884191
10.589387,139.061389,117.041771
10.589436,139.061389,104.521490
10.589618,139.061389,115.036104
10.589657,139.061389,117.041771
10.589794,139.061389,112.380546
10.589826,139.061389,117.041771
10.589980,139.061389,110.626146
10.590015,139.061389,117.041771
10.590075,139.061389,113.531170
10.590120,139.061389,117.041771
10.590188,139.061389,110.038600
10.590267,139.061389,114.015218
10.590331,139.061389,117.041771
10.590397,139.061389,105.104284
10.590630,139.061389,117.041771
10.590931,139.061389,116.547170
10.590944,139.061389,117.041771
10.591278,139.061389,112.019957
10.591309,139.061389,117.041771
10.595264,139.061389,101.923893
10.595380,139.061389,117.041771
10.599046,139.061389,104.275762
10.599124,139.061389,117.041771
10.599194,139.061389,112.436242
10.599258,139.061389,113.869522
10.599296,139.061389,117.041771
10.599582,139.061389,116.896639
10.599614,139.061389,117.041771
10.600331,139.061389,116.476770
10.600360,139.061389,117.041771
10.600485,139.061389,116.299218
10.600522,139.061389,117.041771
10.602269,139.061389,106.332552
10.602355,139.061389,117.041771
10.602456,139.061389,111.296712
10.602541,139.061389,117.041771
10.602704,139.061389,112.369218
10.602727,139.061389,117.041771
10.605937,139.061389,116.016191
10.605972,139.061389,117.041771
10.606079,139.061389,115.707624
10.606157,139.061389,117.041771
10.608267,139.061389,113.070849
10.608373,139.061389,117.041771
10.608514,139.061389,108.820066
10.608543,139.061389,117.041771
10.609242,139.061389,114.199219
10.609247,139.061389,117.041771
10.611218,139.061389,110.512882
10.611363,139.061389,117.041771
10.612425,139.061389,101.722434
10.612525,139.061389,114.685314
10.612554,139.061389,117.041771
10.612580,139.061389,110.148450
10.612630,139.061389,113.248386
10.612665,139.061389,117.041771
10.612767,139.061389,106.655880
10.612816,139.061389,109.349746
10.612958,139.061389,117.041771
10.614833,139.061389,105.449842
10.614932,139.061389,117.041771
10.614993,139.061389,110.414002
10.615108,139.061389,117.041771
10.615937,139.061389,110.199074
10.615986,139.061389,117.041771
10.618893,139.061389,101.359592
10.618978,139.061389,117.041771
10.619115,139.061389,105.336210
10.619272,139.061389,116.249439
10.619302,139.061389,117.041771
10.620627,139.061389,106.949602
10.620650,139.061389,117.041771
10.620683,139.061389,113.287916
10.620728,139.061389,117.041771
10.620788,139.061389,106.017612
10.620866,139.061389,107.047317
10.620920,139.061389,117.041771
10.621838,139.061389,114.280546
10.621871,139.061389,117.041771
10.621912,139.061389,116.820136
10.621981,139.061389,117.041771
10.625469,139.061389,113.185512
10.625493,139.061389,117.041771
10.625524,139.061389,110.729928
10.625571,139.061389,117.041771
10.626550,139.061389,113.845858
10.626579,139.061389,117.041771
10.626891,139.061389,116.197928
10.626924,139.061389,117.041771
10.627049,139.061389,111.008738
10.627069,139.061389,117.041771
10.627107,139.061389,109.680546
10.627141,139.061389,117.041771
10.627285,139.061389,114.613887
10.627319,139.061389,117.041771
10.627935,139.061389,111.920257
10.628041,139.061389,117.041771
10.628523,139.061389,114.816162
10.628551,139.061389,117.041771
10.628687,139.061389,114.575656
10.628752,139.061389,114.931314
10.628810,139.061389,117.041771
10.630142,139.061389,116.601599
10.630176,139.061389,117.041771
10.630339,139.061389,113.919989
10.630375,139.061389,117.041771
10.630515,139.061389,115.017557
10.630553,139.061389,117.041771
10.631305,139.061389,113.551048
10.631442,139.061389,117.041771
10.631721,139.061389,115.201535
10.631797,139.061389,115.557192
10.631855,139.061389,117.041771
10.633027,139.061389,115.560904
10.633113,139.061389,117.041771
10.636660,139.061389,109.442178
10.636718,139.061389,117.041771
10.636774,139.061389,105.949608
10.636846,139.061389,115.271720
10.636922,139.061389,117.041771
10.637008,139.061389,103.653346
10.637093,139.061389,104.718972
10.637315,139.061389,115.038408
10.637356,139.061389,117.041771
10.637473,139.061389,106.584130
10.637507,139.061389,117.041771
10.637549,139.061389,115.071874
10.637582,139.061389,117.041771
10.637681,139.061389,111.579304
10.637712,139.061389,114.334898
10.637813,139.061389,117.041771
10.638281,139.061389,109.908898
10.638318,139.061389,117.041771
10.638449,139.061389,114.533704
10.638487,139.061389,117.041771
10.638628,139.061389,108.030098
10.638868,139.061389,117.041771
10.639385,139.061389,116.366975
10.639417,139.061389,117.041771
10.639627,139.061389,115.307530
10.639632,139.061389,117.041771
10.639682,139.061389,101.122498
10.639731,139.061389,117.041771
10.639767,139.061389,108.343522
10.639822,139.061389,117.041771
10.639916,139.061389,104.252191
10.639994,139.061389,105.281896
10.640064,139.061389,117.041771
10.641082,139.061389,111.532594
10.641152,139.061389,112.793074
10.641207,139.061389,117.041771
10.641516,139.061389,116.894248
10.641546,139.061389,117.041771
10.642363,139.061389,110.381666
10.642391,139.061389,117.041771
10.642490,139.061389,115.315007
10.642503,139.061389,117.041771
10.643790,139.061389,113.776787
10.643797,139.061389,117.041771
10.643849,139.061389,107.701581
10.643861,139.061389,117.041771
10.643948,139.061389,103.227458
10.643990,139.061389,117.041771
10.644050,139.061389,111.820034
10.644080,139.061389,114.919970
10.644111,139.061389,117.041771
10.644171,139.061389,108.327464
10.644211,139.061389,111.391698
10.644295,139.061389,117.041771
10.644488,139.061389,107.545858
10.644518,139.061389,117.041771
10.645096,139.061389,116.914978
10.645131,139.061389,117.041771
10.645735,139.061389,113.389109
10.645763,139.061389,117.041771
10.646289,139.061389,112.158472
10.646355,139.061389,113.418952
10.646408,139.061389,117.041771
10.647114,139.061389,112.931125
10.647131,139.061389,117.041771
10.647371,139.061389,112.267007
10.647413,139.061389,117.041771
10.647697,139.061389,116.410210
10.647711,139.061389,117.041771
10.649293,139.061389,106.244610
10.649321,139.061389,117.041771
10.649587,139.061389,116.699938
10.649615,139.061389,117.041771
10.649636,139.061389,104.237410
10.649698,139.061389,117.041771
10.649760,139.061389,112.748479
10.649806,139.061389,117.041771
10.650246,139.061389,109.498974
10.650253,139.061389,117.041771
10.650265,139.061389,116.778067
10.650271,139.061389,117.041771
10.650299,139.061389,112.686735
10.650306,139.061389,117.041771
10.650362,139.061389,103.990636
10.650438,139.061389,117.041771
10.650672,139.061389,113.279138
10.650682,139.061389,117.041771
10.651086,139.061389,101.952194
10.651131,139.061389,115.929634
10.651158,139.061389,117.041771
10.651192,139.061389,116.943443
10.651207,139.061389,117.041771
10.651274,139.061389,101.306466
10.651305,139.061389,116.213858
10.651336,139.061389,117.041771
10.651374,139.061389,104.054786
10.651473,139.061389,117.041771
10.651596,139.061389,97.660978
10.651704,139.061389,104.351164
10.651822,139.061389,113.013938
10.651883,139.061389,117.041771
10.652700,139.061389,115.566751
10.652726,139.061389,117.041771
10.652776,139.061389,116.517586
10.652815,139.061389,117.041771
10.652919,139.061389,112.387778
10.652944,139.061389,117.041771
10.652988,139.061389,115.104034
10.653021,139.061389,117.041771
10.653057,139.061389,112.210226
10.653099,139.061389,117.041771
10.653312,139.061389,114.168076
10.653339,139.061389,117.041771
10.653620,139.061389,110.521132
10.653666,139.061389,117.041771
10.653859,139.061389,114.735154
10.653886,139.061389,117.041771
10.655231,139.061389,112.401512
10.655260,139.061389,117.041771
10.655524,139.061389,107.787810
10.655551,139.061389,117.041771
10.655840,139.061389,105.780610
10.655901,139.061389,117.041771
10.656834,139.061389,115.158018
10.656853,139.061389,117.041771
10.656876,139.061389,104.122402
10.656924,139.061389,117.041771
10.657049,139.061389,113.147074
10.657085,139.061389,117.041771
10.657121,139.061389,112.254562
10.657186,139.061389,117.041771
10.657357,139.061389,109.055743
10.657387,139.061389,117.041771
10.657423,139.061389,108.761992
10.657489,139.061389,117.041771
10.658074,139.061389,113.016138
10.658088,139.061389,117.041771
10.658127,139.061389,108.482794
10.658175,139.061389,117.041771
10.658351,139.061389,111.578082
10.658363,139.061389,117.041771
10.659251,139.061389,93.569474
10.659330,139.061389,107.546914
10.659359,139.061389,117.041771
10.659605,139.061389,113.534722
10.659635,139.061389,117.041771
10.659973,139.061389,113.459519
10.660007,139.061389,117.041771
10.660230,139.061389,113.582914
10.660257,139.061389,117.041771
10.660295,139.061389,110.280546
10.660328,139.061389,117.041771
10.660474,139.061389,115.275720
10.660507,139.061389,117.041771
10.662886,139.061389,111.354559
10.662913,139.061389,117.041771
10.663202,139.061389,107.707615
10.663248,139.061389,117.041771
10.663852,139.061389,101.584351
10.663918,139.061389,116.503618
10.663940,139.061389,117.041771
10.664110,139.061389,103.675752
10.664174,139.061389,116.495020
10.664192,139.061389,117.041771
10.666493,139.061389,116.195340
10.666525,139.061389,117.041771
10.666644,139.061389,108.925036
10.666674,139.061389,117.041771
10.666704,139.061389,114.769525
10.666755,139.061389,117.041771
10.667316,139.061389,113.310146
10.667348,139.061389,117.041771
10.667472,139.061389,105.810152
10.667516,139.061389,117.041771
10.669317,139.061389,97.101407
10.669366,139.061389,111.608597
10.669393,139.061389,117.041771
10.670314,139.061389,111.250946
10.670348,139.061389,117.041771
10.670479,139.061389,107.159615
10.670530,139.061389,117.041771
10.670559,139.061389,113.004104
10.670609,139.061389,117.041771
10.671357,139.061389,111.727676
10.671402,139.061389,117.041771
10.671549,139.061389,107.757026
10.671574,139.061389,117.041771
10.671620,139.061389,112.389218
10.671679,139.061389,117.041771
10.671735,139.061389,108.979474
10.671795,139.061389,110.239954
10.671845,139.061389,117.041771
10.672215,139.061389,110.265951
10.672258,139.061389,117.041771
10.672376,139.061389,114.485378
10.672391,139.061389,117.041771
10.672808,139.061389,115.397928
10.672833,139.061389,117.041771
10.672943,139.061389,112.475509
10.672968,139.061389,117.041771
10.673018,139.061389,115.568191
10.673061,139.061389,117.041771
10.673116,139.061389,109.862184
10.673172,139.061389,111.122664
10.673257,139.061389,117.041771
10.673370,139.061389,116.780351
10.673402,139.061389,117.041771
10.673827,139.061389,105.468338
10.673905,139.061389,117.041771
10.675628,139.061389,115.085389
10.675706,139.061389,117.041771
10.675721,139.061389,115.359262
10.675734,139.061389,117.041771
10.675826,139.061389,96.732514
10.675895,139.061389,112.214754
10.675919,139.061389,117.041771
10.676905,139.061389,109.137378
10.676978,139.061389,117.041771
10.677036,139.061389,106.036274
10.677108,139.061389,107.296754
10.677188,139.061389,117.041771
10.677411,139.061389,114.274408
10.677439,139.061389,117.041771
10.677653,139.061389,114.260819
10.677659,139.061389,117.041771
10.677704,139.061389,103.947468
10.677713,139.061389,117.041771
10.678193,139.061389,115.122805
10.678220,139.061389,117.041771
10.679032,139.061389,112.310242
10.679049,139.061389,117.041771
10.680706,139.061389,112.793890
10.680723,139.061389,117.041771
10.680742,139.061389,101.758274
10.680803,139.061389,116.949250
10.680819,139.061389,117.041771
10.680907,139.061389,110.782946
10.680949,139.061389,117.041771
10.680976,139.061389,109.890434
10.681040,139.061389,117.041771
10.681195,139.061389,106.691615
10.681252,139.061389,117.041771
10.681279,139.061389,106.397864
10.681338,139.061389,117.041771
10.681478,139.061389,110.924076
10.681562,139.061389,117.041771
10.681595,139.061389,115.363658
10.681654,139.061389,117.041771
10.681814,139.061389,112.316351
10.681872,139.061389,117.041771
10.681928,139.061389,106.918984
10.682000,139.061389,108.179464
10.682194,139.061389,117.041771
10.682539,139.061389,108.142450
10.682641,139.061389,117.041771
10.682963,139.061389,106.706504
10.683021,139.061389,117.041771
10.683181,139.061389,115.299080
10.683211,139.061389,117.041771
10.683239,139.061389,113.133471
10.683291,139.061389,117.041771
10.683587,139.061389,109.018722
10.683613,139.061389,117.041771
10.683938,139.061389,112.496418
10.683963,139.061389,117.041771
10.684335,139.061389,116.512546
10.684367,139.061389,117.041771
10.684620,139.061389,116.954559
10.684646,139.061389,117.041771
10.684786,139.061389,112.421215
10.684831,139.061389,117.041771
10.685235,139.061389,112.544610
10.685261,139.061389,117.041771
10.685408,139.061389,109.242242
10.685449,139.061389,117.041771
10.685799,139.061389,114.237416
10.685852,139.061389,117.041771
10.685893,139.061389,111.781832
10.685958,139.061389,117.041771
10.686351,139.061389,102.072156
10.686469,139.061389,110.160744
10.686524,139.061389,117.041771
10.686863,139.061389,115.378015
10.686880,139.061389,117.041771
10.687069,139.061389,112.402850
10.687098,139.061389,117.041771
10.688554,139.061389,113.264469
10.688583,139.061389,117.041771
10.688734,139.061389,113.721186
10.688751,139.061389,117.041771
10.689430,139.061389,111.126050
10.689457,139.061389,117.041771
10.689604,139.061389,115.142178
10.689635,139.061389,117.041771
10.689746,139.061389,115.584191
10.689772,139.061389,117.041771
10.689808,139.061389,111.050847
10.689887,139.061389,117.041771
10.690115,139.061389,111.174242
10.690144,139.061389,117.041771
10.690196,139.061389,107.871874
10.690239,139.061389,117.041771
10.690277,139.061389,116.359618
10.690309,139.061389,117.041771
10.690405,139.061389,112.867048
10.690436,139.061389,115.622642
10.690543,139.061389,117.041771
10.691308,139.061389,115.157119
10.691332,139.061389,117.041771
10.691574,139.061389,110.901714
10.691617,139.061389,117.041771
10.692051,139.061389,110.552392
10.692077,139.061389,117.041771
10.692247,139.061389,110.959783
10.692289,139.061389,117.041771
10.692321,139.061389,112.795679
10.692393,139.061389,117.041771
10.693285,139.061389,110.764706
10.693303,139.061389,117.041771
10.693770,139.061389,115.832305
10.693773,139.061389,117.041771
10.693843,139.061389,111.044738
10.693855,139.061389,117.041771
10.693873,139.061389,114.489279
10.693882,139.061389,117.041771
10.694510,139.061389,111.804111
10.694532,139.061389,117.041771
10.695124,139.061389,107.291618
10.695158,139.061389,117.041771
10.695199,139.061389,113.944642
10.695256,139.061389,117.041771
10.695329,139.061389,109.853311
10.695378,139.061389,110.496616
10.695442,139.061389,117.041771
10.695511,139.061389,100.783218
10.695753,139.061389,117.041771
10.696744,139.061389,116.816162
10.696774,139.061389,117.041771
10.696799,139.061389,105.080546
10.696865,139.061389,117.041771
10.697018,139.061389,114.105218
10.697068,139.061389,117.041771
10.697103,139.061389,112.512706
10.697153,139.061389,117.041771
10.697321,139.061389,110.013887
10.697363,139.061389,117.041771
10.697391,139.061389,109.020136
10.697452,139.061389,117.041771
10.697740,139.061389,103.754802
10.697825,139.061389,113.469416
10.697865,139.061389,117.041771
10.698222,139.061389,116.000319
10.698252,139.061389,117.041771
10.698545,139.061389,109.402815
10.698595,139.061389,117.041771
10.698793,139.061389,115.643381
10.698855,139.061389,117.041771
10.699043,139.061389,110.087925
10.699093,139.061389,117.041771
10.699128,139.061389,109.094175
10.699202,139.061389,117.041771
10.699519,139.061389,109.391711
10.699569,139.061389,117.041771
10.699611,139.061389,114.665864
10.699680,139.061389,117.041771
10.699901,139.061389,116.216034
10.699931,139.061389,117.041771
10.700036,139.061389,107.868146
10.700066,139.061389,117.041771
10.700974,139.061389,117.047955
10.701004,139.061389,117.057729
10.701035,139.061389,117.064562
10.701073,139.061389,117.066225
10.701111,139.061389,117.077617
10.701205,139.061389,117.115665
10.701255,139.061389,106.627518
10.701287,139.061389,106.657070
10.701380,139.061389,108.364362
10.701418,139.061389,113.919882
10.701449,139.061389,116.090314
10.701475,139.061389,117.115665
10.701503,139.061389,117.130527
10.701596,139.061389,117.140598
10.701648,139.061389,99.498108
10.701696,139.061389,103.270728
10.701730,139.061389,105.227722
10.701764,139.061389,110.321362
10.701801,139.061389,112.590335
10.701833,139.061389,113.677887
10.701860,139.061389,117.187404
10.701918,139.061389,100.118888
10.701956,139.061389,103.218824
10.702019,139.061389,103.574482
10.702059,139.061389,108.774344
10.702090,139.061389,111.400191
10.702117,139.061389,114.481631
10.702142,139.061389,115.104082
10.702171,139.061389,117.192255
10.702239,139.061389,117.193407
10.702452,139.061389,117.197135
10.702557,139.061389,117.203337
10.702595,139.061389,117.220771
10.702631,139.061389,110.868019
10.702659,139.061389,116.109004
10.702702,139.061389,117.221914
10.702734,139.061389,117.230412
10.702804,139.061389,117.231849
10.702861,139.061389,117.234276
10.702888,139.061389,116.725119
10.702905,139.061389,117.238428
10.702950,139.061389,117.261411
10.703007,139.061389,117.263925
10.703047,139.061389,117.273779
10.703086,139.061389,117.278655
10.703133,139.061389,117.284168
10.703172,139.061389,117.293588
10.703257,139.061389,117.304639
10.703365,139.061389,117.313151
10.703455,139.061389,117.314572
10.703501,139.061389,117.315622
10.703541,139.061389,117.315721
10.703640,139.061389,117.327470
10.703671,139.061389,117.344238
10.703840,139.061389,117.345464
10.703936,139.061389,104.480495
10.703961,139.061389,105.720104
10.703997,139.061389,106.397928
10.704025,139.061389,110.649672
10.704052,139.061389,115.449672
10.704076,139.061389,117.349124
10.704160,139.061389,117.349132
10.704247,139.061389,114.339711
10.704274,139.061389,117.383647
10.704310,139.061389,117.394862
10.704342,139.061389,117.416879
10.704376,139.061389,117.419519
10.704400,139.061389,117.488569
10.704481,139.061389,117.500894
10.704537,139.061389,117.509535
10.704650,139.061389,117.515768
10.704698,139.061389,117.521919
10.704736,139.061389,117.524345
10.704776,139.061389,117.534207
10.704860,139.061389,117.540484
10.704908,139.061389,117.545439
10.705013,139.061389,94.388252
10.705050,139.061389,99.989250
10.705080,139.061389,101.144898
10.705116,139.061389,103.970626
10.705143,139.061389,110.104050
10.705176,139.061389,111.374312
10.705204,139.061389,114.866882
10.705234,139.061389,115.218658
10.705258,139.061389,116.840994
10.705291,139.061389,117.551534
10.705326,139.061389,117.556474
10.705363,139.061389,117.558971
10.705406,139.061389,117.562618
10.705441,139.061389,117.571209
10.705483,139.061389,117.589743
10.705563,139.061389,117.589782
10.705603,139.061389,105.787784
10.705632,139.061389,115.732063
10.705660,139.061389,117.602217
10.705692,139.061389,117.103710
10.705717,139.061389,117.629279
10.705759,139.061389,117.634103
10.705797,139.061389,117.641713
10.705878,139.061389,117.667615
10.705960,139.061389,116.745843
10.705986,139.061389,117.687274
10.706029,139.061389,117.688898
10.706067,139.061389,117.693417
10.706112,139.061389,117.697097
10.706231,139.061389,117.699747
10.706307,139.061389,110.186645
10.706334,139.061389,117.704661
10.706410,139.061389,117.708345
10.706495,139.061389,109.495244
10.706550,139.061389,117.712494
10.706582,139.061389,117.714533
10.706609,139.061389,117.734844
10.706686,139.061389,117.741635
10.706794,139.061389,117.745674
10.706834,139.061389,117.753903
10.706861,139.061389,117.756415
10.706885,139.061389,117.761475
10.706929,139.061389,101.284392
10.706964,139.061389,102.544872
10.707000,139.061389,103.018879
10.707029,139.061389,109.918741
10.707056,139.061389,111.674335
10.707084,139.061389,115.507752
10.707115,139.061389,116.681621
10.707140,139.061389,117.415039
10.707175,139.061389,117.761475
10.707202,139.061389,117.768695
10.707267,139.061389,117.790921
10.707356,139.061389,117.800948
10.707438,139.061389,100.227618
10.707471,139.061389,109.083010
10.707489,139.061389,111.238530
10.707506,139.061389,117.800948
10.707538,139.061389,109.783010
10.707564,139.061389,117.809535
10.707610,139.061389,117.814431
10.707652,139.061389,117.817218
10.707688,139.061389,117.852907
10.707737,139.061389,103.059650
10.707764,139.061389,117.859128
10.707846,139.061389,104.253576
10.707873,139.061389,117.861954
10.707908,139.061389,117.876324
10.707956,139.061389,117.876366
10.708034,139.061389,107.631432
10.708061,139.061389,117.887231
10.708128,139.061389,117.899609
10.708164,139.061389,117.920856
10.708193,139.061389,117.924344
10.708225,139.061389,117.932985
10.708263,139.061389,117.933166
10.708348,139.061389,104.327615
10.708373,139.061389,117.938094
10.708401,139.061389,117.939500
10.708437,139.061389,117.947886
10.708522,139.061389,117.952683
10.708554,139.061389,117.971203
10.708634,139.061389,117.989186
10.708678,139.061389,117.994833
10.708711,139.061389,117.994894
10.708737,139.061389,118.003385
10.708772,139.061389,118.003714
10.708810,139.061389,118.009260
10.708829,139.061389,118.014463
10.708862,139.061389,118.031657
10.708932,139.061389,112.106306
10.708960,139.061389,118.037983
10.709002,139.061389,95.065980
10.709039,139.061389,100.790434
10.709070,139.061389,101.884354
10.709107,139.061389,103.246018
10.709136,139.061389,110.843506
10.709171,139.061389,111.901474
10.709198,139.061389,112.175496
10.709227,139.061389,115.149746
10.709254,139.061389,115.668066
10.709283,139.061389,117.642178
10.709315,139.061389,118.042842
10.709401,139.061389,118.047835
10.709535,139.061389,118.049163
10.709585,139.061389,94.526306
10.709618,139.061389,96.981890
10.709651,139.061389,106.380418
10.709682,139.061389,112.306306
10.709718,139.061389,114.869363
10.709745,139.061389,118.077439
10.709879,139.061389,118.093465
10.710036,139.061389,118.095977
10.710071,139.061389,118.096456
10.710113,139.061389,118.119327
10.710161,139.061389,118.123650
10.710190,139.061389,118.128627
10.710218,139.061389,118.136649
10.710320,139.061389,118.171344
10.710357,139.061389,118.178865
10.710387,139.061389,118.186670
10.710419,139.061389,118.187331
10.710512,139.061389,111.390367
10.710542,139.061389,112.404040
10.710574,139.061389,118.219508
10.710614,139.061389,118.224430
10.710662,139.061389,118.228174
10.710778,139.061389,105.363206
10.710803,139.061389,106.602815
10.710838,139.061389,107.280639
10.710866,139.061389,111.532383
10.710894,139.061389,116.332383
10.710920,139.061389,118.239071
10.710950,139.061389,118.240451
10.711024,139.061389,118.255285
10.711056,139.061389,118.276217
10.711091,139.061389,118.288635
10.711146,139.061389,118.292287
10.711204,139.061389,118.300264
10.711233,139.061389,118.303359
10.711355,139.061389,118.306255
10.711390,139.061389,118.310745
10.711471,139.061389,118.320782
10.711505,139.061389,118.323017
10.711578,139.061389,118.323139
10.711684,139.061389,118.333050
10.711709,139.061389,118.342964
10.711749,139.061389,118.343620
10.711789,139.061389,118.344499
10.711823,139.061389,118.345439
10.711850,139.061389,118.351519
10.711889,139.061389,118.358962
10.711929,139.061389,107.969580
10.711957,139.061389,116.952110
10.711988,139.061389,118.361157
10.712024,139.061389,118.374953
10.712074,139.061389,118.380009
10.712110,139.061389,110.807778
10.712136,139.061389,118.380009
10.712184,139.061389,118.395980
10.712230,139.061389,118.399787
10.712270,139.061389,118.409587
10.712354,139.061389,118.424012
10.712387,139.061389,118.428132
10.712428,139.061389,118.429798
10.712462,139.061389,118.434844
10.712499,139.061389,118.452780
10.712586,139.061389,109.189298
10.712615,139.061389,115.459596
10.712641,139.061389,118.465282
10.712682,139.061389,118.477454
10.712716,139.061389,118.484891
10.712762,139.061389,118.488538
10.712846,139.061389,118.488738
10.712885,139.061389,118.497129
10.712924,139.061389,109.572866
10.712983,139.061389,118.518085
10.713027,139.061389,118.523017
10.713057,139.061389,118.533087
10.713088,139.061389,118.535520
10.713122,139.061389,118.536778
10.713148,139.061389,118.543985
10.713181,139.061389,118.549322
10.713216,139.061389,118.554012
10.713235,139.061389,118.562650
10.713284,139.061389,118.571305
10.713327,139.061389,105.480546
10.713358,139.061389,112.112642
10.713384,139.061389,118.571891
10.713417,139.061389,118.578493
10.713456,139.061389,118.583684
10.713499,139.061389,118.583692
10.713537,139.061389,118.585218
10.713572,139.061389,118.592319
10.713617,139.061389,118.593535
10.713691,139.061389,105.018722
10.713719,139.061389,118.600857
10.713761,139.061389,118.615795
10.713841,139.061389,118.619449
10.713913,139.061389,118.623017
10.713947,139.061389,113.993954
10.713966,139.061389,118.624346
10.714046,139.061389,118.625577
10.714123,139.061389,118.639246
10.714147,139.061389,118.639541
10.714176,139.061389,118.640453
10.714203,139.061389,118.653570
10.714235,139.061389,118.655263
10.714265,139.061389,118.679823
10.714292,139.061389,118.684162
10.714331,139.061389,118.695993
10.714378,139.061389,101.627477
10.714409,139.061389,104.727413
10.714441,139.061389,105.083071
10.714479,139.061389,110.282933
10.714509,139.061389,112.908780
10.714536,139.061389,115.990220
10.714560,139.061389,116.612671
10.714590,139.061389,118.695993
10.714621,139.061389,118.697702
10.714701,139.061389,118.701342
10.714741,139.061389,118.704072
10.714773,139.061389,118.708285
10.714817,139.061389,118.715228
10.714841,139.061389,118.718291
10.714918,139.061389,118.741806
10.714956,139.061389,118.743304
10.714998,139.061389,118.744095
10.715066,139.061389,118.768868
10.715104,139.061389,118.768876
10.715145,139.061389,118.787273
10.715222,139.061389,118.788757
10.715257,139.061389,118.796309
10.715288,139.061389,118.805891
10.715318,139.061389,118.813177
10.715358,139.061389,118.813503
10.715389,139.061389,118.815886
10.715425,139.061389,118.823622
10.715478,139.061389,118.838030
10.715571,139.061389,118.841700
10.715604,139.061389,118.846093
10.715637,139.061389,118.851556
10.715695,139.061389,118.903395
10.715803,139.061389,118.909567
10.715855,139.061389,118.915724
10.715891,139.061389,118.919519
10.715937,139.061389,118.924398
10.715974,139.061389,118.929279
10.716010,139.061389,118.941699
10.716161,139.061389,118.956393
10.716202,139.061389,118.961492
10.716234,139.061389,118.965169
10.716295,139.061389,118.973755
10.716325,139.061389,118.976195
10.716363,139.061389,118.986196
10.716407,139.061389,118.992249
10.716478,139.061389,119.003359
10.716505,139.061389,119.003427
10.716659,139.061389,119.007821
10.716695,139.061389,119.019385
10.716732,139.061389,119.019399
10.716759,139.061389,119.026931
10.716792,139.061389,119.037875
10.716830,139.061389,119.044095
10.716868,139.061389,119.044930
10.716901,139.061389,119.061518
10.716934,139.061389,119.073929
10.716978,139.061389,98.170722
10.717006,139.061389,113.783998
10.717036,139.061389,119.078653
10.717072,139.061389,119.081151
10.717164,139.061389,119.081583
10.717197,139.061389,119.087052
10.717222,139.061389,119.090921
10.717251,139.061389,119.098367
10.717384,139.061389,119.109810
10.717430,139.061389,119.113251
10.717472,139.061389,114.950847
10.717502,139.061389,115.655880
10.717540,139.061389,119.120623
10.717681,139.061389,108.307727
10.717705,139.061389,118.930988
10.717730,139.061389,119.130595
10.717768,139.061389,119.135391
10.717800,139.061389,119.139129
10.717840,139.061389,119.141858
10.717871,139.061389,119.143426
10.717910,139.061389,119.145428
10.717950,139.061389,109.047394
10.717973,139.061389,119.147880
10.718014,139.061389,119.150387
10.718043,139.061389,119.155189
10.718089,139.061389,119.164991
10.718122,139.061389,119.169995
10.718151,139.061389,119.181225
10.718212,139.061389,119.182446
10.718256,139.061389,119.183662
10.718302,139.061389,119.194729
10.718345,139.061389,103.200290
10.718377,139.061389,112.553090
10.718406,139.061389,115.634530
10.718434,139.061389,119.196078
10.718518,139.061389,119.203425
10.718571,139.061389,119.204602
10.718663,139.061389,119.204628
10.718715,139.061389,119.218207
10.718765,139.061389,103.061010
10.718802,139.061389,108.415202
10.718832,139.061389,110.107778
10.718866,139.061389,119.229279
10.718905,139.061389,119.231770
10.718949,139.061389,119.242666
10.719000,139.061389,119.242906
10.719119,139.061389,119.261554
10.719158,139.061389,119.264893
10.719329,139.061389,119.268884
10.719367,139.061389,119.277402
10.719406,139.061389,119.281087
10.719612,139.061389,119.296068
10.719665,139.061389,119.300873
10.719713,139.061389,119.301709
10.719732,139.061389,119.304634
10.719810,139.061389,119.305929
10.719849,139.061389,114.577858
10.719879,139.061389,119.323071
10.719908,139.061389,119.323093
10.719960,139.061389,119.330591
10.720004,139.061389,119.350175
10.720033,139.061389,119.353887
10.720086,139.061389,119.354015
10.720240,139.061389,119.354303
10.720299,139.061389,119.355151
10.720342,139.061389,119.367603
10.720370,139.061389,119.367630
10.720419,139.061389,119.371209
10.720464,139.061389,119.381262
10.720551,139.061389,119.389673
10.720595,139.061389,119.408738
10.720646,139.061389,119.414458
10.720687,139.061389,119.426857
10.720739,139.061389,119.429385
10.720786,139.061389,119.440411
10.720855,139.061389,119.445384
10.720908,139.061389,119.461311
10.720972,139.061389,119.462543
10.721188,139.061389,119.462801
10.721217,139.061389,119.464056
10.721278,139.061389,119.473973
10.721320,139.061389,119.475011
10.721361,139.061389,119.483775
10.721409,139.061389,119.489865
10.721451,139.061389,110.315010
10.721485,139.061389,119.492201
10.721540,139.061389,119.497200
10.721585,139.061389,119.509604
10.721630,139.061389,114.612767
10.721651,139.061389,119.520645
10.721711,139.061389,119.542146
10.721746,139.061389,119.545305
10.721777,139.061389,119.546538
10.721814,139.061389,119.547753
10.721927,139.061389,119.551497
10.721958,139.061389,119.556393
10.722018,139.061389,119.557699
10.722058,139.061389,119.571347
10.722102,139.061389,113.768098
10.722135,139.061389,119.571347
10.722195,139.061389,119.576233
10.722236,139.061389,119.587970
10.722280,139.061389,119.593449
10.722391,139.061389,119.604708
10.722434,139.061389,105.123618
10.722521,139.061389,119.605045
10.722563,139.061389,119.611119
10.722601,139.061389,119.613321
10.722634,139.061389,119.619052
10.722674,139.061389,119.631733
10.722710,139.061389,119.644147
10.722749,139.061389,119.646672
10.722837,139.061389,119.649139
10.722890,139.061389,119.653485
10.722918,139.061389,119.660195
10.722961,139.061389,119.660426
10.723000,139.061389,119.661375
10.723038,139.061389,119.662691
10.723093,139.061389,104.808927
10.723135,139.061389,107.901672
10.723173,139.061389,116.161781
10.723257,139.061389,116.221279
10.723293,139.061389,119.670015
10.723333,139.061389,119.674953
10.723432,139.061389,119.674969
10.723492,139.061389,119.684949
10.723544,139.061389,119.689784
10.723664,139.061389,119.692233
10.723748,139.061389,119.694788
10.723791,139.061389,119.695933
10.723828,139.061389,119.700957
10.723867,139.061389,107.155836
10.723897,139.061389,112.337090
10.723926,139.061389,119.637090
10.723956,139.061389,119.710851
10.724058,139.061389,119.715679
10.724101,139.061389,119.716895
10.724188,139.061389,119.728164
10.724224,139.061389,119.730489
10.724311,139.061389,119.739071
10.724348,139.061389,119.739097
10.724389,139.061389,119.742883
10.724447,139.061389,119.749424
10.724490,139.061389,119.755189
10.724578,139.061389,119.767117
10.724602,139.061389,119.767620
10.724664,139.061389,119.767914
10.724699,139.061389,119.776244
10.724736,139.061389,119.777476
10.724775,139.061389,91.059784
10.724805,139.061389,102.528629
10.724832,139.061389,102.775468
10.724855,139.061389,111.184223
10.724882,139.061389,113.406357
10.724904,139.061389,118.634696
10.724923,139.061389,119.781254
10.724970,139.061389,112.377025
10.725002,139.061389,119.784831
10.725074,139.061389,99.238738
10.725116,139.061389,105.129858
10.725150,139.061389,106.655874
10.725189,139.061389,106.844706
10.725225,139.061389,118.040936
10.725263,139.061389,118.092738
10.725293,139.061389,118.940831
10.725324,139.061389,119.792297
10.725414,139.061389,105.515138
10.725447,139.061389,111.733575
10.725475,139.061389,119.794763
10.725559,139.061389,119.797578
10.725596,139.061389,119.810857
10.725647,139.061389,101.752290
10.725682,139.061389,104.085538
10.725716,139.061389,111.584162
10.725743,139.061389,112.740994
10.725776,139.061389,118.347042
10.725806,139.061389,118.481698
10.725843,139.061389,119.826225
10.725881,139.061389,119.829285
10.725917,139.061389,117.729738
10.725945,139.061389,119.835487
10.726001,139.061389,106.004210
10.726037,139.061389,111.771874
10.726068,139.061389,113.359618
10.726103,139.061389,119.845149
10.726204,139.061389,119.854009
10.726244,139.061389,119.855199
10.726285,139.061389,119.858906
10.726323,139.061389,119.863807
10.726409,139.061389,119.869935
10.726441,139.061389,119.870577
10.726477,139.061389,119.875507
10.726518,139.061389,119.902115
10.726558,139.061389,119.908271
10.726597,139.061389,119.923209
10.726636,139.061389,112.350978
10.726666,139.061389,119.923209
10.726756,139.061389,119.929347
10.726862,139.061389,119.939308
10.726911,139.061389,101.389394
10.726945,139.061389,103.123880
10.726976,139.061389,115.382741
10.727005,139.061389,119.471949
10.727037,139.061389,119.939339
10.727125,139.061389,99.791618
10.727159,139.061389,116.982910
10.727188,139.061389,119.939810
10.727228,139.061389,119.942816
10.727266,139.061389,119.944616
10.727298,139.061389,119.951401
10.727333,139.061389,119.951934
10.727404,139.061389,119.952741
10.727439,139.061389,119.962618
10.727482,139.061389,119.966225
10.727530,139.061389,119.966369
10.727571,139.061389,119.973260
10.727608,139.061389,119.975054
10.727648,139.061389,119.986562
10.727692,139.061389,120.001067
10.727725,139.061389,116.776734
10.727753,139.061389,120.007071
10.727794,139.061389,120.015733
10.727844,139.061389,120.024287
10.727877,139.061389,120.038419
10.727911,139.061389,120.041695
10.727945,139.061389,120.041936
10.727985,139.061389,120.042761
10.728025,139.061389,120.042861
10.728063,139.061389,111.883985
10.728090,139.061389,117.833282
10.728117,139.061389,120.044090
10.728159,139.061389,120.057755
10.728213,139.061389,120.061311
10.728244,139.061389,120.065049
10.728285,139.061389,120.066354
10.728331,139.061389,112.353484
10.728362,139.061389,120.071379
10.728404,139.061389,120.076753
10.728440,139.061389,120.087299
10.728509,139.061389,120.090911
10.728577,139.061389,120.108366
10.728608,139.061389,115.211528
10.728630,139.061389,120.121998
10.728663,139.061389,114.649864
10.728685,139.061389,120.121998
10.728718,139.061389,114.649864
10.728739,139.061389,120.129345
10.728783,139.061389,90.177074
10.728815,139.061389,98.712674
10.728841,139.061389,98.916450
10.728869,139.061389,110.648319
10.728908,139.061389,112.523647
10.728931,139.061389,113.690302
10.728950,139.061389,116.614978
10.728974,139.061389,118.756866
10.728997,139.061389,120.129395
10.729040,139.061389,120.130548
10.729088,139.061389,120.139693
10.729121,139.061389,120.150792
10.729153,139.061389,120.157690
10.729179,139.061389,113.757043
10.729199,139.061389,120.162649
10.729281,139.061389,117.153228
10.729318,139.061389,120.170094
10.729372,139.061389,120.187322
10.729421,139.061389,120.187416
10.729484,139.061389,120.190813
10.729603,139.061389,120.198313
10.729631,139.061389,120.202309
10.729668,139.061389,120.203322
10.729707,139.061389,120.207007
10.729737,139.061389,120.212482
10.729777,139.061389,120.215747
10.729857,139.061389,120.224337
10.729947,139.061389,120.229347
10.729993,139.061389,120.230554
10.730030,139.061389,120.242809
10.730115,139.061389,120.243155
10.730154,139.061389,120.261411
10.730194,139.061389,120.276095
10.730250,139.061389,120.278655
10.730354,139.061389,120.279807
10.730436,139.061389,120.279935
10.730479,139.061389,120.293550
10.730506,139.061389,120.297129
10.730545,139.061389,120.297299
10.730587,139.061389,120.304639
10.730705,139.061389,120.307182
10.730763,139.061389,120.318260
10.730822,139.061389,120.320079
10.730864,139.061389,120.346591
10.730911,139.061389,120.356524
10.730952,139.061389,120.366331
10.730984,139.061389,112.385589
10.731007,139.061389,116.185631
10.731048,139.061389,120.366331
10.731083,139.061389,120.369288
10.731121,139.061389,120.373260
10.731167,139.061389,120.380423
10.731203,139.061389,120.388463
10.731236,139.061389,120.388506
10.731277,139.061389,120.389976
10.731315,139.061389,113.972040
10.731347,139.061389,120.398946
10.731388,139.061389,120.400931
10.731415,139.061389,120.403391
10.731481,139.061389,120.415785
10.731642,139.061389,105.778082
10.731680,139.061389,111.240930
10.731710,139.061389,120.423120
10.731736,139.061389,120.424265
10.731779,139.061389,120.439129
10.731879,139.061389,120.452693
10.731922,139.061389,120.457679
10.731963,139.061389,120.459057
10.732004,139.061389,120.459091
10.732091,139.061389,120.462659
10.732132,139.061389,120.464158
10.732169,139.061389,120.471225
10.732202,139.061389,120.477417
10.732234,139.061389,120.482313
10.732292,139.061389,102.170924
10.732335,139.061389,106.976946
10.732373,139.061389,109.963266
10.732405,139.061389,114.522546
10.732444,139.061389,115.443458
10.732483,139.061389,120.482394
10.732528,139.061389,120.483619
10.732567,139.061389,120.490921
10.732649,139.061389,120.513432
10.732687,139.061389,120.523522
10.732714,139.061389,120.524670
10.732755,139.061389,120.541625
10.732842,139.061389,120.562618
10.732886,139.061389,120.576275
10.732914,139.061389,120.584913
10.732998,139.061389,120.586115
10.733026,139.061389,120.600873
10.733155,139.061389,120.610869
10.733189,139.061389,120.615044
10.733223,139.061389,120.641704
10.733274,139.061389,120.642015
10.733325,139.061389,120.642815
10.733366,139.061389,120.642819
10.733408,139.061389,120.645371
10.733445,139.061389,120.655142
10.733543,139.061389,120.655699
10.733579,139.061389,120.656409
10.733660,139.061389,120.676661
10.733688,139.061389,120.678649
10.733801,139.061389,120.679930
10.733841,139.061389,120.702105
10.733881,139.061389,120.740378
10.733921,139.061389,120.744041
10.733977,139.061389,120.746579
10.734017,139.061389,120.747807
10.734087,139.061389,120.748360
10.734125,139.061389,120.752822
10.734168,139.061389,107.758386
10.734203,139.061389,108.291666
10.734238,139.061389,109.552146
10.734275,139.061389,116.022312
10.734309,139.061389,117.767026
10.734340,139.061389,119.381608
10.734371,139.061389,120.012778
10.734404,139.061389,120.752826
10.734487,139.061389,120.765666
10.734520,139.061389,120.766271
10.734586,139.061389,120.767525
10.734631,139.061389,120.769897
10.734685,139.061389,120.786058
10.734766,139.061389,120.795855
10.734796,139.061389,120.808362
10.734879,139.061389,120.826815
10.734981,139.061389,120.828009
10.735026,139.061389,120.833171
10.735092,139.061389,105.423618
10.735125,139.061389,120.835359
10.735200,139.061389,120.841986
10.735239,139.061389,120.849129
10.735285,139.061389,116.121058
10.735318,139.061389,120.855267
10.735432,139.061389,113.753407
10.735466,139.061389,120.855267
10.735507,139.061389,113.753407
10.735529,139.061389,120.869372
10.735565,139.061389,120.871239
10.735595,139.061389,120.878857
10.735651,139.061389,112.837218
10.735742,139.061389,120.888538
10.735792,139.061389,120.891037
10.735850,139.061389,120.892283
10.735884,139.061389,120.893375
10.735945,139.061389,120.906322
10.735990,139.061389,120.909513
10.736054,139.061389,120.918850
10.736090,139.061389,120.923603
10.736127,139.061389,120.929347
10.736251,139.061389,120.929363
10.736311,139.061389,120.932991
10.736351,139.061389,120.939034
10.736387,139.061389,120.941653
10.736427,139.061389,120.942749
10.736477,139.061389,120.950207
10.736523,139.061389,120.955260
10.736555,139.061389,120.968681
10.736627,139.061389,120.970605
10.736665,139.061389,120.972585
10.736701,139.061389,120.978723
10.736774,139.061389,120.989749
10.736829,139.061389,121.001033
10.736875,139.061389,104.272034
10.736906,139.061389,121.003385
10.736998,139.061389,121.013219
10.737036,139.061389,112.260840
10.737075,139.061389,121.021835
10.737137,139.061389,121.021955
10.737177,139.061389,121.030946
10.737218,139.061389,121.032937
10.737327,139.061389,121.057292
10.737367,139.061389,121.062746
10.737445,139.061389,121.065091
10.737497,139.061389,121.079709
10.737546,139.061389,121.096014
10.737588,139.061389,110.719058
10.737612,139.061389,117.701640
10.737633,139.061389,121.120724
10.737661,139.061389,121.124337
10.737737,139.061389,121.135391
10.737860,139.061389,121.136649
10.737966,139.061389,121.143121
10.738094,139.061389,121.147916
10.738134,139.061389,121.150257
10.738204,139.061389,121.152681
10.738248,139.061389,121.152713
10.738297,139.061389,121.156474
10.738374,139.061389,121.158959
10.738421,139.061389,110.936243
10.738454,139.061389,120.467925
10.738482,139.061389,121.166773
10.738520,139.061389,121.174344
10.738556,139.061389,121.183583
10.738602,139.061389,121.187331
10.738639,139.061389,121.195889
10.738740,139.061389,121.204575
10.738934,139.061389,121.205855
10.738972,139.061389,121.219337
10.739058,139.061389,121.222921
10.739094,139.061389,121.223219
10.739152,139.061389,121.224313
10.739317,139.061389,121.230554
10.739444,139.061389,121.230995
10.739474,139.061389,121.237278
10.739515,139.061389,121.244015
10.739556,139.061389,121.244180
10.739585,139.061389,106.448610
10.739609,139.061389,113.018978
10.739630,139.061389,119.373090
10.739652,139.061389,121.263263
10.739684,139.061389,121.264893
10.739795,139.061389,121.273689
10.739895,139.061389,121.279930
10.739944,139.061389,121.292287
10.739999,139.061389,121.315669
10.740043,139.061389,121.214993
10.740063,139.061389,121.322302
10.740099,139.061389,121.337320
10.740138,139.061389,121.337897
10.740182,139.061389,121.339268
10.740275,139.061389,121.352735
10.740318,139.061389,121.357635
10.740374,139.061389,121.365049
10.740569,139.061389,121.373288
10.740619,139.061389,121.388579
10.740660,139.061389,121.416841
10.740691,139.061389,121.418115
10.740746,139.061389,121.434291
10.740785,139.061389,121.435922
10.740823,139.061389,121.459631
10.740848,139.061389,121.470010
10.740939,139.061389,121.492840
10.740986,139.061389,121.496414
10.741020,139.061389,121.496460
10.741053,139.061389,121.500853
10.741092,139.061389,121.500889
10.741321,139.061389,121.509636
10.741426,139.061389,121.520762
10.741522,139.061389,109.614172
10.741557,139.061389,111.958535
10.741580,139.061389,118.665811
10.741599,139.061389,119.250899
10.741637,139.061389,121.531561
10.741670,139.061389,121.552761
10.741726,139.061389,121.556441
10.741766,139.061389,121.558905
10.741864,139.061389,121.568735
10.741904,139.061389,121.568739
10.741944,139.061389,121.570116
10.742007,139.061389,121.576185
10.742144,139.061389,121.581710
10.742187,139.061389,121.582393
10.742224,139.061389,121.587331
10.742322,139.061389,121.605802
10.742362,139.061389,121.609487
10.742412,139.061389,121.615042
10.742453,139.061389,121.616901
10.742495,139.061389,121.619460
10.742525,139.061389,121.623023
10.742570,139.061389,121.626751
10.742613,139.061389,121.632243
10.742650,139.061389,121.632979
10.742697,139.061389,109.509858
10.742729,139.061389,119.823394
10.742760,139.061389,121.646603
10.742798,139.061389,121.662697
10.742849,139.061389,103.611458
10.742885,139.061389,106.711394
10.742921,139.061389,112.326018
10.742954,139.061389,115.491522
10.742984,139.061389,118.572962
10.743014,139.061389,121.666298
10.743055,139.061389,121.669961
10.743091,139.061389,121.673727
10.743131,139.061389,108.733602
10.743166,139.061389,121.675303
10.743212,139.061389,121.678746
10.743254,139.061389,121.687257
10.743298,139.061389,121.692191
10.743402,139.061389,121.695817
10.743441,139.061389,121.261954
10.743464,139.061389,121.699998
10.743502,139.061389,121.700831
10.743686,139.061389,121.700927
10.743741,139.061389,121.708233
10.743789,139.061389,121.709513
10.743871,139.061389,121.715647
10.743904,139.061389,121.719333
10.743944,139.061389,121.741763
10.743996,139.061389,105.784351
10.744079,139.061389,117.661836
10.744113,139.061389,120.743276
10.744144,139.061389,121.742847
10.744324,139.061389,121.745265
10.744379,139.061389,111.257118
10.744415,139.061389,111.286670
10.744459,139.061389,112.993962
10.744495,139.061389,118.549482
10.744528,139.061389,120.719914
10.744558,139.061389,121.745265
10.744593,139.061389,121.745738
10.744636,139.061389,121.750181
10.744676,139.061389,121.753929
10.744721,139.061389,121.759778
10.744760,139.061389,121.761279
10.744873,139.061389,121.761321
10.744970,139.061389,121.763956
10.745016,139.061389,115.659586
10.745038,139.061389,121.765570
10.745089,139.061389,121.773801
10.745125,139.061389,121.781187
10.745165,139.061389,117.313887
10.745195,139.061389,121.781187
10.745231,139.061389,117.313887
10.745253,139.061389,121.786197
10.745283,139.061389,121.792249
10.745594,139.061389,121.792834
10.745636,139.061389,121.801033
10.745686,139.061389,100.072034
10.745721,139.061389,116.304926
10.745751,139.061389,121.802202
10.745794,139.061389,121.815695
10.745828,139.061389,121.819295
10.745916,139.061389,121.831787
10.745944,139.061389,121.835433
10.745992,139.061389,121.855267
10.746034,139.061389,121.855268
10.746065,139.061389,121.863807
10.746229,139.061389,121.866431
10.746325,139.061389,121.869935
10.746494,139.061389,121.872692
10.746568,139.061389,121.876127
10.746641,139.061389,121.882394
10.746671,139.061389,121.889702
10.746713,139.061389,121.900831
10.746743,139.061389,121.904643
10.746802,139.061389,110.120136
10.746842,139.061389,110.413887
10.746878,139.061389,111.812712
10.746920,139.061389,117.045983
10.746953,139.061389,121.661919
10.746987,139.061389,121.904643
10.747040,139.061389,110.120136
10.747076,139.061389,110.413887
10.747102,139.061389,111.812712
10.747141,139.061389,117.045983
10.747164,139.061389,121.661919
10.747197,139.061389,121.904643
10.747269,139.061389,121.911929
10.747306,139.061389,119.428797
10.747329,139.061389,121.915669
10.747400,139.061389,121.924430
10.747447,139.061389,119.825096
10.747470,139.061389,121.925612
10.747543,139.061389,121.926953
10.747596,139.061389,101.037346
10.747632,139.061389,109.503874
10.747664,139.061389,116.266754
10.747695,139.061389,121.929305
10.747740,139.061389,121.934169
10.747783,139.061389,121.939113
10.747848,139.061389,121.942751
10.747888,139.061389,121.946579
10.747972,139.061389,121.949140
10.748015,139.061389,121.956393
10.748064,139.061389,121.978723
10.748101,139.061389,121.982367
10.748241,139.061389,121.982388
10.748278,139.061389,121.986153
10.748325,139.061389,105.991714
10.748362,139.061389,112.500354
10.748396,139.061389,118.425954
10.748431,139.061389,121.987411
10.748548,139.061389,121.988457
10.748632,139.061389,121.988666
10.748697,139.061389,121.996003
10.748752,139.061389,122.005629
10.748786,139.061389,122.015679
10.748833,139.061389,122.030627
10.748877,139.061389,122.037989
10.749007,139.061389,122.042793
10.749051,139.061389,122.042922
10.749093,139.061389,122.052761
10.749131,139.061389,122.054323
10.749171,139.061389,122.056515
10.749215,139.061389,122.061311
10.749439,139.061389,122.071586
10.749477,139.061389,122.074886
10.749541,139.061389,122.076324
10.749590,139.061389,105.906476
10.749623,139.061389,116.211356
10.749653,139.061389,120.980533
10.749687,139.061389,122.078601
10.749730,139.061389,122.082361
10.749788,139.061389,122.082394
10.749828,139.061389,122.082547
10.749878,139.061389,104.852162
10.749914,139.061389,114.800162
10.749946,139.061389,121.563042
10.749977,139.061389,122.085961
10.750073,139.061389,122.086051
10.750164,139.061389,122.087669
10.750211,139.061389,122.100853
10.750248,139.061389,122.108223
10.750337,139.061389,122.108734
10.750377,139.061389,122.112122
10.750438,139.061389,122.124840
10.750479,139.061389,122.127935
10.750513,139.061389,122.130595
10.750726,139.061389,122.131647
10.750763,139.061389,122.135922
10.750803,139.061389,122.141700
10.750839,139.061389,122.146489
10.750870,139.061389,122.146531
10.750960,139.061389,122.150233
10.750998,139.061389,122.150604
10.751047,139.061389,122.158271
10.751091,139.061389,122.158841
10.751125,139.061389,122.167572
10.751156,139.061389,122.169935
10.751194,139.061389,122.170664
10.751234,139.061389,122.171342
10.751274,139.061389,122.190789
10.751313,139.061389,122.190813
10.751388,139.061389,122.192542
10.751425,139.061389,122.199609
10.751470,139.061389,122.205850
10.751549,139.061389,122.207560
10.751584,139.061389,122.210867
10.751631,139.061389,122.215689
10.751726,139.061389,122.216995
10.751767,139.061389,122.218207
10.751804,139.061389,122.218235
10.751845,139.061389,122.228106
10.751887,139.061389,122.246659
10.751930,139.061389,112.091582
10.751963,139.061389,122.214890
10.751993,139.061389,122.252745
10.752039,139.061389,122.260012
10.752082,139.061389,119.395007
10.752114,139.061389,122.267497
10.752159,139.061389,122.269929
10.752231,139.061389,122.297210
10.752274,139.061389,122.299589
10.752452,139.061389,122.301375
10.752500,139.061389,122.301730
10.752541,139.061389,122.314910
10.752579,139.061389,122.318498
10.752623,139.061389,122.319534
10.752681,139.061389,122.320666
10.752710,139.061389,122.335465
10.752763,139.061389,122.337951
10.752810,139.061389,122.347859
10.752849,139.061389,122.351293
10.752896,139.061389,122.352617
10.752985,139.061389,115.069250
10.753017,139.061389,119.386338
10.753051,139.061389,122.352617
10.753082,139.061389,122.371209
10.753127,139.061389,122.371300
10.753191,139.061389,122.376227
10.753234,139.061389,122.377681
10.753341,139.061389,122.389791
10.753552,139.061389,122.408256
10.753639,139.061389,122.408403
10.753719,139.061389,122.408725
10.753759,139.061389,122.435401
10.753806,139.061389,122.435556
10.753851,139.061389,122.445434
10.753893,139.061389,122.446682
10.753932,139.061389,122.121331
10.753952,139.061389,122.449049
10.754004,139.061389,107.416309
10.754041,139.061389,110.532140
10.754076,139.061389,117.013580
10.754109,139.061389,120.179084
10.754140,139.061389,122.452681
10.754240,139.061389,122.452713
10.754327,139.061389,122.453925
10.754448,139.061389,122.454030
10.754479,139.061389,122.462024
10.754528,139.061389,122.463807
10.754571,139.061389,122.463907
10.754611,139.061389,122.478764
10.754707,139.061389,122.488962
10.754744,139.061389,122.497211
10.754784,139.061389,122.498367
10.754946,139.061389,122.502105
10.754991,139.061389,122.515026
10.755033,139.061389,122.528239
10.755076,139.061389,122.531722
10.755116,139.061389,122.535774
10.755155,139.061389,122.546585
10.755238,139.061389,122.548943
10.755312,139.061389,122.552671
10.755376,139.061389,122.552693
10.755455,139.061389,122.553905
10.755509,139.061389,122.556393
10.755550,139.061389,122.559012
10.755592,139.061389,122.562865
10.755617,139.061389,122.570138
10.755653,139.061389,122.572523
10.755690,139.061389,122.576165
10.755778,139.061389,122.587746
10.755820,139.061389,122.593455
10.755916,139.061389,122.598205
10.756001,139.061389,122.604666
10.756049,139.061389,122.613345
10.756112,139.061389,122.616901
10.756156,139.061389,122.618111
10.756201,139.061389,122.619571
10.756245,139.061389,122.625918
10.756285,139.061389,122.626751
10.756321,139.061389,122.631721
10.756374,139.061389,122.634153
10.756421,139.061389,122.635212
10.756464,139.061389,122.637897
10.756543,139.061389,122.641567
10.756580,139.061389,122.642793
10.756626,139.061389,122.646901
10.756668,139.061389,122.648223
10.756711,139.061389,122.661886
10.756752,139.061389,122.664202
10.756790,139.061389,122.668767
10.756831,139.061389,122.676101
10.756869,139.061389,122.686508
10.756913,139.061389,122.693090
10.756956,139.061389,122.693620
10.757008,139.061389,105.253378
10.757047,139.061389,119.871847
10.757078,139.061389,120.533634
10.757114,139.061389,122.079170
10.757150,139.061389,122.712035
10.757194,139.061389,122.716873
10.757279,139.061389,122.718169
10.757404,139.061389,122.718239
10.757453,139.061389,122.724808
10.757495,139.061389,122.744123
10.757531,139.061389,122.753935
10.757568,139.061389,122.757707
10.757600,139.061389,122.770273
10.757652,139.061389,109.863304
10.757688,139.061389,122.774973
10.757740,139.061389,122.781187
10.757781,139.061389,117.181653
10.757811,139.061389,122.789727
10.757846,139.061389,122.792351
10.757921,139.061389,122.795855
10.758094,139.061389,122.808093
10.758159,139.061389,122.814899
10.758202,139.061389,122.815622
10.758244,139.061389,122.815689
10.758347,139.061389,122.816270
10.758384,139.061389,122.816889
10.758468,139.061389,122.826751
10.758500,139.061389,122.829283
10.758543,139.061389,122.832194
10.758582,139.061389,122.841625
10.758873,139.061389,122.843977
10.758924,139.061389,122.845741
10.758962,139.061389,122.850250
10.759019,139.061389,122.851532
10.759082,139.061389,122.855225
10.759123,139.061389,117.255692
10.759153,139.061389,122.858905
10.759365,139.061389,122.861311
10.759435,139.061389,122.862543
10.759601,139.061389,122.865033
10.759646,139.061389,112.345986
10.759682,139.061389,122.866483
10.759711,139.061389,122.867525
10.759789,139.061389,122.882313
10.759832,139.061389,122.902175
10.759929,139.061389,122.904643
10.759968,139.061389,122.904834
10.760006,139.061389,122.913331
10.760036,139.061389,122.914783
10.760083,139.061389,122.915749
10.760112,139.061389,122.918316
10.760157,139.061389,122.930505
10.760294,139.061389,122.939162
10.760389,139.061389,122.940475
10.760428,139.061389,120.275486
10.760457,139.061389,122.963817
10.760504,139.061389,122.963909
10.760589,139.061389,122.970015
10.760630,139.061389,122.978681
10.760666,139.061389,122.979952
10.760749,139.061389,122.988562
10.760798,139.061389,112.599180
10.760834,139.061389,121.581710
10.760872,139.061389,122.995961
10.760933,139.061389,122.997196
10.761028,139.061389,115.291624
10.761064,139.061389,121.861992
10.761097,139.061389,123.000806
10.761148,139.061389,123.004553
10.761187,139.061389,111.216258
10.761210,139.061389,123.015696
10.761257,139.061389,103.506604
10.761291,139.061389,109.023731
10.761316,139.061389,113.544595
10.761347,139.061389,113.790323
10.761374,139.061389,121.190142
10.761399,139.061389,122.834703
10.761423,139.061389,123.032162
10.761472,139.061389,123.034013
10.761505,139.061389,123.034143
10.761569,139.061389,123.040934
10.761612,139.061389,123.053855
10.761647,139.061389,123.056415
10.761728,139.061389,114.008738
10.761752,139.061389,123.063801
10.761798,139.061389,123.084942
10.761866,139.061389,123.089743
10.761906,139.061389,123.096020
10.761941,139.061389,116.291650
10.761965,139.061389,123.097123
10.762021,139.061389,123.111983
10.762072,139.061389,99.789383
10.762155,139.061389,107.242597
10.762199,139.061389,107.349534
10.762249,139.061389,111.569610
10.762290,139.061389,113.812336
10.762335,139.061389,116.932364
10.762374,139.061389,118.095294
10.762408,139.061389,119.479086
10.762451,139.061389,122.067914
10.762486,139.061389,123.116135
10.762526,139.061389,123.118249
10.762580,139.061389,108.241090
10.762619,139.061389,123.130823
10.762659,139.061389,123.134658
10.762706,139.061389,123.136787
10.762739,139.061389,123.139282
10.762784,139.061389,123.149218
10.762828,139.061389,123.150229
10.762870,139.061389,123.156521
10.762962,139.061389,121.066570
10.762993,139.061389,123.163368
10.763030,139.061389,123.163817
10.763141,139.061389,123.173699
10.763192,139.061389,123.179913
10.763236,139.061389,123.181151
10.763283,139.061389,123.187322
10.763327,139.061389,123.187404
10.763377,139.061389,123.189737
10.763412,139.061389,123.189880
10.763510,139.061389,114.549874
10.763547,139.061389,123.193417
10.763792,139.061389,123.195849
10.763900,139.061389,123.205109
10.763946,139.061389,123.211198
10.763985,139.061389,123.214850
10.764029,139.061389,123.215816
10.764072,139.061389,123.216889
10.764152,139.061389,120.001397
10.764176,139.061389,123.225509
10.764217,139.061389,123.230633
10.764322,139.061389,123.242858
10.764366,139.061389,123.245149
10.764416,139.061389,123.256494
10.764452,139.061389,120.457160
10.764476,139.061389,123.260524
10.764512,139.061389,123.261385
10.764620,139.061389,115.481698
10.764656,139.061389,123.265570
10.764697,139.061389,123.270158
10.764893,139.061389,123.271269
10.764971,139.061389,123.281204
10.765003,139.061389,123.284751
10.765097,139.061389,123.286047
10.765319,139.061389,123.286513
10.765363,139.061389,123.297129
10.765414,139.061389,115.168066
10.765448,139.061389,123.297220
10.765497,139.061389,123.297928
10.765538,139.061389,123.298595
10.765588,139.061389,123.309446
10.765651,139.061389,123.319385
10.765686,139.061389,123.335413
10.765742,139.061389,111.931309
10.765784,139.061389,119.795343
10.765822,139.061389,120.831119
10.765862,139.061389,122.250927
10.765887,139.061389,123.356894
10.765925,139.061389,123.361476
10.765959,139.061389,115.030111
10.765983,139.061389,123.366830
10.766033,139.061389,123.370027
10.766097,139.061389,102.442460
10.766144,139.061389,112.838530
10.766184,139.061389,113.175644
10.766216,139.061389,115.690274
10.766258,139.061389,117.914978
10.766292,139.061389,119.790274
10.766327,139.061389,123.377439
10.766533,139.061389,123.377449
10.766633,139.061389,123.378601
10.766728,139.061389,123.379845
10.766758,139.061389,123.404917
10.766798,139.061389,123.410950
10.766842,139.061389,123.411916
10.766893,139.061389,123.414500
10.766927,139.061389,123.420771
10.766970,139.061389,123.422642
10.767008,139.061389,123.424287
10.767043,139.061389,123.425909
10.767070,139.061389,123.438463
10.767100,139.061389,123.441551
10.767129,139.061389,123.442900
10.767159,139.061389,123.443977
10.767261,139.061389,123.450249
10.767304,139.061389,123.452795
10.767358,139.061389,123.464290
10.767398,139.061389,123.465770
10.767438,139.061389,123.472505
10.767479,139.061389,123.475057
10.767561,139.061389,118.633677
10.767584,139.061389,123.476606
10.767626,139.061389,123.479825
10.767738,139.061389,104.765969
10.767778,139.061389,109.093137
10.767817,139.061389,113.789086
10.767855,139.061389,114.136195
10.767892,139.061389,121.418534
10.767927,139.061389,121.681795
10.767961,139.061389,122.600138
10.767993,139.061389,122.839742
10.768028,139.061389,123.482313
10.768180,139.061389,123.484168
10.768225,139.061389,123.484932
10.768255,139.061389,123.503406
10.768287,139.061389,123.504569
10.768320,139.061389,123.510665
10.768365,139.061389,123.514712
10.768417,139.061389,106.122866
10.768454,139.061389,112.569778
10.768487,139.061389,115.570687
10.768519,139.061389,123.525567
10.768563,139.061389,123.534153
10.768673,139.061389,123.537230
10.768716,139.061389,123.542821
10.768759,139.061389,123.544031
10.768809,139.061389,123.545491
10.768842,139.061389,123.546660
10.768942,139.061389,123.549365
10.768980,139.061389,123.587295
10.769081,139.061389,123.589844
10.769179,139.061389,123.592639
10.769224,139.061389,123.595961
10.769318,139.061389,123.613119
10.769354,139.061389,123.625561
10.769438,139.061389,123.626857
10.769481,139.061389,123.629323
10.769534,139.061389,123.632263
10.769571,139.061389,123.644089
10.769692,139.061389,123.646898
10.769734,139.061389,123.649534
10.769772,139.061389,123.650786
10.769812,139.061389,123.657603
10.769892,139.061389,123.667628
10.769998,139.061389,113.105151
10.770035,139.061389,123.669929
10.770071,139.061389,123.671135
10.770109,139.061389,123.672596
10.770160,139.061389,123.679823
10.770193,139.061389,123.685004
10.770243,139.061389,123.687273
10.770292,139.061389,123.701260
10.770332,139.061389,123.715647
10.770367,139.061389,123.716921
10.770403,139.061389,123.719413
10.770438,139.061389,123.727967
10.770477,139.061389,123.730554
10.770589,139.061389,123.730847
10.770636,139.061389,123.734013
10.770670,139.061389,123.735529
10.770720,139.061389,111.597762
10.770755,139.061389,123.736753
10.770801,139.061389,123.740994
10.770848,139.061389,123.741903
10.770893,139.061389,123.749233
10.770945,139.061389,114.746378
10.770980,139.061389,122.583276
10.771011,139.061389,123.750330
10.771092,139.061389,123.764208
10.771129,139.061389,123.767545
10.771379,139.061389,123.768882
10.771422,139.061389,123.769897
10.771466,139.061389,111.695010
10.771502,139.061389,123.776245
10.771549,139.061389,123.777480
10.771603,139.061389,123.778659
10.771707,139.061389,123.784825
10.771858,139.061389,123.787231
10.771948,139.061389,123.787253
10.771990,139.061389,123.788463
10.772025,139.061389,123.792403
10.772056,139.061389,123.793445
10.772097,139.061389,123.797425
10.772135,139.061389,123.799595
10.772168,139.061389,123.815942
10.772214,139.061389,123.821919
10.772270,139.061389,123.828015
10.772315,139.061389,123.834228
10.772353,139.061389,115.649762
10.772378,139.061389,123.835497
10.772433,139.061389,123.840297
10.772467,139.061389,123.845149
10.772552,139.061389,123.847849
10.772596,139.061389,119.980546
10.772621,139.061389,123.856524
10.772667,139.061389,119.889165
10.772697,139.061389,123.858793
10.772744,139.061389,123.861311
10.772798,139.061389,123.867519
10.772834,139.061389,123.872457
10.772881,139.061389,123.875060
10.772928,139.061389,123.879709
10.772959,139.061389,123.882754
10.773013,139.061389,123.892449
10.773064,139.061389,101.926386
10.773105,139.061389,105.122706
10.773141,139.061389,112.441000
10.773203,139.061389,118.181704
10.773308,139.061389,122.174381
10.773340,139.061389,123.893005
10.773367,139.061389,123.895935
10.773410,139.061389,123.897215
10.773514,139.061389,123.898508
10.773558,139.061389,123.900831
10.773589,139.061389,123.905872
10.773619,139.061389,121.315006
10.773641,139.061389,123.910271
10.773671,139.061389,123.912025
10.773717,139.061389,123.913151
10.773789,139.061389,123.916901
10.773907,139.061389,123.918309
10.773950,139.061389,123.919369
10.773995,139.061389,123.921881
10.774040,139.061389,106.031125
10.774078,139.061389,112.663221
10.774112,139.061389,120.907436
10.774135,139.061389,123.923116
10.774175,139.061389,123.928017
10.774212,139.061389,123.934181
10.774301,139.061389,123.934538
10.774345,139.061389,123.936063
10.774387,139.061389,123.952805
10.774480,139.061389,123.955743
10.774520,139.061389,123.961343
10.774571,139.061389,123.961555
10.774601,139.061389,123.972437
10.774719,139.061389,123.977449
10.774830,139.061389,123.977491
10.774885,139.061389,120.107522
10.774921,139.061389,123.981236
10.774968,139.061389,108.576770
10.775004,139.061389,123.989043
10.775052,139.061389,123.998329
10.775088,139.061389,124.015631
10.775149,139.061389,124.018626
10.775201,139.061389,124.019412
10.775235,139.061389,124.023043
10.775288,139.061389,115.955743
10.775313,139.061389,124.025481
10.775343,139.061389,124.044258
10.775392,139.061389,124.046572
10.775429,139.061389,124.048245
10.775472,139.061389,124.050249
10.775519,139.061389,124.070057
10.775565,139.061389,124.073260
10.775613,139.061389,124.076185
10.775809,139.061389,124.077481
10.775870,139.061389,124.079006
10.775914,139.061389,124.093465
10.775974,139.061389,124.104692
10.776016,139.061389,124.105833
10.776097,139.061389,124.108223
10.776145,139.061389,124.115800
10.776187,139.061389,124.119337
10.776231,139.061389,124.123209
10.776280,139.061389,110.876770
10.776317,139.061389,121.411251
10.776350,139.061389,124.127326
10.776379,139.061389,124.136007
10.776422,139.061389,124.136655
10.776528,139.061389,124.140464
10.776585,139.061389,124.156812
10.776634,139.061389,124.160164
10.776689,139.061389,124.161500
10.776730,139.061389,124.166517
10.776773,139.061389,124.167519
10.776822,139.061389,124.174929
10.776853,139.061389,124.174947
10.776901,139.061389,124.187305
10.776952,139.061389,119.042178
10.776989,139.061389,124.196078
10.777019,139.061389,115.864712
10.777049,139.061389,124.197189
10.777093,139.061389,124.203133
10.777131,139.061389,124.211967
10.777173,139.061389,124.213747
10.777208,139.061389,124.218281
10.777259,139.061389,124.223550
10.777282,139.061389,124.223592
10.777326,139.061389,124.235366
10.777404,139.061389,124.239081
10.777509,139.061389,124.239887
10.777549,139.061389,124.248322
10.777592,139.061389,124.249132
10.777643,139.061389,116.321215
10.777678,139.061389,124.249132
10.777745,139.061389,124.293466
10.777785,139.061389,110.216307
10.777810,139.061389,124.303359
10.778005,139.061389,124.304553
10.778075,139.061389,117.516258
10.778099,139.061389,124.330415
10.778139,139.061389,124.334223
10.778222,139.061389,124.346691
10.778267,139.061389,124.347876
10.778304,139.061389,124.350207
10.778351,139.061389,124.351293
10.778435,139.061389,124.360089
10.778473,139.061389,124.365576
10.778512,139.061389,124.369897
10.778553,139.061389,117.108610
10.778586,139.061389,124.369897
10.778625,139.061389,124.376169
10.778668,139.061389,124.376185
10.778767,139.061389,124.379024
10.778812,139.061389,124.382458
10.778893,139.061389,124.395977
10.778937,139.061389,124.397265
10.778990,139.061389,119.149615
10.779043,139.061389,124.398425
10.779087,139.061389,118.798892
10.779112,139.061389,124.400783
10.779151,139.061389,124.404511
10.779185,139.061389,124.405745
10.779234,139.061389,111.727697
10.779272,139.061389,117.079395
10.779306,139.061389,124.416621
10.779333,139.061389,124.422115
10.779379,139.061389,124.434121
10.779488,139.061389,124.450045
10.779556,139.061389,124.453255
10.779593,139.061389,124.458990
10.779642,139.061389,123.623667
10.779671,139.061389,124.459100
10.779718,139.061389,124.469951
10.779766,139.061389,124.478050
10.779815,139.061389,124.479709
10.779860,139.061389,124.481651
10.779896,139.061389,124.489737
10.779932,139.061389,124.496414
10.779972,139.061389,124.497724
10.780014,139.061389,124.499599
10.780054,139.061389,124.501442
10.780091,139.061389,124.506637
10.780133,139.061389,124.507391
10.780181,139.061389,124.507725
10.780219,139.061389,124.513215
10.780262,139.061389,112.851970
10.780297,139.061389,124.514814
10.780336,139.061389,124.521881
10.780422,139.061389,111.631125
10.780461,139.061389,118.592716
10.780504,139.061389,124.529283
10.780555,139.061389,124.532258
10.780606,139.061389,124.533060
10.780640,139.061389,124.535391
10.780764,139.061389,124.544049
10.780793,139.061389,124.545526
10.780853,139.061389,109.907932
10.780901,139.061389,110.684370
10.780944,139.061389,116.844744
10.780979,139.061389,123.166824
10.781019,139.061389,124.568713
10.781060,139.061389,124.570116
10.781129,139.061389,124.571374
10.781339,139.061389,124.577327
10.781387,139.061389,124.577368
10.781428,139.061389,124.579845
10.781458,139.061389,124.584826
10.781583,139.061389,124.586353
10.781627,139.061389,124.591008
10.781679,139.061389,124.597055
10.781721,139.061389,124.598205
10.781770,139.061389,124.601148
10.781818,139.061389,124.607001
10.781854,139.061389,124.608248
10.781904,139.061389,124.617512
10.781939,139.061389,124.622344
10.781986,139.061389,124.645225
10.782034,139.061389,124.647695
10.782110,139.061389,124.654003
10.782166,139.061389,124.655135
10.782239,139.061389,124.657553
10.782297,139.061389,124.664893
10.782340,139.061389,124.667702
10.782400,139.061389,106.342386
10.782440,139.061389,106.800508
10.782489,139.061389,109.538706
10.782528,139.061389,115.601586
10.782565,139.061389,118.195346
10.782607,139.061389,121.193992
10.782649,139.061389,121.391666
10.782687,139.061389,124.668729
10.782725,139.061389,123.964341
10.782750,139.061389,124.668729
10.782784,139.061389,124.677449
10.782832,139.061389,124.698361
10.782881,139.061389,124.702165
10.782914,139.061389,124.711889
10.783009,139.061389,124.713173
10.783056,139.061389,124.719365
10.783098,139.061389,124.724526
10.783158,139.061389,124.733080
10.783265,139.061389,111.210354
10.783302,139.061389,117.822568
10.783334,139.061389,123.414837
10.783359,139.061389,124.733346
10.783408,139.061389,124.735465
10.783450,139.061389,124.737955
10.783531,139.061389,124.739129
10.783580,139.061389,124.744680
10.783630,139.061389,124.747010
10.783678,139.061389,124.752735
10.783728,139.061389,124.753897
10.783759,139.061389,124.753935
10.783804,139.061389,124.756483
10.783846,139.061389,124.756501
10.783890,139.061389,124.756545
10.783925,139.061389,124.766217
10.783960,139.061389,124.771291
10.783995,139.061389,124.779006
10.784041,139.061389,124.787231
10.784119,139.061389,124.787812
10.784158,139.061389,124.789090
10.784211,139.061389,124.813703
10.784257,139.061389,124.814574
10.784350,139.061389,116.337415
10.784376,139.061389,124.815749
10.784474,139.061389,124.816937
10.784540,139.061389,124.823135
10.784592,139.061389,124.829388
10.784795,139.061389,116.798869
10.784828,139.061389,124.829711
10.784869,139.061389,124.830489
10.784915,139.061389,124.830521
10.784953,139.061389,124.833164
10.785002,139.061389,124.835502
10.785087,139.061389,124.835561
10.785138,139.061389,124.839071
10.785214,139.061389,124.842821
10.785327,139.061389,124.843967
10.785363,139.061389,124.847679
10.785401,139.061389,124.852902
10.785441,139.061389,124.857673
10.785485,139.061389,124.858629
10.785524,139.061389,124.860121
10.785569,139.061389,124.878725
10.785613,139.061389,124.884867
10.785753,139.061389,124.885983
10.785785,139.061389,124.887263
10.785828,139.061389,124.896328
10.785868,139.061389,124.898357
10.785978,139.061389,124.902188
10.786018,139.061389,124.905695
10.786166,139.061389,124.915641
10.786201,139.061389,124.919646
10.786240,139.061389,124.930394
10.786283,139.061389,124.938052
10.786330,139.061389,121.543452
10.786361,139.061389,124.939119
10.786421,139.061389,124.946591
10.786461,139.061389,124.951401
10.786493,139.061389,124.955297
10.786534,139.061389,124.961694
10.786570,139.061389,124.976169
10.786612,139.061389,124.976191
10.786657,139.061389,124.985246
10.786701,139.061389,124.991603
10.786750,139.061389,124.997151
10.786780,139.061389,125.000933
10.786840,139.061389,125.001261
10.786877,139.061389,125.002105
10.787000,139.061389,125.002121
10.787062,139.061389,125.002181
10.787099,139.061389,125.003401
10.787155,139.061389,125.007041
10.787194,139.061389,125.007145
10.787301,139.061389,110.129986
10.787335,139.061389,125.019385
10.787383,139.061389,125.023023
10.787431,139.061389,125.025513
10.787476,139.061389,125.031753
10.787514,139.061389,125.034143
10.787582,139.061389,125.037989
10.787656,139.061389,125.038026
10.787733,139.061389,125.042793
10.787777,139.061389,125.045305
10.787809,139.061389,125.046527
10.787916,139.061389,125.047689
10.787954,139.061389,125.052600
10.787999,139.061389,125.063086
10.788035,139.061389,125.065831
10.788080,139.061389,125.070057
10.788125,139.061389,125.085983
10.788160,139.061389,125.087313
10.788190,139.061389,125.097294
10.788235,139.061389,120.592927
10.788259,139.061389,125.102401
10.788314,139.061389,110.816700
10.788351,139.061389,118.354834
10.788384,139.061389,124.070559
10.788415,139.061389,125.105849
10.788497,139.061389,125.115647
10.788541,139.061389,125.119427
10.788638,139.061389,125.128059
10.788684,139.061389,125.132982
10.788733,139.061389,113.723560
10.788768,139.061389,116.823496
10.788810,139.061389,122.379016
10.788847,139.061389,123.049448
10.788882,139.061389,125.133282
10.788928,139.061389,125.134159
10.789086,139.061389,125.135391
10.789140,139.061389,125.140351
10.789287,139.061389,125.144047
10.789343,139.061389,125.149060
10.789382,139.061389,125.151461
10.789424,139.061389,125.152607
10.789490,139.061389,125.156994
10.789537,139.061389,125.160565
10.789587,139.061389,125.161286
10.789633,139.061389,125.161353
10.789693,139.061389,125.165001
10.789781,139.061389,125.168825
10.789901,139.061389,125.177385
10.789952,139.061389,125.179950
10.790001,139.061389,125.186669
10.790036,139.061389,125.191422
10.790079,139.061389,125.197196
10.790110,139.061389,125.204968
10.790143,139.061389,125.216106
10.790191,139.061389,125.224385
10.790238,139.061389,125.224831
10.790288,139.061389,125.225567
10.790388,139.061389,125.229279
10.790436,139.061389,125.230540
10.790483,139.061389,125.242953
10.790524,139.061389,118.601415
10.790555,139.061389,118.682946
10.790588,139.061389,125.245454
10.790630,139.061389,125.248949
10.790658,139.061389,125.249989
10.790688,139.061389,125.255241
10.790727,139.061389,125.261343
10.790789,139.061389,125.263093
10.790823,139.061389,125.264893
10.790853,139.061389,125.269935
10.790963,139.061389,125.276127
10.791037,139.061389,125.276248
10.791092,139.061389,125.280009
10.791144,139.061389,113.142242
10.791180,139.061389,125.280009
10.791243,139.061389,125.282478
10.791286,139.061389,125.286343
10.791323,139.061389,125.290197
10.791390,139.061389,125.304944
10.791438,139.061389,125.310761
10.791480,139.061389,125.319534
10.791675,139.061389,125.319606
10.791719,139.061389,121.892936
10.791749,139.061389,123.237293
10.791780,139.061389,125.320962
10.791823,139.061389,125.329347
10.791870,139.061389,125.334244
10.791903,139.061389,125.335465
10.791944,139.061389,125.336772
10.791976,139.061389,125.365534
10.792017,139.061389,125.368695
10.792100,139.061389,125.371215
10.792146,139.061389,125.387229
10.792243,139.061389,125.391454
10.792278,139.061389,125.394661
10.792319,139.061389,125.395463
10.792364,139.061389,125.395871
10.792411,139.061389,125.398500
10.792453,139.061389,125.400124
10.792493,139.061389,125.402328
10.792591,139.061389,112.846152
10.792625,139.061389,125.408755
10.792666,139.061389,125.411889
10.792706,139.061389,125.413193
10.792751,139.061389,125.423528
10.792805,139.061389,125.424345
10.792852,139.061389,125.425519
10.792919,139.061389,125.428105
10.792982,139.061389,125.434217
10.793078,139.061389,125.439221
10.793124,139.061389,125.441684
10.793172,139.061389,125.445231
10.793209,139.061389,125.450355
10.793250,139.061389,125.451461
10.793332,139.061389,125.451487
10.793365,139.061389,125.455203
10.793411,139.061389,125.461311
10.793593,139.061389,125.464056
10.793629,139.061389,125.476366
10.793719,139.061389,112.920191
10.793753,139.061389,125.479823
10.793852,139.061389,125.493968
10.793895,139.061389,125.494633
10.793934,139.061389,125.497294
10.793964,139.061389,115.832305
10.793986,139.061389,125.500200
10.794052,139.061389,125.515637
10.794096,139.061389,125.516461
10.794137,139.061389,125.529347
10.794268,139.061389,125.530418
10.794312,139.061389,124.438382
10.794345,139.061389,125.535467
10.794382,139.061389,125.538094
10.794416,139.061389,125.539081
10.794617,139.061389,125.539113
10.794656,139.061389,121.385378
10.794680,139.061389,125.543881
10.794719,139.061389,125.545315
10.794758,139.061389,125.556399
10.794802,139.061389,125.558097
10.794846,139.061389,125.571145
10.794881,139.061389,125.579845
10.794923,139.061389,125.582847
10.794971,139.061389,125.583473
10.794999,139.061389,125.593622
10.795056,139.061389,103.002866
10.795098,139.061389,103.152348
10.795144,139.061389,106.199186
10.795185,139.061389,112.422408
10.795221,139.061389,114.437320
10.795255,139.061389,114.855826
10.795293,139.061389,118.052146
10.795330,139.061389,118.163112
10.795374,139.061389,119.348360
10.795406,139.061389,123.092776
10.795438,139.061389,125.596543
10.795487,139.061389,125.603369
10.795518,139.061389,125.606163
10.795559,139.061389,125.608135
10.795669,139.061389,125.611834
10.795711,139.061389,125.614803
10.795756,139.061389,125.617018
10.795790,139.061389,125.619385
10.796046,139.061389,125.626868
10.796078,139.061389,125.634217
10.796123,139.061389,125.639071
10.796160,139.061389,125.640894
10.796200,139.061389,125.642793
10.796246,139.061389,125.649139
10.796287,139.061389,125.649265
10.796318,139.061389,125.659000
10.796363,139.061389,120.578088
10.796397,139.061389,125.661385
10.796440,139.061389,125.661647
10.796480,139.061389,125.662665
10.796534,139.061389,125.670440
10.796572,139.061389,125.670581
10.796618,139.061389,125.678655
10.796653,139.061389,125.679817
10.796686,139.061389,125.682421
10.796737,139.061389,125.683724
10.796781,139.061389,125.684300
10.796826,139.061389,125.692143
10.796858,139.061389,125.692244
10.796896,139.061389,125.711346
10.796945,139.061389,125.715655
10.796995,139.061389,125.724297
10.797030,139.061389,125.725967
10.797071,139.061389,125.727112
10.797118,139.061389,125.729663
10.797159,139.061389,125.746662
10.797216,139.061389,111.290403
10.797260,139.061389,112.400323
10.797300,139.061389,115.596643
10.797336,139.061389,123.664166
10.797371,139.061389,125.491556
10.797403,139.061389,125.613636
10.797441,139.061389,125.749055
10.797488,139.061389,114.087810
10.797523,139.061389,125.756706
10.797559,139.061389,125.759142
10.797602,139.061389,125.765156
10.797645,139.061389,125.773721
10.797690,139.061389,116.900076
10.797723,139.061389,125.779857
10.797761,139.061389,125.782456
10.797799,139.061389,125.783567
10.797840,139.061389,125.785993
10.797885,139.061389,125.788637
10.797926,139.061389,125.789783
10.797975,139.061389,125.792227
10.798029,139.061389,120.434751
10.798066,139.061389,125.802202
10.798093,139.061389,125.803347
10.798134,139.061389,125.804569
10.798284,139.061389,125.804645
10.798315,139.061389,122.791795
10.798338,139.061389,125.814507
10.798401,139.061389,125.815637
10.798483,139.061389,125.830523
10.798522,139.061389,125.839586
10.798566,139.061389,125.840787
10.798612,139.061389,125.841565
10.798717,139.061389,125.849322
10.798762,139.061389,125.855226
10.798807,139.061389,125.856501
10.798846,139.061389,125.859965
10.798887,139.061389,103.521058
10.798922,139.061389,120.436723
10.798955,139.061389,123.518163
10.798986,139.061389,125.861674
10.799032,139.061389,125.865039
10.799076,139.061389,117.112661
10.799113,139.061389,125.867778
10.799156,139.061389,125.872511
10.799201,139.061389,125.874479
10.799236,139.061389,125.874848
10.799281,139.061389,125.878751
10.799351,139.061389,125.879817
10.799396,139.061389,125.882255
10.799472,139.061389,125.883599
10.799515,139.061389,125.894493
10.799551,139.061389,125.894851
10.799596,139.061389,125.928101
10.799624,139.061389,125.929321
10.799672,139.061389,117.844738
10.799708,139.061389,125.933065
10.799750,139.061389,125.937316
10.799833,139.061389,125.940484
10.799886,139.061389,121.266905
10.799935,139.061389,125.948943
10.800012,139.061389,125.951976
10.800060,139.061389,125.951987
10.800107,139.061389,125.952777
10.800157,139.061389,125.958905
10.800201,139.061389,125.961309
10.800254,139.061389,125.967497
10.800291,139.061389,125.983619
10.800334,139.061389,125.987340
10.800384,139.061389,125.992207
10.800421,139.061389,125.996009
10.800471,139.061389,125.998383
10.800622,139.061389,126.013233
10.800652,139.061389,126.018856
10.800690,139.061389,126.019359
10.800783,139.061389,126.020579
10.800832,139.061389,126.023458
10.800880,139.061389,126.024295
10.800921,139.061389,126.026769
10.800955,139.061389,126.028105
10.801085,139.061389,126.030946
10.801136,139.061389,126.049322
10.801173,139.061389,126.052745
10.801216,139.061389,97.175586
10.801257,139.061389,114.342050
10.801301,139.061389,117.775484
10.801341,139.061389,119.708499
10.801374,139.061389,119.956674
10.801415,139.061389,123.122178
10.801450,139.061389,124.693794
10.801491,139.061389,126.052777
10.801532,139.061389,126.053979
10.801623,139.061389,126.060079
10.801658,139.061389,126.064332
10.801718,139.061389,126.066271
10.801753,139.061389,126.069967
10.801793,139.061389,126.083662
10.801878,139.061389,126.087273
10.801923,139.061389,116.003906
10.801962,139.061389,126.090921
10.801997,139.061389,126.091582
10.802043,139.061389,126.092233
10.802079,139.061389,126.096056
10.802135,139.061389,117.932209
10.802173,139.061389,126.104489
10.802357,139.061389,126.111423
10.802411,139.061389,126.113698
10.802463,139.061389,126.115561
10.802508,139.061389,126.117395
10.802596,139.061389,126.119427
10.802650,139.061389,126.127411
10.802706,139.061389,126.130489
10.802798,139.061389,126.131061
10.802827,139.061389,126.134546
10.802875,139.061389,126.136643
10.802934,139.061389,110.197727
10.802975,139.061389,120.079167
10.803013,139.061389,123.691317
10.803050,139.061389,126.140484
10.803123,139.061389,126.141405
10.803237,139.061389,126.145390
10.803282,139.061389,126.147751
10.803416,139.061389,126.150305
10.803449,139.061389,126.156287
10.803486,139.061389,126.160618
10.803526,139.061389,126.168623
10.803646,139.061389,126.169973
10.803686,139.061389,126.171374
10.803752,139.061389,126.172592
10.803796,139.061389,126.174142
10.803835,139.061389,126.182255
10.803865,139.061389,126.187263
10.804054,139.061389,126.187391
10.804086,139.061389,126.187404
10.804128,139.061389,126.190813
10.804159,139.061389,126.190895
10.804194,139.061389,126.195855
10.804380,139.061389,126.202690
10.804431,139.061389,126.203133
10.804505,139.061389,126.203618
10.804543,139.061389,126.205929
10.804590,139.061389,126.210276
10.804681,139.061389,126.211310
10.804731,139.061389,126.211929
10.804770,139.061389,126.214441
10.804819,139.061389,126.218169
10.804926,139.061389,126.219891
10.804973,139.061389,126.230633
10.805100,139.061389,112.940994
10.805138,139.061389,126.235401
10.805298,139.061389,116.919879
10.805373,139.061389,121.804866
10.805409,139.061389,124.297602
10.805444,139.061389,126.235493
10.805493,139.061389,126.238524
10.805538,139.061389,126.241625
10.805577,139.061389,126.251519
10.805623,139.061389,126.257774
10.805714,139.061389,126.261385
10.805753,139.061389,126.263807
10.805832,139.061389,126.266948
10.805870,139.061389,126.277417
10.805898,139.061389,126.278655
10.805979,139.061389,126.281087
10.806012,139.061389,126.282249
10.806065,139.061389,126.297135
10.806111,139.061389,119.768076
10.806145,139.061389,126.304611
10.806186,139.061389,126.306302
10.806222,139.061389,126.319343
10.806304,139.061389,126.321791
10.806346,139.061389,126.324420
10.806377,139.061389,126.329385
10.806427,139.061389,117.255778
10.806461,139.061389,126.337809
10.806489,139.061389,126.345024
10.806555,139.061389,126.352767
10.806607,139.061389,112.491522
10.806630,139.061389,124.070579
10.806665,139.061389,126.353002
10.806710,139.061389,126.365141
10.806744,139.061389,126.367497
10.806784,139.061389,126.367604
10.806818,139.061389,120.263234
10.806841,139.061389,126.367627
10.806886,139.061389,126.370483
10.806926,139.061389,126.371151
10.806963,139.061389,126.373721
10.807047,139.061389,123.200076
10.807080,139.061389,126.376275
10.807117,139.061389,125.069329
10.807139,139.061389,126.376364
10.807185,139.061389,126.387301
10.807268,139.061389,126.393960
10.807313,139.061389,126.395846
10.807355,139.061389,126.397151
10.807404,139.061389,126.403321
10.807473,139.061389,126.403475
10.807563,139.061389,126.405743
10.807641,139.061389,126.406921
10.807794,139.061389,126.422376
10.807841,139.061389,126.429167
10.807869,139.061389,126.431756
10.807920,139.061389,126.448895
10.807999,139.061389,126.450045
10.808033,139.061389,126.450237
10.808083,139.061389,126.455267
10.808113,139.061389,126.457895
10.808151,139.061389,126.458841
10.808184,139.061389,126.460639
10.808221,139.061389,126.465001
10.808424,139.061389,126.466271
10.808452,139.061389,126.482319
10.808492,139.061389,126.488511
10.808534,139.061389,126.497928
10.808586,139.061389,126.500959
10.808643,139.061389,126.506975
10.808687,139.061389,115.418690
10.808713,139.061389,126.513241
10.808761,139.061389,118.484181
10.808785,139.061389,126.517410
10.808824,139.061389,126.518170
10.808860,139.061389,126.530463
10.808902,139.061389,126.537754
10.808974,139.061389,126.542938
10.809006,139.061389,122.048234
10.809028,139.061389,126.548190
10.809068,139.061389,126.550201
10.809160,139.061389,126.551468
10.809244,139.061389,126.551704
10.809294,139.061389,117.795379
10.809329,139.061389,126.231038
10.809360,139.061389,126.551967
10.809408,139.061389,126.552788
10.809440,139.061389,126.556524
10.809534,139.061389,126.558905
10.809577,139.061389,126.574931
10.809620,139.061389,126.586378
10.809656,139.061389,126.588505
10.809688,139.061389,126.590889
10.809736,139.061389,126.597103
10.809780,139.061389,126.617129
10.809830,139.061389,102.437346
10.809874,139.061389,106.763298
10.809910,139.061389,117.769218
10.809944,139.061389,122.426067
10.809980,139.061389,126.189090
10.810018,139.061389,126.618063
10.810058,139.061389,126.618252
10.810114,139.061389,110.885512
10.810154,139.061389,111.775730
10.810197,139.061389,113.341096
10.810235,139.061389,121.996552
10.810270,139.061389,125.763144
10.810307,139.061389,126.639071
10.810348,139.061389,126.639686
10.810389,139.061389,126.640265
10.810435,139.061389,126.641699
10.810576,139.061389,126.642758
10.810645,139.061389,126.644392
10.810712,139.061389,126.656464
10.810761,139.061389,126.660227
10.810810,139.061389,126.662665
10.810859,139.061389,126.667589
10.810928,139.061389,125.383123
10.810950,139.061389,126.673801
10.811006,139.061389,107.018754
10.811044,139.061389,116.900194
10.811080,139.061389,119.981634
10.811115,139.061389,126.675078
10.811155,139.061389,126.679042
10.811208,139.061389,126.690911
10.811360,139.061389,126.694769
10.811461,139.061389,126.695807
10.811625,139.061389,126.699519
10.811702,139.061389,126.712035
10.811801,139.061389,126.715561
10.811844,139.061389,126.726711
10.811893,139.061389,110.648527
10.811940,139.061389,118.593971
10.811976,139.061389,121.016083
10.812019,139.061389,121.885109
10.812062,139.061389,126.726711
10.812097,139.061389,126.728122
10.812125,139.061389,126.728338
10.812169,139.061389,126.730622
10.812206,139.061389,126.730636
10.812319,139.061389,117.589256
10.812355,139.061389,118.541202
10.812393,139.061389,126.733112
10.812456,139.061389,108.845992
10.812497,139.061389,110.142207
10.812533,139.061389,125.394031
10.812564,139.061389,126.428373
10.812599,139.061389,126.735902
10.812639,139.061389,126.737929
10.812683,139.061389,111.427298
10.812719,139.061389,114.527234
10.812756,139.061389,120.082754
10.812791,139.061389,120.753186
10.812824,139.061389,122.908706
10.812856,139.061389,126.739097
10.812894,139.061389,126.739204
10.812940,139.061389,126.739554
10.812985,139.061389,126.751409
10.813041,139.061389,113.004083
10.813085,139.061389,119.429828
10.813123,139.061389,126.751878
10.813164,139.061389,126.762670
10.813204,139.061389,126.764997
10.813247,139.061389,119.943436
10.813285,139.061389,122.138430
10.813316,139.061389,126.770536
10.813365,139.061389,126.779106
10.813408,139.061389,126.782421
10.813444,139.061389,126.786355
10.813481,139.061389,126.797172
10.813515,139.061389,126.798362
10.813570,139.061389,126.801299
10.813609,139.061389,126.802097
10.813637,139.061389,126.802128
10.813683,139.061389,126.805737
10.813715,139.061389,126.809189
10.813755,139.061389,126.810836
10.813813,139.061389,126.811394
10.813856,139.061389,126.812636
10.813895,139.061389,126.814993
10.813928,139.061389,126.825577
10.813967,139.061389,126.826711
10.814005,139.061389,126.835481
10.814056,139.061389,126.839268
10.814110,139.061389,126.847849
10.814149,139.061389,126.849314
10.814186,139.061389,126.852773
10.814217,139.061389,126.853945
10.814332,139.061389,126.855241
10.814372,139.061389,121.571746
10.814404,139.061389,126.860127
10.814456,139.061389,126.862509
10.814504,139.061389,126.869973
10.814532,139.061389,126.872369
10.814572,139.061389,126.874142
10.814614,139.061389,126.876172
10.814655,139.061389,126.878803
10.814686,139.061389,126.881205
10.814718,139.061389,126.883825
10.814750,139.061389,126.885983
10.814784,139.061389,126.890447
10.814826,139.061389,126.893877
10.814894,139.061389,126.901971
10.814941,139.061389,123.486338
10.814975,139.061389,126.902463
10.815024,139.061389,126.915637
10.815059,139.061389,126.918169
10.815099,139.061389,126.919789
10.815134,139.061389,126.921929
10.815178,139.061389,126.924303
10.815216,139.061389,119.311386
10.815244,139.061389,126.926035
10.815278,139.061389,126.928478
10.815317,139.061389,126.933109
10.815385,139.061389,126.937823
10.815455,139.061389,126.946499
10.815496,139.061389,126.949135
10.815550,139.061389,126.962901
10.815589,139.061389,126.963859
10.815637,139.061389,126.965391
10.815675,139.061389,126.967692
10.815767,139.061389,120.297928
10.815800,139.061389,126.968856
10.815899,139.061389,126.978697
10.815959,139.061389,113.612706
10.815999,139.061389,114.505218
10.816037,139.061389,121.365570
10.816076,139.061389,125.753250
10.816111,139.061389,126.978697
10.816150,139.061389,126.984937
10.816197,139.061389,126.988428
10.816241,139.061389,127.000258
10.816280,139.061389,127.000900
10.816315,139.061389,120.583103
10.816339,139.061389,127.005935
10.816388,139.061389,127.008249
10.816446,139.061389,127.013126
10.816493,139.061389,127.018217
10.816542,139.061389,125.859198
10.816574,139.061389,127.024522
10.816614,139.061389,127.029420
10.816663,139.061389,113.397928
10.816700,139.061389,119.968296
10.816732,139.061389,126.853141
10.816763,139.061389,127.029420
10.816809,139.061389,113.397928
10.816843,139.061389,119.968296
10.816873,139.061389,126.853141
10.816902,139.061389,127.029420
10.816935,139.061389,127.030409
10.816974,139.061389,123.018626
10.816998,139.061389,127.034109
10.817051,139.061389,127.036782
10.817094,139.061389,127.039129
10.817271,139.061389,127.045347
10.817315,139.061389,120.970591
10.817350,139.061389,127.045385
10.817390,139.061389,127.049036
10.817423,139.061389,127.052812
10.817475,139.061389,127.077642
10.817514,139.061389,127.089784
10.817612,139.061389,127.091073
10.817659,139.061389,127.092289
10.817692,139.061389,127.094745
10.817752,139.061389,127.098512
10.817792,139.061389,121.007646
10.817815,139.061389,127.100162
10.817867,139.061389,127.100789
10.817897,139.061389,127.113183
10.818016,139.061389,127.115647
10.818140,139.061389,127.119281
10.818230,139.061389,127.120543
10.818266,139.061389,127.127967
10.818305,139.061389,127.130737
10.818336,139.061389,127.134704
10.818374,139.061389,127.141969
10.818419,139.061389,127.145811
10.818466,139.061389,127.147908
10.818514,139.061389,113.176780
10.818551,139.061389,127.150233
10.818644,139.061389,127.161790
10.818688,139.061389,127.171374
10.818793,139.061389,127.173779
10.818848,139.061389,123.207821
10.818888,139.061389,127.186084
10.818922,139.061389,127.187306
10.818973,139.061389,127.203337
10.819045,139.061389,106.376770
10.819088,139.061389,121.030946
10.819125,139.061389,123.703539
10.819166,139.061389,126.784979
10.819200,139.061389,127.204575
10.819306,139.061389,127.207007
10.819344,139.061389,127.207436
10.819377,139.061389,127.216113
10.819426,139.061389,127.218239
10.819485,139.061389,127.218281
10.819526,139.061389,127.224303
10.819586,139.061389,127.230531
10.819638,139.061389,127.235532
10.819701,139.061389,114.137352
10.819741,139.061389,114.718930
10.819786,139.061389,116.592936
10.819828,139.061389,125.408735
10.819864,139.061389,127.238252
10.819908,139.061389,127.241968
10.819952,139.061389,127.245422
10.819997,139.061389,127.262665
10.820047,139.061389,127.267497
10.820083,139.061389,127.271364
10.820125,139.061389,127.272881
10.820173,139.061389,127.272894
10.820221,139.061389,127.273779
10.820275,139.061389,119.007821
10.820314,139.061389,126.473103
10.820348,139.061389,127.276273
10.820444,139.061389,127.278655
10.820502,139.061389,127.291486
10.820548,139.061389,127.293417
10.820592,139.061389,127.305071
10.820636,139.061389,127.308093
10.820685,139.061389,127.313151
10.820758,139.061389,127.314572
10.820818,139.061389,127.318639
10.820860,139.061389,127.323071
10.820890,139.061389,127.329320
10.820937,139.061389,127.332841
10.820980,139.061389,127.334298
10.821027,139.061389,127.341641
10.821072,139.061389,127.342749
10.821117,139.061389,127.346831
10.821165,139.061389,127.350232
10.821212,139.061389,127.351465
10.821261,139.061389,127.356558
10.821348,139.061389,127.363271
10.821393,139.061389,127.365049
10.821490,139.061389,127.368066
10.821534,139.061389,127.368168
10.821634,139.061389,127.371390
10.821677,139.061389,127.371428
10.821717,139.061389,98.273482
10.821750,139.061389,112.737415
10.821782,139.061389,113.820051
10.821814,139.061389,120.066995
10.821837,139.061389,122.492877
10.821868,139.061389,124.308819
10.821896,139.061389,126.001423
10.821923,139.061389,127.375533
10.821956,139.061389,127.383647
10.822004,139.061389,127.387307
10.822039,139.061389,127.390921
10.822121,139.061389,121.175426
10.822146,139.061389,127.392191
10.822176,139.061389,127.395980
10.822288,139.061389,118.480520
10.822325,139.061389,122.457138
10.822366,139.061389,127.400031
10.822407,139.061389,127.402187
10.822464,139.061389,98.479548
10.822512,139.061389,105.285538
10.822540,139.061389,113.952130
10.822584,139.061389,116.670600
10.822611,139.061389,117.840915
10.822647,139.061389,122.877858
10.822689,139.061389,123.707592
10.822730,139.061389,125.063170
10.822757,139.061389,127.403385
10.822805,139.061389,127.413326
10.822920,139.061389,127.418579
10.822963,139.061389,127.425481
10.822994,139.061389,127.436728
10.823047,139.061389,127.447849
10.823090,139.061389,127.451714
10.823135,139.061389,127.451967
10.823222,139.061389,127.455267
10.823278,139.061389,127.465065
10.823375,139.061389,127.465091
10.823421,139.061389,127.466205
10.823532,139.061389,127.471225
10.823607,139.061389,122.282933
10.823632,139.061389,127.471225
10.823700,139.061389,122.282933
10.823725,139.061389,127.471225
10.823761,139.061389,122.282933
10.823785,139.061389,127.471225
10.823817,139.061389,127.473170
10.823857,139.061389,127.479823
10.823972,139.061389,127.482539
10.824075,139.061389,108.727490
10.824113,139.061389,124.632371
10.824148,139.061389,127.402786
10.824188,139.061389,127.489043
10.824234,139.061389,127.496318
10.824268,139.061389,127.509644
10.824321,139.061389,127.512636
10.824364,139.061389,127.513777
10.824394,139.061389,127.523023
10.824430,139.061389,127.524345
10.824483,139.061389,127.526841
10.824524,139.061389,127.530910
10.824559,139.061389,127.536445
10.824596,139.061389,127.544267
10.824635,139.061389,124.364467
10.824669,139.061389,127.546766
10.824724,139.061389,101.428789
10.824766,139.061389,110.391628
10.824802,139.061389,117.154508
10.824838,139.061389,126.296508
10.824871,139.061389,127.549051
10.824909,139.061389,127.561683
10.824951,139.061389,127.566185
10.824983,139.061389,127.567955
10.825026,139.061389,127.568018
10.825068,139.061389,127.587807
10.825174,139.061389,127.594697
10.825260,139.061389,120.333410
10.825295,139.061389,127.599675
10.825335,139.061389,127.615822
10.825396,139.061389,109.728703
10.825441,139.061389,111.024917
10.825480,139.061389,125.297621
10.825518,139.061389,126.276742
10.825557,139.061389,127.617416
10.825595,139.061389,127.618207
10.825642,139.061389,127.621615
10.825686,139.061389,127.635465
10.825781,139.061389,127.635473
10.825861,139.061389,127.637833
10.825906,139.061389,127.644706
10.825935,139.061389,127.645159
10.825986,139.061389,127.649488
10.826025,139.061389,127.652817
10.826069,139.061389,114.249741
10.826095,139.061389,116.671853
10.826126,139.061389,117.545839
10.826153,139.061389,124.027279
10.826178,139.061389,127.653086
10.826220,139.061389,127.656409
10.826317,139.061389,127.660250
10.826372,139.061389,102.856159
10.826417,139.061389,110.362183
10.826457,139.061389,110.986771
10.826495,139.061389,114.183091
10.826530,139.061389,117.206403
10.826574,139.061389,119.945923
10.826610,139.061389,121.180382
10.826645,139.061389,122.839731
10.826681,139.061389,123.142243
10.826714,139.061389,123.195294
10.826745,139.061389,126.036051
10.826779,139.061389,126.921086
10.826819,139.061389,127.665124
10.826900,139.061389,127.671332
10.826951,139.061389,120.285631
10.826987,139.061389,127.674261
10.827016,139.061389,127.679061
10.827055,139.061389,127.682249
10.827091,139.061389,127.682771
10.827126,139.061389,127.683455
10.827203,139.061389,127.683970
10.827250,139.061389,127.691358
10.827293,139.061389,127.700831
10.827369,139.061389,127.706133
10.827409,139.061389,127.710665
10.827454,139.061389,127.717121
10.827517,139.061389,101.333704
10.827559,139.061389,101.470696
10.827610,139.061389,103.940991
10.827649,139.061389,109.529759
10.827693,139.061389,109.922541
10.827725,139.061389,116.903871
10.827760,139.061389,117.400264
10.827799,139.061389,118.401237
10.827836,139.061389,119.928543
10.827871,139.061389,126.555695
10.827902,139.061389,127.718284
10.827957,139.061389,120.679442
10.827998,139.061389,120.715144
10.828032,139.061389,127.724282
10.828077,139.061389,127.724351
10.828123,139.061389,127.728017
10.828179,139.061389,127.729161
10.828213,139.061389,127.729674
10.828250,139.061389,127.730591
10.828319,139.061389,127.734095
10.828471,139.061389,127.746333
10.828507,139.061389,127.750339
10.828555,139.061389,127.751293
10.828600,139.061389,127.753951
10.828639,139.061389,127.755346
10.828683,139.061389,127.770094
10.828716,139.061389,111.731014
10.828739,139.061389,114.394037
10.828765,139.061389,125.789087
10.828801,139.061389,127.774143
10.828846,139.061389,127.776334
10.828907,139.061389,127.779881
10.828949,139.061389,127.779941
10.828978,139.061389,127.786047
10.829018,139.061389,127.792319
10.829067,139.061389,127.795963
10.829100,139.061389,127.798289
10.829129,139.061389,127.800783
10.829171,139.061389,127.807125
10.829209,139.061389,127.809491
10.829250,139.061389,127.819970
10.829293,139.061389,127.821351
10.829339,139.061389,127.833461
10.829368,139.061389,127.841782
10.829408,139.061389,120.903949
10.829440,139.061389,127.849391
10.829481,139.061389,127.856529
10.829586,139.061389,127.859029
10.829620,139.061389,127.859660
10.829658,139.061389,127.862702
10.829699,139.061389,127.864117
10.829733,139.061389,127.865188
10.829779,139.061389,127.879112
10.829825,139.061389,127.881698
10.829863,139.061389,127.882911
10.829918,139.061389,127.888569
10.830011,139.061389,127.890985
10.830102,139.061389,124.231106
10.830136,139.061389,127.897269
10.830185,139.061389,127.900813
10.830236,139.061389,127.903337
10.830281,139.061389,127.905819
10.830319,139.061389,127.908361
10.830422,139.061389,114.618722
10.830459,139.061389,127.914467
10.830553,139.061389,127.921919
10.830659,139.061389,127.924344
10.830702,139.061389,127.925636
10.830739,139.061389,126.782856
10.830762,139.061389,127.929653
10.830803,139.061389,127.930367
10.830838,139.061389,127.931721
10.830944,139.061389,127.938385
10.830990,139.061389,127.944322
10.831037,139.061389,127.955340
10.831091,139.061389,116.649768
10.831129,139.061389,123.528639
10.831163,139.061389,127.955340
10.831214,139.061389,116.649768
10.831250,139.061389,123.528639
10.831281,139.061389,127.956438
10.831338,139.061389,111.399026
10.831375,139.061389,127.957705
10.831423,139.061389,127.958933
10.831539,139.061389,127.972383
10.831608,139.061389,127.974987
10.831656,139.061389,123.465534
10.831691,139.061389,127.980012
10.831738,139.061389,123.785267
10.831769,139.061389,127.982329
10.831803,139.061389,127.983647
10.831841,139.061389,127.987253
10.831978,139.061389,127.990223
10.832016,139.061389,127.990969
10.832063,139.061389,127.993245
10.832133,139.061389,127.993445
10.832178,139.061389,127.993875
10.832224,139.061389,127.996430
10.832273,139.061389,128.002041
10.832308,139.061389,128.003385
10.832357,139.061389,128.007140
10.832404,139.061389,128.014595
10.832444,139.061389,128.016993
10.832476,139.061389,128.018606
10.832526,139.061389,128.025519
10.832570,139.061389,128.027175
10.832608,139.061389,128.029999
10.832643,139.061389,128.030441
10.832687,139.061389,128.033051
10.832744,139.061389,128.034286
10.832843,139.061389,128.039103
10.832884,139.061389,128.039231
10.832918,139.061389,128.039494
10.832962,139.061389,128.041567
10.833141,139.061389,128.042735
10.833214,139.061389,128.045201
10.833287,139.061389,128.045598
10.833329,139.061389,128.045698
10.833370,139.061389,128.047695
10.833443,139.061389,128.056297
10.833481,139.061389,128.058857
10.833524,139.061389,128.058979
10.833563,139.061389,122.827455
10.833590,139.061389,128.069220
10.833631,139.061389,128.085297
10.833670,139.061389,128.085357
10.833706,139.061389,128.086366
10.833746,139.061389,128.087333
10.833789,139.061389,122.043603
10.833816,139.061389,124.238860
10.833849,139.061389,128.091128
10.833899,139.061389,128.095977
10.833944,139.061389,128.097294
10.833979,139.061389,123.592927
10.834005,139.061389,128.097294
10.834040,139.061389,123.592927
10.834065,139.061389,128.106334
10.834098,139.061389,128.118517
10.834134,139.061389,128.118594
10.834179,139.061389,128.120543
10.834214,139.061389,128.128416
10.834258,139.061389,128.130495
10.834292,139.061389,128.134089
10.834376,139.061389,128.134169
10.834411,139.061389,128.145363
10.834454,139.061389,128.150223
10.834495,139.061389,128.181107
10.834547,139.061389,128.182435
10.834585,139.061389,128.188585
10.834630,139.061389,120.534722
10.834666,139.061389,128.198419
10.834698,139.061389,128.204575
10.834733,139.061389,128.213345
10.834785,139.061389,114.374323
10.834818,139.061389,122.355842
10.834855,139.061389,128.218728
10.834895,139.061389,128.230563
10.834937,139.061389,128.231103
10.834969,139.061389,128.233029
10.835014,139.061389,128.233142
10.835054,139.061389,128.239071
10.835143,139.061389,128.241858
10.835186,139.061389,128.247686
10.835230,139.061389,128.247753
10.835275,139.061389,128.255340
10.835386,139.061389,115.549768
10.835424,139.061389,123.128639
10.835456,139.061389,128.264893
10.835513,139.061389,128.271113
10.835557,139.061389,126.349564
10.835590,139.061389,128.276217
10.835633,139.061389,128.278723
10.835905,139.061389,128.282478
10.835970,139.061389,128.283596
10.836003,139.061389,126.090218
10.836028,139.061389,128.284898
10.836073,139.061389,128.286120
10.836118,139.061389,128.289715
10.836164,139.061389,128.292871
10.836196,139.061389,128.297585
10.836233,139.061389,128.300365
10.836276,139.061389,128.304553
10.836457,139.061389,128.306332
10.836504,139.061389,128.307150
10.836606,139.061389,128.307167
10.836650,139.061389,128.308231
10.836696,139.061389,122.311266
10.836732,139.061389,128.308231
10.836811,139.061389,122.311266
10.836843,139.061389,128.308734
10.836887,139.061389,128.309573
10.836928,139.061389,128.309587
10.837043,139.061389,117.196482
10.837081,139.061389,128.316841
10.837161,139.061389,122.101346
10.837187,139.061389,128.321641
10.837229,139.061389,128.329379
10.837335,139.061389,115.623807
10.837373,139.061389,123.202677
10.837406,139.061389,128.335564
10.837459,139.061389,123.622642
10.837501,139.061389,123.966984
10.837539,139.061389,128.341641
10.837582,139.061389,128.345452
10.837633,139.061389,128.345967
10.837724,139.061389,128.350207
10.837795,139.061389,128.351519
10.837846,139.061389,128.353722
10.837921,139.061389,128.362617
10.837969,139.061389,128.362858
10.838008,139.061389,128.366549
10.838047,139.061389,128.366989
10.838085,139.061389,128.369973
10.838114,139.061389,128.371656
10.838166,139.061389,128.373769
10.838207,139.061389,128.373779
10.838249,139.061389,128.376137
10.838290,139.061389,128.376344
10.838373,139.061389,128.384793
10.838408,139.061389,128.389594
10.838443,139.061389,128.390065
10.838483,139.061389,128.390985
10.838515,139.061389,128.391011
10.838557,139.061389,128.392233
10.838687,139.061389,128.392355
10.838739,139.061389,128.395208
10.838779,139.061389,128.399546
10.838826,139.061389,128.405743
10.838998,139.061389,128.408339
10.839056,139.061389,126.324975
10.839092,139.061389,128.409587
10.839206,139.061389,112.482882
10.839243,139.061389,128.420006
10.839279,139.061389,128.422057
10.839334,139.061389,113.578178
10.839379,139.061389,120.337314
10.839416,139.061389,128.422408
10.839459,139.061389,128.423125
10.839524,139.061389,128.426857
10.839639,139.061389,113.546204
10.839682,139.061389,116.184258
10.839717,139.061389,121.043586
10.839757,139.061389,127.569320
10.839792,139.061389,128.426993
10.839981,139.061389,128.430603
10.840015,139.061389,107.669331
10.840038,139.061389,110.332354
10.840065,139.061389,122.610114
10.840101,139.061389,128.430946
10.840135,139.061389,128.431880
10.840219,139.061389,128.434207
10.840335,139.061389,128.437086
10.840377,139.061389,128.442729
10.840450,139.061389,128.448127
10.840489,139.061389,128.450153
10.840532,139.061389,128.452761
10.840599,139.061389,128.456520
10.840649,139.061389,128.457577
10.840683,139.061389,128.457971
10.840726,139.061389,128.476364
10.840774,139.061389,128.476935
10.840819,139.061389,128.485297
10.840850,139.061389,128.485983
10.840899,139.061389,128.489737
10.841011,139.061389,128.490477
10.841057,139.061389,128.493415
10.841138,139.061389,128.494598
10.841187,139.061389,121.594060
10.841214,139.061389,128.498289
10.841243,139.061389,128.498313
10.841290,139.061389,128.499827
10.841330,139.061389,122.308930
10.841366,139.061389,128.502057
10.841399,139.061389,128.503423
10.841444,139.061389,128.507148
10.841563,139.061389,115.229992
10.841601,139.061389,128.514441
10.841698,139.061389,128.519449
10.841799,139.061389,117.956972
10.841837,139.061389,128.525595
10.841915,139.061389,128.531721
10.841988,139.061389,128.533506
10.842038,139.061389,128.539410
10.842079,139.061389,128.544233
10.842128,139.061389,109.236194
10.842169,139.061389,112.432514
10.842205,139.061389,118.945858
10.842238,139.061389,124.686562
10.842278,139.061389,128.546584
10.842364,139.061389,128.547909
10.842405,139.061389,128.552674
10.842449,139.061389,128.558097
10.842496,139.061389,128.559336
10.842526,139.061389,128.561385
10.842574,139.061389,128.563102
10.842612,139.061389,128.563125
10.842651,139.061389,128.566879
10.842690,139.061389,128.569977
10.842780,139.061389,128.571079
10.842832,139.061389,128.573711
10.842923,139.061389,128.600927
10.842985,139.061389,128.602451
10.843021,139.061389,128.603906
10.843068,139.061389,128.608283
10.843105,139.061389,128.612478
10.843149,139.061389,128.613871
10.843187,139.061389,128.615711
10.843235,139.061389,128.618360
10.843274,139.061389,107.293000
10.843309,139.061389,107.970824
10.843338,139.061389,113.848511
10.843362,139.061389,118.090335
10.843392,139.061389,118.553391
10.843414,139.061389,122.848456
10.843443,139.061389,123.322568
10.843469,139.061389,125.096543
10.843493,139.061389,128.620721
10.843535,139.061389,111.155885
10.843561,139.061389,124.486575
10.843585,139.061389,127.568015
10.843610,139.061389,128.626751
10.843665,139.061389,128.629352
10.843704,139.061389,128.630540
10.843743,139.061389,128.634289
10.843783,139.061389,128.642799
10.843824,139.061389,128.642963
10.843873,139.061389,128.645738
10.843908,139.061389,128.658182
10.843940,139.061389,128.660786
10.843977,139.061389,128.664362
10.844031,139.061389,128.675699
10.844055,139.061389,128.679239
10.844088,139.061389,128.687910
10.844125,139.061389,128.700765
10.844187,139.061389,128.701320
10.844230,139.061389,128.704990
10.844272,139.061389,128.705785
10.844307,139.061389,126.152053
10.844331,139.061389,128.705785
10.844366,139.061389,126.152053
10.844390,139.061389,128.705785
10.844425,139.061389,126.152053
10.844449,139.061389,128.708285
10.844499,139.061389,128.714572
10.844556,139.061389,128.716620
10.844581,139.061389,128.728078
10.844661,139.061389,128.734173
10.844704,139.061389,128.742099
10.844753,139.061389,128.745201
10.844825,139.061389,128.752585
10.844889,139.061389,128.766983
10.844919,139.061389,128.767938
10.844968,139.061389,128.780012
10.845091,139.061389,115.681832
10.845130,139.061389,116.263410
10.845183,139.061389,118.137416
10.845217,139.061389,126.953215
10.845253,139.061389,128.787273
10.845353,139.061389,128.791061
10.845439,139.061389,128.791108
10.845485,139.061389,128.793823
10.845536,139.061389,128.798339
10.845570,139.061389,128.806947
10.845614,139.061389,128.813177
10.845671,139.061389,128.813660
10.845751,139.061389,128.813756
10.845789,139.061389,128.815724
10.845844,139.061389,121.606408
10.845881,139.061389,125.373000
10.845922,139.061389,128.820109
10.845964,139.061389,128.820623
10.846049,139.061389,128.830641
10.846135,139.061389,126.744719
10.846157,139.061389,128.843199
10.846201,139.061389,128.845149
10.846305,139.061389,128.852780
10.846413,139.061389,117.611400
10.846449,139.061389,128.854019
10.846490,139.061389,122.068006
10.846521,139.061389,128.854019
10.846565,139.061389,128.856287
10.846600,139.061389,128.856714
10.846642,139.061389,128.876217
10.846751,139.061389,128.878687
10.846794,139.061389,128.879979
10.846847,139.061389,128.882327
10.846889,139.061389,128.890969
10.847020,139.061389,119.252053
10.847050,139.061389,125.945877
10.847076,139.061389,128.893529
10.847123,139.061389,128.896009
10.847168,139.061389,128.904967
10.847207,139.061389,128.909679
10.847249,139.061389,128.915647
10.847297,139.061389,128.915724
10.847343,139.061389,118.211199
10.847382,139.061389,128.916889
10.847431,139.061389,128.919519
10.847493,139.061389,128.921043
10.847531,139.061389,128.924949
10.847577,139.061389,128.933060
10.847616,139.061389,128.934047
10.847655,139.061389,128.934223
10.847698,139.061389,128.934249
10.847742,139.061389,128.941685
10.847779,139.061389,128.956545
10.847883,139.061389,128.960206
10.847931,139.061389,128.965023
10.847964,139.061389,128.971295
10.848106,139.061389,128.971582
10.848154,139.061389,128.972383
10.848254,139.061389,128.973838
10.848308,139.061389,128.977770
10.848355,139.061389,128.989711
10.848404,139.061389,128.992201
10.848439,139.061389,128.992770
10.848479,139.061389,128.993429
10.848522,139.061389,128.995961
10.848572,139.061389,129.014984
10.848620,139.061389,129.023023
10.848695,139.061389,129.030641
10.848786,139.061389,129.037875
10.848844,139.061389,107.840674
10.848886,139.061389,122.745410
10.848924,139.061389,127.678690
10.848961,139.061389,129.039113
10.848995,139.061389,129.040673
10.849057,139.061389,108.520200
10.849103,139.061389,117.194143
10.849142,139.061389,123.957023
10.849179,139.061389,129.052258
10.849254,139.061389,129.054402
10.849296,139.061389,129.055789
10.849338,139.061389,129.056415
10.849388,139.061389,113.551048
10.849427,139.061389,118.680546
10.849457,139.061389,120.008738
10.849483,139.061389,120.805218
10.849518,139.061389,129.056415
10.849551,139.061389,129.056723
10.849589,139.061389,129.057699
10.849633,139.061389,129.072598
10.849677,139.061389,129.075309
10.849715,139.061389,129.078653
10.849766,139.061389,115.201154
10.849807,139.061389,129.081660
10.849848,139.061389,129.089767
10.849896,139.061389,129.109612
10.849941,139.061389,129.114712
10.849996,139.061389,108.594239
10.850042,139.061389,117.268181
10.850079,139.061389,124.031061
10.850114,139.061389,129.127373
10.850144,139.061389,129.135539
10.850175,139.061389,129.149502
10.850223,139.061389,129.152045
10.850263,139.061389,129.160035
10.850311,139.061389,129.160216
10.850362,139.061389,129.162660
10.850396,139.061389,129.163010
10.850445,139.061389,129.167944
10.850476,139.061389,129.177385
10.850508,139.061389,129.177758
10.850551,139.061389,129.179490
10.850594,139.061389,129.179859
10.850634,139.061389,129.180190
10.850688,139.061389,129.181260
10.850731,139.061389,127.014901
10.850764,139.061389,129.182739
10.850809,139.061389,129.183649
10.850842,139.061389,129.189705
10.850877,139.061389,129.196078
10.850935,139.061389,129.202137
10.850978,139.061389,129.213608
10.851017,139.061389,129.216889
10.851066,139.061389,113.551048
10.851105,139.061389,122.516319
10.851135,139.061389,123.984191
10.851171,139.061389,126.001397
10.851196,139.061389,129.216889
10.851228,139.061389,129.220172
10.851274,139.061389,129.226655
10.851317,139.061389,129.228583
10.851360,139.061389,129.230473
10.851413,139.061389,129.233070
10.851458,139.061389,129.235487
10.851508,139.061389,126.110099
10.851543,139.061389,129.235493
10.851578,139.061389,129.242445
10.851610,139.061389,129.254477
10.851647,139.061389,129.255299
10.851688,139.061389,127.088940
10.851722,139.061389,129.257774
10.851833,139.061389,129.276127
10.851924,139.061389,129.281230
10.851973,139.061389,108.859623
10.852001,139.061389,110.061034
10.852037,139.061389,120.244685
10.852065,139.061389,122.015143
10.852090,139.061389,124.389043
10.852115,139.061389,127.281735
10.852147,139.061389,129.282255
10.852241,139.061389,129.284735
10.852300,139.061389,129.284841
10.852398,139.061389,129.284963
10.852456,139.061389,113.944831
10.852498,139.061389,115.378111
10.852544,139.061389,120.579157
10.852585,139.061389,125.349589
10.852621,139.061389,127.505109
10.852655,139.061389,129.292671
10.852702,139.061389,129.294639
10.852741,139.061389,129.297155
10.852793,139.061389,129.302264
10.852839,139.061389,129.304716
10.852880,139.061389,129.308388
10.852935,139.061389,107.217621
10.852983,139.061389,117.661932
10.853022,139.061389,124.424812
10.853060,139.061389,129.310713
10.853097,139.061389,129.316905
10.853134,139.061389,129.327661
10.853171,139.061389,129.330548
10.853208,139.061389,129.330591
10.853263,139.061389,129.331633
10.853362,139.061389,129.334323
10.853396,139.061389,129.336779
10.853472,139.061389,129.345794
10.853501,139.061389,129.349045
10.853550,139.061389,129.352777
10.853594,139.061389,129.355151
10.853700,139.061389,129.356526
10.853750,139.061389,129.360127
10.853794,139.061389,129.361443
10.853933,139.061389,129.362672
10.853960,139.061389,129.363817
10.853994,139.061389,129.367047
10.854049,139.061389,129.368729
10.854087,139.061389,129.376073
10.854163,139.061389,129.376659
10.854206,139.061389,129.378755
10.854245,139.061389,129.381201
10.854296,139.061389,118.323789
10.854323,139.061389,129.388862
10.854366,139.061389,129.389090
10.854410,139.061389,129.391011
10.854453,139.061389,129.396722
10.854508,139.061389,129.400891
10.854549,139.061389,129.401267
10.854590,139.061389,129.406947
10.854634,139.061389,129.408642
10.854674,139.061389,129.415667
10.854727,139.061389,129.420908
10.854783,139.061389,129.425720
10.854827,139.061389,129.426771
10.854870,139.061389,129.427185
10.854915,139.061389,129.427217
10.854954,139.061389,129.433068
10.854994,139.061389,129.436607
10.855030,139.061389,129.440361
10.855112,139.061389,129.444089
10.855145,139.061389,129.453269
10.855188,139.061389,129.453942
10.855234,139.061389,126.712392
10.855271,139.061389,129.456410
10.855320,139.061389,129.468671
10.855396,139.061389,123.279138
10.855421,139.061389,129.470153
10.855475,139.061389,105.896674
10.855524,139.061389,109.092994
10.855568,139.061389,115.914978
10.855612,139.061389,117.929890
10.855651,139.061389,121.655682
10.855699,139.061389,122.840930
10.855734,139.061389,126.585346
10.855770,139.061389,129.471347
10.855894,139.061389,121.488962
10.855933,139.061389,129.473567
10.856011,139.061389,129.476233
10.856082,139.061389,114.696796
10.856132,139.061389,119.310146
10.856172,139.061389,123.181826
10.856215,139.061389,129.477279
10.856253,139.061389,129.480012
10.856301,139.061389,129.483583
10.856373,139.061389,129.487231
10.856425,139.061389,129.487305
10.856472,139.061389,129.489802
10.856548,139.061389,129.492201
10.856658,139.061389,129.495897
10.856744,139.061389,129.497225
10.856805,139.061389,129.500942
10.856839,139.061389,124.210022
10.856874,139.061389,129.511426
10.856913,139.061389,129.513289
10.856968,139.061389,109.549602
10.857010,139.061389,122.685218
10.857047,139.061389,126.692578
10.857082,139.061389,129.516964
10.857115,139.061389,129.520597
10.857228,139.061389,129.529353
10.857272,139.061389,111.763138
10.857313,139.061389,114.218722
10.857351,139.061389,120.789090
10.857387,139.061389,122.874178
10.857425,139.061389,125.700130
10.857460,139.061389,128.614882
10.857500,139.061389,129.444546
10.857534,139.061389,129.529826
10.857584,139.061389,129.536445
10.857621,139.061389,129.536799
10.857668,139.061389,129.545241
10.857703,139.061389,129.550590
10.857747,139.061389,129.552671
10.857786,139.061389,129.553040
10.857825,139.061389,129.567519
10.857859,139.061389,129.570850
10.857902,139.061389,129.571347
10.858023,139.061389,116.075362
10.858060,139.061389,129.574931
10.858107,139.061389,129.576233
10.858155,139.061389,115.032226
10.858196,139.061389,129.576255
10.858282,139.061389,118.006323
10.858315,139.061389,129.579857
10.858345,139.061389,129.581001
10.858381,139.061389,129.582767
10.858421,139.061389,129.588575
10.858560,139.061389,129.588596
10.858599,139.061389,129.590054
10.858661,139.061389,129.590895
10.858713,139.061389,129.594709
10.858763,139.061389,118.871573
10.858801,139.061389,129.595074
10.858846,139.061389,129.598259
10.858907,139.061389,112.324770
10.858951,139.061389,126.941858
10.858988,139.061389,129.602632
10.859032,139.061389,129.603249
10.859062,139.061389,129.609676
10.859109,139.061389,129.615641
10.859144,139.061389,129.624154
10.859181,139.061389,129.626685
10.859279,139.061389,129.626793
10.859330,139.061389,129.630533
10.859363,139.061389,129.634106
10.859413,139.061389,129.641685
10.859471,139.061389,129.644147
10.859518,139.061389,129.647803
10.859554,139.061389,129.653032
10.859598,139.061389,129.656735
10.859652,139.061389,129.657699
10.859717,139.061389,129.661405
10.859771,139.061389,129.662650
10.859884,139.061389,129.666440
10.859929,139.061389,129.674178
10.859979,139.061389,129.678505
10.860042,139.061389,110.780556
10.860095,139.061389,117.434658
10.860135,139.061389,117.864191
10.860182,139.061389,122.404802
10.860223,139.061389,126.916104
10.860270,139.061389,128.066658
10.860309,139.061389,129.678505
10.860356,139.061389,129.684162
10.860410,139.061389,129.687321
10.860452,139.061389,129.688580
10.860503,139.061389,129.695933
10.860549,139.061389,119.070274
10.860588,139.061389,129.695950
10.860626,139.061389,129.700942
10.860700,139.061389,129.701071
10.860760,139.061389,129.704463
10.860795,139.061389,129.705932
10.860835,139.061389,129.708261
10.860865,139.061389,129.715208
10.860901,139.061389,129.715583
10.860936,139.061389,129.720884
10.860993,139.061389,103.651042
10.861038,139.061389,113.212642
10.861078,139.061389,119.975522
10.861116,139.061389,129.117523
10.861152,139.061389,129.723210
10.861198,139.061389,129.724297
10.861251,139.061389,129.730449
10.861284,139.061389,129.730636
10.861412,139.061389,117.874335
10.861451,139.061389,129.735733
10.861491,139.061389,129.739055
10.861525,139.061389,129.739097
10.861580,139.061389,129.740558
10.861694,139.061389,114.200552
10.861737,139.061389,120.709192
10.861772,139.061389,125.561941
10.861801,139.061389,129.742883
10.861964,139.061389,129.747123
10.862004,139.061389,129.749001
10.862069,139.061389,129.749109
10.862109,139.061389,129.753265
10.862143,139.061389,129.754009
10.862187,139.061389,129.771187
10.862232,139.061389,129.773780
10.862263,139.061389,129.774408
10.862291,139.061389,129.778252
10.862334,139.061389,129.779955
10.862380,139.061389,129.783726
10.862425,139.061389,129.796048
10.862457,139.061389,129.797698
10.862496,139.061389,129.798313
10.862542,139.061389,129.802137
10.862683,139.061389,120.559404
10.862717,139.061389,129.808271
10.862816,139.061389,106.132437
10.862868,139.061389,115.605196
10.862904,139.061389,118.669429
10.862953,139.061389,118.705132
10.862994,139.061389,123.438444
10.863033,139.061389,124.260652
10.863070,139.061389,125.860556
10.863115,139.061389,127.686370
10.863154,139.061389,129.809545
10.863190,139.061389,129.810836
10.863347,139.061389,129.811869
10.863398,139.061389,129.811977
10.863553,139.061389,129.812162
10.863596,139.061389,129.812328
10.863635,139.061389,129.820994
10.863682,139.061389,129.823145
10.863722,139.061389,129.823209
10.863827,139.061389,110.785442
10.863864,139.061389,119.313698
10.863896,139.061389,127.928418
10.863927,139.061389,129.823752
10.864022,139.061389,129.829388
10.864078,139.061389,118.401650
10.864123,139.061389,118.807720
10.864158,139.061389,121.263304
10.864194,139.061389,129.835487
10.864232,139.061389,129.835515
10.864296,139.061389,129.836634
10.864370,139.061389,129.839221
10.864405,139.061389,129.840935
10.864456,139.061389,129.841106
10.864501,139.061389,129.841567
10.864533,139.061389,129.845149
10.864649,139.061389,129.845706
10.864702,139.061389,129.846677
10.864745,139.061389,129.847816
10.864796,139.061389,129.643396
10.864857,139.061389,129.847816
10.864913,139.061389,129.851624
10.864956,139.061389,129.851652
10.865005,139.061389,112.485516
10.865041,139.061389,129.855839
10.865087,139.061389,129.857615
10.865137,139.061389,129.866372
10.865228,139.061389,129.866558
10.865270,139.061389,129.873802
10.865315,139.061389,129.877523
10.865346,139.061389,129.882281
10.865386,139.061389,123.571586
10.865410,139.061389,129.889942
10.865459,139.061389,117.415144
10.865495,139.061389,129.893407
10.865562,139.061389,129.895891
10.865604,139.061389,129.897215
10.865649,139.061389,129.900895
10.865684,139.061389,129.901395
10.865711,139.061389,129.902289
10.865821,139.061389,115.959693
10.865847,139.061389,129.729935
10.865869,139.061389,129.903859
10.865907,139.061389,129.908271
10.865956,139.061389,110.705196
10.865993,139.061389,114.630914
10.866032,139.061389,121.112354
10.866067,139.061389,129.909481
10.866111,139.061389,129.913685
10.866158,139.061389,129.920881
10.866201,139.061389,129.928478
10.866243,139.061389,129.929347
10.866348,139.061389,129.930974
10.866383,139.061389,129.930997
10.866425,139.061389,129.932794
10.866455,139.061389,129.934249
10.866499,139.061389,129.934544
10.866544,139.061389,129.943458
10.866583,139.061389,129.943516
10.866620,139.061389,129.947828
10.866657,139.061389,114.979313
10.866682,139.061389,127.201425
10.866713,139.061389,128.384051
10.866739,139.061389,129.948943
10.866826,139.061389,129.953407
10.866858,139.061389,129.962660
10.866960,139.061389,115.023628
10.866986,139.061389,129.963844
10.867019,139.061389,129.972383
10.867088,139.061389,129.975054
10.867129,139.061389,129.976223
10.867178,139.061389,129.780202
10.867209,139.061389,129.980290
10.867239,139.061389,129.983619
10.867279,139.061389,129.994833
10.867428,139.061389,129.996399
10.867461,139.061389,129.998591
10.867504,139.061389,130.001130
10.867537,139.061389,130.002738
10.867579,139.061389,130.012386
10.867620,139.061389,130.013619
10.867657,139.061389,130.015826
10.867691,139.061389,130.024357
10.867726,139.061389,130.028426
10.867769,139.061389,130.029630
10.867816,139.061389,130.041695
10.867859,139.061389,130.043262
10.867901,139.061389,130.044341
10.867936,139.061389,130.052207
10.867963,139.061389,130.056425
10.868063,139.061389,130.056561
10.868212,139.061389,130.056789
10.868301,139.061389,130.057962
10.868349,139.061389,130.058793
10.868379,139.061389,130.061459
10.868408,139.061389,130.062649
10.868503,139.061389,115.234732
10.868540,139.061389,124.645698
10.868572,139.061389,130.062707
10.868597,139.061389,130.064054
10.868643,139.061389,130.068952
10.868683,139.061389,130.075376
10.868721,139.061389,130.076127
10.868782,139.061389,130.079341
10.868834,139.061389,130.079709
10.868865,139.061389,130.079869
10.868906,139.061389,130.087340
10.868945,139.061389,130.089784
10.869067,139.061389,130.090911
10.869208,139.061389,130.094649
10.869250,139.061389,130.097709
10.869289,139.061389,130.101474
10.869337,139.061389,130.103475
10.869377,139.061389,130.107569
10.869410,139.061389,130.108355
10.869462,139.061389,124.479295
10.869497,139.061389,130.109569
10.869530,139.061389,120.870526
10.869551,139.061389,130.113177
10.869611,139.061389,130.119413
10.869655,139.061389,130.119459
10.869700,139.061389,130.123568
10.869743,139.061389,130.135885
10.869777,139.061389,130.137150
10.869816,139.061389,130.142290
10.869857,139.061389,130.147844
10.869896,139.061389,130.159437
10.869933,139.061389,130.160143
10.869979,139.061389,130.160227
10.870021,139.061389,124.744799
10.870045,139.061389,130.169612
10.870085,139.061389,130.173804
10.870140,139.061389,111.952200
10.870178,139.061389,114.646066
10.870221,139.061389,115.052136
10.870259,139.061389,120.829727
10.870296,139.061389,120.907720
10.870330,139.061389,123.063240
10.870363,139.061389,126.829832
10.870397,139.061389,130.176606
10.870444,139.061389,130.192297
10.870541,139.061389,115.315138
10.870575,139.061389,130.193531
10.870617,139.061389,130.198425
10.870662,139.061389,130.203795
10.870690,139.061389,130.205383
10.870724,139.061389,130.210761
10.870816,139.061389,117.185442
10.870848,139.061389,130.216995
10.870895,139.061389,130.218065
10.870933,139.061389,130.221955
10.870982,139.061389,115.858174
10.871020,139.061389,118.490451
10.871054,139.061389,126.969214
10.871088,139.061389,128.984126
10.871119,139.061389,130.221980
10.871155,139.061389,130.223021
10.871244,139.061389,130.241685
10.871273,139.061389,130.245422
10.871316,139.061389,130.248190
10.871358,139.061389,130.257553
10.871424,139.061389,130.257583
10.871491,139.061389,130.257774
10.871541,139.061389,118.295221
10.871577,139.061389,130.257802
10.871622,139.061389,130.261417
10.871770,139.061389,130.263106
10.871822,139.061389,130.264893
10.871921,139.061389,130.265201
10.871961,139.061389,130.277385
10.872002,139.061389,130.278833
10.872077,139.061389,130.286047
10.872108,139.061389,130.290845
10.872186,139.061389,122.582579
10.872217,139.061389,130.233122
10.872248,139.061389,130.294601
10.872291,139.061389,130.297702
10.872333,139.061389,130.304521
10.872444,139.061389,130.308195
10.872487,139.061389,130.309417
10.872521,139.061389,130.309513
10.872617,139.061389,130.314205
10.872652,139.061389,130.321220
10.872686,139.061389,130.328025
10.872761,139.061389,130.330974
10.872804,139.061389,130.337199
10.872842,139.061389,130.337823
10.872907,139.061389,130.341561
10.872947,139.061389,130.346591
10.872997,139.061389,130.350153
10.873038,139.061389,130.351465
10.873214,139.061389,130.354015
10.873254,139.061389,130.356285
10.873342,139.061389,130.366325
10.873378,139.061389,130.370568
10.873420,139.061389,130.375473
10.873454,139.061389,130.377435
10.873491,139.061389,130.378723
10.873534,139.061389,130.386511
10.873575,139.061389,130.392233
10.873733,139.061389,130.392319
10.873957,139.061389,130.395980
10.874056,139.061389,114.580520
10.874094,139.061389,123.929759
10.874126,139.061389,130.396620
10.874165,139.061389,130.399487
10.874237,139.061389,130.401194
10.874274,139.061389,130.402596
10.874312,139.061389,130.403425
10.874350,139.061389,130.409503
10.874462,139.061389,130.413151
10.874508,139.061389,116.551906
10.874532,139.061389,128.130963
10.874562,139.061389,130.415615
10.874721,139.061389,130.417310
10.874763,139.061389,130.419271
10.874854,139.061389,130.420934
10.874902,139.061389,130.422289
10.874937,139.061389,130.423145
10.874990,139.061389,112.680546
10.875024,139.061389,125.508642
10.875057,139.061389,130.423145
10.875097,139.061389,126.208642
10.875129,139.061389,130.425551
10.875173,139.061389,118.857036
10.875205,139.061389,121.612629
10.875243,139.061389,121.956972
10.875276,139.061389,127.672834
10.875308,139.061389,130.427692
10.875349,139.061389,130.434169
10.875445,139.061389,130.441922
10.875469,139.061389,130.448290
10.875506,139.061389,130.450385
10.875551,139.061389,130.452767
10.875593,139.061389,118.791522
10.875626,139.061389,130.454338
10.875671,139.061389,130.464017
10.875747,139.061389,130.465033
10.875790,139.061389,130.482394
10.875830,139.061389,130.482828
10.875865,139.061389,130.490921
10.875949,139.061389,130.498237
10.876035,139.061389,130.504661
10.876106,139.061389,130.510817
10.876147,139.061389,130.511855
10.876218,139.061389,130.515039
10.876261,139.061389,130.516085
10.876345,139.061389,130.521941
10.876428,139.061389,130.523166
10.876466,139.061389,130.525871
10.876498,139.061389,130.531819
10.876539,139.061389,120.148339
10.876570,139.061389,129.859490
10.876603,139.061389,130.534249
10.876644,139.061389,130.539221
10.876684,139.061389,130.541625
10.876717,139.061389,130.549112
10.876755,139.061389,130.550456
10.876807,139.061389,118.116594
10.876843,139.061389,125.716456
10.876876,139.061389,130.552713
10.876909,139.061389,130.552809
10.876952,139.061389,130.557615
10.876990,139.061389,130.559464
10.877032,139.061389,130.567605
10.877065,139.061389,130.568143
10.877093,139.061389,130.575336
10.877144,139.061389,130.576223
10.877182,139.061389,130.583619
10.877232,139.061389,116.516319
10.877267,139.061389,130.453036
10.877299,139.061389,130.583619
10.877366,139.061389,130.583782
10.877412,139.061389,130.593455
10.877468,139.061389,130.596003
10.877513,139.061389,130.597333
10.877546,139.061389,130.597743
10.877597,139.061389,130.598508
10.877652,139.061389,127.068071
10.877684,139.061389,130.605103
10.877720,139.061389,130.609643
10.877770,139.061389,114.233538
10.877807,139.061389,129.485363
10.877838,139.061389,130.609932
10.877863,139.061389,130.610772
10.877899,139.061389,130.613241
10.877942,139.061389,124.084181
10.877966,139.061389,130.614500
10.878000,139.061389,130.617378
10.878042,139.061389,130.620991
10.878084,139.061389,130.624661
10.878128,139.061389,130.637951
10.878186,139.061389,130.641503
10.878220,139.061389,130.641704
10.878305,139.061389,130.650217
10.878339,139.061389,130.652803
10.878376,139.061389,130.653013
10.878415,139.061389,130.660642
10.878458,139.061389,130.666478
10.878498,139.061389,123.259647
10.878530,139.061389,130.668301
10.878607,139.061389,130.668803
10.878644,139.061389,130.669203
10.878683,139.061389,130.673689
10.878779,139.061389,130.674921
10.878825,139.061389,130.684777
10.878870,139.061389,130.689942
10.878916,139.061389,112.906610
10.878951,139.061389,130.676529
10.878980,139.061389,130.692639
10.879013,139.061389,130.695208
10.879050,139.061389,130.705043
10.879099,139.061389,130.707507
10.879130,139.061389,130.708127
10.879164,139.061389,130.711167
10.879200,139.061389,130.712386
10.879242,139.061389,130.718284
10.879278,139.061389,130.719459
10.879392,139.061389,130.721968
10.879423,139.061389,130.722005
10.879460,139.061389,130.722261
10.879524,139.061389,130.723454
10.879560,139.061389,130.724233
10.879603,139.061389,130.728057
10.879642,139.061389,124.428524
10.879666,139.061389,130.734191
10.879704,139.061389,130.737897
10.879793,139.061389,130.742178
10.879834,139.061389,130.749129
10.879873,139.061389,123.921058
10.879906,139.061389,130.750143
10.879938,139.061389,130.751417
10.879972,139.061389,128.440991
10.879996,139.061389,130.754335
10.880034,139.061389,130.762554
10.880063,139.061389,125.571646
10.880085,139.061389,130.765215
10.880125,139.061389,130.766290
10.880162,139.061389,130.771315
10.880240,139.061389,130.779215
10.880275,139.061389,130.780098
10.880316,139.061389,130.781187
10.880354,139.061389,130.782707
10.880396,139.061389,130.783535
10.880430,139.061389,130.787231
10.880465,139.061389,130.789934
10.880500,139.061389,130.792249
10.880592,139.061389,130.797585
10.880629,139.061389,130.798425
10.880669,139.061389,130.799722
10.880698,139.061389,128.023530
10.880720,139.061389,130.810682
10.880754,139.061389,130.811500
10.880789,139.061389,130.820495
10.880823,139.061389,130.823135
10.880864,139.061389,130.835401
10.880894,139.061389,130.836607
10.880940,139.061389,130.841695
10.880984,139.061389,130.844671
10.881024,139.061389,130.852111
10.881052,139.061389,130.855267
10.881379,139.061389,130.861245
10.881422,139.061389,130.863016
10.881464,139.061389,130.865093
10.881517,139.061389,130.868736
10.881555,139.061389,130.868812
10.881603,139.061389,130.872585
10.881642,139.061389,130.874058
10.881682,139.061389,130.874953
10.881757,139.061389,130.880254
10.881797,139.061389,130.881576
10.881842,139.061389,130.886031
10.881927,139.061389,130.897129
10.882083,139.061389,130.897210
10.882124,139.061389,130.911849
10.882161,139.061389,126.009922
10.882185,139.061389,130.913196
10.882279,139.061389,125.887711
10.882311,139.061389,130.917586
10.882356,139.061389,130.921955
10.882410,139.061389,110.637375
10.882449,139.061389,119.797717
10.882485,139.061389,122.879157
10.882519,139.061389,128.425964
10.882552,139.061389,130.928115
10.882600,139.061389,115.549570
10.882635,139.061389,125.559298
10.882668,139.061389,130.929363
10.882706,139.061389,130.930489
10.882747,139.061389,130.935497
10.882790,139.061389,123.611266
10.882824,139.061389,130.935502
10.882912,139.061389,130.935825
10.882952,139.061389,130.935844
10.882990,139.061389,130.939034
10.883071,139.061389,130.940930
10.883120,139.061389,130.942349
10.883159,139.061389,130.944318
10.883200,139.061389,130.945429
10.883266,139.061389,130.946579
10.883380,139.061389,130.946591
10.883441,139.061389,130.949218
10.883477,139.061389,130.951427
10.883529,139.061389,130.956588
10.883568,139.061389,130.966946
10.883622,139.061389,130.967692
10.883669,139.061389,130.969365
10.883712,139.061389,130.972492
10.883798,139.061389,123.884200
10.883830,139.061389,130.454568
10.883861,139.061389,130.973703
10.883903,139.061389,130.975219
10.883944,139.061389,130.976606
10.883978,139.061389,130.976627
10.884021,139.061389,130.978723
10.884114,139.061389,130.979925
10.884154,139.061389,130.981210
10.884231,139.061389,130.982481
10.884304,139.061389,130.988463
10.884358,139.061389,115.049548
10.884395,139.061389,124.930988
10.884428,139.061389,128.543138
10.884460,139.061389,130.997933
10.884536,139.061389,130.998329
10.884566,139.061389,131.004511
10.884611,139.061389,131.005629
10.884642,139.061389,131.006439
10.884679,139.061389,131.009617
10.884714,139.061389,131.016981
10.884750,139.061389,131.020575
10.884911,139.061389,131.021955
10.884965,139.061389,105.737375
10.885002,139.061389,114.692895
10.885037,139.061389,117.939500
10.885073,139.061389,122.559413
10.885105,139.061389,126.855394
10.885135,139.061389,131.022261
10.885170,139.061389,131.025916
10.885205,139.061389,131.029798
10.885240,139.061389,131.030627
10.885278,139.061389,131.032947
10.885324,139.061389,124.729634
10.885358,139.061389,131.034143
10.885388,139.061389,131.035827
10.885430,139.061389,131.039096
10.885483,139.061389,131.039097
10.885526,139.061389,131.045333
10.885557,139.061389,131.045454
10.885606,139.061389,131.046429
10.885729,139.061389,131.048548
10.885772,139.061389,131.049663
10.885809,139.061389,131.056883
10.885857,139.061389,131.060238
10.885916,139.061389,131.060382
10.885949,139.061389,131.061890
10.885987,139.061389,131.066751
10.886024,139.061389,131.068013
10.886067,139.061389,131.072655
10.886111,139.061389,131.072836
10.886152,139.061389,131.072926
10.886190,139.061389,131.077459
10.886230,139.061389,131.077528
10.886280,139.061389,108.372981
10.886316,139.061389,129.458097
10.886346,139.061389,131.079645
10.886413,139.061389,131.079709
10.886466,139.061389,131.082394
10.886508,139.061389,131.086063
10.886556,139.061389,130.318684
10.886584,139.061389,131.093540
10.886620,139.061389,131.093545
10.886669,139.061389,114.378082
10.886705,139.061389,116.833666
10.886738,139.061389,125.939586
10.886769,139.061389,131.093602
10.886806,139.061389,131.096035
10.886846,139.061389,131.096300
10.886880,139.061389,131.097256
10.886961,139.061389,131.112005
10.886990,139.061389,131.118217
10.887027,139.061389,131.119322
10.887055,139.061389,131.119983
10.887132,139.061389,131.123539
10.887167,139.061389,131.124337
10.887239,139.061389,131.124838
10.887279,139.061389,131.127298
10.887317,139.061389,131.127347
10.887354,139.061389,131.127967
10.887387,139.061389,131.132371
10.887414,139.061389,131.134095
10.887552,139.061389,131.136681
10.887591,139.061389,120.850754
10.887624,139.061389,131.143985
10.887660,139.061389,131.144041
10.887722,139.061389,131.146479
10.887759,139.061389,131.147202
10.887799,139.061389,131.147916
10.887848,139.061389,131.149544
10.887892,139.061389,131.153036
10.887925,139.061389,131.156474
10.888035,139.061389,131.162700
10.888080,139.061389,126.911231
10.888113,139.061389,131.163948
10.888188,139.061389,131.167605
10.888215,139.061389,131.181107
10.888250,139.061389,131.183583
10.888300,139.061389,131.187337
10.888335,139.061389,131.190813
10.888412,139.061389,131.197123
10.888458,139.061389,131.198444
10.888512,139.061389,114.333608
10.888548,139.061389,123.289128
10.888580,139.061389,123.655720
10.888620,139.061389,125.975359
10.888652,139.061389,129.285183
10.888686,139.061389,131.203305
10.888728,139.061389,131.204617
10.888813,139.061389,131.205832
10.888863,139.061389,131.205929
10.888960,139.061389,121.081826
10.888994,139.061389,131.206955
10.889023,139.061389,131.209576
10.889065,139.061389,131.213703
10.889101,139.061389,131.220489
10.889135,139.061389,131.223473
10.889171,139.061389,131.228052
10.889212,139.061389,131.240413
10.889263,139.061389,131.245631
10.889301,139.061389,131.246531
10.889338,139.061389,131.249061
10.889386,139.061389,120.468417
10.889421,139.061389,128.024958
10.889453,139.061389,128.202835
10.889487,139.061389,131.249061
10.889538,139.061389,131.252849
10.889579,139.061389,131.254069
10.889607,139.061389,131.259347
10.889649,139.061389,131.264893
10.889771,139.061389,131.268929
10.889817,139.061389,110.215250
10.889876,139.061389,117.009010
10.889916,139.061389,117.426189
10.889947,139.061389,121.733650
10.889982,139.061389,126.533650
10.890014,139.061389,126.985384
10.890048,139.061389,131.272563
10.890132,139.061389,131.272970
10.890156,139.061389,131.279102
10.890195,139.061389,131.279935
10.890234,139.061389,131.282481
10.890317,139.061389,131.285103
10.890357,139.061389,131.286451
10.890394,139.061389,131.289783
10.890434,139.061389,131.290157
10.890471,139.061389,131.292201
10.890546,139.061389,131.292245
10.890573,139.061389,131.296444
10.890611,139.061389,131.297267
10.890660,139.061389,131.315027
10.890688,139.061389,131.318153
10.890733,139.061389,131.318239
10.890814,139.061389,131.319235
10.890861,139.061389,131.324303
10.890908,139.061389,131.334291
10.890958,139.061389,123.207821
10.890994,139.061389,124.468301
10.891034,139.061389,125.220079
10.891067,139.061389,131.334291
10.891096,139.061389,131.334623
10.891138,139.061389,131.335423
10.891182,139.061389,131.340452
10.891213,139.061389,131.341535
10.891249,139.061389,131.343166
10.891284,139.061389,131.344035
10.891336,139.061389,131.351293
10.891404,139.061389,131.354302
10.891448,139.061389,131.356520
10.891522,139.061389,131.358831
10.891563,139.061389,129.253058
10.891595,139.061389,131.359142
10.891635,139.061389,131.364268
10.891673,139.061389,131.365258
10.891710,139.061389,131.371688
10.891747,139.061389,131.373103
10.891784,139.061389,131.377363
10.891832,139.061389,114.289058
10.891870,139.061389,124.374050
10.891903,139.061389,128.381410
10.891936,139.061389,131.378180
10.891978,139.061389,131.378978
10.892022,139.061389,131.385107
10.892051,139.061389,131.387887
10.892197,139.061389,131.388285
10.892229,139.061389,131.390953
10.892323,139.061389,131.392495
10.892369,139.061389,115.248620
10.892406,139.061389,116.967053
10.892443,139.061389,123.318797
10.892479,139.061389,123.893005
10.892501,139.061389,127.573260
10.892534,139.061389,130.218671
10.892559,139.061389,131.392742
10.892606,139.061389,131.396403
10.892647,139.061389,131.401016
10.892687,139.061389,131.404511
10.892719,139.061389,131.404675
10.892760,139.061389,126.790431
10.892791,139.061389,131.406311
10.892828,139.061389,131.408364
10.892923,139.061389,119.552063
10.892955,139.061389,131.411144
10.893003,139.061389,131.424157
10.893046,139.061389,131.426857
10.893148,139.061389,112.284258
10.893182,139.061389,120.750786
10.893213,139.061389,127.513666
10.893243,139.061389,131.427116
10.893285,139.061389,131.430581
10.893347,139.061389,131.434207
10.893450,139.061389,131.434291
10.893495,139.061389,119.007821
10.893531,139.061389,120.320079
10.893563,139.061389,126.890447
10.893593,139.061389,129.913649
10.893625,139.061389,131.441513
10.893671,139.061389,131.441695
10.893745,139.061389,131.442735
10.893811,139.061389,131.447861
10.893886,139.061389,131.463213
10.893931,139.061389,131.465141
10.893964,139.061389,131.470568
10.894028,139.061389,131.471225
10.894202,139.061389,131.471389
10.894244,139.061389,120.660563
10.894283,139.061389,121.555682
10.894315,139.061389,131.016162
10.894348,139.061389,131.471471
10.894392,139.061389,131.475994
10.894462,139.061389,131.477385
10.894503,139.061389,131.477475
10.894595,139.061389,131.478729
10.894634,139.061389,127.450658
10.894657,139.061389,131.481502
10.894700,139.061389,131.484300
10.894752,139.061389,131.487372
10.894793,139.061389,131.488644
10.894879,139.061389,131.489743
10.894984,139.061389,131.496069
10.895028,139.061389,131.496386
10.895064,139.061389,131.501080
10.895172,139.061389,115.035154
10.895208,139.061389,124.094248
10.895231,139.061389,126.396543
10.895255,139.061389,131.501080
10.895292,139.061389,124.794248
10.895324,139.061389,131.501200
10.895360,139.061389,131.505900
10.895409,139.061389,131.511977
10.895599,139.061389,131.519375
10.895641,139.061389,122.808738
10.895676,139.061389,131.521923
10.895717,139.061389,124.992863
10.895749,139.061389,131.528131
10.895784,139.061389,131.531770
10.895823,139.061389,131.532053
10.895862,139.061389,131.539081
10.895907,139.061389,131.539411
10.895944,139.061389,131.541513
10.896019,139.061389,131.546590
10.896106,139.061389,131.547881
10.896147,139.061389,131.548296
10.896185,139.061389,131.549053
10.896225,139.061389,125.349506
10.896259,139.061389,131.550726
10.896303,139.061389,131.552693
10.896394,139.061389,131.553754
10.896491,139.061389,131.556303
10.896524,139.061389,131.556723
10.896567,139.061389,131.562974
10.896607,139.061389,131.563871
10.896657,139.061389,111.017778
10.896700,139.061389,116.908898
10.896735,139.061389,118.434914
10.896775,139.061389,118.623746
10.896800,139.061389,129.819976
10.896839,139.061389,129.871778
10.896870,139.061389,130.719871
10.896904,139.061389,131.564162
10.896944,139.061389,131.564386
10.896985,139.061389,131.566830
10.897025,139.061389,131.568803
10.897124,139.061389,131.574163
10.897150,139.061389,131.576323
10.897252,139.061389,121.188167
10.897277,139.061389,128.265811
10.897298,139.061389,131.577969
10.897332,139.061389,131.580998
10.897377,139.061389,131.581698
10.897420,139.061389,131.590111
10.897463,139.061389,131.590895
10.897495,139.061389,131.592501
10.897536,139.061389,131.598205
10.897567,139.061389,131.598423
10.897607,139.061389,130.948245
10.897639,139.061389,131.602185
10.897677,139.061389,131.605743
10.897715,139.061389,131.606206
10.897752,139.061389,131.608361
10.897866,139.061389,131.609487
10.897911,139.061389,131.616908
10.897941,139.061389,131.618856
10.897992,139.061389,131.623027
10.898065,139.061389,131.630540
10.898108,139.061389,127.611199
10.898142,139.061389,131.634047
10.898269,139.061389,131.636943
10.898308,139.061389,131.641685
10.898336,139.061389,131.642924
10.898442,139.061389,121.018824
10.898477,139.061389,131.650153
10.898552,139.061389,131.651555
10.898604,139.061389,126.022495
10.898629,139.061389,131.653831
10.898672,139.061389,131.655346
10.898710,139.061389,131.656377
10.898787,139.061389,131.659997
10.898829,139.061389,131.662676
10.898862,139.061389,131.667692
10.898982,139.061389,127.197928
10.899013,139.061389,131.668729
10.899139,139.061389,131.108652
10.899162,139.061389,131.671379
10.899214,139.061389,116.890498
10.899251,139.061389,124.059490
10.899284,139.061389,131.543234
10.899315,139.061389,131.672437
10.899345,139.061389,131.672509
10.899382,139.061389,131.679138
10.899429,139.061389,131.681666
10.899456,139.061389,131.692627
10.899510,139.061389,131.697132
10.899563,139.061389,120.325010
10.899598,139.061389,131.705870
10.899639,139.061389,131.707107
10.899678,139.061389,131.709513
10.899854,139.061389,131.710079
10.899888,139.061389,131.710825
10.899934,139.061389,117.629922
10.899973,139.061389,120.085506
10.900006,139.061389,129.500066
10.900044,139.061389,131.718169
10.900077,139.061389,131.718626
10.900122,139.061389,131.719467
10.900161,139.061389,131.720079
10.900211,139.061389,131.721879
10.900260,139.061389,130.680341
10.900294,139.061389,131.721879
10.900326,139.061389,131.722386
10.900379,139.061389,131.724265
10.900487,139.061389,131.730447
10.900528,139.061389,131.739055
10.900559,139.061389,131.739207
10.900602,139.061389,123.649250
10.900636,139.061389,131.749378
10.900679,139.061389,131.750143
10.900712,139.061389,131.762527
10.900743,139.061389,131.768824
10.900803,139.061389,131.769150
10.900840,139.061389,131.777433
10.900879,139.061389,131.777582
10.900976,139.061389,124.226440
10.901011,139.061389,131.781187
10.901041,139.061389,126.181653
10.901064,139.061389,131.781187
10.901107,139.061389,125.481653
10.901129,139.061389,131.781187
10.901163,139.061389,125.481653
10.901185,139.061389,131.784634
10.901242,139.061389,131.789667
10.901284,139.061389,131.789737
10.901337,139.061389,131.797546
10.901378,139.061389,131.800783
10.901410,139.061389,131.801374
10.901444,139.061389,131.802051
10.901487,139.061389,131.803305
10.901528,139.061389,131.803791
10.901570,139.061389,131.806947
10.901614,139.061389,131.808093
10.901662,139.061389,131.808317
10.901737,139.061389,126.886562
10.901766,139.061389,131.811805
10.901849,139.061389,110.398818
10.901883,139.061389,129.588542
10.901914,139.061389,131.811805
10.901948,139.061389,130.288542
10.901977,139.061389,131.815724
10.902013,139.061389,131.821879
10.902058,139.061389,131.823032
10.902098,139.061389,131.823049
10.902129,139.061389,131.823130
10.902169,139.061389,131.823376
10.902211,139.061389,131.828015
10.902266,139.061389,131.828025
10.902371,139.061389,131.837086
10.902418,139.061389,131.839015
10.902509,139.061389,131.840566
10.902574,139.061389,112.774408
10.902613,139.061389,121.729928
10.902648,139.061389,123.885448
10.902681,139.061389,131.841625
10.902800,139.061389,131.847860
10.902829,139.061389,131.850750
10.902866,139.061389,131.858895
10.902903,139.061389,131.858953
10.902960,139.061389,112.037346
10.902998,139.061389,112.979516
10.903041,139.061389,120.992866
10.903075,139.061389,121.464546
10.903117,139.061389,123.148386
10.903150,139.061389,123.422408
10.903185,139.061389,126.914978
10.903220,139.061389,131.114920
10.903259,139.061389,131.860195
10.903310,139.061389,131.865474
10.903351,139.061389,131.866803
10.903381,139.061389,131.866952
10.903428,139.061389,131.868824
10.903526,139.061389,131.870010
10.903608,139.061389,131.870045
10.903649,139.061389,126.618658
10.903683,139.061389,131.870045
10.903715,139.061389,131.872499
10.903752,139.061389,131.872511
10.903838,139.061389,97.694210
10.903889,139.061389,105.523679
10.903937,139.061389,114.526079
10.903977,139.061389,116.515010
10.904016,139.061389,118.265538
10.904057,139.061389,123.666914
10.904098,139.061389,127.392738
10.904132,139.061389,129.429589
10.904174,139.061389,131.875381
10.904222,139.061389,131.879157
10.904265,139.061389,131.881190
10.904301,139.061389,131.882520
10.904350,139.061389,110.719058
10.904389,139.061389,118.748658
10.904425,139.061389,120.433672
10.904453,139.061389,126.348520
10.904483,139.061389,129.021183
10.904506,139.061389,131.895100
10.904572,139.061389,131.898412
10.904608,139.061389,131.899577
10.904643,139.061389,131.903289
10.904685,139.061389,131.903731
10.904725,139.061389,131.904643
10.904776,139.061389,118.020136
10.904818,139.061389,119.013887
10.904844,139.061389,119.712712
10.904887,139.061389,125.975477
10.904909,139.061389,130.261919
10.904936,139.061389,131.904643
10.904962,139.061389,131.915641
10.904993,139.061389,131.923150
10.905036,139.061389,131.923209
10.905119,139.061389,122.725058
10.905151,139.061389,131.926029
10.905189,139.061389,131.927967
10.905245,139.061389,116.585544
10.905288,139.061389,118.061922
10.905312,139.061389,124.495170
10.905347,139.061389,125.527362
10.905386,139.061389,131.902530
10.905411,139.061389,131.927967
10.905451,139.061389,131.928031
10.905666,139.061389,131.928542
10.905715,139.061389,131.931625
10.905752,139.061389,131.934385
10.905811,139.061389,131.934606
10.905862,139.061389,131.934758
10.905896,139.061389,131.941994
10.905936,139.061389,131.945336
10.905986,139.061389,131.946495
10.906017,139.061389,131.946505
10.906078,139.061389,131.956556
10.906130,139.061389,131.958822
10.906284,139.061389,131.960368
10.906332,139.061389,131.961790
10.906370,139.061389,131.962974
10.906410,139.061389,131.965315
10.906451,139.061389,131.971582
10.906540,139.061389,131.976334
10.906591,139.061389,114.406485
10.906614,139.061389,124.711366
10.906647,139.061389,128.080543
10.906683,139.061389,131.984937
10.906716,139.061389,131.985448
10.906763,139.061389,131.988457
10.906843,139.061389,131.996444
10.906879,139.061389,132.004767
10.906921,139.061389,132.005629
10.906955,139.061389,132.005801
10.907056,139.061389,122.708738
10.907087,139.061389,132.008314
10.907128,139.061389,132.008744
10.907152,139.061389,132.013253
10.907184,139.061389,132.013324
10.907281,139.061389,132.015647
10.907311,139.061389,132.018105
10.907343,139.061389,132.019359
10.907374,139.061389,132.021868
10.907409,139.061389,132.026852
10.907442,139.061389,132.029662
10.907484,139.061389,132.030627
10.907533,139.061389,132.040494
10.907572,139.061389,132.051551
10.907602,139.061389,132.055055
10.907634,139.061389,132.060593
10.907664,139.061389,132.062601
10.907709,139.061389,132.069961
10.907762,139.061389,132.077475
10.907922,139.061389,132.082394
10.907957,139.061389,132.086517
10.907995,139.061389,132.087267
10.908044,139.061389,132.088620
10.908091,139.061389,130.471711
10.908125,139.061389,132.089922
10.908168,139.061389,132.097050
10.908244,139.061389,132.107281
10.908286,139.061389,132.109503
10.908330,139.061389,132.110204
10.908358,139.061389,132.112369
10.908401,139.061389,132.113430
10.908450,139.061389,125.337352
10.908487,139.061389,132.113694
10.908522,139.061389,132.115924
10.908558,139.061389,132.124702
10.908599,139.061389,132.126805
10.908630,139.061389,132.128104
10.908670,139.061389,132.128110
10.908708,139.061389,117.742311
10.908732,139.061389,121.637171
10.908757,139.061389,128.118611
10.908781,139.061389,132.130387
10.908823,139.061389,132.131752
10.908874,139.061389,132.138047
10.908922,139.061389,132.146489
10.908952,139.061389,132.149059
10.908981,139.061389,124.663046
10.909002,139.061389,132.149059
10.909040,139.061389,132.153972
10.909120,139.061389,132.159330
10.909168,139.061389,132.160035
10.909213,139.061389,132.160222
10.909254,139.061389,132.161353
10.909287,139.061389,132.161800
10.909327,139.061389,132.169186
10.909369,139.061389,132.171425
10.909412,139.061389,132.171635
10.909451,139.061389,132.177758
10.909498,139.061389,132.178732
10.909543,139.061389,131.991519
10.909566,139.061389,132.179865
10.909597,139.061389,132.183660
10.909645,139.061389,132.190813
10.909723,139.061389,132.193577
10.909770,139.061389,124.207714
10.909807,139.061389,132.202111
10.909838,139.061389,132.206206
10.909914,139.061389,132.208401
10.909954,139.061389,132.212781
10.909996,139.061389,132.214920
10.910021,139.061389,132.219986
10.910066,139.061389,132.221939
10.910096,139.061389,132.224428
10.910203,139.061389,121.470664
10.910242,139.061389,123.926248
10.910275,139.061389,132.226095
10.910312,139.061389,132.229395
10.910347,139.061389,132.229747
10.910372,139.061389,132.230896
10.910406,139.061389,132.232849
10.910432,139.061389,132.236709
10.910485,139.061389,121.619009
10.910527,139.061389,130.473022
10.910563,139.061389,131.150846
10.910594,139.061389,132.239071
10.910718,139.061389,132.244159
10.910763,139.061389,120.582914
10.910786,139.061389,132.244159
10.910825,139.061389,120.582914
10.910848,139.061389,132.247747
10.910889,139.061389,132.248367
10.910918,139.061389,132.250201
10.910948,139.061389,132.252745
10.911043,139.061389,115.727426
10.911081,139.061389,123.245863
10.911113,139.061389,128.254306
10.911146,139.061389,130.667874
10.911181,139.061389,132.260165
10.911208,139.061389,132.260211
10.911259,139.061389,126.151021
10.911297,139.061389,127.411501
10.911339,139.061389,128.471919
10.911371,139.061389,132.261343
10.911416,139.061389,132.267587
10.911459,139.061389,132.271212
10.911521,139.061389,115.838472
10.911559,139.061389,119.654303
10.911596,139.061389,126.147957
10.911630,139.061389,129.301247
10.911661,139.061389,132.271212
10.911696,139.061389,132.271944
10.911740,139.061389,132.273764
10.911769,139.061389,132.279088
10.911813,139.061389,132.280202
10.911840,139.061389,132.282440
10.911876,139.061389,132.292671
10.911922,139.061389,132.293918
10.911963,139.061389,132.295125
10.912008,139.061389,132.297155
10.912052,139.061389,132.298387
10.912099,139.061389,121.101186
10.912133,139.061389,132.298387
10.912217,139.061389,132.309679
10.912255,139.061389,132.314205
10.912287,139.061389,132.318598
10.912321,139.061389,132.329711
10.912353,139.061389,132.331857
10.912391,139.061389,132.337105
10.912427,139.061389,132.345983
10.912469,139.061389,132.346537
10.912496,139.061389,132.347859
10.912542,139.061389,132.348021
10.912581,139.061389,132.348322
10.912624,139.061389,132.352777
10.912662,139.061389,124.432226
10.912694,139.061389,132.354730
10.912732,139.061389,132.357641
10.912783,139.061389,116.753314
10.912819,139.061389,119.682856
10.912861,139.061389,130.263010
10.912883,139.061389,130.738376
10.912915,139.061389,130.748162
10.912951,139.061389,132.360127
10.912995,139.061389,132.365049
10.913022,139.061389,132.367433
10.913104,139.061389,132.367615
10.913177,139.061389,132.371409
10.913232,139.061389,132.377928
10.913268,139.061389,132.382687
10.913300,139.061389,132.388674
10.913333,139.061389,132.396012
10.913369,139.061389,132.396450
10.913407,139.061389,132.397145
10.913453,139.061389,132.397713
10.913485,139.061389,132.398942
10.913529,139.061389,132.399090
10.913580,139.061389,132.400867
10.913676,139.061389,132.402370
10.913711,139.061389,132.405896
10.913749,139.061389,132.406947
10.913794,139.061389,132.409866
10.913842,139.061389,132.410819
10.914031,139.061389,132.414564
10.914098,139.061389,132.416921
10.914148,139.061389,132.424527
10.914181,139.061389,132.428414
10.914222,139.061389,132.433324
10.914255,139.061389,132.435401
10.914359,139.061389,132.436649
10.914402,139.061389,132.437897
10.914436,139.061389,132.439300
10.914519,139.061389,132.441005
10.914548,139.061389,132.454051
10.914592,139.061389,129.837205
10.914624,139.061389,132.455049
10.914657,139.061389,132.463807
10.914738,139.061389,132.465001
10.915017,139.061389,132.466888
10.915063,139.061389,132.467433
10.915177,139.061389,132.474973
10.915278,139.061389,126.275426
10.915312,139.061389,132.475304
10.915341,139.061389,132.476233
10.915378,139.061389,132.477459
10.915421,139.061389,132.477615
10.915479,139.061389,111.270954
10.915505,139.061389,126.070796
10.915534,139.061389,127.722477
10.915557,139.061389,129.464556
10.915601,139.061389,132.477779
10.915632,139.061389,132.477907
10.915668,139.061389,132.478655
10.915722,139.061389,132.478764
10.915844,139.061389,117.325000
10.915882,139.061389,125.745717
10.915919,139.061389,132.483583
10.915959,139.061389,132.483791
10.916003,139.061389,132.486442
10.916083,139.061389,132.487550
10.916119,139.061389,132.494723
10.916159,139.061389,132.498769
10.916201,139.061389,132.500083
10.916239,139.061389,132.500094
10.916284,139.061389,132.502243
10.916323,139.061389,131.021331
10.916343,139.061389,132.503618
10.916384,139.061389,132.510665
10.916411,139.061389,132.519810
10.916456,139.061389,132.520810
10.916494,139.061389,132.522146
10.916535,139.061389,132.526088
10.916575,139.061389,132.526761
10.916620,139.061389,132.535407
10.916649,139.061389,132.535550
10.916690,139.061389,132.535569
10.916737,139.061389,112.067053
10.916762,139.061389,122.889165
10.916797,139.061389,124.071791
10.916824,139.061389,130.553231
10.916849,139.061389,132.538402
10.916888,139.061389,132.539885
10.916915,139.061389,132.540430
10.916957,139.061389,132.542047
10.916999,139.061389,132.544067
10.917096,139.061389,132.544776
10.917126,139.061389,132.545347
10.917166,139.061389,132.546501
10.917298,139.061389,132.546538
10.917339,139.061389,132.548359
10.917374,139.061389,132.549502
10.917412,139.061389,132.550201
10.917442,139.061389,132.554066
10.917480,139.061389,132.556335
10.917567,139.061389,132.557802
10.917609,139.061389,132.566952
10.917651,139.061389,132.567605
10.917677,139.061389,132.568794
10.917715,139.061389,132.573808
10.917744,139.061389,132.574033
10.917780,139.061389,132.576095
10.917813,139.061389,132.579751
10.917844,139.061389,132.580463
10.917883,139.061389,132.586502
10.917949,139.061389,132.588596
10.917983,139.061389,132.592392
10.918066,139.061389,132.592863
10.918091,139.061389,132.595039
10.918131,139.061389,132.596009
10.918283,139.061389,132.596392
10.918323,139.061389,132.597299
10.918376,139.061389,120.142338
10.918415,139.061389,127.619970
10.918447,139.061389,132.602217
10.918489,139.061389,125.775522
10.918521,139.061389,132.604676
10.918602,139.061389,132.605896
10.918643,139.061389,132.614441
10.918687,139.061389,132.614446
10.918760,139.061389,132.615855
10.918802,139.061389,132.618179
10.918869,139.061389,132.619455
10.918914,139.061389,132.620747
10.918966,139.061389,104.722498
10.919039,139.061389,124.459475
10.919076,139.061389,131.000258
10.919112,139.061389,131.222355
10.919143,139.061389,132.625699
10.919177,139.061389,132.629640
10.919228,139.061389,132.635433
10.919262,139.061389,132.639071
10.919298,139.061389,132.639129
10.919350,139.061389,132.644089
10.919384,139.061389,132.650185
10.919476,139.061389,132.651859
10.919514,139.061389,132.655340
10.919595,139.061389,130.449599
10.919627,139.061389,132.655340
10.919658,139.061389,132.661331
10.919706,139.061389,132.662522
10.919738,139.061389,132.662788
10.919761,139.061389,132.665617
10.919791,139.061389,132.668741
10.919906,139.061389,132.670030
10.919965,139.061389,132.674284
10.920008,139.061389,132.684859
10.920037,139.061389,132.692243
10.920072,139.061389,132.702623
10.920097,139.061389,132.703353
10.920195,139.061389,116.560757
10.920234,139.061389,121.327349
10.920276,139.061389,122.115103
10.920322,139.061389,127.808789
10.920358,139.061389,128.829708
10.920390,139.061389,132.709918
10.920442,139.061389,132.711945
10.920482,139.061389,132.714867
10.920519,139.061389,132.715657
10.920567,139.061389,122.082786
10.920590,139.061389,132.716879
10.920732,139.061389,132.718179
10.920853,139.061389,132.719754
10.920896,139.061389,132.724303
10.920942,139.061389,132.731027
10.920978,139.061389,132.734013
10.921033,139.061389,132.734237
10.921115,139.061389,127.112482
10.921146,139.061389,132.737897
10.921188,139.061389,132.750143
10.921219,139.061389,132.753935
10.921265,139.061389,132.753935
10.921309,139.061389,126.677858
10.921346,139.061389,132.753945
10.921468,139.061389,132.754062
10.921509,139.061389,132.758857
10.921557,139.061389,132.763865
10.921600,139.061389,132.764935
10.921673,139.061389,132.767545
10.921752,139.061389,132.769284
10.921799,139.061389,132.773780
10.921827,139.061389,132.776311
10.921863,139.061389,132.777491
10.921892,139.061389,119.613871
10.921918,139.061389,130.295217
10.921939,139.061389,132.780652
10.921981,139.061389,132.787253
10.922011,139.061389,132.789850
10.922103,139.061389,132.791484
10.922145,139.061389,132.795881
10.922201,139.061389,132.795912
10.922288,139.061389,132.795930
10.922329,139.061389,132.796430
10.922414,139.061389,132.797269
10.922449,139.061389,132.798493
10.922496,139.061389,117.927452
10.922537,139.061389,127.875362
10.922573,139.061389,131.593992
10.922619,139.061389,132.802037
10.922656,139.061389,132.803714
10.922696,139.061389,132.804684
10.922816,139.061389,125.144639
10.922852,139.061389,132.806242
10.922896,139.061389,132.808093
10.922964,139.061389,132.808256
10.923044,139.061389,132.810857
10.923094,139.061389,127.459554
10.923133,139.061389,132.811977
10.923518,139.061389,132.814773
10.923564,139.061389,132.821811
10.923610,139.061389,132.822037
10.923645,139.061389,132.823007
10.923673,139.061389,132.830563
10.923862,139.061389,132.831765
10.923896,139.061389,132.832200
10.923964,139.061389,132.833250
10.924006,139.061389,132.834169
10.924039,139.061389,132.837068
10.924063,139.061389,132.837255
10.924095,139.061389,132.850250
10.924187,139.061389,132.850350
10.924271,139.061389,132.851459
10.924355,139.061389,132.853951
10.924398,139.061389,132.853989
10.924448,139.061389,124.253569
10.924484,139.061389,132.856351
10.924542,139.061389,132.856898
10.924577,139.061389,132.859330
10.924618,139.061389,132.860305
10.924644,139.061389,132.865365
10.924683,139.061389,132.868671
10.924746,139.061389,123.279138
10.924768,139.061389,132.868821
10.924802,139.061389,132.868949
10.924837,139.061389,132.869203
10.924870,139.061389,132.871295
10.924946,139.061389,120.601363
10.924976,139.061389,132.871597
10.925008,139.061389,132.872415
10.925051,139.061389,132.872425
10.925151,139.061389,132.872821
10.925191,139.061389,132.877484
10.925228,139.061389,132.879103
10.925271,139.061389,132.881168
10.925308,139.061389,132.884742
10.925338,139.061389,132.885983
10.925368,139.061389,132.890120
10.925406,139.061389,132.898377
10.925487,139.061389,132.899720
10.925566,139.061389,132.909487
10.925606,139.061389,132.913183
10.925672,139.061389,132.918316
10.925731,139.061389,132.918733
10.925767,139.061389,132.919386
10.925810,139.061389,132.921218
10.925851,139.061389,132.923358
10.925883,139.061389,132.930505
10.925985,139.061389,104.979266
10.926027,139.061389,126.612386
10.926071,139.061389,127.853223
10.926102,139.061389,130.712158
10.926132,139.061389,132.930505
10.926175,139.061389,128.553223
10.926206,139.061389,132.930584
10.926318,139.061389,132.941513
10.926361,139.061389,132.944025
10.926390,139.061389,132.945380
10.926424,139.061389,122.291426
10.926447,139.061389,132.952772
10.926481,139.061389,132.953384
10.926519,139.061389,132.954041
10.926563,139.061389,115.170709
10.926598,139.061389,132.954129
10.926772,139.061389,132.959110
10.926812,139.061389,132.966281
10.926864,139.061389,132.970446
10.926903,139.061389,132.971162
10.926930,139.061389,132.972437
10.927015,139.061389,132.972585
10.927054,139.061389,132.982441
10.927160,139.061389,118.722562
10.927196,139.061389,132.988521
10.927235,139.061389,132.993449
10.927301,139.061389,112.805234
10.927381,139.061389,113.542210
10.927420,139.061389,116.642146
10.927456,139.061389,122.956770
10.927492,139.061389,124.927272
10.927526,139.061389,126.122274
10.927557,139.061389,128.656703
10.927593,139.061389,129.203714
10.927622,139.061389,132.993449
10.927660,139.061389,132.993770
10.927694,139.061389,132.993918
10.927730,139.061389,132.995881
10.927758,139.061389,132.996615
10.927796,139.061389,132.997196
10.927887,139.061389,115.291624
10.927923,139.061389,122.170495
10.927953,139.061389,130.024460
10.927975,139.061389,133.003395
10.928027,139.061389,127.585439
10.928049,139.061389,133.003395
10.928086,139.061389,133.008621
10.928121,139.061389,133.013292
10.928182,139.061389,114.544776
10.928220,139.061389,117.300370
10.928261,139.061389,117.644712
10.928300,139.061389,123.360575
10.928333,139.061389,126.526079
10.928363,139.061389,129.422408
10.928394,139.061389,129.607519
10.928422,139.061389,133.015048
10.928458,139.061389,133.016339
10.928488,139.061389,133.019917
10.928521,139.061389,133.020739
10.928575,139.061389,133.021032
10.928609,139.061389,133.021955
10.928652,139.061389,133.030584
10.928749,139.061389,133.030638
10.928820,139.061389,122.877950
10.928840,139.061389,133.031739
10.928879,139.061389,133.038463
10.928919,139.061389,133.044266
10.928954,139.061389,133.044446
10.928992,139.061389,133.048941
10.929031,139.061389,133.049137
10.929069,139.061389,133.053327
10.929103,139.061389,133.056307
10.929135,139.061389,133.057599
10.929199,139.061389,133.057609
10.929241,139.061389,133.059388
10.929278,139.061389,133.064054
10.929331,139.061389,113.689256
10.929366,139.061389,126.040927
10.929397,139.061389,129.122367
10.929430,139.061389,133.064899
10.929472,139.061389,133.070696
10.929523,139.061389,133.076185
10.929564,139.061389,133.080367
10.929591,139.061389,133.081081
10.929618,139.061389,133.087273
10.929649,139.061389,133.089790
10.929733,139.061389,133.093826
10.929770,139.061389,133.094747
10.929816,139.061389,119.755820
10.929850,139.061389,133.099023
10.929886,139.061389,133.101342
10.929919,139.061389,133.102370
10.929951,139.061389,133.104828
10.929991,139.061389,133.105785
10.930020,139.061389,133.105909
10.930120,139.061389,133.106174
10.930158,139.061389,133.108218
10.930183,139.061389,133.110687
10.930220,139.061389,133.115583
10.930249,139.061389,133.118207
10.930302,139.061389,133.122306
10.930345,139.061389,133.124435
10.930382,139.061389,133.127298
10.930420,139.061389,133.131770
10.930492,139.061389,133.133506
10.930531,139.061389,133.138951
10.930582,139.061389,133.139015
10.930637,139.061389,133.141536
10.930680,139.061389,133.141707
10.930781,139.061389,133.144041
10.930839,139.061389,126.973026
10.930860,139.061389,133.145289
10.930901,139.061389,133.146750
10.930932,139.061389,133.149107
10.930956,139.061389,133.150221
10.931031,139.061389,131.800044
10.931060,139.061389,133.151839
10.931101,139.061389,133.152767
10.931147,139.061389,133.152930
10.931183,139.061389,133.155315
10.931215,139.061389,133.156483
10.931245,139.061389,133.158769
10.931331,139.061389,126.226084
10.931374,139.061389,127.933450
10.931396,139.061389,133.163123
10.931435,139.061389,133.163947
10.931533,139.061389,133.173062
10.931573,139.061389,133.173705
10.931627,139.061389,114.444578
10.931665,139.061389,125.251938
10.931701,139.061389,129.259298
10.931725,139.061389,133.174986
10.931766,139.061389,133.177247
10.931902,139.061389,133.177353
10.931932,139.061389,133.179913
10.931990,139.061389,133.182792
10.932029,139.061389,133.186051
10.932125,139.061389,133.187263
10.932166,139.061389,133.187322
10.932248,139.061389,133.187550
10.932282,139.061389,133.192292
10.932311,139.061389,133.193726
10.932337,139.061389,133.194798
10.932398,139.061389,133.199577
10.932445,139.061389,133.199684
10.932473,139.061389,133.199706
10.932514,139.061389,133.202117
10.932583,139.061389,133.203678
10.932615,139.061389,133.210836
10.932702,139.061389,133.212559
10.932743,139.061389,133.219436
10.932828,139.061389,133.227146
10.932866,139.061389,133.230591
10.932903,139.061389,133.232138
10.932945,139.061389,133.236713
10.933057,139.061389,133.237055
10.933103,139.061389,133.242793
10.933133,139.061389,133.242858
10.933209,139.061389,133.245149
10.933305,139.061389,133.248044
10.933331,139.061389,133.248190
10.933369,139.061389,133.255305
10.933484,139.061389,119.174402
10.933525,139.061389,121.629986
10.933565,139.061389,131.044546
10.933601,139.061389,133.260418
10.933640,139.061389,133.262537
10.933803,139.061389,133.272457
10.933831,139.061389,133.276638
10.933871,139.061389,133.277379
10.933914,139.061389,133.282255
10.933994,139.061389,133.282421
10.934053,139.061389,133.284021
10.934080,139.061389,133.284243
10.934109,139.061389,133.286047
10.934158,139.061389,133.290969
10.934185,139.061389,133.292243
10.934263,139.061389,133.304634
10.934303,139.061389,133.308265
10.934394,139.061389,133.312035
10.934448,139.061389,133.312350
10.934486,139.061389,133.315946
10.934526,139.061389,133.319385
10.934557,139.061389,133.322319
10.934592,139.061389,133.323212
10.934754,139.061389,115.780616
10.934793,139.061389,124.080479
10.934824,139.061389,130.843359
10.934851,139.061389,133.326751
10.934894,139.061389,133.328067
10.934931,139.061389,133.329225
10.934958,139.061389,133.329379
10.934994,139.061389,125.298860
10.935024,139.061389,133.334223
10.935109,139.061389,133.336739
10.935186,139.061389,133.342841
10.935223,139.061389,130.252085
10.935244,139.061389,133.344450
10.935267,139.061389,133.351293
10.935327,139.061389,133.351483
10.935357,139.061389,133.354011
10.935408,139.061389,121.537292
10.935441,139.061389,121.641077
10.935476,139.061389,133.358969
10.935564,139.061389,120.081813
10.935595,139.061389,133.362531
10.935645,139.061389,133.362569
10.935702,139.061389,133.364149
10.935747,139.061389,133.368034
10.935791,139.061389,133.370238
10.935821,139.061389,133.370367
10.935861,139.061389,133.371241
10.935946,139.061389,133.372447
10.936001,139.061389,133.374895
10.936042,139.061389,133.376607
10.936074,139.061389,133.377427
10.936192,139.061389,133.381538
10.936227,139.061389,133.386089
10.936264,139.061389,133.387317
10.936310,139.061389,124.947185
10.936341,139.061389,125.270545
10.936375,139.061389,126.380465
10.936406,139.061389,131.756819
10.936435,139.061389,133.388532
10.936467,139.061389,133.390921
10.936510,139.061389,133.391002
10.936551,139.061389,133.391086
10.936588,139.061389,133.397832
10.936626,139.061389,133.402286
10.936702,139.061389,116.434899
10.936724,139.061389,126.233534
10.936743,139.061389,133.402289
10.936780,139.061389,133.404575
10.936813,139.061389,133.409503
10.936911,139.061389,133.411238
10.936936,139.061389,133.415711
10.936972,139.061389,133.419263
10.937030,139.061389,133.420643
10.937070,139.061389,133.424398
10.937109,139.061389,123.743411
10.937133,139.061389,130.843353
10.937175,139.061389,133.440943
10.937197,139.061389,133.441983
10.937221,139.061389,133.444546
10.937260,139.061389,133.445677
10.937294,139.061389,133.446489
10.937331,139.061389,133.452835
10.937364,139.061389,133.457683
10.937406,139.061389,125.302530
10.937439,139.061389,133.458988
10.937474,139.061389,133.460195
10.937688,139.061389,133.467605
10.937711,139.061389,133.468748
10.937736,139.061389,133.471603
10.937776,139.061389,133.472421
10.937813,139.061389,133.472587
10.937852,139.061389,127.244627
10.937882,139.061389,133.476376
10.937917,139.061389,133.477919
10.937954,139.061389,133.482307
10.937994,139.061389,133.485887
10.938055,139.061389,133.487363
10.938091,139.061389,133.488632
10.938144,139.061389,133.488975
10.938172,139.061389,133.489743
10.938260,139.061389,112.080711
10.938301,139.061389,119.163557
10.938339,139.061389,121.184062
10.938377,139.061389,124.373281
10.938411,139.061389,128.529574
10.938446,139.061389,130.324894
10.938475,139.061389,131.279235
10.938507,139.061389,133.494739
10.938597,139.061389,121.103970
10.938629,139.061389,133.496456
10.938666,139.061389,133.500765
10.938705,139.061389,133.502015
10.938768,139.061389,133.507522
10.938809,139.061389,133.508217
10.938865,139.061389,133.421109
10.938885,139.061389,133.517290
10.938922,139.061389,133.518312
10.938960,139.061389,133.521929
10.939060,139.061389,122.845858
10.939081,139.061389,133.521929
10.939114,139.061389,133.524947
10.939143,139.061389,133.527208
10.939179,139.061389,133.528420
10.939217,139.061389,133.537966
10.939259,139.061389,133.544099
10.939352,139.061389,122.118783
10.939388,139.061389,133.546667
10.939425,139.061389,133.547046
10.939460,139.061389,133.550456
10.939553,139.061389,121.116594
10.939577,139.061389,128.716456
10.939597,139.061389,133.550456
10.939683,139.061389,121.116594
10.939718,139.061389,128.716456
10.939749,139.061389,133.550543
10.939779,139.061389,133.558905
10.939989,139.061389,133.565049
10.940021,139.061389,133.566716
10.940055,139.061389,133.566812
10.940091,139.061389,133.577674
10.940140,139.061389,133.582287
10.940174,139.061389,128.166796
10.940194,139.061389,133.582764
10.940232,139.061389,133.582786
10.940275,139.061389,133.590279
10.940308,139.061389,133.590895
10.940365,139.061389,133.594755
10.940506,139.061389,133.595902
10.940537,139.061389,133.597292
10.940575,139.061389,133.598205
10.940601,139.061389,133.599966
10.940634,139.061389,133.607458
10.940668,139.061389,133.610779
10.940719,139.061389,133.612445
10.940745,139.061389,133.613224
10.940780,139.061389,133.618163
10.940817,139.061389,133.619455
10.940857,139.061389,133.626857
10.940896,139.061389,133.629422
10.940931,139.061389,133.631705
10.940971,139.061389,133.634355
10.941051,139.061389,133.635444
10.941078,139.061389,133.637197
10.941114,139.061389,133.640787
10.941147,139.061389,133.641768
10.941183,139.061389,133.642799
10.941213,139.061389,133.644172
10.941258,139.061389,125.374175
10.941291,139.061389,127.089023
10.941322,139.061389,133.646537
10.941387,139.061389,133.646600
10.941420,139.061389,133.650223
10.941450,139.061389,133.655667
10.941483,139.061389,133.656757
10.941517,139.061389,133.656817
10.941555,139.061389,133.663817
10.941619,139.061389,133.664899
10.941695,139.061389,133.672457
10.941736,139.061389,133.674099
10.941775,139.061389,133.679823
10.941801,139.061389,133.679855
10.941838,139.061389,133.684777
10.941900,139.061389,133.697127
10.941943,139.061389,133.697582
10.941978,139.061389,133.713173
10.942006,139.061389,133.713324
10.942042,139.061389,130.682572
10.942072,139.061389,133.714468
10.942109,139.061389,133.718131
10.942184,139.061389,127.791426
10.942213,139.061389,133.718735
10.942235,139.061389,133.721711
10.942272,139.061389,133.721801
10.942306,139.061389,133.721850
10.942340,139.061389,133.721885
10.942376,139.061389,130.526018
10.942406,139.061389,133.721885
10.942436,139.061389,133.724862
10.942469,139.061389,133.725674
10.942542,139.061389,133.729649
10.942570,139.061389,133.730554
10.942687,139.061389,133.734013
10.942718,139.061389,133.734668
10.942753,139.061389,133.736753
10.942787,139.061389,133.737897
10.942852,139.061389,133.743134
10.942887,139.061389,133.748392
10.942927,139.061389,133.748927
10.942980,139.061389,133.749598
10.943003,139.061389,133.750330
10.943081,139.061389,121.325011
10.943102,139.061389,124.051998
10.943134,139.061389,133.750883
10.943168,139.061389,133.751417
10.943198,139.061389,130.990229
10.943218,139.061389,133.753927
10.943298,139.061389,127.743038
10.943325,139.061389,133.755129
10.943351,139.061389,133.756483
10.943403,139.061389,117.613887
10.943439,139.061389,122.380479
10.943473,139.061389,123.168232
10.943510,139.061389,128.861919
10.943540,139.061389,129.882837
10.943568,139.061389,133.756483
10.943612,139.061389,117.613887
10.943643,139.061389,122.380479
10.943673,139.061389,123.168232
10.943706,139.061389,128.861919
10.943735,139.061389,129.882837
10.943760,139.061389,133.756483
10.943944,139.061389,131.282837
10.943964,139.061389,133.756483
10.944028,139.061389,130.582837
10.944059,139.061389,133.756483
10.944091,139.061389,130.582837
10.944116,139.061389,133.756588
10.944154,139.061389,127.743487
10.944182,139.061389,133.757746
10.944218,139.061389,133.760089
10.944249,139.061389,133.762741
10.944285,139.061389,133.771374
10.944323,139.061389,133.774953
10.944376,139.061389,133.776270
10.944417,139.061389,133.779215
10.944450,139.061389,133.779871
10.944491,139.061389,133.779913
10.944539,139.061389,133.781553
10.944575,139.061389,133.783465
10.944608,139.061389,133.792239
10.944652,139.061389,133.793525
10.944678,139.061389,133.797378
10.944741,139.061389,133.798335
10.944808,139.061389,133.800047
10.944840,139.061389,133.800783
10.944875,139.061389,133.804068
10.944912,139.061389,133.806985
10.944940,139.061389,133.811394
10.944977,139.061389,133.818543
10.945009,139.061389,133.819699
10.945031,139.061389,133.824189
10.945057,139.061389,133.825640
10.945093,139.061389,133.826050
10.945129,139.061389,133.829356
10.945183,139.061389,133.831549
10.945221,139.061389,133.832989
10.945252,139.061389,133.835407
10.945277,139.061389,133.835497
10.945331,139.061389,133.835989
10.945370,139.061389,133.840297
10.945399,139.061389,133.842125
10.945436,139.061389,133.845149
10.945512,139.061389,133.845306
10.945584,139.061389,133.847913
10.945667,139.061389,120.558274
10.945697,139.061389,133.848175
10.945729,139.061389,133.857405
10.945785,139.061389,133.863138
10.945823,139.061389,133.864254
10.945860,139.061389,133.865093
10.945890,139.061389,133.867433
10.945930,139.061389,133.867587
10.945964,139.061389,133.875535
10.945998,139.061389,133.878830
10.946035,139.061389,121.259571
10.946053,139.061389,133.886479
10.946085,139.061389,133.890197
10.946127,139.061389,133.893449
10.946156,139.061389,133.895166
10.946188,139.061389,133.895962
10.946305,139.061389,133.897135
10.946451,139.061389,133.897235
10.946503,139.061389,133.897679
10.946540,139.061389,133.898357
10.946606,139.061389,133.898505
10.946639,139.061389,133.898508
10.946674,139.061389,133.899726
10.946715,139.061389,133.903788
10.946755,139.061389,133.908361
10.946791,139.061389,133.908533
10.946824,139.061389,133.909641
10.946855,139.061389,133.910805
10.946889,139.061389,133.911855
10.946946,139.061389,130.609932
10.946965,139.061389,133.912025
10.947011,139.061389,133.916147
10.947044,139.061389,133.918257
10.947077,139.061389,115.201676
10.947102,139.061389,119.059565
10.947131,139.061389,129.861965
10.947156,139.061389,129.890319
10.947176,139.061389,133.918257
10.947205,139.061389,133.919369
10.947242,139.061389,133.923116
10.947277,139.061389,125.851935
10.947305,139.061389,133.926803
10.947329,139.061389,133.927135
10.947366,139.061389,133.928067
10.947402,139.061389,133.928241
10.947433,139.061389,133.932989
10.947472,139.061389,133.933154
10.947510,139.061389,133.938163
10.947546,139.061389,133.941667
10.947581,139.061389,133.945365
10.947611,139.061389,133.947913
10.947692,139.061389,114.958274
10.947722,139.061389,131.857962
10.947749,139.061389,133.949096
10.947823,139.061389,133.952739
10.947863,139.061389,133.953237
10.947889,139.061389,133.955256
10.947940,139.061389,133.956460
10.947986,139.061389,124.792533
10.948020,139.061389,126.623308
10.948042,139.061389,129.494993
10.948067,139.061389,133.958182
10.948095,139.061389,133.960373
10.948132,139.061389,133.961343
10.948197,139.061389,133.962531
10.948237,139.061389,133.963859
10.948303,139.061389,133.966829
10.948339,139.061389,133.972457
10.948392,139.061389,133.974883
10.948429,139.061389,133.983519
10.948527,139.061389,133.983529
10.948584,139.061389,133.983603
10.948619,139.061389,133.984019
10.948652,139.061389,133.984940
10.948692,139.061389,133.985508
10.948726,139.061389,133.988588
10.948771,139.061389,117.741032
10.948804,139.061389,121.618591
10.948838,139.061389,126.733439
10.948868,139.061389,128.173973
10.948898,139.061389,129.814879
10.948928,139.061389,133.990161
10.948967,139.061389,133.991586
10.949003,139.061389,133.995111
10.949036,139.061389,133.996222
10.949069,139.061389,133.998329
10.949095,139.061389,134.000162
10.949129,139.061389,134.002105
10.949170,139.061389,134.005045
10.949206,139.061389,134.005795
10.949241,139.061389,134.005812
10.949274,139.061389,134.007001
10.949299,139.061389,134.009641
10.949329,139.061389,131.713514
10.949356,139.061389,134.019277
10.949418,139.061389,134.023455
10.949458,139.061389,134.024410
10.949486,139.061389,134.025481
10.949511,139.061389,134.028591
10.949546,139.061389,134.029670
10.949579,139.061389,134.033575
10.949609,139.061389,134.034677
10.949644,139.061389,134.036607
10.949670,139.061389,133.840586
10.949697,139.061389,134.036698
10.949733,139.061389,134.036990
10.949766,139.061389,134.039199
10.949848,139.061389,134.041503
10.949881,139.061389,134.042816
10.949916,139.061389,134.043330
10.949951,139.061389,134.046572
10.949983,139.061389,134.049096
10.950021,139.061389,134.050355
10.950067,139.061389,134.056659
10.950098,139.061389,134.057690
10.950230,139.061389,134.062931
10.950263,139.061389,134.064935
10.950310,139.061389,134.070057
10.950361,139.061389,134.077439
10.950660,139.061389,134.079817
10.950691,139.061389,134.082481
10.950733,139.061389,134.086028
10.950773,139.061389,134.087874
10.950805,139.061389,134.088590
10.950836,139.061389,103.426067
10.950862,139.061389,111.405039
10.950886,139.061389,120.407439
10.950909,139.061389,130.796371
10.950930,139.061389,133.833310
10.950949,139.061389,134.090911
10.951076,139.061389,134.091695
10.951101,139.061389,134.096397
10.951136,139.061389,134.098465
10.951178,139.061389,134.098559
10.951225,139.061389,134.099567
10.951257,139.061389,134.102041
10.951283,139.061389,134.105833
10.951317,139.061389,134.107251
10.951359,139.061389,134.112005
10.951383,139.061389,134.113183
10.951409,139.061389,134.117310
10.951444,139.061389,134.119302
10.951484,139.061389,134.119534
10.951643,139.061389,134.120718
10.951737,139.061389,120.432552
10.951761,139.061389,127.002920
10.951782,139.061389,133.707509
10.951801,139.061389,134.124766
10.951833,139.061389,134.127009
10.951876,139.061389,119.919935
10.951908,139.061389,134.127327
10.951939,139.061389,134.128037
10.951966,139.061389,134.130269
10.952086,139.061389,134.131759
10.952120,139.061389,134.137923
10.952213,139.061389,134.137996
10.952249,139.061389,129.112511
10.952279,139.061389,134.139422
10.952349,139.061389,134.144047
10.952410,139.061389,134.149424
10.952442,139.061389,134.157950
10.952475,139.061389,134.158271
10.952514,139.061389,134.158938
10.952534,139.061389,134.162633
10.952572,139.061389,134.162700
10.952604,139.061389,134.166045
10.952631,139.061389,134.167545
10.952663,139.061389,134.167810
10.952697,139.061389,134.174018
10.952730,139.061389,134.175041
10.952775,139.061389,122.768072
10.952810,139.061389,129.119816
10.952846,139.061389,129.612493
10.952873,139.061389,129.694024
10.952902,139.061389,133.653298
10.952934,139.061389,134.175054
10.952973,139.061389,134.177928
10.953014,139.061389,134.181225
10.953048,139.061389,134.181666
10.953087,139.061389,134.182898
10.953129,139.061389,134.187778
10.953169,139.061389,134.188457
10.953201,139.061389,134.193589
10.953226,139.061389,134.198475
10.953265,139.061389,134.201987
10.953299,139.061389,134.202506
10.953327,139.061389,134.203494
10.953363,139.061389,134.205929
10.953456,139.061389,121.965666
10.953485,139.061389,134.209594
10.953505,139.061389,134.211928
10.953543,139.061389,134.218163
10.953674,139.061389,134.218637
10.953704,139.061389,134.219273
10.953732,139.061389,134.219455
10.953797,139.061389,134.220495
10.953824,139.061389,134.226396
10.953863,139.061389,134.228000
10.953899,139.061389,134.230441
10.953929,139.061389,134.235733
10.953962,139.061389,134.236917
10.953996,139.061389,134.237955
10.954040,139.061389,131.433461
10.954059,139.061389,134.240511
10.954111,139.061389,134.249132
10.954152,139.061389,127.761919
10.954181,139.061389,134.251923
10.954213,139.061389,134.252671
10.954238,139.061389,134.253754
10.954266,139.061389,134.253987
10.954303,139.061389,134.257106
10.954341,139.061389,134.259266
10.954374,139.061389,134.260143
10.954408,139.061389,134.261452
10.954455,139.061389,116.607688
10.954492,139.061389,119.063272
10.954523,139.061389,128.844607
10.954551,139.061389,129.372757
10.954581,139.061389,134.261452
10.954610,139.061389,134.262659
10.954645,139.061389,129.506463
10.954664,139.061389,134.262659
10.954694,139.061389,129.506463
10.954713,139.061389,134.266201
10.954748,139.061389,134.266404
10.954806,139.061389,134.278691
10.954859,139.061389,134.278942
10.954892,139.061389,134.280463
10.954926,139.061389,134.284889
10.954958,139.061389,134.286089
10.955049,139.061389,134.287720
10.955087,139.061389,134.287765
10.955112,139.061389,134.288746
10.955148,139.061389,134.288847
10.955185,139.061389,134.292159
10.955238,139.061389,134.299902
10.955308,139.061389,134.301375
10.955346,139.061389,134.303347
10.955378,139.061389,134.304681
10.955420,139.061389,122.300290
10.955452,139.061389,124.755874
10.955482,139.061389,134.312049
10.955519,139.061389,134.314495
10.955561,139.061389,134.319273
10.955591,139.061389,134.319529
10.955626,139.061389,130.948354
10.955653,139.061389,134.322003
10.955713,139.061389,134.325477
10.955746,139.061389,134.329662
10.955780,139.061389,134.330835
10.955813,139.061389,134.334109
10.955872,139.061389,134.335423
10.955914,139.061389,134.351293
10.955981,139.061389,134.352913
10.956085,139.061389,134.354003
10.956213,139.061389,134.354502
10.956242,139.061389,134.355586
10.956275,139.061389,134.361770
10.956314,139.061389,134.364167
10.956342,139.061389,134.366207
10.956388,139.061389,134.366214
10.956449,139.061389,134.366837
10.956473,139.061389,134.370210
10.956543,139.061389,134.372588
10.956578,139.061389,134.376575
10.956618,139.061389,134.378601
10.956646,139.061389,131.008674
10.956664,139.061389,134.378645
10.956686,139.061389,134.378755
10.956727,139.061389,119.550837
10.956760,139.061389,128.961804
10.956787,139.061389,134.381081
10.956850,139.061389,134.382690
10.956882,139.061389,134.383599
10.956943,139.061389,134.383667
10.956968,139.061389,134.386115
10.957065,139.061389,122.606463
10.957087,139.061389,129.238559
10.957105,139.061389,134.386115
10.957139,139.061389,122.606463
10.957161,139.061389,129.238559
10.957179,139.061389,134.386115
10.957212,139.061389,122.606463
10.957234,139.061389,129.238559
10.957252,139.061389,134.393609
10.957288,139.061389,134.395977
10.957331,139.061389,134.396262
10.957366,139.061389,134.403380
10.957391,139.061389,134.411178
10.957420,139.061389,134.413283
10.957453,139.061389,134.419891
10.957490,139.061389,134.420611
10.957524,139.061389,134.426993
10.957552,139.061389,128.893132
10.957572,139.061389,134.428531
10.957602,139.061389,134.431841
10.957658,139.061389,134.433194
10.957696,139.061389,134.435497
10.957804,139.061389,134.440387
10.957871,139.061389,134.441000
10.957909,139.061389,134.442024
10.957952,139.061389,134.442079
10.957983,139.061389,134.444446
10.958018,139.061389,134.447849
10.958060,139.061389,126.714978
10.958078,139.061389,134.451588
10.958103,139.061389,134.452963
10.958132,139.061389,134.455285
10.958161,139.061389,134.458990
10.958206,139.061389,126.665502
10.958230,139.061389,134.462602
10.958265,139.061389,134.463886
10.958292,139.061389,118.738559
10.958317,139.061389,132.824785
10.958333,139.061389,134.467055
10.958356,139.061389,134.467810
10.958388,139.061389,134.470019
10.958422,139.061389,125.679263
10.958449,139.061389,134.473930
10.958481,139.061389,134.475443
10.958505,139.061389,134.477353
10.958530,139.061389,134.477843
10.958561,139.061389,134.478755
10.958603,139.061389,114.837237
10.958635,139.061389,123.548204
10.958662,139.061389,133.707234
10.958689,139.061389,134.479709
10.958728,139.061389,134.484825
10.958769,139.061389,134.493781
10.958802,139.061389,134.495272
10.958832,139.061389,134.499599
10.958871,139.061389,134.502121
10.958907,139.061389,134.507635
10.958942,139.061389,134.508237
10.959006,139.061389,134.508556
10.959038,139.061389,134.508597
10.959074,139.061389,134.515637
10.959112,139.061389,134.520675
10.959142,139.061389,134.521362
10.959186,139.061389,134.523111
10.959228,139.061389,134.524346
10.959264,139.061389,134.526921
10.959306,139.061389,115.489154
10.959337,139.061389,124.017410
10.959364,139.061389,132.632130
10.959390,139.061389,134.529283
10.959437,139.061389,134.531143
10.959492,139.061389,134.535782
10.959530,139.061389,134.538334
10.959556,139.061389,134.539081
10.959614,139.061389,134.544035
10.959651,139.061389,134.544552
10.959691,139.061389,134.548367
10.959721,139.061389,134.551401
10.959770,139.061389,134.557625
10.959845,139.061389,134.558897
10.959879,139.061389,134.558953
10.959918,139.061389,134.560559
10.959947,139.061389,134.561347
10.959980,139.061389,134.562394
10.960003,139.061389,134.563144
10.960038,139.061389,134.563785
10.960061,139.061389,134.564341
10.960099,139.061389,134.566225
10.960214,139.061389,134.568719
10.960242,139.061389,134.570623
10.960280,139.061389,134.571342
10.960325,139.061389,108.066983
10.960354,139.061389,115.163245
10.960384,139.061389,122.622445
10.960409,139.061389,131.155815
10.960433,139.061389,134.572457
10.960523,139.061389,134.573779
10.960569,139.061389,134.580514
10.960603,139.061389,134.582911
10.960635,139.061389,134.584826
10.960769,139.061389,134.590197
10.960791,139.061389,134.593529
10.960884,139.061389,117.050933
10.960918,139.061389,125.350796
10.960946,139.061389,132.113676
10.960973,139.061389,134.598205
10.961015,139.061389,134.598377
10.961098,139.061389,134.602147
10.961149,139.061389,132.470316
10.961179,139.061389,134.603249
10.961202,139.061389,134.605086
10.961229,139.061389,134.605785
10.961265,139.061389,129.152053
10.961284,139.061389,134.605795
10.961356,139.061389,134.608248
10.961393,139.061389,134.613493
10.961427,139.061389,134.614563
10.961510,139.061389,120.782933
10.961540,139.061389,134.614574
10.961565,139.061389,126.137415
10.961585,139.061389,134.618201
10.961628,139.061389,134.619385
10.961682,139.061389,134.622406
10.961714,139.061389,134.623008
10.961753,139.061389,134.624851
10.961774,139.061389,134.626921
10.961818,139.061389,110.484322
10.961851,139.061389,118.250850
10.961880,139.061389,127.880130
10.961908,139.061389,134.629326
10.961945,139.061389,134.629416
10.962022,139.061389,134.630579
10.962043,139.061389,134.634181
10.962164,139.061389,134.637955
10.962187,139.061389,134.638163
10.962219,139.061389,134.638669
10.962253,139.061389,134.639241
10.962287,139.061389,134.640325
10.962336,139.061389,134.641565
10.962411,139.061389,134.645540
10.962455,139.061389,134.647747
10.962493,139.061389,134.647916
10.962533,139.061389,119.891615
10.962563,139.061389,130.680557
10.962588,139.061389,134.649097
10.962637,139.061389,115.444770
10.962671,139.061389,118.544706
10.962705,139.061389,124.400290
10.962735,139.061389,124.921058
10.962770,139.061389,126.635906
10.962799,139.061389,134.651594
10.962848,139.061389,127.479240
10.962865,139.061389,134.652634
10.962898,139.061389,134.655267
10.962927,139.061389,134.656474
10.962948,139.061389,134.657870
10.962992,139.061389,105.791807
10.963029,139.061389,108.988127
10.963065,139.061389,116.306421
10.963095,139.061389,118.321333
10.963123,139.061389,122.047125
10.963158,139.061389,123.232373
10.963186,139.061389,126.976789
10.963212,139.061389,131.887829
10.963238,139.061389,132.939802
10.963264,139.061389,133.706527
10.963293,139.061389,134.662561
10.963326,139.061389,134.664893
10.963403,139.061389,134.667537
10.963432,139.061389,134.671336
10.963462,139.061389,134.672600
10.963532,139.061389,134.673941
10.963556,139.061389,134.677449
10.963601,139.061389,134.680463
10.963716,139.061389,134.682215
10.963761,139.061389,134.684777
10.963798,139.061389,134.690279
10.963824,139.061389,134.694755
10.963968,139.061389,134.695887
10.963995,139.061389,134.700963
10.964033,139.061389,134.702165
10.964104,139.061389,134.704976
10.964135,139.061389,134.705791
10.964198,139.061389,134.705833
10.964273,139.061389,119.828674
10.964302,139.061389,134.705833
10.964347,139.061389,134.706981
10.964382,139.061389,134.707064
10.964413,139.061389,134.708574
10.964445,139.061389,134.710759
10.964475,139.061389,134.713506
10.964505,139.061389,134.713781
10.964543,139.061389,134.716815
10.964570,139.061389,134.718383
10.964599,139.061389,134.719277
10.964681,139.061389,134.723752
10.964761,139.061389,134.724265
10.964786,139.061389,126.532258
10.964805,139.061389,134.724303
10.964874,139.061389,134.728085
10.964896,139.061389,134.729219
10.964968,139.061389,134.729299
10.965001,139.061389,134.735423
10.965042,139.061389,134.736947
10.965069,139.061389,134.738146
10.965105,139.061389,134.741782
10.965146,139.061389,115.366984
10.965186,139.061389,127.718655
10.965213,139.061389,130.800095
10.965238,139.061389,134.746684
10.965274,139.061389,134.749059
10.965310,139.061389,134.749112
10.965345,139.061389,134.750217
10.965397,139.061389,128.534722
10.965416,139.061389,134.752034
10.965452,139.061389,134.752735
10.965497,139.061389,134.753903
10.965520,139.061389,134.758837
10.965544,139.061389,134.759469
10.965570,139.061389,134.760482
10.965606,139.061389,134.760671
10.965644,139.061389,134.763581
10.965669,139.061389,134.766217
10.965697,139.061389,134.766338
10.965731,139.061389,134.766879
10.965767,139.061389,134.771226
10.965799,139.061389,134.776185
10.966197,139.061389,134.777498
10.966223,139.061389,130.840894
10.966239,139.061389,134.781365
10.966276,139.061389,134.782221
10.966300,139.061389,134.786466
10.966326,139.061389,134.788938
10.966347,139.061389,134.802498
10.966379,139.061389,134.804569
10.966402,139.061389,134.806206
10.966444,139.061389,134.810665
10.966613,139.061389,134.811202
10.966648,139.061389,134.817471
10.966672,139.061389,134.820847
10.966707,139.061389,134.821882
10.966739,139.061389,134.823055
10.966766,139.061389,134.823139
10.966789,139.061389,134.823155
10.966813,139.061389,134.832815
10.966863,139.061389,134.833450
10.966890,139.061389,134.838062
10.966930,139.061389,130.043462
10.966957,139.061389,134.841625
10.967018,139.061389,134.844546
10.967058,139.061389,134.845289
10.967105,139.061389,134.847721
10.967128,139.061389,134.848254
10.967148,139.061389,134.850257
10.967181,139.061389,134.853218
10.967222,139.061389,134.853987
10.967254,139.061389,134.859965
10.967294,139.061389,110.550658
10.967331,139.061389,116.776424
10.967370,139.061389,122.680210
10.967406,139.061389,126.376482
10.967434,139.061389,126.558018
10.967468,139.061389,129.476418
10.967498,139.061389,130.474018
10.967532,139.061389,133.780258
10.967560,139.061389,134.860625
10.967593,139.061389,134.861919
10.967651,139.061389,134.865491
10.967683,139.061389,134.870547
10.967714,139.061389,134.877779
10.967736,139.061389,134.878659
10.967929,139.061389,130.717365
10.967958,139.061389,134.882626
10.967996,139.061389,134.883579
10.968063,139.061389,134.886515
10.968096,139.061389,134.888536
10.968142,139.061389,134.890975
10.968199,139.061389,134.892751
10.968232,139.061389,134.893553
10.968267,139.061389,134.894493
10.968295,139.061389,134.896722
10.968331,139.061389,134.897289
10.968372,139.061389,120.020130
10.968400,139.061389,134.897289
10.968443,139.061389,134.898377
10.968521,139.061389,134.907370
10.968556,139.061389,134.909487
10.968597,139.061389,120.263251
10.968633,139.061389,126.824804
10.968665,139.061389,133.829642
10.968691,139.061389,134.284004
10.968721,139.061389,134.909523
10.968753,139.061389,134.911302
10.968785,139.061389,134.924456
10.968817,139.061389,134.925415
10.968880,139.061389,134.929502
10.968909,139.061389,134.930394
10.969014,139.061389,134.930548
10.969048,139.061389,110.784335
10.969074,139.061389,121.527473
10.969092,139.061389,123.949585
10.969117,139.061389,124.823571
10.969137,139.061389,130.112435
10.969155,139.061389,131.305011
10.969174,139.061389,131.782833
10.969197,139.061389,134.879027
10.969217,139.061389,134.930591
10.969260,139.061389,134.931715
10.969291,139.061389,134.931732
10.969320,139.061389,134.933704
10.969349,139.061389,134.937971
10.969373,139.061389,134.902577
10.969390,139.061389,134.941699
10.969653,139.061389,134.942988
10.969735,139.061389,129.260735
10.969763,139.061389,134.947330
10.969800,139.061389,134.948367
10.969857,139.061389,134.949134
10.969886,139.061389,114.281831
10.969911,139.061389,115.201676
10.969935,139.061389,127.006535
10.969952,139.061389,131.124815
10.969975,139.061389,134.950330
10.970001,139.061389,129.759422
10.970017,139.061389,134.951401
10.970040,139.061389,134.952691
10.970070,139.061389,134.952723
10.970090,139.061389,134.952947
10.970119,139.061389,134.955783
10.970155,139.061389,134.957749
10.970203,139.061389,134.962682
10.970222,139.061389,134.963727
10.970245,139.061389,134.963817
10.970327,139.061389,134.965119
10.970374,139.061389,131.283097
10.970393,139.061389,134.966791
10.970422,139.061389,134.968736
10.970453,139.061389,134.972457
10.970533,139.061389,134.974997
10.970555,139.061389,134.976038
10.970589,139.061389,134.977759
10.970621,139.061389,134.981240
10.970711,139.061389,134.987244
10.970750,139.061389,119.912520
10.970786,139.061389,134.054303
10.970813,139.061389,134.990791
10.970886,139.061389,134.993245
10.970912,139.061389,134.993376
10.970948,139.061389,134.993547
10.971004,139.061389,134.997129
10.971027,139.061389,134.997155
10.971062,139.061389,135.003359
10.971113,139.061389,135.004716
10.971159,139.061389,120.153554
10.971195,139.061389,121.990504
10.971225,139.061389,128.992831
10.971253,139.061389,130.645960
10.971284,139.061389,135.004716
10.971325,139.061389,120.153554
10.971358,139.061389,121.990504
10.971385,139.061389,128.992831
10.971408,139.061389,130.645960
10.971435,139.061389,135.004716
10.971462,139.061389,135.008266
10.971496,139.061389,135.009513
10.971641,139.061389,135.009720
10.971679,139.061389,120.702751
10.971713,139.061389,135.010018
10.971748,139.061389,135.011948
10.971780,139.061389,122.013768
10.971804,139.061389,135.013318
10.971842,139.061389,135.020930
10.971876,139.061389,135.024385
10.971901,139.061389,135.025625
10.971953,139.061389,116.804021
10.971987,139.061389,119.497887
10.972025,139.061389,119.903957
10.972059,139.061389,125.681548
10.972090,139.061389,125.759541
10.972118,139.061389,127.915061
10.972146,139.061389,131.681653
10.972175,139.061389,134.781589
10.972208,139.061389,135.027071
10.972251,139.061389,135.028085
10.972315,139.061389,135.028209
10.972342,139.061389,133.411375
10.972358,139.061389,135.029193
10.972382,139.061389,135.031938
10.972410,139.061389,135.034109
10.972496,139.061389,135.035467
10.972520,139.061389,135.037939
10.972605,139.061389,118.073090
10.972636,139.061389,128.021090
10.972664,139.061389,134.783970
10.972691,139.061389,135.039103
10.972715,139.061389,135.041971
10.972760,139.061389,135.044204
10.972796,139.061389,126.531039
10.972822,139.061389,128.793909
10.972841,139.061389,130.553311
10.972859,139.061389,135.045222
10.972911,139.061389,135.049290
10.972933,139.061389,135.051417
10.972959,139.061389,135.051818
10.972991,139.061389,135.054314
10.973029,139.061389,135.055853
10.973053,139.061389,135.056189
10.973080,139.061389,135.057577
10.973116,139.061389,135.058749
10.973200,139.061389,127.872738
10.973218,139.061389,135.058905
10.973283,139.061389,135.059231
10.973327,139.061389,135.062676
10.973355,139.061389,135.063055
10.973387,139.061389,135.063117
10.973427,139.061389,135.063843
10.973501,139.061389,121.100223
10.973533,139.061389,130.511189
10.973570,139.061389,135.066328
10.973606,139.061389,135.069967
10.973646,139.061389,135.070057
10.973684,139.061389,135.079709
10.973710,139.061389,135.081240
10.973758,139.061389,135.084858
10.973787,139.061389,116.742259
10.973808,139.061389,131.148254
10.973824,139.061389,135.086207
10.973859,139.061389,135.088495
10.973889,139.061389,135.088553
10.974030,139.061389,126.655682
10.974048,139.061389,135.088553
10.974083,139.061389,135.090255
10.974114,139.061389,135.093465
10.974142,139.061389,135.094805
10.974172,139.061389,135.098532
10.974213,139.061389,135.099587
10.974249,139.061389,135.102188
10.974286,139.061389,135.104623
10.974320,139.061389,135.105849
10.974397,139.061389,135.108847
10.974431,139.061389,135.111426
10.974461,139.061389,135.112019
10.974526,139.061389,135.112042
10.974562,139.061389,135.113177
10.974619,139.061389,135.113323
10.974680,139.061389,135.115726
10.974712,139.061389,135.116905
10.974749,139.061389,135.117003
10.974772,139.061389,135.119363
10.974804,139.061389,135.119427
10.974891,139.061389,135.120724
10.974931,139.061389,111.992802
10.974965,139.061389,132.148190
10.974992,139.061389,135.124395
10.975016,139.061389,115.559586
10.975036,139.061389,128.763102
10.975052,139.061389,135.130616
10.975085,139.061389,135.134095
10.975206,139.061389,135.134261
10.975256,139.061389,132.245969
10.975271,139.061389,135.135514
10.975296,139.061389,135.137955
10.975432,139.061389,135.138143
10.975465,139.061389,135.141405
10.975533,139.061389,135.153897
10.975568,139.061389,135.153920
10.975603,139.061389,135.155614
10.975619,139.061389,135.158082
10.975651,139.061389,135.158303
10.975687,139.061389,135.162627
10.975720,139.061389,135.162910
10.975751,139.061389,135.168825
10.975837,139.061389,135.171285
10.975874,139.061389,135.171759
10.975903,139.061389,135.172327
10.975938,139.061389,135.178644
10.975961,139.061389,135.178687
10.975998,139.061389,135.180161
10.976038,139.061389,115.041087
10.976057,139.061389,130.945967
10.976072,139.061389,132.544776
10.976093,139.061389,135.180382
10.976131,139.061389,135.182886
10.976164,139.061389,135.184883
10.976184,139.061389,135.186063
10.976219,139.061389,135.187308
10.976305,139.061389,115.444712
10.976400,139.061389,127.244575
10.976430,139.061389,127.863149
10.976455,139.061389,134.686399
10.976484,139.061389,135.193577
10.976516,139.061389,135.197139
10.976555,139.061389,117.616258
10.976586,139.061389,130.875330
10.976614,139.061389,133.956770
10.976640,139.061389,135.198419
10.976661,139.061389,135.203133
10.976711,139.061389,135.204611
10.976732,139.061389,135.204903
10.976763,139.061389,135.206178
10.976798,139.061389,135.211102
10.976819,139.061389,135.211315
10.976854,139.061389,135.212009
10.976923,139.061389,117.921250
10.976961,139.061389,126.449506
10.976988,139.061389,135.064226
10.977006,139.061389,135.213382
10.977041,139.061389,135.213429
10.977071,139.061389,135.213535
10.977107,139.061389,135.213538
10.977137,139.061389,135.213580
10.977167,139.061389,135.218079
10.977237,139.061389,135.218823
10.977260,139.061389,135.219369
10.977365,139.061389,135.222383
10.977397,139.061389,135.222402
10.977432,139.061389,135.224287
10.977467,139.061389,117.104104
10.977505,139.061389,123.161890
10.977534,139.061389,124.136002
10.977554,139.061389,125.120002
10.977590,139.061389,135.230601
10.977674,139.061389,125.933538
10.977701,139.061389,135.232809
10.977751,139.061389,135.234156
10.977849,139.061389,125.701416
10.977878,139.061389,129.517247
10.977910,139.061389,135.234156
10.977939,139.061389,135.236649
10.977976,139.061389,135.237075
10.978005,139.061389,135.239300
10.978045,139.061389,135.240288
10.978084,139.061389,135.240372
10.978114,139.061389,135.242906
10.978239,139.061389,135.242953
10.978274,139.061389,122.322259
10.978300,139.061389,123.217378
10.978327,139.061389,127.008738
10.978354,139.061389,135.243166
10.978385,139.061389,135.244498
10.978422,139.061389,135.247747
10.978457,139.061389,135.247795
10.978530,139.061389,135.247860
10.978553,139.061389,135.255241
10.978587,139.061389,135.258191
10.978605,139.061389,135.260278
10.978649,139.061389,126.879378
10.978679,139.061389,129.473138
10.978716,139.061389,135.261343
10.978739,139.061389,135.264893
10.978760,139.061389,135.265461
10.978783,139.061389,135.268168
10.978820,139.061389,135.276111
10.978853,139.061389,135.276200
10.978886,139.061389,135.279817
10.978915,139.061389,135.281438
10.978946,139.061389,135.284678
10.978991,139.061389,120.271682
10.979024,139.061389,131.079042
10.979053,139.061389,135.287436
10.979099,139.061389,120.459519
10.979134,139.061389,129.870485
10.979158,139.061389,135.287436
10.979219,139.061389,135.292127
10.979301,139.061389,135.292134
10.979402,139.061389,135.292329
10.979463,139.061389,111.400434
10.979503,139.061389,114.311426
10.979536,139.061389,116.767010
10.979567,139.061389,125.665634
10.979595,139.061389,125.696488
10.979626,139.061389,126.181570
10.979656,139.061389,128.152072
10.979688,139.061389,132.107458
10.979724,139.061389,132.428514
10.979748,139.061389,135.292329
10.979776,139.061389,135.292898
10.979818,139.061389,135.298329
10.979840,139.061389,135.305661
10.979863,139.061389,135.307001
10.979938,139.061389,135.307083
10.979965,139.061389,135.308636
10.979994,139.061389,135.309373
10.980096,139.061389,135.309519
10.980135,139.061389,123.884204
10.980175,139.061389,135.309519
10.980231,139.061389,135.314754
10.980271,139.061389,135.314882
10.980297,139.061389,135.319445
10.980318,139.061389,135.319606
10.980357,139.061389,124.160703
10.980380,139.061389,127.779119
10.980403,139.061389,129.632117
10.980432,139.061389,135.327262
10.980464,139.061389,135.328067
10.980484,139.061389,135.329347
10.980597,139.061389,135.334217
10.980654,139.061389,135.337022
10.980683,139.061389,135.337727
10.980708,139.061389,135.338370
10.980750,139.061389,135.338669
10.980784,139.061389,135.340393
10.980810,139.061389,135.346531
10.980962,139.061389,135.347172
10.980988,139.061389,135.349059
10.981052,139.061389,135.353855
10.981081,139.061389,135.364098
10.981122,139.061389,135.366829
10.981153,139.061389,135.367537
10.981196,139.061389,135.371655
10.981229,139.061389,135.373689
10.981385,139.061389,135.375358
10.981406,139.061389,135.383603
10.981426,139.061389,135.385548
10.981463,139.061389,135.386316
10.981518,139.061389,135.388789
10.981537,139.061389,135.389955
10.981573,139.061389,135.395939
10.981613,139.061389,135.396520
10.981649,139.061389,135.402296
10.981685,139.061389,132.276661
10.981703,139.061389,135.402296
10.981734,139.061389,132.276661
10.981761,139.061389,135.405629
10.981799,139.061389,135.407559
10.981831,139.061389,135.412354
10.981861,139.061389,135.413193
10.981943,139.061389,135.413506
10.981976,139.061389,135.414530
10.982004,139.061389,135.423017
10.982045,139.061389,135.425519
10.982072,139.061389,115.582924
10.982092,139.061389,132.683938
10.982124,139.061389,135.425519
10.982154,139.061389,135.425954
10.982193,139.061389,135.426079
10.982227,139.061389,135.426837
10.982249,139.061389,135.439162
10.982347,139.061389,135.441557
10.982390,139.061389,135.442159
10.982420,139.061389,135.442985
10.982452,139.061389,135.444003
10.982487,139.061389,135.450045
10.982511,139.061389,135.455055
10.982535,139.061389,135.455203
10.982575,139.061389,120.360840
10.982598,139.061389,133.788949
10.982616,139.061389,135.455592
10.982652,139.061389,135.456943
10.982683,139.061389,135.462560
10.982716,139.061389,135.462619
10.982738,139.061389,135.465001
10.982811,139.061389,135.466562
10.982841,139.061389,135.466943
10.982863,139.061389,135.470060
10.982908,139.061389,118.563240
10.982939,139.061389,127.926015
10.982969,139.061389,131.007455
10.982996,139.061389,135.476165
10.983016,139.061389,135.477321
10.983066,139.061389,135.479219
10.983100,139.061389,135.483664
10.983121,139.061389,135.483791
10.983158,139.061389,135.483829
10.983197,139.061389,135.487284
10.983220,139.061389,135.488556
10.983260,139.061389,135.488862
10.983289,139.061389,135.491716
10.983321,139.061389,135.492145
10.983346,139.061389,135.494639
10.983401,139.061389,135.497225
10.983469,139.061389,135.502211
10.983512,139.061389,118.144799
10.983545,139.061389,130.392652
10.983572,139.061389,134.400012
10.983597,139.061389,135.507635
10.983632,139.061389,135.508839
10.983673,139.061389,135.509639
10.983702,139.061389,135.510746
10.983723,139.061389,135.513209
10.983771,139.061389,135.515657
10.983794,139.061389,135.516106
10.983825,139.061389,135.518595
10.983861,139.061389,135.519449
10.983900,139.061389,129.032236
10.983927,139.061389,135.529169
10.983947,139.061389,135.529347
10.984083,139.061389,135.530627
10.984125,139.061389,120.774325
10.984155,139.061389,131.563268
10.984181,139.061389,135.530818
10.984213,139.061389,135.531663
10.984235,139.061389,135.531715
10.984302,139.061389,135.531722
10.984336,139.061389,135.531793
10.984414,139.061389,135.532044
10.984455,139.061389,135.532260
10.984481,139.061389,135.537891
10.984516,139.061389,135.542863
10.984550,139.061389,135.543185
10.984587,139.061389,135.543185
10.984618,139.061389,135.544121
10.984654,139.061389,135.550179
10.984690,139.061389,135.551540
10.984713,139.061389,135.552585
10.984739,139.061389,135.552734
10.984771,139.061389,135.552963
10.984818,139.061389,135.553833
10.984864,139.061389,135.554094
10.984913,139.061389,135.555226
10.985003,139.061389,103.529875
10.985045,139.061389,109.750867
10.985082,139.061389,114.332275
10.985117,139.061389,117.842075
10.985148,139.061389,124.306329
10.985178,139.061389,124.337051
10.985212,139.061389,130.339451
10.985243,139.061389,132.835806
10.985272,139.061389,133.328382
10.985303,139.061389,135.555970
10.985333,139.061389,135.560101
10.985364,139.061389,135.561407
10.985398,139.061389,101.834824
10.985429,139.061389,120.793922
10.985460,139.061389,122.174082
10.985489,139.061389,125.433310
10.985511,139.061389,133.338133
10.985541,139.061389,135.561772
10.985575,139.061389,135.562595
10.985611,139.061389,135.562914
10.985679,139.061389,135.562988
10.985709,139.061389,135.564429
10.985750,139.061389,135.566308
10.985780,139.061389,115.107532
10.985798,139.061389,135.566308
10.985820,139.061389,135.568961
10.985868,139.061389,111.211295
10.985901,139.061389,112.926143
10.985932,139.061389,125.670357
10.985960,139.061389,131.781429
10.985994,139.061389,132.914865
10.986021,139.061389,135.569165
10.986053,139.061389,135.570334
10.986081,139.061389,135.570696
10.986121,139.061389,135.576636
10.986155,139.061389,135.577439
10.986215,139.061389,135.577903
10.986240,139.061389,135.581171
10.986284,139.061389,128.553327
10.986317,139.061389,131.368301
10.986347,139.061389,135.582417
10.986381,139.061389,135.582451
10.986461,139.061389,132.005105
10.986479,139.061389,135.587183
10.986515,139.061389,135.587480
10.986573,139.061389,135.590813
10.986606,139.061389,135.592083
10.986638,139.061389,135.597065
10.986662,139.061389,135.600767
10.986685,139.061389,135.602211
10.986714,139.061389,135.603369
10.986738,139.061389,116.112610
10.986759,139.061389,128.840866
10.986777,139.061389,134.079187
10.986806,139.061389,135.605850
10.986839,139.061389,135.605967
10.986872,139.061389,135.607306
10.986903,139.061389,135.607487
10.986931,139.061389,135.608135
10.986957,139.061389,135.612499
10.986989,139.061389,135.613791
10.987021,139.061389,135.614572
10.987133,139.061389,122.201407
10.987170,139.061389,124.464277
10.987201,139.061389,135.615852
10.987232,139.061389,135.616952
10.987311,139.061389,135.617112
10.987331,139.061389,135.620675
10.987367,139.061389,126.166943
10.987388,139.061389,133.107541
10.987404,139.061389,135.620675
10.987436,139.061389,126.166943
10.987456,139.061389,133.107541
10.987473,139.061389,135.620675
10.987498,139.061389,126.166943
10.987520,139.061389,133.107541
10.987537,139.061389,135.620747
10.987584,139.061389,135.621996
10.987625,139.061389,129.382636
10.987652,139.061389,135.623394
10.987695,139.061389,135.623752
10.987764,139.061389,135.624657
10.987792,139.061389,135.625918
10.987827,139.061389,135.626157
10.987857,139.061389,135.628418
10.987885,139.061389,135.631753
10.987924,139.061389,123.493986
10.987953,139.061389,135.631753
10.987985,139.061389,135.632901
10.988049,139.061389,135.634111
10.988071,139.061389,135.641695
10.988107,139.061389,129.013598
10.988131,139.061389,135.642735
10.988159,139.061389,135.642905
10.988190,139.061389,135.643298
10.988224,139.061389,135.645305
10.988303,139.061389,135.645365
10.988323,139.061389,135.647886
10.988352,139.061389,135.650175
10.988377,139.061389,135.651117
10.988451,139.061389,135.651497
10.988532,139.061389,135.652623
10.988563,139.061389,135.653218
10.988595,139.061389,135.656879
10.988627,139.061389,135.661343
10.988651,139.061389,135.666466
10.988687,139.061389,135.666784
10.988716,139.061389,135.667711
10.988748,139.061389,135.669929
10.988846,139.061389,135.670057
10.988890,139.061389,135.678655
10.988933,139.061389,135.679709
10.989008,139.061389,135.679823
10.989131,139.061389,135.680286
10.989164,139.061389,135.683389
10.989197,139.061389,135.688611
10.989226,139.061389,135.696117
10.989255,139.061389,135.697146
10.989287,139.061389,135.701923
10.989331,139.061389,135.702105
10.989408,139.061389,135.704585
10.989457,139.061389,102.382946
10.989499,139.061389,109.866751
10.989539,139.061389,116.938408
10.989574,139.061389,119.871778
10.989608,139.061389,122.080354
10.989635,139.061389,125.330978
10.989668,139.061389,129.664354
10.989694,139.061389,131.039455
10.989725,139.061389,134.261727
10.989750,139.061389,135.704585
10.989777,139.061389,135.707057
10.989841,139.061389,135.708141
10.989867,139.061389,135.712019
10.989985,139.061389,135.714946
10.990016,139.061389,135.715812
10.990053,139.061389,135.725635
10.990094,139.061389,135.728275
10.990123,139.061389,135.730584
10.990156,139.061389,135.736585
10.990312,139.061389,135.739524
10.990347,139.061389,135.740378
10.990368,139.061389,135.749474
10.990390,139.061389,135.752745
10.990426,139.061389,113.138620
10.990464,139.061389,115.375586
10.990498,139.061389,116.808866
10.990537,139.061389,122.197570
10.990567,139.061389,124.334738
10.990594,139.061389,126.397512
10.990624,139.061389,126.968002
10.990649,139.061389,129.123522
10.990673,139.061389,131.953032
10.990700,139.061389,133.493794
10.990730,139.061389,135.623458
10.990754,139.061389,135.755711
10.990803,139.061389,135.757624
10.990839,139.061389,135.758015
10.990866,139.061389,135.758650
10.990895,139.061389,135.767903
10.990935,139.061389,135.770850
10.990965,139.061389,135.776510
10.990991,139.061389,135.776638
10.991019,139.061389,135.784063
10.991040,139.061389,135.785352
10.991072,139.061389,135.787646
10.991103,139.061389,135.787695
10.991127,139.061389,135.788637
10.991162,139.061389,118.825986
10.991193,139.061389,134.077811
10.991218,139.061389,135.796954
10.991238,139.061389,135.797205
10.991259,139.061389,135.797425
10.991283,139.061389,135.797666
10.991320,139.061389,135.803347
10.991365,139.061389,135.804579
10.991399,139.061389,131.643285
10.991415,139.061389,135.804585
10.991451,139.061389,135.809762
10.991485,139.061389,135.813183
10.991508,139.061389,135.814399
10.991545,139.061389,98.291522
10.991574,139.061389,107.003701
10.991598,139.061389,117.549301
10.991623,139.061389,118.593794
10.991644,139.061389,119.912226
10.991663,139.061389,127.288898
10.991683,139.061389,130.582626
10.991701,139.061389,133.934284
10.991721,139.061389,135.816895
10.991825,139.061389,135.816931
10.991857,139.061389,135.821865
10.991895,139.061389,135.822498
10.991927,139.061389,135.823209
10.991959,139.061389,135.827185
10.991987,139.061389,135.830833
10.992017,139.061389,135.835359
10.992042,139.061389,135.835369
10.992065,139.061389,135.840403
10.992106,139.061389,117.826178
10.992139,139.061389,126.985250
10.992168,139.061389,130.066690
10.992196,139.061389,135.843326
10.992227,139.061389,135.849060
10.992250,139.061389,135.849077
10.992285,139.061389,135.851461
10.992377,139.061389,135.852851
10.992475,139.061389,135.853945
10.992501,139.061389,135.855241
10.992537,139.061389,135.862473
10.992573,139.061389,135.866243
10.992613,139.061389,135.868910
10.992658,139.061389,135.870498
10.992691,139.061389,135.872819
10.992711,139.061389,135.880403
10.992741,139.061389,135.880685
10.992770,139.061389,135.883657
10.992854,139.061389,123.643394
10.992880,139.061389,135.887774
10.992895,139.061389,135.888447
10.992917,139.061389,135.889647
10.992938,139.061389,135.889737
10.992975,139.061389,135.891018
10.993007,139.061389,135.891274
10.993033,139.061389,135.894493
10.993061,139.061389,135.894515
10.993099,139.061389,126.504802
10.993129,139.061389,135.894851
10.993158,139.061389,135.895923
10.993215,139.061389,135.897702
10.993274,139.061389,135.898377
10.993399,139.061389,135.898769
10.993432,139.061389,135.898782
10.993462,139.061389,135.904569
10.993497,139.061389,135.907535
10.993527,139.061389,135.909414
10.993591,139.061389,135.911432
10.993624,139.061389,135.913631
10.993659,139.061389,135.918316
10.993690,139.061389,135.923075
10.993721,139.061389,135.926867
10.993766,139.061389,116.266978
10.993798,139.061389,125.222498
10.993828,139.061389,127.828482
10.993855,139.061389,135.926959
10.993888,139.061389,132.922287
10.993917,139.061389,135.929347
10.994181,139.061389,135.930636
10.994225,139.061389,123.096754
10.994262,139.061389,125.242344
10.994292,139.061389,132.553311
10.994317,139.061389,133.897800
10.994347,139.061389,135.930636
10.994388,139.061389,123.096754
10.994420,139.061389,125.242344
10.994448,139.061389,132.553311
10.994470,139.061389,133.897800
10.994497,139.061389,135.932072
10.994516,139.061389,135.935433
10.994549,139.061389,135.935682
10.994583,139.061389,135.938001
10.994661,139.061389,135.943166
10.994690,139.061389,135.944552
10.994727,139.061389,135.953205
10.994761,139.061389,135.953837
10.994798,139.061389,135.956393
10.994902,139.061389,122.668178
10.994939,139.061389,123.405154
10.994967,139.061389,126.505090
10.995000,139.061389,132.819714
10.995027,139.061389,134.790216
10.995054,139.061389,135.956393
10.995083,139.061389,135.957707
10.995120,139.061389,111.492898
10.995140,139.061389,132.396414
10.995154,139.061389,135.958193
10.995189,139.061389,135.958825
10.995225,139.061389,135.959023
10.995270,139.061389,115.818892
10.995289,139.061389,129.368077
10.995323,139.061389,135.719821
10.995357,139.061389,135.835823
10.995376,139.061389,135.960029
10.995425,139.061389,135.961662
10.995457,139.061389,135.971533
10.995483,139.061389,135.972383
10.995505,139.061389,135.972558
10.995530,139.061389,130.479295
10.995546,139.061389,135.973814
10.995584,139.061389,121.738610
10.995615,139.061389,131.229663
10.995645,139.061389,134.311103
10.995673,139.061389,135.978649
10.995987,139.061389,135.982814
10.996017,139.061389,135.988596
10.996043,139.061389,135.990915
10.996071,139.061389,120.003710
10.996090,139.061389,135.404894
10.996104,139.061389,135.992207
10.996134,139.061389,127.227029
10.996163,139.061389,133.473973
10.996184,139.061389,135.992355
10.996215,139.061389,135.994705
10.996244,139.061389,135.995042
10.996277,139.061389,135.995887
10.996298,139.061389,135.999581
10.996335,139.061389,136.000991
10.996369,139.061389,136.005075
10.996387,139.061389,136.005629
10.996414,139.061389,136.007390
10.996445,139.061389,136.010901
10.996476,139.061389,136.012403
10.996514,139.061389,136.013193
10.996613,139.061389,136.014473
10.996648,139.061389,127.581602
10.996665,139.061389,136.015882
10.996696,139.061389,136.016360
10.996735,139.061389,136.018658
10.996768,139.061389,136.021124
10.996803,139.061389,136.023473
10.996834,139.061389,136.028146
10.996861,139.061389,136.034275
10.996893,139.061389,131.420031
10.996909,139.061389,136.035566
10.997036,139.061389,136.036780
10.997071,139.061389,136.039097
10.997154,139.061389,136.039129
10.997209,139.061389,136.041932
10.997231,139.061389,136.042923
10.997292,139.061389,136.045363
10.997449,139.061389,136.047880
10.997481,139.061389,136.050217
10.997501,139.061389,136.050223
10.997536,139.061389,129.443422
10.997560,139.061389,136.052735
10.997621,139.061389,136.053064
10.997649,139.061389,136.054242
10.997685,139.061389,136.056536
10.997714,139.061389,136.057615
10.997748,139.061389,136.057699
10.997773,139.061389,133.680479
10.997790,139.061389,136.058242
10.997824,139.061389,136.058837
10.997864,139.061389,136.063875
10.997893,139.061389,136.068729
10.997914,139.061389,136.079817
10.997972,139.061389,136.081087
10.998013,139.061389,136.082281
10.998037,139.061389,129.866786
10.998053,139.061389,136.083485
10.998204,139.061389,136.083964
10.998238,139.061389,136.084885
10.998263,139.061389,136.085267
10.998289,139.061389,136.085907
10.998327,139.061389,125.175234
10.998355,139.061389,135.982594
10.998371,139.061389,136.087358
10.998429,139.061389,136.088547
10.998457,139.061389,136.090399
10.998493,139.061389,136.091345
10.998522,139.061389,136.097205
10.998548,139.061389,136.098577
10.998583,139.061389,129.799181
10.998610,139.061389,136.105827
10.998638,139.061389,136.106985
10.998658,139.061389,136.109480
10.998701,139.061389,129.395268
10.998717,139.061389,136.111038
10.998744,139.061389,136.115027
10.998772,139.061389,136.115089
10.998789,139.061389,136.116879
10.998903,139.061389,136.118244
10.998951,139.061389,120.975532
10.998967,139.061389,136.119729
10.998996,139.061389,136.123284
10.999024,139.061389,136.124339
10.999043,139.061389,136.126815
10.999360,139.061389,136.129243
10.999381,139.061389,136.130531
10.999399,139.061389,136.131944
10.999427,139.061389,136.137939
10.999464,139.061389,136.139021
10.999577,139.061389,136.140936
10.999611,139.061389,136.141405
10.999715,139.061389,136.142707
10.999743,139.061389,136.145289
10.999841,139.061389,136.156553
10.999881,139.061389,136.157673
10.999964,139.061389,136.157731
10.999993,139.061389,136.157742
11.000013,139.061389,136.159347
11.000043,139.061389,136.160533
11.000078,139.061389,136.160565
11.000109,139.061389,136.162636
11.000172,139.061389,136.162929
11.000190,139.061389,136.163864
11.000221,139.061389,136.165606
11.000248,139.061389,136.167507
11.000323,139.061389,136.170415
11.000353,139.061389,136.173780
11.000373,139.061389,136.174018
11.000415,139.061389,136.174312
11.000516,139.061389,136.177359
11.000540,139.061389,136.181205
11.000568,139.061389,136.183619
11.000590,139.061389,136.187263
11.000617,139.061389,136.187807
11.000660,139.061389,136.188453
11.000692,139.061389,136.190813
11.000712,139.061389,136.191005
11.000753,139.061389,136.196078
11.000801,139.061389,108.528799
11.000836,139.061389,118.891637
11.000865,139.061389,125.654517
11.000882,139.061389,134.796518
11.000906,139.061389,136.024959
11.000938,139.061389,136.196430
11.000971,139.061389,136.201154
11.001003,139.061389,136.202108
11.001023,139.061389,136.203133
11.001072,139.061389,136.205737
11.001099,139.061389,136.211082
11.001129,139.061389,136.214441
11.001179,139.061389,136.215637
11.001277,139.061389,136.221421
11.001298,139.061389,136.223445
11.001335,139.061389,136.225415
11.001394,139.061389,136.226133
11.001429,139.061389,136.230554
11.001546,139.061389,136.230636
11.001631,139.061389,124.142344
11.001662,139.061389,132.153311
11.001687,139.061389,136.230974
11.001707,139.061389,136.235439
11.001748,139.061389,127.444684
11.001774,139.061389,136.237955
11.001863,139.061389,133.845781
11.001879,139.061389,136.237955
11.001909,139.061389,133.845781
11.001925,139.061389,136.237955
11.001957,139.061389,133.845781
11.001973,139.061389,136.243347
11.002005,139.061389,136.248367
11.002024,139.061389,136.253987
11.002041,139.061389,136.255267
11.002072,139.061389,136.265123
11.002089,139.061389,136.265218
11.002120,139.061389,136.266481
11.002162,139.061389,136.270498
11.002194,139.061389,136.271407
11.002237,139.061389,124.905356
11.002253,139.061389,127.645901
11.002286,139.061389,133.805007
11.002336,139.061389,136.272451
11.002368,139.061389,136.272499
11.002404,139.061389,131.702530
11.002431,139.061389,136.279887
11.002469,139.061389,136.282576
11.002498,139.061389,136.282739
11.002529,139.061389,136.284002
11.002561,139.061389,136.284021
11.002599,139.061389,136.286084
11.002620,139.061389,136.286829
11.002651,139.061389,136.290749
11.002675,139.061389,136.291011
11.002705,139.061389,136.293457
11.002732,139.061389,136.295111
11.002768,139.061389,136.297103
11.002812,139.061389,136.297480
11.002850,139.061389,136.299609
11.002878,139.061389,136.301278
11.002896,139.061389,136.303428
11.002915,139.061389,136.304675
11.002997,139.061389,124.216383
11.003026,139.061389,132.227349
11.003048,139.061389,136.304944
11.003074,139.061389,136.305749
11.003090,139.061389,136.309523
11.003107,139.061389,136.312685
11.003137,139.061389,136.314423
11.003169,139.061389,136.316365
11.003253,139.061389,136.317427
11.003279,139.061389,136.318313
11.003378,139.061389,117.280546
11.003409,139.061389,125.808802
11.003433,139.061389,134.423522
11.003449,139.061389,136.318313
11.003526,139.061389,117.280546
11.003555,139.061389,125.808802
11.003578,139.061389,134.423522
11.003602,139.061389,136.321859
11.003632,139.061389,136.324283
11.003653,139.061389,136.325411
11.003687,139.061389,136.328209
11.003718,139.061389,136.329193
11.003737,139.061389,136.329837
11.003755,139.061389,136.331763
11.003829,139.061389,136.333150
11.003856,139.061389,136.338227
11.003885,139.061389,136.339113
11.003951,139.061389,114.048354
11.003982,139.061389,121.876610
11.004008,139.061389,132.039330
11.004024,139.061389,136.340808
11.004058,139.061389,136.344233
11.004094,139.061389,124.438242
11.004120,139.061389,136.348937
11.004172,139.061389,136.351986
11.004204,139.061389,136.353058
11.004232,139.061389,136.355601
11.004261,139.061389,136.356520
11.004293,139.061389,136.360204
11.004336,139.061389,131.842079
11.004364,139.061389,136.363779
11.004394,139.061389,136.365082
11.004421,139.061389,136.366784
11.004449,139.061389,136.367497
11.004493,139.061389,136.367650
11.004523,139.061389,136.368655
11.004543,139.061389,136.372447
11.004562,139.061389,136.374947
11.004595,139.061389,136.376073
11.004615,139.061389,136.378858
11.004629,139.061389,136.386664
11.004700,139.061389,136.386724
11.004728,139.061389,136.387301
11.004803,139.061389,136.388480
11.004831,139.061389,136.388539
11.004854,139.061389,136.392593
11.004885,139.061389,136.397151
11.004929,139.061389,136.401194
11.004949,139.061389,136.402289
11.005068,139.061389,136.404926
11.005097,139.061389,136.405105
11.005115,139.061389,136.409465
11.005135,139.061389,136.409711
11.005174,139.061389,133.078029
11.005206,139.061389,136.409730
11.005225,139.061389,136.410744
11.005300,139.061389,136.411110
11.005331,139.061389,136.411303
11.005355,139.061389,136.414532
11.005391,139.061389,136.414959
11.005419,139.061389,136.418065
11.005440,139.061389,136.418313
11.005478,139.061389,136.419568
11.005509,139.061389,136.421865
11.005545,139.061389,136.423139
11.005623,139.061389,136.423145
11.005660,139.061389,132.208642
11.005674,139.061389,136.423145
11.005701,139.061389,136.423490
11.005732,139.061389,136.424297
11.005755,139.061389,123.785378
11.005779,139.061389,130.975362
11.005795,139.061389,136.428131
11.005832,139.061389,121.396639
11.005860,139.061389,134.261772
11.005883,139.061389,136.437150
11.005901,139.061389,136.439129
11.005962,139.061389,136.440766
11.005990,139.061389,136.441922
11.006009,139.061389,136.444140
11.006039,139.061389,136.450045
11.006059,139.061389,136.450217
11.006080,139.061389,125.239522
11.006094,139.061389,136.450307
11.006111,139.061389,136.451347
11.006130,139.061389,136.455267
11.006152,139.061389,130.612533
11.006167,139.061389,130.942349
11.006190,139.061389,136.456789
11.006226,139.061389,136.457683
11.006255,139.061389,136.458047
11.006273,139.061389,136.459503
11.006302,139.061389,136.461295
11.006322,139.061389,136.461674
11.006350,139.061389,136.471225
11.006390,139.061389,131.282933
11.006404,139.061389,136.471591
11.006429,139.061389,136.472327
11.006506,139.061389,136.472863
11.006538,139.061389,136.474848
11.006567,139.061389,136.475426
11.006597,139.061389,136.477839
11.006620,139.061389,136.479805
11.006691,139.061389,136.479930
11.006763,139.061389,136.479976
11.006793,139.061389,136.481256
11.006821,139.061389,136.482355
11.006856,139.061389,136.486232
11.006992,139.061389,113.354655
11.007010,139.061389,121.891631
11.007022,139.061389,130.798975
11.007049,139.061389,136.486232
11.007069,139.061389,113.354655
11.007087,139.061389,121.891631
11.007099,139.061389,130.798975
11.007121,139.061389,136.490191
11.007148,139.061389,136.491089
11.007202,139.061389,136.491509
11.007226,139.061389,136.492165
11.007241,139.061389,136.492446
11.007270,139.061389,136.492738
11.007299,139.061389,136.492815
11.007316,139.061389,136.494745
11.007395,139.061389,125.870645
11.007428,139.061389,136.494910
11.007445,139.061389,136.496397
11.007470,139.061389,136.500889
11.007530,139.061389,136.504990
11.007558,139.061389,136.507043
11.007605,139.061389,119.211359
11.007635,139.061389,123.977951
11.007666,139.061389,124.003976
11.007701,139.061389,129.092799
11.007727,139.061389,130.681461
11.007754,139.061389,132.174239
11.007771,139.061389,136.507454
11.007793,139.061389,136.508371
11.007833,139.061389,128.829922
11.007860,139.061389,136.512487
11.007885,139.061389,136.519682
11.007921,139.061389,136.523423
11.007940,139.061389,136.524440
11.007971,139.061389,136.526050
11.008000,139.061389,136.527251
11.008024,139.061389,136.530946
11.008057,139.061389,136.536445
11.008076,139.061389,136.537058
11.008105,139.061389,136.537661
11.008125,139.061389,136.538449
11.008141,139.061389,136.542067
11.008171,139.061389,136.544309
11.008208,139.061389,136.545642
11.008226,139.061389,136.547727
11.008245,139.061389,136.548949
11.008263,139.061389,136.553984
11.008292,139.061389,136.554005
11.008315,139.061389,128.376943
11.008333,139.061389,135.908913
11.008345,139.061389,136.554005
11.008363,139.061389,136.557631
11.008383,139.061389,136.561777
11.008409,139.061389,136.563945
11.008443,139.061389,127.490338
11.008469,139.061389,136.568623
11.008523,139.061389,136.570092
11.008565,139.061389,119.478088
11.008595,139.061389,133.311231
11.008620,139.061389,136.392671
11.008643,139.061389,136.570415
11.008664,139.061389,136.571539
11.008699,139.061389,136.573806
11.008722,139.061389,131.609939
11.008734,139.061389,136.574210
11.008767,139.061389,136.575022
11.008790,139.061389,126.549703
11.008810,139.061389,136.578942
11.008839,139.061389,136.579925
11.008855,139.061389,136.583619
11.008923,139.061389,135.177845
11.008947,139.061389,136.583619
11.008974,139.061389,136.585250
11.008990,139.061389,136.587183
11.009021,139.061389,136.588485
11.009036,139.061389,136.593557
11.009060,139.061389,136.595849
11.009180,139.061389,136.595977
11.009214,139.061389,129.334690
11.009239,139.061389,136.598769
11.009269,139.061389,136.600085
11.009298,139.061389,136.603249
11.009356,139.061389,136.605292
11.009381,139.061389,136.606997
11.009397,139.061389,136.611102
11.009426,139.061389,136.614910
11.009453,139.061389,136.618463
11.009481,139.061389,136.623066
11.009508,139.061389,136.624323
11.009547,139.061389,136.626890
11.009562,139.061389,136.627843
11.009619,139.061389,136.628025
11.009717,139.061389,136.630467
11.009745,139.061389,136.635401
11.009818,139.061389,127.338338
11.009841,139.061389,136.636688
11.009872,139.061389,136.637939
11.009951,139.061389,136.644691
11.009977,139.061389,136.645997
11.010003,139.061389,136.648156
11.010027,139.061389,136.649151
11.010058,139.061389,107.422568
11.010083,139.061389,123.415138
11.010105,139.061389,125.227394
11.010122,139.061389,127.374338
11.010136,139.061389,132.079219
11.010157,139.061389,133.533439
11.010179,139.061389,135.716162
11.010198,139.061389,136.654035
11.010228,139.061389,136.655667
11.010254,139.061389,136.656409
11.010271,139.061389,136.656483
11.010309,139.061389,136.656630
11.010349,139.061389,113.325032
11.010383,139.061389,122.280552
11.010412,139.061389,124.596415
11.010439,139.061389,132.247071
11.010463,139.061389,135.328511
11.010483,139.061389,136.661941
11.010512,139.061389,136.662505
11.010563,139.061389,131.314786
11.010577,139.061389,136.663945
11.010613,139.061389,122.512418
11.010669,139.061389,136.664893
11.010743,139.061389,136.667539
11.010780,139.061389,136.668301
11.010794,139.061389,136.668735
11.010834,139.061389,136.670440
11.010867,139.061389,136.676342
11.010897,139.061389,133.406255
11.010918,139.061389,136.676548
11.010962,139.061389,136.682815
11.010990,139.061389,136.686463
11.011020,139.061389,136.687406
11.011088,139.061389,113.555829
11.011105,139.061389,122.092806
11.011117,139.061389,130.900255
11.011144,139.061389,136.688367
11.011249,139.061389,136.692387
11.011285,139.061389,117.626229
11.011315,139.061389,126.581749
11.011342,139.061389,128.737269
11.011368,139.061389,136.693772
11.011401,139.061389,136.697097
11.011435,139.061389,136.697127
11.011514,139.061389,132.229438
11.011541,139.061389,136.697129
11.011558,139.061389,136.697779
11.011576,139.061389,136.705827
11.011604,139.061389,136.707390
11.011632,139.061389,136.709624
11.011662,139.061389,136.710061
11.011689,139.061389,136.711367
11.011729,139.061389,136.713542
11.011756,139.061389,136.718195
11.011843,139.061389,136.719427
11.011898,139.061389,136.727407
11.011926,139.061389,136.729762
11.011958,139.061389,136.736607
11.011989,139.061389,136.739169
11.012020,139.061389,136.739278
11.012065,139.061389,136.740978
11.012090,139.061389,136.741919
11.012125,139.061389,136.741939
11.012151,139.061389,136.745363
11.012177,139.061389,136.746252
11.012192,139.061389,136.746333
11.012213,139.061389,136.747751
11.012258,139.061389,136.749598
11.012272,139.061389,136.750217
11.012292,139.061389,131.009922
11.012305,139.061389,136.750767
11.012321,139.061389,136.751923
11.012344,139.061389,136.754090
11.012370,139.061389,136.761279
11.012407,139.061389,136.761790
11.012431,139.061389,136.764286
11.012457,139.061389,136.765727
11.012486,139.061389,136.768130
11.012517,139.061389,136.771795
11.012530,139.061389,136.772483
11.012558,139.061389,136.772978
11.012583,139.061389,136.774980
11.012604,139.061389,131.432200
11.012615,139.061389,136.777255
11.012651,139.061389,132.693858
11.012664,139.061389,136.777381
11.012679,139.061389,136.778771
11.012707,139.061389,129.990605
11.012723,139.061389,136.560973
11.012734,139.061389,136.775852
11.012755,139.061389,136.778771
11.012773,139.061389,136.779183
11.012805,139.061389,136.781161
11.012832,139.061389,136.781365
11.012851,139.061389,136.783572
11.012902,139.061389,136.783671
11.012929,139.061389,136.784826
11.012959,139.061389,136.788457
11.012980,139.061389,136.792618
11.013006,139.061389,136.795061
11.013037,139.061389,136.795982
11.013059,139.061389,136.799825
11.013082,139.061389,136.800145
11.013110,139.061389,136.800175
11.013125,139.061389,136.802692
11.013149,139.061389,136.804874
11.013174,139.061389,136.806342
11.013189,139.061389,136.808250
11.013219,139.061389,136.813209
11.013466,139.061389,136.814458
11.013497,139.061389,136.815657
11.013534,139.061389,128.382786
11.013548,139.061389,136.815731
11.013587,139.061389,131.805167
11.013617,139.061389,134.311501
11.013643,139.061389,136.818172
11.013660,139.061389,136.818792
11.013704,139.061389,136.819263
11.013740,139.061389,136.825577
11.013778,139.061389,136.826837
11.013794,139.061389,136.830489
11.013843,139.061389,136.830531
11.013873,139.061389,136.832211
11.013890,139.061389,136.834604
11.013923,139.061389,136.834639
11.013949,139.061389,136.835327
11.013967,139.061389,136.835334
11.014030,139.061389,136.835481
11.014065,139.061389,136.838302
11.014095,139.061389,136.840682
11.014121,139.061389,136.841529
11.014138,139.061389,136.841884
11.014161,139.061389,136.855267
11.014297,139.061389,125.197928
11.014329,139.061389,126.890504
11.014363,139.061389,127.612533
11.014375,139.061389,136.855267
11.014412,139.061389,125.197928
11.014436,139.061389,126.890504
11.014463,139.061389,127.612533
11.014476,139.061389,136.855267
11.014537,139.061389,136.856499
11.014568,139.061389,134.258161
11.014589,139.061389,136.857577
11.014612,139.061389,136.857581
11.014639,139.061389,133.761570
11.014659,139.061389,136.858984
11.014718,139.061389,136.860496
11.014741,139.061389,136.861353
11.014776,139.061389,136.862509
11.014842,139.061389,136.863839
11.014875,139.061389,136.865080
11.014952,139.061389,136.868671
11.014989,139.061389,129.734562
11.015002,139.061389,136.869026
11.015019,139.061389,136.870594
11.015050,139.061389,136.871305
11.015077,139.061389,136.875054
11.015135,139.061389,136.879054
11.015173,139.061389,136.879757
11.015192,139.061389,136.879925
11.015240,139.061389,119.473325
11.015262,139.061389,130.610097
11.015278,139.061389,131.176847
11.015297,139.061389,134.686547
11.015308,139.061389,136.880927
11.015347,139.061389,130.604962
11.015361,139.061389,136.882465
11.015405,139.061389,136.885949
11.015423,139.061389,136.886387
11.015448,139.061389,136.890605
11.015462,139.061389,136.891011
11.015488,139.061389,136.895823
11.015517,139.061389,136.897062
11.015542,139.061389,136.901154
11.015575,139.061389,136.902143
11.015595,139.061389,136.904569
11.015643,139.061389,136.905855
11.015660,139.061389,136.906220
11.015685,139.061389,136.907583
11.015714,139.061389,136.909417
11.015743,139.061389,136.913242
11.015787,139.061389,112.876755
11.015826,139.061389,121.955611
11.015859,139.061389,127.958011
11.015891,139.061389,130.946942
11.015920,139.061389,134.822270
11.015944,139.061389,136.913666
11.015968,139.061389,136.914719
11.016001,139.061389,136.917613
11.016017,139.061389,136.921201
11.016032,139.061389,136.921960
11.016090,139.061389,136.925501
11.016142,139.061389,136.927399
11.016168,139.061389,136.928383
11.016196,139.061389,136.936782
11.016222,139.061389,136.939113
11.016279,139.061389,119.648354
11.016307,139.061389,128.176610
11.016329,139.061389,136.791330
11.016342,139.061389,136.942901
11.016365,139.061389,136.945420
11.016383,139.061389,136.946579
11.016410,139.061389,136.948241
11.016421,139.061389,136.949342
11.016452,139.061389,136.961486
11.016471,139.061389,125.290600
11.016488,139.061389,131.964543
11.016500,139.061389,136.966677
11.016527,139.061389,136.970434
11.016559,139.061389,136.971283
11.016630,139.061389,136.972588
11.016672,139.061389,126.314943
11.016705,139.061389,129.565461
11.016734,139.061389,136.975189
11.016768,139.061389,136.976143
11.016798,139.061389,132.916106
11.016812,139.061389,136.977484
11.016845,139.061389,123.137320
11.016873,139.061389,133.597663
11.016898,139.061389,136.978655
11.017077,139.061389,136.979845
11.017110,139.061389,136.983482
11.017124,139.061389,136.983535
11.017162,139.061389,136.984824
11.017201,139.061389,136.986541
11.017221,139.061389,136.992639
11.017257,139.061389,136.993245
11.017314,139.061389,136.993644
11.017349,139.061389,122.310312
11.017376,139.061389,128.818952
11.017398,139.061389,135.151957
11.017411,139.061389,136.999613
11.017455,139.061389,137.003385
11.017499,139.061389,137.003697
11.017526,139.061389,137.005964
11.017556,139.061389,137.006323
11.017579,139.061389,137.007007
11.017616,139.061389,137.009405
11.017664,139.061389,137.012085
11.017695,139.061389,137.012676
11.017722,139.061389,137.019603
11.017746,139.061389,137.019999
11.017760,139.061389,137.024167
11.017776,139.061389,137.025718
11.017816,139.061389,117.589298
11.017843,139.061389,124.812658
11.017882,139.061389,125.618898
11.017907,139.061389,126.848498
11.017929,139.061389,129.442258
11.017956,139.061389,137.030484
11.017990,139.061389,137.036782
11.018018,139.061389,137.037197
11.018043,139.061389,137.037907
11.018062,139.061389,137.038146
11.018090,139.061389,137.038193
11.018115,139.061389,137.040684
11.018140,139.061389,137.041855
11.018169,139.061389,137.042799
11.018193,139.061389,137.046537
11.018266,139.061389,137.046670
11.018335,139.061389,137.047809
11.018368,139.061389,137.047918
11.018399,139.061389,121.676789
11.018423,139.061389,137.049144
11.018460,139.061389,137.051806
11.018484,139.061389,137.052079
11.018520,139.061389,137.052735
11.018567,139.061389,137.053925
11.018677,139.061389,137.058088
11.018702,139.061389,137.060735
11.018736,139.061389,137.061309
11.018815,139.061389,137.061831
11.018835,139.061389,137.062974
11.018862,139.061389,137.063849
11.019034,139.061389,131.056866
11.019060,139.061389,137.064941
11.019110,139.061389,137.065169
11.019161,139.061389,137.066249
11.019178,139.061389,137.069919
11.019200,139.061389,137.071654
11.019222,139.061389,137.073713
11.019246,139.061389,137.076446
11.019268,139.061389,137.077916
11.019291,139.061389,137.078537
11.019310,139.061389,137.081523
11.019332,139.061389,137.082449
11.019345,139.061389,137.084729
11.019360,139.061389,137.084992
11.019379,139.061389,137.086041
11.019409,139.061389,137.092169
11.019441,139.061389,137.092195
11.019497,139.061389,137.092291
11.019542,139.061389,137.092310
11.019579,139.061389,120.473170
11.019604,139.061389,135.105064
11.019632,139.061389,136.060648
11.019654,139.061389,137.093401
11.019670,139.061389,137.094597
11.019698,139.061389,137.094739
11.019839,139.061389,137.100079
11.019864,139.061389,137.100831
11.019882,139.061389,137.100915
11.019912,139.061389,137.102431
11.019943,139.061389,137.104489
11.019959,139.061389,137.106129
11.019984,139.061389,137.107251
11.020024,139.061389,117.181826
11.020050,139.061389,130.132258
11.020072,139.061389,133.213698
11.020092,139.061389,137.113183
11.020107,139.061389,137.113251
11.020157,139.061389,137.113534
11.020179,139.061389,137.113663
11.020208,139.061389,137.114373
11.020262,139.061389,137.118229
11.020276,139.061389,137.118626
11.020302,139.061389,137.127375
11.020329,139.061389,137.129397
11.020357,139.061389,137.129767
11.020381,139.061389,137.133439
11.020409,139.061389,137.134498
11.020437,139.061389,137.136757
11.020461,139.061389,137.138066
11.020493,139.061389,137.139129
11.020547,139.061389,137.141037
11.020561,139.061389,137.141557
11.020574,139.061389,137.141597
11.020607,139.061389,137.142248
11.020640,139.061389,137.143138
11.020656,139.061389,137.143967
11.020680,139.061389,137.143974
11.020703,139.061389,137.144041
11.020842,139.061389,137.147957
11.020868,139.061389,137.149061
11.020901,139.061389,137.150572
11.020934,139.061389,137.150914
11.020961,139.061389,137.153036
11.020974,139.061389,137.154094
11.021005,139.061389,137.156474
11.021101,139.061389,137.156556
11.021129,139.061389,135.834751
11.021150,139.061389,137.158841
11.021169,139.061389,128.916319
11.021186,139.061389,136.927285
11.021197,139.061389,137.161359
11.021229,139.061389,137.161519
11.021255,139.061389,137.161987
11.021284,139.061389,137.168605
11.021389,139.061389,137.171265
11.021467,139.061389,137.171374
11.021499,139.061389,137.172561
11.021525,139.061389,137.175338
11.021545,139.061389,137.179135
11.021572,139.061389,137.188862
11.021597,139.061389,137.189567
11.021613,139.061389,137.192751
11.021637,139.061389,137.193465
11.021657,139.061389,137.199889
11.021684,139.061389,137.200019
11.021706,139.061389,137.203710
11.021731,139.061389,137.205807
11.021762,139.061389,137.207030
11.021794,139.061389,127.834632
11.021820,139.061389,137.160520
11.021844,139.061389,137.211138
11.021878,139.061389,137.216669
11.021915,139.061389,137.217194
11.021940,139.061389,137.217374
11.021970,139.061389,137.219519
11.022073,139.061389,108.692936
11.022106,139.061389,119.085506
11.022135,139.061389,120.897762
11.022160,139.061389,129.203807
11.022189,139.061389,133.079135
11.022211,139.061389,135.170466
11.022235,139.061389,136.149587
11.022252,139.061389,137.222335
11.022274,139.061389,137.223023
11.022329,139.061389,137.223091
11.022386,139.061389,137.223091
11.022397,139.061389,137.224323
11.022503,139.061389,135.118549
11.022525,139.061389,137.224323
11.022549,139.061389,137.229602
11.022576,139.061389,137.230447
11.022597,139.061389,137.230595
11.022623,139.061389,135.908789
11.022643,139.061389,137.231721
11.022755,139.061389,137.231763
11.022771,139.061389,137.233201
11.022792,139.061389,137.236677
11.022821,139.061389,137.238344
11.022835,139.061389,137.240962
11.022863,139.061389,137.242895
11.022938,139.061389,137.242915
11.022999,139.061389,137.244233
11.023031,139.061389,131.116162
11.023054,139.061389,137.244233
11.023082,139.061389,131.116162
11.023101,139.061389,137.247245
11.023116,139.061389,137.249033
11.023175,139.061389,137.249290
11.023203,139.061389,137.250266
11.023217,139.061389,137.252782
11.023237,139.061389,137.262473
11.023253,139.061389,137.262846
11.023278,139.061389,137.269150
11.023302,139.061389,137.274191
11.023324,139.061389,137.276529
11.023357,139.061389,137.277477
11.023389,139.061389,137.278677
11.023404,139.061389,137.280012
11.023428,139.061389,137.282481
11.023509,139.061389,137.288600
11.023568,139.061389,137.290229
11.023582,139.061389,137.292472
11.023625,139.061389,137.293417
11.023654,139.061389,124.619938
11.023668,139.061389,136.401182
11.023686,139.061389,137.295994
11.023698,139.061389,137.296812
11.023736,139.061389,137.304643
11.023767,139.061389,137.307306
11.023787,139.061389,137.312025
11.023821,139.061389,137.313766
11.023843,139.061389,137.316841
11.023860,139.061389,128.649634
11.023874,139.061389,137.318045
11.023938,139.061389,137.318195
11.023994,139.061389,137.318526
11.024020,139.061389,137.321954
11.024036,139.061389,137.323029
11.024062,139.061389,137.323071
11.024081,139.061389,137.323667
11.024100,139.061389,137.328386
11.024136,139.061389,137.329161
11.024156,139.061389,137.334695
11.024179,139.061389,137.338242
11.024207,139.061389,137.339582
11.024229,139.061389,137.340452
11.024252,139.061389,137.341545
11.024267,139.061389,137.341641
11.024296,139.061389,137.343985
11.024331,139.061389,137.344233
11.024361,139.061389,125.438242
11.024385,139.061389,137.346479
11.024408,139.061389,137.346584
11.024435,139.061389,137.347916
11.024515,139.061389,125.491615
11.024537,139.061389,137.349013
11.024552,139.061389,137.350217
11.024572,139.061389,137.350590
11.024597,139.061389,137.351465
11.024670,139.061389,137.351595
11.024705,139.061389,137.354051
11.024728,139.061389,137.355340
11.024765,139.061389,137.357745
11.024790,139.061389,137.362627
11.024845,139.061389,137.367689
11.024892,139.061389,137.370306
11.024917,139.061389,137.386530
11.024939,139.061389,137.389791
11.025002,139.061389,137.392233
11.025036,139.061389,137.393489
11.025077,139.061389,122.080367
11.025091,139.061389,127.203633
11.025108,139.061389,134.610993
11.025122,139.061389,136.493903
11.025131,139.061389,137.394852
11.025179,139.061389,118.021365
11.025209,139.061389,120.476949
11.025234,139.061389,130.387820
11.025257,139.061389,136.313708
11.025285,139.061389,137.395231
11.025344,139.061389,137.401346
11.025372,139.061389,137.403359
11.025392,139.061389,137.403380
11.025410,139.061389,137.404425
11.025427,139.061389,137.405673
11.025471,139.061389,137.405896
11.025498,139.061389,137.408275
11.025527,139.061389,133.518594
11.025539,139.061389,137.408767
11.025558,139.061389,137.409644
11.025585,139.061389,137.411834
11.025597,139.061389,137.414435
11.025651,139.061389,137.414458
11.025680,139.061389,137.418294
11.025715,139.061389,130.897615
11.025737,139.061389,133.600264
11.025773,139.061389,137.420632
11.025798,139.061389,137.426030
11.025848,139.061389,137.429717
11.025877,139.061389,137.430835
11.025914,139.061389,137.433142
11.025948,139.061389,122.070770
11.025975,139.061389,125.267090
11.026000,139.061389,132.292776
11.026023,139.061389,137.435481
11.026104,139.061389,137.440943
11.026115,139.061389,137.441000
11.026143,139.061389,137.443221
11.026168,139.061389,137.444373
11.026198,139.061389,137.446643
11.026283,139.061389,128.348589
11.026299,139.061389,136.955697
11.026313,139.061389,137.451637
11.026335,139.061389,137.451650
11.026359,139.061389,137.454090
11.026383,139.061389,137.457811
11.026403,139.061389,137.459399
11.026426,139.061389,137.461349
11.026438,139.061389,137.462509
11.026473,139.061389,137.463581
11.026564,139.061389,137.465091
11.026594,139.061389,137.467563
11.026614,139.061389,137.467689
11.026639,139.061389,137.467923
11.026661,139.061389,137.470003
11.026694,139.061389,137.471235
11.026722,139.061389,137.471699
11.026749,139.061389,137.472515
11.026820,139.061389,137.472819
11.026842,139.061389,137.475078
11.026873,139.061389,136.632387
11.026905,139.061389,137.475266
11.026932,139.061389,137.477359
11.026948,139.061389,137.478682
11.027001,139.061389,137.481260
11.027067,139.061389,122.449768
11.027093,139.061389,135.314901
11.027114,139.061389,137.481260
11.027178,139.061389,122.449768
11.027200,139.061389,135.314901
11.027217,139.061389,137.481260
11.027243,139.061389,136.014901
11.027265,139.061389,137.481260
11.027287,139.061389,136.014901
11.027337,139.061389,137.483903
11.027365,139.061389,137.484741
11.027378,139.061389,137.488585
11.027419,139.061389,118.037346
11.027448,139.061389,121.137282
11.027476,139.061389,127.451906
11.027503,139.061389,130.617410
11.027525,139.061389,133.698850
11.027549,139.061389,137.491082
11.027571,139.061389,137.494796
11.027636,139.061389,126.871839
11.027659,139.061389,137.501041
11.027689,139.061389,137.502335
11.027716,139.061389,137.509644
11.027743,139.061389,136.035857
11.027762,139.061389,137.509743
11.027786,139.061389,137.510744
11.027818,139.061389,137.514405
11.027831,139.061389,137.515923
11.027852,139.061389,137.516873
11.027910,139.061389,137.517410
11.027933,139.061389,137.518270
11.027961,139.061389,137.518289
11.027973,139.061389,137.521210
11.027994,139.061389,137.524702
11.028039,139.061389,137.524774
11.028052,139.061389,137.527175
11.028074,139.061389,137.529169
11.028149,139.061389,137.530495
11.028163,139.061389,137.531663
11.028200,139.061389,137.534169
11.028235,139.061389,137.539087
11.028287,139.061389,137.541704
11.028333,139.061389,137.545758
11.028355,139.061389,137.547864
11.028384,139.061389,137.547988
11.028404,139.061389,137.549190
11.028427,139.061389,137.550243
11.028454,139.061389,137.552810
11.028483,139.061389,122.210214
11.028498,139.061389,126.731078
11.028518,139.061389,126.976806
11.028534,139.061389,134.188968
11.028547,139.061389,135.749544
11.028556,139.061389,137.553199
11.028576,139.061389,137.553945
11.028685,139.061389,137.554062
11.028709,139.061389,137.558897
11.028733,139.061389,137.559052
11.028756,139.061389,134.076740
11.028773,139.061389,137.560642
11.028795,139.061389,137.567713
11.028833,139.061389,101.995506
11.028849,139.061389,119.432287
11.028875,139.061389,122.513727
11.028889,139.061389,122.942111
11.028922,139.061389,127.969263
11.028942,139.061389,129.423551
11.028971,139.061389,130.306207
11.029001,139.061389,131.050703
11.029010,139.061389,135.110056
11.029033,139.061389,136.787647
11.029060,139.061389,137.265576
11.029082,139.061389,137.568030
11.029121,139.061389,137.571374
11.029147,139.061389,137.571391
11.029169,139.061389,137.574114
11.029186,139.061389,137.575432
11.029210,139.061389,137.576524
11.029233,139.061389,137.577417
11.029261,139.061389,137.579820
11.029299,139.061389,128.864191
11.029324,139.061389,133.704725
11.029350,139.061389,137.579955
11.029374,139.061389,137.580444
11.029397,139.061389,137.581670
11.029417,139.061389,137.583619
11.029462,139.061389,137.583782
11.029484,139.061389,137.583872
11.029508,139.061389,137.586302
11.029528,139.061389,137.588425
11.029577,139.061389,132.240706
11.029588,139.061389,137.590122
11.029598,139.061389,137.590150
11.029621,139.061389,137.592831
11.029647,139.061389,137.593459
11.029673,139.061389,137.594095
11.029691,139.061389,137.594655
11.029744,139.061389,137.597129
11.029758,139.061389,137.602037
11.029774,139.061389,137.605086
11.029782,139.061389,137.605850
11.029809,139.061389,137.605923
11.029831,139.061389,137.607071
11.029907,139.061389,137.607254
11.029945,139.061389,131.011368
11.029976,139.061389,137.608968
11.030012,139.061389,137.610840
11.030035,139.061389,137.614287
11.030091,139.061389,137.614901
11.030140,139.061389,137.618207
11.030173,139.061389,137.618515
11.030192,139.061389,137.621325
11.030214,139.061389,137.622163
11.030226,139.061389,137.623017
11.030277,139.061389,137.623049
11.030314,139.061389,117.434834
11.030351,139.061389,118.171810
11.030377,139.061389,121.271746
11.030405,139.061389,127.586370
11.030430,139.061389,129.556872
11.030454,139.061389,130.751874
11.030475,139.061389,133.286303
11.030501,139.061389,133.833314
11.030520,139.061389,137.623049
11.030543,139.061389,137.623334
11.030567,139.061389,137.626793
11.030593,139.061389,137.630549
11.030640,139.061389,137.630888
11.030662,139.061389,137.637160
11.030688,139.061389,137.639582
11.030708,139.061389,137.641565
11.030784,139.061389,137.642127
11.030812,139.061389,137.647923
11.030839,139.061389,137.657675
11.030866,139.061389,137.657699
11.030903,139.061389,119.699039
11.030921,139.061389,129.580479
11.030936,139.061389,133.092661
11.030951,139.061389,137.508725
11.030961,139.061389,137.657699
11.031018,139.061389,137.660578
11.031044,139.061389,137.661339
11.031061,139.061389,137.661790
11.031089,139.061389,137.662629
11.031110,139.061389,137.665159
11.031130,139.061389,137.667917
11.031152,139.061389,137.667989
11.031178,139.061389,137.668735
11.031194,139.061389,126.580450
11.031207,139.061389,137.670498
11.031233,139.061389,137.671626
11.031256,139.061389,137.672437
11.031270,139.061389,137.674786
11.031294,139.061389,137.679869
11.031347,139.061389,137.682221
11.031407,139.061389,137.686225
11.031431,139.061389,137.691276
11.031463,139.061389,137.691413
11.031530,139.061389,137.692195
11.031585,139.061389,137.692233
11.031632,139.061389,137.692738
11.031659,139.061389,137.695050
11.031679,139.061389,137.703301
11.031701,139.061389,137.704008
11.031721,139.061389,137.704602
11.031733,139.061389,137.705785
11.031750,139.061389,135.152053
11.031761,139.061389,137.705927
11.031780,139.061389,137.707064
11.031803,139.061389,137.708280
11.031824,139.061389,137.710746
11.031845,139.061389,137.710787
11.031870,139.061389,137.711121
11.031891,139.061389,137.711245
11.031912,139.061389,137.714313
11.031940,139.061389,137.714365
11.031969,139.061389,137.714901
11.032003,139.061389,137.723049
11.032028,139.061389,137.723752
11.032048,139.061389,137.725625
11.032076,139.061389,137.725939
11.032087,139.061389,137.729161
11.032101,139.061389,137.729305
11.032129,139.061389,137.739129
11.032410,139.061389,137.740378
11.032435,139.061389,137.741597
11.032487,139.061389,137.742879
11.032512,139.061389,137.746333
11.032531,139.061389,137.746537
11.032545,139.061389,137.749311
11.032574,139.061389,137.750217
11.032590,139.061389,132.009922
11.032601,139.061389,137.750217
11.032617,139.061389,131.534722
11.032627,139.061389,137.750696
11.032668,139.061389,137.751293
11.032695,139.061389,137.753127
11.032723,139.061389,137.760169
11.032787,139.061389,137.761321
11.032917,139.061389,137.768615
11.032936,139.061389,137.769203
11.032959,139.061389,137.773685
11.032986,139.061389,137.774111
11.033009,139.061389,137.774206
11.033051,139.061389,137.775146
11.033073,139.061389,137.778978
11.033093,139.061389,137.779925
11.033119,139.061389,137.781081
11.033191,139.061389,137.781187
11.033229,139.061389,128.449768
11.033278,139.061389,130.142344
11.033306,139.061389,131.481653
11.033316,139.061389,137.781187
11.033350,139.061389,128.449768
11.033373,139.061389,130.142344
11.033399,139.061389,131.481653
11.033410,139.061389,137.784992
11.033428,139.061389,137.786285
11.033448,139.061389,137.787273
11.033485,139.061389,137.789759
11.033499,139.061389,137.791001
11.033544,139.061389,137.792319
11.033576,139.061389,137.792712
11.033600,139.061389,137.794601
11.033622,139.061389,137.796179
11.033644,139.061389,137.798505
11.033721,139.061389,119.273186
11.033748,139.061389,128.171810
11.033769,139.061389,134.934690
11.033787,139.061389,137.803183
11.033809,139.061389,137.804874
11.033829,139.061389,137.808385
11.033846,139.061389,127.169342
11.033854,139.061389,136.580482
11.033865,139.061389,137.808385
11.033881,139.061389,127.169342
11.033889,139.061389,136.580482
11.033899,139.061389,137.809547
11.033928,139.061389,137.003774
11.033936,139.061389,137.810665
11.033965,139.061389,137.815685
11.033975,139.061389,137.815705
11.034034,139.061389,137.817256
11.034056,139.061389,137.829441
11.034077,139.061389,137.841782
11.034109,139.061389,116.415112
11.034132,139.061389,119.868031
11.034159,139.061389,124.519855
11.034176,139.061389,134.061653
11.034199,139.061389,134.111272
11.034218,139.061389,137.847727
11.034230,139.061389,137.848949
11.034264,139.061389,137.850842
11.034285,139.061389,137.851421
11.034306,139.061389,137.855583
11.034333,139.061389,137.861759
11.034355,139.061389,137.861796
11.034374,139.061389,137.868821
11.034391,139.061389,137.870547
11.034411,139.061389,137.872499
11.034432,139.061389,137.874271
11.034443,139.061389,137.875274
11.034465,139.061389,137.881065
11.034494,139.061389,137.882823
11.034516,139.061389,137.883938
11.034537,139.061389,137.883970
11.034563,139.061389,137.884039
11.034587,139.061389,137.884962
11.034611,139.061389,137.887183
11.034635,139.061389,137.887406
11.034668,139.061389,137.887718
11.034688,139.061389,137.888485
11.034735,139.061389,137.888866
11.034763,139.061389,137.890937
11.034779,139.061389,130.990399
11.034791,139.061389,137.890969
11.034817,139.061389,128.252053
11.034833,139.061389,128.699039
11.034851,139.061389,130.823711
11.034873,139.061389,134.945877
11.034883,139.061389,137.890969
11.034895,139.061389,137.891379
11.034916,139.061389,137.897203
11.034965,139.061389,137.900813
11.034995,139.061389,137.902057
11.035007,139.061389,137.904575
11.035131,139.061389,137.904617
11.035180,139.061389,137.905765
11.035227,139.061389,137.910677
11.035250,139.061389,137.911855
11.035275,139.061389,136.609932
11.035284,139.061389,137.914467
11.035364,139.061389,137.920569
11.035375,139.061389,137.923137
11.035395,139.061389,137.924430
11.035442,139.061389,137.926947
11.035478,139.061389,114.595349
11.035510,139.061389,123.550869
11.035537,139.061389,125.866732
11.035566,139.061389,133.517388
11.035585,139.061389,136.598828
11.035602,139.061389,137.931007
11.035628,139.061389,137.931657
11.035679,139.061389,137.931689
11.035728,139.061389,125.460584
11.035762,139.061389,126.531042
11.035787,139.061389,130.451810
11.035812,139.061389,136.933250
11.035833,139.061389,137.916104
11.035854,139.061389,137.931721
11.035935,139.061389,137.931822
11.035959,139.061389,137.933395
11.035980,139.061389,137.935678
11.035996,139.061389,137.936870
11.036022,139.061389,137.940387
11.036043,139.061389,137.940975
11.036065,139.061389,137.949679
11.036076,139.061389,137.950266
11.036087,139.061389,137.951665
11.036098,139.061389,137.952782
11.036123,139.061389,116.564636
11.036136,139.061389,122.194188
11.036156,139.061389,131.623788
11.036169,139.061389,136.805043
11.036183,139.061389,137.954500
11.036206,139.061389,137.955340
11.036235,139.061389,132.228639
11.036258,139.061389,137.957705
11.036285,139.061389,137.962575
11.036309,139.061389,137.852981
11.036325,139.061389,137.964241
11.036348,139.061389,137.966225
11.036386,139.061389,137.968719
11.036402,139.061389,137.971746
11.036444,139.061389,137.972457
11.036539,139.061389,137.972558
11.036561,139.061389,137.972590
11.036588,139.061389,114.489279
11.036601,139.061389,119.010143
11.036620,139.061389,119.874261
11.036633,139.061389,127.281621
11.036645,139.061389,132.391583
11.036656,139.061389,137.171637
11.036669,139.061389,137.972590
11.036693,139.061389,137.975064
11.036714,139.061389,137.975244
11.036746,139.061389,137.976610
11.036758,139.061389,137.977477
11.036767,139.061389,137.978655
11.036826,139.061389,137.979845
11.036848,139.061389,137.981523
11.036873,139.061389,137.982311
11.036907,139.061389,137.983501
11.036932,139.061389,137.501058
11.036949,139.061389,137.985235
11.036987,139.061389,137.987358
11.037010,139.061389,137.988367
11.037054,139.061389,137.988757
11.037063,139.061389,137.989011
11.037081,139.061389,137.989191
11.037102,139.061389,137.989769
11.037129,139.061389,132.682786
11.037147,139.061389,137.989769
11.037187,139.061389,118.847170
11.037210,139.061389,121.412786
11.037240,139.061389,130.434850
11.037268,139.061389,131.982786
11.037301,139.061389,132.658143
11.037323,139.061389,135.990146
11.037333,139.061389,136.749474
11.037356,139.061389,137.989769
11.037398,139.061389,137.989791
11.037407,139.061389,137.990969
11.037468,139.061389,137.992610
11.037496,139.061389,137.993245
11.037528,139.061389,137.994547
11.037547,139.061389,137.994681
11.037558,139.061389,137.994891
11.037605,139.061389,107.270690
11.037633,139.061389,109.726274
11.037658,139.061389,118.995202
11.037681,139.061389,124.921090
11.037717,139.061389,128.115111
11.037736,139.061389,133.592834
11.037762,139.061389,134.467902
11.037779,139.061389,137.995839
11.037794,139.061389,137.997129
11.037815,139.061389,137.998371
11.037860,139.061389,137.998527
11.037887,139.061389,138.002047
11.037900,139.061389,138.002153
11.037935,139.061389,138.003551
11.037957,139.061389,138.006156
11.037988,139.061389,138.009535
11.038023,139.061389,138.011961
11.038035,139.061389,138.015527
11.038089,139.061389,138.016149
11.038113,139.061389,138.016901
11.038138,139.061389,138.018089
11.038166,139.061389,138.018211
11.038182,139.061389,124.191486
11.038194,139.061389,134.985310
11.038201,139.061389,138.019347
11.038216,139.061389,138.019669
11.038238,139.061389,138.020659
11.038341,139.061389,138.026018
11.038363,139.061389,138.026924
11.038402,139.061389,118.028744
11.038430,139.061389,118.610322
11.038462,139.061389,120.484328
11.038488,139.061389,128.784191
11.038508,139.061389,129.300127
11.038530,139.061389,132.906376
11.038556,139.061389,135.226015
11.038584,139.061389,135.361960
11.038605,139.061389,135.547071
11.038621,139.061389,138.029199
11.038633,139.061389,138.029379
11.038657,139.061389,132.302677
11.038676,139.061389,138.030499
11.038695,139.061389,138.032191
11.038718,139.061389,138.033480
11.038740,139.061389,138.034387
11.038757,139.061389,138.037107
11.038773,139.061389,138.037945
11.038838,139.061389,122.839765
11.038861,139.061389,132.621100
11.038879,139.061389,138.039103
11.038892,139.061389,128.291426
11.038901,139.061389,138.039171
11.038992,139.061389,124.762015
11.039013,139.061389,129.528607
11.039034,139.061389,129.925000
11.039060,139.061389,136.010047
11.039079,139.061389,138.041503
11.039091,139.061389,138.044236
11.039115,139.061389,129.812437
11.039134,139.061389,138.045702
11.039151,139.061389,138.048367
11.039167,139.061389,138.049331
11.039183,139.061389,138.058857
11.039245,139.061389,138.063277
11.039264,139.061389,138.065049
11.039319,139.061389,138.065091
11.039358,139.061389,138.067826
11.039383,139.061389,138.069375
11.039408,139.061389,138.069961
11.039436,139.061389,138.070089
11.039481,139.061389,138.070591
11.039498,139.061389,138.072590
11.039521,139.061389,138.072817
11.039539,139.061389,138.072945
11.039549,139.061389,138.074981
11.039569,139.061389,138.077255
11.039581,139.061389,138.082325
11.039600,139.061389,138.082394
11.039618,139.061389,138.083529
11.039629,139.061389,138.083651
11.039661,139.061389,131.523541
11.039684,139.061389,133.238389
11.039706,139.061389,138.084751
11.039755,139.061389,138.085162
11.039772,139.061389,138.086230
11.039799,139.061389,129.844575
11.039846,139.061389,136.476671
11.039865,139.061389,138.087279
11.039885,139.061389,138.087618
11.039905,139.061389,138.087919
11.039926,139.061389,138.088876
11.039953,139.061389,138.091603
11.039973,139.061389,138.092322
11.039995,139.061389,138.093640
11.040035,139.061389,132.911304
11.040041,139.061389,138.094525
11.040064,139.061389,133.586238
11.040079,139.061389,138.094723
11.040128,139.061389,138.096262
11.040159,139.061389,138.096290
11.040181,139.061389,138.096722
11.040212,139.061389,138.097205
11.040221,139.061389,138.098520
11.040240,139.061389,138.102126
11.040260,139.061389,138.105827
11.040269,139.061389,138.107306
11.040278,139.061389,138.108725
11.040299,139.061389,138.113193
11.040330,139.061389,138.113538
11.040353,139.061389,138.114380
11.040372,139.061389,138.114786
11.040395,139.061389,138.115487
11.040406,139.061389,138.115593
11.040416,139.061389,138.115726
11.040448,139.061389,118.394029
11.040468,139.061389,119.464487
11.040478,139.061389,123.667987
11.040492,139.061389,130.149427
11.040503,139.061389,131.082767
11.040513,139.061389,133.314931
11.040519,139.061389,135.849359
11.040532,139.061389,136.396371
11.040537,139.061389,138.119477
11.040555,139.061389,138.119923
11.040573,139.061389,138.120959
11.040593,139.061389,138.121002
11.040611,139.061389,138.125571
11.040629,139.061389,138.129400
11.040649,139.061389,121.562120
11.040659,139.061389,129.029839
11.040665,139.061389,130.228712
11.040678,139.061389,134.766783
11.040690,139.061389,138.129400
11.040721,139.061389,138.130942
11.040738,139.061389,138.131923
11.040763,139.061389,120.841058
11.040784,139.061389,130.418690
11.040801,139.061389,137.181570
11.040817,139.061389,138.137924
11.040826,139.061389,138.138407
11.040864,139.061389,138.139129
11.040920,139.061389,138.145363
11.040947,139.061389,138.146449
11.040974,139.061389,138.146537
11.041015,139.061389,138.150243
11.041046,139.061389,122.026143
11.041069,139.061389,133.447007
11.041093,139.061389,136.044469
11.041111,139.061389,138.150243
11.041135,139.061389,136.744469
11.041152,139.061389,138.150243
11.041187,139.061389,138.150275
11.041284,139.061389,138.153807
11.041323,139.061389,138.153903
11.041332,139.061389,138.157589
11.041339,139.061389,138.158621
11.041350,139.061389,138.159059
11.041367,139.061389,138.160498
11.041392,139.061389,138.161317
11.041413,139.061389,138.162597
11.041422,139.061389,138.163839
11.041462,139.061389,138.164175
11.041476,139.061389,138.169118
11.041505,139.061389,138.176185
11.041617,139.061389,138.177854
11.041636,139.061389,138.178365
11.041645,139.061389,138.178651
11.041657,139.061389,138.179913
11.041666,139.061389,138.189858
11.041681,139.061389,138.190953
11.041725,139.061389,127.106050
11.041733,139.061389,138.194837
11.041749,139.061389,138.195823
11.041768,139.061389,138.200777
11.041784,139.061389,138.201105
11.041802,139.061389,138.204531
11.041812,139.061389,138.205801
11.041834,139.061389,138.207167
11.041869,139.061389,112.144639
11.041900,139.061389,122.211394
11.041927,139.061389,125.011298
11.041949,139.061389,133.667829
11.041973,139.061389,137.192671
11.041991,139.061389,138.208879
11.042011,139.061389,138.210915
11.042036,139.061389,108.090508
11.042056,139.061389,128.828615
11.042075,139.061389,131.618643
11.042091,139.061389,138.214202
11.042103,139.061389,138.214405
11.042124,139.061389,138.214520
11.042142,139.061389,138.216168
11.042160,139.061389,138.217583
11.042168,139.061389,138.223823
11.042175,139.061389,138.224268
11.042192,139.061389,138.224287
11.042200,139.061389,138.226184
11.042230,139.061389,138.226846
11.042267,139.061389,138.230563
11.042315,139.061389,138.230627
11.042374,139.061389,126.374325
11.042390,139.061389,138.231689
11.042411,139.061389,138.232319
11.042432,139.061389,138.232815
11.042450,139.061389,138.232917
11.042458,139.061389,138.233142
11.042483,139.061389,118.881736
11.042504,139.061389,121.337320
11.042522,139.061389,130.255583
11.042539,139.061389,138.233425
11.042561,139.061389,138.239535
11.042589,139.061389,138.240379
11.042611,139.061389,138.241625
11.042659,139.061389,138.242751
11.042701,139.061389,138.243965
11.042718,139.061389,138.247695
11.042729,139.061389,138.248949
11.042737,139.061389,138.254129
11.042772,139.061389,138.260278
11.042805,139.061389,114.249778
11.042828,139.061389,121.473138
11.042858,139.061389,122.279378
11.042879,139.061389,123.669320
11.042896,139.061389,126.102738
11.042917,139.061389,132.184168
11.042934,139.061389,134.339688
11.042949,139.061389,134.761832
11.042968,139.061389,136.917352
11.042986,139.061389,137.095208
11.043000,139.061389,138.262993
11.043026,139.061389,138.269132
11.043035,139.061389,138.272463
11.043067,139.061389,120.976780
11.043088,139.061389,125.743372
11.043108,139.061389,125.769397
11.043134,139.061389,130.858220
11.043152,139.061389,132.446882
11.043169,139.061389,133.939660
11.043178,139.061389,138.272598
11.043204,139.061389,131.902632
11.043222,139.061389,138.274312
11.043243,139.061389,138.275106
11.043268,139.061389,138.278723
11.043391,139.061389,138.281194
11.043415,139.061389,138.281260
11.043436,139.061389,130.910079
11.043452,139.061389,138.284835
11.043486,139.061389,138.288968
11.043508,139.061389,138.290969
11.043518,139.061389,138.292355
11.043539,139.061389,138.294862
11.043596,139.061389,138.295071
11.043655,139.061389,138.295869
11.043685,139.061389,138.297033
11.043715,139.061389,138.299635
11.043769,139.061389,125.538370
11.043789,139.061389,134.864258
11.043806,139.061389,137.019778
11.043822,139.061389,138.302538
11.043830,139.061389,138.303187
11.043842,139.061389,138.304716
11.043878,139.061389,127.880479
11.043900,139.061389,136.508725
11.043916,139.061389,138.304975
11.043932,139.061389,138.305855
11.043957,139.061389,138.306270
11.044009,139.061389,138.306929
11.044017,139.061389,138.307167
11.044047,139.061389,123.433378
11.044071,139.061389,138.309423
11.044083,139.061389,138.309950
11.044103,139.061389,138.311202
11.044123,139.061389,138.312170
11.044129,139.061389,138.313606
11.044147,139.061389,138.314577
11.044198,139.061389,138.316076
11.044217,139.061389,138.318153
11.044231,139.061389,138.324167
11.044240,139.061389,138.327230
11.044256,139.061389,138.329299
11.044304,139.061389,138.330591
11.044365,139.061389,138.331871
11.044383,139.061389,138.337022
11.044399,139.061389,138.338133
11.044421,139.061389,138.338367
11.044443,139.061389,138.340378
11.044496,139.061389,138.341641
11.044516,139.061389,138.341695
11.044570,139.061389,137.271763
11.044583,139.061389,138.348098
11.044603,139.061389,138.351293
11.044612,139.061389,138.353160
11.044630,139.061389,138.360595
11.044655,139.061389,138.362429
11.044720,139.061389,138.362943
11.044740,139.061389,138.369973
11.044748,139.061389,138.370344
11.044775,139.061389,138.374572
11.044807,139.061389,138.376117
11.044825,139.061389,138.376137
11.044845,139.061389,138.376364
11.044863,139.061389,138.378527
11.044877,139.061389,138.378534
11.044904,139.061389,138.380241
11.044920,139.061389,138.383603
11.044940,139.061389,138.384729
11.044949,139.061389,138.386041
11.044990,139.061389,138.387827
11.045006,139.061389,138.389501
11.045036,139.061389,138.390076
11.045052,139.061389,138.391011
11.045070,139.061389,138.391345
11.045089,139.061389,138.391597
11.045100,139.061389,138.392319
11.045164,139.061389,138.392355
11.045185,139.061389,136.918568
11.045199,139.061389,138.393401
11.045214,139.061389,138.393843
11.045231,139.061389,138.395923
11.045256,139.061389,136.092642
11.045264,139.061389,138.397292
11.045298,139.061389,122.664552
11.045326,139.061389,123.554770
11.045355,139.061389,125.120136
11.045375,139.061389,133.775592
11.045394,139.061389,137.542184
11.045416,139.061389,138.397292
11.045457,139.061389,138.399581
11.045484,139.061389,138.401186
11.045507,139.061389,138.403423
11.045544,139.061389,103.285480
11.045576,139.061389,113.678050
11.045606,139.061389,115.552034
11.045628,139.061389,117.266882
11.045650,139.061389,123.858079
11.045679,139.061389,127.733407
11.045700,139.061389,128.514914
11.045718,139.061389,129.448255
11.045738,139.061389,129.824738
11.045758,139.061389,131.689090
11.045776,139.061389,134.440802
11.045800,139.061389,137.003859
11.045815,139.061389,138.404716
11.045833,139.061389,138.405711
11.045855,139.061389,138.407126
11.045883,139.061389,121.666994
11.045902,139.061389,123.445800
11.045925,139.061389,129.001320
11.045946,139.061389,133.771752
11.045961,139.061389,135.927272
11.045976,139.061389,138.410766
11.045993,139.061389,138.420716
11.046013,139.061389,138.424766
11.046028,139.061389,138.430963
11.046035,139.061389,138.433474
11.046058,139.061389,138.434701
11.046075,139.061389,138.438174
11.046091,139.061389,138.439313
11.046124,139.061389,138.447689
11.046151,139.061389,138.450269
11.046183,139.061389,136.633339
11.046210,139.061389,138.450424
11.046242,139.061389,102.878216
11.046253,139.061389,119.926207
11.046274,139.061389,121.563199
11.046303,139.061389,122.081727
11.046312,139.061389,127.306261
11.046336,139.061389,128.515044
11.046352,139.061389,129.422367
11.046377,139.061389,130.670564
11.046382,139.061389,134.226216
11.046399,139.061389,134.977887
11.046420,139.061389,135.455816
11.046437,139.061389,137.187701
11.046456,139.061389,138.451518
11.046511,139.061389,138.451806
11.046526,139.061389,138.453231
11.046540,139.061389,138.454575
11.046550,139.061389,138.456520
11.046570,139.061389,138.456872
11.046585,139.061389,138.457583
11.046608,139.061389,138.459093
11.046632,139.061389,138.460089
11.046662,139.061389,138.465007
11.046707,139.061389,138.466281
11.046734,139.061389,138.470003
11.046741,139.061389,138.470131
11.046769,139.061389,138.477475
11.046820,139.061389,138.479442
11.046832,139.061389,138.481053
11.046857,139.061389,138.485205
11.046876,139.061389,138.486285
11.046890,139.061389,138.486442
11.046904,139.061389,138.487518
11.046915,139.061389,138.490000
11.046933,139.061389,138.494840
11.046987,139.061389,120.693000
11.046997,139.061389,127.852079
11.047002,139.061389,138.389160
11.047010,139.061389,138.494840
11.047054,139.061389,120.693000
11.047064,139.061389,127.852079
11.047069,139.061389,138.389160
11.047077,139.061389,138.494995
11.047092,139.061389,138.495977
11.047155,139.061389,138.499827
11.047182,139.061389,115.738562
11.047206,139.061389,124.616194
11.047224,139.061389,131.379074
11.047241,139.061389,138.500813
11.047266,139.061389,138.503337
11.047276,139.061389,138.503423
11.047306,139.061389,113.048194
11.047338,139.061389,114.266882
11.047359,139.061389,127.862914
11.047378,139.061389,135.107422
11.047394,139.061389,138.507490
11.047416,139.061389,138.509539
11.047426,139.061389,134.923505
11.047431,139.061389,138.514951
11.047466,139.061389,138.519647
11.047489,139.061389,138.522445
11.047500,139.061389,138.527887
11.047536,139.061389,138.528105
11.047566,139.061389,138.529352
11.047600,139.061389,138.529695
11.047624,139.061389,138.531770
11.047631,139.061389,138.536445
11.047640,139.061389,138.544172
11.047668,139.061389,120.403935
11.047691,139.061389,130.285375
11.047711,139.061389,133.366815
11.047730,139.061389,138.548941
11.047766,139.061389,138.551401
11.047781,139.061389,138.551855
11.047797,139.061389,138.552713
11.047807,139.061389,138.555876
11.047843,139.061389,138.556469
11.047850,139.061389,138.557705
11.047918,139.061389,138.558183
11.047932,139.061389,138.570696
11.047966,139.061389,138.571240
11.047982,139.061389,138.573843
11.048001,139.061389,135.559599
11.048012,139.061389,136.064621
11.048025,139.061389,138.574714
11.048037,139.061389,138.575274
11.048056,139.061389,138.577546
11.048073,139.061389,138.586387
11.048092,139.061389,138.586453
11.048110,139.061389,138.589202
11.048160,139.061389,138.593465
11.048186,139.061389,138.594655
11.048212,139.061389,138.598357
11.048229,139.061389,138.607089
11.048246,139.061389,138.607203
11.048269,139.061389,131.669370
11.048287,139.061389,131.750901
11.048306,139.061389,138.608141
11.048321,139.061389,138.612019
11.048331,139.061389,138.612369
11.048361,139.061389,138.613119
11.048385,139.061389,138.613619
11.048401,139.061389,138.614535
11.048415,139.061389,138.615647
11.048431,139.061389,138.617016
11.048477,139.061389,127.203891
11.048485,139.061389,138.618153
11.048554,139.061389,126.210114
11.048575,139.061389,138.619807
11.048593,139.061389,138.622370
11.048603,139.061389,138.623029
11.048641,139.061389,138.629221
11.048654,139.061389,138.629299
11.048706,139.061389,138.629352
11.048719,139.061389,138.630611
11.048741,139.061389,138.635328
11.048759,139.061389,138.636816
11.048765,139.061389,138.640285
11.048787,139.061389,138.644015
11.048794,139.061389,138.644428
11.048812,139.061389,138.647957
11.048829,139.061389,138.650362
11.048848,139.061389,138.651465
11.048919,139.061389,138.656376
11.048937,139.061389,138.657905
11.048955,139.061389,138.662659
11.048998,139.061389,138.663048
11.049015,139.061389,138.666225
11.049022,139.061389,138.666611
11.049036,139.061389,138.667517
11.049062,139.061389,138.668809
11.049170,139.061389,138.670012
11.049176,139.061389,138.672457
11.049187,139.061389,138.672894
11.049212,139.061389,138.674799
11.049231,139.061389,138.680254
11.049248,139.061389,138.682329
11.049255,139.061389,138.682771
11.049267,139.061389,138.686089
11.049295,139.061389,138.686378
11.049313,139.061389,138.687167
11.049343,139.061389,138.687174
11.049358,139.061389,138.687305
11.049418,139.061389,114.544706
11.049442,139.061389,122.311234
11.049459,139.061389,131.940514
11.049466,139.061389,138.688654
11.049532,139.061389,138.691725
11.049542,139.061389,138.693667
11.049574,139.061389,113.773260
11.049602,139.061389,129.867068
11.049625,139.061389,133.089191
11.049642,139.061389,135.915143
11.049647,139.061389,138.693667
11.049663,139.061389,138.694760
11.049696,139.061389,138.699682
11.049713,139.061389,138.700915
11.049745,139.061389,138.701086
11.049763,139.061389,138.702041
11.049771,139.061389,138.704495
11.049780,139.061389,138.706067
11.049787,139.061389,138.707001
11.049866,139.061389,138.709417
11.049881,139.061389,138.711135
11.049901,139.061389,138.711151
11.049918,139.061389,138.713423
11.049935,139.061389,138.716921
11.049957,139.061389,119.259615
11.049975,139.061389,130.906495
11.049985,139.061389,132.291605
11.049992,139.061389,132.931029
11.050006,139.061389,138.719571
11.050025,139.061389,138.720521
11.050041,139.061389,138.720866
11.050050,139.061389,138.724425
11.050078,139.061389,131.853250
11.050097,139.061389,138.724723
11.050103,139.061389,138.728058
11.050120,139.061389,138.729103
11.050126,139.061389,138.736707
11.050177,139.061389,138.737075
11.050191,139.061389,138.739588
11.050207,139.061389,138.744527
11.050221,139.061389,138.745863
11.050232,139.061389,138.750143
11.050240,139.061389,138.753218
11.050259,139.061389,138.756451
11.050295,139.061389,138.759041
11.050322,139.061389,138.759475
11.050354,139.061389,138.761257
11.050381,139.061389,128.595170
11.050401,139.061389,138.767638
11.050433,139.061389,125.045832
11.050462,139.061389,127.766751
11.050480,139.061389,138.770079
11.050501,139.061389,101.548424
11.050518,139.061389,112.202594
11.050531,139.061389,112.882754
11.050541,139.061389,118.450690
11.050547,139.061389,124.383967
11.050560,139.061389,127.490037
11.050569,139.061389,130.350626
11.050578,139.061389,132.291298
11.050584,139.061389,133.057973
11.050589,139.061389,135.641982
11.050593,139.061389,136.597570
11.050598,139.061389,138.237090
11.050605,139.061389,138.771795
11.050633,139.061389,138.774129
11.050646,139.061389,138.774146
11.050664,139.061389,138.775178
11.050678,139.061389,138.776469
11.050683,139.061389,138.779024
11.050696,139.061389,138.779123
11.050713,139.061389,138.782666
11.050731,139.061389,138.782738
11.050749,139.061389,138.784979
11.050773,139.061389,118.859554
11.050793,139.061389,131.809986
11.050808,139.061389,134.891426
11.050821,139.061389,138.790953
11.050860,139.061389,132.783970
11.050866,139.061389,138.792175
11.050885,139.061389,138.793539
11.050909,139.061389,138.803359
11.050930,139.061389,138.806323
11.050938,139.061389,138.806985
11.050947,139.061389,138.807624
11.050962,139.061389,138.809545
11.050982,139.061389,138.809715
11.050996,139.061389,138.810114
11.051014,139.061389,138.811977
11.051045,139.061389,138.813326
11.051060,139.061389,135.645983
11.051066,139.061389,138.813326
11.051076,139.061389,136.345983
11.051082,139.061389,138.814405
11.051112,139.061389,138.815795
11.051122,139.061389,138.817279
11.051140,139.061389,138.818121
11.051161,139.061389,138.820683
11.051168,139.061389,137.637162
11.051172,139.061389,138.822440
11.051188,139.061389,138.825469
11.051210,139.061389,138.825854
11.051222,139.061389,138.829674
11.051226,139.061389,138.830495
11.051239,139.061389,138.830537
11.051266,139.061389,121.705218
11.051288,139.061389,126.471810
11.051311,139.061389,133.012354
11.051337,139.061389,134.572930
11.051352,139.061389,138.580290
11.051358,139.061389,138.830537
11.051381,139.061389,135.272930
11.051398,139.061389,138.830563
11.051447,139.061389,138.830826
11.051462,139.061389,138.830833
11.051468,139.061389,138.835375
11.051478,139.061389,138.836527
11.051495,139.061389,138.840409
11.051528,139.061389,122.592853
11.051550,139.061389,126.470412
11.051574,139.061389,131.585260
11.051592,139.061389,132.951852
11.051610,139.061389,134.666700
11.051625,139.061389,138.845149
11.051684,139.061389,138.847881
11.051702,139.061389,138.848168
11.051712,139.061389,138.850350
11.051726,139.061389,138.852851
11.051767,139.061389,138.852854
11.051789,139.061389,122.919839
11.051810,139.061389,123.246991
11.051821,139.061389,124.795167
11.051838,139.061389,132.508776
11.051850,139.061389,138.853909
11.051870,139.061389,138.854019
11.051891,139.061389,126.692552
11.051901,139.061389,136.033324
11.051918,139.061389,136.704949
11.051930,139.061389,138.854019
11.051953,139.061389,138.857577
11.051967,139.061389,138.857581
11.051983,139.061389,138.207404
11.051995,139.061389,138.861245
11.052037,139.061389,138.862785
11.052046,139.061389,138.870166
11.052070,139.061389,118.139720
11.052093,139.061389,119.764319
11.052103,139.061389,125.116143
11.052106,139.061389,126.011263
11.052112,139.061389,129.969288
11.052126,139.061389,136.378869
11.052135,139.061389,138.490037
11.052140,139.061389,138.870479
11.052155,139.061389,138.876186
11.052160,139.061389,138.876317
11.052184,139.061389,133.766882
11.052203,139.061389,138.876764
11.052216,139.061389,138.877839
11.052239,139.061389,138.878687
11.052263,139.061389,138.878984
11.052276,139.061389,138.879084
11.052294,139.061389,138.884194
11.052337,139.061389,138.889875
11.052341,139.061389,138.892719
11.052349,139.061389,138.893529
11.052376,139.061389,138.893811
11.052389,139.061389,138.893919
11.052407,139.061389,138.894639
11.052433,139.061389,138.895231
11.052453,139.061389,138.897251
11.052488,139.061389,119.229951
11.052512,139.061389,122.329887
11.052538,139.061389,127.885407
11.052559,139.061389,128.185471
11.052580,139.061389,130.340991
11.052600,139.061389,137.184085
11.052616,139.061389,137.700021
11.052636,139.061389,138.897711
11.052640,139.061389,138.898339
11.052658,139.061389,138.901491
11.052680,139.061389,138.904575
11.052735,139.061389,138.908231
11.052765,139.061389,129.806050
11.052781,139.061389,138.909635
11.052814,139.061389,118.911455
11.052838,139.061389,119.493032
11.052862,139.061389,121.367039
11.052883,139.061389,129.666901
11.052899,139.061389,130.182837
11.052918,139.061389,133.789087
11.052938,139.061389,136.108725
11.052964,139.061389,136.244671
11.052980,139.061389,136.429781
11.052993,139.061389,138.912322
11.053013,139.061389,138.913249
11.053038,139.061389,138.914287
11.053057,139.061389,138.914608
11.053074,139.061389,105.488025
11.053090,139.061389,121.480595
11.053112,139.061389,123.963230
11.053120,139.061389,130.210174
11.053123,139.061389,132.269275
11.053145,139.061389,134.451998
11.053164,139.061389,136.144603
11.053171,139.061389,137.510163
11.053187,139.061389,138.235934
11.053203,139.061389,138.915647
11.053229,139.061389,138.916191
11.053242,139.061389,138.916889
11.053272,139.061389,138.919626
11.053284,139.061389,138.920785
11.053305,139.061389,135.343439
11.053312,139.061389,138.920927
11.053325,139.061389,138.922965
11.053355,139.061389,138.924291
11.053365,139.061389,134.264351
11.053422,139.061389,138.926793
11.053463,139.061389,138.928073
11.053508,139.061389,125.902754
11.053516,139.061389,138.929297
11.053535,139.061389,138.930308
11.053558,139.061389,138.930377
11.053565,139.061389,138.930975
11.053586,139.061389,138.931010
11.053599,139.061389,138.933352
11.053617,139.061389,138.933575
11.053621,139.061389,138.934223
11.053645,139.061389,138.939180
11.053670,139.061389,120.923413
11.053690,139.061389,122.445548
11.053708,139.061389,138.912179
11.053711,139.061389,138.941641
11.053727,139.061389,138.945241
11.053733,139.061389,138.945267
11.053742,139.061389,138.945347
11.053759,139.061389,138.945621
11.053778,139.061389,138.951540
11.053785,139.061389,138.956329
11.053791,139.061389,138.956558
11.053828,139.061389,138.962503
11.053847,139.061389,138.962943
11.053862,139.061389,138.965091
11.053887,139.061389,128.322495
11.053901,139.061389,133.089087
11.053918,139.061389,133.176840
11.053941,139.061389,138.965091
11.053957,139.061389,138.966213
11.053961,139.061389,138.970069
11.053974,139.061389,138.976047
11.053981,139.061389,138.976137
11.053999,139.061389,138.978661
11.054025,139.061389,138.978920
11.054040,139.061389,138.979823
11.054052,139.061389,138.981037
11.054082,139.061389,117.890399
11.054112,139.061389,128.919829
11.054138,139.061389,129.592556
11.054159,139.061389,131.307404
11.054176,139.061389,136.038431
11.054201,139.061389,137.939500
11.054216,139.061389,138.686453
11.054235,139.061389,138.981037
11.054248,139.061389,138.981333
11.054265,139.061389,138.982671
11.054276,139.061389,138.983603
11.054303,139.061389,138.984083
11.054317,139.061389,138.987887
11.054328,139.061389,138.988898
11.054337,139.061389,138.988975
11.054351,139.061389,138.989711
11.054378,139.061389,138.990015
11.054391,139.061389,138.990229
11.054404,139.061389,138.991011
11.054456,139.061389,124.884191
11.054477,139.061389,129.666677
11.054499,139.061389,137.074037
11.054518,139.061389,138.634613
11.054531,139.061389,138.991377
11.054549,139.061389,138.991519
11.054565,139.061389,138.992201
11.054578,139.061389,138.993429
11.054630,139.061389,138.994755
11.054685,139.061389,138.995881
11.054711,139.061389,138.995961
11.054729,139.061389,138.996009
11.054773,139.061389,138.998493
11.054789,139.061389,138.998510
11.054803,139.061389,138.999581
11.054824,139.061389,139.000842
11.054840,139.061389,139.000847
11.054880,139.061389,139.003111
11.054902,139.061389,139.003586
11.054910,139.061389,139.005892
11.054936,139.061389,139.007522
11.054954,139.061389,139.009612
11.054976,139.061389,139.009951
11.054992,139.061389,139.011170
11.055016,139.061389,139.012354
11.055027,139.061389,139.014779
11.055050,139.061389,139.023023
11.055067,139.061389,139.025571
11.055086,139.061389,128.395400
11.055096,139.061389,134.965768
11.055101,139.061389,139.027084
11.055108,139.061389,139.032030
11.055119,139.061389,139.037754
11.055123,139.061389,139.039113
11.055136,139.061389,139.039699
11.055150,139.061389,139.045326
11.055173,139.061389,139.045587
11.055186,139.061389,139.046429
11.055223,139.061389,139.048287
11.055248,139.061389,139.050265
11.055272,139.061389,139.051539
11.055316,139.061389,139.054431
11.055332,139.061389,139.061389
