Time,UB,LB
0.000000,472.400867,19.459200
0.000028,472.400867,36.394944
0.000043,472.400867,39.894944
0.000063,472.400867,44.524544
0.000077,472.400867,46.481344
0.000099,472.400867,46.972704
0.000117,472.400867,50.894896
0.000132,472.400867,51.110944
0.000168,472.400867,51.602304
0.000195,472.400867,53.206048
0.000217,472.400867,53.376384
0.000234,472.400867,53.956576
0.000246,472.400867,54.465248
0.000267,472.400867,55.013344
0.000281,472.400867,55.524496
0.000317,472.400867,55.740544
0.000338,472.400867,56.017024
0.000352,472.400867,56.219520
0.000371,472.400867,56.865184
0.000386,472.400867,57.378816
0.000428,472.400867,58.005984
0.000464,472.400867,58.413344
0.000495,472.400867,58.586176
0.000533,472.400867,58.610896
0.000552,472.400867,58.684864
0.000566,472.400867,59.087392
0.000581,472.400867,59.094848
0.000622,472.400867,60.154096
0.000638,472.400867,60.309606
0.000658,472.400867,60.465216
0.000681,472.400867,60.568864
0.000711,472.400867,61.092384
0.000734,472.400867,61.181184
0.000767,472.400867,61.572544
0.000800,472.400867,61.605984
0.000848,472.400867,61.881184
0.000864,472.400867,62.008416
0.000881,472.400867,62.217024
0.000908,472.400867,62.939232
0.000925,472.400867,63.042944
0.000966,472.400867,63.428064
0.001020,472.400867,63.665126
0.001059,472.400867,63.733024
0.001077,472.400867,63.860256
0.001102,472.400867,64.068864
0.001121,472.400867,64.240384
0.001155,472.400867,64.642912
0.001198,472.400867,64.878768
0.001232,472.400867,64.884864
0.001251,472.400867,65.042976
0.001270,472.400867,65.094816
0.001310,472.400867,65.276224
0.001327,472.400867,65.865126
0.001378,472.400867,65.955232
0.001403,472.400867,66.124384
0.001419,472.400867,66.291072
0.001438,472.400867,66.383654
0.001458,472.400867,66.642912
0.001506,472.400867,66.642944
0.001540,472.400867,66.736704
0.001563,472.400867,67.128064
0.001579,472.400867,67.177446
0.001596,472.400867,67.383744
0.001617,472.400867,67.436704
0.001650,472.400867,67.513286
0.001668,472.400867,67.672544
0.001687,472.400867,67.772544
0.001725,472.400867,67.872576
0.001746,472.400867,67.944064
0.001766,472.400867,68.102176
0.001785,472.400867,68.346592
0.001816,472.400867,68.489856
0.001860,472.400867,68.958912
0.001882,472.400867,68.983584
0.001897,472.400867,69.220646
0.001918,472.400867,69.310784
0.001947,472.400867,69.350272
0.001982,472.400867,69.509664
0.002029,472.400867,69.568806
0.002047,472.400867,69.629344
0.002067,472.400867,69.673766
0.002142,472.400867,69.702144
0.002162,472.400867,69.795904
0.002183,472.400867,69.933024
0.002203,472.400867,70.120704
0.002223,472.400867,70.181126
0.002245,472.400867,70.198432
0.002266,472.400867,70.440384
0.002308,472.400867,70.572486
0.002328,472.400867,70.598496
0.002374,472.400867,70.770016
0.002396,472.400867,70.831744
0.002453,472.400867,70.883744
0.002517,472.400867,71.105856
0.002545,472.400867,71.260256
0.002566,472.400867,71.331744
0.002584,472.400867,71.420646
0.002605,472.400867,71.510752
0.002647,472.400867,71.709664
0.002669,472.400867,71.846592
0.002714,472.400867,71.939174
0.002762,472.400867,72.018112
0.002804,472.400867,72.155232
0.002832,472.400867,72.198432
0.002855,472.400867,72.198464
0.002910,472.400867,72.390912
0.002938,472.400867,72.705824
0.002985,472.400867,72.732966
0.003030,472.400867,72.939264
0.003051,472.400867,72.992224
0.003070,472.400867,73.068806
0.003115,472.400867,73.167616
0.003138,472.400867,73.240326
0.003159,472.400867,73.266336
0.003214,472.400867,73.272448
0.003235,472.400867,73.320704
0.003256,472.400867,73.328064
0.003280,472.400867,73.377446
0.003305,472.400867,73.499584
0.003345,472.400867,73.523200
0.003368,472.400867,73.531744
0.003387,472.400867,73.642854
0.003418,472.400867,73.657696
0.003477,472.400867,73.709664
0.003556,472.400867,73.762624
0.003584,472.400867,73.773696
0.003611,472.400867,73.902112
0.003664,472.400867,74.007072
0.003693,472.400867,74.042896
0.003714,472.400867,74.060256
0.003741,472.400867,74.165056
0.003770,472.400867,74.258944
0.003819,472.400867,74.302176
0.003842,472.400867,74.374976
0.003869,472.400867,74.378816
0.003895,472.400867,74.514432
0.003949,472.400867,74.750304
0.003996,472.400867,74.805926
0.004044,472.400867,74.866304
0.004104,472.400867,74.905792
0.004174,472.400867,75.065184
0.004230,472.400867,75.124326
0.004279,472.400867,75.214432
0.004304,472.400867,75.229286
0.004332,472.400867,75.257664
0.004383,472.400867,75.513344
0.004413,472.400867,75.518304
0.004442,472.400867,75.550272
0.004468,472.400867,75.642854
0.004501,472.400867,75.736646
0.004559,472.400867,75.883648
0.004617,472.400867,75.889856
0.004643,472.400867,75.902144
0.004676,472.400867,75.909664
0.004700,472.400867,75.995904
0.004730,472.400867,76.094848
0.004756,472.400867,76.120704
0.004786,472.400867,76.128006
0.004841,472.400867,76.135328
0.004876,472.400867,76.154016
0.004909,472.400867,76.323200
0.004965,472.400867,76.325536
0.005019,472.400867,76.387264
0.005044,472.400867,76.436646
0.005070,472.400867,76.439264
0.005101,472.400867,76.464960
0.005130,472.400867,76.524384
0.005177,472.400867,76.628006
0.005200,472.400867,76.642944
0.005234,472.400867,76.661376
0.005299,472.400867,76.674880
0.005327,472.400867,76.699584
0.005357,472.400867,76.772486
0.005384,472.400867,76.887264
0.005433,472.400867,76.970016
0.005462,472.400867,77.066272
0.005489,472.400867,77.091008
0.005514,472.400867,77.141472
0.005542,472.400867,77.218144
0.005570,472.400867,77.265184
0.005598,472.400867,77.340384
0.005621,472.400867,77.361376
0.005650,472.400867,77.402112
0.005684,472.400867,77.451494
0.005718,472.400867,77.470144
0.005788,472.400867,77.494694
0.005823,472.400867,77.573632
0.005885,472.400867,77.710752
0.005959,472.400867,77.753984
0.005992,472.400867,77.763936
0.006026,472.400867,77.783712
0.006082,472.400867,77.797216
0.006143,472.400867,77.836704
0.006174,472.400867,77.878816
0.006216,472.400867,77.925504
0.006245,472.400867,78.005664
0.006273,472.400867,78.218112
0.006308,472.400867,78.261344
0.006376,472.400867,78.288486
0.006404,472.400867,78.376224
0.006432,472.400867,78.484864
0.006468,472.400867,78.569984
0.006506,472.400867,78.577504
0.006536,472.400867,78.609472
0.006564,472.400867,78.624326
0.006599,472.400867,78.672496
0.006660,472.400867,78.689856
0.006693,472.400867,78.795846
0.006722,472.400867,78.821856
0.006757,472.400867,78.872352
0.006788,472.400867,78.876224
0.006823,472.400867,78.888544
0.006860,472.400867,78.913344
0.006891,472.400867,78.932966
0.006965,472.400867,78.961344
0.006996,472.400867,79.004576
0.007023,472.400867,79.005926
0.007090,472.400867,79.008416
0.007156,472.400867,79.055104
0.007186,472.400867,79.087264
0.007234,472.400867,79.198374
0.007301,472.400867,79.213216
0.007331,472.400867,79.251424
0.007358,472.400867,79.265184
0.007540,472.400867,79.329216
0.007613,472.400867,79.379904
0.007647,472.400867,79.431581
0.007679,472.400867,79.440326
0.007719,472.400867,79.452640
0.007752,472.400867,79.457632
0.007785,472.400867,79.594848
0.007822,472.400867,79.598438
0.007850,472.400867,79.605792
0.007879,472.400867,79.718304
0.007913,472.400867,79.720576
0.007976,472.400867,79.745312
0.008006,472.400867,79.758784
0.008037,472.400867,79.824384
0.008072,472.400867,79.831686
0.008103,472.400867,79.857696
0.008172,472.400867,79.976192
0.008211,472.400867,80.026880
0.008258,472.400867,80.029216
0.008291,472.400867,80.042944
0.008354,472.400867,80.069952
0.008392,472.400867,80.142944
0.008431,472.400867,80.361446
0.008520,472.400867,80.363904
0.008557,472.400867,80.365056
0.008597,472.400867,80.399584
0.008626,472.400867,80.421824
0.008665,472.400867,80.461312
0.008698,472.400867,80.510694
0.008732,472.400867,80.513248
0.008802,472.400867,80.679846
0.008835,472.400867,80.716992
0.008867,472.400867,80.724448
0.008900,472.400867,80.735424
0.008928,472.400867,80.769952
0.008994,472.400867,80.813184
0.009028,472.400867,80.846534
0.009063,472.400867,80.883616
0.009096,472.400867,80.929184
0.009138,472.400867,80.968864
0.009181,472.400867,81.044064
0.009228,472.400867,81.046368
0.009273,472.400867,81.073824
0.009350,472.400867,81.105792
0.009485,472.400867,81.153984
0.009571,472.400867,81.198374
0.009654,472.400867,81.198406
0.009696,472.400867,81.231744
0.009739,472.400867,81.267520
0.009785,472.400867,81.284864
0.009822,472.400867,81.292166
0.009861,472.400867,81.320544
0.009917,472.400867,81.435424
0.009954,472.400867,81.457664
0.010036,472.400867,81.465184
0.010098,472.400867,81.561344
0.010127,472.400867,81.581184
0.010174,472.400867,81.676224
0.010214,472.400867,81.683526
0.010249,472.400867,81.720608
0.010280,472.400867,81.758896
0.010315,472.400867,81.867424
0.010351,472.400867,81.881056
0.010386,472.400867,81.883696
0.010423,472.400867,81.899744
0.010465,472.400867,81.939206
0.010500,472.400867,81.972544
0.010537,472.400867,81.983712
0.010614,472.400867,81.984864
0.010654,472.400867,81.992166
0.010730,472.400867,82.094816
0.010767,472.400867,82.099744
0.010858,472.400867,82.183526
0.010918,472.400867,82.198464
0.010953,472.400867,82.200704
0.011000,472.400867,82.216896
0.011043,472.400867,82.250256
0.011086,472.400867,82.255104
0.011129,472.400867,82.266278
0.011171,472.400867,82.326624
0.011217,472.400867,82.328006
0.011298,472.400867,82.356320
0.011348,472.400867,82.388416
0.011388,472.400867,82.426816
0.011440,472.400867,82.442784
0.011475,472.400867,82.466304
0.011607,472.400867,82.508416
0.011698,472.400867,82.525536
0.011784,472.400867,82.616768
0.011833,472.400867,82.646464
0.011871,472.400867,82.657638
0.011915,472.400867,82.698464
0.011954,472.400867,82.777504
0.012002,472.400867,82.790944
0.012084,472.400867,82.895904
0.012157,472.400867,82.902054
0.012209,472.400867,82.916896
0.012294,472.400867,82.946400
0.012340,472.400867,82.955104
0.012381,472.400867,83.007014
0.012479,472.400867,83.025664
0.012557,472.400867,83.032896
0.012603,472.400867,83.033056
0.012653,472.400867,83.035328
0.012696,472.400867,83.103360
0.012737,472.400867,83.113344
0.012775,472.400867,83.129152
0.012815,472.400867,83.193312
0.012862,472.400867,83.266272
0.012910,472.400867,83.288384
0.012948,472.400867,83.302096
0.012995,472.400867,83.339232
0.013089,472.400867,83.364960
0.013133,472.400867,83.367584
0.013175,472.400867,83.424256
0.013222,472.400867,83.464928
0.013256,472.400867,83.481024
0.013299,472.400867,83.489728
0.013338,472.400867,83.542944
0.013558,418.376390,83.542944
0.013597,409.905990,83.542944
0.013653,405.189958,83.542944
0.013724,402.049158,83.542944
0.013804,393.628198,83.542944
0.013914,392.225734,83.542944
0.014084,387.449190,83.542944
0.014124,382.733158,83.542944
0.014184,379.592358,83.542944
0.014447,374.093606,83.542944
0.015071,367.254109,83.542944
0.015176,365.851645,83.542944
0.015975,360.705949,83.542944
0.016577,357.902269,83.542944
0.016644,354.761469,83.542944
0.016843,348.188701,83.542944
0.017764,345.694877,83.542944
0.017822,342.554077,83.542944
0.019683,337.457830,83.542944
0.019749,334.317030,83.542944
0.020013,328.818278,83.542944
0.022184,324.404691,83.542944
0.022293,323.002227,83.542944
0.025275,320.354096,83.542944
0.025907,318.557811,83.542944
0.026107,316.596051,83.542944
0.026163,313.455251,83.542944
0.026696,310.633107,83.542944
0.029557,310.245395,83.542944
0.029773,306.246707,83.542944
0.033315,305.639203,83.542944
0.033425,302.645395,83.542944
0.042427,299.085053,83.542944
0.042467,298.954141,83.542944
0.049804,297.791133,83.542944
0.049849,297.660221,83.542944
0.053728,290.053994,83.542944
0.054101,286.720682,83.542944
0.054141,283.565098,83.542944
0.060763,282.100906,83.542944
0.076814,279.972627,83.542944
0.080014,279.365123,83.542944
0.080123,276.371315,83.542944
0.100621,272.763946,83.542944
0.111612,271.893498,83.542944
0.112124,271.060170,83.542944
0.112189,268.768778,83.542944
0.138610,268.431677,83.542944
0.140483,267.900998,83.542944
0.140569,264.760198,83.542944
0.140803,259.261446,83.542944
0.155876,255.977344,83.542944
0.172950,252.340464,83.542944
0.177335,250.320851,83.542944
0.179020,249.516768,83.542944
0.199707,248.294554,83.542944
0.200914,246.055549,83.542944
0.201537,244.701984,83.542944
0.221265,243.983514,83.542944
0.223050,242.850144,83.542944
0.230706,241.627930,83.542944
0.231944,240.627936,83.542944
0.340476,240.083616,83.542944
0.350766,236.061402,83.542944
0.482840,234.624538,83.542944
0.534145,232.824346,83.542944
0.548964,232.246643,83.542944
0.548990,232.176243,83.542944
0.846649,231.398675,83.542944
0.906099,225.353149,83.542944
0.916701,224.098374,83.542944
0.917027,220.225542,83.542944
0.917236,219.940400,83.542944
0.917373,214.955216,83.542944
0.918220,211.600829,83.542944
0.918234,210.541629,83.542944
0.919086,208.952698,83.542944
0.919100,207.893498,83.542944
0.919407,204.167485,83.542944
0.919465,203.878621,83.542944
0.920604,200.963811,83.542944
0.920747,199.837853,83.542944
0.931326,197.417168,83.542944
0.931373,196.887568,83.542944
0.932087,196.348134,83.542944
0.932413,195.677395,83.542944
0.932802,193.931965,83.542944
0.932860,191.917181,83.542944
0.936764,189.506074,83.542944
0.937253,185.809619,83.542944
0.937279,182.239219,83.542944
1.038221,178.307302,83.542944
1.038281,175.166502,83.542944
1.041215,169.677331,83.542944
3.063850,168.723312,83.542944
3.136730,168.723312,83.599648
3.136765,168.723312,83.773600
3.136804,168.723312,83.794624
3.136828,168.723312,83.813344
3.136855,168.723312,83.819360
3.136887,168.723312,83.828064
3.136944,168.723312,83.846624
3.136976,168.723312,83.885984
3.137008,168.723312,83.931744
3.137040,168.723312,83.958976
3.137076,168.723312,84.065126
3.137154,168.723312,84.126624
3.137187,168.723312,84.216992
3.137225,168.723312,84.224448
3.137263,168.723312,84.240384
3.137296,168.723312,84.241600
3.137324,168.723312,84.278656
3.137356,168.723312,84.365184
3.137395,168.723312,84.461245
3.137434,168.723312,84.465216
3.137474,168.723312,84.468864
3.137507,168.723312,84.498368
3.137540,168.723312,84.561446
3.137609,168.723312,84.642784
3.137634,168.723312,84.672544
3.137700,168.723312,84.740384
3.137732,168.723312,84.777456
3.137765,168.723312,84.790976
3.137801,168.723312,84.978464
3.137837,168.723312,84.988544
3.137876,168.723312,85.145184
3.137910,168.723312,85.153958
3.137943,168.723312,85.161312
3.138001,168.723312,85.168864
3.138038,168.723312,85.273824
3.138091,168.723312,85.294784
3.138124,168.723312,85.297168
3.138158,168.723312,85.379904
3.138198,168.723312,85.439206
3.138244,168.723312,85.489856
3.138282,168.723312,85.513216
3.138316,168.723312,85.531712
3.138361,168.723312,85.594784
3.138404,168.723312,85.594816
3.138446,168.723312,85.638016
3.138497,168.723312,85.698464
3.138538,168.723312,85.847904
3.138568,168.723312,85.887206
3.138598,168.723312,85.919424
3.138636,168.723312,85.924285
3.138673,168.723312,85.955104
3.138701,168.723312,86.058912
3.138747,168.723312,86.071104
3.138783,168.723312,86.181248
3.138837,168.723312,86.190944
3.138901,168.723312,86.201952
3.138934,168.723312,86.265126
3.138974,168.723312,86.272512
3.139010,168.723312,86.290944
3.139078,168.723312,86.350144
3.139112,168.723312,86.388496
3.139145,168.723312,86.402054
3.139185,168.723312,86.494470
3.139221,168.723312,86.508368
3.139267,168.723312,86.513296
3.139311,168.723312,86.520704
3.139343,168.723312,86.553984
3.139381,168.723312,86.563898
3.139423,168.723312,86.563936
3.139461,168.723312,86.599584
3.139529,168.723312,86.710694
3.139572,168.723312,86.720576
3.139601,168.723312,86.724416
3.139636,168.723312,86.753926
3.139680,168.723312,86.758784
3.139712,168.723312,86.787008
3.139744,168.723312,86.864992
3.139774,168.723312,86.909606
3.139847,168.723312,86.945344
3.139885,168.723312,86.990944
3.139920,168.723312,87.024070
3.139963,168.723312,87.029152
3.140003,168.723312,87.042912
3.140038,168.723312,87.258944
3.140077,168.723312,87.281126
3.140121,168.723312,87.304448
3.140154,168.723312,87.316608
3.140196,168.723312,87.346624
3.140239,168.723312,87.439216
3.140274,168.723312,87.455040
3.140316,168.723312,87.489818
3.140354,168.723312,87.494726
3.140389,168.723312,87.516912
3.140427,168.723312,87.528064
3.140466,168.723312,87.536704
3.140506,168.723312,87.539232
3.140597,168.723312,87.540384
3.140641,168.723312,87.621984
3.140683,168.723312,87.630400
3.140719,168.723312,87.635424
3.140755,168.723312,87.662656
3.140797,168.723312,87.668806
3.140837,168.723312,87.700864
3.140874,168.723312,87.716864
3.140918,168.723312,87.724288
3.141014,168.723312,87.739046
3.141047,168.723312,87.744064
3.141091,168.723312,87.781136
3.141130,168.723312,87.821798
3.141172,168.723312,87.959904
3.141215,168.723312,87.987296
3.141255,168.723312,88.028064
3.141329,168.723312,88.087206
3.141362,168.723312,88.135424
3.141404,168.723312,88.172544
3.141570,168.723312,88.180864
3.141609,168.723312,88.213158
3.141649,168.723312,88.229248
3.141695,168.723312,88.242784
3.141738,168.723312,88.242944
3.141772,168.723312,88.251366
3.141812,168.723312,88.253984
3.141847,168.723312,88.265126
3.141941,168.723312,88.333024
3.141989,168.723312,88.346464
3.142054,168.723312,88.354048
3.142099,168.723312,88.375968
3.142138,168.723312,88.381184
3.142180,168.723312,88.451424
3.142213,168.723312,88.457664
3.142270,168.723312,88.572416
3.142312,168.723312,88.581184
3.142358,168.723312,88.587206
3.142407,168.723312,88.590912
3.142450,168.723312,88.652576
3.142504,168.723312,88.653936
3.142545,168.723312,88.668864
3.142581,168.723312,88.692224
3.142625,168.723312,88.762368
3.142675,168.723312,88.784736
3.142716,168.723312,88.787296
3.142771,168.723312,88.814432
3.142814,168.723312,88.846464
3.142862,168.723312,88.846592
3.142909,168.723312,88.853984
3.142956,168.723312,88.857638
3.142996,168.723312,88.864992
3.143030,168.723312,88.869984
3.143121,168.723312,88.908256
3.143165,168.723312,88.944166
3.143215,168.723312,88.958784
3.143250,168.723312,88.982208
3.143336,168.723312,88.989856
3.143397,168.723312,88.994784
3.143449,168.723312,89.043968
3.143498,168.723312,89.062592
3.143548,168.723312,89.083584
3.143594,168.723312,89.094816
3.143639,168.723312,89.105824
3.143682,168.723312,89.109472
3.143726,168.723312,89.109606
3.143762,168.723312,89.176096
3.143803,168.723312,89.203424
3.143896,168.723312,89.255168
3.143940,168.723312,89.279968
3.143977,168.723312,89.350144
3.144017,168.723312,89.368864
3.144179,168.723312,89.372285
3.144230,168.723312,89.383584
3.144308,168.723312,89.392016
3.144351,168.723312,89.402144
3.144393,168.723312,89.407056
3.144443,168.723312,89.413213
3.144488,168.723312,89.420512
3.144538,168.723312,89.439104
3.144582,168.723312,89.453952
3.144633,168.723312,89.461254
3.144677,168.723312,89.472256
3.144721,168.723312,89.487264
3.144771,168.723312,89.488384
3.144820,168.723312,89.492032
3.144871,168.723312,89.508224
3.144925,168.723312,89.525472
3.144978,168.723312,89.531488
3.145021,168.723312,89.558688
3.145066,168.723312,89.584800
3.145108,168.723312,89.586176
3.145147,168.723312,89.608064
3.145199,168.723312,89.620646
3.145240,168.723312,89.658784
3.145286,168.723312,89.668701
3.145332,168.723312,89.692256
3.145378,168.723312,89.693536
3.145423,168.723312,89.713216
3.145469,168.723312,89.720672
3.145533,168.723312,89.762592
3.145586,168.723312,89.772512
3.145637,168.723312,89.813126
3.145685,168.723312,89.837856
3.145778,168.723312,89.860128
3.145824,168.723312,89.879744
3.145867,168.723312,89.885984
3.145908,168.723312,89.887392
3.146004,168.723312,89.910624
3.146054,168.723312,89.920704
3.146099,168.723312,89.926768
3.146154,168.723312,89.931744
3.146213,168.723312,89.946368
3.146250,168.723312,89.994624
3.146340,168.723312,89.998333
3.146398,168.723312,89.998400
3.146444,168.723312,90.001856
3.146500,168.723312,90.008368
3.146550,168.723312,90.036646
3.146596,168.723312,90.068806
3.146651,168.723312,90.115616
3.146697,168.723312,90.119456
3.146741,168.723312,90.129344
3.146829,168.723312,90.142816
3.146882,168.723312,90.145280
3.146926,168.723312,90.147584
3.146969,168.723312,90.164800
3.147026,168.723312,90.209504
3.147065,168.723312,90.224384
3.147132,168.723312,90.224416
3.147240,168.723312,90.267616
3.147297,168.723312,90.276000
3.147334,168.723312,90.284806
3.147387,168.723312,90.290784
3.147441,168.723312,90.303264
3.147490,168.723312,90.315648
3.147537,168.723312,90.332976
3.147579,168.723312,90.346496
3.147629,168.723312,90.391987
3.147683,168.723312,90.415488
3.147724,168.723312,90.417952
3.147765,168.723312,90.522912
3.147803,168.723312,90.530400
3.147863,168.723312,90.544064
3.147915,168.723312,90.552608
3.147971,168.723312,90.558752
3.148021,168.723312,90.567472
3.148090,168.723312,90.646592
3.148139,168.723312,90.652541
3.148193,168.723312,90.673632
3.148234,168.723312,90.676166
3.148333,168.723312,90.694624
3.148385,168.723312,90.709478
3.148441,168.723312,90.716832
3.148480,168.723312,90.737664
3.148532,168.723312,90.747686
3.148588,168.723312,90.748864
3.148647,168.723312,90.783520
3.148704,168.723312,90.810848
3.148752,168.723312,90.820544
3.148794,168.723312,90.835328
4.295826,168.723312,90.873696
4.295868,168.723312,90.897104
4.295900,168.723312,90.935424
4.295939,168.723312,90.990720
4.295972,168.723312,90.994726
4.296010,168.723312,90.998496
4.296079,168.723312,91.017024
4.296111,168.723312,91.157472
4.296147,168.723312,91.168608
4.296176,168.723312,91.188307
4.296209,168.723312,91.242912
4.296267,168.723312,91.258944
4.296345,168.723312,91.302208
4.296376,168.723312,91.303366
4.296411,168.723312,91.339206
4.296453,168.723312,91.403424
4.296513,168.723312,91.420672
4.296554,168.723312,91.428064
4.296584,168.723312,91.442726
4.296638,168.723312,91.446560
4.296677,168.723312,91.461344
4.296714,168.723312,91.510624
4.296740,168.723312,91.525478
4.296779,168.723312,91.545184
4.296819,168.723312,91.571197
4.296859,168.723312,91.598464
4.296897,168.723312,91.614432
4.296942,168.723312,91.631744
4.296975,168.723312,91.772544
4.297023,168.723312,91.776224
4.297053,168.723312,91.783584
4.297087,168.723312,91.818112
4.297122,168.723312,91.846464
4.297150,168.723312,91.873504
4.297187,168.723312,91.895846
4.297217,168.723312,91.921952
4.297256,168.723312,91.989766
4.297294,168.723312,92.017984
4.297321,168.723312,92.051584
4.297361,168.723312,92.053984
4.297395,168.723312,92.087392
4.297427,168.723312,92.119456
4.297465,168.723312,92.155104
4.297524,168.723312,92.166304
4.297563,168.723312,92.266304
4.297612,168.723312,92.282304
4.297645,168.723312,92.297216
4.297678,168.723312,92.305856
4.297768,168.723312,92.339174
4.297805,168.723312,92.372544
4.297845,168.723312,92.385824
4.297883,168.723312,92.420512
4.297941,168.723312,92.465126
4.298131,168.723312,92.513344
4.298215,168.723312,92.598432
4.298304,168.723312,92.614304
4.298346,168.723312,92.615584
4.298376,168.723312,92.635360
4.298414,168.723312,92.642886
4.298462,168.723312,92.702144
4.298498,168.723312,92.777344
4.298531,168.723312,92.820576
4.298564,168.723312,92.836646
4.298609,168.723312,92.872477
4.298646,168.723312,92.902144
4.298688,168.723312,92.920576
4.298729,168.723312,92.931686
4.298765,168.723312,92.964992
4.298802,168.723312,92.983645
4.298841,168.723312,92.994736
4.298874,168.723312,93.002176
4.298916,168.723312,93.048960
4.298954,168.723312,93.051584
4.298989,168.723312,93.052672
4.299026,168.723312,93.069792
4.299060,168.723312,93.177504
4.299156,168.723312,93.179904
4.299197,168.723312,93.190944
4.299234,168.723312,93.229152
4.299273,168.723312,93.231776
4.299317,168.723312,93.256288
4.299359,168.723312,93.271296
4.299407,168.723312,93.283536
4.299447,168.723312,93.286112
4.299486,168.723312,93.304496
4.299522,168.723312,93.373664
4.299555,168.723312,93.378592
4.299594,168.723312,93.403104
4.299634,168.723312,93.476192
4.299721,168.723312,93.508368
4.299761,168.723312,93.582272
4.299862,168.723312,93.583584
4.299971,168.723312,93.604544
4.300012,168.723312,93.619456
4.300063,168.723312,93.642726
4.300096,168.723312,93.701917
4.300128,168.723312,93.724416
4.300166,168.723312,93.739133
4.300215,168.723312,93.798464
4.300248,168.723312,93.799424
4.300286,168.723312,93.820646
4.300330,168.723312,93.824256
4.300371,168.723312,93.828064
4.300430,168.723312,93.860032
4.300475,168.723312,93.877376
4.300526,168.723312,93.901984
4.300559,168.723312,94.031744
4.300598,168.723312,94.086016
4.300635,168.723312,94.151366
4.300675,168.723312,94.161254
4.300709,168.723312,94.166144
4.300746,168.723312,94.186048
4.300791,168.723312,94.189664
4.300841,168.723312,94.215776
4.300875,168.723312,94.224128
4.300928,168.723312,94.267328
4.300961,168.723312,94.267360
4.300994,168.723312,94.268736
4.301052,168.723312,94.316992
4.301100,168.723312,94.413158
4.301138,168.723312,94.419270
4.301174,168.723312,94.420512
4.301241,168.723312,94.438976
4.301275,168.723312,94.451366
4.301320,168.723312,94.499686
4.301358,168.723312,94.505856
4.301399,168.723312,94.514304
4.301431,168.723312,94.542896
4.301508,168.723312,94.577376
4.301553,168.723312,94.596960
4.301586,168.723312,94.604454
4.301626,168.723312,94.605664
4.301662,168.723312,94.665126
4.301695,168.723312,94.698406
4.301790,168.723312,94.715648
4.301831,168.723312,94.740256
4.301874,168.723312,94.750176
4.301906,168.723312,94.758944
4.302224,168.723312,94.783584
4.302308,168.723312,94.792224
4.302344,168.723312,94.803366
4.302391,168.723312,94.827750
4.302427,168.723312,94.853984
4.302478,168.723312,94.857408
4.302510,168.723312,94.867296
4.302556,168.723312,94.894717
4.302590,168.723312,94.895936
4.302633,168.723312,94.905664
4.302665,168.723312,94.924384
4.302698,168.723312,94.957664
4.302730,168.723312,94.967552
4.302769,168.723312,94.995808
4.302802,168.723312,95.037766
4.302851,168.723312,95.107104
4.302888,168.723312,95.120288
4.302923,168.723312,95.122976
4.302975,168.723312,95.156416
4.303008,168.723312,95.183654
4.303095,168.723312,95.198496
4.303177,168.723312,95.214304
4.303210,168.723312,95.224400
4.303249,168.723312,95.235168
4.303284,168.723312,95.236704
4.303326,168.723312,95.250304
4.303408,168.723312,95.275968
4.303442,168.723312,95.287296
4.303484,168.723312,95.305664
4.303519,168.723312,95.373536
4.303560,168.723312,95.376096
4.303605,168.723312,95.431744
4.303651,168.723312,95.432992
4.303703,168.723312,95.440448
4.303753,168.723312,95.441344
4.303788,168.723312,95.442912
4.303998,168.723312,95.471168
4.304054,168.723312,95.476224
4.304096,168.723312,95.505856
4.304134,168.723312,95.531712
4.304214,168.723312,95.550144
4.304252,168.723312,95.564800
4.304295,168.723312,95.588224
4.304334,168.723312,95.662496
4.304372,168.723312,95.678470
4.304417,168.723312,95.709376
4.304468,168.723312,95.765024
4.304506,168.723312,95.784864
4.304548,168.723312,95.785984
4.304643,168.723312,95.789760
4.304697,168.723312,95.797120
4.304761,168.723312,95.864893
4.304798,168.723312,95.879846
4.304900,168.723312,95.888544
4.304946,168.723312,95.897117
4.304995,168.723312,95.931744
4.305089,168.723312,95.945152
4.305130,168.723312,95.982176
4.305167,168.723312,95.989856
4.305211,168.723312,96.034048
4.305245,168.723312,96.050272
4.305296,168.723312,96.082336
4.305338,168.723312,96.109472
4.305375,168.723312,96.141565
4.305420,168.723312,96.167360
4.305457,168.723312,96.193440
4.305510,168.723312,96.194624
4.305554,168.723312,96.229152
4.305592,168.723312,96.235456
4.305642,168.723312,96.236704
4.305738,168.723312,96.250144
4.305783,168.723312,96.252736
4.305832,168.723312,96.269789
4.305881,168.723312,96.311808
4.305920,168.723312,96.324253
4.305966,168.723312,96.358912
4.306011,168.723312,96.360000
4.306047,168.723312,96.369875
4.306104,168.723312,96.390848
4.306154,168.723312,96.402144
4.306208,168.723312,96.441437
4.306325,168.723312,96.457728
4.306377,168.723312,96.503104
4.306428,168.723312,96.539174
4.306478,168.723312,96.554016
4.306564,168.723312,96.572544
4.306650,168.723312,96.596960
4.306688,168.723312,96.597152
4.306726,168.723312,96.624192
4.306778,168.723312,96.690944
4.306815,168.723312,96.698416
4.306902,168.723312,96.701885
4.306942,168.723312,96.724128
4.306980,168.723312,96.742822
4.307022,168.723312,96.795904
4.307074,168.723312,96.798432
4.307171,168.723312,96.798464
4.307217,168.723312,96.799376
4.307259,168.723312,96.801984
4.307310,168.723312,96.839264
4.307364,168.723312,96.846368
4.307402,168.723312,96.884672
4.307438,168.723312,96.894726
4.307530,168.723312,96.976192
4.307579,168.723312,96.981152
4.307624,168.723312,96.983584
4.307662,168.723312,96.998246
4.307700,168.723312,97.002080
4.307750,168.723312,97.004352
4.307786,168.723312,97.035360
4.307826,168.723312,97.057693
4.307865,168.723312,97.129152
4.990983,168.723312,97.246496
4.991012,168.723312,97.260032
4.991041,168.723312,97.262406
4.991074,168.723312,97.284832
4.991119,168.723312,97.287264
4.991192,168.723312,97.328064
4.991241,168.723312,97.360160
4.991304,168.723312,97.379936
4.991340,168.723312,97.397056
4.991374,168.723312,97.406944
4.991403,168.723312,97.451366
4.991435,168.723312,97.467488
4.991476,168.723312,97.477472
4.991517,168.723312,97.502112
4.991585,168.723312,97.530310
4.991618,168.723312,97.550208
4.991647,168.723312,97.554944
4.991678,168.723312,97.561376
4.991707,168.723312,97.581126
4.991741,168.723312,97.582240
4.991777,168.723312,97.642912
4.991816,168.723312,97.701926
4.991849,168.723312,97.705888
4.991887,168.723312,97.710624
4.991917,168.723312,97.715494
4.991953,168.723312,97.763840
4.992007,168.723312,97.805536
4.992040,168.723312,97.822848
4.992070,168.723312,97.852576
4.992101,168.723312,97.894694
4.992137,168.723312,97.928000
4.992174,168.723312,97.930464
4.992208,168.723312,97.961184
4.992239,168.723312,97.964960
4.992283,168.723312,97.966304
4.992314,168.723312,97.972000
4.992348,168.723312,97.976032
4.992377,168.723312,98.008032
4.992411,168.723312,98.020646
4.992482,168.723312,98.022877
4.992514,168.723312,98.085920
4.992541,168.723312,98.135264
4.992573,168.723312,98.137968
4.992608,168.723312,98.171104
4.992641,168.723312,98.183392
4.992680,168.723312,98.198406
4.992723,168.723312,98.203366
4.992796,168.723312,98.217984
4.992825,168.723312,98.237600
4.992853,168.723312,98.242688
4.992891,168.723312,98.262272
4.992924,168.723312,98.272285
4.992955,168.723312,98.297216
4.993051,168.723312,98.368800
4.993080,168.723312,98.376096
4.993142,168.723312,98.395936
4.993185,168.723312,98.415552
4.993212,168.723312,98.429024
4.993246,168.723312,98.471206
4.993278,168.723312,98.473766
4.993315,168.723312,98.487072
4.993349,168.723312,98.487206
4.993386,168.723312,98.506944
4.993419,168.723312,98.507046
4.993463,168.723312,98.544064
4.993503,168.723312,98.579712
4.993534,168.723312,98.590944
4.993644,168.723312,98.593299
4.993680,168.723312,98.609344
4.993712,168.723312,98.631744
4.993746,168.723312,98.661344
4.993802,168.723312,98.733024
4.993839,168.723312,98.763840
4.993871,168.723312,98.772454
4.993917,168.723312,98.787296
4.993962,168.723312,98.938976
4.993994,168.723312,98.939104
4.994026,168.723312,99.020384
4.994058,168.723312,99.031712
4.994102,168.723312,99.089606
4.994139,168.723312,99.097024
4.994168,168.723312,99.097107
4.994211,168.723312,99.104384
4.994249,168.723312,99.120544
4.994294,168.723312,99.145184
4.994335,168.723312,99.172496
4.994515,168.723312,99.179904
4.994553,168.723312,99.193440
4.994641,168.723312,99.198246
4.994675,168.723312,99.215677
4.994707,168.723312,99.225408
4.994748,168.723312,99.280864
4.994788,168.723312,99.288352
4.994821,168.723312,99.350016
4.994854,168.723312,99.353917
4.994892,168.723312,99.357510
4.994929,168.723312,99.388544
4.995057,168.723312,99.442784
4.995147,168.723312,99.465085
4.995188,168.723312,99.477376
4.995220,168.723312,99.480915
4.995263,168.723312,99.489632
4.995309,168.723312,99.493312
4.995350,168.723312,99.508416
4.995404,168.723312,99.530304
4.995449,168.723312,99.530464
4.995484,168.723312,99.533824
4.995515,168.723312,99.587264
4.995553,168.723312,99.624192
4.995588,168.723312,99.641536
4.995632,168.723312,99.665184
4.995900,168.723312,99.716774
4.995970,168.723312,99.846544
4.996017,168.723312,99.854000
4.996063,168.723312,99.872512
4.996109,168.723312,99.879904
4.996169,168.723312,99.887072
4.996204,168.723312,99.909472
4.996259,168.723312,99.976032
4.996294,168.723312,99.976064
4.996332,168.723312,99.985952
4.996378,168.723312,100.007104
4.996436,168.723312,100.036518
4.996476,168.723312,100.056224
4.996510,168.723312,100.061376
4.996561,168.723312,100.079846
4.996632,168.723312,100.090976
4.996671,168.723312,100.094528
4.996725,168.723312,100.142656
4.996760,168.723312,100.197056
4.996803,168.723312,100.198416
4.996839,168.723312,100.202016
4.996880,168.723312,100.205856
4.996921,168.723312,100.216704
4.996955,168.723312,100.220646
4.996987,168.723312,100.240192
4.997028,168.723312,100.257696
4.997113,168.723312,100.361344
4.997147,168.723312,100.383270
4.997188,168.723312,100.398144
4.997227,168.723312,100.405792
4.997317,168.723312,100.415552
4.997353,168.723312,100.446301
4.997387,168.723312,100.508096
4.997425,168.723312,100.510566
4.997460,168.723312,100.513184
4.997490,168.723312,100.520544
4.997528,168.723312,100.526464
4.997573,168.723312,100.531776
4.997609,168.723312,100.535296
4.997658,168.723312,100.619357
4.997693,168.723312,100.619456
4.997734,168.723312,100.634182
4.997773,168.723312,100.675808
4.997809,168.723312,100.693280
4.997850,168.723312,100.739174
4.998003,168.723312,100.748768
4.998037,168.723312,100.748800
4.998071,168.723312,100.754016
4.998159,168.723312,100.769824
4.998195,168.723312,100.772464
4.998234,168.723312,100.775933
4.998270,168.723312,100.790688
4.998307,168.723312,100.792224
4.998365,168.723312,100.800704
4.998456,168.723312,100.822880
4.998501,168.723312,100.822944
4.998533,168.723312,100.835392
4.998575,168.723312,100.846406
4.998613,168.723312,100.855027
4.998655,168.723312,100.893216
4.998691,168.723312,100.912870
4.998736,168.723312,100.918112
4.998771,168.723312,100.920416
4.998808,168.723312,100.921824
4.998843,168.723312,100.933024
4.998881,168.723312,100.950176
4.998920,168.723312,100.957664
4.998963,168.723312,100.996864
4.998999,168.723312,100.998336
4.999045,168.723312,100.998432
4.999122,168.723312,101.011904
4.999155,168.723312,101.026816
4.999188,168.723312,101.029056
4.999232,168.723312,101.043936
4.999270,168.723312,101.061376
4.999305,168.723312,101.078400
4.999340,168.723312,101.086016
4.999429,168.723312,101.105664
4.999467,168.723312,101.122931
4.999558,168.723312,101.146525
4.999604,168.723312,101.167328
4.999642,168.723312,101.181152
4.999682,168.723312,101.198080
4.999725,168.723312,101.205408
4.999768,168.723312,101.206784
4.999801,168.723312,101.224368
4.999844,168.723312,101.228006
4.999917,168.723312,101.389766
4.999960,168.723312,101.435296
4.999999,168.723312,101.448992
5.000046,168.723312,101.451552
5.000088,168.723312,101.487264
5.000294,168.723312,101.500672
5.000351,168.723312,101.511904
5.000482,168.723312,101.516893
5.000524,168.723312,101.532966
5.000573,168.723312,101.541536
5.000609,168.723312,101.546406
5.000654,168.723312,101.556256
5.000702,168.723312,101.589568
5.000743,168.723312,101.616768
5.000781,168.723312,101.635424
5.000818,168.723312,101.653984
5.000947,168.723312,101.675872
5.000986,168.723312,101.679712
5.001025,168.723312,101.737616
5.001069,168.723312,101.757408
5.001113,168.723312,101.784672
5.001151,168.723312,101.787104
5.001190,168.723312,101.792224
5.001238,168.723312,101.795936
5.001283,168.723312,101.822912
5.001321,168.723312,101.841469
5.001360,168.723312,101.846624
5.001407,168.723312,101.865184
5.001486,168.723312,101.868806
5.001525,168.723312,101.914432
5.001623,168.723312,101.915520
5.001665,168.723312,101.963808
5.001710,168.723312,102.009408
5.001751,168.723312,102.094694
5.001801,168.723312,102.101853
5.001844,168.723312,102.120576
5.001890,168.723312,102.128064
5.001970,168.723312,102.143936
5.002010,168.723312,102.147616
5.002054,168.723312,102.180864
5.002097,168.723312,102.200646
5.002141,168.723312,102.203168
5.002184,168.723312,102.210726
5.002282,168.723312,102.253936
5.002322,168.723312,102.261309
5.002367,168.723312,102.271200
5.002465,168.723312,102.277414
5.002510,168.723312,102.335360
5.002551,168.723312,102.335488
5.002656,168.723312,102.336448
5.002707,168.723312,102.346333
5.002747,168.723312,102.353984
5.002795,168.723312,102.400576
5.002836,168.723312,102.463616
5.002878,168.723312,102.468544
5.002922,168.723312,102.468550
5.002964,168.723312,102.493184
5.003005,168.723312,102.536672
5.003049,168.723312,102.558560
5.003088,168.723312,102.563776
5.003131,168.723312,102.578496
5.003190,168.723312,102.593245
5.003230,168.723312,102.593344
5.003279,168.723312,102.636672
5.003333,168.723312,102.674720
5.003376,168.723312,102.679904
5.003420,168.723312,102.689632
5.003487,168.723312,102.689760
5.003528,168.723312,102.700704
5.003583,168.723312,102.761088
5.003625,168.723312,102.775933
5.440065,168.723312,102.790877
5.440096,168.723312,102.793248
5.440125,168.723312,102.815616
5.440152,168.723312,102.835200
5.440182,168.723312,102.866208
5.440212,168.723312,102.935456
5.440240,168.723312,102.939168
5.440274,168.723312,102.945376
5.440316,168.723312,102.982272
5.440346,168.723312,102.999392
5.440386,168.723312,103.023037
5.440417,168.723312,103.031402
5.440454,168.723312,103.057632
5.440582,168.723312,103.063744
5.440625,168.723312,103.078400
5.440656,168.723312,103.084800
5.440688,168.723312,103.094400
5.440728,168.723312,103.136646
5.440764,168.723312,103.147558
5.440801,168.723312,103.171155
5.440833,168.723312,103.173504
5.440861,168.723312,103.180928
5.440899,168.723312,103.183325
5.440929,168.723312,103.195840
5.440961,168.723312,103.197888
5.440995,168.723312,103.198432
5.441025,168.723312,103.224262
5.441060,168.723312,103.246496
5.441103,168.723312,103.260000
5.441137,168.723312,103.277344
5.441175,168.723312,103.297056
5.441215,168.723312,103.325504
5.441248,168.723312,103.361056
5.441283,168.723312,103.395968
5.441353,168.723312,103.440096
5.441386,168.723312,103.441408
5.441420,168.723312,103.509194
5.441453,168.723312,103.509472
5.441492,168.723312,103.516832
5.441520,168.723312,103.521824
5.441587,168.723312,103.539133
5.441616,168.723312,103.546464
5.441673,168.723312,103.562592
5.441713,168.723312,103.571104
5.441749,168.723312,103.611968
5.441784,168.723312,103.626592
5.441811,168.723312,103.687264
5.441840,168.723312,103.693405
5.441884,168.723312,103.705856
5.441933,168.723312,103.724096
5.441965,168.723312,103.726656
5.442001,168.723312,103.741504
5.442040,168.723312,103.758886
5.442074,168.723312,103.783526
5.442106,168.723312,103.786045
5.442140,168.723312,103.789638
5.442176,168.723312,103.802096
5.442238,168.723312,103.861376
5.442267,168.723312,103.867274
5.442303,168.723312,103.890656
5.442344,168.723312,103.898080
5.442374,168.723312,103.924285
5.442411,168.723312,103.924326
5.442439,168.723312,103.948928
5.442473,168.723312,103.950112
5.442512,168.723312,103.995936
5.442544,168.723312,104.010592
5.442584,168.723312,104.014374
5.442619,168.723312,104.029286
5.442655,168.723312,104.031648
5.442695,168.723312,104.073568
5.442728,168.723312,104.156384
5.442783,168.723312,104.168576
5.442827,168.723312,104.219104
5.442865,168.723312,104.247392
5.442899,168.723312,104.260032
5.442933,168.723312,104.287008
5.442971,168.723312,104.334016
5.443003,168.723312,104.337568
5.443036,168.723312,104.337856
5.443084,168.723312,104.371040
5.443116,168.723312,104.374816
5.443149,168.723312,104.392096
5.443177,168.723312,104.450048
5.443218,168.723312,104.457696
5.443305,168.723312,104.526717
5.443342,168.723312,104.536448
5.443378,168.723312,104.541533
5.443424,168.723312,104.567360
5.443454,168.723312,104.611891
5.443486,168.723312,104.637632
5.443520,168.723312,104.652576
5.443551,168.723312,104.668522
5.443584,168.723312,104.683520
5.443653,168.723312,104.685917
5.443689,168.723312,104.717952
5.443730,168.723312,104.727808
5.443765,168.723312,104.731520
5.443801,168.723312,104.731686
5.443841,168.723312,104.761312
5.443924,168.723312,104.816608
5.443964,168.723312,104.829184
5.444000,168.723312,104.846592
5.444037,168.723312,104.874848
5.444075,168.723312,104.887264
5.444109,168.723312,104.896992
5.444139,168.723312,104.897085
5.444179,168.723312,104.957568
5.444210,168.723312,104.959904
5.444252,168.723312,104.960093
5.444355,168.723312,104.961446
5.444539,168.723312,104.965888
5.444570,168.723312,104.967264
5.444604,168.723312,104.974816
5.444645,168.723312,104.982336
5.444686,168.723312,104.988384
5.444718,168.723312,105.057408
5.444750,168.723312,105.069715
5.444786,168.723312,105.069760
5.444820,168.723312,105.072384
5.444853,168.723312,105.105533
5.444890,168.723312,105.122854
5.444928,168.723312,105.136736
5.444965,168.723312,105.139046
5.445007,168.723312,105.143904
5.445037,168.723312,105.167392
5.445079,168.723312,105.172544
5.445128,168.723312,105.178432
5.445172,168.723312,105.187050
5.445210,168.723312,105.226816
5.445253,168.723312,105.231616
5.445332,168.723312,105.253984
5.445428,168.723312,105.261158
5.445467,168.723312,105.269920
5.445501,168.723312,105.311709
5.445537,168.723312,105.316832
5.445579,168.723312,105.373696
5.445620,168.723312,105.387238
5.445658,168.723312,105.390790
5.445702,168.723312,105.415392
5.445738,168.723312,105.420544
5.445810,168.723312,105.445120
5.445848,168.723312,105.446336
5.445889,168.723312,105.466112
5.445937,168.723312,105.553696
5.446021,168.723312,105.575936
5.446059,168.723312,105.603232
5.446107,168.723312,105.610368
5.446142,168.723312,105.673824
5.446229,168.723312,105.674880
5.446306,168.723312,105.697117
5.446377,168.723312,105.708224
5.446419,168.723312,105.726624
5.446465,168.723312,105.740192
5.446511,168.723312,105.748704
5.446547,168.723312,105.764960
5.446579,168.723312,105.790758
5.446622,168.723312,105.822912
5.446667,168.723312,105.836512
5.446707,168.723312,105.878560
5.446750,168.723312,105.966176
5.446790,168.723312,105.974758
5.446831,168.723312,105.976096
5.446862,168.723312,105.987072
5.446898,168.723312,105.989632
5.446930,168.723312,106.000659
5.446963,168.723312,106.019296
5.447000,168.723312,106.030464
5.447050,168.723312,106.038944
5.447091,168.723312,106.083296
5.447134,168.723312,106.093312
5.447170,168.723312,106.145024
5.447202,168.723312,106.172544
5.447248,168.723312,106.253728
5.447283,168.723312,106.254944
5.447327,168.723312,106.256381
5.447372,168.723312,106.259808
5.447414,168.723312,106.282195
5.447449,168.723312,106.283584
5.447490,168.723312,106.294694
5.447572,168.723312,106.347392
5.447607,168.723312,106.397152
5.447650,168.723312,106.419200
5.447697,168.723312,106.421766
5.447736,168.723312,106.437824
5.447777,168.723312,106.477414
5.447818,168.723312,106.488352
5.447856,168.723312,106.488544
5.447890,168.723312,106.494342
5.447929,168.723312,106.504467
5.447967,168.723312,106.515520
5.448009,168.723312,106.572416
5.448055,168.723312,106.587232
5.448091,168.723312,106.595507
5.448126,168.723312,106.604454
5.448166,168.723312,106.627872
5.448199,168.723312,106.634109
5.448276,168.723312,106.641536
5.448313,168.723312,106.648768
5.448352,168.723312,106.650048
5.448391,168.723312,106.687136
5.448436,168.723312,106.690944
5.448508,168.723312,106.724064
5.448551,168.723312,106.736672
5.448646,168.723312,106.761312
5.448736,168.723312,106.783526
5.448823,168.723312,106.786880
5.448861,168.723312,106.900672
5.448903,168.723312,106.901760
5.448940,168.723312,106.902112
5.449016,168.723312,106.941184
5.449051,168.723312,106.992160
5.449091,168.723312,107.001853
5.449133,168.723312,107.002176
5.449170,168.723312,107.007072
5.449211,168.723312,107.013216
5.449246,168.723312,107.036435
5.449286,168.723312,107.042784
5.449365,168.723312,107.076064
5.449403,168.723312,107.092198
5.449444,168.723312,107.107936
5.449483,168.723312,107.114256
5.449535,168.723312,107.153728
5.449588,168.723312,107.208029
5.449630,168.723312,107.222816
5.449668,168.723312,107.227901
5.449713,168.723312,107.236544
5.449748,168.723312,107.246464
5.449794,168.723312,107.254976
5.449834,168.723312,107.259840
5.449879,168.723312,107.260070
5.449921,168.723312,107.260128
5.449963,168.723312,107.266195
5.450002,168.723312,107.282144
5.450055,168.723312,107.300864
5.450101,168.723312,107.304608
5.450139,168.723312,107.313126
5.450179,168.723312,107.322899
5.450215,168.723312,107.327741
5.450276,168.723312,107.341536
5.450319,168.723312,107.382112
5.450360,168.723312,107.424326
5.450395,168.723312,107.474816
5.450436,168.723312,107.482080
5.450474,168.723312,107.495808
5.450524,168.723312,107.495904
5.450570,168.723312,107.516896
5.450625,168.723312,107.531776
5.450669,168.723312,107.532736
5.450720,168.723312,107.533917
5.450799,168.723312,107.545222
5.450842,168.723312,107.583520
5.450880,168.723312,107.611744
5.450922,168.723312,107.632710
5.450967,168.723312,107.647584
5.451010,168.723312,107.668576
5.451043,168.723312,107.671229
5.451087,168.723312,107.678515
5.451128,168.723312,107.682176
5.451169,168.723312,107.690877
5.451243,168.723312,107.715424
5.451293,168.723312,107.722931
5.451336,168.723312,107.732966
5.451379,168.723312,107.754963
5.451425,168.723312,107.756317
5.451477,168.723312,107.788320
5.451519,168.723312,107.810592
5.451564,168.723312,107.825440
5.451614,168.723312,107.841510
5.451666,168.723312,107.860093
5.451705,168.723312,107.862496
5.451751,168.723312,107.878464
5.451815,168.723312,107.915488
5.451861,168.723312,107.921600
5.451912,168.723312,107.925248
5.451958,168.723312,107.939232
5.452057,168.723312,107.945213
5.452102,168.723312,107.983526
5.452197,168.723312,107.985888
5.452243,168.723312,108.068608
5.452285,168.723312,108.087050
5.452325,168.723312,108.088416
5.452380,168.723312,108.095808
5.452424,168.723312,108.100640
5.452470,168.723312,108.108064
5.452528,168.723312,108.110611
5.452574,168.723312,108.111744
5.452611,168.723312,108.112928
5.452663,168.723312,108.115616
5.452711,168.723312,108.116832
5.452758,168.723312,108.140192
5.452813,168.723312,108.182336
5.452856,168.723312,108.189824
5.452905,168.723312,108.206912
5.452948,168.723312,108.212925
5.452992,168.723312,108.219232
5.453037,168.723312,108.238944
5.453085,168.723312,108.244970
5.773906,168.723312,108.246304
5.773939,168.723312,108.274909
5.773977,168.723312,108.292128
5.774013,168.723312,108.295654
5.774050,168.723312,108.298304
5.774087,168.723312,108.371136
5.774118,168.723312,108.379648
5.774144,168.723312,108.390662
5.774179,168.723312,108.427933
5.774216,168.723312,108.445248
5.774252,168.723312,108.475936
5.774279,168.723312,108.495744
5.774325,168.723312,108.530336
5.774367,168.723312,108.554912
5.774394,168.723312,108.558784
5.774440,168.723312,108.577376
5.774472,168.723312,108.586922
5.774498,168.723312,108.620202
5.774531,168.723312,108.630304
5.774570,168.723312,108.649920
5.774598,168.723312,108.654976
5.774631,168.723312,108.657696
5.774741,168.723312,108.683200
5.774776,168.723312,108.703078
5.774802,168.723312,108.715552
5.774828,168.723312,108.716550
5.774861,168.723312,108.721606
5.774892,168.723312,108.735082
5.774925,168.723312,108.736448
5.774960,168.723312,108.747616
5.775007,168.723312,108.758685
5.775046,168.723312,108.767430
5.775082,168.723312,108.768544
5.775123,168.723312,108.790976
5.775156,168.723312,108.798080
5.775190,168.723312,108.832746
5.775252,168.723312,108.868733
5.775288,168.723312,108.884595
5.775321,168.723312,108.888320
5.775349,168.723312,108.941258
5.775382,168.723312,108.952544
5.775423,168.723312,108.966112
5.775463,168.723312,108.989437
5.775502,168.723312,109.004256
5.775547,168.723312,109.009088
5.775578,168.723312,109.056138
5.775612,168.723312,109.056224
5.775667,168.723312,109.058656
5.775694,168.723312,109.061152
5.775728,168.723312,109.068864
5.775793,168.723312,109.097085
5.775832,168.723312,109.101984
5.775860,168.723312,109.111699
5.775892,168.723312,109.119136
5.775929,168.723312,109.123968
5.775960,168.723312,109.145152
5.775988,168.723312,109.148864
5.776019,168.723312,109.170950
5.776059,168.723312,109.171200
5.776089,168.723312,109.217952
5.776118,168.723312,109.230272
5.776149,168.723312,109.242784
5.776179,168.723312,109.288576
5.776231,168.723312,109.330144
5.776261,168.723312,109.347648
5.776292,168.723312,109.368576
5.776324,168.723312,109.369984
5.776368,168.723312,109.371040
5.776396,168.723312,109.384704
5.776436,168.723312,109.395888
5.776474,168.723312,109.399552
5.776511,168.723312,109.406944
5.776561,168.723312,109.408096
5.776599,168.723312,109.414304
5.776638,168.723312,109.416768
5.776667,168.723312,109.426624
5.776701,168.723312,109.445024
5.776732,168.723312,109.445066
5.776769,168.723312,109.451315
5.776806,168.723312,109.452646
5.776848,168.723312,109.477312
5.776890,168.723312,109.479846
5.777242,168.723312,109.487104
5.777297,168.723312,109.508064
5.777338,168.723312,109.574941
5.777409,168.723312,109.585728
5.777443,168.723312,109.595744
5.777490,168.723312,109.601952
5.777524,168.723312,109.604256
5.777567,168.723312,109.615507
5.777609,168.723312,109.643914
5.777649,168.723312,109.677280
5.777681,168.723312,109.679776
5.777716,168.723312,109.706912
5.777765,168.723312,109.725427
5.777803,168.723312,109.737728
5.777841,168.723312,109.745149
5.777893,168.723312,109.745184
5.777935,168.723312,109.746310
5.777975,168.723312,109.761312
5.778044,168.723312,109.763677
5.778078,168.723312,109.787248
5.778160,168.723312,109.800672
5.778195,168.723312,109.801984
5.778248,168.723312,109.833952
5.778285,168.723312,109.877408
5.778354,168.723312,109.883328
5.778393,168.723312,109.887264
5.778441,168.723312,109.896960
5.778472,168.723312,109.898176
5.778511,168.723312,109.924192
5.778553,168.723312,109.951264
5.778601,168.723312,109.990912
5.778649,168.723312,109.998374
5.778824,168.723312,110.009152
5.778859,168.723312,110.010784
5.778913,168.723312,110.014214
5.778952,168.723312,110.022976
5.778986,168.723312,110.032800
5.779033,168.723312,110.038848
5.779070,168.723312,110.047616
5.779116,168.723312,110.069984
5.779160,168.723312,110.071104
5.779236,168.723312,110.071136
5.779287,168.723312,110.082176
5.779325,168.723312,110.082237
5.779396,168.723312,110.108192
5.779437,168.723312,110.157568
5.779480,168.723312,110.159872
5.779524,168.723312,110.162336
5.779560,168.723312,110.163584
5.779595,168.723312,110.173504
5.779641,168.723312,110.192032
5.779689,168.723312,110.237856
5.779727,168.723312,110.267485
5.779772,168.723312,110.270848
5.779814,168.723312,110.278442
5.779864,168.723312,110.290912
5.779943,168.723312,110.304416
5.779988,168.723312,110.306752
5.780027,168.723312,110.346368
5.780058,168.723312,110.356307
5.780105,168.723312,110.367456
5.780141,168.723312,110.402112
5.780182,168.723312,110.405728
5.780235,168.723312,110.412938
5.780276,168.723312,110.437798
5.780318,168.723312,110.463520
5.780355,168.723312,110.475936
5.780400,168.723312,110.495814
5.780441,168.723312,110.528992
5.780483,168.723312,110.555008
5.780522,168.723312,110.569792
5.780577,168.723312,110.571069
5.780617,168.723312,110.574944
5.780664,168.723312,110.619114
5.780712,168.723312,110.663680
5.780753,168.723312,110.681056
5.780798,168.723312,110.682112
5.780843,168.723312,110.688275
5.780875,168.723312,110.692256
5.780910,168.723312,110.701984
5.780948,168.723312,110.704416
5.780988,168.723312,110.710752
5.781083,168.723312,110.716896
5.781120,168.723312,110.726592
5.781162,168.723312,110.774624
5.781198,168.723312,110.782269
5.781241,168.723312,110.785664
5.781277,168.723312,110.801824
5.781317,168.723312,110.811776
5.781352,168.723312,110.833949
5.781391,168.723312,110.857696
5.781426,168.723312,110.861216
5.781461,168.723312,110.873536
5.781491,168.723312,110.889664
5.781533,168.723312,110.892192
5.781577,168.723312,110.911776
5.781631,168.723312,110.925312
5.781666,168.723312,110.925414
5.781705,168.723312,110.935232
5.781740,168.723312,110.948896
5.781781,168.723312,110.961312
5.781828,168.723312,110.963712
5.781873,168.723312,111.004486
5.781913,168.723312,111.008000
5.781951,168.723312,111.008157
5.781989,168.723312,111.015549
5.782027,168.723312,111.026560
5.782073,168.723312,111.033952
5.782104,168.723312,111.145312
5.782146,168.723312,111.164960
5.782217,168.723312,111.168480
5.782253,168.723312,111.171072
5.782341,168.723312,111.174822
5.782382,168.723312,111.204362
5.782415,168.723312,111.240285
5.782451,168.723312,111.266048
5.782491,168.723312,111.273440
5.782535,168.723312,111.289472
5.782578,168.723312,111.305450
5.782619,168.723312,111.318016
5.782697,168.723312,111.322877
5.782731,168.723312,111.334176
5.782769,168.723312,111.368448
5.782814,168.723312,111.371168
5.782857,168.723312,111.417952
5.782902,168.723312,111.419050
5.782940,168.723312,111.441533
5.783101,168.723312,111.495805
5.783147,168.723312,111.531168
5.783192,168.723312,111.541376
5.783235,168.723312,111.556256
5.783268,168.723312,111.577088
5.783305,168.723312,111.592064
5.783350,168.723312,111.614291
5.783387,168.723312,111.625344
5.783421,168.723312,111.663584
5.783461,168.723312,111.694336
5.783502,168.723312,111.709344
5.783552,168.723312,111.716896
5.783654,168.723312,111.737696
5.783693,168.723312,111.748992
5.783752,168.723312,111.789491
5.783791,168.723312,111.812608
5.783839,168.723312,111.842474
5.783876,168.723312,111.850176
5.783925,168.723312,111.858752
5.783979,168.723312,111.874976
5.784023,168.723312,111.951456
5.784060,168.723312,111.957354
5.784097,168.723312,111.959968
5.784133,168.723312,111.989600
5.784167,168.723312,111.997149
5.784211,168.723312,112.006826
5.784252,168.723312,112.011837
5.784285,168.723312,112.019200
5.784324,168.723312,112.045184
5.784369,168.723312,112.057574
5.784418,168.723312,112.059936
5.784453,168.723312,112.093344
5.784498,168.723312,112.134016
5.784534,168.723312,112.135168
5.784573,168.723312,112.153728
5.784617,168.723312,112.208064
5.784665,168.723312,112.232768
5.784710,168.723312,112.248925
5.784748,168.723312,112.260032
5.784786,168.723312,112.273472
5.784824,168.723312,112.293299
5.784870,168.723312,112.316832
5.784920,168.723312,112.339046
5.784990,168.723312,112.358656
5.785036,168.723312,112.366176
5.785074,168.723312,112.403072
5.785114,168.723312,112.420320
5.785154,168.723312,112.422976
5.785197,168.723312,112.430432
5.785245,168.723312,112.433917
5.785287,168.723312,112.449990
5.785334,168.723312,112.463520
5.785378,168.723312,112.464928
5.785421,168.723312,112.498080
5.785460,168.723312,112.515744
5.785544,168.723312,112.551392
5.785581,168.723312,112.573568
5.785627,168.723312,112.578496
5.785670,168.723312,112.616755
5.785712,168.723312,112.620288
5.785754,168.723312,112.638976
5.785798,168.723312,112.645098
5.785837,168.723312,112.659965
5.785879,168.723312,112.666304
5.786005,168.723312,112.708096
5.786046,168.723312,112.724096
5.786091,168.723312,112.742528
5.786130,168.723312,112.768554
5.786169,168.723312,112.777280
5.786225,168.723312,112.811776
5.786261,168.723312,112.814176
5.786301,168.723312,112.845149
5.786344,168.723312,112.845213
5.786392,168.723312,112.867296
5.786429,168.723312,112.873472
5.786475,168.723312,112.924128
5.786518,168.723312,112.930336
5.786556,168.723312,112.935293
5.786596,168.723312,112.935392
5.786633,168.723312,112.952608
5.786678,168.723312,112.958592
5.786715,168.723312,112.992000
5.786759,168.723312,113.010611
5.786802,168.723312,113.036512
5.786837,168.723312,113.049024
5.786921,168.723312,113.082304
5.786969,168.723312,113.100640
5.787005,168.723312,113.133984
5.787058,168.723312,113.143869
5.787097,168.723312,113.160064
5.787135,168.723312,113.169824
5.787174,168.723312,113.173504
5.787225,168.723312,113.206707
5.787265,168.723312,113.214144
5.787310,168.723312,113.219232
5.787356,168.723312,113.222976
5.787396,168.723312,113.230368
5.787443,168.723312,113.237760
5.787481,168.723312,113.292032
5.787522,168.723312,113.316672
5.787569,168.723312,113.371104
5.787612,168.723312,113.375936
5.787653,168.723312,113.394496
5.787717,168.723312,113.406784
5.787769,168.723312,113.411878
5.787812,168.723312,113.415517
5.787848,168.723312,113.415584
5.787893,168.723312,113.438813
5.787936,168.723312,113.439101
5.787980,168.723312,113.461078
5.788023,168.723312,113.467347
5.788068,168.723312,113.508032
5.788116,168.723312,113.520330
5.788159,168.723312,113.543808
5.788195,168.723312,113.552384
5.788231,168.723312,113.552608
5.788272,168.723312,113.560064
5.788316,168.723312,113.563584
5.788355,168.723312,113.582112
5.788396,168.723312,113.585802
5.788439,168.723312,113.588349
5.788545,168.723312,113.593277
5.788588,168.723312,113.641376
5.788626,168.723312,113.647677
5.788668,168.723312,113.668608
5.788709,168.723312,113.675968
5.788750,168.723312,113.689555
5.788788,168.723312,113.710624
5.788830,168.723312,113.717984
5.788866,168.723312,113.737651
5.788914,168.723312,113.741510
5.788956,168.723312,113.741568
5.789051,168.723312,113.753824
5.789088,168.723312,113.786048
5.789205,168.723312,113.811712
5.789242,168.723312,113.813024
5.789285,168.723312,113.832512
5.789330,168.723312,113.851174
5.789378,168.723312,113.860019
6.039002,168.723312,113.894397
6.039041,168.723312,113.935168
6.039069,168.723312,113.946182
6.039095,168.723312,113.953958
6.039165,168.723312,113.963712
6.039202,168.723312,113.982272
6.039238,168.723312,113.983584
6.039392,168.723312,113.998240
6.039422,168.723312,114.045104
6.039454,168.723312,114.085856
6.039493,168.723312,114.087104
6.039527,168.723312,114.100573
6.039562,168.723312,114.114304
6.039592,168.723312,114.137728
6.039620,168.723312,114.152499
6.039656,168.723312,114.175722
6.039687,168.723312,114.205696
6.039726,168.723312,114.213216
6.039848,168.723312,114.220646
6.039937,168.723312,114.224029
6.039976,168.723312,114.230144
6.040009,168.723312,114.238720
6.040037,168.723312,114.246496
6.040071,168.723312,114.256352
6.040110,168.723312,114.308032
6.040148,168.723312,114.314496
6.040217,168.723312,114.319232
6.040261,168.723312,114.324064
6.040289,168.723312,114.324256
6.040322,168.723312,114.346496
6.040353,168.723312,114.355008
6.040383,168.723312,114.406976
6.040418,168.723312,114.426589
6.040454,168.723312,114.453811
6.040483,168.723312,114.459968
6.040517,168.723312,114.486880
6.040562,168.723312,114.493331
6.040597,168.723312,114.583168
6.040626,168.723312,114.587008
6.040656,168.723312,114.615584
6.040695,168.723312,114.630336
6.040748,168.723312,114.641504
6.040806,168.723312,114.648992
6.040839,168.723312,114.666336
6.040875,168.723312,114.677248
6.040906,168.723312,114.690912
6.040935,168.723312,114.709078
6.040971,168.723312,114.714368
6.041036,168.723312,114.720576
6.041104,168.723312,114.729056
6.041137,168.723312,114.730259
6.041164,168.723312,114.733952
6.041217,168.723312,114.752512
6.041252,168.723312,114.756349
6.041287,168.723312,114.773568
6.041319,168.723312,114.786077
6.041438,168.723312,114.839008
6.041468,168.723312,114.840352
6.041502,168.723312,114.845085
6.041534,168.723312,114.852672
6.041570,168.723312,114.877203
6.041601,168.723312,114.889536
6.041640,168.723312,114.920413
6.041673,168.723312,114.925312
6.041701,168.723312,114.926560
6.041730,168.723312,114.927776
6.041762,168.723312,114.969888
6.041800,168.723312,114.977184
6.041854,168.723312,115.025312
6.041895,168.723312,115.030269
6.041937,168.723312,115.034016
6.041969,168.723312,115.054944
6.042004,168.723312,115.089536
6.042040,168.723312,115.120512
6.042071,168.723312,115.132768
6.042105,168.723312,115.141437
6.042133,168.723312,115.173427
6.042160,168.723312,115.193216
6.042189,168.723312,115.195680
6.042221,168.723312,115.216522
6.042255,168.723312,115.218112
6.042296,168.723312,115.235040
6.042328,168.723312,115.240125
6.042363,168.723312,115.262176
6.042394,168.723312,115.312800
6.042428,168.723312,115.316832
6.042491,168.723312,115.322848
6.042527,168.723312,115.325392
6.042561,168.723312,115.400723
6.042592,168.723312,115.427776
6.042630,168.723312,115.429024
6.042666,168.723312,115.441331
6.042694,168.723312,115.443904
6.042721,168.723312,115.471232
6.042761,168.723312,115.485920
6.042789,168.723312,115.503168
6.042856,168.723312,115.508032
6.042892,168.723312,115.519104
6.042919,168.723312,115.553894
6.042985,168.723312,115.556096
6.043017,168.723312,115.593277
6.043053,168.723312,115.626592
6.043081,168.723312,115.642656
6.043118,168.723312,115.645248
6.043151,168.723312,115.655136
6.043186,168.723312,115.666112
6.043220,168.723312,115.679552
6.043256,168.723312,115.691987
6.043300,168.723312,115.698112
6.043339,168.723312,115.699488
6.043382,168.723312,115.778432
6.043418,168.723312,115.787008
6.043449,168.723312,115.800736
6.043548,168.723312,115.837792
6.043589,168.723312,115.878432
6.043619,168.723312,115.908000
6.043659,168.723312,115.926656
6.043700,168.723312,115.949024
6.043734,168.723312,115.980957
6.043774,168.723312,115.982144
6.043809,168.723312,115.984595
6.043860,168.723312,116.037664
6.043898,168.723312,116.042726
6.043926,168.723312,116.056381
6.043999,168.723312,116.057322
6.044042,168.723312,116.078470
6.044080,168.723312,116.103165
6.044116,168.723312,116.114336
6.044145,168.723312,116.119232
6.044179,168.723312,116.120320
6.044223,168.723312,116.143872
6.044260,168.723312,116.185779
6.044292,168.723312,116.208064
6.044322,168.723312,116.222816
6.044355,168.723312,116.235168
6.044392,168.723312,116.272416
6.044423,168.723312,116.282208
6.044452,168.723312,116.282336
6.044494,168.723312,116.284755
6.044534,168.723312,116.298208
6.044577,168.723312,116.310406
6.044670,168.723312,116.315485
6.044705,168.723312,116.316608
6.044736,168.723312,116.330272
6.044773,168.723312,116.357376
6.044805,168.723312,116.385856
6.044846,168.723312,116.405632
6.044878,168.723312,116.420330
6.044908,168.723312,116.441344
6.044945,168.723312,116.466016
6.044973,168.723312,116.467296
6.045018,168.723312,116.514176
6.045060,168.723312,116.533939
6.045101,168.723312,116.546429
6.045135,168.723312,116.564800
6.045178,168.723312,116.578310
6.045214,168.723312,116.605632
6.045251,168.723312,116.617952
6.045283,168.723312,116.663635
6.045316,168.723312,116.726624
6.045357,168.723312,116.759882
6.045389,168.723312,116.759965
6.045428,168.723312,116.819293
6.045465,168.723312,116.827808
6.045497,168.723312,116.848896
6.045529,168.723312,116.873536
6.045565,168.723312,116.884672
6.045604,168.723312,116.905696
6.045675,168.723312,116.911837
6.045711,168.723312,116.914336
6.045741,168.723312,116.931744
6.045811,168.723312,116.947584
6.045852,168.723312,116.971059
6.045942,168.723312,116.998176
6.045977,168.723312,117.009312
6.046026,168.723312,117.013158
6.046068,168.723312,117.026528
6.046107,168.723312,117.052509
6.046138,168.723312,117.058781
6.046179,168.723312,117.062432
6.046218,168.723312,117.065126
6.046308,168.723312,117.084595
6.046349,168.723312,117.121760
6.046418,168.723312,117.146304
6.046459,168.723312,117.156352
6.046494,168.723312,117.159936
6.046526,168.723312,117.198432
6.046567,168.723312,117.208032
6.046600,168.723312,117.233952
6.046636,168.723312,117.263776
6.046670,168.723312,117.270976
6.046719,168.723312,117.272416
6.046837,168.723312,117.290752
6.046879,168.723312,117.298186
6.046914,168.723312,117.305696
6.046947,168.723312,117.316736
6.047039,168.723312,117.371104
6.047079,168.723312,117.382144
6.047113,168.723312,117.389418
6.047147,168.723312,117.389504
6.047187,168.723312,117.392032
6.047221,168.723312,117.405696
6.047260,168.723312,117.406739
6.047302,168.723312,117.408051
6.047333,168.723312,117.445120
6.047378,168.723312,117.445152
6.047419,168.723312,117.452416
6.047457,168.723312,117.493472
6.047543,168.723312,117.512874
6.047580,168.723312,117.514144
6.047620,168.723312,117.516800
6.047660,168.723312,117.530122
6.047695,168.723312,117.531616
6.047728,168.723312,117.554854
6.047770,168.723312,117.588192
6.047804,168.723312,117.632736
6.047835,168.723312,117.649862
6.047879,168.723312,117.690688
6.047919,168.723312,117.692096
6.048010,168.723312,117.710624
6.048046,168.723312,117.721725
6.048078,168.723312,117.736390
6.048121,168.723312,117.738880
6.048158,168.723312,117.750112
6.048198,168.723312,117.753728
6.048228,168.723312,117.777184
6.048265,168.723312,117.782048
6.048307,168.723312,117.789568
6.048340,168.723312,117.795872
6.048444,168.723312,117.830400
6.048486,168.723312,117.836307
6.048521,168.723312,117.852608
6.048556,168.723312,117.869888
6.048590,168.723312,117.893312
6.048631,168.723312,117.896864
6.048673,168.723312,117.900672
6.048712,168.723312,117.919008
6.048746,168.723312,117.920608
6.048786,168.723312,117.926560
6.048833,168.723312,117.977194
6.048873,168.723312,117.986995
6.048912,168.723312,118.020320
6.048955,168.723312,118.027744
6.049001,168.723312,118.038880
6.049033,168.723312,118.040192
6.049074,168.723312,118.059882
6.049113,168.723312,118.060992
6.049154,168.723312,118.078515
6.049190,168.723312,118.095635
6.049223,168.723312,118.107008
6.049258,168.723312,118.117898
6.049299,168.723312,118.122880
6.049342,168.723312,118.134144
6.049382,168.723312,118.147552
6.049430,168.723312,118.175808
6.049469,168.723312,118.183338
6.049510,168.723312,118.197056
6.049546,168.723312,118.260160
6.049663,168.723312,118.332672
6.049697,168.723312,118.341405
6.049740,168.723312,118.343872
6.049777,168.723312,118.356416
6.049817,168.723312,118.381056
6.049897,168.723312,118.421664
6.049933,168.723312,118.424192
6.049966,168.723312,118.471040
6.049997,168.723312,118.474816
6.050033,168.723312,118.493277
6.050097,168.723312,118.506784
6.050135,168.723312,118.524288
6.050197,168.723312,118.545120
6.050249,168.723312,118.571104
6.050283,168.723312,118.627840
6.050325,168.723312,118.656256
6.050359,168.723312,118.673312
6.050404,168.723312,118.714336
6.050445,168.723312,118.752448
6.050484,168.723312,118.763648
6.050525,168.723312,118.787136
6.050560,168.723312,118.796768
6.050602,168.723312,118.832704
6.050637,168.723312,118.874752
6.050686,168.723312,118.884864
6.050776,168.723312,118.888022
6.050814,168.723312,118.971136
6.050859,168.723312,118.985760
6.050897,168.723312,119.011872
6.050934,168.723312,119.020512
6.051001,168.723312,119.067360
6.051043,168.723312,119.077309
6.051091,168.723312,119.094528
6.051137,168.723312,119.104544
6.051179,168.723312,119.147584
6.051224,168.723312,119.160032
6.051262,168.723312,119.215485
6.051296,168.723312,119.223059
6.051336,168.723312,119.266112
6.051388,168.723312,119.293216
6.051424,168.723312,119.298144
6.051474,168.723312,119.306848
6.051518,168.723312,119.310230
6.051557,168.723312,119.318016
6.051605,168.723312,119.335136
6.051645,168.723312,119.352477
6.051691,168.723312,119.382112
6.051736,168.723312,119.455040
6.051786,168.723312,119.459856
6.051829,168.723312,119.459936
6.051865,168.723312,119.505632
6.051903,168.723312,119.509478
6.052055,168.723312,119.517952
6.052089,168.723312,119.519168
6.052128,168.723312,119.526624
6.052175,168.723312,119.530464
6.052266,168.723312,119.545216
6.052302,168.723312,119.561085
6.052349,168.723312,119.573469
6.052393,168.723312,119.584672
6.052435,168.723312,119.627808
6.052474,168.723312,119.629024
6.052515,168.723312,119.642624
6.052562,168.723312,119.644992
6.052609,168.723312,119.668499
6.052646,168.723312,119.678368
6.052682,168.723312,119.700608
6.052720,168.723312,119.729184
6.052758,168.723312,119.753526
6.052793,168.723312,119.773536
6.052828,168.723312,119.778368
6.052872,168.723312,119.785792
6.052919,168.723312,119.787072
6.052956,168.723312,119.833856
6.052997,168.723312,119.873600
6.053044,168.723312,119.875936
6.053084,168.723312,119.878336
6.053129,168.723312,119.888224
6.053176,168.723312,119.910528
6.053223,168.723312,119.922912
6.053266,168.723312,119.947552
6.053301,168.723312,119.954992
6.053346,168.723312,119.957440
6.053390,168.723312,119.971168
6.053430,168.723312,119.993184
6.053473,168.723312,120.019296
6.053513,168.723312,120.026624
6.053549,168.723312,120.037728
6.053598,168.723312,120.037811
6.053643,168.723312,120.042400
6.053692,168.723312,120.043808
6.053740,168.723312,120.058912
6.053885,168.723312,120.062355
6.053921,168.723312,120.100768
6.053990,168.723312,120.145043
6.054026,168.723312,120.145184
6.054067,168.723312,120.169952
6.054110,168.723312,120.196912
6.054146,168.723312,120.196928
6.054187,168.723312,120.196960
6.054220,168.723312,120.199456
6.054262,168.723312,120.224064
6.054313,168.723312,120.255136
6.054370,168.723312,120.261088
6.054412,168.723312,120.271072
6.054448,168.723312,120.292128
6.054491,168.723312,120.357376
6.054533,168.723312,120.377341
6.054609,168.723312,120.385920
6.054648,168.723312,120.415517
6.054694,168.723312,120.421632
6.054740,168.723312,120.432768
6.054785,168.723312,120.445152
6.054830,168.723312,120.493248
6.054874,168.723312,120.504320
6.054919,168.723312,120.526544
6.054955,168.723312,120.541536
6.055003,168.723312,120.577152
6.055049,168.723312,120.580832
6.055100,168.723312,120.585949
6.055139,168.723312,120.589536
6.055186,168.723312,120.590624
6.055224,168.723312,120.590816
6.055264,168.723312,120.611891
6.055313,168.723312,120.637728
6.055355,168.723312,120.676032
6.055406,168.723312,120.696957
6.055442,168.723312,120.705469
6.055487,168.723312,120.711584
6.055534,168.723312,120.717984
6.055676,168.723312,120.732765
6.055720,168.723312,120.732819
6.055805,168.723312,120.737651
6.055844,168.723312,120.789568
6.055884,168.723312,120.796800
6.055923,168.723312,120.800672
6.056004,168.723312,120.815456
6.056043,168.723312,120.869430
6.056090,168.723312,120.875936
6.056144,168.723312,120.888416
6.056228,168.723312,120.890752
6.056275,168.723312,120.900608
6.056320,168.723312,120.900672
6.056360,168.723312,120.908029
6.056405,168.723312,120.915392
6.056447,168.723312,120.920256
6.056489,168.723312,120.940096
6.056530,168.723312,120.941440
6.056623,168.723312,120.951168
6.056659,168.723312,120.967264
6.056713,168.723312,120.967421
6.056761,168.723312,120.974771
6.056808,168.723312,120.986976
6.056854,168.723312,121.020384
6.056892,168.723312,121.022752
6.056944,168.723312,121.030272
6.056992,168.723312,121.035296
6.057037,168.723312,121.061088
6.057075,168.723312,121.063552
6.057124,168.723312,121.069792
6.057170,168.723312,121.074720
6.057214,168.723312,121.083328
6.057251,168.723312,121.096896
6.057302,168.723312,121.116797
6.057341,168.723312,121.126557
6.057382,168.723312,121.130432
6.057436,168.723312,121.142496
6.057474,168.723312,121.146208
6.057523,168.723312,121.148787
6.057562,168.723312,121.154016
6.057750,168.723312,121.168576
6.057792,168.723312,121.180928
6.057838,168.723312,121.183392
6.057891,168.723312,121.189555
6.057932,168.723312,121.210656
6.057985,168.723312,121.215392
6.058037,168.723312,121.222848
6.058088,168.723312,121.296896
6.058144,168.723312,121.362336
6.058189,168.723312,121.378410
6.058329,168.723312,121.384512
6.058390,168.723312,121.389565
6.058429,168.723312,121.416691
6.058469,168.723312,121.419264
6.058520,168.723312,121.426496
6.058570,168.723312,121.453674
6.058676,168.723312,121.477200
6.058719,168.723312,121.488384
6.058766,168.723312,121.493216
6.058813,168.723312,121.494464
6.058851,168.723312,121.535232
6.058989,168.723312,121.541376
6.059028,168.723312,121.601952
6.059067,168.723312,121.614208
6.059119,168.723312,121.652416
6.059170,168.723312,121.659850
6.059217,168.723312,121.662272
6.059270,168.723312,121.664893
6.059306,168.723312,121.682208
6.059345,168.723312,121.692064
6.059388,168.723312,121.718016
6.059443,168.723312,121.753526
6.059496,168.723312,121.757280
6.059539,168.723312,121.762368
6.059585,168.723312,121.790688
6.059628,168.723312,121.806832
6.059669,168.723312,121.810438
6.059712,168.723312,121.822912
6.059756,168.723312,121.842560
6.059810,168.723312,121.858752
6.059864,168.723312,121.867328
6.248868,168.723312,121.873469
6.248893,168.723312,121.900691
6.248923,168.723312,121.941344
6.248962,168.723312,121.967360
6.248988,168.723312,121.978560
6.249027,168.723312,121.985738
6.249056,168.723312,121.989568
6.249085,168.723312,121.990944
6.249122,168.723312,121.996864
6.249160,168.723312,121.998176
6.249194,168.723312,122.017984
6.249239,168.723312,122.030250
6.249278,168.723312,122.048736
6.249307,168.723312,122.079402
6.249341,168.723312,122.086976
6.249378,168.723312,122.142400
6.249414,168.723312,122.173568
6.249449,168.723312,122.195558
6.249482,168.723312,122.228928
6.249514,168.723312,122.246528
6.249578,168.723312,122.289629
6.249628,168.723312,122.291968
6.249658,168.723312,122.296896
6.249696,168.723312,122.315520
6.249726,168.723312,122.419136
6.249762,168.723312,122.434016
6.249788,168.723312,122.441376
6.249818,168.723312,122.482112
6.249851,168.723312,122.487264
6.249882,168.723312,122.503232
6.249912,168.723312,122.522976
6.249942,168.723312,122.526624
6.250003,168.723312,122.551328
6.250041,168.723312,122.569715
6.250076,168.723312,122.581024
6.250112,168.723312,122.675872
6.250161,168.723312,122.688416
6.250200,168.723312,122.704339
6.250236,168.723312,122.715552
6.250268,168.723312,122.750016
6.250302,168.723312,122.763648
6.250330,168.723312,122.793248
6.250361,168.723312,122.853706
6.250393,168.723312,122.867296
6.250429,168.723312,122.870954
6.250459,168.723312,122.915392
6.250494,168.723312,122.935200
6.250533,168.723312,122.948864
6.250566,168.723312,122.974688
6.250597,168.723312,122.976096
6.250656,168.723312,123.027869
6.250688,168.723312,123.050016
6.250723,168.723312,123.053696
6.250760,168.723312,123.062432
6.250794,168.723312,123.074685
6.250828,168.723312,123.148787
6.250859,168.723312,123.185792
6.250887,168.723312,123.213158
6.250964,168.723312,123.231424
6.250997,168.723312,123.239136
6.251036,168.723312,123.259840
6.251068,168.723312,123.301568
6.251112,168.723312,123.324006
6.251147,168.723312,123.356211
6.251180,168.723312,123.357504
6.251215,168.723312,123.370976
6.251243,168.723312,123.401824
6.251278,168.723312,123.430336
6.251315,168.723312,123.452384
6.251351,168.723312,123.469725
6.251385,168.723312,123.550208
6.251460,168.723312,123.587008
6.251491,168.723312,123.659997
6.251529,168.723312,123.705437
6.251563,168.723312,123.762368
6.251599,168.723312,123.764928
6.251633,168.723312,123.767296
6.251673,168.723312,123.772096
6.251709,168.723312,123.811709
6.251740,168.723312,123.837766
6.251780,168.723312,123.847584
6.251824,168.723312,123.851424
6.251899,168.723312,123.972224
6.251934,168.723312,123.978410
6.251975,168.723312,124.010579
6.252012,168.723312,124.030269
6.252044,168.723312,124.048710
6.252078,168.723312,124.051200
6.252124,168.723312,124.070995
6.252157,168.723312,124.078592
6.252195,168.723312,124.114176
6.252255,168.723312,124.130304
6.252292,168.723312,124.131392
6.252330,168.723312,124.174592
6.252366,168.723312,124.201853
6.252405,168.723312,124.236022
6.252472,168.723312,124.266016
6.252506,168.723312,124.327840
6.252550,168.723312,124.330368
6.252594,168.723312,124.341248
6.252624,168.723312,124.378419
6.252661,168.723312,124.404384
6.252707,168.723312,124.411690
6.252747,168.723312,124.422707
6.252779,168.723312,124.491955
6.252813,168.723312,124.495808
6.252851,168.723312,124.509194
6.252889,168.723312,124.546464
6.252923,168.723312,124.567296
6.252953,168.723312,124.578483
6.252986,168.723312,124.589664
6.253030,168.723312,124.591904
6.253071,168.723312,124.626560
6.253104,168.723312,124.631616
6.253139,168.723312,124.637843
6.253182,168.723312,124.650154
6.253264,168.723312,124.656224
6.253304,168.723312,124.675968
6.253366,168.723312,124.678336
6.253406,168.723312,124.753728
6.253447,168.723312,124.761088
6.253484,168.723312,124.766112
6.253526,168.723312,124.779584
6.253560,168.723312,124.800576
6.253599,168.723312,124.803168
6.253632,168.723312,124.810528
6.253669,168.723312,124.814099
6.253704,168.723312,124.815411
6.253732,168.723312,124.825440
6.253770,168.723312,124.826496
6.253800,168.723312,124.827488
6.253837,168.723312,124.862496
6.253877,168.723312,124.898080
6.253913,168.723312,124.906752
6.253944,168.723312,124.923008
6.253982,168.723312,124.924160
6.254014,168.723312,124.925504
6.254049,168.723312,125.000595
6.254077,168.723312,125.024096
6.254108,168.723312,125.026496
6.254145,168.723312,125.045085
6.254173,168.723312,125.045184
6.254204,168.723312,125.058752
6.254246,168.723312,125.100563
6.254275,168.723312,125.110432
6.254328,168.723312,125.157536
6.254365,168.723312,125.174656
6.254397,168.723312,125.174688
6.254432,168.723312,125.190845
6.254467,168.723312,125.209312
6.254502,168.723312,125.228989
6.254544,168.723312,125.241568
6.254594,168.723312,125.267229
6.254638,168.723312,125.268576
6.254669,168.723312,125.273501
6.254722,168.723312,125.333888
6.254761,168.723312,125.338976
6.254794,168.723312,125.339872
6.254834,168.723312,125.347552
6.254861,168.723312,125.359808
6.254932,168.723312,125.359840
6.254964,168.723312,125.367488
6.255036,168.723312,125.393149
6.255074,168.723312,125.435296
6.255110,168.723312,125.446240
6.255138,168.723312,125.448848
6.255195,168.723312,125.451392
6.255236,168.723312,125.454880
6.255277,168.723312,125.477117
6.255322,168.723312,125.493312
6.255355,168.723312,125.520576
6.255391,168.723312,125.526512
6.255424,168.723312,125.541312
6.255457,168.723312,125.552320
6.255497,168.723312,125.611744
6.255540,168.723312,125.635296
6.255698,168.723312,125.641472
6.255767,168.723312,125.653728
6.255801,168.723312,125.667360
6.255874,168.723312,125.702995
6.255909,168.723312,125.727808
6.255947,168.723312,125.763712
6.255987,168.723312,125.773536
6.256026,168.723312,125.782090
6.256056,168.723312,125.805629
6.256093,168.723312,125.845088
6.256130,168.723312,125.857341
6.256164,168.723312,125.889536
6.256204,168.723312,125.922912
6.256236,168.723312,125.935168
6.256274,168.723312,125.964714
6.256311,168.723312,126.022816
6.256342,168.723312,126.035296
6.256374,168.723312,126.052573
6.256414,168.723312,126.059872
6.256450,168.723312,126.172320
6.256484,168.723312,126.190944
6.256555,168.723312,126.222816
6.256595,168.723312,126.241440
6.256696,168.723312,126.293248
6.256741,168.723312,126.308000
6.256784,168.723312,126.338790
6.256820,168.723312,126.348925
6.256860,168.723312,126.353600
6.256896,168.723312,126.366054
6.256936,168.723312,126.416704
6.256971,168.723312,126.440224
6.257019,168.723312,126.445120
6.257061,168.723312,126.466176
6.257094,168.723312,126.471101
6.257136,168.723312,126.480662
6.257171,168.723312,126.522944
6.257221,168.723312,126.536349
6.257258,168.723312,126.566144
6.257294,168.723312,126.571136
6.257380,168.723312,126.578272
6.257424,168.723312,126.580896
6.257456,168.723312,126.582208
6.257547,168.723312,126.626624
6.257583,168.723312,126.648864
6.257619,168.723312,126.691702
6.257655,168.723312,126.713942
6.257687,168.723312,126.715584
6.257719,168.723312,126.719264
6.257805,168.723312,126.773568
6.257845,168.723312,126.806800
6.257884,168.723312,126.811741
6.257922,168.723312,126.815552
6.257962,168.723312,126.824128
6.257996,168.723312,126.838931
6.258030,168.723312,126.858781
6.258063,168.723312,126.885738
6.258105,168.723312,126.908096
6.258144,168.723312,126.926528
6.258177,168.723312,126.933930
6.258261,168.723312,126.956000
6.258301,168.723312,126.956352
6.258342,168.723312,126.968480
6.258374,168.723312,127.026496
6.258411,168.723312,127.068544
6.258453,168.723312,127.110656
6.258534,168.723312,127.232787
6.258568,168.723312,127.237728
6.258608,168.723312,127.254976
6.258649,168.723312,127.272086
6.258694,168.723312,127.274624
6.258738,168.723312,127.274720
6.258782,168.723312,127.285747
6.258831,168.723312,127.285792
6.258866,168.723312,127.315517
6.258904,168.723312,127.376896
6.258944,168.723312,127.385856
6.258985,168.723312,127.398176
6.259030,168.723312,127.416480
6.259073,168.723312,127.441472
6.259109,168.723312,127.448704
6.259158,168.723312,127.473501
6.259197,168.723312,127.515229
6.259238,168.723312,127.524096
6.259275,168.723312,127.528864
6.259328,168.723312,127.542464
6.259370,168.723312,127.571008
6.259412,168.723312,127.573504
6.259455,168.723312,127.617984
6.259496,168.723312,127.626592
6.259534,168.723312,127.631424
6.259579,168.723312,127.634922
6.259617,168.723312,127.657014
6.259659,168.723312,127.674752
6.259695,168.723312,127.678336
6.259738,168.723312,127.690816
6.259775,168.723312,127.751078
6.259813,168.723312,127.764550
6.259850,168.723312,127.778336
6.259890,168.723312,127.806752
6.259934,168.723312,127.817558
6.259974,168.723312,127.835094
6.260016,168.723312,127.838976
6.260060,168.723312,127.848800
6.260140,168.723312,127.857238
6.260172,168.723312,127.859904
6.260212,168.723312,127.884435
6.260252,168.723312,127.891712
6.260282,168.723312,127.901760
6.260322,168.723312,127.922848
6.260362,168.723312,127.930336
6.260402,168.723312,127.937619
6.260450,168.723312,127.945184
6.260486,168.723312,127.946080
6.260533,168.723312,127.964928
6.260570,168.723312,127.970646
6.260611,168.723312,127.973472
6.260649,168.723312,127.993184
6.260693,168.723312,128.014112
6.260737,168.723312,128.036435
6.260777,168.723312,128.037587
6.260819,168.723312,128.107936
6.260858,168.723312,128.127552
6.260899,168.723312,128.128992
6.260943,168.723312,128.145152
6.260981,168.723312,128.157376
6.261019,168.723312,128.161002
6.261061,168.723312,128.182150
6.261100,168.723312,128.192982
6.261140,168.723312,128.216406
6.261184,168.723312,128.224000
6.261229,168.723312,128.236576
6.261276,168.723312,128.247520
6.261318,168.723312,128.250045
6.261355,168.723312,128.267261
6.261399,168.723312,128.270976
6.261446,168.723312,128.271040
6.261481,168.723312,128.290880
6.261519,168.723312,128.303104
6.261565,168.723312,128.310237
6.261604,168.723312,128.346122
6.261642,168.723312,128.348800
6.261682,168.723312,128.352608
6.261727,168.723312,128.382112
6.261766,168.723312,128.412883
6.261805,168.723312,128.478304
6.261848,168.723312,128.482080
6.261887,168.723312,128.490720
6.261928,168.723312,128.494496
6.261968,168.723312,128.504256
6.262010,168.723312,128.525226
6.262063,168.723312,128.530208
6.262104,168.723312,128.531616
6.262186,168.723312,128.538976
6.262233,168.723312,128.552416
6.262276,168.723312,128.552512
6.262313,168.723312,128.568416
6.262358,168.723312,128.571037
6.262401,168.723312,128.591552
6.262442,168.723312,128.630208
6.262487,168.723312,128.632381
6.262528,168.723312,128.641194
6.262569,168.723312,128.648960
6.262619,168.723312,128.649917
6.262675,168.723312,128.656150
6.262730,168.723312,128.663712
6.262768,168.723312,128.682176
6.262810,168.723312,128.692096
6.262991,168.723312,128.712928
6.263029,168.723312,128.734934
6.263071,168.723312,128.752054
6.263108,168.723312,128.771069
6.263155,168.723312,128.771136
6.263193,168.723312,128.778323
6.263231,168.723312,128.788320
6.263272,168.723312,128.790720
6.263310,168.723312,128.791872
6.263360,168.723312,128.794656
6.263404,168.723312,128.798016
6.263446,168.723312,128.874643
6.263477,168.723312,128.879526
6.263517,168.723312,128.884595
6.263559,168.723312,128.910579
6.263599,168.723312,128.913024
6.263643,168.723312,128.914112
6.263692,168.723312,128.923830
6.263728,168.723312,128.925395
6.263766,168.723312,128.936544
6.263807,168.723312,128.954912
6.263845,168.723312,128.986922
6.263923,168.723312,128.997984
6.263965,168.723312,128.998080
6.264011,168.723312,129.010358
6.264048,168.723312,129.021462
6.264086,168.723312,129.037491
6.264126,168.723312,129.038976
6.264171,168.723312,129.043901
6.264300,168.723312,129.049920
6.264383,168.723312,129.052307
6.264420,168.723312,129.059776
6.264464,168.723312,129.090749
6.264509,168.723312,129.100374
6.264555,168.723312,129.103078
6.264593,168.723312,129.111744
6.264632,168.723312,129.152448
6.264681,168.723312,129.157312
6.264726,168.723312,129.181936
6.264762,168.723312,129.185779
6.264806,168.723312,129.196992
6.264852,168.723312,129.203008
6.264887,168.723312,129.204160
6.264940,168.723312,129.227808
6.264982,168.723312,129.230272
6.265023,168.723312,129.231520
6.265060,168.723312,129.241408
6.265105,168.723312,129.258688
6.265190,168.723312,129.260694
6.265235,168.723312,129.266112
6.265279,168.723312,129.275862
6.265317,168.723312,129.302016
6.265365,168.723312,129.315424
6.265408,168.723312,129.316576
6.265459,168.723312,129.316659
6.265498,168.723312,129.320448
6.265541,168.723312,129.331424
6.265577,168.723312,129.342675
6.265617,168.723312,129.352310
6.265650,168.723312,129.386848
6.265692,168.723312,129.393286
6.265734,168.723312,129.394038
6.265774,168.723312,129.409184
6.265810,168.723312,129.420384
6.265855,168.723312,129.428896
6.265898,168.723312,129.430304
6.265948,168.723312,129.437610
6.265990,168.723312,129.451296
6.266037,168.723312,129.456128
6.266080,168.723312,129.482077
6.266118,168.723312,129.484352
6.266160,168.723312,129.485939
6.266202,168.723312,129.489523
6.266245,168.723312,129.500704
6.266290,168.723312,129.508000
6.266335,168.723312,129.519168
6.266382,168.723312,129.533984
6.266426,168.723312,129.537600
6.266468,168.723312,129.543872
6.266514,168.723312,129.556128
6.266558,168.723312,129.567264
6.266601,168.723312,129.604230
6.266644,168.723312,129.615552
6.266734,168.723312,129.616586
6.266778,168.723312,129.628800
6.266833,168.723312,129.630227
6.266882,168.723312,129.636416
6.266929,168.723312,129.667232
6.266963,168.723312,129.677152
6.267006,168.723312,129.685824
6.267051,168.723312,129.686854
6.267088,168.723312,129.693408
6.267127,168.723312,129.714208
6.267171,168.723312,129.732566
6.267210,168.723312,129.735082
6.267251,168.723312,129.773536
6.267294,168.723312,129.781862
6.267331,168.723312,129.784288
6.267366,168.723312,129.787136
6.267403,168.723312,129.804256
6.267445,168.723312,129.823008
6.267487,168.723312,129.833878
6.267522,168.723312,129.835200
6.267565,168.723312,129.862166
6.267605,168.723312,129.874688
6.267640,168.723312,129.880630
6.267685,168.723312,129.896768
6.267728,168.723312,129.933824
6.267774,168.723312,129.941258
6.267816,168.723312,129.957408
6.267852,168.723312,129.958752
6.267896,168.723312,129.985728
6.267935,168.723312,130.015232
6.267981,168.723312,130.030397
6.268019,168.723312,130.047616
6.268062,168.723312,130.082080
6.268106,168.723312,130.082218
6.268145,168.723312,130.094368
6.268191,168.723312,130.095776
6.268238,168.723312,130.111699
6.268279,168.723312,130.123968
6.268317,168.723312,130.133875
6.268362,168.723312,130.137696
6.268407,168.723312,130.141437
6.268456,168.723312,130.156096
6.268496,168.723312,130.156112
6.268533,168.723312,130.159744
6.268571,168.723312,130.164704
6.268615,168.723312,130.187136
6.268663,168.723312,130.200349
6.268700,168.723312,130.241290
6.268749,168.723312,130.243840
6.268793,168.723312,130.253536
6.268839,168.723312,130.261066
6.268885,168.723312,130.278314
6.268929,168.723312,130.285824
6.268974,168.723312,130.289478
6.269019,168.723312,130.309216
6.269069,168.723312,130.313088
6.269166,168.723312,130.316608
6.269213,168.723312,130.329024
6.269259,168.723312,130.330144
6.269298,168.723312,130.332595
6.269339,168.723312,130.332864
6.269474,168.723312,130.356224
6.269510,168.723312,130.363530
6.269551,168.723312,130.367200
6.269588,168.723312,130.371040
6.269633,168.723312,130.405472
6.269675,168.723312,130.462224
6.269714,168.723312,130.511709
6.269805,168.723312,130.541408
6.269845,168.723312,130.552512
6.269932,168.723312,130.556147
6.269975,168.723312,130.575936
6.270013,168.723312,130.600736
6.270050,168.723312,130.638848
6.270093,168.723312,130.659712
6.270141,168.723312,130.689472
6.270182,168.723312,130.691638
6.270225,168.723312,130.694496
6.270275,168.723312,130.713056
6.270313,168.723312,130.717462
6.270357,168.723312,130.722976
6.270397,168.723312,130.746365
6.270444,168.723312,130.752544
6.270539,168.723312,130.800637
6.270575,168.723312,130.809184
6.270621,168.723312,130.810198
6.270665,168.723312,130.811808
6.270717,168.723312,130.819798
6.270755,168.723312,130.841344
6.270793,168.723312,130.846208
6.270837,168.723312,130.873395
6.270892,168.723312,130.885824
6.270941,168.723312,130.898080
6.270995,168.723312,130.903168
6.271031,168.723312,130.906666
6.271087,168.723312,130.911648
6.271139,168.723312,130.925088
6.271186,168.723312,130.932701
6.271232,168.723312,130.945085
6.271280,168.723312,130.947584
6.271325,168.723312,130.957568
6.271427,168.723312,130.972032
6.271482,168.723312,130.974784
6.271522,168.723312,130.982141
6.271562,168.723312,130.990634
6.271611,168.723312,130.990816
6.271659,168.723312,131.009152
6.271702,168.723312,131.024096
6.271742,168.723312,131.041469
6.271796,168.723312,131.059923
6.271848,168.723312,131.065984
6.271891,168.723312,131.071104
6.271946,168.723312,131.071136
6.272015,168.723312,131.090720
6.272066,168.723312,131.137664
6.272158,168.723312,131.141299
6.272208,168.723312,131.159872
6.272260,168.723312,131.173312
6.272315,168.723312,131.185683
6.272359,168.723312,131.209248
6.272406,168.723312,131.217917
6.272455,168.723312,131.235168
6.272503,168.723312,131.237725
6.272553,168.723312,131.239808
6.272597,168.723312,131.247552
6.272645,168.723312,131.252576
6.272721,168.723312,131.266035
6.272768,168.723312,131.273174
6.272817,168.723312,131.278304
6.272854,168.723312,131.284608
6.272940,168.723312,131.289405
6.272986,168.723312,131.295552
6.273040,168.723312,131.311603
6.273077,168.723312,131.324982
6.273122,168.723312,131.331456
6.273176,168.723312,131.331574
6.273248,168.723312,131.343936
6.273295,168.723312,131.356160
6.273339,168.723312,131.359795
6.273384,168.723312,131.361149
6.273427,168.723312,131.376832
6.273471,168.723312,131.400608
6.273514,168.723312,131.438848
6.273561,168.723312,131.441216
6.273608,168.723312,131.453632
6.273648,168.723312,131.461120
6.273696,168.723312,131.462214
6.273737,168.723312,131.478432
6.273780,168.723312,131.493248
6.273825,168.723312,131.498176
6.273873,168.723312,131.521376
6.273914,168.723312,131.522752
6.273959,168.723312,131.531360
6.274000,168.723312,131.554912
6.274046,168.723312,131.579488
6.274085,168.723312,131.583456
6.274133,168.723312,131.590816
6.274209,168.723312,131.603072
6.274249,168.723312,131.611712
6.274293,168.723312,131.625021
6.274334,168.723312,131.630365
6.274377,168.723312,131.644851
6.274424,168.723312,131.665824
6.274466,168.723312,131.688384
6.274516,168.723312,131.690752
6.274563,168.723312,131.705472
6.274607,168.723312,131.710429
6.274653,168.723312,131.722816
6.274697,168.723312,131.723008
6.274794,168.723312,131.737728
6.274833,168.723312,131.748669
6.274885,168.723312,131.754941
6.274933,168.723312,131.782112
6.274974,168.723312,131.785664
6.275014,168.723312,131.819050
6.275060,168.723312,131.828915
6.275107,168.723312,131.863520
6.275172,168.723312,131.866208
6.275224,168.723312,131.868509
6.275271,168.723312,131.869638
6.275314,168.723312,131.915424
6.275360,168.723312,131.925216
6.275401,168.723312,131.932832
6.275450,168.723312,131.937568
6.275499,168.723312,131.944662
6.275545,168.723312,131.952509
6.275590,168.723312,131.967264
6.275642,168.723312,131.969728
6.275684,168.723312,131.972224
6.275724,168.723312,131.985792
6.275771,168.723312,131.985843
6.275812,168.723312,131.996928
6.275852,168.723312,131.999264
6.275899,168.723312,132.011667
6.275944,168.723312,132.033760
6.275991,168.723312,132.041245
6.276035,168.723312,132.042752
6.276122,168.723312,132.073366
6.276170,168.723312,132.083328
6.276290,168.723312,132.088256
6.276333,168.723312,132.098176
6.276372,168.723312,132.106720
6.276428,168.723312,132.114141
6.276472,168.723312,132.115379
6.276514,168.723312,132.143827
6.276560,168.723312,132.171027
6.276599,168.723312,132.201856
6.276643,168.723312,132.209248
6.276692,168.723312,132.215517
6.276731,168.723312,132.235200
6.276778,168.723312,132.238614
6.276861,168.723312,132.245152
6.276954,168.723312,132.252614
6.277000,168.723312,132.254976
6.277053,168.723312,132.258592
6.277087,168.723312,132.270995
6.277126,168.723312,132.287069
6.277166,168.723312,132.289331
6.277217,168.723312,132.296896
6.277262,168.723312,132.300576
6.277304,168.723312,132.312896
6.277355,168.723312,132.338781
6.277404,168.723312,132.359744
6.277449,168.723312,132.371072
6.277496,168.723312,132.374624
6.277547,168.723312,132.376998
6.277593,168.723312,132.377376
6.277638,168.723312,132.379648
6.277677,168.723312,132.384320
6.277724,168.723312,132.384512
6.277782,168.723312,132.410102
6.277832,168.723312,132.416608
6.277883,168.723312,132.419187
6.277925,168.723312,132.426656
6.277965,168.723312,132.445130
6.278040,168.723312,132.463616
6.278088,168.723312,132.465984
6.278133,168.723312,132.485558
6.278207,168.723312,132.498336
6.278253,168.723312,132.503040
6.278301,168.723312,132.509248
6.278348,168.723312,132.511872
6.278397,168.723312,132.517984
6.278486,168.723312,132.534013
6.278536,168.723312,132.544662
6.278587,168.723312,132.559904
6.278636,168.723312,132.582016
6.278682,168.723312,132.616672
6.278720,168.723312,132.616704
6.278764,168.723312,132.624070
6.278804,168.723312,132.627702
6.278849,168.723312,132.634016
6.278903,168.723312,132.652416
6.278954,168.723312,132.668118
6.279002,168.723312,132.679485
6.279048,168.723312,132.682934
6.279098,168.723312,132.696979
6.279222,168.723312,132.704256
6.279273,168.723312,132.711808
6.279334,168.723312,132.712742
6.279379,168.723312,132.735232
6.279430,168.723312,132.741248
6.279481,168.723312,132.744970
6.279531,168.723312,132.759936
6.279574,168.723312,132.763488
6.279618,168.723312,132.776928
6.279664,168.723312,132.785856
6.279736,168.723312,132.789491
6.279784,168.723312,132.793248
6.279847,168.723312,132.794038
6.279895,168.723312,132.811613
6.279947,168.723312,132.819232
6.279986,168.723312,132.819264
6.280039,168.723312,132.835136
6.280086,168.723312,132.842474
6.280139,168.723312,132.861152
6.280184,168.723312,132.910432
6.280225,168.723312,132.910496
6.280279,168.723312,132.916608
6.280316,168.723312,132.921664
6.280369,168.723312,132.926560
6.280421,168.723312,132.937600
6.280458,168.723312,132.945184
6.280504,168.723312,132.947475
6.280551,168.723312,132.956160
6.280594,168.723312,132.962102
6.280644,168.723312,132.962112
6.280695,168.723312,132.970963
6.280746,168.723312,132.971136
6.280785,168.723312,132.972000
6.280835,168.723312,132.985824
6.280893,168.723312,133.004384
6.280949,168.723312,133.010432
6.280999,168.723312,133.017789
6.281051,168.723312,133.019104
6.281105,168.723312,133.026496
6.281159,168.723312,133.026602
6.281214,168.723312,133.045002
6.281269,168.723312,133.063488
6.281363,168.723312,133.066112
6.281489,168.723312,133.068416
6.281537,168.723312,133.085142
6.281578,168.723312,133.088288
6.281619,168.723312,133.135104
6.281664,168.723312,133.135168
6.281706,168.723312,133.152522
6.281749,168.723312,133.167328
6.281793,168.723312,133.193248
6.281835,168.723312,133.230237
6.281877,168.723312,133.242326
6.281927,168.723312,133.245120
6.281982,168.723312,133.246336
6.282025,168.723312,133.251315
6.282063,168.723312,133.264874
6.282165,168.723312,133.267264
6.282214,168.723312,133.273472
6.282269,168.723312,133.278282
6.282316,168.723312,133.287040
6.282360,168.723312,133.293152
6.282406,168.723312,133.293181
6.282459,168.723312,133.296896
6.282557,168.723312,133.302678
6.282611,168.723312,133.311680
6.282664,168.723312,133.320371
6.282714,168.723312,133.334016
6.282822,168.723312,133.336448
6.282864,168.723312,133.353472
6.282925,168.723312,133.369728
6.282980,168.723312,133.373632
6.283028,168.723312,133.394496
6.283078,168.723312,133.403008
6.283123,168.723312,133.417920
6.283161,168.723312,133.420320
6.283204,168.723312,133.421728
6.283255,168.723312,133.426134
6.283305,168.723312,133.433888
6.283355,168.723312,133.456320
6.283402,168.723312,133.458624
6.283454,168.723312,133.478272
6.283519,168.723312,133.493139
6.283571,168.723312,133.501600
6.283624,168.723312,133.506739
6.283676,168.723312,133.509248
6.283727,168.723312,133.510141
6.283777,168.723312,133.517952
6.283830,168.723312,133.544928
6.283878,168.723312,133.556138
6.283925,168.723312,133.560000
6.283976,168.723312,133.568214
6.284029,168.723312,133.574752
6.284082,168.723312,133.578496
6.284129,168.723312,133.592096
6.284177,168.723312,133.593216
6.284227,168.723312,133.605536
6.284276,168.723312,133.630176
6.284323,168.723312,133.634016
6.284413,168.723312,133.648800
6.399958,168.723312,133.667168
6.416569,168.723312,133.669696
6.416601,168.723312,133.684512
6.416642,168.723312,133.689600
6.416672,168.723312,133.698272
6.416714,168.723312,133.716310
6.416742,168.723312,133.716522
6.416779,168.723312,133.767232
6.416853,168.723312,133.814176
6.416888,168.723312,133.846150
6.416925,168.723312,133.867296
6.416961,168.723312,133.867392
6.416994,168.723312,133.886016
6.417031,168.723312,133.896832
6.417062,168.723312,133.909174
6.417100,168.723312,133.936448
6.417132,168.723312,133.945024
6.417168,168.723312,134.000800
6.417309,168.723312,134.019136
6.417339,168.723312,134.070896
6.417375,168.723312,134.085728
6.417411,168.723312,134.156192
6.417445,168.723312,134.247648
6.417481,168.723312,134.255040
6.417524,168.723312,134.273142
6.417563,168.723312,134.281088
6.417638,168.723312,134.307734
6.417680,168.723312,134.315293
6.417721,168.723312,134.335168
6.417780,168.723312,134.347552
6.417806,168.723312,134.375850
6.417842,168.723312,134.401504
6.417877,168.723312,134.421344
6.417906,168.723312,134.427542
6.417938,168.723312,134.430304
6.417978,168.723312,134.441213
6.418012,168.723312,134.470806
6.418045,168.723312,134.556288
6.418084,168.723312,134.631488
6.418118,168.723312,134.642496
6.418154,168.723312,134.649984
6.418188,168.723312,134.658358
6.418218,168.723312,134.662336
6.418254,168.723312,134.688000
6.418288,168.723312,134.746496
6.418328,168.723312,134.755702
6.418362,168.723312,134.755882
6.418394,168.723312,134.795456
6.418438,168.723312,134.804416
6.418481,168.723312,134.853600
6.418516,168.723312,134.856160
6.418555,168.723312,134.888352
6.418584,168.723312,134.913888
6.418621,168.723312,134.921376
6.418659,168.723312,134.933792
6.418694,168.723312,134.961120
6.418726,168.723312,134.982013
6.418756,168.723312,135.007798
6.418788,168.723312,135.078419
6.418914,168.723312,135.110301
6.418959,168.723312,135.115517
6.418997,168.723312,135.119136
6.419024,168.723312,135.133984
6.419053,168.723312,135.216554
6.419086,168.723312,135.230400
6.419125,168.723312,135.236221
6.419191,168.723312,135.252022
6.419222,168.723312,135.267210
6.419298,168.723312,135.294166
6.419344,168.723312,135.295488
6.419382,168.723312,135.311594
6.419415,168.723312,135.321606
6.419453,168.723312,135.329782
6.419497,168.723312,135.339997
6.419528,168.723312,135.348480
6.419555,168.723312,135.389472
6.419586,168.723312,135.392064
6.419629,168.723312,135.430237
6.419657,168.723312,135.437661
6.419734,168.723312,135.475722
6.419769,168.723312,135.477085
6.419810,168.723312,135.492000
6.419841,168.723312,135.575872
6.419872,168.723312,135.578355
6.419903,168.723312,135.589510
6.419939,168.723312,135.601856
6.419973,168.723312,135.626451
6.420005,168.723312,135.627382
6.420036,168.723312,135.659722
6.420066,168.723312,135.690528
6.420102,168.723312,135.719104
6.420134,168.723312,135.730198
6.420173,168.723312,135.734614
6.420209,168.723312,135.740128
6.420246,168.723312,135.750048
6.420278,168.723312,135.752490
6.420350,168.723312,135.803168
6.420383,168.723312,135.834902
6.420413,168.723312,135.836029
6.420443,168.723312,135.839936
6.420474,168.723312,135.847584
6.420507,168.723312,135.856160
6.420537,168.723312,135.862528
6.420649,168.723312,135.875827
6.420687,168.723312,135.911731
6.420729,168.723312,135.917878
6.420764,168.723312,135.919050
6.420800,168.723312,135.927776
6.420838,168.723312,135.936374
6.420877,168.723312,135.943702
6.420916,168.723312,135.996896
6.420998,168.723312,136.005238
6.421035,168.723312,136.019238
6.421070,168.723312,136.099520
6.421113,168.723312,136.114150
6.421142,168.723312,136.137606
6.421176,168.723312,136.137725
6.421215,168.723312,136.176051
6.421257,168.723312,136.195680
6.421296,168.723312,136.222848
6.421329,168.723312,136.226589
6.421371,168.723312,136.256102
6.421411,168.723312,136.278496
6.421448,168.723312,136.295571
6.421487,168.723312,136.306880
6.421528,168.723312,136.309344
6.421557,168.723312,136.326464
6.421595,168.723312,136.362112
6.421632,168.723312,136.389568
6.421669,168.723312,136.435296
6.421735,168.723312,136.457354
6.421775,168.723312,136.467168
6.421819,168.723312,136.495808
6.421855,168.723312,136.502870
6.421890,168.723312,136.545030
6.421923,168.723312,136.576096
6.421962,168.723312,136.584672
6.422045,168.723312,136.596896
6.422081,168.723312,136.634902
6.422121,168.723312,136.636480
6.422165,168.723312,136.667360
6.422249,168.723312,136.682774
6.422283,168.723312,136.724019
6.422355,168.723312,136.757290
6.422392,168.723312,136.784150
6.422427,168.723312,136.837536
6.422462,168.723312,136.842720
6.422494,168.723312,136.862323
6.422534,168.723312,136.885696
6.422568,168.723312,136.885779
6.422600,168.723312,136.901654
6.422646,168.723312,136.937504
6.422681,168.723312,136.974358
6.422720,168.723312,136.984224
6.422766,168.723312,136.986806
6.422806,168.723312,137.000669
6.422846,168.723312,137.017853
6.422883,168.723312,137.043776
6.422922,168.723312,137.053632
6.422954,168.723312,137.119958
6.422983,168.723312,137.171894
6.423014,168.723312,137.176893
6.423048,168.723312,137.185856
6.423093,168.723312,137.208000
6.423139,168.723312,137.222816
6.423178,168.723312,137.240147
6.423211,168.723312,137.252445
6.423245,168.723312,137.258688
6.423278,168.723312,137.273501
6.423314,168.723312,137.279616
6.423351,168.723312,137.285629
6.423387,168.723312,137.317875
6.423422,168.723312,137.376000
6.423465,168.723312,137.380544
6.423493,168.723312,137.383296
6.423530,168.723312,137.389587
6.423567,168.723312,137.420352
6.423598,168.723312,137.448669
6.423639,168.723312,137.490662
6.423677,168.723312,137.491805
6.423712,168.723312,137.530282
6.423828,168.723312,137.552320
6.423870,168.723312,137.610358
6.423913,168.723312,137.628928
6.423951,168.723312,137.643645
6.423986,168.723312,137.651200
6.424023,168.723312,137.715210
6.424064,168.723312,137.737696
6.424107,168.723312,137.774560
6.424171,168.723312,137.782045
6.424209,168.723312,137.794598
6.424251,168.723312,137.867210
6.424323,168.723312,137.884310
6.424358,168.723312,137.901629
6.424396,168.723312,137.909021
6.424435,168.723312,137.912966
6.424474,168.723312,137.933952
6.424551,168.723312,137.934806
6.424591,168.723312,137.996832
6.424631,168.723312,138.024979
6.424665,168.723312,138.084576
6.424706,168.723312,138.088192
6.424736,168.723312,138.104189
6.424775,168.723312,138.117917
6.424818,168.723312,138.126688
6.424854,168.723312,138.168224
6.424894,168.723312,138.169427
6.424927,168.723312,138.170931
6.424967,168.723312,138.198176
6.425034,168.723312,138.215398
6.425070,168.723312,138.221725
6.425167,168.723312,138.227158
6.425200,168.723312,138.233952
6.425234,168.723312,138.239830
6.425281,168.723312,138.259795
6.425335,168.723312,138.262208
6.425373,168.723312,138.287123
6.425414,168.723312,138.293184
6.425455,168.723312,138.300490
6.425493,168.723312,138.320390
6.425530,168.723312,138.336192
6.425565,168.723312,138.362336
6.425596,168.723312,138.378336
6.425675,168.723312,138.403136
6.425720,168.723312,138.422752
6.425763,168.723312,138.437760
6.425804,168.723312,138.448704
6.425845,168.723312,138.490762
6.425920,168.723312,138.491830
6.425953,168.723312,138.526624
6.425993,168.723312,138.529056
6.426027,168.723312,138.538954
6.426184,168.723312,138.556202
6.426221,168.723312,138.556349
6.426258,168.723312,138.563635
6.426294,168.723312,138.574570
6.426334,168.723312,138.580736
6.426367,168.723312,138.600640
6.426401,168.723312,138.601824
6.426438,168.723312,138.605472
6.426478,168.723312,138.639830
6.426517,168.723312,138.645085
6.426554,168.723312,138.661216
6.426585,168.723312,138.678336
6.426624,168.723312,138.685856
6.426669,168.723312,138.700496
6.426703,168.723312,138.743552
6.426740,168.723312,138.747616
6.426781,168.723312,138.750966
6.426821,168.723312,138.778336
6.426853,168.723312,138.785824
6.426895,168.723312,138.787990
6.426937,168.723312,138.794592
6.426973,168.723312,138.797056
6.427011,168.723312,138.819037
6.427046,168.723312,138.838794
6.427085,168.723312,138.853824
6.427132,168.723312,138.911744
6.427168,168.723312,138.912960
6.427201,168.723312,138.914205
6.427247,168.723312,138.919958
6.427280,168.723312,138.927776
6.427316,168.723312,138.946496
6.427350,168.723312,138.966112
6.427442,168.723312,138.978237
6.427487,168.723312,138.979350
6.427525,168.723312,138.995731
6.427563,168.723312,139.037472
6.427597,168.723312,139.040125
6.427636,168.723312,139.043968
6.427677,168.723312,139.046336
6.427713,168.723312,139.048800
6.427803,168.723312,139.064768
6.427843,168.723312,139.069629
6.427875,168.723312,139.081622
6.427935,168.723312,139.084150
6.427974,168.723312,139.130336
6.428016,168.723312,139.137696
6.428059,168.723312,139.139744
6.428088,168.723312,139.153334
6.428124,168.723312,139.188950
6.428158,168.723312,139.192128
6.428231,168.723312,139.243936
6.428273,168.723312,139.283190
6.428309,168.723312,139.342550
6.428351,168.723312,139.345002
6.428390,168.723312,139.365747
6.428433,168.723312,139.448438
6.428491,168.723312,139.467328
6.428526,168.723312,139.485718
6.428563,168.723312,139.488448
6.428603,168.723312,139.499094
6.428645,168.723312,139.511808
6.428684,168.723312,139.514109
6.428719,168.723312,139.548726
6.428763,168.723312,139.567424
6.428795,168.723312,139.570931
6.428835,168.723312,139.573437
6.428870,168.723312,139.618080
6.428934,168.723312,139.635296
6.428969,168.723312,139.642579
6.429041,168.723312,139.658483
6.429071,168.723312,139.700672
6.429115,168.723312,139.712768
6.429157,168.723312,139.726566
6.429191,168.723312,139.733888
6.429227,168.723312,139.758486
6.429268,168.723312,139.807914
6.429323,168.723312,139.848669
6.429365,168.723312,139.863379
6.429394,168.723312,139.886781
6.429430,168.723312,139.896819
6.429474,168.723312,139.915197
6.429506,168.723312,139.915302
6.429537,168.723312,139.916608
6.429576,168.723312,139.928829
6.429617,168.723312,139.980966
6.429655,168.723312,139.984512
6.429689,168.723312,140.000576
6.429720,168.723312,140.015616
6.429760,168.723312,140.017952
6.429827,168.723312,140.026557
6.429861,168.723312,140.031389
6.429901,168.723312,140.042624
6.429938,168.723312,140.056096
6.429975,168.723312,140.074560
6.430017,168.723312,140.075478
6.430056,168.723312,140.121373
6.430087,168.723312,140.145120
6.430136,168.723312,140.171040
6.430175,168.723312,140.179552
6.430212,168.723312,140.196800
6.430253,168.723312,140.236448
6.430294,168.723312,140.242496
6.430330,168.723312,140.269622
6.430372,168.723312,140.274752
6.430410,168.723312,140.281718
6.430451,168.723312,140.303104
6.430486,168.723312,140.310528
6.430555,168.723312,140.348701
6.430589,168.723312,140.348723
6.430626,168.723312,140.430304
6.430665,168.723312,140.440000
6.430707,168.723312,140.466080
6.430750,168.723312,140.538688
6.430786,168.723312,140.540128
6.430824,168.723312,140.543571
6.430866,168.723312,140.563542
6.430901,168.723312,140.571894
6.430936,168.723312,140.580704
6.430980,168.723312,140.604214
6.431011,168.723312,140.621270
6.431054,168.723312,140.625011
6.431094,168.723312,140.627808
6.431130,168.723312,140.651168
6.431165,168.723312,140.658230
6.431200,168.723312,140.659808
6.431241,168.723312,140.669792
6.431279,168.723312,140.677088
6.431311,168.723312,140.687104
6.431353,168.723312,140.692854
6.431391,168.723312,140.694400
6.431426,168.723312,140.699328
6.431467,168.723312,140.707904
6.431505,168.723312,140.714208
6.431540,168.723312,140.726589
6.431571,168.723312,140.747485
6.431606,168.723312,140.750016
6.431655,168.723312,140.760534
6.431692,168.723312,140.762528
6.431778,168.723312,140.763680
6.431859,168.723312,140.769430
6.431894,168.723312,140.782016
6.431932,168.723312,140.802963
6.431964,168.723312,140.814035
6.431998,168.723312,140.828957
6.432041,168.723312,140.837642
6.432130,168.723312,140.843968
6.432174,168.723312,140.851062
6.432208,168.723312,140.852448
6.432242,168.723312,140.874816
6.432285,168.723312,140.885702
6.432323,168.723312,140.948118
6.432356,168.723312,140.950976
6.432402,168.723312,140.965888
6.432442,168.723312,140.991699
6.432481,168.723312,141.011827
6.432522,168.723312,141.017920
6.432562,168.723312,141.026464
6.432596,168.723312,141.027594
6.432639,168.723312,141.027616
6.432674,168.723312,141.029075
6.432715,168.723312,141.037728
6.432756,168.723312,141.062483
6.432879,168.723312,141.096957
6.432910,168.723312,141.131424
6.432946,168.723312,141.143702
6.432987,168.723312,141.154678
6.433026,168.723312,141.174570
6.433108,168.723312,141.193184
6.433144,168.723312,141.206758
6.433185,168.723312,141.232704
6.433224,168.723312,141.242592
6.433259,168.723312,141.243542
6.433296,168.723312,141.247584
6.433337,168.723312,141.269398
6.433408,168.723312,141.278464
6.433459,168.723312,141.293152
6.433494,168.723312,141.299392
6.433548,168.723312,141.315424
6.433588,168.723312,141.337728
6.433660,168.723312,141.343808
6.433700,168.723312,141.369568
6.433733,168.723312,141.391862
6.433776,168.723312,141.394496
6.433812,168.723312,141.405376
6.433851,168.723312,141.418422
6.433883,168.723312,141.425216
6.433921,168.723312,141.426496
6.433960,168.723312,141.459936
6.433993,168.723312,141.463635
6.434026,168.723312,141.463648
6.434059,168.723312,141.493088
6.434098,168.723312,141.499414
6.434130,168.723312,141.504285
6.434169,168.723312,141.510166
6.434211,168.723312,141.511776
6.434296,168.723312,141.512598
6.434336,168.723312,141.521600
6.434378,168.723312,141.565917
6.434410,168.723312,141.571037
6.434458,168.723312,141.575357
6.434494,168.723312,141.587040
6.434531,168.723312,141.596957
6.434569,168.723312,141.601846
6.434604,168.723312,141.662400
6.434684,168.723312,141.695808
6.434770,168.723312,141.704179
6.434812,168.723312,141.731558
6.434884,168.723312,141.747187
6.434927,168.723312,141.759872
6.434960,168.723312,141.775882
6.434996,168.723312,141.783210
6.435035,168.723312,141.793034
6.435071,168.723312,141.793331
6.435106,168.723312,141.799190
6.435144,168.723312,141.805600
6.435229,168.723312,141.808864
6.435266,168.723312,141.810070
6.435303,168.723312,141.811622
6.435338,168.723312,141.811744
6.435377,168.723312,141.826419
6.435416,168.723312,141.846314
6.435506,168.723312,141.873504
6.435547,168.723312,141.888022
6.435585,168.723312,141.889418
6.435624,168.723312,141.893002
6.435655,168.723312,141.895731
6.435689,168.723312,141.916214
6.435719,168.723312,141.919101
6.435794,168.723312,141.949782
6.435837,168.723312,141.960957
6.435870,168.723312,141.972032
6.435914,168.723312,141.986976
6.435943,168.723312,141.990816
6.436041,168.723312,142.010144
6.436079,168.723312,142.012874
6.436118,168.723312,142.024096
6.436192,168.723312,142.030122
6.436271,168.723312,142.041501
6.436351,168.723312,142.095699
6.436394,168.723312,142.131616
6.436441,168.723312,142.138909
6.436475,168.723312,142.153398
6.436511,168.723312,142.156083
6.436555,168.723312,142.173536
6.436588,168.723312,142.174816
6.436632,168.723312,142.178387
6.436674,168.723312,142.189354
6.436717,168.723312,142.196669
6.436749,168.723312,142.200531
6.436784,168.723312,142.211638
6.436823,168.723312,142.214870
6.436860,168.723312,142.216054
6.436895,168.723312,142.238749
6.436931,168.723312,142.278259
6.436970,168.723312,142.278493
6.437008,168.723312,142.284608
6.437044,168.723312,142.302931
6.437081,168.723312,142.322816
6.437112,168.723312,142.325152
6.437150,168.723312,142.338752
6.437186,168.723312,142.349962
6.437229,168.723312,142.384150
6.437275,168.723312,142.389331
6.437312,168.723312,142.390326
6.437349,168.723312,142.393056
6.437386,168.723312,142.414026
6.437427,168.723312,142.417814
6.437465,168.723312,142.419008
6.437500,168.723312,142.437536
6.437538,168.723312,142.443936
6.437572,168.723312,142.459699
6.437608,168.723312,142.486707
6.437702,168.723312,142.497024
6.437763,168.723312,142.522752
6.437845,168.723312,142.541472
6.437888,168.723312,142.560992
6.437926,168.723312,142.569824
6.437959,168.723312,142.580960
6.437996,168.723312,142.600672
6.438031,168.723312,142.619165
6.438070,168.723312,142.623914
6.438113,168.723312,142.623936
6.438154,168.723312,142.633917
6.438185,168.723312,142.638976
6.438227,168.723312,142.648736
6.438262,168.723312,142.652362
6.438303,168.723312,142.656256
6.438337,168.723312,142.659635
6.438382,168.723312,142.666838
6.438416,168.723312,142.695411
6.438455,168.723312,142.708029
6.438495,168.723312,142.709376
6.438579,168.723312,142.712822
6.438615,168.723312,142.737142
6.438655,168.723312,142.757248
6.438688,168.723312,142.760822
6.438729,168.723312,142.777011
6.438766,168.723312,142.815104
6.438803,168.723312,142.821440
6.438847,168.723312,142.883082
6.438884,168.723312,142.925011
6.438928,168.723312,142.936544
6.439017,168.723312,142.952608
6.439051,168.723312,142.958752
6.439092,168.723312,142.962144
6.439136,168.723312,142.995616
6.439171,168.723312,143.026461
6.439211,168.723312,143.030877
6.439254,168.723312,143.041248
6.439297,168.723312,143.046182
6.439332,168.723312,143.069760
6.439371,168.723312,143.073395
6.439408,168.723312,143.089344
6.439446,168.723312,143.091936
6.439482,168.723312,143.131456
6.439530,168.723312,143.164768
6.439568,168.723312,143.194198
6.439606,168.723312,143.209110
6.439640,168.723312,143.211744
6.439683,168.723312,143.218995
6.439725,168.723312,143.220234
6.439762,168.723312,143.232637
6.439798,168.723312,143.248342
6.439840,168.723312,143.262368
6.439884,168.723312,143.283187
6.439923,168.723312,143.290614
6.439955,168.723312,143.305440
6.439995,168.723312,143.319101
6.440037,168.723312,143.326410
6.440075,168.723312,143.329558
6.440111,168.723312,143.347328
6.440152,168.723312,143.347552
6.440228,168.723312,143.350118
6.440266,168.723312,143.351104
6.440306,168.723312,143.359744
6.440338,168.723312,143.362118
6.440374,168.723312,143.399360
6.440412,168.723312,143.409056
6.440447,168.723312,143.420352
6.440481,168.723312,143.422749
6.440512,168.723312,143.486899
6.440583,168.723312,143.499293
6.440625,168.723312,143.506880
6.440665,168.723312,143.519894
6.440706,168.723312,143.522624
6.440745,168.723312,143.530272
6.440829,168.723312,143.531357
6.440866,168.723312,143.562048
6.440904,168.723312,143.562080
6.440937,168.723312,143.583411
6.441002,168.723312,143.585302
6.441039,168.723312,143.612960
6.441114,168.723312,143.613910
6.441156,168.723312,143.617952
6.441189,168.723312,143.625203
6.441231,168.723312,143.647485
6.441262,168.723312,143.653555
6.441296,168.723312,143.663062
6.441338,168.723312,143.675754
6.441383,168.723312,143.704256
6.441419,168.723312,143.719168
6.441491,168.723312,143.730269
6.441529,168.723312,143.740128
6.441563,168.723312,143.746496
6.441643,168.723312,143.770918
6.441677,168.723312,143.789472
6.441713,168.723312,143.794102
6.441750,168.723312,143.800736
6.441805,168.723312,143.816512
6.441843,168.723312,143.817590
6.441882,168.723312,143.826208
6.441919,168.723312,143.835136
6.441959,168.723312,143.874528
6.441996,168.723312,143.875910
6.442031,168.723312,143.881930
6.442108,168.723312,143.895446
6.442142,168.723312,143.927517
6.442177,168.723312,143.930109
6.442213,168.723312,143.960662
6.442249,168.723312,143.970880
6.442285,168.723312,143.971018
6.442358,168.723312,143.986614
6.442395,168.723312,144.003027
6.442431,168.723312,144.034016
6.442516,168.723312,144.038390
6.442553,168.723312,144.043840
6.442633,168.723312,144.047520
6.442678,168.723312,144.074720
6.442715,168.723312,144.075869
6.442755,168.723312,144.084672
6.442799,168.723312,144.093117
6.442841,168.723312,144.098112
6.442878,168.723312,144.106848
6.442923,168.723312,144.110070
6.442960,168.723312,144.110368
6.442998,168.723312,144.118912
6.443033,168.723312,144.135904
6.443066,168.723312,144.164650
6.443103,168.723312,144.169270
6.443168,168.723312,144.186774
6.443212,168.723312,144.196650
6.443247,168.723312,144.200150
6.443285,168.723312,144.219136
6.443322,168.723312,144.232768
6.443361,168.723312,144.237536
6.443394,168.723312,144.241376
6.443441,168.723312,144.263485
6.443476,168.723312,144.269437
6.443514,168.723312,144.269683
6.443553,168.723312,144.270858
6.443591,168.723312,144.293248
6.443637,168.723312,144.297952
6.443671,168.723312,144.311744
6.443708,168.723312,144.342598
6.443746,168.723312,144.344864
6.443783,168.723312,144.345152
6.443823,168.723312,144.350112
6.443860,168.723312,144.353472
6.443901,168.723312,144.362400
6.443973,168.723312,144.367190
6.444012,168.723312,144.367296
6.444049,168.723312,144.374557
6.444083,168.723312,144.379549
6.444124,168.723312,144.383069
6.444158,168.723312,144.394314
6.444196,168.723312,144.395584
6.444235,168.723312,144.398013
6.444313,168.723312,144.402803
6.444379,168.723312,144.411562
6.444416,168.723312,144.415392
6.444457,168.723312,144.419069
6.444491,168.723312,144.426294
6.444525,168.723312,144.458624
6.444567,168.723312,144.460992
6.444606,168.723312,144.463552
6.444650,168.723312,144.468480
6.444685,168.723312,144.470880
6.444734,168.723312,144.483296
6.444768,168.723312,144.484477
6.444799,168.723312,144.489600
6.444847,168.723312,144.492000
6.444885,168.723312,144.501632
6.444920,168.723312,144.505469
6.444956,168.723312,144.525014
6.444992,168.723312,144.547251
6.445053,168.723312,144.562496
6.445101,168.723312,144.563261
6.445136,168.723312,144.566016
6.445174,168.723312,144.578528
6.445216,168.723312,144.582109
6.445264,168.723312,144.585629
6.445300,168.723312,144.599357
6.445336,168.723312,144.601856
6.445369,168.723312,144.616576
6.445413,168.723312,144.630336
6.445453,168.723312,144.648851
6.445499,168.723312,144.650026
6.445594,168.723312,144.652371
6.445630,168.723312,144.669696
6.445674,168.723312,144.688416
6.445713,168.723312,144.706784
6.445765,168.723312,144.708029
6.445801,168.723312,144.727254
6.445840,168.723312,144.732608
6.445883,168.723312,144.741408
6.445925,168.723312,144.746336
6.446031,168.723312,144.760854
6.446101,168.723312,144.774771
6.446139,168.723312,144.785856
6.446190,168.723312,144.795466
6.446233,168.723312,144.799456
6.446271,168.723312,144.800448
6.446308,168.723312,144.814144
6.446347,168.723312,144.865834
6.446383,168.723312,144.872256
6.446457,168.723312,144.884576
6.446494,168.723312,144.885405
6.446526,168.723312,144.899219
6.446567,168.723312,144.899520
6.446610,168.723312,144.919200
6.446650,168.723312,144.926589
6.446689,168.723312,144.938816
6.446724,168.723312,144.950176
6.446807,168.723312,144.964342
6.446842,168.723312,144.972054
6.446880,168.723312,144.982208
6.446921,168.723312,144.991904
6.446954,168.723312,145.008064
6.446994,168.723312,145.025213
6.447040,168.723312,145.032864
6.447119,168.723312,145.042579
6.447181,168.723312,145.043667
6.447222,168.723312,145.056160
6.447261,168.723312,145.082080
6.447294,168.723312,145.083296
6.447325,168.723312,145.085856
6.447370,168.723312,145.108925
6.447442,168.723312,145.109216
6.447478,168.723312,145.117430
6.447515,168.723312,145.135027
6.447553,168.723312,145.144957
6.447589,168.723312,145.145952
6.447631,168.723312,145.151030
6.447667,168.723312,145.156128
6.447704,168.723312,145.162163
6.447745,168.723312,145.185430
6.447778,168.723312,145.190816
6.447812,168.723312,145.191699
6.447847,168.723312,145.213814
6.447893,168.723312,145.219136
6.447935,168.723312,145.221597
6.447977,168.723312,145.222912
6.448045,168.723312,145.222941
6.448085,168.723312,145.234934
6.448135,168.723312,145.248832
6.448221,168.723312,145.258624
6.448256,168.723312,145.265856
6.448292,168.723312,145.267264
6.448330,168.723312,145.268288
6.448365,168.723312,145.327424
6.448403,168.723312,145.333760
6.448444,168.723312,145.351133
6.448481,168.723312,145.358688
6.448527,168.723312,145.393184
6.448567,168.723312,145.395645
6.448607,168.723312,145.413878
6.448682,168.723312,145.415392
6.448718,168.723312,145.424854
6.448788,168.723312,145.432563
6.448823,168.723312,145.480662
6.448854,168.723312,145.485462
6.448886,168.723312,145.489078
6.448924,168.723312,145.500416
6.448963,168.723312,145.503072
6.449007,168.723312,145.507574
6.449076,168.723312,145.512768
6.449118,168.723312,145.525408
6.449159,168.723312,145.526496
6.449196,168.723312,145.534048
6.449241,168.723312,145.536486
6.449277,168.723312,145.551069
6.449313,168.723312,145.553142
6.449351,168.723312,145.578291
6.449389,168.723312,145.596438
6.449429,168.723312,145.619136
6.449467,168.723312,145.623882
6.449507,168.723312,145.625312
6.449556,168.723312,145.642262
6.449593,168.723312,145.645085
6.449636,168.723312,145.647190
6.449673,168.723312,145.650931
6.449708,168.723312,145.663520
6.449745,168.723312,145.667421
6.449794,168.723312,145.671638
6.449834,168.723312,145.673568
6.449907,168.723312,145.675680
6.449942,168.723312,145.690710
6.449977,168.723312,145.692438
6.450008,168.723312,145.694483
6.450050,168.723312,145.707850
6.450087,168.723312,145.715398
6.450148,168.723312,145.718944
6.450188,168.723312,145.726566
6.450228,168.723312,145.728992
6.450302,168.723312,145.755914
6.450338,168.723312,145.813907
6.450380,168.723312,145.831648
6.450419,168.723312,145.839542
6.450459,168.723312,145.847094
6.450496,168.723312,145.865622
6.450568,168.723312,145.877110
6.450612,168.723312,145.890528
6.450653,168.723312,145.906678
6.450694,168.723312,145.907901
6.450733,168.723312,145.917917
6.450773,168.723312,145.918678
6.450813,168.723312,145.948768
6.450847,168.723312,145.963254
6.450888,168.723312,145.969888
6.450971,168.723312,145.981930
6.451010,168.723312,145.994070
6.451049,168.723312,145.995549
6.451086,168.723312,146.022816
6.451124,168.723312,146.037440
6.451165,168.723312,146.053514
6.451201,168.723312,146.054877
6.451237,168.723312,146.061014
6.451279,168.723312,146.099094
6.451319,168.723312,146.106739
6.451359,168.723312,146.117632
6.451395,168.723312,146.148710
6.451428,168.723312,146.163254
6.451473,168.723312,146.171078
6.451514,168.723312,146.174272
6.451555,168.723312,146.182112
6.451595,168.723312,146.195350
6.451630,168.723312,146.200576
6.451668,168.723312,146.216576
6.451710,168.723312,146.217590
6.451753,168.723312,146.240061
6.451835,168.723312,146.259670
6.451877,168.723312,146.304170
6.451913,168.723312,146.320086
6.451948,168.723312,146.351328
6.451990,168.723312,146.368221
6.452024,168.723312,146.370666
6.452063,168.723312,146.370816
6.452102,168.723312,146.372054
6.452141,168.723312,146.391795
6.452185,168.723312,146.413824
6.452222,168.723312,146.430336
6.452299,168.723312,146.441222
6.452334,168.723312,146.441248
6.452365,168.723312,146.448669
6.452400,168.723312,146.466112
6.452445,168.723312,146.482934
6.452489,168.723312,146.507997
6.452522,168.723312,146.516502
6.452560,168.723312,146.520170
6.452602,168.723312,146.537651
6.452640,168.723312,146.538816
6.452681,168.723312,146.564477
6.452717,168.723312,146.570806
6.452766,168.723312,146.572086
6.452804,168.723312,146.584595
6.452841,168.723312,146.595584
6.452884,168.723312,146.600640
6.452973,168.723312,146.610547
6.453015,168.723312,146.612470
6.453056,168.723312,146.622688
6.453099,168.723312,146.626464
6.453140,168.723312,146.626560
6.453180,168.723312,146.645974
6.453217,168.723312,146.659699
6.453259,168.723312,146.668445
6.453303,168.723312,146.669334
6.453350,168.723312,146.672115
6.453387,168.723312,146.678144
6.453430,168.723312,146.701949
6.453467,168.723312,146.719101
6.453504,168.723312,146.721696
6.453579,168.723312,146.725088
6.453626,168.723312,146.730176
6.453674,168.723312,146.737472
6.453717,168.723312,146.740032
6.453760,168.723312,146.748704
6.453794,168.723312,146.762278
6.453868,168.723312,146.773107
6.453906,168.723312,146.774752
6.453946,168.723312,146.784544
6.453982,168.723312,146.788112
6.454014,168.723312,146.791670
6.454049,168.723312,146.806816
6.454090,168.723312,146.825110
6.454131,168.723312,146.830141
6.454167,168.723312,146.837440
6.454205,168.723312,146.843606
6.454243,168.723312,146.843699
6.454302,168.723312,146.850176
6.454347,168.723312,146.861088
6.454387,168.723312,146.866077
6.454429,168.723312,146.880896
6.454470,168.723312,146.884320
6.454509,168.723312,146.890592
6.454544,168.723312,146.906454
6.454580,168.723312,146.910198
6.454621,168.723312,146.927446
6.454659,168.723312,146.927872
6.454696,168.723312,146.941181
6.454775,168.723312,146.942432
6.454812,168.723312,146.947382
6.454848,168.723312,146.948797
6.454888,168.723312,146.966870
6.454928,168.723312,146.977056
6.454965,168.723312,146.983114
6.455016,168.723312,146.998080
6.455067,168.723312,147.004246
6.455113,168.723312,147.005376
6.455150,168.723312,147.005398
6.455183,168.723312,147.007936
6.455231,168.723312,147.008662
6.455275,168.723312,147.030304
6.455311,168.723312,147.050774
6.455354,168.723312,147.059805
6.455390,168.723312,147.072317
6.455428,168.723312,147.105482
6.455513,168.723312,147.111603
6.455550,168.723312,147.122474
6.455582,168.723312,147.125427
6.455632,168.723312,147.137597
6.455667,168.723312,147.150016
6.455717,168.723312,147.153674
6.455883,168.723312,147.157376
6.455927,168.723312,147.163325
6.455963,168.723312,147.167082
6.456007,168.723312,147.168544
6.456046,168.723312,147.175731
6.456079,168.723312,147.189290
6.456117,168.723312,147.189376
6.456160,168.723312,147.195648
6.456194,168.723312,147.208115
6.456236,168.723312,147.210422
6.456277,168.723312,147.215274
6.456316,168.723312,147.223978
6.456359,168.723312,147.228925
6.456395,168.723312,147.228960
6.456432,168.723312,147.232278
6.456472,168.723312,147.232672
6.456510,168.723312,147.240790
6.456551,168.723312,147.248310
6.456589,168.723312,147.248598
6.456633,168.723312,147.260874
6.456671,168.723312,147.262077
6.456711,168.723312,147.273482
6.456752,168.723312,147.278378
6.456829,168.723312,147.287894
6.456866,168.723312,147.293974
6.456904,168.723312,147.304179
6.456944,168.723312,147.310397
6.456981,168.723312,147.321267
6.457020,168.723312,147.337597
6.457063,168.723312,147.341376
6.457160,168.723312,147.360886
6.457202,168.723312,147.367142
6.457240,168.723312,147.385494
6.457278,168.723312,147.386845
6.457316,168.723312,147.417430
6.457360,168.723312,147.417622
6.457398,168.723312,147.421344
6.457440,168.723312,147.422880
6.457514,168.723312,147.424019
6.457586,168.723312,147.447584
6.457624,168.723312,147.457280
6.457662,168.723312,147.512896
6.457700,168.723312,147.512960
6.457740,168.723312,147.516502
6.457778,168.723312,147.522230
6.457856,168.723312,147.532406
6.457889,168.723312,147.536448
6.457928,168.723312,147.557142
6.457973,168.723312,147.557309
6.458010,168.723312,147.557459
6.458103,168.723312,147.563616
6.458151,168.723312,147.564832
6.458195,168.723312,147.566112
6.458229,168.723312,147.579616
6.458266,168.723312,147.586912
6.458307,168.723312,147.590422
6.458354,168.723312,147.625142
6.458393,168.723312,147.645152
6.458428,168.723312,147.652490
6.458490,168.723312,147.672086
6.458529,168.723312,147.678282
6.458611,168.723312,147.715200
6.458655,168.723312,147.727510
6.458731,168.723312,147.736189
6.458817,168.723312,147.750806
6.458888,168.723312,147.753546
6.458937,168.723312,147.756083
6.458978,168.723312,147.757238
6.459022,168.723312,147.764544
6.459062,168.723312,147.767190
6.459099,168.723312,147.773206
6.459142,168.723312,147.784595
6.459184,168.723312,147.788054
6.459220,168.723312,147.788118
6.459258,168.723312,147.794186
6.459302,168.723312,147.798240
6.459346,168.723312,147.805414
6.459388,168.723312,147.817718
6.459430,168.723312,147.820448
6.459474,168.723312,147.824029
6.459516,168.723312,147.825363
6.459558,168.723312,147.832704
6.459653,168.723312,147.847584
6.459729,168.723312,147.873302
6.459771,168.723312,147.873440
6.459812,168.723312,147.878336
6.459848,168.723312,147.879453
6.459888,168.723312,147.884512
6.459936,168.723312,147.888054
6.459967,168.723312,147.893248
6.460016,168.723312,147.900704
6.460087,168.723312,147.914176
6.460153,168.723312,147.939744
6.460198,168.723312,147.941376
6.460238,168.723312,147.950931
6.460276,168.723312,147.952358
6.460317,168.723312,147.959722
6.460358,168.723312,147.972051
6.460445,168.723312,147.978102
6.460485,168.723312,147.981814
6.460520,168.723312,147.985706
6.460559,168.723312,147.988010
6.460600,168.723312,147.988064
6.460638,168.723312,147.993117
6.460678,168.723312,148.005322
6.460722,168.723312,148.025216
6.460771,168.723312,148.028630
6.460808,168.723312,148.032371
6.460845,168.723312,148.032448
6.460879,168.723312,148.034934
6.460952,168.723312,148.036160
6.460997,168.723312,148.047232
6.461044,168.723312,148.047357
6.461078,168.723312,148.052477
6.461124,168.723312,148.056797
6.461161,168.723312,148.064534
6.461196,168.723312,148.073878
6.461232,168.723312,148.074166
6.461270,168.723312,148.100608
6.461349,168.723312,148.100736
6.461396,168.723312,148.106688
6.461433,168.723312,148.110355
6.461481,168.723312,148.117779
6.461520,168.723312,148.135040
6.461564,168.723312,148.142432
6.461611,168.723312,148.157376
6.461698,168.723312,148.169523
6.461738,168.723312,148.170624
6.461784,168.723312,148.179382
6.461896,168.723312,148.185696
6.461944,168.723312,148.188022
6.461989,168.723312,148.189376
6.462026,168.723312,148.191987
6.462075,168.723312,148.192000
6.462108,168.723312,148.204064
6.462150,168.723312,148.226570
6.462202,168.723312,148.228893
6.462243,168.723312,148.230141
6.462279,168.723312,148.232544
6.462319,168.723312,148.234838
6.462363,168.723312,148.236416
6.462399,168.723312,148.256083
6.462442,168.723312,148.258102
6.462491,168.723312,148.258422
6.462531,168.723312,148.262227
6.462569,168.723312,148.264438
6.462632,168.723312,148.278368
6.462674,168.723312,148.279616
6.462717,168.723312,148.283328
6.462794,168.723312,148.293184
6.462838,168.723312,148.304288
6.462878,168.723312,148.310272
6.462919,168.723312,148.317878
6.462970,168.723312,148.333334
6.463005,168.723312,148.348608
6.463045,168.723312,148.358336
6.463083,168.723312,148.365814
6.463128,168.723312,148.370624
6.463164,168.723312,148.375894
6.463210,168.723312,148.389270
6.463247,168.723312,148.395414
6.463296,168.723312,148.396701
6.463342,168.723312,148.400086
6.463384,168.723312,148.400672
6.463429,168.723312,148.419187
6.463473,168.723312,148.425280
6.463550,168.723312,148.434954
6.463587,168.723312,148.436000
6.463661,168.723312,148.439965
6.463701,168.723312,148.446272
6.463797,168.723312,148.452384
6.463833,168.723312,148.453600
6.463879,168.723312,148.456032
6.463923,168.723312,148.465814
6.463966,168.723312,148.467059
6.464004,168.723312,148.488179
6.464048,168.723312,148.503136
6.464097,168.723312,148.544694
6.464142,168.723312,148.552458
6.464188,168.723312,148.558525
6.464222,168.723312,148.559542
6.464258,168.723312,148.581949
6.464299,168.723312,148.615456
6.464349,168.723312,148.620160
6.464391,168.723312,148.620349
6.464426,168.723312,148.630269
6.464460,168.723312,148.636278
6.464506,168.723312,148.642198
6.464544,168.723312,148.650902
6.464580,168.723312,148.652576
6.464618,168.723312,148.700566
6.464663,168.723312,148.706506
6.464706,168.723312,148.711424
6.464753,168.723312,148.712822
6.464840,168.723312,148.715168
6.464886,168.723312,148.715382
6.464926,168.723312,148.719101
6.464967,168.723312,148.722688
6.465012,168.723312,148.722838
6.465051,168.723312,148.725139
6.465087,168.723312,148.736115
6.465123,168.723312,148.736352
6.465159,168.723312,148.736384
6.465200,168.723312,148.746131
6.465236,168.723312,148.746368
6.465272,168.723312,148.752448
6.465317,168.723312,148.753366
6.465361,168.723312,148.757130
6.465398,168.723312,148.759933
6.465438,168.723312,148.767158
6.465482,168.723312,148.774454
6.465524,168.723312,148.775754
6.465562,168.723312,148.781622
6.465599,168.723312,148.788150
6.465636,168.723312,148.795446
6.465667,168.723312,148.796800
6.465717,168.723312,148.802954
6.465765,168.723312,148.858579
6.465804,168.723312,148.866838
6.465848,168.723312,148.867283
6.465932,168.723312,148.876864
6.465979,168.723312,148.888096
6.466015,168.723312,148.900102
6.466058,168.723312,148.913984
6.466100,168.723312,148.915030
6.466144,168.723312,148.915338
6.466186,168.723312,148.918963
6.466223,168.723312,148.921344
6.466262,168.723312,148.930272
6.466366,168.723312,148.931616
6.466449,168.723312,148.937696
6.466490,168.723312,148.949558
6.466532,168.723312,148.963242
6.466583,168.723312,148.982080
6.466676,168.723312,148.985766
6.466723,168.723312,148.990134
6.466766,168.723312,148.990592
6.466819,168.723312,148.993910
6.466862,168.723312,148.994400
6.466905,168.723312,148.995398
6.466948,168.723312,149.009014
6.466984,168.723312,149.012662
6.467028,168.723312,149.012960
6.467133,168.723312,149.017952
6.467175,168.723312,149.018742
6.467218,168.723312,149.030240
6.467305,168.723312,149.041034
6.467351,168.723312,149.062195
6.467399,168.723312,149.066016
6.467434,168.723312,149.088083
6.467471,168.723312,149.095485
6.467507,168.723312,149.104019
6.467546,168.723312,149.107818
6.467630,168.723312,149.116214
6.467703,168.723312,149.118912
6.467748,168.723312,149.126358
6.467795,168.723312,149.126496
6.467833,168.723312,149.141504
6.467878,168.723312,149.154547
6.467916,168.723312,149.157053
6.467960,168.723312,149.158304
6.468029,168.723312,149.164768
6.468073,168.723312,149.167165
6.468112,168.723312,149.169587
6.468149,168.723312,149.174589
6.468184,168.723312,149.175731
6.468221,168.723312,149.191709
6.468270,168.723312,149.198176
6.468344,168.723312,149.204352
6.468447,168.723312,149.209878
6.468482,168.723312,149.212960
6.468736,168.723312,149.225152
6.468788,168.723312,149.232458
6.468829,168.723312,149.237334
6.468876,168.723312,149.240160
6.468929,168.723312,149.247210
6.468969,168.723312,149.251104
6.469017,168.723312,149.255798
6.469057,168.723312,149.262432
6.469102,168.723312,149.296544
6.469140,168.723312,149.306624
6.469175,168.723312,149.323872
6.469214,168.723312,149.329024
6.469267,168.723312,149.330134
6.469309,168.723312,149.333939
6.469360,168.723312,149.344800
6.469404,168.723312,149.345107
6.469483,168.723312,149.356198
6.469523,168.723312,149.357344
6.469563,168.723312,149.357408
6.469599,168.723312,149.362368
6.469676,168.723312,149.364650
6.469715,168.723312,149.366035
6.469765,168.723312,149.369664
6.469842,168.723312,149.375926
6.469885,168.723312,149.377011
6.469921,168.723312,149.379392
6.469960,168.723312,149.386816
6.469998,168.723312,149.389376
6.470047,168.723312,149.403040
6.470084,168.723312,149.417984
6.470173,168.723312,149.418016
6.470209,168.723312,149.420234
6.470250,168.723312,149.422515
6.470287,168.723312,149.422752
6.470337,168.723312,149.429702
6.470381,168.723312,149.437482
6.470420,168.723312,149.459814
6.470467,168.723312,149.472256
6.470548,168.723312,149.477056
6.470584,168.723312,149.480736
6.470630,168.723312,149.487862
6.470674,168.723312,149.497875
6.470709,168.723312,149.503059
6.470749,168.723312,149.507901
6.470792,168.723312,149.512317
6.470830,168.723312,149.527648
6.470876,168.723312,149.531456
6.470927,168.723312,149.531584
6.471017,168.723312,149.544896
6.471053,168.723312,149.548522
6.471097,168.723312,149.554835
6.471135,168.723312,149.568214
6.471170,168.723312,149.576960
6.471208,168.723312,149.580736
6.471242,168.723312,149.581686
6.471279,168.723312,149.582176
6.471321,168.723312,149.585747
6.471362,168.723312,149.607446
6.471404,168.723312,149.617398
6.471447,168.723312,149.625248
6.471488,168.723312,149.630122
6.471522,168.723312,149.642506
6.471569,168.723312,149.672118
6.471614,168.723312,149.674598
6.471654,168.723312,149.676851
6.471696,168.723312,149.679318
6.471738,168.723312,149.685619
6.471778,168.723312,149.685853
6.471819,168.723312,149.693184
6.471857,168.723312,149.701750
6.471896,168.723312,149.702742
6.471947,168.723312,149.703232
6.472020,168.723312,149.707478
6.472067,168.723312,149.713878
6.472105,168.723312,149.714077
6.472143,168.723312,149.721312
6.472181,168.723312,149.721568
6.472225,168.723312,149.727718
6.472271,168.723312,149.757322
6.472311,168.723312,149.763251
6.472347,168.723312,149.768214
6.472386,168.723312,149.768426
6.472425,168.723312,149.768544
6.472461,168.723312,149.769302
6.472495,168.723312,149.773302
6.472528,168.723312,149.783168
6.472565,168.723312,149.798038
6.472602,168.723312,149.798131
6.472653,168.723312,149.800416
6.472691,168.723312,149.806848
6.472726,168.723312,149.811574
6.472766,168.723312,149.817779
6.472805,168.723312,149.821386
6.472843,168.723312,149.826144
6.472884,168.723312,149.832406
6.472919,168.723312,149.864838
6.472956,168.723312,149.865846
6.472994,168.723312,149.866208
6.473037,168.723312,149.868384
6.473072,168.723312,149.878166
6.473122,168.723312,149.886774
6.473158,168.723312,149.898118
6.473193,168.723312,149.907805
6.473262,168.723312,149.913718
6.473304,168.723312,149.922710
6.473341,168.723312,149.940096
6.473388,168.723312,149.940992
6.473431,168.723312,149.954944
6.473472,168.723312,149.962250
6.473510,168.723312,149.968352
6.473548,168.723312,149.970934
6.473581,168.723312,149.971862
6.473627,168.723312,149.981875
6.473663,168.723312,149.985504
6.473707,168.723312,149.985789
6.473745,168.723312,150.001760
6.473787,168.723312,150.020086
6.473830,168.723312,150.036022
6.473872,168.723312,150.048118
6.473912,168.723312,150.066995
6.473950,168.723312,150.068182
6.474030,168.723312,150.082090
6.474073,168.723312,150.083136
6.474111,168.723312,150.089565
6.474145,168.723312,150.095510
6.474192,168.723312,150.104352
6.474228,168.723312,150.111744
6.474315,168.723312,150.116736
6.474400,168.723312,150.128925
6.474437,168.723312,150.132470
6.474477,168.723312,150.148531
6.474522,168.723312,150.148701
6.474563,168.723312,150.150998
6.474610,168.723312,150.157318
6.474652,168.723312,150.160832
6.474694,168.723312,150.162368
6.474738,168.723312,150.169664
6.474775,168.723312,150.178304
6.474818,168.723312,150.179350
6.474857,168.723312,150.191680
6.474895,168.723312,150.211709
6.474936,168.723312,150.214144
6.475024,168.723312,150.222710
6.475071,168.723312,150.254710
6.475133,168.723312,150.261942
6.475201,168.723312,150.264534
6.475239,168.723312,150.264864
6.475274,168.723312,150.265782
6.475309,168.723312,150.269728
6.475344,168.723312,150.281718
6.475378,168.723312,150.284512
6.475417,168.723312,150.286912
6.475460,168.723312,150.293152
6.475540,168.723312,150.304224
6.475575,168.723312,150.307574
6.475612,168.723312,150.330112
6.475657,168.723312,150.332371
6.475694,168.723312,150.349984
6.475735,168.723312,150.350774
6.475773,168.723312,150.351168
6.475816,168.723312,150.373331
6.475858,168.723312,150.382208
6.476000,168.723312,150.387859
6.476074,168.723312,150.406688
6.476113,168.723312,150.407670
6.476149,168.723312,150.408957
6.476184,168.723312,150.410240
6.476220,168.723312,150.420054
6.476263,168.723312,150.422880
6.476303,168.723312,150.423936
6.476333,168.723312,150.425184
6.476369,168.723312,150.434774
6.476414,168.723312,150.451158
6.476485,168.723312,150.460950
6.476533,168.723312,150.461034
6.476614,168.723312,150.482048
6.476689,168.723312,150.490515
6.476721,168.723312,150.501302
6.476766,168.723312,150.503072
6.476817,168.723312,150.506582
6.476854,168.723312,150.511574
6.476895,168.723312,150.528960
6.476936,168.723312,150.538816
6.477020,168.723312,150.548150
6.477060,168.723312,150.556160
6.477100,168.723312,150.557309
6.477136,168.723312,150.558525
6.477174,168.723312,150.574557
6.477211,168.723312,150.585770
6.477253,168.723312,150.586646
6.477289,168.723312,150.588288
6.477330,168.723312,150.594400
6.477370,168.723312,150.598016
6.477407,168.723312,150.610464
6.477445,168.723312,150.613779
6.477488,168.723312,150.618934
6.477528,168.723312,150.642579
6.477649,168.723312,150.651069
6.477690,168.723312,150.657878
6.477728,168.723312,150.658387
6.477768,168.723312,150.664736
6.477802,168.723312,150.665494
6.477843,168.723312,150.668342
6.477886,168.723312,150.670710
6.477926,168.723312,150.684595
6.477961,168.723312,150.691638
6.478003,168.723312,150.697558
6.478043,168.723312,150.697974
6.478082,168.723312,150.717430
6.478124,168.723312,150.717683
6.478158,168.723312,150.725206
6.478197,168.723312,150.726336
6.478235,168.723312,150.747357
6.478282,168.723312,150.762070
6.478318,168.723312,150.763485
6.478362,168.723312,150.778310
6.478398,168.723312,150.783325
6.478434,168.723312,150.783392
6.478479,168.723312,150.786774
6.478517,168.723312,150.792854
6.478557,168.723312,150.795574
6.478592,168.723312,150.804102
6.478635,168.723312,150.806720
6.478710,168.723312,150.807830
6.478751,168.723312,150.828957
6.478785,168.723312,150.829590
6.478823,168.723312,150.846166
6.478855,168.723312,150.848630
6.478895,168.723312,150.848669
6.478936,168.723312,150.859542
6.478972,168.723312,150.860989
6.479009,168.723312,150.862419
6.479049,168.723312,150.867050
6.479095,168.723312,150.873277
6.479132,168.723312,150.879453
6.479169,168.723312,150.896819
6.479203,168.723312,150.918966
6.479243,168.723312,150.921504
6.479306,168.723312,150.924854
6.479355,168.723312,150.932694
6.479393,168.723312,150.940064
6.479430,168.723312,150.947520
6.479480,168.723312,150.954870
6.479516,168.723312,150.959702
6.479564,168.723312,150.962134
6.479597,168.723312,150.965718
6.479636,168.723312,150.965917
6.479668,168.723312,150.969568
6.479700,168.723312,150.973440
6.479737,168.723312,150.975670
6.479790,168.723312,150.978998
6.479830,168.723312,150.980819
6.479876,168.723312,150.985642
6.479968,168.723312,150.990758
6.480073,168.723312,150.995616
6.480114,168.723312,151.001853
6.480155,168.723312,151.015283
6.480193,168.723312,151.017600
6.480231,168.723312,151.032563
6.480268,168.723312,151.033750
6.480318,168.723312,151.040854
6.480393,168.723312,151.043936
6.480435,168.723312,151.044701
6.480470,168.723312,151.048630
6.480503,168.723312,151.059968
6.480545,168.723312,151.060906
6.480591,168.723312,151.060915
6.480631,168.723312,151.063549
6.480668,168.723312,151.078304
6.480748,168.723312,151.079414
6.480793,168.723312,151.101878
6.480829,168.723312,151.130291
6.480868,168.723312,151.131558
6.480911,168.723312,151.143424
6.480946,168.723312,151.150518
6.480979,168.723312,151.151101
6.481014,168.723312,151.157194
6.481051,168.723312,151.157267
6.481096,168.723312,151.161939
6.481139,168.723312,151.165738
6.481182,168.723312,151.184394
6.481231,168.723312,151.223872
6.481268,168.723312,151.224998
6.481337,168.723312,151.227776
6.481411,168.723312,151.228531
6.481446,168.723312,151.239926
6.481485,168.723312,151.242294
6.481522,168.723312,151.242496
6.481592,168.723312,151.244822
6.481629,168.723312,151.267082
6.481668,168.723312,151.270918
6.481703,168.723312,151.278240
6.481746,168.723312,151.295584
6.481784,168.723312,151.297686
6.481820,168.723312,151.311712
6.481921,168.723312,151.331126
6.481954,168.723312,151.333590
6.481996,168.723312,151.336448
6.482038,168.723312,151.343520
6.482081,168.723312,151.354422
6.482123,168.723312,151.360854
6.482169,168.723312,151.365696
6.482211,168.723312,151.373277
6.482248,168.723312,151.390358
6.482291,168.723312,151.391670
6.482362,168.723312,151.394400
6.482461,168.723312,151.399261
6.482510,168.723312,151.410419
6.482556,168.723312,151.411680
6.482680,168.723312,151.416214
6.482753,168.723312,151.417984
6.482792,168.723312,151.420038
6.482865,168.723312,151.420320
6.482911,168.723312,151.425171
6.482950,168.723312,151.427584
6.482993,168.723312,151.444832
6.483033,168.723312,151.449792
6.483079,168.723312,151.462208
6.483120,168.723312,151.475891
6.483160,168.723312,151.475936
6.483212,168.723312,151.482080
6.483248,168.723312,151.490528
6.483295,168.723312,151.490611
6.483329,168.723312,151.493130
6.483369,168.723312,151.506294
6.483403,168.723312,151.506653
6.483453,168.723312,151.512694
6.483490,168.723312,151.516630
6.483536,168.723312,151.526518
6.483574,168.723312,151.537661
6.483617,168.723312,151.558410
6.483663,168.723312,151.570582
6.483697,168.723312,151.590365
6.483732,168.723312,151.596755
6.483775,168.723312,151.615488
6.483819,168.723312,151.618774
6.483867,168.723312,151.631357
6.483909,168.723312,151.635094
6.483948,168.723312,151.643872
6.483994,168.723312,151.644896
6.484030,168.723312,151.655968
6.484068,168.723312,151.659904
6.484102,168.723312,151.662400
6.484142,168.723312,151.669600
6.484181,168.723312,151.681875
6.484223,168.723312,151.688118
6.484263,168.723312,151.692854
6.484300,168.723312,151.695254
6.484337,168.723312,151.698998
6.484380,168.723312,151.700330
6.484410,168.723312,151.704381
6.484451,168.723312,151.713056
6.484529,168.723312,151.713974
6.484573,168.723312,151.714112
6.484618,168.723312,151.719104
6.484660,168.723312,151.722688
6.484703,168.723312,151.728851
6.484743,168.723312,151.740064
6.484780,168.723312,151.742547
6.484816,168.723312,151.747517
6.484862,168.723312,151.791603
6.484904,168.723312,151.801674
6.484942,168.723312,151.821536
6.484984,168.723312,151.825078
6.485027,168.723312,151.827744
6.485066,168.723312,151.828851
6.485110,168.723312,151.834973
6.485153,168.723312,151.837728
6.485234,168.723312,151.840128
6.485273,168.723312,151.851027
6.485327,168.723312,151.869302
6.485367,168.723312,151.876918
6.485406,168.723312,151.887933
6.485446,168.723312,151.914003
6.485480,168.723312,151.915165
6.485520,168.723312,151.916531
6.485562,168.723312,151.921280
6.485605,168.723312,151.942432
6.485646,168.723312,151.943520
6.485682,168.723312,151.957213
6.485716,168.723312,151.963094
6.485761,168.723312,151.963680
6.485842,168.723312,151.965782
6.485885,168.723312,151.978410
6.485978,168.723312,151.982016
6.486015,168.723312,151.985888
6.486057,168.723312,151.991958
6.486096,168.723312,152.001664
6.486143,168.723312,152.007936
6.486184,168.723312,152.011712
6.486262,168.723312,152.018784
6.486304,168.723312,152.022528
6.486346,168.723312,152.026294
6.486395,168.723312,152.032704
6.486444,168.723312,152.034582
6.486482,168.723312,152.039936
6.486526,168.723312,152.042400
6.486573,168.723312,152.056211
6.486618,168.723312,152.063414
6.486657,168.723312,152.067165
6.486691,168.723312,152.068214
6.486729,168.723312,152.073046
6.486766,168.723312,152.076694
6.486810,168.723312,152.114144
6.486853,168.723312,152.119296
6.486900,168.723312,152.126525
6.486941,168.723312,152.128691
6.486984,168.723312,152.133789
6.487022,168.723312,152.141258
6.487065,168.723312,152.148861
6.487145,168.723312,152.151958
6.487190,168.723312,152.153514
6.487239,168.723312,152.153696
6.487285,168.723312,152.155786
6.487322,168.723312,152.168214
6.487387,168.723312,152.190550
6.487430,168.723312,152.199008
6.487472,168.723312,152.201664
6.487518,168.723312,152.202806
6.487558,168.723312,152.202826
6.487595,168.723312,152.204256
6.487661,168.723312,152.215062
6.487698,168.723312,152.228704
6.487736,168.723312,152.236179
6.487777,168.723312,152.238390
6.487812,168.723312,152.242355
6.487852,168.723312,152.242419
6.487900,168.723312,152.248576
6.487946,168.723312,152.256160
6.487995,168.723312,152.261024
6.488043,168.723312,152.265952
6.488082,168.723312,152.290474
6.488121,168.723312,152.297814
6.488166,168.723312,152.300445
6.488206,168.723312,152.305206
6.488250,168.723312,152.306880
6.488293,168.723312,152.310515
6.488339,168.723312,152.313088
6.488379,168.723312,152.317888
6.488417,168.723312,152.334998
6.488460,168.723312,152.339766
6.488496,168.723312,152.346176
6.488530,168.723312,152.358550
6.488574,168.723312,152.366934
6.488609,168.723312,152.369568
6.488641,168.723312,152.369725
6.488719,168.723312,152.372083
6.488758,168.723312,152.373437
6.488811,168.723312,152.378432
6.488855,168.723312,152.379562
6.489035,168.723312,152.379648
6.489080,168.723312,152.381590
6.489123,168.723312,152.382080
6.489164,168.723312,152.389568
6.489207,168.723312,152.399357
6.489246,168.723312,152.401696
6.489295,168.723312,152.405696
6.489378,168.723312,152.415178
6.489421,168.723312,152.420160
6.489468,168.723312,152.423574
6.489539,168.723312,152.427478
6.489575,168.723312,152.433590
6.489614,168.723312,152.442560
6.489716,168.723312,152.445002
6.489845,168.723312,152.449856
6.489883,168.723312,152.450998
6.489929,168.723312,152.469398
6.489979,168.723312,152.482966
6.490011,168.723312,152.498208
6.490111,168.723312,152.510077
6.490155,168.723312,152.510198
6.490188,168.723312,152.516275
6.490232,168.723312,152.517728
6.490267,168.723312,152.533494
6.490317,168.723312,152.537430
6.490371,168.723312,152.553312
6.490407,168.723312,152.571069
6.490452,168.723312,152.577046
6.490501,168.723312,152.585430
6.490539,168.723312,152.585738
6.490622,168.723312,152.588179
6.490660,168.723312,152.607638
6.490702,168.723312,152.614096
6.490748,168.723312,152.626496
6.490793,168.723312,152.633472
6.490831,168.723312,152.635040
6.490872,168.723312,152.643606
6.490946,168.723312,152.645024
6.491019,168.723312,152.648736
6.491104,168.723312,152.658752
6.491151,168.723312,152.669270
6.491193,168.723312,152.674784
6.491236,168.723312,152.677309
6.491324,168.723312,152.678496
6.491378,168.723312,152.680650
6.491414,168.723312,152.685619
6.491454,168.723312,152.688054
6.491502,168.723312,152.688160
6.491539,168.723312,152.693117
6.491576,168.723312,152.694323
6.491625,168.723312,152.706656
6.491675,168.723312,152.709280
6.491713,168.723312,152.711414
6.491752,168.723312,152.711552
6.491821,168.723312,152.714141
6.491860,168.723312,152.721501
6.491936,168.723312,152.741120
6.491973,168.723312,152.752054
6.492010,168.723312,152.754848
6.492062,168.723312,152.754976
6.492152,168.723312,152.766045
6.492195,168.723312,152.768307
6.492231,168.723312,152.776886
6.492278,168.723312,152.788054
6.492314,168.723312,152.806781
6.492355,168.723312,152.808982
6.492392,168.723312,152.814118
6.492430,168.723312,152.826134
6.492499,168.723312,152.828957
6.492544,168.723312,152.833846
6.492592,168.723312,152.842390
6.492642,168.723312,152.843901
6.492721,168.723312,152.843936
6.492768,168.723312,152.849878
6.492819,168.723312,152.852106
6.492854,168.723312,152.853792
6.492892,168.723312,152.854854
6.492935,168.723312,152.871894
6.493003,168.723312,152.902813
6.493042,168.723312,152.910432
6.493127,168.723312,152.911190
6.493167,168.723312,152.912755
6.493201,168.723312,152.924758
6.493245,168.723312,152.932736
6.493288,168.723312,152.941302
6.493332,168.723312,152.964374
6.493370,168.723312,152.969856
6.493411,168.723312,152.979456
6.493447,168.723312,153.009226
6.493493,168.723312,153.024019
6.493538,168.723312,153.031242
6.493575,168.723312,153.040064
6.493624,168.723312,153.041299
6.493700,168.723312,153.056896
6.493735,168.723312,153.058717
6.493776,168.723312,153.060694
6.493819,168.723312,153.061846
6.493857,168.723312,153.073258
6.493901,168.723312,153.074451
6.493940,168.723312,153.080893
6.493988,168.723312,153.081952
6.494021,168.723312,153.086774
6.494059,168.723312,153.089376
6.494094,168.723312,153.091987
6.494133,168.723312,153.095616
6.494228,168.723312,153.098070
6.494271,168.723312,153.101750
6.494313,168.723312,153.110166
6.494345,168.723312,153.112960
6.494393,168.723312,153.122758
6.494434,168.723312,153.135146
6.494473,168.723312,153.139933
6.494505,168.723312,153.149885
6.494542,168.723312,153.150774
6.494579,168.723312,153.152394
6.494616,168.723312,153.153238
6.494688,168.723312,153.161085
6.494770,168.723312,153.171766
6.494818,168.723312,153.174294
6.494857,168.723312,153.176854
6.494895,168.723312,153.181942
6.494935,168.723312,153.185226
6.494976,168.723312,153.185610
6.495023,168.723312,153.199018
6.495065,168.723312,153.199190
6.495112,168.723312,153.200672
6.495148,168.723312,153.209107
6.495191,168.723312,153.209206
6.495233,168.723312,153.216310
6.495278,168.723312,153.230304
6.495318,168.723312,153.232800
6.495401,168.723312,153.233802
6.495450,168.723312,153.245117
6.495491,168.723312,153.254720
6.495539,168.723312,153.256051
6.495573,168.723312,153.260906
6.495616,168.723312,153.262240
6.495665,168.723312,153.264746
6.495747,168.723312,153.276662
6.495785,168.723312,153.284470
6.495829,168.723312,153.285494
6.495875,168.723312,153.290358
6.495922,168.723312,153.305334
6.495988,168.723312,153.314038
6.496032,168.723312,153.315488
6.496112,168.723312,153.325152
6.496151,168.723312,153.341312
6.496198,168.723312,153.343731
6.496241,168.723312,153.348406
6.496279,168.723312,153.352307
6.496323,168.723312,153.358493
6.496364,168.723312,153.360934
6.496400,168.723312,153.362336
6.496439,168.723312,153.363520
6.496515,168.723312,153.372051
6.496559,168.723312,153.391613
6.496606,168.723312,153.395603
6.496646,168.723312,153.397875
6.496681,168.723312,153.401430
6.496716,168.723312,153.404115
6.496757,168.723312,153.406621
6.496794,168.723312,153.407763
6.496828,168.723312,153.408083
6.496992,168.723312,153.415360
6.497035,168.723312,153.422621
6.497148,168.723312,153.422848
6.497195,168.723312,153.430237
6.497234,168.723312,153.439901
6.497278,168.723312,153.443648
6.497313,168.723312,153.461046
6.497356,168.723312,153.468374
6.497395,168.723312,153.483238
6.497439,168.723312,153.485686
6.497479,168.723312,153.486614
6.497513,168.723312,153.486730
6.497547,168.723312,153.488054
6.497583,168.723312,153.490102
6.497619,168.723312,153.493011
6.497661,168.723312,153.498870
6.497704,168.723312,153.507878
6.497738,168.723312,153.514099
6.497777,168.723312,153.521354
6.497811,168.723312,153.526496
6.497856,168.723312,153.533514
6.497895,168.723312,153.568182
6.497937,168.723312,153.574496
6.497980,168.723312,153.588128
6.498025,168.723312,153.611645
6.498068,168.723312,153.619990
6.498106,168.723312,153.620512
6.498145,168.723312,153.623936
6.498183,168.723312,153.636083
6.498247,168.723312,153.638816
6.498287,168.723312,153.646080
6.498327,168.723312,153.649638
6.498392,168.723312,153.652416
6.498430,168.723312,153.658598
6.498474,168.723312,153.660854
6.498521,168.723312,153.662323
6.498565,168.723312,153.667040
6.498609,168.723312,153.672019
6.498652,168.723312,153.690752
6.498692,168.723312,153.691862
6.498730,168.723312,153.696714
6.498773,168.723312,153.701696
6.498806,168.723312,153.747520
6.498839,168.723312,153.753440
6.498871,168.723312,153.753610
6.498917,168.723312,153.754922
6.498955,168.723312,153.755008
6.498998,168.723312,153.768406
6.499040,168.723312,153.770816
6.499077,168.723312,153.771798
6.499119,168.723312,153.774438
6.499163,168.723312,153.778230
6.499212,168.723312,153.788054
6.499249,168.723312,153.814954
6.499286,168.723312,153.817718
6.499329,168.723312,153.831648
6.499413,168.723312,153.847030
6.499447,168.723312,153.857331
6.499492,168.723312,153.857376
6.499542,168.723312,153.871968
6.499583,168.723312,153.878195
6.499623,168.723312,153.890294
6.499663,168.723312,153.892128
6.499774,168.723312,153.902784
6.499813,168.723312,153.911571
6.499850,168.723312,153.912598
6.499891,168.723312,153.914080
6.499932,168.723312,153.929024
6.499973,168.723312,153.930163
6.500012,168.723312,153.935030
6.500064,168.723312,153.936022
6.500128,168.723312,153.940950
6.500174,168.723312,153.941437
6.500214,168.723312,153.942496
6.500285,168.723312,153.945011
6.500327,168.723312,153.952256
6.500363,168.723312,153.953622
6.500407,168.723312,153.957408
6.500499,168.723312,153.963242
6.500536,168.723312,153.963286
6.500575,168.723312,153.965597
6.500617,168.723312,153.965984
6.500667,168.723312,153.967229
6.500715,168.723312,153.986454
6.500756,168.723312,153.994035
6.500792,168.723312,153.998998
6.500893,168.723312,154.004918
6.500933,168.723312,154.007904
6.500972,168.723312,154.008000
6.501107,168.723312,154.014144
6.501150,168.723312,154.017888
6.501191,168.723312,154.017907
6.501232,168.723312,154.018826
6.501269,168.723312,154.019830
6.501310,168.723312,154.027478
6.501353,168.723312,154.027795
6.501401,168.723312,154.028662
6.501441,168.723312,154.038582
6.501477,168.723312,154.039574
6.501513,168.723312,154.049779
6.501555,168.723312,154.049958
6.501586,168.723312,154.055635
6.501627,168.723312,154.057942
6.501663,168.723312,154.066954
6.501704,168.723312,154.068214
6.501743,168.723312,154.069619
6.501791,168.723312,154.079475
6.501832,168.723312,154.084544
6.501881,168.723312,154.093149
6.501920,168.723312,154.104128
6.501964,168.723312,154.112736
6.502005,168.723312,154.121501
6.502089,168.723312,154.126592
6.502123,168.723312,154.138931
6.502165,168.723312,154.140960
6.502208,168.723312,154.143488
6.502252,168.723312,154.162336
6.502294,168.723312,154.167360
6.502334,168.723312,154.173043
6.502375,168.723312,154.173158
6.502416,168.723312,154.185789
6.502451,168.723312,154.186611
6.502497,168.723312,154.217629
6.502651,168.723312,154.225149
6.502692,168.723312,154.235018
6.502783,168.723312,154.249725
6.502823,168.723312,154.251059
6.502862,168.723312,154.256086
6.502898,168.723312,154.257248
6.502934,168.723312,154.260822
6.502970,168.723312,154.266035
6.503008,168.723312,154.269696
6.503101,168.723312,154.271734
6.503142,168.723312,154.273014
6.503215,168.723312,154.273130
6.503254,168.723312,154.286358
6.503292,168.723312,154.286854
6.503329,168.723312,154.294176
6.503376,168.723312,154.297952
6.503413,168.723312,154.302870
6.503460,168.723312,154.305469
6.503503,168.723312,154.315210
6.503546,168.723312,154.320339
6.503626,168.723312,154.324960
6.503665,168.723312,154.329024
6.503736,168.723312,154.331283
6.503773,168.723312,154.335232
6.503819,168.723312,154.342227
6.503862,168.723312,154.347446
6.503901,168.723312,154.348214
6.503971,168.723312,154.348394
6.504010,168.723312,154.349792
6.504046,168.723312,154.353302
6.504081,168.723312,154.357373
6.504125,168.723312,154.362006
6.504167,168.723312,154.362336
6.504268,168.723312,154.375722
6.504335,168.723312,154.400118
6.504370,168.723312,154.414144
6.504418,168.723312,154.419894
6.504455,168.723312,154.426102
6.504494,168.723312,154.427318
6.504535,168.723312,154.444714
6.504568,168.723312,154.455622
6.504603,168.723312,154.467027
6.504645,168.723312,154.473098
6.504689,168.723312,154.474557
6.504727,168.723312,154.483360
6.504775,168.723312,154.483382
6.504824,168.723312,154.485661
6.504859,168.723312,154.487104
6.504904,168.723312,154.501683
6.504994,168.723312,154.504022
6.505037,168.723312,154.506656
6.505072,168.723312,154.507552
6.505109,168.723312,154.507702
6.505140,168.723312,154.518963
6.505176,168.723312,154.521430
6.505216,168.723312,154.530272
6.505305,168.723312,154.532787
6.505348,168.723312,154.533693
6.505391,168.723312,154.534954
6.505437,168.723312,154.541267
6.505478,168.723312,154.542198
6.505522,168.723312,154.547178
6.505560,168.723312,154.549622
6.505606,168.723312,154.560915
6.505646,168.723312,154.562080
6.505679,168.723312,154.574442
6.505715,168.723312,154.580630
6.505760,168.723312,154.580768
6.505795,168.723312,154.582742
6.505867,168.723312,154.588170
6.505913,168.723312,154.595254
6.505946,168.723312,154.595584
6.506021,168.723312,154.596650
6.506060,168.723312,154.605629
6.506099,168.723312,154.611808
6.506140,168.723312,154.612960
6.506221,168.723312,154.615402
6.506261,168.723312,154.615475
6.506303,168.723312,154.616605
6.506352,168.723312,154.623859
6.506399,168.723312,154.636320
6.506435,168.723312,154.653334
6.506476,168.723312,154.662166
6.506518,168.723312,154.665558
6.506555,168.723312,154.669462
6.506589,168.723312,154.707542
6.506626,168.723312,154.710333
6.506660,168.723312,154.713984
6.506696,168.723312,154.723574
6.506764,168.723312,154.734931
6.506834,168.723312,154.736544
6.506874,168.723312,154.750934
6.506913,168.723312,154.778304
6.507005,168.723312,154.783136
6.507051,168.723312,154.785280
6.507091,168.723312,154.790390
6.507125,168.723312,154.790720
6.507162,168.723312,154.791638
6.507207,168.723312,154.810038
6.507250,168.723312,154.811744
6.507297,168.723312,154.816275
6.507343,168.723312,154.823798
6.507381,168.723312,154.830240
6.507516,168.723312,154.837664
6.507550,168.723312,154.850006
6.507591,168.723312,154.853405
6.507634,168.723312,154.859923
6.507674,168.723312,154.865782
6.507717,168.723312,154.870774
6.507759,168.723312,154.878141
6.507836,168.723312,154.879712
6.507870,168.723312,154.881728
6.507907,168.723312,154.884339
6.507950,168.723312,154.895517
6.507990,168.723312,154.897715
6.508035,168.723312,154.917792
6.508071,168.723312,154.920170
6.508140,168.723312,154.920320
6.508216,168.723312,154.921405
6.508253,168.723312,154.936086
6.508296,168.723312,154.937664
6.508336,168.723312,154.939638
6.508372,168.723312,154.946282
6.508418,168.723312,154.955997
6.508474,168.723312,154.963616
6.508562,168.723312,154.965558
6.508608,168.723312,154.977056
6.508657,168.723312,154.985222
6.508692,168.723312,154.985536
6.508730,168.723312,154.985766
6.508777,168.723312,155.009280
6.508830,168.723312,155.015114
6.508862,168.723312,155.015318
6.508905,168.723312,155.015334
6.508942,168.723312,155.022662
6.508986,168.723312,155.024854
6.509023,168.723312,155.038390
6.509065,168.723312,155.039965
6.509096,168.723312,155.040006
6.509134,168.723312,155.046208
6.509211,168.723312,155.049789
6.509250,168.723312,155.049798
6.509285,168.723312,155.062090
6.509319,168.723312,155.083168
6.509362,168.723312,155.084576
6.509395,168.723312,155.084608
6.509469,168.723312,155.091798
6.509510,168.723312,155.100118
6.509548,168.723312,155.109056
6.509621,168.723312,155.111709
6.509652,168.723312,155.112694
6.509693,168.723312,155.128893
6.509739,168.723312,155.134870
6.509776,168.723312,155.141034
6.509824,168.723312,155.162269
6.509874,168.723312,155.191955
6.509912,168.723312,155.218912
6.509948,168.723312,155.223680
6.509993,168.723312,155.228640
6.510035,168.723312,155.230118
6.510072,168.723312,155.239734
6.510107,168.723312,155.251059
6.510142,168.723312,155.252320
6.510232,168.723312,155.267082
6.510274,168.723312,155.283238
6.510308,168.723312,155.285622
6.510359,168.723312,155.285770
6.510453,168.723312,155.286678
6.510488,168.723312,155.289334
6.510536,168.723312,155.291872
6.510621,168.723312,155.293248
6.510694,168.723312,155.309024
6.510737,168.723312,155.326422
6.510775,168.723312,155.333654
6.510821,168.723312,155.333910
6.510862,168.723312,155.345814
6.510907,168.723312,155.347382
6.510946,168.723312,155.358304
6.510984,168.723312,155.364182
6.511023,168.723312,155.366112
6.511095,168.723312,155.378496
6.511132,168.723312,155.380928
6.511181,168.723312,155.384054
6.511217,168.723312,155.397878
6.511270,168.723312,155.407910
6.511313,168.723312,155.420086
6.511344,168.723312,155.424918
6.511379,168.723312,155.430278
6.511428,168.723312,155.437334
6.511466,168.723312,155.437462
6.511504,168.723312,155.437782
6.511551,168.723312,155.442294
6.511628,168.723312,155.444682
6.511662,168.723312,155.449770
6.511698,168.723312,155.449862
6.511745,168.723312,155.459318
6.511790,168.723312,155.471574
6.511829,168.723312,155.474272
6.511865,168.723312,155.477056
6.511956,168.723312,155.479402
6.511994,168.723312,155.481526
6.512029,168.723312,155.484118
6.512062,168.723312,155.484285
6.512105,168.723312,155.491901
6.512141,168.723312,155.494102
6.512175,168.723312,155.507638
6.512204,168.723312,155.508096
6.512287,168.723312,155.513782
6.512325,168.723312,155.515200
6.512363,168.723312,155.517715
6.512401,168.723312,155.520224
6.512469,168.723312,155.522496
6.512511,168.723312,155.529814
6.512546,168.723312,155.542400
6.512585,168.723312,155.543635
6.512636,168.723312,155.565834
6.512672,168.723312,155.576854
6.512706,168.723312,155.577984
6.512740,168.723312,155.579398
6.512777,168.723312,155.579542
6.512819,168.723312,155.581590
6.512855,168.723312,155.586742
6.512893,168.723312,155.586845
6.512933,168.723312,155.595680
6.512972,168.723312,155.597750
6.513022,168.723312,155.597834
6.513058,168.723312,155.602678
6.513097,168.723312,155.612566
6.513140,168.723312,155.615350
6.513179,168.723312,155.622944
6.513258,168.723312,155.632490
6.513301,168.723312,155.633930
6.513342,168.723312,155.639744
6.513438,168.723312,155.648605
6.513473,168.723312,155.657171
6.513508,168.723312,155.673149
6.513629,168.723312,155.674294
6.513664,168.723312,155.678166
6.513710,168.723312,155.682838
6.513753,168.723312,155.686922
6.513840,168.723312,155.691677
6.513885,168.723312,155.693152
6.513958,168.723312,155.694134
6.514001,168.723312,155.695414
6.514045,168.723312,155.699446
6.514080,168.723312,155.700496
6.514114,168.723312,155.714163
6.514158,168.723312,155.721302
6.514231,168.723312,155.723914
6.514272,168.723312,155.728989
6.514321,168.723312,155.733747
6.514362,168.723312,155.744960
6.514436,168.723312,155.746240
6.514483,168.723312,155.747126
6.514520,168.723312,155.748646
6.514566,168.723312,155.748669
6.514601,168.723312,155.748672
6.514638,168.723312,155.749920
6.514741,168.723312,155.752362
6.514827,168.723312,155.769373
6.514890,168.723312,155.769395
6.514931,168.723312,155.773174
6.514970,168.723312,155.789523
6.515052,168.723312,155.796851
6.515096,168.723312,155.813526
6.515135,168.723312,155.815030
6.515169,168.723312,155.829856
6.515205,168.723312,155.839734
6.515240,168.723312,155.843360
6.515275,168.723312,155.844790
6.515328,168.723312,155.847414
6.515364,168.723312,155.851104
6.515396,168.723312,155.855510
6.515433,168.723312,155.865942
6.515511,168.723312,155.874451
6.515554,168.723312,155.884480
6.515587,168.723312,155.888256
6.515638,168.723312,155.893098
6.515715,168.723312,155.895328
6.515757,168.723312,155.914998
6.515797,168.723312,155.916307
6.515829,168.723312,155.916800
6.515869,168.723312,155.921238
6.515916,168.723312,155.923795
6.515958,168.723312,155.932541
6.516002,168.723312,155.943574
6.516042,168.723312,155.956096
6.516122,168.723312,155.967232
6.516197,168.723312,155.969526
6.516237,168.723312,155.969654
6.516273,168.723312,155.970902
6.516311,168.723312,155.975840
6.516441,168.723312,155.976630
6.516485,168.723312,155.976950
6.516531,168.723312,155.985792
6.516599,168.723312,155.989213
6.516647,168.723312,155.991955
6.516741,168.723312,155.996691
6.516798,168.723312,156.002550
6.516842,168.723312,156.025341
6.516891,168.723312,156.027414
6.516934,168.723312,156.043763
6.516978,168.723312,156.058333
6.517010,168.723312,156.062208
6.517058,168.723312,156.065718
6.517093,168.723312,156.074643
6.517184,168.723312,156.078154
6.517227,168.723312,156.079318
6.517273,168.723312,156.086826
6.517360,168.723312,156.095478
6.517403,168.723312,156.100502
6.517441,168.723312,156.113866
6.517476,168.723312,156.117462
6.517515,168.723312,156.119830
6.517551,168.723312,156.120288
6.517593,168.723312,156.121258
6.517634,168.723312,156.122742
6.517672,168.723312,156.125078
6.517715,168.723312,156.126230
6.517752,168.723312,156.128573
6.517780,168.723312,156.141226
6.517823,168.723312,156.147350
6.517861,168.723312,156.151392
6.517907,168.723312,156.153558
6.517943,168.723312,156.153728
6.518007,168.723312,156.154486
6.518045,168.723312,156.160726
6.518083,168.723312,156.162461
6.518284,168.723312,156.174518
6.518322,168.723312,156.183114
6.518357,168.723312,156.184150
6.518396,168.723312,156.190614
6.518432,168.723312,156.191699
6.518464,168.723312,156.198208
6.518561,168.723312,156.204886
6.518606,168.723312,156.206483
6.518649,168.723312,156.210358
6.518690,168.723312,156.212800
6.518732,168.723312,156.226304
6.518774,168.723312,156.250003
6.518816,168.723312,156.258624
6.518885,168.723312,156.259859
6.518917,168.723312,156.265706
6.518958,168.723312,156.265939
6.518994,168.723312,156.270806
6.519031,168.723312,156.274643
6.519267,168.723312,156.278230
6.519305,168.723312,156.288288
6.519337,168.723312,156.293002
6.519412,168.723312,156.295606
6.519451,168.723312,156.306368
6.519488,168.723312,156.308925
6.519532,168.723312,156.311350
6.519569,168.723312,156.319005
6.519602,168.723312,156.323734
6.519647,168.723312,156.324115
6.519687,168.723312,156.345056
6.519724,168.723312,156.357085
6.519762,168.723312,156.359213
6.519793,168.723312,156.362208
6.519837,168.723312,156.368266
6.519875,168.723312,156.374326
6.519913,168.723312,156.389245
6.520010,168.723312,156.389440
6.520131,168.723312,156.393046
6.520218,168.723312,156.400192
6.520258,168.723312,156.401270
6.520297,168.723312,156.402774
6.520336,168.723312,156.419136
6.520425,168.723312,156.421398
6.520459,168.723312,156.421536
6.520496,168.723312,156.423818
6.520542,168.723312,156.426102
6.520577,168.723312,156.429814
6.520614,168.723312,156.430272
6.520666,168.723312,156.437075
6.520708,168.723312,156.455411
6.520749,168.723312,156.466112
6.520826,168.723312,156.469821
6.520874,168.723312,156.480374
6.520911,168.723312,156.491478
6.520972,168.723312,156.492970
6.521018,168.723312,156.502838
6.521058,168.723312,156.512723
6.521106,168.723312,156.513686
6.521142,168.723312,156.517654
6.521189,168.723312,156.519072
6.521223,168.723312,156.521600
6.521257,168.723312,156.522454
6.521291,168.723312,156.527507
6.521332,168.723312,156.535958
6.521363,168.723312,156.541162
6.521414,168.723312,156.546278
6.521448,168.723312,156.547133
6.521480,168.723312,156.568406
6.521513,168.723312,156.568470
6.521552,168.723312,156.578282
6.521592,168.723312,156.593184
6.521666,168.723312,156.597718
6.521748,168.723312,156.606422
6.521783,168.723312,156.611712
6.521863,168.723312,156.615283
6.521941,168.723312,156.616458
6.521986,168.723312,156.635168
6.522028,168.723312,156.644694
6.522068,168.723312,156.651104
6.522101,168.723312,156.660854
6.522140,168.723312,156.663094
6.522176,168.723312,156.669398
6.522209,168.723312,156.671958
6.522248,168.723312,156.674486
6.522287,168.723312,156.685558
6.522329,168.723312,156.690438
6.522371,168.723312,156.690464
6.522413,168.723312,156.697622
6.522452,168.723312,156.702582
6.522489,168.723312,156.702816
6.522526,168.723312,156.717798
6.522557,168.723312,156.719200
6.522598,168.723312,156.723667
6.522642,168.723312,156.724918
6.522681,168.723312,156.734742
6.522714,168.723312,156.737462
6.522755,168.723312,156.742515
6.522801,168.723312,156.743776
6.522897,168.723312,156.748768
6.522965,168.723312,156.750835
6.522997,168.723312,156.751168
6.523030,168.723312,156.757152
6.523067,168.723312,156.757162
6.523113,168.723312,156.765654
6.523152,168.723312,156.765718
6.523198,168.723312,156.792886
6.523241,168.723312,156.792992
6.523279,168.723312,156.793142
6.523327,168.723312,156.800182
6.523371,168.723312,156.810038
6.523410,168.723312,156.813590
6.523445,168.723312,156.816182
6.523483,168.723312,156.819062
6.523525,168.723312,156.824086
6.523606,168.723312,156.825142
6.523651,168.723312,156.829875
6.523686,168.723312,156.835094
6.523725,168.723312,156.854771
6.523759,168.723312,156.857203
6.523801,168.723312,156.866982
6.523833,168.723312,156.872115
6.523880,168.723312,156.879616
6.523998,168.723312,156.880598
6.524041,168.723312,156.881856
6.524083,168.723312,156.881939
6.524128,168.723312,156.890294
6.524162,168.723312,156.890422
6.524197,168.723312,156.895222
6.524237,168.723312,156.897981
6.524281,168.723312,156.904320
6.524320,168.723312,156.905235
6.524364,168.723312,156.916214
6.524402,168.723312,156.918678
6.524439,168.723312,156.919894
6.524482,168.723312,156.922678
6.524523,168.723312,156.923638
6.524565,168.723312,156.927094
6.524603,168.723312,156.931030
6.524638,168.723312,156.932339
6.524682,168.723312,156.944758
6.524728,168.723312,156.948598
6.524839,168.723312,156.954803
6.524888,168.723312,156.962070
6.524920,168.723312,156.971040
6.524952,168.723312,156.977014
6.524991,168.723312,156.981238
6.525028,168.723312,156.984320
6.525065,168.723312,156.984512
6.525129,168.723312,156.991702
6.525164,168.723312,156.994400
6.525209,168.723312,157.002518
6.525248,168.723312,157.006358
6.525285,168.723312,157.039965
6.525319,168.723312,157.044598
6.525355,168.723312,157.044704
6.525391,168.723312,157.047293
6.525430,168.723312,157.053638
6.525465,168.723312,157.061053
6.525505,168.723312,157.062301
6.525544,168.723312,157.064342
6.525579,168.723312,157.067210
6.525615,168.723312,157.078237
6.525653,168.723312,157.080768
6.525704,168.723312,157.092992
6.525738,168.723312,157.095264
6.525802,168.723312,157.102678
6.525840,168.723312,157.123734
6.525879,168.723312,157.149843
6.525914,168.723312,157.166035
6.525951,168.723312,157.171008
6.525989,168.723312,157.179254
6.526032,168.723312,157.184381
6.526072,168.723312,157.190486
6.526142,168.723312,157.197715
6.526185,168.723312,157.212502
6.526223,168.723312,157.224893
6.526292,168.723312,157.243696
6.526325,168.723312,157.244822
6.526361,168.723312,157.247126
6.526396,168.723312,157.248627
6.526444,168.723312,157.249958
6.526477,168.723312,157.257174
6.526516,168.723312,157.259997
6.526555,168.723312,157.261152
6.526592,168.723312,157.265779
6.526634,168.723312,157.285856
6.526681,168.723312,157.293117
6.526727,168.723312,157.295776
6.526826,168.723312,157.302838
6.526893,168.723312,157.310397
6.526925,168.723312,157.311306
6.526955,168.723312,157.319264
6.527053,168.723312,157.332598
6.527091,168.723312,157.337386
6.527133,168.723312,157.341149
6.527178,168.723312,157.345088
6.527222,168.723312,157.348490
6.527256,168.723312,157.364342
6.527293,168.723312,157.373056
6.527327,168.723312,157.374314
6.527364,168.723312,157.378464
6.527535,168.723312,157.384406
6.527572,168.723312,157.392096
6.527746,168.723312,157.395744
6.527829,168.723312,157.396723
6.527864,168.723312,157.400406
6.527937,168.723312,157.416307
6.527984,168.723312,157.417654
6.528019,168.723312,157.428960
6.528057,168.723312,157.443382
6.528092,168.723312,157.448320
6.528131,168.723312,157.449494
6.528167,168.723312,157.450848
6.528209,168.723312,157.464278
6.528247,168.723312,157.464608
6.528288,168.723312,157.469206
6.528323,168.723312,157.469386
6.528353,168.723312,157.469398
6.528387,168.723312,157.470710
6.528426,168.723312,157.471894
6.528464,168.723312,157.476851
6.528507,168.723312,157.502784
6.528552,168.723312,157.502870
6.528592,168.723312,157.508032
6.528668,168.723312,157.514214
6.528716,168.723312,157.516362
6.528757,168.723312,157.521046
6.528793,168.723312,157.521501
6.528839,168.723312,157.538816
6.528881,168.723312,157.539766
6.528927,168.723312,157.548509
6.528997,168.723312,157.555891
6.529033,168.723312,157.558358
6.529070,168.723312,157.559648
6.529139,168.723312,157.579094
6.529179,168.723312,157.580490
6.529215,168.723312,157.586954
6.529311,168.723312,157.592822
6.529351,168.723312,157.595584
6.529394,168.723312,157.597728
6.529440,168.723312,157.605459
6.529521,168.723312,157.610230
6.529569,168.723312,157.620342
6.529614,168.723312,157.630070
6.529651,168.723312,157.630966
6.529686,168.723312,157.632541
6.529717,168.723312,157.648829
6.529758,168.723312,157.668118
6.529793,168.723312,157.668477
6.529840,168.723312,157.671990
6.529878,168.723312,157.674483
6.529923,168.723312,157.674816
6.529960,168.723312,157.683190
6.530009,168.723312,157.686899
6.530056,168.723312,157.710934
6.530092,168.723312,157.713942
6.530126,168.723312,157.717651
6.530162,168.723312,157.722538
6.530233,168.723312,157.731037
6.530273,168.723312,157.737270
6.530309,168.723312,157.737472
6.530345,168.723312,157.752150
6.530382,168.723312,157.754685
6.530447,168.723312,157.758496
6.530482,168.723312,157.775606
6.530523,168.723312,157.801462
6.530563,168.723312,157.801853
6.530601,168.723312,157.810326
6.530638,168.723312,157.812509
6.530671,168.723312,157.820147
6.530711,168.723312,157.841184
6.530745,168.723312,157.843306
6.530779,168.723312,157.848672
6.530860,168.723312,157.865558
6.530896,168.723312,157.868310
6.530934,168.723312,157.873110
6.530968,168.723312,157.874624
6.531055,168.723312,157.880701
6.531089,168.723312,157.883027
6.531129,168.723312,157.884285
6.531158,168.723312,157.885590
6.531204,168.723312,157.888150
6.531240,168.723312,157.891510
6.531276,168.723312,157.895530
6.531319,168.723312,157.900374
6.531354,168.723312,157.901686
6.531394,168.723312,157.902870
6.531429,168.723312,157.913942
6.531464,168.723312,157.914966
6.531497,168.723312,157.917622
6.531538,168.723312,157.921430
6.531570,168.723312,157.936339
6.531602,168.723312,157.937110
6.531635,168.723312,157.938630
6.531670,168.723312,157.942464
6.531707,168.723312,157.948586
6.531743,168.723312,157.950678
6.531776,168.723312,157.952544
6.531864,168.723312,157.953430
6.531902,168.723312,157.954646
6.531947,168.723312,157.958688
6.532142,168.723312,157.962272
6.532179,168.723312,157.998070
6.532216,168.723312,158.005376
6.532284,168.723312,158.014016
6.532315,168.723312,158.019101
6.532351,168.723312,158.020160
6.532394,168.723312,158.021139
6.532427,168.723312,158.021373
6.532464,168.723312,158.022685
6.532496,168.723312,158.040758
6.532530,168.723312,158.046998
6.532559,168.723312,158.059606
6.532602,168.723312,158.065747
6.532635,168.723312,158.065885
6.532674,168.723312,158.067030
6.532740,168.723312,158.074592
6.532807,168.723312,158.089398
6.532847,168.723312,158.091955
6.532878,168.723312,158.102771
6.532913,168.723312,158.112797
6.532945,168.723312,158.122550
6.532987,168.723312,158.127443
6.533019,168.723312,158.144627
6.533062,168.723312,158.150835
6.533101,168.723312,158.150931
6.533135,168.723312,158.150954
6.533165,168.723312,158.154400
6.533200,168.723312,158.162038
6.533233,168.723312,158.169616
6.533273,168.723312,158.195414
6.533345,168.723312,158.199126
6.533383,168.723312,158.210291
6.533415,168.723312,158.215229
6.533468,168.723312,158.228957
6.533505,168.723312,158.237334
6.533546,168.723312,158.253491
6.533575,168.723312,158.260950
6.533622,168.723312,158.265664
6.533655,168.723312,158.295350
6.533693,168.723312,158.296797
6.533778,168.723312,158.310038
6.533814,168.723312,158.316413
6.533847,168.723312,158.320083
6.533889,168.723312,158.323670
6.533923,168.723312,158.328736
6.533958,168.723312,158.331296
6.533986,168.723312,158.332214
6.534020,168.723312,158.347283
6.534057,168.723312,158.353366
6.534093,168.723312,158.353728
6.534133,168.723312,158.369638
6.534166,168.723312,158.373395
6.534252,168.723312,158.385440
6.534286,168.723312,158.385686
6.534328,168.723312,158.385696
6.534365,168.723312,158.396605
6.534397,168.723312,158.397971
6.534434,168.723312,158.402976
6.534471,168.723312,158.408854
6.534518,168.723312,158.412726
6.534550,168.723312,158.416416
6.534618,168.723312,158.420054
6.534658,168.723312,158.441309
6.534698,168.723312,158.444755
6.534731,168.723312,158.456083
6.534816,168.723312,158.462496
6.534939,168.723312,158.466710
6.534970,168.723312,158.476992
6.535004,168.723312,158.485664
6.535074,168.723312,158.490634
6.535158,168.723312,158.496522
6.535193,168.723312,158.496822
6.535227,168.723312,158.502973
6.535303,168.723312,158.505322
6.535345,168.723312,158.506666
6.535382,168.723312,158.509014
6.535415,168.723312,158.516310
6.535452,168.723312,158.524790
6.535486,168.723312,158.527680
6.535533,168.723312,158.529718
6.535573,168.723312,158.532470
6.535604,168.723312,158.534998
6.535641,168.723312,158.538826
6.535825,168.723312,158.540128
6.535863,168.723312,158.541158
6.535894,168.723312,158.551120
6.535923,168.723312,158.553622
6.535959,168.723312,158.562323
6.536001,168.723312,158.569299
6.536034,168.723312,158.574442
6.536078,168.723312,158.594102
6.536140,168.723312,158.594240
6.536177,168.723312,158.600576
6.536216,168.723312,158.620758
6.536247,168.723312,158.624982
6.536288,168.723312,158.637245
6.536328,168.723312,158.639923
6.536367,168.723312,158.641299
6.536401,168.723312,158.646026
6.536444,168.723312,158.657302
6.536483,168.723312,158.658752
6.536525,168.723312,158.680669
6.536559,168.723312,158.695286
6.536591,168.723312,158.695392
6.536629,168.723312,158.696810
6.536666,168.723312,158.702742
6.536707,168.723312,158.702909
6.536750,168.723312,158.705555
6.536790,168.723312,158.710432
6.536828,168.723312,158.722422
6.536865,168.723312,158.722486
6.536898,168.723312,158.733622
6.536928,168.723312,158.737395
6.536971,168.723312,158.737600
6.537008,168.723312,158.738486
6.537038,168.723312,158.739542
6.537075,168.723312,158.764726
6.537108,168.723312,158.768214
6.537143,168.723312,158.770646
6.537186,168.723312,158.781885
6.537251,168.723312,158.785462
6.537312,168.723312,158.795142
6.537355,168.723312,158.795411
6.537390,168.723312,158.795517
6.537432,168.723312,158.795584
6.537467,168.723312,158.797718
6.537501,168.723312,158.797907
6.537541,168.723312,158.799030
6.537626,168.723312,158.800330
6.537666,168.723312,158.805258
6.537709,168.723312,158.805491
6.537797,168.723312,158.808950
6.537836,168.723312,158.812893
6.537878,168.723312,158.816435
6.537917,168.723312,158.817779
6.537958,168.723312,158.828989
6.538036,168.723312,158.836851
6.538076,168.723312,158.840147
6.538117,168.723312,158.849878
6.538162,168.723312,158.854877
6.538199,168.723312,158.855926
6.538237,168.723312,158.866646
6.538273,168.723312,158.872086
6.538310,168.723312,158.874557
6.538352,168.723312,158.875830
6.538401,168.723312,158.894163
6.538444,168.723312,158.895731
6.538483,168.723312,158.914090
6.538529,168.723312,158.933878
6.538575,168.723312,158.939850
6.538617,168.723312,158.949661
6.538686,168.723312,158.965770
6.538722,168.723312,158.966870
6.538756,168.723312,158.972870
6.538822,168.723312,158.974707
6.538863,168.723312,158.976822
6.538898,168.723312,158.977942
6.538928,168.723312,158.991517
6.538962,168.723312,158.996723
6.539001,168.723312,158.998838
6.539037,168.723312,159.000490
6.539076,168.723312,159.002720
6.539109,168.723312,159.005299
6.539143,168.723312,159.006506
6.539179,168.723312,159.010237
6.539219,168.723312,159.024918
6.539256,168.723312,159.025363
6.539347,168.723312,159.026134
6.539385,168.723312,159.027462
6.539420,168.723312,159.032541
6.539480,168.723312,159.032736
6.539523,168.723312,159.036086
6.539566,168.723312,159.037664
6.539643,168.723312,159.042454
6.539683,168.723312,159.045062
6.539733,168.723312,159.047232
6.539770,168.723312,159.047478
6.539815,168.723312,159.048758
6.539864,168.723312,159.053558
6.539912,168.723312,159.069760
6.539950,168.723312,159.073395
6.539987,168.723312,159.079062
6.540024,168.723312,159.080406
6.540061,168.723312,159.080563
6.540100,168.723312,159.081770
6.540137,168.723312,159.100502
6.540183,168.723312,159.115392
6.540260,168.723312,159.121472
6.540297,168.723312,159.122422
6.540331,168.723312,159.138538
6.540364,168.723312,159.151798
6.540403,168.723312,159.153654
6.540447,168.723312,159.158749
6.540564,168.723312,159.159850
6.540612,168.723312,159.162870
6.540646,168.723312,159.165898
6.540690,168.723312,159.169450
6.540725,168.723312,159.172918
6.540759,168.723312,159.181878
6.540797,168.723312,159.183040
6.540830,168.723312,159.189299
6.540874,168.723312,159.191584
6.540908,168.723312,159.191702
6.540951,168.723312,159.191894
6.540993,168.723312,159.198963
6.541027,168.723312,159.202550
6.541065,168.723312,159.202941
6.541104,168.723312,159.203072
6.541151,168.723312,159.211507
6.541198,168.723312,159.211677
6.541237,168.723312,159.214118
6.541268,168.723312,159.215286
6.541301,168.723312,159.218710
6.541340,168.723312,159.243286
6.541383,168.723312,159.244714
6.541423,168.723312,159.247485
6.541460,168.723312,159.257373
6.541499,168.723312,159.264701
6.541537,168.723312,159.271670
6.541575,168.723312,159.275542
6.541611,168.723312,159.276662
6.541643,168.723312,159.279254
6.541673,168.723312,159.283328
6.541829,168.723312,159.286624
6.541862,168.723312,159.286880
6.541900,168.723312,159.292982
6.541940,168.723312,159.306358
6.541976,168.723312,159.310397
6.542014,168.723312,159.312278
6.542048,168.723312,159.315126
6.542082,168.723312,159.317952
6.542131,168.723312,159.325376
6.542170,168.723312,159.333398
6.542205,168.723312,159.338646
6.542237,168.723312,159.346998
6.542270,168.723312,159.348310
6.542301,168.723312,159.350880
6.542336,168.723312,159.356038
6.542378,168.723312,159.358688
6.542473,168.723312,159.368445
6.542512,168.723312,159.371766
6.542553,168.723312,159.373142
6.542585,168.723312,159.374134
6.542619,168.723312,159.374486
6.542649,168.723312,159.384224
6.542686,168.723312,159.384534
6.542733,168.723312,159.387926
6.542770,168.723312,159.389226
6.542813,168.723312,159.389376
6.542846,168.723312,159.394134
6.542882,168.723312,159.394186
6.542959,168.723312,159.401206
6.542994,168.723312,159.402646
6.543028,168.723312,159.407731
6.543069,168.723312,159.426422
6.543107,168.723312,159.433642
6.543144,168.723312,159.436278
6.543189,168.723312,159.440064
6.543271,168.723312,159.449654
6.543314,168.723312,159.450890
6.543348,168.723312,159.454685
6.543380,168.723312,159.454976
6.543418,168.723312,159.457203
6.543451,168.723312,159.470877
6.543492,168.723312,159.471027
6.543540,168.723312,159.477040
6.543578,168.723312,159.480768
6.543616,168.723312,159.481843
6.543658,168.723312,159.490666
6.543696,168.723312,159.499018
6.543733,168.723312,159.503882
6.543766,168.723312,159.505190
6.543809,168.723312,159.510099
6.543840,168.723312,159.513920
6.543879,168.723312,159.525184
6.543917,168.723312,159.527328
6.543952,168.723312,159.531187
6.543986,168.723312,159.534995
6.544022,168.723312,159.538582
6.544057,168.723312,159.551030
6.544096,168.723312,159.553494
6.544127,168.723312,159.553715
6.544174,168.723312,159.559776
6.544245,168.723312,159.560874
6.544279,168.723312,159.562333
6.544314,168.723312,159.575446
6.544349,168.723312,159.576970
6.544383,168.723312,159.586835
6.544426,168.723312,159.594070
6.544458,168.723312,159.595251
6.544525,168.723312,159.599222
6.544559,168.723312,159.600278
6.544597,168.723312,159.600362
6.544666,168.723312,159.604083
6.544705,168.723312,159.605478
6.544733,168.723312,159.606368
6.544766,168.723312,159.609171
6.544802,168.723312,159.624032
6.544838,168.723312,159.636544
6.544958,168.723312,159.642525
6.545032,168.723312,159.647584
6.545066,168.723312,159.649779
6.545144,168.723312,159.650934
6.545183,168.723312,159.654813
6.545224,168.723312,159.655830
6.545258,168.723312,159.657203
6.545299,168.723312,159.666016
6.545387,168.723312,159.667296
6.545430,168.723312,159.669366
6.545465,168.723312,159.669606
6.545499,168.723312,159.670749
6.545538,168.723312,159.687702
6.545572,168.723312,159.696630
6.545607,168.723312,159.702678
6.545648,168.723312,159.708928
6.545681,168.723312,159.710400
6.545712,168.723312,159.713590
6.545746,168.723312,159.721184
6.545784,168.723312,159.722294
6.545821,168.723312,159.726557
6.545861,168.723312,159.732541
6.545904,168.723312,159.747062
6.545953,168.723312,159.749494
6.545987,168.723312,159.752317
6.546030,168.723312,159.752339
6.546067,168.723312,159.757363
6.546141,168.723312,159.758358
6.546184,168.723312,159.760966
6.546222,168.723312,159.768480
6.546304,168.723312,159.777120
6.546344,168.723312,159.780630
6.546391,168.723312,159.781622
6.546422,168.723312,159.790538
6.546467,168.723312,159.797747
6.546508,168.723312,159.800640
6.546542,168.723312,159.809248
6.546588,168.723312,159.818941
6.546624,168.723312,159.831594
6.546717,168.723312,159.832438
6.546757,168.723312,159.839818
6.546797,168.723312,159.843424
6.546839,168.723312,159.852115
6.546867,168.723312,159.858358
6.546902,168.723312,159.858496
6.546975,168.723312,159.859542
6.547010,168.723312,159.859798
6.547078,168.723312,159.873363
6.547120,168.723312,159.879616
6.547155,168.723312,159.887744
6.547196,168.723312,159.891414
6.547236,168.723312,159.891968
6.547272,168.723312,159.903059
6.547438,168.723312,159.903882
6.547466,168.723312,159.906730
6.547507,168.723312,159.906816
6.547540,168.723312,159.913846
6.547579,168.723312,159.923635
6.547611,168.723312,159.925078
6.547649,168.723312,159.934454
6.547684,168.723312,159.943904
6.547730,168.723312,159.958493
6.547771,168.723312,159.959827
6.547861,168.723312,159.963456
6.547924,168.723312,159.969565
6.547965,168.723312,159.970454
6.547999,168.723312,159.978272
6.548071,168.723312,159.987987
6.548112,168.723312,159.992790
6.548145,168.723312,159.995648
6.548258,168.723312,159.995680
6.548328,168.723312,160.007936
6.548363,168.723312,160.025117
6.548397,168.723312,160.026451
6.548439,168.723312,160.030912
6.548475,168.723312,160.030998
6.548506,168.723312,160.032192
6.548542,168.723312,160.032278
6.548577,168.723312,160.034790
6.548618,168.723312,160.037270
6.548659,168.723312,160.039933
6.548699,168.723312,160.054102
6.548739,168.723312,160.058035
6.548782,168.723312,160.058198
6.548818,168.723312,160.058294
6.548855,168.723312,160.064512
6.548887,168.723312,160.069629
6.548924,168.723312,160.069792
6.548964,168.723312,160.071101
6.549028,168.723312,160.085629
6.549070,168.723312,160.087872
6.549104,168.723312,160.090045
6.549143,168.723312,160.096726
6.549185,168.723312,160.098998
6.549219,168.723312,160.100246
6.549258,168.723312,160.100266
6.549297,168.723312,160.101683
6.549372,168.723312,160.102794
6.549412,168.723312,160.106611
6.549445,168.723312,160.107542
6.549485,168.723312,160.114054
6.549518,168.723312,160.115190
6.549550,168.723312,160.118912
6.549583,168.723312,160.126262
6.549658,168.723312,160.128886
6.549691,168.723312,160.141110
6.549730,168.723312,160.145926
6.549765,168.723312,160.146134
6.549797,168.723312,160.146141
6.549843,168.723312,160.150912
6.549883,168.723312,160.157299
6.549925,168.723312,160.162336
6.550170,168.723312,160.170963
6.550242,168.723312,160.178304
6.550319,168.723312,160.180694
6.550357,168.723312,160.183990
6.550392,168.723312,160.184246
6.550427,168.723312,160.185728
6.550461,168.723312,160.186998
6.550499,168.723312,160.191690
6.550541,168.723312,160.195382
6.550575,168.723312,160.199062
6.550609,168.723312,160.199133
6.550642,168.723312,160.202470
6.550691,168.723312,160.211424
6.550731,168.723312,160.217482
6.550763,168.723312,160.219104
6.550804,168.723312,160.222483
6.550835,168.723312,160.225152
6.550875,168.723312,160.225942
6.550911,168.723312,160.230112
6.550993,168.723312,160.233494
6.551088,168.723312,160.235830
6.551126,168.723312,160.237405
6.551162,168.723312,160.239987
6.551205,168.723312,160.249750
6.551243,168.723312,160.254560
6.551277,168.723312,160.260637
6.551312,168.723312,160.269430
6.551348,168.723312,160.269494
6.551395,168.723312,160.269568
6.551435,168.723312,160.270781
6.551474,168.723312,160.275542
6.551515,168.723312,160.279254
6.551551,168.723312,160.284509
6.551637,168.723312,160.286813
6.551673,168.723312,160.288054
6.551720,168.723312,160.291805
6.551762,168.723312,160.299062
6.551802,168.723312,160.303968
6.551841,168.723312,160.306442
6.551875,168.723312,160.306496
6.551917,168.723312,160.310227
6.551957,168.723312,160.313718
6.551990,168.723312,160.334944
6.552066,168.723312,160.339840
6.552102,168.723312,160.344627
6.552144,168.723312,160.351251
6.552190,168.723312,160.352064
6.552223,168.723312,160.357024
6.552256,168.723312,160.373568
6.552488,168.723312,160.386816
6.552520,168.723312,160.386954
6.552613,168.723312,160.387766
6.552648,168.723312,160.388128
6.552695,168.723312,160.389014
6.552733,168.723312,160.395520
6.552767,168.723312,160.401459
6.552802,168.723312,160.401600
6.552844,168.723312,160.402579
6.552875,168.723312,160.404278
6.552912,168.723312,160.411414
6.552952,168.723312,160.425203
6.552993,168.723312,160.434838
6.553035,168.723312,160.447037
6.553068,168.723312,160.448669
6.553103,168.723312,160.458230
6.553140,168.723312,160.468054
6.553172,168.723312,160.470762
6.553204,168.723312,160.470845
6.553244,168.723312,160.480819
6.553278,168.723312,160.485238
6.553311,168.723312,160.487040
6.553408,168.723312,160.488253
6.553451,168.723312,160.493184
6.553526,168.723312,160.496896
6.553615,168.723312,160.498208
6.553662,168.723312,160.502976
6.553775,168.723312,160.507542
6.553818,168.723312,160.520320
6.553860,168.723312,160.528765
6.553888,168.723312,160.535136
6.553930,168.723312,160.541120
6.553999,168.723312,160.556086
6.554037,168.723312,160.577088
6.554070,168.723312,160.580490
6.554104,168.723312,160.580733
6.554142,168.723312,160.585664
6.554182,168.723312,160.592925
6.554257,168.723312,160.593130
6.554356,168.723312,160.625216
6.554390,168.723312,160.632362
6.554434,168.723312,160.638525
6.554474,168.723312,160.654582
6.554520,168.723312,160.660723
6.554563,168.723312,160.662006
6.554601,168.723312,160.664406
6.554663,168.723312,160.667197
6.554706,168.723312,160.676851
6.554741,168.723312,160.691798
6.554780,168.723312,160.692854
6.554814,168.723312,160.696854
6.554853,168.723312,160.701558
6.554884,168.723312,160.702454
6.554915,168.723312,160.706486
6.554949,168.723312,160.706589
6.554990,168.723312,160.717686
6.555030,168.723312,160.720221
6.555072,168.723312,160.746070
6.555109,168.723312,160.751091
6.555143,168.723312,160.755702
6.555180,168.723312,160.755958
6.555220,168.723312,160.756854
6.555253,168.723312,160.758070
6.555287,168.723312,160.759670
6.555320,168.723312,160.770880
6.555420,168.723312,160.783158
6.555503,168.723312,160.786934
6.555536,168.723312,160.802742
6.555573,168.723312,160.802963
6.555610,168.723312,160.805235
6.555641,168.723312,160.805258
6.555672,168.723312,160.806515
6.555704,168.723312,160.812659
6.555737,168.723312,160.816214
6.555773,168.723312,160.821462
6.555810,168.723312,160.823722
6.555847,168.723312,160.823990
6.555914,168.723312,160.825120
6.555953,168.723312,160.826582
6.555991,168.723312,160.827840
6.556026,168.723312,160.829824
6.556059,168.723312,160.830208
6.556095,168.723312,160.854493
6.556128,168.723312,160.863382
6.556162,168.723312,160.869427
6.556231,168.723312,160.870698
6.556273,168.723312,160.870774
6.556310,168.723312,160.880768
6.556354,168.723312,160.881738
6.556387,168.723312,160.900182
6.556423,168.723312,160.900371
6.556456,168.723312,160.905088
6.556495,168.723312,160.911158
6.556537,168.723312,160.914144
6.556621,168.723312,160.917574
6.556656,168.723312,160.921171
6.556687,168.723312,160.921248
6.556722,168.723312,160.926397
6.556762,168.723312,160.927542
6.556798,168.723312,160.940918
6.556831,168.723312,160.947158
6.556864,168.723312,160.949878
6.556909,168.723312,160.951101
6.556947,168.723312,160.952246
6.556987,168.723312,160.953363
6.557055,168.723312,160.967101
6.557119,168.723312,160.973258
6.557159,168.723312,160.982976
6.557198,168.723312,160.985334
6.557236,168.723312,160.989334
6.557311,168.723312,160.990550
6.557354,168.723312,160.994282
6.557490,168.723312,160.995488
6.557524,168.723312,160.995712
6.557559,168.723312,160.996659
6.557599,168.723312,160.999286
6.557667,168.723312,161.004179
6.557730,168.723312,161.005382
6.557762,168.723312,161.008918
6.557794,168.723312,161.015133
6.557824,168.723312,161.022422
6.557870,168.723312,161.027466
6.557910,168.723312,161.027510
6.557944,168.723312,161.029898
6.557976,168.723312,161.032662
6.558011,168.723312,161.033638
6.558043,168.723312,161.035296
6.558267,168.723312,161.036118
6.558296,168.723312,161.037174
6.558332,168.723312,161.038816
6.558362,168.723312,161.040790
6.558400,168.723312,161.043658
6.558449,168.723312,161.044630
6.558483,168.723312,161.050998
6.558519,168.723312,161.057280
6.558590,168.723312,161.068214
6.558624,168.723312,161.069683
6.558699,168.723312,161.087978
6.558743,168.723312,161.098112
6.558776,168.723312,161.101366
6.558808,168.723312,161.104074
6.558840,168.723312,161.104352
6.558872,168.723312,161.119926
6.558901,168.723312,161.121206
6.558938,168.723312,161.122518
6.558969,168.723312,161.122912
6.559010,168.723312,161.124022
6.559050,168.723312,161.125216
6.559114,168.723312,161.128502
6.559149,168.723312,161.133885
6.559185,168.723312,161.134858
6.559226,168.723312,161.136317
6.559256,168.723312,161.138630
6.559296,168.723312,161.152150
6.559330,168.723312,161.153174
6.559367,168.723312,161.159510
6.559400,168.723312,161.171894
6.559439,168.723312,161.172038
6.559475,168.723312,161.175766
6.559547,168.723312,161.178038
6.559589,168.723312,161.179158
6.559619,168.723312,161.181664
6.559647,168.723312,161.181984
6.559725,168.723312,161.185590
6.559761,168.723312,161.186557
6.559794,168.723312,161.189152
6.559825,168.723312,161.189334
6.559876,168.723312,161.192790
6.559943,168.723312,161.193142
6.559982,168.723312,161.202688
6.560015,168.723312,161.203882
6.560048,168.723312,161.207542
6.560079,168.723312,161.208918
6.560112,168.723312,161.212883
6.560197,168.723312,161.217984
6.560233,168.723312,161.226067
6.560261,168.723312,161.227744
6.560291,168.723312,161.237398
6.560324,168.723312,161.254646
6.560359,168.723312,161.258038
6.560389,168.723312,161.261120
6.560424,168.723312,161.264563
6.560490,168.723312,161.266262
6.560518,168.723312,161.269405
6.560556,168.723312,161.275510
6.560621,168.723312,161.275936
6.560656,168.723312,161.281546
6.560716,168.723312,161.283990
6.560748,168.723312,161.293152
6.560813,168.723312,161.297622
6.560845,168.723312,161.300074
6.560876,168.723312,161.300736
6.561002,168.723312,161.304166
6.561031,168.723312,161.307936
6.561118,168.723312,161.308842
6.561158,168.723312,161.310058
6.561186,168.723312,161.316518
6.561224,168.723312,161.318934
6.561262,168.723312,161.322646
6.561295,168.723312,161.331894
6.561327,168.723312,161.334845
6.561357,168.723312,161.360982
6.561393,168.723312,161.362278
6.561433,168.723312,161.364768
6.561504,168.723312,161.366890
6.561541,168.723312,161.375840
6.561615,168.723312,161.376957
6.561646,168.723312,161.386262
6.561678,168.723312,161.386902
6.561716,168.723312,161.394166
6.561754,168.723312,161.406739
6.561818,168.723312,161.413971
6.561861,168.723312,161.427382
6.561895,168.723312,161.428618
6.561927,168.723312,161.435155
6.561963,168.723312,161.436214
6.562006,168.723312,161.445782
6.562037,168.723312,161.454358
6.562101,168.723312,161.458461
6.562160,168.723312,161.464704
6.562195,168.723312,161.465302
6.562228,168.723312,161.468288
6.562270,168.723312,161.473373
6.562305,168.723312,161.477942
6.562343,168.723312,161.478966
6.562378,168.723312,161.484170
6.562409,168.723312,161.486518
6.562441,168.723312,161.486592
6.562481,168.723312,161.491798
6.562546,168.723312,161.496470
6.562581,168.723312,161.496832
6.562664,168.723312,161.500214
6.562703,168.723312,161.501363
6.562736,168.723312,161.505174
6.562775,168.723312,161.506294
6.562806,168.723312,161.508947
6.562842,168.723312,161.509235
6.562877,168.723312,161.512822
6.562908,168.723312,161.513814
6.562938,168.723312,161.515018
6.562969,168.723312,161.516381
6.563001,168.723312,161.518890
6.563072,168.723312,161.520182
6.563108,168.723312,161.546291
6.563145,168.723312,161.551133
6.563217,168.723312,161.567082
6.563328,168.723312,161.578144
6.563364,168.723312,161.579229
6.563393,168.723312,161.580403
6.563695,168.723312,161.582099
6.563739,168.723312,161.582902
6.563771,168.723312,161.586621
6.563829,168.723312,161.589014
6.563864,168.723312,161.591955
6.563962,168.723312,161.593971
6.563993,168.723312,161.595254
6.564033,168.723312,161.597949
6.564072,168.723312,161.599114
6.564113,168.723312,161.600150
6.564147,168.723312,161.610333
6.564176,168.723312,161.612800
6.564219,168.723312,161.618710
6.564256,168.723312,161.619069
6.564292,168.723312,161.619958
6.564328,168.723312,161.623638
6.564359,168.723312,161.628701
6.564392,168.723312,161.629907
6.564430,168.723312,161.634995
6.564471,168.723312,161.634998
6.564513,168.723312,161.642346
6.564554,168.723312,161.651069
6.564593,168.723312,161.658166
6.564630,168.723312,161.668214
6.564671,168.723312,161.674262
6.564701,168.723312,161.674464
6.564733,168.723312,161.674643
6.564802,168.723312,161.684371
6.564837,168.723312,161.690134
6.564869,168.723312,161.694102
6.564911,168.723312,161.708822
6.564951,168.723312,161.716157
6.564982,168.723312,161.728502
6.565014,168.723312,161.735082
6.565048,168.723312,161.754739
6.565084,168.723312,161.763616
6.565121,168.723312,161.764637
6.565154,168.723312,161.768403
6.565222,168.723312,161.775574
6.565252,168.723312,161.780438
6.565287,168.723312,161.783082
6.565319,168.723312,161.795517
6.565353,168.723312,161.799062
6.565393,168.723312,161.803104
6.565425,168.723312,161.805341
6.565454,168.723312,161.810134
6.565485,168.723312,161.813696
6.565521,168.723312,161.817334
6.565559,168.723312,161.817693
6.565592,168.723312,161.818678
6.565627,168.723312,161.821216
6.565665,168.723312,161.821504
6.565741,168.723312,161.826291
6.565778,168.723312,161.834678
6.565807,168.723312,161.845622
6.565838,168.723312,161.846048
6.565868,168.723312,161.846186
6.565950,168.723312,161.848522
6.565983,168.723312,161.851126
6.566013,168.723312,161.863126
6.566049,168.723312,161.866838
6.566082,168.723312,161.876790
6.566111,168.723312,161.881875
6.566147,168.723312,161.889222
6.566180,168.723312,161.890390
6.566225,168.723312,161.890742
6.566262,168.723312,161.895549
6.566302,168.723312,161.895635
6.566341,168.723312,161.913981
6.566369,168.723312,161.936150
6.566409,168.723312,161.941213
6.566479,168.723312,161.942314
6.566510,168.723312,161.944726
6.566545,168.723312,161.947296
6.566611,168.723312,161.947379
6.566648,168.723312,161.948438
6.566712,168.723312,161.948627
6.566745,168.723312,161.949558
6.566789,168.723312,161.954538
6.566819,168.723312,161.954867
6.566855,168.723312,161.958333
6.566882,168.723312,161.958390
6.566945,168.723312,161.965664
6.566979,168.723312,161.965725
6.567008,168.723312,161.968275
6.567048,168.723312,161.983040
6.567083,168.723312,161.988054
6.567116,168.723312,161.988189
6.567158,168.723312,161.996691
6.567195,168.723312,161.999862
6.567228,168.723312,162.002614
6.567255,168.723312,162.013792
6.567317,168.723312,162.021418
6.567355,168.723312,162.023510
6.567407,168.723312,162.028650
6.567443,168.723312,162.029782
6.567477,168.723312,162.031219
6.567545,168.723312,162.033766
6.567577,168.723312,162.041174
6.567611,168.723312,162.047306
6.567646,168.723312,162.048832
6.567711,168.723312,162.060982
6.567744,168.723312,162.062198
6.567854,168.723312,162.070774
6.567885,168.723312,162.070934
6.567917,168.723312,162.078006
6.567955,168.723312,162.080598
6.567989,168.723312,162.081622
6.568018,168.723312,162.098998
6.568052,168.723312,162.107584
6.568080,168.723312,162.116310
6.568113,168.723312,162.116659
6.568198,168.723312,162.124790
6.568235,168.723312,162.128630
6.568271,168.723312,162.130963
6.568307,168.723312,162.132438
6.568350,168.723312,162.132595
6.568388,168.723312,162.133910
6.568425,168.723312,162.148234
6.568455,168.723312,162.158525
6.568486,168.723312,162.160650
6.568515,168.723312,162.166003
6.568558,168.723312,162.171978
6.568598,168.723312,162.172118
6.568635,168.723312,162.176918
6.568665,168.723312,162.179190
6.568702,168.723312,162.184214
6.568736,168.723312,162.189216
6.568767,168.723312,162.202486
6.568801,168.723312,162.202710
6.568836,168.723312,162.205120
6.568894,168.723312,162.211622
6.568927,168.723312,162.221450
6.568967,168.723312,162.223635
6.568996,168.723312,162.240125
6.569039,168.723312,162.243648
6.569076,168.723312,162.248598
6.569121,168.723312,162.250806
6.569153,168.723312,162.264864
6.569187,168.723312,162.268394
6.569222,168.723312,162.275222
6.569256,168.723312,162.280566
6.569306,168.723312,162.284182
6.569337,168.723312,162.284499
6.569428,168.723312,162.288598
6.569460,168.723312,162.291392
6.569493,168.723312,162.291699
6.569523,168.723312,162.294237
6.569559,168.723312,162.297558
6.569585,168.723312,162.300214
6.569620,168.723312,162.303072
6.569658,168.723312,162.305075
6.569687,168.723312,162.308000
6.569824,168.723312,162.311507
6.569858,168.723312,162.321117
6.569890,168.723312,162.325152
6.569923,168.723312,162.326336
6.569959,168.723312,162.330102
6.570001,168.723312,162.332278
6.570033,168.723312,162.336170
6.570064,168.723312,162.336182
6.570100,168.723312,162.336288
6.570140,168.723312,162.338454
6.570177,168.723312,162.339901
6.570205,168.723312,162.340061
6.570250,168.723312,162.344896
6.570309,168.723312,162.352042
6.570347,168.723312,162.352106
6.570377,168.723312,162.353642
6.570412,168.723312,162.360755
6.570446,168.723312,162.369427
6.570483,168.723312,162.375526
6.570509,168.723312,162.386963
6.570547,168.723312,162.387798
6.570615,168.723312,162.390816
6.570681,168.723312,162.393898
6.570710,168.723312,162.398240
6.570746,168.723312,162.402774
6.570779,168.723312,162.404022
6.570813,168.723312,162.432736
6.570842,168.723312,162.439475
6.570881,168.723312,162.443670
6.570921,168.723312,162.449958
6.570964,168.723312,162.450966
6.570995,168.723312,162.453395
6.571027,168.723312,162.457811
6.571059,168.723312,162.460534
6.571098,168.723312,162.462070
6.571128,168.723312,162.462218
6.571165,168.723312,162.465888
6.571200,168.723312,162.467232
6.571312,168.723312,162.470653
6.571340,168.723312,162.474240
6.571370,168.723312,162.476768
6.571401,168.723312,162.480573
6.571436,168.723312,162.482806
6.571472,168.723312,162.484310
6.571510,168.723312,162.490528
6.571542,168.723312,162.496694
6.571583,168.723312,162.499062
6.571622,168.723312,162.506550
6.571660,168.723312,162.506781
6.571694,168.723312,162.511552
6.571725,168.723312,162.513878
6.571758,168.723312,162.517654
6.571794,168.723312,162.532275
6.571824,168.723312,162.532534
6.571853,168.723312,162.535862
6.571885,168.723312,162.536544
6.571983,168.723312,162.538538
6.572016,168.723312,162.547040
6.572046,168.723312,162.552000
6.572081,168.723312,162.552032
6.572116,168.723312,162.552246
6.572151,168.723312,162.552403
6.572219,168.723312,162.553299
6.572251,168.723312,162.554518
6.572309,168.723312,162.556790
6.572338,168.723312,162.559744
6.572405,168.723312,162.573130
6.572443,168.723312,162.579411
6.572474,168.723312,162.594230
6.572534,168.723312,162.602710
6.572598,168.723312,162.606230
6.572630,168.723312,162.606294
6.572662,168.723312,162.606518
6.572690,168.723312,162.606547
6.572723,168.723312,162.609158
6.572751,168.723312,162.613718
6.572781,168.723312,162.614934
6.572839,168.723312,162.614998
6.572875,168.723312,162.615030
6.572911,168.723312,162.619638
6.572940,168.723312,162.621427
6.572979,168.723312,162.625078
6.573025,168.723312,162.626432
6.573053,168.723312,162.631040
6.573082,168.723312,162.637184
6.573108,168.723312,162.642077
6.573145,168.723312,162.643670
6.573177,168.723312,162.643901
6.573479,168.723312,162.644746
6.573509,168.723312,162.652266
6.573541,168.723312,162.660918
6.573573,168.723312,162.662355
6.573613,168.723312,162.667178
6.573649,168.723312,162.668054
6.573678,168.723312,162.677184
6.573723,168.723312,162.680659
6.573756,168.723312,162.681494
6.573785,168.723312,162.683958
6.573829,168.723312,162.687990
6.573866,168.723312,162.689312
6.573901,168.723312,162.694038
6.573932,168.723312,162.695286
6.573962,168.723312,162.702870
6.574065,168.723312,162.705270
6.574098,168.723312,162.721171
6.574135,168.723312,162.726067
6.574171,168.723312,162.727840
6.574263,168.723312,162.731187
6.574289,168.723312,162.731456
6.574326,168.723312,162.733782
6.574356,168.723312,162.739670
6.574386,168.723312,162.742237
6.574451,168.723312,162.747190
6.574493,168.723312,162.748662
6.574528,168.723312,162.753501
6.574563,168.723312,162.754835
6.574624,168.723312,162.757014
6.574660,168.723312,162.758070
6.574690,168.723312,162.759670
6.574750,168.723312,162.767837
6.574782,168.723312,162.779382
6.574822,168.723312,162.790365
6.574850,168.723312,162.796832
6.574895,168.723312,162.805238
6.574927,168.723312,162.807894
6.574961,168.723312,162.810144
6.574991,168.723312,162.810176
6.575049,168.723312,162.812467
6.575122,168.723312,162.817376
6.575185,168.723312,162.836246
6.575224,168.723312,162.838525
6.575251,168.723312,162.842547
6.575294,168.723312,162.863357
6.575331,168.723312,162.869565
6.575365,168.723312,162.870870
6.575426,168.723312,162.875805
6.575461,168.723312,162.878336
6.575539,168.723312,162.884330
6.575572,168.723312,162.884416
6.575671,168.723312,162.889014
6.575701,168.723312,162.891478
6.575731,168.723312,162.897622
6.575757,168.723312,162.898998
6.575820,168.723312,162.921014
6.575877,168.723312,162.921395
6.575907,168.723312,162.927830
6.575978,168.723312,162.929683
6.576012,168.723312,162.929907
6.576042,168.723312,162.936157
6.576065,168.723312,162.937555
6.576142,168.723312,162.939805
6.576170,168.723312,162.951261
6.576244,168.723312,162.955533
6.576272,168.723312,162.955894
6.576299,168.723312,162.958614
6.576334,168.723312,162.961814
6.576363,168.723312,162.963190
6.576390,168.723312,162.965558
6.576443,168.723312,162.965654
6.576501,168.723312,162.966963
6.576559,168.723312,162.967104
6.576595,168.723312,162.969363
6.576622,168.723312,162.971862
6.576656,168.723312,162.976726
6.576684,168.723312,162.979210
6.576714,168.723312,162.980704
6.576746,168.723312,162.989322
6.576814,168.723312,162.991904
6.576842,168.723312,162.995283
6.576902,168.723312,162.996854
6.576943,168.723312,162.997814
6.576978,168.723312,163.005366
6.577009,168.723312,163.007846
6.577035,168.723312,163.007914
6.577069,168.723312,163.019018
6.577102,168.723312,163.020243
6.577178,168.723312,163.027478
6.577237,168.723312,163.029792
6.577268,168.723312,163.032214
6.577301,168.723312,163.035670
6.577328,168.723312,163.040822
6.577356,168.723312,163.042291
6.577389,168.723312,163.047190
6.577419,168.723312,163.056054
6.577513,168.723312,163.056854
6.577540,168.723312,163.058112
6.577571,168.723312,163.061782
6.577599,168.723312,163.065718
6.577639,168.723312,163.069734
6.577667,168.723312,163.075766
6.577704,168.723312,163.081834
6.577768,168.723312,163.084445
6.577796,168.723312,163.085526
6.577825,168.723312,163.091414
6.577861,168.723312,163.091894
6.577894,168.723312,163.093725
6.577927,168.723312,163.110259
6.577966,168.723312,163.114006
6.578004,168.723312,163.116307
6.578061,168.723312,163.124925
6.578092,168.723312,163.126134
6.578120,168.723312,163.126451
6.578179,168.723312,163.127190
6.578205,168.723312,163.136000
6.578235,168.723312,163.139958
6.578265,168.723312,163.144534
6.578320,168.723312,163.148534
6.578358,168.723312,163.152320
6.578441,168.723312,163.156032
6.578471,168.723312,163.156224
6.578538,168.723312,163.178038
6.578566,168.723312,163.180320
6.578595,168.723312,163.181974
6.578629,168.723312,163.183094
6.578664,168.723312,163.197654
6.578699,168.723312,163.208019
6.578742,168.723312,163.214208
6.578774,168.723312,163.226294
6.578807,168.723312,163.227453
6.578831,168.723312,163.229021
6.578862,168.723312,163.233654
6.578916,168.723312,163.235862
6.578945,168.723312,163.238390
6.578969,168.723312,163.242419
6.579007,168.723312,163.242486
6.579041,168.723312,163.244822
6.579099,168.723312,163.251037
6.579131,168.723312,163.252138
6.579165,168.723312,163.254774
6.579195,168.723312,163.259734
6.579234,168.723312,163.268435
6.579282,168.723312,163.269398
6.579318,168.723312,163.270710
6.579353,168.723312,163.273213
6.579387,168.723312,163.273245
6.579414,168.723312,163.273462
6.579448,168.723312,163.281811
6.579475,168.723312,163.285408
6.579505,168.723312,163.285622
6.579536,168.723312,163.288182
6.579570,168.723312,163.289430
6.579607,168.723312,163.294294
6.579637,168.723312,163.295286
6.579667,168.723312,163.296726
6.579696,168.723312,163.297814
6.579728,168.723312,163.299062
6.579759,168.723312,163.301142
6.579786,168.723312,163.301558
6.579826,168.723312,163.301610
6.579861,168.723312,163.307766
6.579891,168.723312,163.308918
6.579946,168.723312,163.313526
6.579976,168.723312,163.317654
6.580011,168.723312,163.324160
6.580074,168.723312,163.332694
6.580103,168.723312,163.341312
6.580135,168.723312,163.344630
6.580170,168.723312,163.347254
6.580210,168.723312,163.348598
6.580240,168.723312,163.353696
6.580274,168.723312,163.356758
6.580305,168.723312,163.369395
6.580338,168.723312,163.373245
6.580370,168.723312,163.376723
6.580398,168.723312,163.376886
6.580424,168.723312,163.378163
6.580478,168.723312,163.378230
6.580513,168.723312,163.385619
6.580604,168.723312,163.389174
6.580636,168.723312,163.390566
6.580667,168.723312,163.392000
6.580700,168.723312,163.395264
6.580730,168.723312,163.401546
6.580760,168.723312,163.401638
6.580785,168.723312,163.402918
6.580811,168.723312,163.404189
6.580842,168.723312,163.405258
6.580868,168.723312,163.406358
6.580895,168.723312,163.407626
6.580927,168.723312,163.410154
6.580962,168.723312,163.411242
6.580987,168.723312,163.426131
6.581018,168.723312,163.434774
6.581051,168.723312,163.435830
6.581082,168.723312,163.441184
6.581112,168.723312,163.443510
6.581134,168.723312,163.445782
6.581158,168.723312,163.446182
6.581187,168.723312,163.448662
6.581219,168.723312,163.451123
6.581284,168.723312,163.454742
6.581318,168.723312,163.458262
6.581346,168.723312,163.458646
6.581430,168.723312,163.459603
6.581466,168.723312,163.465526
6.581494,168.723312,163.474314
6.581553,168.723312,163.476886
6.581585,168.723312,163.482998
6.581620,168.723312,163.484381
6.581648,168.723312,163.485514
6.581673,168.723312,163.490451
6.581706,168.723312,163.497683
6.581757,168.723312,163.505395
6.581786,168.723312,163.507734
6.581817,168.723312,163.507786
6.581844,168.723312,163.515251
6.581878,168.723312,163.516157
6.581916,168.723312,163.521238
6.581950,168.723312,163.523754
6.581983,168.723312,163.528733
6.582009,168.723312,163.542493
6.582040,168.723312,163.548586
6.582067,168.723312,163.553046
6.582098,168.723312,163.558291
6.582124,168.723312,163.559677
6.582181,168.723312,163.561920
6.582208,168.723312,163.569238
6.582237,168.723312,163.571069
6.582391,168.723312,163.576854
6.582432,168.723312,163.578205
6.582457,168.723312,163.579446
6.582495,168.723312,163.580278
6.582522,168.723312,163.583094
6.582558,168.723312,163.583133
6.582590,168.723312,163.585638
6.582614,168.723312,163.589366
6.582646,168.723312,163.592992
6.582680,168.723312,163.595094
6.582732,168.723312,163.597974
6.582760,168.723312,163.598070
6.582795,168.723312,163.606547
6.582825,168.723312,163.611328
6.582855,168.723312,163.613802
6.582881,168.723312,163.613856
6.582916,168.723312,163.614038
6.582951,168.723312,163.618838
6.582977,168.723312,163.618902
6.583009,168.723312,163.620160
6.583038,168.723312,163.624979
6.583071,168.723312,163.627414
6.583102,168.723312,163.628694
6.583125,168.723312,163.628950
6.583158,168.723312,163.632598
6.583188,168.723312,163.635926
6.583215,168.723312,163.642131
6.583267,168.723312,163.657363
6.583301,168.723312,163.663165
6.583327,168.723312,163.664560
6.583351,168.723312,163.665760
6.583388,168.723312,163.670730
6.583417,168.723312,163.674390
6.583461,168.723312,163.675626
6.583496,168.723312,163.676691
6.583549,168.723312,163.678166
6.583577,168.723312,163.685590
6.583613,168.723312,163.694314
6.583690,168.723312,163.699443
6.583734,168.723312,163.700438
6.583767,168.723312,163.713334
6.583794,168.723312,163.718774
6.583825,168.723312,163.718912
6.583878,168.723312,163.721302
6.583915,168.723312,163.723914
6.583950,168.723312,163.727507
6.583977,168.723312,163.727798
6.584048,168.723312,163.740032
6.584074,168.723312,163.742198
6.584107,168.723312,163.747443
6.584141,168.723312,163.753078
6.584168,168.723312,163.757280
6.584226,168.723312,163.758592
6.584264,168.723312,163.776608
6.584300,168.723312,163.777014
6.584332,168.723312,163.780630
6.584377,168.723312,163.781942
6.584440,168.723312,163.784349
6.584469,168.723312,163.784458
6.584530,168.723312,163.790730
6.584568,168.723312,163.792598
6.584593,168.723312,163.795542
6.584624,168.723312,163.797866
6.584658,168.723312,163.812864
6.584717,168.723312,163.831178
6.584745,168.723312,163.832374
6.584780,168.723312,163.832598
6.584815,168.723312,163.837418
6.584845,168.723312,163.841110
6.584876,168.723312,163.841942
6.584905,168.723312,163.842134
6.584933,168.723312,163.843424
6.584968,168.723312,163.846742
6.584995,168.723312,163.848842
6.585037,168.723312,163.853174
6.585072,168.723312,163.857149
6.585101,168.723312,163.862134
6.585136,168.723312,163.862269
6.585174,168.723312,163.865779
6.585205,168.723312,163.868182
6.585240,168.723312,163.868278
6.585269,168.723312,163.873107
6.585305,168.723312,163.881802
6.585332,168.723312,163.881846
6.585369,168.723312,163.900490
6.585429,168.723312,163.902806
6.585485,168.723312,163.902870
6.585517,168.723312,163.904150
6.585550,168.723312,163.910134
6.585576,168.723312,163.917526
6.585601,168.723312,163.918954
6.585632,168.723312,163.920083
6.585662,168.723312,163.924022
6.585693,168.723312,163.924758
6.585762,168.723312,163.924864
6.585798,168.723312,163.925014
6.585829,168.723312,163.933469
6.585859,168.723312,163.935958
6.585892,168.723312,163.937408
6.585921,168.723312,163.937718
6.585960,168.723312,163.942355
6.585992,168.723312,163.947286
6.586021,168.723312,163.948630
6.586050,168.723312,163.950784
6.586078,168.723312,163.954698
6.586118,168.723312,163.959434
6.586146,168.723312,163.966870
6.586179,168.723312,163.970890
6.586273,168.723312,163.973395
6.586309,168.723312,163.974422
6.586372,168.723312,163.976694
6.586407,168.723312,163.994240
6.586445,168.723312,164.000349
6.586513,168.723312,164.001398
6.586542,168.723312,164.017418
6.586596,168.723312,164.018813
6.586629,168.723312,164.020266
6.586667,168.723312,164.021238
6.586697,168.723312,164.025942
6.586729,168.723312,164.033888
6.586806,168.723312,164.037331
6.586839,168.723312,164.046429
6.586912,168.723312,164.056083
6.586946,168.723312,164.058656
6.587003,168.723312,164.060886
6.587065,168.723312,164.060918
6.587102,168.723312,164.060982
6.587163,168.723312,164.065718
6.587193,168.723312,164.069238
6.587220,168.723312,164.074454
6.587246,168.723312,164.076758
6.587295,168.723312,164.079296
6.587324,168.723312,164.079318
6.587376,168.723312,164.090454
6.587408,168.723312,164.095638
6.587465,168.723312,164.100138
6.587485,168.723312,164.104982
6.587513,168.723312,164.112726
6.587546,168.723312,164.112950
6.587580,168.723312,164.113981
6.587624,168.723312,164.114013
6.587651,168.723312,164.117843
6.587677,168.723312,164.118822
6.587697,168.723312,164.121024
6.587733,168.723312,164.122483
6.587756,168.723312,164.124694
6.587788,168.723312,164.125814
6.587814,168.723312,164.130269
6.587844,168.723312,164.137206
6.587872,168.723312,164.137514
6.587902,168.723312,164.138749
6.587940,168.723312,164.149875
6.587969,168.723312,164.149917
6.587996,168.723312,164.158358
6.588032,168.723312,164.158419
6.588056,168.723312,164.162038
6.588084,168.723312,164.164522
6.588109,168.723312,164.169568
6.588143,168.723312,164.170918
6.588172,168.723312,164.174656
6.588206,168.723312,164.175606
6.588231,168.723312,164.179360
6.588258,168.723312,164.180502
6.588291,168.723312,164.180691
6.588316,168.723312,164.184150
6.588349,168.723312,164.191613
6.588381,168.723312,164.191741
6.588407,168.723312,164.199091
6.588430,168.723312,164.206387
6.588463,168.723312,164.207731
6.588495,168.723312,164.210528
6.588548,168.723312,164.212477
6.588577,168.723312,164.215190
6.588608,168.723312,164.218941
6.588636,168.723312,164.221277
6.588664,168.723312,164.222675
6.588701,168.723312,164.223357
6.588728,168.723312,164.226422
6.588756,168.723312,164.226442
6.588786,168.723312,164.228608
6.588813,168.723312,164.231446
6.588903,168.723312,164.234774
6.588927,168.723312,164.238422
6.588953,168.723312,164.242301
6.588978,168.723312,164.244566
6.589006,168.723312,164.246134
6.589041,168.723312,164.248278
6.589065,168.723312,164.254518
6.589090,168.723312,164.254678
6.589125,168.723312,164.260659
6.589155,168.723312,164.263414
6.589188,168.723312,164.265472
6.589215,168.723312,164.265696
6.589240,168.723312,164.269398
6.589274,168.723312,164.271830
6.589310,168.723312,164.274451
6.589343,168.723312,164.274518
6.589372,168.723312,164.281814
6.589421,168.723312,164.283110
6.589449,168.723312,164.283350
6.589487,168.723312,164.286963
6.589549,168.723312,164.290336
6.589579,168.723312,164.296426
6.589606,168.723312,164.297814
6.589639,168.723312,164.298006
6.589675,168.723312,164.299200
6.589742,168.723312,164.300576
6.589770,168.723312,164.301587
6.589795,168.723312,164.301642
6.589848,168.723312,164.302934
6.589877,168.723312,164.306803
6.589915,168.723312,164.307318
6.589941,168.723312,164.310070
6.589968,168.723312,164.324006
6.590024,168.723312,164.329782
6.590058,168.723312,164.330838
6.590087,168.723312,164.330998
6.590110,168.723312,164.338486
6.590136,168.723312,164.339699
6.590161,168.723312,164.348672
6.590188,168.723312,164.350662
6.590212,168.723312,164.351018
6.590245,168.723312,164.357098
6.590272,168.723312,164.357459
6.590343,168.723312,164.358390
6.590369,168.723312,164.362163
6.590398,168.723312,164.364640
6.590451,168.723312,164.365725
6.590471,168.723312,164.365834
6.590501,168.723312,164.367958
6.590533,168.723312,164.371987
6.590559,168.723312,164.378304
6.590630,168.723312,164.380598
6.590659,168.723312,164.386678
6.590689,168.723312,164.389491
6.590728,168.723312,164.391808
6.590752,168.723312,164.392918
6.590778,168.723312,164.395325
6.590803,168.723312,164.395338
6.590836,168.723312,164.396627
6.590869,168.723312,164.397686
6.590893,168.723312,164.408000
6.590962,168.723312,164.412659
6.590997,168.723312,164.414070
6.591024,168.723312,164.415146
6.591050,168.723312,164.417622
6.591080,168.723312,164.421398
6.591114,168.723312,164.421558
6.591152,168.723312,164.425085
6.591182,168.723312,164.436310
6.591210,168.723312,164.439901
6.591240,168.723312,164.440128
6.591494,168.723312,164.440147
6.591564,168.723312,164.443638
6.591632,168.723312,164.448608
6.591687,168.723312,164.449779
6.591713,168.723312,164.450976
6.591740,168.723312,164.452054
6.591788,168.723312,164.456202
6.591827,168.723312,164.459510
6.591853,168.723312,164.474506
6.591880,168.723312,164.480512
6.591910,168.723312,164.480563
6.591933,168.723312,164.480630
6.591962,168.723312,164.483030
6.591994,168.723312,164.483251
6.592026,168.723312,164.485622
6.592056,168.723312,164.496512
6.592080,168.723312,164.500534
6.592113,168.723312,164.501203
6.592138,168.723312,164.504182
6.592165,168.723312,164.505309
6.592194,168.723312,164.508822
6.592227,168.723312,164.510048
6.592251,168.723312,164.520243
6.592282,168.723312,164.526838
6.592309,168.723312,164.529907
6.592339,168.723312,164.532118
6.592370,168.723312,164.532246
6.592400,168.723312,164.536480
6.592432,168.723312,164.538166
6.592461,168.723312,164.538486
6.592484,168.723312,164.544502
6.592510,168.723312,164.544829
6.592541,168.723312,164.547325
6.592566,168.723312,164.548627
6.592600,168.723312,164.549245
6.592629,168.723312,164.550909
6.592649,168.723312,164.558518
6.592684,168.723312,164.560534
6.592713,168.723312,164.562070
6.592739,168.723312,164.562528
6.592803,168.723312,164.562954
6.592832,168.723312,164.563274
6.592857,168.723312,164.571414
6.592890,168.723312,164.579350
6.592924,168.723312,164.584118
6.592957,168.723312,164.584435
6.592984,168.723312,164.585270
6.593032,168.723312,164.588906
6.593086,168.723312,164.591350
6.593110,168.723312,164.597814
6.593142,168.723312,164.600582
6.593167,168.723312,164.602803
6.593198,168.723312,164.605075
6.593221,168.723312,164.611542
6.593254,168.723312,164.614934
6.593310,168.723312,164.615242
6.593339,168.723312,164.616342
6.593366,168.723312,164.619990
6.593389,168.723312,164.626419
6.593420,168.723312,164.630154
6.593458,168.723312,164.637494
6.593492,168.723312,164.638538
6.593517,168.723312,164.645930
6.593544,168.723312,164.653715
6.593574,168.723312,164.656115
6.593635,168.723312,164.657014
6.593663,168.723312,164.659456
6.593688,168.723312,164.663094
6.593713,168.723312,164.664534
6.593767,168.723312,164.665750
6.593792,168.723312,164.665885
6.593819,168.723312,164.669440
6.593843,168.723312,164.669526
6.593872,168.723312,164.674250
6.593901,168.723312,164.681814
6.593960,168.723312,164.693216
6.593989,168.723312,164.696669
6.594015,168.723312,164.696768
6.594044,168.723312,164.697334
6.594071,168.723312,164.697654
6.594122,168.723312,164.698006
6.594156,168.723312,164.700150
6.594177,168.723312,164.702198
6.594202,168.723312,164.705270
6.594229,168.723312,164.710176
6.594257,168.723312,164.711414
6.594312,168.723312,164.713971
6.594342,168.723312,164.716512
6.594391,168.723312,164.719101
6.594421,168.723312,164.719837
6.594446,168.723312,164.724717
6.594474,168.723312,164.724918
6.594504,168.723312,164.732598
6.594565,168.723312,164.735978
6.594589,168.723312,164.741043
6.594616,168.723312,164.742262
6.594650,168.723312,164.743702
6.594688,168.723312,164.751005
6.594718,168.723312,164.752448
6.594747,168.723312,164.755894
6.594776,168.723312,164.762102
6.594804,168.723312,164.773174
6.594863,168.723312,164.776618
6.594887,168.723312,164.776829
6.594923,168.723312,164.785622
6.594947,168.723312,164.786902
6.594981,168.723312,164.788051
6.595016,168.723312,164.793952
6.595043,168.723312,164.795357
6.595107,168.723312,164.800307
6.595134,168.723312,164.803830
6.595161,168.723312,164.804083
6.595185,168.723312,164.805366
6.595221,168.723312,164.811434
6.595250,168.723312,164.813878
6.595282,168.723312,164.816598
6.595313,168.723312,164.823667
6.595343,168.723312,164.828278
6.595371,168.723312,164.828608
6.595400,168.723312,164.828765
6.595430,168.723312,164.832278
6.595457,168.723312,164.835168
6.595485,168.723312,164.839251
6.595510,168.723312,164.841024
6.595536,168.723312,164.841043
6.595564,168.723312,164.849878
6.595598,168.723312,164.850934
6.595631,168.723312,164.859658
6.595661,168.723312,164.871040
6.595692,168.723312,164.871968
6.595716,168.723312,164.874442
6.595804,168.723312,164.874739
6.595873,168.723312,164.879254
6.595897,168.723312,164.880262
6.595919,168.723312,164.890454
6.595987,168.723312,164.891872
6.596047,168.723312,164.898099
6.596079,168.723312,164.901462
6.596106,168.723312,164.904182
6.596138,168.723312,164.905440
6.596164,168.723312,164.906474
6.596198,168.723312,164.906547
6.596231,168.723312,164.910374
6.596255,168.723312,164.913715
6.596277,168.723312,164.914080
6.596301,168.723312,164.917405
6.596355,168.723312,164.922749
6.596382,168.723312,164.930998
6.596405,168.723312,164.932470
6.596443,168.723312,164.933952
6.596486,168.723312,164.934816
6.596513,168.723312,164.935734
6.596560,168.723312,164.937430
6.596592,168.723312,164.942038
6.596617,168.723312,164.943936
6.596827,168.723312,164.944746
6.596854,168.723312,164.948458
6.596878,168.723312,164.948522
6.596910,168.723312,164.949706
6.596942,168.723312,164.952182
6.596963,168.723312,164.955926
6.596993,168.723312,164.955968
6.597023,168.723312,164.957162
6.597050,168.723312,164.962134
6.597118,168.723312,164.965846
6.597145,168.723312,164.970771
6.597178,168.723312,164.974560
6.597238,168.723312,164.975670
6.597293,168.723312,164.979350
6.597342,168.723312,164.984106
6.597368,168.723312,164.988051
6.597402,168.723312,164.988349
6.597435,168.723312,164.991584
6.597488,168.723312,164.991718
6.597516,168.723312,164.995155
6.597541,168.723312,164.999050
6.597567,168.723312,165.001642
6.597593,168.723312,165.005142
6.597625,168.723312,165.006486
6.597651,168.723312,165.007766
6.597701,168.723312,165.012669
6.597731,168.723312,165.012790
6.597764,168.723312,165.016531
6.597789,168.723312,165.021014
6.597818,168.723312,165.025056
6.597852,168.723312,165.025149
6.597879,168.723312,165.031219
6.597931,168.723312,165.034902
6.598007,168.723312,165.037270
6.598055,168.723312,165.039670
6.598081,168.723312,165.039933
6.598112,168.723312,165.044886
6.598142,168.723312,165.059734
6.598176,168.723312,165.060710
6.598199,168.723312,165.063478
6.598226,168.723312,165.065558
6.598255,168.723312,165.075478
6.598282,168.723312,165.079053
6.598308,168.723312,165.085430
6.598337,168.723312,165.087862
6.598369,168.723312,165.094259
6.598396,168.723312,165.100576
6.598469,168.723312,165.102611
6.598499,168.723312,165.108947
6.598520,168.723312,165.113792
6.598568,168.723312,165.118685
6.598590,168.723312,165.124694
6.598618,168.723312,165.128896
6.598781,168.723312,165.133462
6.598806,168.723312,165.135670
6.598831,168.723312,165.139978
6.598860,168.723312,165.147648
6.598918,168.723312,165.149920
6.598949,168.723312,165.155882
6.598973,168.723312,165.162109
6.598997,168.723312,165.164342
6.599028,168.723312,165.165856
6.599051,168.723312,165.168310
6.599101,168.723312,165.172189
6.599161,168.723312,165.174198
6.599185,168.723312,165.176630
6.599211,168.723312,165.176832
6.599238,168.723312,165.178278
6.599259,168.723312,165.181514
6.599282,168.723312,165.189014
6.599316,168.723312,165.190346
6.599343,168.723312,165.196342
6.599369,168.723312,165.199094
6.599391,168.723312,165.200470
6.599416,168.723312,165.206368
6.599440,168.723312,165.211318
6.599464,168.723312,165.215082
6.599490,168.723312,165.226365
6.599515,168.723312,165.248544
6.599538,168.723312,165.251062
6.599567,168.723312,165.256032
6.599644,168.723312,165.261750
6.599667,168.723312,165.262336
6.599694,168.723312,165.264534
6.599721,168.723312,165.265715
6.599748,168.723312,165.270464
6.599797,168.723312,165.270784
6.599828,168.723312,165.272918
6.599852,168.723312,165.276595
6.599899,168.723312,165.276957
6.599921,168.723312,165.279062
6.599940,168.723312,165.281878
6.600112,168.723312,165.288022
6.600179,168.723312,165.289504
6.600212,168.723312,165.294333
6.600237,168.723312,165.310429
6.600284,168.723312,165.314646
6.600307,168.723312,165.320042
6.600326,168.723312,165.321078
6.600348,168.723312,165.323606
6.600376,168.723312,165.323763
6.600395,168.723312,165.324886
6.600421,168.723312,165.332214
6.600445,168.723312,165.334646
6.600471,168.723312,165.335123
6.600536,168.723312,165.339638
6.600560,168.723312,165.341267
6.600591,168.723312,165.343699
6.600618,168.723312,165.349824
6.600643,168.723312,165.350998
6.600709,168.723312,165.352182
6.600733,168.723312,165.355798
6.600761,168.723312,165.355862
6.600787,168.723312,165.357142
6.600819,168.723312,165.359904
6.600873,168.723312,165.360787
6.600901,168.723312,165.363062
6.600933,168.723312,165.369270
6.600959,168.723312,165.369302
6.600984,168.723312,165.369632
6.601010,168.723312,165.370454
6.601033,168.723312,165.370710
6.601062,168.723312,165.372074
6.601093,168.723312,165.373270
6.601121,168.723312,165.377171
6.601146,168.723312,165.381930
6.601200,168.723312,165.383069
6.601230,168.723312,165.385206
6.601248,168.723312,165.389174
6.601281,168.723312,165.410131
6.601307,168.723312,165.411123
6.601329,168.723312,165.414902
6.601352,168.723312,165.415424
6.601379,168.723312,165.426301
6.601426,168.723312,165.426314
6.601456,168.723312,165.427158
6.601479,168.723312,165.431101
6.601522,168.723312,165.432470
6.601577,168.723312,165.439987
6.601610,168.723312,165.448362
6.601660,168.723312,165.454614
6.601685,168.723312,165.455869
6.601712,168.723312,165.466826
6.601739,168.723312,165.469334
6.601764,168.723312,165.474333
6.601791,168.723312,165.477901
6.601824,168.723312,165.479094
6.601846,168.723312,165.480608
6.601873,168.723312,165.483158
6.601904,168.723312,165.485718
6.601938,168.723312,165.486550
6.601966,168.723312,165.491677
6.602019,168.723312,165.491699
6.602049,168.723312,165.494998
6.602082,168.723312,165.497942
6.602112,168.723312,165.497994
6.602137,168.723312,165.504074
6.602173,168.723312,165.513750
6.602196,168.723312,165.515200
6.602223,168.723312,165.515254
6.602250,168.723312,165.521536
6.602367,168.723312,165.522486
6.602395,168.723312,165.523766
6.602445,168.723312,165.526358
6.602482,168.723312,165.528790
6.602511,168.723312,165.528918
6.602565,168.723312,165.528957
6.602592,168.723312,165.530048
6.602626,168.723312,165.533587
6.602647,168.723312,165.534867
6.602669,168.723312,165.539926
6.602702,168.723312,165.543315
6.602725,168.723312,165.547347
6.602752,168.723312,165.550966
6.602802,168.723312,165.552234
6.602847,168.723312,165.553334
6.602870,168.723312,165.557117
6.602895,168.723312,165.558314
6.602917,168.723312,165.558547
6.602944,168.723312,165.563318
6.602969,168.723312,165.569491
6.602996,168.723312,165.573078
6.603023,168.723312,165.574326
6.603070,168.723312,165.577971
6.603097,168.723312,165.584138
6.603119,168.723312,165.590310
6.603140,168.723312,165.593034
6.603167,168.723312,165.595958
6.603189,168.723312,165.603027
6.603214,168.723312,165.608947
6.603244,168.723312,165.611222
6.603271,168.723312,165.617418
6.603291,168.723312,165.622506
6.603319,168.723312,165.622678
6.603350,168.723312,165.623754
6.603374,168.723312,165.623859
6.603405,168.723312,165.626294
6.603430,168.723312,165.631242
6.603461,168.723312,165.637440
6.603513,168.723312,165.643530
6.603539,168.723312,165.645757
6.603566,168.723312,165.647133
6.603593,168.723312,165.652150
6.603620,168.723312,165.654614
6.603654,168.723312,165.658282
6.603678,168.723312,165.659402
6.603707,168.723312,165.668342
6.603733,168.723312,165.678368
6.603787,168.723312,165.684381
6.603808,168.723312,165.689014
6.603836,168.723312,165.693117
6.603860,168.723312,165.693942
6.603881,168.723312,165.695318
6.603905,168.723312,165.707926
6.603940,168.723312,165.719798
6.603985,168.723312,165.725110
6.604011,168.723312,165.733546
6.604043,168.723312,165.738570
6.604070,168.723312,165.746141
6.604094,168.723312,165.747242
6.604122,168.723312,165.749494
6.604142,168.723312,165.749715
6.604188,168.723312,165.750934
6.604214,168.723312,165.755510
6.604236,168.723312,165.757162
6.604275,168.723312,165.759603
6.604297,168.723312,165.761920
6.604320,168.723312,165.763370
6.604342,168.723312,165.764822
6.604376,168.723312,165.765504
6.604399,168.723312,165.765674
6.604446,168.723312,165.766016
6.604509,168.723312,165.766774
6.604557,168.723312,165.778304
6.604608,168.723312,165.781600
6.604629,168.723312,165.782986
6.604652,168.723312,165.784128
6.604673,168.723312,165.790390
6.604691,168.723312,165.790806
6.604729,168.723312,165.791965
6.604754,168.723312,165.794045
6.604773,168.723312,165.799392
6.604796,168.723312,165.800214
6.604847,168.723312,165.810278
6.604938,168.723312,165.811638
6.604961,168.723312,165.815517
6.605023,168.723312,165.816214
6.605048,168.723312,165.819018
6.605104,168.723312,165.825014
6.605136,168.723312,165.826134
6.605166,168.723312,165.828726
6.605195,168.723312,165.829770
6.605218,168.723312,165.834656
6.605238,168.723312,165.840128
6.605288,168.723312,165.844950
6.605322,168.723312,165.849494
6.605368,168.723312,165.849885
6.605391,168.723312,165.858326
6.605417,168.723312,165.859392
6.605443,168.723312,165.859542
6.605467,168.723312,165.863382
6.605489,168.723312,165.867210
6.605684,168.723312,165.867958
6.605727,168.723312,165.870822
6.605750,168.723312,165.872950
6.605772,168.723312,165.873334
6.605801,168.723312,165.878112
6.605848,168.723312,165.878272
6.605892,168.723312,165.881811
6.605921,168.723312,165.897757
6.605963,168.723312,165.900438
6.605987,168.723312,165.903882
6.606010,168.723312,165.911606
6.606036,168.723312,165.922134
6.606060,168.723312,165.931008
6.606081,168.723312,165.931254
6.606133,168.723312,165.932566
6.606164,168.723312,165.936032
6.606189,168.723312,165.936061
6.606215,168.723312,165.937664
6.606273,168.723312,165.938294
6.606297,168.723312,165.939722
6.606320,168.723312,165.940982
6.606340,168.723312,165.951958
6.606357,168.723312,165.952054
6.606378,168.723312,165.952106
6.606399,168.723312,165.952179
6.606418,168.723312,165.952317
6.606441,168.723312,165.953622
6.606502,168.723312,165.954579
6.606527,168.723312,165.954720
6.606558,168.723312,165.958688
6.606592,168.723312,165.961782
6.606613,168.723312,165.962208
6.606635,168.723312,165.965974
6.606666,168.723312,165.968243
6.606696,168.723312,165.969462
6.606721,168.723312,165.983264
6.606744,168.723312,165.984150
6.606774,168.723312,165.984246
6.606794,168.723312,165.985622
6.606823,168.723312,165.989174
6.606854,168.723312,165.991549
6.606882,168.723312,165.996672
6.606910,168.723312,166.000554
6.606944,168.723312,166.002454
6.606982,168.723312,166.002486
6.607006,168.723312,166.003946
6.607025,168.723312,166.007923
6.607085,168.723312,166.008800
6.607113,168.723312,166.009974
6.607139,168.723312,166.011123
6.607156,168.723312,166.011638
6.607213,168.723312,166.014038
6.607245,168.723312,166.017654
6.607272,168.723312,166.024918
6.607299,168.723312,166.033312
6.607319,168.723312,166.033558
6.607349,168.723312,166.035946
6.607368,168.723312,166.038422
6.607387,168.723312,166.045014
6.607412,168.723312,166.046208
6.607456,168.723312,166.047222
6.607480,168.723312,166.047283
6.607505,168.723312,166.053386
6.607526,168.723312,166.054496
6.607551,168.723312,166.057238
6.607571,168.723312,166.058112
6.607594,168.723312,166.060992
6.607649,168.723312,166.062218
6.607698,168.723312,166.064662
6.607721,168.723312,166.067062
6.607751,168.723312,166.069238
6.607774,168.723312,166.069664
6.607795,168.723312,166.078998
6.607815,168.723312,166.080659
6.607862,168.723312,166.081843
6.607887,168.723312,166.084608
6.608060,168.723312,166.085430
6.608082,168.723312,166.087040
6.608116,168.723312,166.088989
6.608133,168.723312,166.096630
6.608152,168.723312,166.101693
6.608181,168.723312,166.105238
6.608213,168.723312,166.109312
6.608353,168.723312,166.111210
6.608373,168.723312,166.117504
6.608394,168.723312,166.117984
6.608622,168.723312,166.121309
6.608641,168.723312,166.129024
6.608663,168.723312,166.132403
6.608687,168.723312,166.135904
6.608708,168.723312,166.145814
6.608729,168.723312,166.146141
6.608758,168.723312,166.152054
6.608779,168.723312,166.152189
6.608799,168.723312,166.153558
6.608831,168.723312,166.154422
6.608853,168.723312,166.157267
6.608879,168.723312,166.162102
6.608904,168.723312,166.163187
6.608946,168.723312,166.168157
6.608973,168.723312,166.170582
6.609001,168.723312,166.171926
6.609026,168.723312,166.172170
6.609060,168.723312,166.180256
6.609082,168.723312,166.180438
6.609106,168.723312,166.185622
6.609131,168.723312,166.192861
6.609154,168.723312,166.192989
6.609181,168.723312,166.196522
6.609200,168.723312,166.198944
6.609222,168.723312,166.203958
6.609244,168.723312,166.206525
6.609268,168.723312,166.207542
6.609288,168.723312,166.217814
6.609313,168.723312,166.217910
6.609343,168.723312,166.218870
6.609366,168.723312,166.219126
6.609424,168.723312,166.221245
6.609442,168.723312,166.221398
6.609466,168.723312,166.221430
6.609489,168.723312,166.221533
6.609519,168.723312,166.222710
6.609549,168.723312,166.226272
6.609569,168.723312,166.235062
6.609593,168.723312,166.240051
6.609619,168.723312,166.242461
6.609648,168.723312,166.243574
6.609680,168.723312,166.258410
6.609776,168.723312,166.268170
6.609802,168.723312,166.278070
6.609824,168.723312,166.279222
6.609850,168.723312,166.279446
6.609872,168.723312,166.280566
6.609920,168.723312,166.283168
6.609972,168.723312,166.284502
6.609999,168.723312,166.286678
6.610022,168.723312,166.287382
6.610042,168.723312,166.290662
6.610069,168.723312,166.296694
6.610097,168.723312,166.299078
6.610119,168.723312,166.303091
6.610145,168.723312,166.304822
6.610164,168.723312,166.306656
6.610236,168.723312,166.311062
6.610258,168.723312,166.315274
6.610287,168.723312,166.318918
6.610304,168.723312,166.327414
6.610323,168.723312,166.332179
6.610342,168.723312,166.334762
6.610389,168.723312,166.335155
6.610417,168.723312,166.337152
6.610440,168.723312,166.341011
6.610462,168.723312,166.343030
6.610486,168.723312,166.343645
6.610510,168.723312,166.343741
6.610539,168.723312,166.345011
6.610563,168.723312,166.349238
6.610586,168.723312,166.349715
6.610605,168.723312,166.359542
6.610625,168.723312,166.365718
6.610657,168.723312,166.367062
6.610679,168.723312,166.380960
6.610736,168.723312,166.382067
6.610762,168.723312,166.384413
6.610779,168.723312,166.385322
6.610801,168.723312,166.391712
6.610849,168.723312,166.391862
6.610876,168.723312,166.392950
6.610905,168.723312,166.399165
6.610930,168.723312,166.402614
6.610958,168.723312,166.407382
6.610982,168.723312,166.407731
6.611006,168.723312,166.413782
6.611030,168.723312,166.415219
6.611057,168.723312,166.416214
6.611085,168.723312,166.422678
6.611108,168.723312,166.426218
6.611133,168.723312,166.432723
6.611163,168.723312,166.433494
6.611182,168.723312,166.434806
6.611208,168.723312,166.442195
6.611226,168.723312,166.448061
6.611252,168.723312,166.451005
6.611271,168.723312,166.454486
6.611293,168.723312,166.455894
6.611314,168.723312,166.456118
6.611338,168.723312,166.458198
6.611360,168.723312,166.458358
6.611392,168.723312,166.460758
6.611413,168.723312,166.460918
6.611439,168.723312,166.462134
6.611464,168.723312,166.470454
6.611481,168.723312,166.470726
6.611497,168.723312,166.470806
6.611526,168.723312,166.472992
6.611568,168.723312,166.474518
6.611600,168.723312,166.476627
6.611619,168.723312,166.480182
6.611639,168.723312,166.480630
6.611696,168.723312,166.480861
6.611793,168.723312,166.483094
6.611824,168.723312,166.485398
6.611844,168.723312,166.486422
6.611864,168.723312,166.487766
6.611882,168.723312,166.487923
6.611901,168.723312,166.489344
6.611946,168.723312,166.491318
6.611984,168.723312,166.494208
6.612034,168.723312,166.494326
6.612067,168.723312,166.499168
6.612091,168.723312,166.501366
6.612114,168.723312,166.502774
6.612156,168.723312,166.507862
6.612204,168.723312,166.508989
6.612221,168.723312,166.509158
6.612246,168.723312,166.509942
6.612269,168.723312,166.515005
6.612292,168.723312,166.517078
6.612312,168.723312,166.519014
6.612338,168.723312,166.520915
6.612356,168.723312,166.521373
6.612371,168.723312,166.525962
6.612393,168.723312,166.528586
6.612412,168.723312,166.538646
6.612431,168.723312,166.540938
6.612470,168.723312,166.546070
6.612492,168.723312,166.551069
6.612551,168.723312,166.552118
6.612579,168.723312,166.552150
6.612647,168.723312,166.553418
6.612667,168.723312,166.562131
6.612716,168.723312,166.573258
6.612737,168.723312,166.576790
6.612760,168.723312,166.580531
6.612782,168.723312,166.580618
6.612808,168.723312,166.586742
6.612829,168.723312,166.589174
6.612860,168.723312,166.590816
6.613096,168.723312,166.591510
6.613120,168.723312,166.592768
6.613163,168.723312,166.594323
6.613192,168.723312,166.596659
6.613238,168.723312,166.599347
6.613269,168.723312,166.601629
6.613314,168.723312,166.602646
6.613356,168.723312,166.606678
6.613389,168.723312,166.616202
6.613414,168.723312,166.617354
6.613443,168.723312,166.619862
6.613472,168.723312,166.622646
6.613492,168.723312,166.627709
6.613551,168.723312,166.632352
6.613572,168.723312,166.636243
6.613594,168.723312,166.640054
6.613620,168.723312,166.648374
6.613644,168.723312,166.648403
6.613673,168.723312,166.651030
6.613724,168.723312,166.654506
6.613747,168.723312,166.654666
6.613770,168.723312,166.659414
6.613797,168.723312,166.661910
6.613821,168.723312,166.663123
6.613846,168.723312,166.664374
6.613870,168.723312,166.665939
6.613954,168.723312,166.669078
6.613974,168.723312,166.669728
6.613997,168.723312,166.689405
6.614017,168.723312,166.692029
6.614050,168.723312,166.694038
6.614069,168.723312,166.695478
6.614084,168.723312,166.700384
6.614126,168.723312,166.707517
6.614153,168.723312,166.707936
6.614211,168.723312,166.717459
6.614227,168.723312,166.718966
6.614251,168.723312,166.720022
6.614298,168.723312,166.725053
6.614316,168.723312,166.738525
6.614359,168.723312,166.740906
6.614383,168.723312,166.746058
6.614427,168.723312,166.748214
6.614448,168.723312,166.748534
6.614485,168.723312,166.750995
6.614510,168.723312,166.755670
6.614527,168.723312,166.757011
6.614552,168.723312,166.757286
6.614579,168.723312,166.759744
6.614635,168.723312,166.765949
6.614672,168.723312,166.768253
6.614689,168.723312,166.774422
6.614717,168.723312,166.778067
6.614741,168.723312,166.780678
6.614765,168.723312,166.785622
6.614797,168.723312,166.788083
6.614823,168.723312,166.789440
6.614880,168.723312,166.791667
6.614905,168.723312,166.791763
6.614927,168.723312,166.797942
6.614955,168.723312,166.798954
6.614976,168.723312,166.798966
6.614998,168.723312,166.799731
6.615018,168.723312,166.805366
6.615040,168.723312,166.806902
6.615108,168.723312,166.813526
6.615125,168.723312,166.813654
6.615150,168.723312,166.816486
6.615173,168.723312,166.817747
6.615201,168.723312,166.819094
6.615249,168.723312,166.823677
6.615288,168.723312,166.823990
6.615309,168.723312,166.826486
6.615336,168.723312,166.828598
6.615363,168.723312,166.830237
6.615391,168.723312,166.834877
6.615417,168.723312,166.841002
6.615437,168.723312,166.841222
6.615461,168.723312,166.847318
6.615493,168.723312,166.850858
6.615515,168.723312,166.852278
6.615541,168.723312,166.853590
6.615570,168.723312,166.855978
6.615598,168.723312,166.864470
6.615622,168.723312,166.864563
6.615657,168.723312,166.871827
6.615699,168.723312,166.878230
6.615727,168.723312,166.878387
6.615750,168.723312,166.883210
6.615771,168.723312,166.894163
6.615788,168.723312,166.897651
6.615810,168.723312,166.898806
6.615830,168.723312,166.898963
6.615871,168.723312,166.905632
6.615899,168.723312,166.910166
6.615916,168.723312,166.912470
6.615940,168.723312,166.912502
6.615957,168.723312,166.913558
6.615981,168.723312,166.916307
6.615997,168.723312,166.916342
6.616019,168.723312,166.917459
6.616039,168.723312,166.923862
6.616061,168.723312,166.925376
6.616092,168.723312,166.927542
6.616117,168.723312,166.930067
6.616146,168.723312,166.933894
6.616173,168.723312,166.936246
6.616194,168.723312,166.936317
6.616217,168.723312,166.942198
6.616237,168.723312,166.943658
6.616265,168.723312,166.944502
6.616287,168.723312,166.945942
6.616323,168.723312,166.947197
6.616369,168.723312,166.949910
6.616393,168.723312,166.950003
6.616440,168.723312,166.951078
6.616462,168.723312,166.951094
6.616485,168.723312,166.953565
6.616508,168.723312,166.961075
6.616531,168.723312,166.964214
6.616553,168.723312,166.968416
6.616602,168.723312,166.969142
6.616620,168.723312,166.975840
6.616662,168.723312,166.978230
6.616687,168.723312,166.978400
6.616776,168.723312,166.979453
6.616795,168.723312,166.980182
6.616811,168.723312,166.981811
6.616841,168.723312,166.982016
6.616903,168.723312,166.982986
6.616927,168.723312,166.984243
6.616949,168.723312,166.985354
6.616969,168.723312,166.989162
6.616988,168.723312,166.991846
6.617011,168.723312,166.994195
6.617030,168.723312,166.995158
6.617048,168.723312,167.018688
6.617066,168.723312,167.021206
6.617084,168.723312,167.021238
6.617107,168.723312,167.023798
6.617143,168.723312,167.036022
6.617164,168.723312,167.036214
6.617193,168.723312,167.037555
6.617239,168.723312,167.044694
6.617278,168.723312,167.045152
6.617407,168.723312,167.045974
6.617437,168.723312,167.049418
6.617475,168.723312,167.050614
6.617498,168.723312,167.054803
6.617527,168.723312,167.055702
6.617545,168.723312,167.064534
6.617574,168.723312,167.067990
6.617594,168.723312,167.068096
6.617616,168.723312,167.068566
6.617661,168.723312,167.072925
6.617694,168.723312,167.073248
6.617724,168.723312,167.074410
6.617748,168.723312,167.077875
6.617762,168.723312,167.080640
6.617785,168.723312,167.083158
6.617806,168.723312,167.083638
6.617823,168.723312,167.085725
6.617849,168.723312,167.087830
6.617874,168.723312,167.091392
6.617889,168.723312,167.102922
6.617936,168.723312,167.103990
6.617977,168.723312,167.113750
6.617994,168.723312,167.116598
6.618025,168.723312,167.122483
6.618044,168.723312,167.124160
6.618069,168.723312,167.126067
6.618095,168.723312,167.129654
6.618114,168.723312,167.130966
6.618134,168.723312,167.131030
6.618150,168.723312,167.136438
6.618183,168.723312,167.143446
6.618202,168.723312,167.146931
6.618224,168.723312,167.148637
6.618243,168.723312,167.150966
6.618265,168.723312,167.152243
6.618284,168.723312,167.152362
6.618303,168.723312,167.153526
6.618331,168.723312,167.153546
6.618410,168.723312,167.153590
6.618438,168.723312,167.162278
6.618460,168.723312,167.164339
6.618476,168.723312,167.168342
6.618507,168.723312,167.175542
6.618530,168.723312,167.175840
6.618659,168.723312,167.176893
6.618696,168.723312,167.177152
6.618716,168.723312,167.178294
6.618734,168.723312,167.187926
6.618750,168.723312,167.189142
6.618786,168.723312,167.189162
6.618804,168.723312,167.195411
6.618824,168.723312,167.197898
6.618844,168.723312,167.199062
6.618865,168.723312,167.201171
6.618879,168.723312,167.201661
6.618898,168.723312,167.201670
6.618920,168.723312,167.205107
6.618942,168.723312,167.205408
6.618969,168.723312,167.206483
6.618992,168.723312,167.213878
6.619014,168.723312,167.221536
6.619060,168.723312,167.222358
6.619106,168.723312,167.223894
6.619129,168.723312,167.225312
6.619151,168.723312,167.226038
6.619172,168.723312,167.227037
6.619188,168.723312,167.227731
6.619216,168.723312,167.228746
6.619244,168.723312,167.232278
6.619266,168.723312,167.232310
6.619300,168.723312,167.233302
6.619315,168.723312,167.237331
6.619339,168.723312,167.249565
6.619353,168.723312,167.249920
6.619393,168.723312,167.252118
6.619411,168.723312,167.255786
6.619433,168.723312,167.259190
6.619454,168.723312,167.266662
6.619470,168.723312,167.270602
6.619506,168.723312,167.273354
6.619531,168.723312,167.274518
6.619580,168.723312,167.275478
6.619606,168.723312,167.277994
6.619629,168.723312,167.278250
6.619673,168.723312,167.279475
6.619699,168.723312,167.279539
6.619726,168.723312,167.280723
6.619745,168.723312,167.286550
6.619787,168.723312,167.286880
6.619806,168.723312,167.293066
6.619830,168.723312,167.299293
6.619853,168.723312,167.307510
6.619871,168.723312,167.307987
6.619914,168.723312,167.317462
6.619932,168.723312,167.324694
6.619953,168.723312,167.326186
6.619971,168.723312,167.326269
6.619993,168.723312,167.332470
6.620020,168.723312,167.335072
6.620043,168.723312,167.341248
6.620099,168.723312,167.347382
6.620121,168.723312,167.348544
6.620138,168.723312,167.356000
6.620185,168.723312,167.360630
6.620202,168.723312,167.361939
6.620218,168.723312,167.362208
6.620253,168.723312,167.363520
6.620283,168.723312,167.369491
6.620307,168.723312,167.370774
6.620325,168.723312,167.373110
6.620343,168.723312,167.376595
6.620360,168.723312,167.380470
6.620381,168.723312,167.383206
6.620395,168.723312,167.385354
6.620417,168.723312,167.385366
6.620434,168.723312,167.385418
6.620457,168.723312,167.386454
6.620474,168.723312,167.386845
6.620495,168.723312,167.393184
6.620547,168.723312,167.394122
6.620572,168.723312,167.395347
6.620588,168.723312,167.395584
6.620623,168.723312,167.399094
6.620644,168.723312,167.404253
6.620669,168.723312,167.407837
6.620687,168.723312,167.407869
6.620730,168.723312,167.413600
6.620747,168.723312,167.415050
6.620765,168.723312,167.423670
6.620781,168.723312,167.424938
6.620810,168.723312,167.429782
6.620830,168.723312,167.433174
6.620845,168.723312,167.438358
6.620864,168.723312,167.441046
6.620882,168.723312,167.441149
6.620905,168.723312,167.442496
6.620984,168.723312,167.444854
6.621012,168.723312,167.446835
6.621033,168.723312,167.446998
6.621052,168.723312,167.448438
6.621081,168.723312,167.454515
6.621099,168.723312,167.455702
6.621120,168.723312,167.462006
6.621145,168.723312,167.466006
6.621176,168.723312,167.467702
6.621193,168.723312,167.469142
6.621227,168.723312,167.470762
6.621267,168.723312,167.470806
6.621288,168.723312,167.471990
6.621308,168.723312,167.476694
6.621328,168.723312,167.477085
6.621348,168.723312,167.479699
6.621393,168.723312,167.480246
6.621413,168.723312,167.480576
6.621450,168.723312,167.480896
6.621496,168.723312,167.484445
6.621522,168.723312,167.484470
6.621542,168.723312,167.489014
6.621561,168.723312,167.494099
6.621581,168.723312,167.499178
6.621603,168.723312,167.510998
6.621638,168.723312,167.511347
6.621658,168.723312,167.512723
6.621677,168.723312,167.513686
6.621692,168.723312,167.513971
6.621708,168.723312,167.517558
6.621722,168.723312,167.518838
6.621739,168.723312,167.520512
6.621801,168.723312,167.521437
6.621821,168.723312,167.533760
6.621878,168.723312,167.536064
6.621903,168.723312,167.536342
6.621960,168.723312,167.543510
6.621982,168.723312,167.550602
6.622000,168.723312,167.550902
6.622020,168.723312,167.553494
6.622041,168.723312,167.558038
6.622065,168.723312,167.559830
6.622092,168.723312,167.569238
6.622109,168.723312,167.577994
6.622126,168.723312,167.579094
6.622142,168.723312,167.580371
6.622159,168.723312,167.580534
6.622188,168.723312,167.581811
6.622204,168.723312,167.582582
6.622221,168.723312,167.582803
6.622235,168.723312,167.586742
6.622255,168.723312,167.588192
6.622280,168.723312,167.590390
6.622318,168.723312,167.590707
6.622344,168.723312,167.594198
6.622390,168.723312,167.595603
6.622414,168.723312,167.596723
6.622439,168.723312,167.599050
6.622455,168.723312,167.600298
6.622473,168.723312,167.602678
6.622511,168.723312,167.606547
6.622534,168.723312,167.616307
6.622554,168.723312,167.621142
6.622575,168.723312,167.622358
6.622595,168.723312,167.623670
6.622613,168.723312,167.624694
6.622629,168.723312,167.629843
6.622642,168.723312,167.632486
6.622664,168.723312,167.639638
6.622681,168.723312,167.640682
6.622699,168.723312,167.640950
6.622715,168.723312,167.644438
6.622753,168.723312,167.647325
6.622777,168.723312,167.647347
6.622818,168.723312,167.649782
6.622858,168.723312,167.653501
6.622880,168.723312,167.654336
6.622898,168.723312,167.659478
6.622918,168.723312,167.663347
6.622932,168.723312,167.664563
6.622950,168.723312,167.668278
6.622969,168.723312,167.670602
6.622990,168.723312,167.678035
6.623013,168.723312,167.681802
6.623037,168.723312,167.685376
6.623055,168.723312,167.689162
6.623075,168.723312,167.690422
6.623092,168.723312,167.690611
6.623138,168.723312,167.702707
6.623157,168.723312,167.705046
6.623178,168.723312,167.712470
6.623193,168.723312,167.716243
6.623223,168.723312,167.717555
6.623259,168.723312,167.717814
6.623304,168.723312,167.720918
6.623329,168.723312,167.721430
6.623350,168.723312,167.722707
6.623374,168.723312,167.728512
6.623386,168.723312,167.728938
6.623409,168.723312,167.731286
6.623469,168.723312,167.732413
6.623488,168.723312,167.734902
6.623504,168.723312,167.739914
6.623523,168.723312,167.739936
6.623560,168.723312,167.746998
6.623580,168.723312,167.747126
6.623612,168.723312,167.749910
6.623631,168.723312,167.750838
6.623649,168.723312,167.755926
6.623665,168.723312,167.758262
6.623684,168.723312,167.759539
6.623699,168.723312,167.759702
6.623717,168.723312,167.760342
6.623730,168.723312,167.764426
6.623752,168.723312,167.764598
6.623776,168.723312,167.765715
6.623796,168.723312,167.769558
6.623816,168.723312,167.779123
6.623835,168.723312,167.784106
6.623853,168.723312,167.784170
6.623868,168.723312,167.791958
6.623891,168.723312,167.796262
6.623904,168.723312,167.797683
6.623927,168.723312,167.816374
6.623964,168.723312,167.818518
6.623981,168.723312,167.821427
6.624007,168.723312,167.821491
6.624024,168.723312,167.826374
6.624041,168.723312,167.836086
6.624057,168.723312,167.839606
6.624076,168.723312,167.839830
6.624097,168.723312,167.843702
6.624117,168.723312,167.845526
6.624134,168.723312,167.848566
6.624161,168.723312,167.854771
6.624184,168.723312,167.859434
6.624199,168.723312,167.862861
6.624233,168.723312,167.863315
6.624269,168.723312,167.864598
6.624293,168.723312,167.867146
6.624324,168.723312,167.868243
6.624345,168.723312,167.868342
6.624362,168.723312,167.870634
6.624380,168.723312,167.874250
6.624407,168.723312,167.874451
6.624422,168.723312,167.875542
6.624458,168.723312,167.877814
6.624474,168.723312,167.879158
6.624511,168.723312,167.884278
6.624552,168.723312,167.891446
6.624621,168.723312,167.894400
6.624661,168.723312,167.895190
6.624694,168.723312,167.899040
6.624717,168.723312,167.899222
6.624737,168.723312,167.907744
6.624758,168.723312,167.908918
6.624779,168.723312,167.910250
6.624800,168.723312,167.913782
6.624818,168.723312,167.918774
6.624838,168.723312,167.923894
6.624863,168.723312,167.924950
6.624884,168.723312,167.928893
6.624911,168.723312,167.935062
6.624933,168.723312,167.939901
6.624964,168.723312,167.942390
6.624989,168.723312,167.945942
6.625022,168.723312,167.951062
6.625042,168.723312,167.954582
6.625063,168.723312,167.954813
6.625079,168.723312,167.955766
6.625110,168.723312,167.958006
6.625127,168.723312,167.961613
6.625143,168.723312,167.964374
6.625160,168.723312,167.964438
6.625186,168.723312,167.965683
6.625220,168.723312,167.966816
6.625235,168.723312,167.969418
6.625255,168.723312,167.969526
6.625276,168.723312,167.970602
6.625293,168.723312,167.973002
6.625309,168.723312,167.975734
6.625328,168.723312,167.980598
6.625349,168.723312,167.989014
6.625370,168.723312,167.990387
6.625390,168.723312,167.991574
6.625435,168.723312,167.991680
6.625458,168.723312,167.993942
6.625478,168.723312,168.000266
6.625494,168.723312,168.002646
6.625509,168.723312,168.002922
6.625537,168.723312,168.005194
6.625553,168.723312,168.005270
6.625602,168.723312,168.009078
6.625622,168.723312,168.009888
6.625641,168.723312,168.010134
6.625681,168.723312,168.018877
6.625715,168.723312,168.026314
6.625734,168.723312,168.029910
6.625751,168.723312,168.035037
6.625777,168.723312,168.036032
6.625794,168.723312,168.041120
6.625835,168.723312,168.047222
6.625857,168.723312,168.052214
6.625897,168.723312,168.054899
6.625920,168.723312,168.057174
6.625949,168.723312,168.060669
6.625962,168.723312,168.062301
6.626005,168.723312,168.062397
6.626055,168.723312,168.064374
6.626070,168.723312,168.073238
6.626096,168.723312,168.073270
6.626113,168.723312,168.075414
6.626150,168.723312,168.078230
6.626193,168.723312,168.078282
6.626220,168.723312,168.087894
6.626242,168.723312,168.088061
6.626267,168.723312,168.091798
6.626284,168.723312,168.092797
6.626307,168.723312,168.094278
6.626322,168.723312,168.095517
6.626342,168.723312,168.100509
6.626357,168.723312,168.102454
6.626370,168.723312,168.107776
6.626393,168.723312,168.109878
6.626408,168.723312,168.110141
6.626421,168.723312,168.113814
6.626463,168.723312,168.115242
6.626488,168.723312,168.117590
6.626515,168.723312,168.118176
6.626539,168.723312,168.122163
6.626554,168.723312,168.127350
6.626591,168.723312,168.127638
6.626611,168.723312,168.130070
6.626633,168.723312,168.135968
6.626669,168.723312,168.142550
6.626689,168.723312,168.143478
6.626707,168.723312,168.154336
6.626722,168.723312,168.158230
6.626753,168.723312,168.159731
6.626769,168.723312,168.163318
6.626789,168.723312,168.164627
6.626831,168.723312,168.166902
6.626855,168.723312,168.168189
6.626869,168.723312,168.175782
6.626901,168.723312,168.180499
6.626923,168.723312,168.180534
6.626941,168.723312,168.189366
6.626985,168.723312,168.190166
6.626997,168.723312,168.190262
6.627015,168.723312,168.191699
6.627041,168.723312,168.200438
6.627067,168.723312,168.200512
6.627106,168.723312,168.202560
6.627121,168.723312,168.202774
6.627148,168.723312,168.204010
6.627187,168.723312,168.210070
6.627221,168.723312,168.212659
6.627239,168.723312,168.214109
6.627264,168.723312,168.223574
6.627279,168.723312,168.228182
6.627293,168.723312,168.228822
6.627324,168.723312,168.233622
6.627342,168.723312,168.239978
6.627365,168.723312,168.240010
6.627383,168.723312,168.240029
6.627407,168.723312,168.243510
6.627425,168.723312,168.243712
6.627451,168.723312,168.246006
6.627486,168.723312,168.248362
6.627510,168.723312,168.249482
6.627523,168.723312,168.250710
6.627542,168.723312,168.253587
6.627559,168.723312,168.265942
6.627620,168.723312,168.275722
6.627642,168.723312,168.276957
6.627657,168.723312,168.278058
6.627670,168.723312,168.278070
6.627686,168.723312,168.279507
6.627708,168.723312,168.282675
6.627729,168.723312,168.284150
6.627753,168.723312,168.290294
6.627771,168.723312,168.294227
6.627793,168.723312,168.294230
6.627808,168.723312,168.295286
6.627826,168.723312,168.295325
6.627841,168.723312,168.297750
6.627859,168.723312,168.299293
6.627876,168.723312,168.306410
6.627893,168.723312,168.306528
6.627943,168.723312,168.307798
6.627967,168.723312,168.308694
6.627999,168.723312,168.312502
6.628021,168.723312,168.314006
6.628045,168.723312,168.318934
6.628069,168.723312,168.321267
6.628087,168.723312,168.324051
6.628108,168.723312,168.324778
6.628122,168.723312,168.324947
6.628142,168.723312,168.326198
6.628164,168.723312,168.327530
6.628201,168.723312,168.333814
6.628218,168.723312,168.337555
6.628260,168.723312,168.338486
6.628278,168.723312,168.344979
6.628298,168.723312,168.352022
6.628316,168.723312,168.357238
6.628332,168.723312,168.360723
6.628359,168.723312,168.361152
6.628381,168.723312,168.369632
6.628406,168.723312,168.371766
6.628421,168.723312,168.372054
6.628480,168.723312,168.375680
6.628494,168.723312,168.378035
6.628508,168.723312,168.380640
6.628532,168.723312,168.389363
6.628573,168.723312,168.390454
6.628604,168.723312,168.391638
6.628622,168.723312,168.395222
6.628645,168.723312,168.395315
6.628677,168.723312,168.399357
6.628695,168.723312,168.403926
6.628713,168.723312,168.406688
6.628738,168.723312,168.407638
6.628755,168.723312,168.407734
6.628782,168.723312,168.410390
6.628797,168.723312,168.412467
6.628862,168.723312,168.415094
6.628877,168.723312,168.420243
6.628920,168.723312,168.422653
6.628948,168.723312,168.428723
6.628966,168.723312,168.430006
6.628985,168.723312,168.434934
6.629000,168.723312,168.437523
6.629035,168.723312,168.439318
6.629052,168.723312,168.439773
6.629064,168.723312,168.439978
6.629082,168.723312,168.440822
6.629097,168.723312,168.440874
6.629114,168.723312,168.444534
6.629126,168.723312,168.444854
6.629141,168.723312,168.445565
6.629155,168.723312,168.446218
6.629179,168.723312,168.449664
6.629195,168.723312,168.449750
6.629216,168.723312,168.454198
6.629227,168.723312,168.459542
6.629274,168.723312,168.462099
6.629291,168.723312,168.464278
6.629304,168.723312,168.468157
6.629327,168.723312,168.469206
6.629339,168.723312,168.469629
6.629355,168.723312,168.472118
6.629404,168.723312,168.473206
6.629420,168.723312,168.481782
6.629437,168.723312,168.481824
6.629462,168.723312,168.483062
6.629494,168.723312,168.487904
6.629512,168.723312,168.490454
6.629538,168.723312,168.491712
6.629559,168.723312,168.496406
6.629589,168.723312,168.497706
6.629607,168.723312,168.500403
6.629626,168.723312,168.502486
6.629642,168.723312,168.502966
6.629670,168.723312,168.507830
6.629686,168.723312,168.511338
6.629704,168.723312,168.511574
6.629729,168.723312,168.511606
6.629752,168.723312,168.513974
6.629786,168.723312,168.516307
6.629796,168.723312,168.518678
6.629810,168.723312,168.521270
6.629833,168.723312,168.525011
6.629849,168.723312,168.533462
6.629863,168.723312,168.533706
6.629892,168.723312,168.534806
6.629934,168.723312,168.542070
6.629948,168.723312,168.543606
6.629973,168.723312,168.543808
6.630016,168.723312,168.544874
6.630032,168.723312,168.545053
6.630074,168.723312,168.561942
6.630088,168.723312,168.563366
6.630099,168.723312,168.567987
6.630114,168.723312,168.571894
6.630131,168.723312,168.573238
6.630146,168.723312,168.580438
6.630160,168.723312,168.580598
6.630255,168.723312,168.581674
6.630271,168.723312,168.585654
6.630290,168.723312,168.586749
6.630303,168.723312,168.586902
6.630328,168.723312,168.593942
6.630344,168.723312,168.594166
6.630360,168.723312,168.598998
6.630399,168.723312,168.601622
6.630415,168.723312,168.604192
6.630437,168.723312,168.605459
6.630484,168.723312,168.607635
6.630499,168.723312,168.611635
6.630546,168.723312,168.615197
6.630564,168.723312,168.620243
6.630680,168.723312,168.621334
6.630696,168.723312,168.628726
6.630714,168.723312,168.630966
6.630729,168.723312,168.632246
6.630743,168.723312,168.633440
6.630754,168.723312,168.637130
6.630767,168.723312,168.637203
6.630781,168.723312,168.638614
6.630801,168.723312,168.644755
6.630815,168.723312,168.644758
6.630830,168.723312,168.646272
6.630876,168.723312,168.646998
6.630888,168.723312,168.647114
6.630908,168.723312,168.647443
6.630922,168.723312,168.648426
6.630939,168.723312,168.650678
6.630952,168.723312,168.657117
6.630967,168.723312,168.658294
6.630982,168.723312,168.660797
6.630994,168.723312,168.660918
6.631008,168.723312,168.662902
6.631022,168.723312,168.669715
6.631044,168.723312,168.671677
6.631059,168.723312,168.675542
6.631084,168.723312,168.675798
6.631102,168.723312,168.676768
6.631117,168.723312,168.678112
6.631141,168.723312,168.680458
6.631161,168.723312,168.680470
6.631185,168.723312,168.685395
6.631202,168.723312,168.689290
6.631232,168.723312,168.691990
6.631255,168.723312,168.695389
6.631265,168.723312,168.696438
6.631279,168.723312,168.697622
6.631293,168.723312,168.706070
6.631308,168.723312,168.711446
6.631324,168.723312,168.712598
6.631348,168.723312,168.713782
6.631366,168.723312,168.714986
6.631379,168.723312,168.715040
6.631397,168.723312,168.717418
6.631407,168.723312,168.717514
6.631420,168.723312,168.719926
6.631436,168.723312,168.721565
6.631526,168.723312,168.723312
