Time,UB,LB
0.000000,310.850144,20.102432
0.000037,310.850144,26.858819
0.000081,310.850144,27.988832
0.000149,310.850144,30.109792
0.000203,310.850144,32.312256
0.000237,310.850144,34.186336
0.000286,310.850144,34.609763
0.000312,310.850144,35.398656
0.000339,310.850144,36.323363
0.000366,310.850144,37.272736
0.000462,310.850144,37.387523
0.000487,310.850144,39.101123
0.000517,310.850144,42.717798
0.000579,310.850144,43.445558
0.000602,310.850144,43.597306
0.000630,310.850144,43.972630
0.000658,310.850144,44.389987
0.000686,310.850144,45.288166
0.000724,310.850144,45.808474
0.000751,310.850144,46.562746
0.000775,310.850144,46.646445
0.000821,310.850144,46.733146
0.000851,310.850144,47.229430
0.000874,310.850144,47.300986
0.000897,310.850144,47.471386
0.000925,310.850144,47.609158
0.000992,310.850144,47.752822
0.001019,310.850144,48.152890
0.001051,310.850144,48.589942
0.001081,310.850144,48.602230
0.001106,310.850144,48.876272
0.001129,310.850144,50.436826
0.001156,310.850144,50.719542
0.001186,310.850144,50.975024
0.001238,310.850144,51.421942
0.001287,310.850144,51.641846
0.001334,310.850144,51.736822
0.001355,310.850144,51.808474
0.001400,310.850144,52.133072
0.001423,310.850144,52.167670
0.001449,310.850144,52.293622
0.001485,310.850144,53.505872
0.001515,310.850144,53.540470
0.001540,310.850144,53.710870
0.001568,310.850144,55.083670
0.001591,310.850144,55.345526
0.001612,310.850144,56.051542
0.001640,310.850144,56.083664
0.001683,310.850144,56.097274
0.001706,310.850144,56.117798
0.001744,310.850144,56.325584
0.001766,310.850144,56.407923
0.001800,310.850144,56.709158
0.001834,310.850144,56.752464
0.001856,310.850144,56.797270
0.001887,310.850144,56.809558
0.001912,310.850144,56.997264
0.001942,310.850144,57.057718
0.001962,310.850144,57.071312
0.001990,310.850144,57.456464
0.002018,310.850144,57.699283
0.002070,310.850144,58.125203
0.002097,310.850144,58.130131
0.002118,310.850144,58.167674
0.002149,310.850144,58.170070
0.002174,310.850144,58.331555
0.002205,310.850144,58.340470
0.002240,310.850144,58.369690
0.002275,310.850144,58.394323
0.002314,310.850144,58.614512
0.002336,310.850144,58.825584
0.002365,310.850144,58.831750
0.002396,310.850144,58.881062
0.002418,310.850144,58.986970
0.002454,310.850144,59.099389
0.002477,310.850144,59.602230
0.002495,310.850144,59.713270
0.002515,310.850144,59.725558
0.002534,310.850144,59.800954
0.002554,310.850144,59.894419
0.002575,310.850144,59.899283
0.002606,310.850144,59.999322
0.002664,310.850144,60.067606
0.002685,310.850144,60.232982
0.002712,310.850144,60.581200
0.002736,310.850144,60.732902
0.002761,310.850144,60.955184
0.002788,310.850144,61.009158
0.002822,310.850144,61.626864
0.002847,310.850144,61.700912
0.002876,310.850144,61.919446
0.002907,310.850144,62.004221
0.002939,310.850144,62.082384
0.002964,310.850144,62.365078
0.002985,310.850144,62.449882
0.003014,310.850144,62.712851
0.003034,310.850144,62.983606
0.003053,310.850144,63.044986
0.003073,310.850144,63.278710
0.003096,310.850144,63.372422
0.003119,310.850144,63.425203
0.003145,310.850144,63.455184
0.003168,310.850144,63.512851
0.003191,310.850144,63.597274
0.003214,310.850144,63.849142
0.003239,310.850144,63.895539
0.003264,310.850144,64.125203
0.003312,310.850144,64.130131
0.003336,310.850144,64.139110
0.003366,310.850144,64.387270
0.003406,310.850144,64.419059
0.003439,310.850144,64.436582
0.003460,310.850144,64.491859
0.003489,310.850144,64.505872
0.003511,310.850144,64.660182
0.003537,310.850144,64.763958
0.003566,310.850144,64.835446
0.003589,310.850144,64.884758
0.003616,310.850144,65.281078
0.003639,310.850144,65.326470
0.003755,310.850144,65.417779
0.003809,310.850144,65.747830
0.003872,310.850144,65.863504
0.003900,310.850144,66.020630
0.003929,310.850144,66.032982
0.003954,310.850144,66.057744
0.003983,310.850144,66.200496
0.004015,310.850144,66.209181
0.004048,310.850144,66.288422
0.004068,310.850144,66.469616
0.004090,310.850144,66.683206
0.004117,310.850144,67.020624
0.004165,310.850144,67.055110
0.004188,310.850144,67.120630
0.004214,310.850144,67.363517
0.004253,310.850144,67.397158
0.004277,310.850144,67.474966
0.004301,310.850144,67.630131
0.004326,310.850144,67.686931
0.004351,310.850144,67.752381
0.004373,310.850144,68.085712
0.004410,310.850144,68.095571
0.004449,310.850144,68.235472
0.004481,310.850144,68.290966
0.004508,310.850144,68.299674
0.004535,310.850144,68.393424
0.004570,310.850144,68.539126
0.004596,310.850144,68.563824
0.004642,310.850144,68.712851
0.004696,310.850144,68.960970
0.004744,310.850144,69.125274
0.004767,310.850144,69.126874
0.004789,310.850144,69.133072
0.004811,310.850144,69.170070
0.004844,310.850144,69.248998
0.004868,310.850144,69.277430
0.004919,310.850144,69.289782
0.004946,310.850144,69.298310
0.004997,310.850144,69.342451
0.005025,310.850144,69.470032
0.005058,310.850144,69.551472
0.005090,310.850144,69.563824
0.005117,310.850144,69.611571
0.005147,310.850144,69.694630
0.005171,310.850144,69.891869
0.005201,310.850144,69.936624
0.005243,310.850144,70.116982
0.005272,310.850144,70.142806
0.005299,310.850144,70.313158
0.005322,310.850144,70.326874
0.005349,310.850144,70.377430
0.005420,310.850144,70.390685
0.005458,310.850144,70.390966
0.005482,310.850144,70.440278
0.005507,310.850144,70.505872
0.005536,310.850144,70.610352
0.005576,310.850144,70.650230
0.005609,310.850144,70.651472
0.005640,310.850144,70.652784
0.005688,310.850144,70.662582
0.005715,310.850144,70.668474
0.005744,310.850144,70.713270
0.005779,310.850144,70.817789
0.005806,310.850144,70.924272
0.005837,310.850144,70.936624
0.005862,310.850144,70.990685
0.005898,310.850144,71.121450
0.005927,310.850144,71.206966
0.005954,310.850144,71.227632
0.005986,310.850144,71.377082
0.006042,310.850144,71.466422
0.006071,310.850144,71.489782
0.006101,310.850144,71.750230
0.006129,310.850144,71.893034
0.006163,310.850144,71.916605
0.006190,310.850144,72.024272
0.006220,310.850144,72.025584
0.006254,310.850144,72.164998
0.006293,310.850144,72.214310
0.006326,310.850144,72.239984
0.006458,310.850144,72.497274
0.006483,310.850144,72.610630
0.006505,310.850144,72.751088
0.006541,310.850144,72.755898
0.006571,310.850144,72.820064
0.006600,310.850144,72.877488
0.006628,310.850144,72.931344
0.006703,310.850144,72.952678
0.006729,310.850144,73.058806
0.006756,310.850144,73.126470
0.006799,310.850144,73.184394
0.006844,310.850144,73.342448
0.006887,310.850144,73.390685
0.006927,310.850144,73.395590
0.006962,310.850144,73.400854
0.006990,310.850144,73.512022
0.007020,310.850144,73.531344
0.007055,310.850144,73.593117
0.007086,310.850144,73.635037
0.007119,310.850144,73.638813
0.007148,310.850144,73.799251
0.007210,310.850144,73.800464
0.007234,310.850144,73.846486
0.007264,310.850144,73.907933
0.007293,310.850144,73.926470
0.007360,310.850144,73.992208
0.007429,310.850144,74.017757
0.007474,310.850144,74.073712
0.007501,310.850144,74.180797
0.007526,310.850144,74.181072
0.007556,310.850144,74.193424
0.007581,310.850144,74.215670
0.007612,310.850144,74.247389
0.007732,310.850144,74.316605
0.007764,310.850144,74.516509
0.007791,310.850144,74.621427
0.007830,310.850144,74.639174
0.007861,310.850144,74.746582
0.007907,310.850144,74.758493
0.007934,310.850144,74.763421
0.007961,310.850144,74.804518
0.007989,310.850144,74.853830
0.008020,310.850144,74.872157
0.008047,310.850144,74.884822
0.008078,310.850144,74.920179
0.008111,310.850144,75.020624
0.008143,310.850144,75.091869
0.008187,310.850144,75.106717
0.008215,310.850144,75.126874
0.008242,310.850144,75.159997
0.008277,310.850144,75.169619
0.008309,310.850144,75.178237
0.008340,310.850144,75.252541
0.008402,310.850144,75.281072
0.008434,310.850144,75.315670
0.008470,310.850144,75.342451
0.008602,310.850144,75.384394
0.008638,310.850144,75.426461
0.008669,310.850144,75.473277
0.008696,310.850144,75.512784
0.008734,310.850144,75.517798
0.008840,310.850144,75.553872
0.008871,310.850144,75.560957
0.008900,310.850144,75.566224
0.008927,310.850144,75.584816
0.008962,310.850144,75.588470
0.008998,310.850144,75.616912
0.009029,310.850144,75.620518
0.009059,310.850144,75.621798
0.009087,310.850144,75.698326
0.009118,310.850144,75.707024
0.009150,310.850144,75.758870
0.009189,310.850144,75.798077
0.009216,310.850144,75.866288
0.009305,310.850144,75.868678
0.009456,310.850144,76.119382
0.009493,310.850144,76.316854
0.009522,310.850144,76.320154
0.009566,310.850144,76.370064
0.009592,310.850144,76.393424
0.009622,310.850144,76.463504
0.009658,310.850144,76.473331
0.009734,310.850144,76.478678
0.009762,310.850144,76.512022
0.009794,310.850144,76.560979
0.009832,310.850144,76.577011
0.009861,310.850144,76.581168
0.009893,310.850144,76.610333
0.009922,310.850144,76.653872
0.009948,310.850144,76.665110
0.009984,310.850144,76.688470
0.010084,310.850144,76.712893
0.010135,310.850144,76.732624
0.010158,310.850144,76.762486
0.010184,310.850144,76.858870
0.010217,310.850144,76.912851
0.010249,310.850144,76.926470
0.010293,310.850144,77.017712
0.010328,310.850144,77.026384
0.010360,310.850144,77.091869
0.010417,310.850144,77.107837
0.010446,310.850144,77.124304
0.010481,310.850144,77.130173
0.010510,310.850144,77.131670
0.010547,310.850144,77.173331
0.010575,310.850144,77.178259
0.010602,310.850144,77.195590
0.010636,310.850144,77.238698
0.010665,310.850144,77.399293
0.010693,310.850144,77.472358
0.010725,310.850144,77.504144
0.010762,310.850144,77.507088
0.010785,310.850144,77.512893
0.010814,310.850144,77.525168
0.010859,310.850144,77.555174
0.010891,310.850144,77.559677
0.010920,310.850144,77.630064
0.011079,310.850144,77.634992
0.011110,310.850144,77.642448
0.011150,310.850144,77.652202
0.011184,310.850144,77.720518
0.011209,310.850144,77.769830
0.011242,310.850144,77.803382
0.011290,310.850144,77.812851
0.011322,310.850144,77.884822
0.011355,310.850144,78.017789
0.011400,310.850144,78.120630
0.011432,310.850144,78.131664
0.011494,310.850144,78.141622
0.011529,310.850144,78.191878
0.011574,310.850144,78.220189
0.011606,310.850144,78.225168
0.011641,310.850144,78.231670
0.011682,310.850144,78.265926
0.011725,310.850144,78.312816
0.011783,310.850144,78.315344
0.011825,310.850144,78.337974
0.011863,310.850144,78.352304
0.011903,310.850144,78.375754
0.012019,310.850144,78.415664
0.012054,310.850144,78.456051
0.012090,310.850144,78.536518
0.012119,310.850144,78.541235
0.012153,310.850144,78.584464
0.012189,310.850144,78.600442
0.012247,310.850144,78.614326
0.012275,310.850144,78.652541
0.012305,310.850144,78.700912
0.012341,310.850144,78.710710
0.012433,310.850144,78.845270
0.012476,310.850144,78.873258
0.012508,310.850144,78.930096
0.012540,310.850144,78.935037
0.012580,310.850144,78.975837
0.012630,310.850144,78.995507
0.012661,310.850144,79.004144
0.012703,310.850144,79.006704
0.012741,310.850144,79.119312
0.012782,310.850144,79.146109
0.012813,310.850144,79.151088
0.012846,310.850144,79.160976
0.012881,310.850144,79.228819
0.012944,310.850144,79.275824
0.012975,310.850144,79.288506
0.013007,310.850144,79.325098
0.013039,310.850144,79.346141
0.013069,310.850144,79.404221
0.013101,310.850144,79.504464
0.013139,310.850144,79.514422
0.013171,310.850144,79.593117
0.013204,310.850144,79.638813
0.013338,310.850144,79.650224
0.013368,310.850144,79.788464
0.013408,310.850144,79.819174
0.013436,310.850144,79.823923
0.013469,310.850144,79.827546
0.013508,310.850144,79.945270
0.013543,310.850144,80.073712
0.013604,310.850144,80.082384
0.013636,310.850144,80.083510
0.013673,310.850144,80.148902
0.013710,310.850144,80.218070
0.013746,310.850144,80.219312
0.013781,310.850144,80.235050
0.013819,310.850144,80.244112
0.013854,310.850144,80.247389
0.014087,310.850144,80.281110
0.014129,310.850144,80.330141
0.014160,310.850144,80.357469
0.014188,310.850144,80.388358
0.014217,310.850144,80.388470
0.014259,310.850144,80.409158
0.014333,310.850144,80.492112
0.014364,310.850144,80.531760
0.014401,310.850144,80.625200
0.014425,310.850144,80.630067
0.014454,310.850144,80.662512
0.014491,310.850144,80.715517
0.014521,310.850144,80.730406
0.014550,310.850144,80.749843
0.014579,310.850144,80.751123
0.014612,310.850144,80.772019
0.014672,310.850144,80.809181
0.014717,310.850144,80.839984
0.014765,310.850144,80.884742
0.014799,310.850144,80.937942
0.014834,310.850144,80.988240
0.014870,310.850144,80.997264
0.014897,310.850144,80.999664
0.014924,310.850144,81.023024
0.014972,310.850144,81.034262
0.015010,310.850144,81.074822
0.015045,310.850144,81.091878
0.015082,310.850144,81.108342
0.015123,310.850144,81.141622
0.015168,310.850144,81.143699
0.015232,310.850144,81.155987
0.015269,310.850144,81.176038
0.015295,310.850144,81.195958
0.015326,310.850144,81.207859
0.015355,310.850144,81.228022
0.015399,310.850144,81.253597
0.015431,310.850144,81.268784
0.015456,310.850144,81.294710
0.015491,310.850144,81.303005
0.015520,310.850144,81.315706
0.015549,310.850144,81.318070
0.015576,310.850144,81.351123
0.015610,310.850144,81.367123
0.015641,310.850144,81.415664
0.015673,310.850144,81.426461
0.015703,310.850144,81.455184
0.015730,310.850144,81.488470
0.015762,310.850144,81.495571
0.015793,310.850144,81.522717
0.015826,310.850144,81.531344
0.015874,310.850144,81.563830
0.015903,310.850144,81.600432
0.015938,310.850144,81.613200
0.015966,310.850144,81.616912
0.015998,310.850144,81.624214
0.016030,310.850144,81.633747
0.016062,310.850144,81.636317
0.016092,310.850144,81.641437
0.016120,310.850144,81.642442
0.016150,310.850144,81.657718
0.016176,310.850144,81.659878
0.016213,310.850144,80.827984
0.016239,310.850144,81.677245
0.016267,310.850144,81.710710
0.016304,310.850144,81.760979
0.016336,310.850144,81.761270
0.016375,310.850144,81.762512
0.016421,310.850144,81.766320
0.016456,310.850144,81.811878
0.016491,310.850144,81.872374
0.016523,310.850144,81.905437
0.016557,310.850144,81.936624
0.016588,310.850144,81.983430
0.016627,310.850144,82.029062
0.016658,310.850144,82.042298
0.016692,310.850144,82.117757
0.016737,310.850144,82.140406
0.016773,310.850144,82.181981
0.016810,310.850144,82.193075
0.016841,310.850144,82.196682
0.016880,310.850144,82.217712
0.016914,310.850144,82.228925
0.016944,310.850144,82.234013
0.016978,310.850144,82.293043
0.017012,310.850144,82.294470
0.017049,310.850144,82.370064
0.017078,310.850144,82.388157
0.017121,310.850144,82.395530
0.017160,310.850144,82.438813
0.017203,310.850144,82.443635
0.017243,310.850144,82.514422
0.017279,310.850144,82.532912
0.017320,310.850144,82.559667
0.017356,310.850144,82.577462
0.017415,310.850144,82.585798
0.017458,310.850144,81.753904
0.017487,310.850144,82.591869
0.017524,310.850144,82.600822
0.017560,310.850144,82.703414
0.017603,310.850144,82.788464
0.017639,310.850144,82.790547
0.017678,310.850144,82.846512
0.017715,310.850144,82.861270
0.017748,310.850144,83.027878
0.017781,310.850144,83.038771
0.017823,310.850144,83.045264
0.017861,310.850144,83.073235
0.017936,310.850144,83.079862
0.017980,310.850144,83.083510
0.018019,310.850144,83.130173
0.018213,310.850144,83.138813
0.018286,310.850144,83.181981
0.018331,310.850144,83.188432
0.018371,310.850144,83.217715
0.018456,310.850144,83.235037
0.018498,310.850144,83.242387
0.018535,310.850144,83.282358
0.018580,310.850144,83.320064
0.018654,310.850144,83.340310
0.018711,310.850144,83.365706
0.018797,310.850144,83.368339
0.018836,310.850144,83.400509
0.018878,310.850144,83.487350
0.018915,310.850144,83.531344
0.018974,310.850144,83.586074
0.019014,310.850144,83.588144
0.019060,310.850144,83.614352
0.019102,310.850144,83.617990
0.019148,310.850144,83.646406
0.019178,310.850144,83.691827
0.019214,310.850144,83.744112
0.019259,310.850144,83.748912
0.019301,310.850144,83.751123
0.019345,310.850144,83.284742
0.019393,310.850144,83.800464
0.019436,310.850144,83.802922
0.019476,310.850144,83.880902
0.019510,310.850144,83.917798
0.019554,310.850144,83.919056
0.019601,310.850144,83.932790
0.019644,310.850144,83.947325
0.019682,310.850144,83.970864
0.019721,310.850144,84.033821
0.019756,310.850144,84.091869
0.019801,310.850144,80.842768
0.019835,310.850144,84.092038
0.019867,310.850144,84.128883
0.019899,310.850144,84.186106
0.019939,310.850144,84.188176
0.019982,310.850144,84.201910
0.020019,310.850144,84.202032
0.020054,310.850144,84.204253
0.020091,310.850144,84.208061
0.020125,310.850144,84.235440
0.020165,310.850144,84.243984
0.020206,310.850144,84.247389
0.020244,310.850144,84.285875
0.020281,310.850144,84.295536
0.020334,310.850144,84.326429
0.020376,310.850144,84.418064
0.020414,310.850144,84.452662
0.020458,310.850144,84.506813
0.020503,310.850144,84.516509
0.020540,310.850144,84.540214
0.020574,310.850144,84.558426
0.020621,310.850144,84.563824
0.020665,310.850144,84.573210
0.020704,310.850144,84.617798
0.020784,310.850144,84.623062
0.020826,310.850144,84.627910
0.020863,310.850144,84.628947
0.020898,310.850144,84.635088
0.020951,310.850144,84.641622
0.020993,310.850144,84.713110
0.021031,310.850144,84.812022
0.021075,310.850144,84.830035
0.021117,310.850144,84.848912
0.021152,310.850144,84.912816
0.021192,310.850144,84.922717
0.021236,310.850144,84.928950
0.021281,310.850144,84.974442
0.021315,310.850144,84.987069
0.021358,310.850144,85.017789
0.021488,310.850144,81.768688
0.021548,310.850144,85.023955
0.021585,310.850144,85.033821
0.021622,310.850144,85.062224
0.021672,310.850144,85.131344
0.021722,310.850144,85.133981
0.021757,310.850144,85.147430
0.021788,310.850144,85.161360
0.021827,310.850144,85.184752
0.021870,310.850144,85.215632
0.021909,310.850144,85.291827
0.021947,310.850144,84.825446
0.021977,310.850144,85.292112
0.022020,310.850144,85.310672
0.022056,310.850144,85.319056
0.022146,310.850144,84.134064
0.022178,310.850144,85.326710
0.022225,310.850144,85.344912
0.022262,310.850144,85.417712
0.022296,310.850144,85.435088
0.022349,310.850144,85.480752
0.022399,310.850144,85.514064
0.022441,310.850144,85.514342
0.022484,310.850144,85.546470
0.022524,310.850144,85.626864
0.022592,310.850144,85.672285
0.022631,310.850144,85.693382
0.022670,310.850144,85.709181
0.022712,310.850144,85.710397
0.022862,310.850144,85.754992
0.022901,310.850144,85.774426
0.022941,310.850144,85.804253
0.022987,310.850144,85.848637
0.023020,310.850144,85.857622
0.023063,310.850144,85.874790
0.023108,310.850144,85.884822
0.023154,310.850144,85.906790
0.023200,310.850144,85.936624
0.023317,310.850144,85.937904
0.023354,310.850144,85.943878
0.023402,310.850144,85.962224
0.023485,310.850144,85.984637
0.023528,310.850144,85.995862
0.023643,310.850144,86.012851
0.023732,310.850144,86.045264
0.023773,310.850144,86.046518
0.023820,310.850144,86.055898
0.023879,310.850144,86.071270
0.023917,310.850144,86.079862
0.023960,310.850144,86.082198
0.024007,310.850144,86.083430
0.024072,310.850144,86.093117
0.024158,310.850144,86.103110
0.024199,310.850144,86.122803
0.024245,310.850144,86.131664
0.024557,310.850144,86.195952
0.024612,310.850144,86.201766
0.024653,310.850144,86.207770
0.024740,310.850144,86.221370
0.024791,310.850144,86.232950
0.024835,310.850144,86.247830
0.024873,310.850144,86.262470
0.024914,310.850144,86.265914
0.024960,310.850144,86.285926
0.024997,310.850144,86.315315
0.025049,310.850144,86.326461
0.025092,310.850144,86.340310
0.025138,310.850144,86.403350
0.025192,310.850144,86.406672
0.025229,310.850144,86.410266
0.025263,310.850144,86.426710
0.025305,310.850144,86.440262
0.025347,310.850144,86.486928
0.025399,310.850144,86.520422
0.025436,310.850144,86.528883
0.025473,310.850144,86.062502
0.025504,310.850144,86.562214
0.025540,310.850144,86.567430
0.025624,310.850144,86.614352
0.025669,310.850144,86.617747
0.025711,310.850144,86.619302
0.025750,310.850144,86.684637
0.025844,310.850144,86.699219
0.025972,310.850144,86.699510
0.026018,310.850144,86.722682
0.026068,310.850144,86.734992
0.026114,310.850144,86.788112
0.026158,310.850144,86.838909
0.026193,310.850144,86.857274
0.026245,310.850144,86.865926
0.026309,310.850144,86.881939
0.026351,310.850144,86.935078
0.026423,310.850144,86.938899
0.026471,310.850144,86.965078
0.026513,310.850144,86.967430
0.026618,310.850144,86.979504
0.026669,310.850144,86.986106
0.026711,310.850144,86.991802
0.026753,310.850144,86.999270
0.026788,310.850144,86.999664
0.026861,310.850144,87.008118
0.026897,310.850144,87.068477
0.026938,310.850144,87.100886
0.026976,310.850144,87.119382
0.027031,310.850144,87.162512
0.027068,310.850144,87.179734
0.027106,310.850144,87.189427
0.027147,310.850144,87.200710
0.027193,310.850144,87.206813
0.027234,310.850144,87.207062
0.027282,310.850144,87.230422
0.027419,310.850144,87.253597
0.027519,310.850144,87.291856
0.027579,310.850144,87.292070
0.027624,310.850144,87.388502
0.027675,310.850144,87.417747
0.027713,310.850144,87.418064
0.027749,310.850144,87.426630
0.027791,310.850144,87.452662
0.027832,310.850144,87.476182
0.027875,310.850144,87.480982
0.027925,310.850144,87.481104
0.027960,310.850144,87.483187
0.028008,310.850144,87.488528
0.028040,310.850144,87.500784
0.028084,310.850144,87.504464
0.028162,310.850144,87.520413
0.028210,310.850144,87.556051
0.028302,310.850144,87.562269
0.028407,310.850144,87.603206
0.028445,310.850144,87.620630
0.028489,310.850144,87.621574
0.028589,310.850144,87.623062
0.028633,310.850144,87.636317
0.028720,310.850144,87.669661
0.028758,310.850144,87.677245
0.028799,310.850144,87.683162
0.028844,310.850144,87.695750
0.028888,310.850144,87.709462
0.028936,310.850144,87.710355
0.028987,310.850144,87.713110
0.029028,310.850144,87.717990
0.029069,310.850144,87.719446
0.029144,310.850144,87.764918
0.029202,310.850144,87.776150
0.029249,310.850144,87.783238
0.029295,310.850144,87.788240
0.029348,310.850144,87.795830
0.029416,310.850144,87.849990
0.029463,310.850144,87.856230
0.029504,310.850144,87.890694
0.029603,310.850144,87.891856
0.029657,310.850144,87.931347
0.029708,310.850144,87.936624
0.029790,310.850144,87.972122
0.029839,310.850144,87.972422
0.029891,310.850144,87.983504
0.029941,310.850144,87.994397
0.029984,310.850144,88.005392
0.030037,310.850144,88.032758
0.030077,310.850144,88.057360
0.030123,310.850144,88.082086
0.030175,310.850144,86.550192
0.030211,310.850144,88.121661
0.030247,310.850144,88.158685
0.030286,310.850144,88.184330
0.030336,310.850144,88.191846
0.030375,310.850144,88.235037
0.030482,310.850144,88.273318
0.030520,310.850144,88.278550
0.030571,310.850144,88.307754
0.030618,310.850144,88.307920
0.030663,310.850144,88.327635
0.030701,310.850144,88.327910
0.030742,310.850144,88.342870
0.030777,310.850144,88.385642
0.030822,310.850144,88.400381
0.030867,310.850144,88.404198
0.030905,310.850144,88.419005
0.030956,310.850144,88.425469
0.031000,310.850144,88.427805
0.031039,310.850144,88.435088
0.031100,310.850144,88.515315
0.031147,310.850144,88.521702
0.031189,310.850144,88.527450
0.031249,310.850144,88.572019
0.031308,310.850144,88.617757
0.031392,310.850144,88.620624
0.031449,310.850144,88.631347
0.031488,310.850144,88.638790
0.031526,310.850144,88.683238
0.031626,310.850144,88.716982
0.031675,310.850144,88.717766
0.031715,310.850144,88.725043
0.031769,310.850144,88.732637
0.031837,310.850144,88.742630
0.031886,310.850144,88.747613
0.031932,310.850144,88.762614
0.031983,310.850144,88.764691
0.032093,310.850144,88.807923
0.032150,310.850144,88.814259
0.032192,310.850144,88.817776
0.032239,310.850144,88.839088
0.032286,310.850144,88.899280
0.032400,310.850144,88.899344
0.032448,310.850144,88.906630
0.032489,310.850144,88.908182
0.032538,310.850144,88.915475
0.032584,310.850144,88.926630
0.032623,310.850144,88.953766
0.032666,310.850144,88.987270
0.032706,310.850144,88.994314
0.032761,310.850144,88.995862
0.032813,310.850144,89.008006
0.032865,310.850144,87.476112
0.032901,310.850144,89.011677
0.032949,310.850144,89.012755
0.032996,310.850144,89.030230
0.033043,310.850144,89.042419
0.033126,310.850144,89.073235
0.033169,310.850144,89.082262
0.033215,310.850144,89.116541
0.033258,310.850144,89.119056
0.033320,310.850144,89.143869
0.033363,310.850144,89.149917
0.033418,310.850144,89.154845
0.033459,310.850144,89.168464
0.033517,310.850144,89.196682
0.033566,310.850144,85.117843
0.033602,310.850144,89.201926
0.033636,310.850144,89.221718
0.033680,310.850144,89.235037
0.033723,310.850144,89.252662
0.033770,310.850144,89.257267
0.033823,310.850144,89.257510
0.033869,310.850144,89.258547
0.033913,310.850144,89.283229
0.033959,310.850144,89.288166
0.034008,310.850144,89.330118
0.034047,310.850144,89.338739
0.034101,310.850144,89.344925
0.034154,310.850144,89.349917
0.034194,310.850144,89.361158
0.034241,310.850144,89.392246
0.034278,310.850144,89.395814
0.034322,310.850144,89.405437
0.034364,310.850144,89.420592
0.034418,310.850144,89.426387
0.034469,310.850144,89.474515
0.034519,310.850144,89.510365
0.034571,310.850144,89.514278
0.034624,310.850144,89.526704
0.034666,310.850144,89.535027
0.034712,310.850144,89.578470
0.034754,310.850144,89.586941
0.034794,310.850144,89.684464
0.034846,310.850144,89.737395
0.034895,310.850144,86.153629
0.034931,310.850144,89.740221
0.034973,310.850144,89.774442
0.035009,310.850144,89.782013
0.035052,310.850144,89.811952
0.035102,310.850144,89.814352
0.035139,310.850144,89.818899
0.035179,310.850144,89.821750
0.035225,310.850144,89.823962
0.035259,310.850144,89.879504
0.035297,310.850144,89.881078
0.035334,310.850144,89.883430
0.035373,310.850144,89.905446
0.035422,310.850144,89.917821
0.035459,310.850144,89.921501
0.035498,310.850144,89.937597
0.035541,310.850144,89.951366
0.035581,310.850144,89.956310
0.035624,310.850144,89.957267
0.035698,310.850144,89.997174
0.035742,310.850144,89.999251
0.035783,310.850144,90.032982
0.035823,310.850144,90.038739
0.035857,310.850144,90.043686
0.035893,310.850144,90.083472
0.035931,310.850144,90.089782
0.035968,310.850144,90.095734
0.036006,310.850144,90.099283
0.036060,310.850144,90.119069
0.036106,310.850144,90.125158
0.036143,310.850144,90.131485
0.036182,310.850144,90.144944
0.036235,310.850144,90.177181
0.036275,310.850144,90.183430
0.036316,310.850144,90.201766
0.036374,310.850144,90.225213
0.036476,310.850144,90.227910
0.036535,310.850144,90.230352
0.036589,310.850144,90.247389
0.036807,310.850144,90.250954
0.036856,310.850144,90.252221
0.036905,310.850144,90.254966
0.036954,310.850144,90.286928
0.037001,310.850144,90.288147
0.037046,310.850144,90.291856
0.037105,310.850144,90.299130
0.037155,310.850144,90.315325
0.037201,310.850144,90.320253
0.037249,310.850144,90.383478
0.037303,310.850144,90.430064
0.037469,310.850144,90.431398
0.037663,310.850144,90.442461
0.037708,310.850144,90.451114
0.037759,310.850144,90.451382
0.037807,310.850144,90.477328
0.037855,310.850144,90.483187
0.037900,310.850144,90.490630
0.037940,310.850144,90.495558
0.037982,310.850144,90.506813
0.038041,310.850144,90.512861
0.038087,310.850144,90.517757
0.038139,310.850144,90.522717
0.038200,310.850144,86.917958
0.038241,310.850144,90.541210
0.038291,310.850144,90.565104
0.038356,310.850144,90.567504
0.038412,310.850144,90.569587
0.038466,310.850144,90.578365
0.038521,310.850144,90.610384
0.038562,310.850144,90.610397
0.038660,310.850144,90.623952
0.038745,310.850144,90.625462
0.038792,310.850144,90.663440
0.038842,310.850144,90.672051
0.038890,310.850144,90.697843
0.038984,310.850144,90.701610
0.039036,310.850144,90.702874
0.039085,310.850144,90.706832
0.039131,310.850144,90.709462
0.039183,310.850144,90.713030
0.039231,310.850144,90.752403
0.039288,310.850144,90.761264
0.039333,310.850144,90.815219
0.039415,310.850144,90.816902
0.039470,310.850144,90.825552
0.039563,310.850144,90.832790
0.039616,310.850144,90.836624
0.039666,310.850144,90.844944
0.039714,310.850144,90.877430
0.039857,310.850144,90.888422
0.039911,310.850144,90.892070
0.039959,310.850144,90.925203
0.040012,310.850144,90.938643
0.040064,310.850144,90.950160
0.040122,310.850144,90.952202
0.040186,310.850144,90.968477
0.040242,310.850144,90.983504
0.040292,310.850144,91.015210
0.040340,310.850144,91.039994
0.040410,310.850144,91.053629
0.040521,310.850144,91.056310
0.040566,310.850144,91.066141
0.040615,310.850144,91.101910
0.040664,310.850144,91.119056
0.040790,310.850144,91.142778
0.040841,310.850144,91.151472
0.040885,310.850144,91.157274
0.040928,310.850144,91.162224
0.041112,310.850144,91.164918
0.041167,310.850144,91.173235
0.041221,310.850144,91.184752
0.041281,310.850144,91.193424
0.041399,310.850144,91.212998
0.041446,310.850144,91.217776
0.041497,310.850144,91.233661
0.041544,310.850144,91.241232
0.041592,310.850144,91.241245
0.041636,310.850144,91.256198
0.041683,310.850144,91.278550
0.041738,310.850144,91.280918
0.041796,310.850144,91.284694
0.041853,310.850144,91.309181
0.041906,310.850144,91.325171
0.041997,310.850144,91.329110
0.042054,310.850144,91.341469
0.042097,310.850144,91.366118
0.042182,310.850144,91.379494
0.042229,310.850144,91.388176
0.042294,310.850144,91.390902
0.042352,310.850144,91.410390
0.042517,310.850144,91.421478
0.042584,310.850144,91.430310
0.042793,310.850144,91.437702
0.042854,310.850144,91.448637
0.042901,310.850144,87.843878
0.042943,310.850144,91.478646
0.043008,310.850144,91.485725
0.043063,310.850144,91.526397
0.043113,310.850144,91.530173
0.043168,310.850144,91.540157
0.043216,310.850144,91.553814
0.043267,310.850144,91.579549
0.043322,310.850144,91.589235
0.043462,310.850144,88.005469
0.043514,310.850144,91.594608
0.043566,310.850144,91.638950
0.043617,310.850144,91.639984
0.043930,310.850144,91.667197
0.043988,310.850144,91.670867
0.044043,310.850144,91.684678
0.044094,310.850144,91.693235
0.044132,310.850144,91.739994
0.044179,310.850144,91.740016
0.044297,310.850144,91.770864
0.044349,310.850144,91.800509
0.044417,310.850144,91.809107
0.044464,310.850144,91.813939
0.044524,310.850144,91.817990
0.044573,310.850144,91.819027
0.044629,310.850144,91.827642
0.044690,310.850144,91.862224
0.044739,310.850144,91.867130
0.044793,310.850144,91.869766
0.044841,310.850144,91.890579
0.044887,310.850144,91.915664
0.044937,310.850144,91.926461
0.044986,310.850144,91.931357
0.045036,310.850144,91.933690
0.045088,310.850144,91.936179
0.045134,310.850144,91.937904
0.045176,310.850144,91.962310
0.045227,310.850144,91.974442
0.045273,310.850144,87.895603
0.045311,310.850144,92.006726
0.045355,310.850144,92.014256
0.045413,310.850144,92.017642
0.045465,310.850144,92.018038
0.045518,310.850144,92.020624
0.045567,310.850144,92.028819
0.045620,310.850144,92.036307
0.045662,310.850144,92.082262
0.045707,310.850144,92.083059
0.045758,310.850144,92.106806
0.045805,310.850144,92.108304
0.045852,310.850144,92.115590
0.045899,310.850144,92.117747
0.045956,310.850144,92.118010
0.046003,310.850144,92.119056
0.046078,310.850144,92.145302
0.046133,310.850144,92.153597
0.046252,310.850144,92.173574
0.046562,310.850144,92.212848
0.046621,310.850144,92.230173
0.046710,310.850144,92.240157
0.046758,310.850144,92.243645
0.046806,310.850144,92.247354
0.046863,310.850144,92.250230
0.046959,310.850144,92.252662
0.047005,310.850144,92.256051
0.047088,310.850144,92.274426
0.047135,310.850144,92.279549
0.047219,310.850144,92.284477
0.047261,310.850144,92.299283
0.047318,310.850144,92.303222
0.047372,310.850144,92.334086
0.047427,310.850144,92.356304
0.047470,310.850144,92.388176
0.047542,310.850144,92.402864
0.047597,310.850144,92.411677
0.047645,310.850144,92.428861
0.047693,310.850144,92.439024
0.047745,310.850144,92.444922
0.047792,310.850144,92.446310
0.047839,310.850144,92.466077
0.047885,310.850144,92.466294
0.047941,310.850144,92.472253
0.047992,310.850144,92.482003
0.048038,310.850144,92.522758
0.048248,310.850144,92.522950
0.048349,310.850144,92.523914
0.048454,310.850144,92.526704
0.048510,310.850144,92.527635
0.048562,310.850144,92.536179
0.048615,310.850144,92.542768
0.048673,310.850144,92.549917
0.048728,310.850144,92.552195
0.048781,310.850144,92.603206
0.048828,310.850144,92.613104
0.048882,310.850144,92.665914
0.048977,310.850144,92.665936
0.049081,310.850144,92.677174
0.049131,310.850144,92.679517
0.049191,310.850144,92.684678
0.049241,310.850144,92.694234
0.049295,310.850144,92.694470
0.049340,310.850144,92.705446
0.049415,310.850144,92.729126
0.049462,310.850144,92.751261
0.049510,310.850144,92.753533
0.049564,310.850144,92.778237
0.049612,310.850144,92.788144
0.049672,310.850144,92.810352
0.049742,310.850144,92.820317
0.049800,310.850144,92.821750
0.049857,310.850144,92.846422
0.049920,310.850144,92.847549
0.049974,310.850144,92.857277
0.050022,310.850144,92.908150
0.050076,310.850144,92.921312
0.050133,310.850144,92.932765
0.050189,310.850144,92.958672
0.050239,310.850144,92.963354
0.050312,310.850144,92.999082
0.050365,310.850144,93.006653
0.050428,310.850144,93.025462
0.050483,310.850144,93.035037
0.050584,310.850144,93.036115
0.050653,310.850144,93.041510
0.050693,310.850144,93.047357
0.050743,310.850144,93.058726
0.050792,310.850144,93.109104
0.050842,310.850144,93.112682
0.050894,310.850144,93.120243
0.050939,310.850144,93.124272
0.050997,310.850144,93.135037
0.051061,310.850144,93.135069
0.051114,310.850144,93.141494
0.051184,310.850144,93.144915
0.051231,310.850144,93.151270
0.051295,310.850144,93.160957
0.051340,310.850144,93.166077
0.051398,310.850144,93.169395
0.051477,310.850144,93.169565
0.051535,310.850144,93.169978
0.051588,310.850144,93.173274
0.051636,310.850144,93.191859
0.051689,310.850144,93.199280
0.051747,310.850144,93.202867
0.051803,310.850144,93.206813
0.051855,310.850144,93.227894
0.051912,310.850144,93.230128
0.051970,310.850144,93.246099
0.052032,310.850144,93.246512
0.052076,310.850144,93.253648
0.052129,310.850144,93.253718
0.052186,310.850144,93.255088
0.052234,310.850144,93.257277
0.052286,310.850144,93.278163
0.052336,310.850144,93.288189
0.052401,310.850144,93.311952
0.052468,310.850144,93.320349
0.052526,310.850144,93.337597
0.052577,310.850144,93.337670
0.052635,310.850144,93.338749
0.052686,310.850144,93.346074
0.052797,310.850144,93.373622
0.052848,310.850144,93.410278
0.052891,310.850144,93.410614
0.052950,310.850144,93.411750
0.053003,310.850144,93.414294
0.053054,310.850144,93.426630
0.053161,310.850144,93.426662
0.053221,310.850144,93.427632
0.053270,310.850144,93.430077
0.053318,310.850144,93.443674
0.053414,310.850144,93.443901
0.053476,310.850144,93.468688
0.053533,310.850144,93.473542
0.053583,310.850144,93.474557
0.053632,310.850144,93.481104
0.053676,310.850144,93.497014
0.053727,310.850144,93.530163
0.053787,310.850144,93.537782
0.053837,310.850144,93.563824
0.053887,310.850144,93.572019
0.053943,310.850144,93.588278
0.053990,310.850144,93.600822
0.054048,310.850144,93.605437
0.054107,310.850144,93.621574
0.054374,310.850144,93.622790
0.054490,310.850144,93.625462
0.054539,310.850144,93.636307
0.054588,310.850144,93.688253
0.054635,310.850144,93.705437
0.054697,310.850144,93.708182
0.054753,310.850144,93.717715
0.054809,310.850144,93.766013
0.054857,310.850144,93.772147
0.054910,310.850144,93.779677
0.054961,310.850144,93.818045
0.055009,310.850144,93.821405
0.055061,310.850144,93.831347
0.055120,310.850144,93.847622
0.055228,310.850144,93.863347
0.055281,310.850144,93.872144
0.055332,310.850144,93.883430
0.055445,310.850144,93.884477
0.055506,310.850144,93.891869
0.055566,310.850144,93.899504
0.055614,310.850144,93.925034
0.055664,310.850144,90.858547
0.055708,310.850144,93.931398
0.055819,310.850144,93.942790
0.055861,310.850144,93.957373
0.055907,310.850144,93.980989
0.055964,310.850144,94.005520
0.056026,310.850144,90.394618
0.056067,310.850144,94.009107
0.056170,310.850144,94.012022
0.056215,310.850144,94.021427
0.056314,310.850144,94.026470
0.056446,310.850144,94.050192
0.056503,310.850144,94.059958
0.056558,310.850144,94.060989
0.056609,310.850144,94.070746
0.056737,310.850144,94.071078
0.056792,310.850144,94.086982
0.056939,310.850144,94.106813
0.057058,310.850144,94.137782
0.057111,310.850144,94.140198
0.057163,310.850144,94.152550
0.057216,310.850144,94.156304
0.057267,310.850144,94.158685
0.057367,310.850144,94.162461
0.057486,310.850144,94.179568
0.057530,310.850144,94.181971
0.057583,310.850144,94.183197
0.057632,310.850144,94.190902
0.057799,310.850144,94.194234
0.057856,310.850144,94.207997
0.057911,310.850144,94.230326
0.057976,310.850144,94.264669
0.058025,310.850144,94.294630
0.058075,310.850144,94.299526
0.058128,310.850144,94.303110
0.058184,310.850144,94.310384
0.058266,310.850144,94.314064
0.058328,310.850144,94.314141
0.058396,310.850144,94.327910
0.058503,310.850144,94.337370
0.058569,310.850144,94.337670
0.058625,310.850144,94.340214
0.058669,310.850144,94.358426
0.058777,310.850144,94.369779
0.058841,310.850144,94.400477
0.058897,310.850144,94.409158
0.058958,310.850144,94.414064
0.059048,310.850144,94.462170
0.059118,310.850144,94.468234
0.059171,310.850144,92.019027
0.059220,310.850144,94.470867
0.059307,310.850144,94.482150
0.059501,310.850144,94.491869
0.059570,310.850144,94.509286
0.059621,310.850144,94.536637
0.059674,310.850144,94.561296
0.059730,310.850144,94.563504
0.059879,310.850144,94.567206
0.059935,310.850144,94.578237
0.060090,310.850144,94.589341
0.060147,310.850144,94.596787
0.060194,310.850144,94.603101
0.060244,310.850144,94.620374
0.060302,310.850144,94.625200
0.060368,310.850144,94.673235
0.060507,310.850144,94.678269
0.060564,310.850144,94.683162
0.060614,310.850144,94.684752
0.060679,310.850144,94.693424
0.060797,310.850144,94.704115
0.060856,310.850144,94.717843
0.060922,310.850144,94.724093
0.060980,310.850144,94.727539
0.061192,310.850144,94.746326
0.061255,310.850144,94.755891
0.061311,310.850144,94.769821
0.061373,310.850144,94.773446
0.061461,310.850144,93.241552
0.061544,310.850144,94.777238
0.061602,310.850144,94.788144
0.061719,310.850144,94.796787
0.061922,310.850144,94.800477
0.061982,310.850144,94.826406
0.062030,310.850144,94.828819
0.062078,310.850144,94.842717
0.062127,310.850144,94.843773
0.062177,310.850144,94.859952
0.062242,310.850144,94.877053
0.062300,310.850144,94.881949
0.062352,310.850144,94.884330
0.062420,310.850144,94.888166
0.062477,310.850144,94.891030
0.062521,310.850144,94.895507
0.062584,310.850144,94.902973
0.062638,310.850144,94.907997
0.062691,310.850144,94.909181
0.062745,310.850144,94.914141
0.062810,310.850144,94.916678
0.062867,310.850144,94.919446
0.062913,310.850144,94.927664
0.062964,310.850144,94.951334
0.063016,310.850144,94.954650
0.063042,142.317651,94.954650
0.063069,138.047251,94.954650
0.063102,130.262067,94.954650
0.064174,125.673034,94.954650
0.064306,125.650963,94.954650
0.065852,124.650858,94.954650
0.066791,124.650858,94.557430
0.066853,124.650858,94.954650
0.067057,124.650858,94.968758
0.070649,121.075571,94.968758
0.071290,116.300307,94.968758
0.074481,116.300307,92.403184
0.074532,116.300307,94.968758
0.074951,116.300307,94.011878
0.074985,116.300307,94.968758
0.075367,116.300307,92.134064
0.075425,116.300307,94.968758
0.078735,116.300307,92.809456
0.078768,116.300307,94.968758
0.081125,116.300307,94.846458
0.081166,116.300307,94.968758
0.081262,116.300307,92.246458
0.081291,116.300307,94.968758
0.083782,116.300307,94.990966
0.087719,116.300307,90.387174
0.087748,116.300307,94.990966
0.089398,116.300307,94.839034
0.089424,116.300307,94.990966
0.092088,116.300307,88.621754
0.092221,116.300307,94.990966
0.097919,116.300307,94.996666
0.097945,116.300307,95.001926
0.097970,116.300307,95.012902
0.098023,116.300307,95.046358
0.098047,116.300307,95.106928
0.098074,116.300307,95.109158
0.098105,116.300307,95.131344
0.098227,116.300307,95.142800
0.098251,116.300307,95.175699
0.098305,116.300307,95.183411
0.098326,116.300307,95.188326
0.098350,116.300307,95.196918
0.098386,116.300307,95.209203
0.098414,116.300307,95.218038
0.098434,116.300307,95.228797
0.098469,116.300307,95.229053
0.098526,116.300307,95.246582
0.098553,116.300307,95.262118
0.098579,116.300307,95.269584
0.098609,116.300307,95.275910
0.098634,116.300307,95.298288
0.098654,116.300307,95.306813
0.098681,116.300307,95.325200
0.098710,116.300307,95.339955
0.098731,116.300307,95.341277
0.098758,116.300307,95.362310
0.098784,116.300307,95.373590
0.098818,116.300307,95.384822
0.098841,116.300307,95.396998
0.098869,116.300307,95.412848
0.098901,116.300307,95.427546
0.098945,116.300307,95.438950
0.098992,116.300307,95.445078
0.099019,116.300307,95.480925
0.099040,116.300307,95.482182
0.099093,116.300307,95.506813
0.099119,116.300307,95.507891
0.099147,116.300307,95.528819
0.099175,116.300307,95.537395
0.099201,116.300307,95.586794
0.099233,116.300307,95.590685
0.099264,116.300307,95.599382
0.099289,116.300307,95.600432
0.099314,116.300307,95.608304
0.099335,116.300307,95.613104
0.099361,116.300307,95.625309
0.099386,116.300307,95.636285
0.099411,116.300307,95.647613
0.099438,116.300307,95.678170
0.099483,116.300307,95.709117
0.099537,116.300307,95.725382
0.099564,116.300307,95.752326
0.099591,116.300307,95.815670
0.099616,116.300307,95.845126
0.099642,116.300307,95.879507
0.099668,116.300307,95.899382
0.099694,116.300307,95.908150
0.099719,116.300307,95.941520
0.099743,116.300307,95.984474
0.099772,116.300307,96.028976
0.099799,116.300307,96.030128
0.099826,116.300307,96.037629
0.099852,116.300307,96.057542
0.099879,116.300307,96.062154
0.099904,116.300307,96.062230
0.099925,116.300307,96.082134
0.099947,116.300307,96.111507
0.099974,116.300307,96.136317
0.100000,116.300307,96.142726
0.100025,116.300307,96.179485
0.100056,116.300307,96.195571
0.100085,116.300307,96.210266
0.100116,116.300307,96.217757
0.100166,116.300307,96.221619
0.100190,116.300307,96.249917
0.100221,116.300307,96.264602
0.100251,116.300307,96.290672
0.100274,116.300307,96.294544
0.100297,116.300307,96.311798
0.100326,116.300307,96.313021
0.100354,116.300307,96.314010
0.100376,116.300307,96.332627
0.100402,116.300307,96.333990
0.100427,116.300307,96.344819
0.100454,116.300307,96.407965
0.100525,116.300307,94.876070
0.100552,116.300307,96.450118
0.100592,116.300307,96.495482
0.100619,116.300307,96.505680
0.100644,116.300307,96.510358
0.100676,116.300307,96.532592
0.100712,116.300307,96.551270
0.100743,116.300307,96.552211
0.100773,116.300307,96.631376
0.100854,116.300307,96.631670
0.100884,116.300307,96.635037
0.100916,116.300307,96.690442
0.100948,116.300307,94.611603
0.100974,116.300307,96.694438
0.100997,116.300307,96.720438
0.101027,116.300307,96.737904
0.101089,116.300307,96.742298
0.101122,116.300307,96.747347
0.101146,116.300307,96.765981
0.101174,116.300307,96.805427
0.101204,116.300307,96.820179
0.101247,116.300307,96.821501
0.101277,116.300307,96.847418
0.101344,116.300307,96.867197
0.101373,116.300307,96.876954
0.101440,116.300307,96.881882
0.101519,116.300307,96.884474
0.101558,116.300307,95.336432
0.101580,116.300307,96.884496
0.101609,116.300307,90.473594
0.101632,116.300307,96.896989
0.101661,116.300307,96.899478
0.101685,116.300307,96.917712
0.101755,116.300307,96.921680
0.101784,116.300307,96.923955
0.101815,116.300307,96.925245
0.101845,116.300307,96.941277
0.101879,116.300307,95.305670
0.101903,116.300307,96.942355
0.101935,116.300307,96.981104
0.101962,116.300307,96.989558
0.101992,116.300307,96.999382
0.102030,116.300307,97.004090
0.102065,116.300307,97.005395
0.102096,116.300307,97.016499
0.102126,116.300307,97.025558
0.102159,116.300307,97.027539
0.102190,116.300307,97.046067
0.102227,116.300307,97.048944
0.102257,116.300307,97.090726
0.102286,116.300307,97.128893
0.102311,116.300307,97.149872
0.102343,116.300307,97.156304
0.102373,116.300307,97.157510
0.102405,116.300307,97.173210
0.102439,116.300307,97.188272
0.102474,116.300307,97.190902
0.102505,116.300307,97.202874
0.102536,116.300307,97.215526
0.102562,116.300307,97.253814
0.102591,116.300307,97.263622
0.102613,116.300307,97.269629
0.102640,116.300307,97.294419
0.102669,116.300307,97.309117
0.102699,116.300307,97.314278
0.102721,116.300307,97.329053
0.102777,116.300307,97.336582
0.102810,116.300307,97.338886
0.102840,116.300307,97.343990
0.102870,116.300307,97.358870
0.102904,116.300307,97.361053
0.102930,116.300307,97.377072
0.102963,116.300307,90.266170
0.102988,116.300307,97.389363
0.103018,116.300307,97.407770
0.103050,116.300307,97.409178
0.103076,116.300307,97.425286
0.103100,116.300307,97.451350
0.103125,116.300307,97.456182
0.103154,116.300307,97.469878
0.103177,116.300307,97.478131
0.103204,116.300307,97.552678
0.103227,116.300307,97.557296
0.103289,116.300307,97.573469
0.103317,116.300307,97.576080
0.103345,116.300307,97.581968
0.103371,116.300307,97.584445
0.103402,116.300307,97.600541
0.103429,116.300307,97.468646
0.103451,116.300307,97.603142
0.103489,116.300307,97.620358
0.103510,116.300307,97.621533
0.103539,116.300307,97.630326
0.103569,116.300307,97.636179
0.103611,116.300307,95.143773
0.103635,116.300307,97.639930
0.103657,116.300307,97.653670
0.103686,116.300307,97.717789
0.103714,116.300307,97.732765
0.103735,116.300307,97.736138
0.103762,116.300307,97.738771
0.103792,116.300307,97.747696
0.103817,116.300307,97.760957
0.103867,116.300307,97.769693
0.103888,116.300307,97.770963
0.103914,116.300307,97.773338
0.103963,116.300307,97.794234
0.104003,116.300307,97.794397
0.104030,116.300307,97.802874
0.104059,116.300307,97.810362
0.104091,116.300307,97.812762
0.104123,116.300307,97.817779
0.104152,116.300307,97.821574
0.104264,116.300307,97.835446
0.104289,116.300307,97.888067
0.104312,116.300307,97.901754
0.104344,116.300307,97.588272
0.104365,116.300307,97.906608
0.104395,116.300307,97.910710
0.104420,116.300307,97.915430
0.104449,116.300307,97.921533
0.104486,116.300307,97.929104
0.104514,116.300307,97.958557
0.104549,116.300307,97.989392
0.104579,116.300307,97.990685
0.104616,116.300307,97.999526
0.104655,116.300307,98.001830
0.104687,116.300307,98.021718
0.104717,116.300307,98.085926
0.104746,116.300307,98.099411
0.104775,116.300307,98.121418
0.104811,116.300307,98.142589
0.104843,116.300307,98.147670
0.104873,116.300307,98.232694
0.104900,116.300307,98.240198
0.104924,116.300307,98.250970
0.104960,116.300307,98.277245
0.104990,116.300307,98.280816
0.105017,116.300307,98.289590
0.105047,116.300307,98.303158
0.105076,116.300307,98.307891
0.105106,116.300307,98.334086
0.105156,116.300307,98.384410
0.105186,116.300307,98.386739
0.105216,116.300307,95.732605
0.105240,116.300307,98.427642
0.105266,116.300307,98.440246
0.105292,116.300307,98.467155
0.105319,116.300307,98.473510
0.105349,116.300307,98.475709
0.105372,116.300307,98.494470
0.105400,116.300307,98.495696
0.105421,116.300307,98.497014
0.105453,116.300307,98.504464
0.105489,116.300307,98.510384
0.105523,116.300307,98.563702
0.105550,116.300307,98.614246
0.105572,116.300307,98.632605
0.105605,116.300307,98.641622
0.105687,116.300307,98.643709
0.105713,116.300307,98.646422
0.105746,116.300307,98.649917
0.105773,116.300307,92.239014
0.105794,116.300307,98.653670
0.105825,116.300307,96.095750
0.105848,116.300307,98.709382
0.105872,116.300307,98.751318
0.105901,116.300307,98.758557
0.105929,116.300307,98.762198
0.105958,116.300307,98.780797
0.105985,116.300307,98.792102
0.106019,116.300307,98.799494
0.106044,116.300307,98.799510
0.106071,116.300307,98.809238
0.106099,116.300307,98.812784
0.106132,116.300307,98.853597
0.106166,116.300307,97.101853
0.106186,116.300307,98.883366
0.106208,116.300307,98.884442
0.106233,116.300307,98.886835
0.106263,116.300307,98.915664
0.106290,116.300307,98.948880
0.106316,116.300307,98.953693
0.106340,116.300307,98.971142
0.106375,116.300307,99.000496
0.106405,116.300307,99.020179
0.106436,116.300307,99.033926
0.106468,116.300307,99.036413
0.106491,116.300307,99.042461
0.106518,116.300307,99.058726
0.106543,116.300307,99.100678
0.106567,116.300307,99.135206
0.106598,116.300307,99.137584
0.106629,116.300307,99.141478
0.106651,116.300307,99.142493
0.106682,116.300307,92.031590
0.106704,116.300307,99.165843
0.106727,116.300307,99.165981
0.106753,116.300307,97.530374
0.106775,116.300307,99.197014
0.106807,116.300307,99.210278
0.106831,116.300307,99.215206
0.106855,116.300307,99.257235
0.106883,116.300307,99.260989
0.106908,116.300307,99.262374
0.106932,116.300307,99.282086
0.106959,116.300307,99.301917
0.106984,116.300307,99.314352
0.107027,116.300307,99.320486
0.107052,116.300307,99.329021
0.107078,116.300307,99.335155
0.107107,116.300307,99.336253
0.107129,116.300307,99.342630
0.107159,116.300307,99.350198
0.107190,116.300307,99.352221
0.107215,116.300307,99.366230
0.107243,116.300307,99.401629
0.107271,116.300307,99.404144
0.107314,116.300307,99.404518
0.107343,116.300307,99.409360
0.107376,116.300307,99.426275
0.107410,116.300307,99.440112
0.107437,116.300307,99.458832
0.107515,116.300307,99.472157
0.107547,116.300307,99.474579
0.107594,116.300307,99.516605
0.107745,116.300307,99.533885
0.107775,116.300307,99.574442
0.107814,116.300307,99.588112
0.107856,116.300307,99.609309
0.107890,116.300307,99.617712
0.108383,116.300307,99.621405
0.108423,116.300307,99.635270
0.108456,116.300307,99.638611
0.108499,116.300307,99.686941
0.108530,116.300307,99.688253
0.108592,116.300307,99.689702
0.108626,116.300307,99.714032
0.108653,116.300307,99.725414
0.108682,116.300307,99.742630
0.108712,116.300307,99.746154
0.108743,116.300307,99.782230
0.108774,116.300307,99.809114
0.108805,116.300307,99.836179
0.108877,116.300307,99.855046
0.108965,116.300307,99.858630
0.108997,116.300307,99.889363
0.109024,116.300307,99.925062
0.109058,116.300307,99.964918
0.109093,116.300307,99.982054
0.109148,116.300307,100.009309
0.109176,116.300307,100.014422
0.109239,116.300307,100.018909
0.109266,116.300307,100.019222
0.109296,116.300307,100.030131
0.109332,116.300307,100.037584
0.109377,116.300307,100.039984
0.109521,116.300307,100.046237
0.109551,116.300307,100.106474
0.109649,116.300307,100.106813
0.109713,116.300307,100.111782
0.109741,116.300307,100.121680
0.109771,116.300307,100.122950
0.109798,116.300307,100.175894
0.109825,116.300307,100.178518
0.109854,116.300307,100.179517
0.109893,116.300307,99.353693
0.109915,116.300307,100.186909
0.109944,116.300307,100.206909
0.109967,116.300307,100.234992
0.110003,116.300307,100.235037
0.110032,116.300307,100.237904
0.110085,116.300307,100.239984
0.110124,116.300307,100.247453
0.110156,116.300307,100.251414
0.110182,116.300307,100.261117
0.110205,116.300307,100.275699
0.110252,116.300307,100.281046
0.110293,116.300307,100.294227
0.110327,116.300307,100.301776
0.110357,116.300307,96.690874
0.110382,116.300307,100.309117
0.110417,116.300307,97.890790
0.110441,116.300307,100.316637
0.110485,116.300307,100.343942
0.110515,116.300307,100.363347
0.110553,116.300307,100.365706
0.110584,116.300307,100.437501
0.110613,116.300307,100.459805
0.110637,116.300307,100.463517
0.110663,116.300307,100.468371
0.110692,116.300307,100.473530
0.110715,116.300307,100.504115
0.110746,116.300307,100.514301
0.110769,116.300307,100.525245
0.110798,116.300307,100.528982
0.110822,116.300307,100.547453
0.110851,116.300307,100.554739
0.110881,116.300307,100.554998
0.110909,116.300307,100.557446
0.110933,116.300307,100.559782
0.110961,116.300307,100.564531
0.110986,116.300307,100.588253
0.111012,116.300307,100.592954
0.111040,116.300307,100.601757
0.111064,116.300307,100.609082
0.111086,116.300307,100.637574
0.111110,116.300307,100.645078
0.111142,116.300307,100.661238
0.111195,116.300307,100.684410
0.111227,116.300307,99.484598
0.111249,116.300307,100.658576
0.111269,116.300307,100.705718
0.111297,116.300307,100.725350
0.111327,116.300307,100.736253
0.111352,116.300307,100.743846
0.111379,116.300307,100.746224
0.111418,116.300307,100.746358
0.111446,116.300307,100.748538
0.111497,116.300307,100.759782
0.111530,116.300307,100.765939
0.111576,116.300307,100.773638
0.111607,116.300307,100.784438
0.111639,116.300307,100.792134
0.111671,116.300307,100.793117
0.111701,116.300307,100.800403
0.111728,116.300307,100.801754
0.111759,116.300307,100.820189
0.111792,116.300307,100.821590
0.111822,116.300307,100.825117
0.111853,116.300307,100.826566
0.111880,116.300307,100.847322
0.111917,116.300307,100.857373
0.111946,116.300307,100.869565
0.111975,116.300307,100.883155
0.112006,116.300307,100.888253
0.112033,116.300307,100.895514
0.112064,116.300307,100.900550
0.112105,116.300307,100.903005
0.112140,116.300307,100.907754
0.112177,116.300307,100.917830
0.112208,116.300307,100.936438
0.112243,116.300307,100.941286
0.112270,116.300307,100.944829
0.112296,116.300307,100.947325
0.112329,116.300307,100.951005
0.112367,116.300307,100.975699
0.112394,116.300307,100.980627
0.112417,116.300307,101.001926
0.112442,116.300307,101.002899
0.112492,116.300307,101.028797
0.112529,116.300307,101.032541
0.112563,116.300307,101.036381
0.112595,116.300307,101.037501
0.112629,116.300307,101.037702
0.112657,116.300307,101.045222
0.112688,116.300307,101.047315
0.112720,116.300307,101.062118
0.112750,116.300307,101.065104
0.112777,116.300307,101.067194
0.112820,116.300307,101.075773
0.112849,116.300307,101.075859
0.112879,116.300307,101.088253
0.112908,116.300307,101.090547
0.112945,116.300307,101.105424
0.112981,116.300307,101.116630
0.113012,116.300307,101.117642
0.113039,116.300307,101.123997
0.113082,116.300307,101.195645
0.113112,116.300307,101.209178
0.113142,116.300307,100.524182
0.113166,116.300307,101.286973
0.113193,116.300307,101.291722
0.113221,116.300307,101.302813
0.113249,116.300307,101.313030
0.113278,116.300307,101.324157
0.113309,116.300307,101.336438
0.113339,116.300307,101.352560
0.113370,116.300307,101.389437
0.113394,116.300307,101.392925
0.113418,116.300307,101.395568
0.113453,116.300307,101.435037
0.113569,116.300307,101.450954
0.113606,116.300307,101.457299
0.113635,116.300307,101.464602
0.113664,116.300307,101.467334
0.113692,116.300307,101.467606
0.113718,116.300307,101.478170
0.113756,116.300307,101.499229
0.113788,116.300307,101.506813
0.113820,116.300307,101.520285
0.113846,116.300307,101.521501
0.113875,116.300307,101.528794
0.113910,116.300307,101.546202
0.113951,116.300307,101.549936
0.113983,116.300307,101.559622
0.114018,116.300307,101.559792
0.114061,116.300307,101.569830
0.114096,116.300307,101.578470
0.114130,116.300307,101.579459
0.114164,116.300307,101.580861
0.114193,116.300307,101.585690
0.114224,116.300307,101.586874
0.114257,116.300307,96.409270
0.114284,116.300307,101.596787
0.114317,116.300307,101.600550
0.114346,116.300307,101.609213
0.114375,116.300307,101.630106
0.114410,116.300307,101.642419
0.114441,116.300307,101.642493
0.114479,116.300307,101.650954
0.114503,116.300307,101.669766
0.114532,116.300307,101.673341
0.114563,116.300307,101.676144
0.114600,116.300307,101.690483
0.114633,116.300307,101.699478
0.114656,116.300307,101.701690
0.114691,116.300307,101.702899
0.114724,116.300307,101.704262
0.114787,116.300307,101.707827
0.114818,116.300307,101.711686
0.114845,116.300307,101.746109
0.114877,116.300307,101.767194
0.114902,116.300307,101.770762
0.114941,116.300307,101.783261
0.114976,116.300307,101.788253
0.115030,116.300307,101.801690
0.115059,116.300307,101.806621
0.115088,116.300307,101.810291
0.115113,116.300307,101.823997
0.115136,116.300307,101.825098
0.115166,116.300307,101.826470
0.115201,116.300307,101.830035
0.115231,116.300307,101.851123
0.115261,116.300307,101.858458
0.115288,116.300307,101.867206
0.115313,116.300307,101.876016
0.115340,116.300307,101.887101
0.115367,116.300307,101.889395
0.115392,116.300307,101.895507
0.115421,116.300307,97.631485
0.115445,116.300307,101.904390
0.115504,116.300307,101.911507
0.115535,116.300307,101.916605
0.115569,116.300307,101.920154
0.115598,116.300307,101.932797
0.115627,116.300307,101.945062
0.115650,116.300307,101.958566
0.115707,116.300307,101.962365
0.115730,116.300307,101.974790
0.115763,116.300307,101.976954
0.115821,116.300307,102.002899
0.115852,116.300307,102.012848
0.115887,116.300307,102.043837
0.115914,116.300307,102.062278
0.115951,116.300307,102.067197
0.115981,116.300307,98.456294
0.116006,116.300307,102.081981
0.116036,116.300307,102.082150
0.116068,116.300307,102.084474
0.116113,116.300307,102.086877
0.116145,116.300307,102.094234
0.116182,116.300307,102.094544
0.116216,116.300307,102.106790
0.116245,116.300307,102.129053
0.116309,116.300307,102.135037
0.116362,116.300307,102.141277
0.116404,116.300307,102.159878
0.116437,116.300307,98.676038
0.116495,116.300307,102.163482
0.116523,116.300307,102.164733
0.116558,116.300307,102.206813
0.116617,116.300307,102.209114
0.116650,116.300307,101.709302
0.116674,116.300307,102.215210
0.116716,116.300307,102.231344
0.116757,116.300307,102.238950
0.116782,116.300307,102.247283
0.116809,116.300307,102.248998
0.116838,116.300307,102.250077
0.116868,116.300307,102.252317
0.116900,116.300307,102.259792
0.116928,116.300307,96.874800
0.116952,116.300307,102.261149
0.116981,116.300307,102.265875
0.117008,116.300307,102.319037
0.117039,116.300307,102.320518
0.117070,116.300307,102.325002
0.117110,116.300307,102.325203
0.117140,116.300307,102.326397
0.117172,116.300307,102.330064
0.117203,116.300307,102.338813
0.117243,116.300307,102.339955
0.117273,116.300307,96.643837
0.117300,116.300307,102.373520
0.117330,116.300307,102.375910
0.117358,116.300307,102.380822
0.117386,116.300307,102.400637
0.117415,116.300307,102.430358
0.117444,116.300307,102.454707
0.117517,116.300307,102.475738
0.117549,116.300307,102.483261
0.117577,116.300307,102.494205
0.117604,116.300307,102.496797
0.117639,116.300307,102.503254
0.117666,116.300307,102.510416
0.117694,116.300307,102.512755
0.117728,116.300307,102.517757
0.117755,116.300307,102.526470
0.117784,116.300307,102.528950
0.117818,116.300307,102.537283
0.117852,116.300307,102.551270
0.117884,116.300307,102.577181
0.117920,116.300307,102.590685
0.117969,116.300307,102.600403
0.117997,116.300307,102.601450
0.118028,116.300307,102.605414
0.118055,116.300307,102.607712
0.118090,116.300307,102.610352
0.118128,116.300307,102.616563
0.118155,116.300307,102.628819
0.118188,116.300307,102.630352
0.118219,116.300307,102.646237
0.118251,116.300307,102.648531
0.118286,116.300307,102.653533
0.118320,116.300307,102.423997
0.118342,116.300307,102.657210
0.118370,116.300307,102.661203
0.118407,116.300307,102.663613
0.118431,116.300307,102.676954
0.118468,116.300307,102.681981
0.118500,116.300307,102.686950
0.118525,116.300307,102.689558
0.118558,116.300307,102.693114
0.118590,116.300307,102.703142
0.118622,116.300307,102.704096
0.118651,116.300307,102.706717
0.118681,116.300307,102.710387
0.118711,116.300307,102.717712
0.118748,116.300307,102.727450
0.118782,116.300307,102.730131
0.118810,116.300307,102.747453
0.118845,116.300307,102.749917
0.118876,116.300307,102.759910
0.118908,116.300307,102.764602
0.118951,116.300307,102.766141
0.118977,116.300307,102.771046
0.119036,116.300307,102.784474
0.119062,116.300307,102.804090
0.119100,116.300307,102.810416
0.119132,116.300307,102.827539
0.119162,116.300307,102.841277
0.119188,116.300307,102.853606
0.119213,116.300307,102.853798
0.119241,116.300307,102.870845
0.119277,116.300307,102.870982
0.119299,116.300307,102.884486
0.119328,116.300307,102.910416
0.119352,116.300307,102.944755
0.119382,116.300307,102.947389
0.119449,116.300307,102.965939
0.119544,116.300307,102.978237
0.119600,116.300307,102.988093
0.119628,116.300307,102.991798
0.119659,116.300307,102.995475
0.119687,116.300307,103.031421
0.119711,116.300307,103.038717
0.119740,116.300307,103.048944
0.119770,116.300307,103.052227
0.119805,116.300307,103.063504
0.119867,116.300307,99.078512
0.119891,116.300307,103.068234
0.119918,116.300307,103.073430
0.119949,116.300307,103.079459
0.119982,116.300307,103.100582
0.120039,116.300307,103.109117
0.120069,116.300307,103.116758
0.120097,116.300307,103.117840
0.120122,116.300307,103.131664
0.120155,116.300307,103.142502
0.120182,116.300307,103.159910
0.120208,116.300307,103.164870
0.120240,116.300307,103.167414
0.120272,116.300307,103.178301
0.120302,116.300307,103.185712
0.120332,116.300307,97.800720
0.120356,116.300307,103.197046
0.120388,116.300307,103.227632
0.120420,116.300307,103.228819
0.120449,116.300307,99.236413
0.120483,116.300307,103.246141
0.120520,116.300307,103.267146
0.120552,116.300307,103.277117
0.120583,116.300307,103.285862
0.120619,116.300307,103.304083
0.120653,116.300307,103.310461
0.120686,116.300307,103.325043
0.120719,116.300307,103.333875
0.120747,116.300307,103.344858
0.120777,116.300307,103.381882
0.120808,116.300307,103.386877
0.120835,116.300307,103.390685
0.120870,116.300307,103.398077
0.120898,116.300307,103.405424
0.120935,116.300307,103.406685
0.120964,116.300307,103.409181
0.120994,116.300307,103.421574
0.121054,116.300307,103.431290
0.121084,116.300307,103.435366
0.121116,116.300307,103.447293
0.121150,116.300307,103.458493
0.121187,116.300307,103.466230
0.121215,116.300307,103.467344
0.121245,116.300307,103.488090
0.121278,116.300307,99.001846
0.121304,116.300307,103.488125
0.121330,116.300307,103.536406
0.121357,116.300307,103.540189
0.121389,116.300307,103.562170
0.121422,116.300307,98.384566
0.121448,116.300307,103.577238
0.121522,116.300307,103.579862
0.121553,116.300307,103.588186
0.121611,116.300307,103.594323
0.121641,116.300307,103.599293
0.121675,116.300307,103.599421
0.121708,116.300307,103.602874
0.121741,116.300307,103.609126
0.121766,116.300307,103.610557
0.121800,116.300307,103.612755
0.121830,116.300307,103.612762
0.121870,116.300307,103.617696
0.121905,116.300307,103.621466
0.121943,116.300307,103.646224
0.121975,116.300307,103.662278
0.122008,116.300307,101.451376
0.122032,116.300307,103.672144
0.122057,116.300307,103.673162
0.122094,116.300307,103.675958
0.122125,116.300307,103.678237
0.122153,116.300307,103.704144
0.122190,116.300307,103.705488
0.122222,116.300307,101.494586
0.122246,116.300307,103.705712
0.122281,116.300307,103.710394
0.122313,116.300307,103.711482
0.122360,116.300307,103.731344
0.122400,116.300307,103.734992
0.122436,116.300307,103.747347
0.122475,116.300307,99.483325
0.122503,116.300307,103.751069
0.122533,116.300307,103.752186
0.122572,116.300307,103.757274
0.122603,116.300307,101.566000
0.122628,116.300307,103.767197
0.122659,116.300307,103.774589
0.122694,116.300307,103.779526
0.122723,116.300307,103.785562
0.122773,116.300307,103.786835
0.122812,116.300307,103.797926
0.122839,116.300307,103.800509
0.122870,116.300307,103.801450
0.122903,116.300307,99.870771
0.122930,116.300307,103.810154
0.122964,116.300307,103.826470
0.123034,116.300307,103.826630
0.123067,116.300307,103.833926
0.123095,116.300307,103.861136
0.123120,116.300307,103.898150
0.123146,116.300307,103.903024
0.123176,116.300307,103.907869
0.123219,116.300307,103.946138
0.123323,116.300307,103.946214
0.123350,116.300307,103.951318
0.123373,116.300307,103.957130
0.123437,116.300307,103.958621
0.123478,116.300307,103.963526
0.123507,116.300307,103.970950
0.123600,116.300307,103.979453
0.123650,116.300307,103.981971
0.123684,116.300307,103.983130
0.123713,116.300307,103.983315
0.123745,116.300307,103.995699
0.123778,116.300307,103.995766
0.123806,116.300307,104.021427
0.123835,116.300307,104.041414
0.123862,116.300307,104.055987
0.123894,116.300307,104.058461
0.123928,116.300307,104.059792
0.123964,116.300307,104.068422
0.123992,116.300307,104.114077
0.124047,116.300307,104.119056
0.124182,116.300307,104.122650
0.124216,116.300307,99.440118
0.124244,116.300307,104.123875
0.124275,116.300307,104.132669
0.124407,116.300307,104.138941
0.124438,116.300307,104.142589
0.124480,116.300307,104.159974
0.124511,116.300307,104.162301
0.124577,116.300307,104.177210
0.124604,116.300307,104.178237
0.124638,116.300307,104.179526
0.124664,116.300307,104.184410
0.124699,116.300307,104.196902
0.124724,116.300307,104.214205
0.124747,116.300307,104.228925
0.124773,116.300307,104.229053
0.124838,116.300307,104.231267
0.124864,116.300307,104.243728
0.124891,116.300307,104.246237
0.124925,116.300307,98.683389
0.124952,116.300307,104.251123
0.124986,116.300307,100.088275
0.125011,116.300307,104.262227
0.125042,116.300307,104.270950
0.125078,116.300307,104.271014
0.125106,116.300307,104.275709
0.125136,116.300307,104.295613
0.125172,116.300307,104.298173
0.125200,116.300307,104.301878
0.125228,116.300307,104.314230
0.125254,116.300307,104.337510
0.125280,116.300307,104.371933
0.125313,116.300307,104.383197
0.125343,116.300307,104.383606
0.125377,116.300307,104.424016
0.125448,116.300307,103.239024
0.125528,116.300307,104.427546
0.125652,116.300307,104.438707
0.125786,116.300307,102.347411
0.125813,116.300307,104.452250
0.125855,116.300307,104.452371
0.125879,116.300307,104.491837
0.125948,116.300307,104.494470
0.125981,116.300307,104.496797
0.126019,116.300307,101.938877
0.126045,116.300307,104.504464
0.126077,116.300307,104.517949
0.126140,116.300307,104.533821
0.126170,116.300307,104.535046
0.126202,116.300307,104.543728
0.126228,116.300307,104.557274
0.126258,116.300307,104.558822
0.126287,116.300307,104.563379
0.126319,116.300307,104.563418
0.126372,116.300307,104.588198
0.126407,116.300307,102.377296
0.126432,116.300307,104.597040
0.126479,116.300307,104.638909
0.126509,116.300307,104.642726
0.126542,116.300307,104.662246
0.126567,116.300307,104.670928
0.126594,116.300307,104.675837
0.126617,116.300307,104.680822
0.126648,116.300307,104.685872
0.126680,116.300307,104.686835
0.126715,116.300307,104.709117
0.126751,116.300307,97.490790
0.126778,116.300307,104.709181
0.126809,116.300307,104.710291
0.126843,116.300307,101.458621
0.126871,116.300307,104.716499
0.126912,116.300307,104.743699
0.126941,116.300307,104.766045
0.126968,116.300307,104.773235
0.126995,116.300307,104.804138
0.127024,116.300307,104.838643
0.127055,116.300307,104.867130
0.127120,116.300307,104.875786
0.127149,116.300307,104.880570
0.127181,116.300307,104.883261
0.127205,116.300307,104.888230
0.127232,116.300307,104.894406
0.127301,116.300307,104.897046
0.127333,116.300307,104.901661
0.127360,116.300307,104.921750
0.127392,116.300307,104.937734
0.127418,116.300307,104.944851
0.127451,116.300307,102.310461
0.127493,116.300307,104.946067
0.127530,116.300307,104.954877
0.127564,116.300307,103.592029
0.127590,116.300307,104.959878
0.127622,116.300307,104.961050
0.127658,116.300307,104.962422
0.127690,116.300307,104.968598
0.127723,116.300307,104.983238
0.127749,116.300307,105.001766
0.127802,116.300307,105.043635
0.127831,116.300307,105.053498
0.127859,116.300307,105.058589
0.127889,116.300307,105.062202
0.127952,116.300307,105.062256
0.127983,116.300307,105.068477
0.128013,116.300307,105.081853
0.128048,116.300307,105.081981
0.128082,116.300307,96.463654
0.128108,116.300307,104.333917
0.128150,116.300307,105.084410
0.128188,116.300307,99.084598
0.128215,116.300307,100.958576
0.128239,116.300307,105.091990
0.128272,116.300307,105.105446
0.128302,116.300307,105.121466
0.128339,116.300307,105.122822
0.128364,116.300307,105.123062
0.128396,116.300307,105.130064
0.128437,116.300307,105.136227
0.128473,116.300307,101.224054
0.128497,116.300307,105.146214
0.128522,116.300307,105.149827
0.128565,116.300307,105.163504
0.128595,116.300307,105.164998
0.128622,116.300307,105.194227
0.128663,116.300307,105.201610
0.128693,116.300307,105.201629
0.128726,116.300307,105.220221
0.128792,116.300307,105.222726
0.128818,116.300307,105.232634
0.128854,116.300307,105.238717
0.128882,116.300307,105.241318
0.128912,116.300307,105.243638
0.128944,116.300307,105.263430
0.128988,116.300307,105.267190
0.129019,116.300307,105.306726
0.129047,116.300307,105.316563
0.129073,116.300307,105.337555
0.129105,116.300307,105.339930
0.129137,116.300307,100.853686
0.129163,116.300307,105.340093
0.129189,116.300307,105.340272
0.129228,116.300307,105.346160
0.129259,116.300307,105.349936
0.129359,116.300307,104.164944
0.129383,116.300307,105.353466
0.129422,116.300307,105.353814
0.129452,116.300307,105.385798
0.129493,116.300307,101.901958
0.129518,116.300307,105.389299
0.129550,116.300307,105.390483
0.129583,116.300307,105.407837
0.129615,116.300307,105.410352
0.129642,116.300307,105.411645
0.129676,116.300307,105.414010
0.129707,116.300307,100.236406
0.129733,116.300307,105.417757
0.129766,116.300307,105.419254
0.129799,116.300307,105.424061
0.129828,116.300307,105.435037
0.129860,116.300307,105.443869
0.129887,116.300307,105.448918
0.129918,116.300307,105.451190
0.129947,116.300307,105.464595
0.129975,116.300307,105.474781
0.130003,116.300307,105.510384
0.130037,116.300307,99.178374
0.130063,116.300307,105.553638
0.130089,116.300307,105.563347
0.130116,116.300307,105.586810
0.130150,116.300307,105.594154
0.130185,116.300307,105.607773
0.130213,116.300307,105.609114
0.130245,116.300307,103.417840
0.130270,116.300307,105.618995
0.130296,116.300307,105.626470
0.130337,116.300307,105.626557
0.130362,116.300307,105.659645
0.130391,116.300307,105.673267
0.130431,116.300307,105.699130
0.130479,116.300307,105.726397
0.130515,116.300307,100.908070
0.130542,116.300307,105.734064
0.130593,116.300307,105.753718
0.130626,116.300307,105.754877
0.130658,116.300307,105.762179
0.130724,116.300307,105.763504
0.130763,116.300307,105.773235
0.130792,116.300307,105.774589
0.130827,116.300307,103.216669
0.130854,116.300307,105.782032
0.130883,116.300307,105.783357
0.130913,116.300307,105.785830
0.130940,116.300307,105.793050
0.130975,116.300307,105.801706
0.131006,116.300307,105.803059
0.131052,116.300307,105.810461
0.131079,116.300307,105.818909
0.131107,116.300307,105.825213
0.131140,116.300307,105.825245
0.131169,116.300307,105.826566
0.131199,116.300307,105.830064
0.131270,116.300307,105.830173
0.131303,116.300307,105.849914
0.131330,116.300307,105.851261
0.131363,116.300307,105.871962
0.131396,116.300307,105.873331
0.131435,116.300307,105.884410
0.131562,116.300307,105.886970
0.131592,116.300307,105.893328
0.131620,116.300307,105.903005
0.131655,116.300307,105.917712
0.131695,116.300307,105.927622
0.131727,116.300307,105.933690
0.131767,116.300307,105.942630
0.131793,116.300307,105.946042
0.131826,116.300307,105.947315
0.131859,116.300307,105.953542
0.131884,116.300307,105.970746
0.131916,116.300307,105.988122
0.131976,116.300307,106.006579
0.132007,116.300307,106.009149
0.132034,116.300307,106.012755
0.132068,116.300307,106.028925
0.132094,116.300307,106.029050
0.132119,116.300307,106.035037
0.132154,116.300307,103.331421
0.132178,116.300307,106.041341
0.132206,116.300307,106.053629
0.132239,116.300307,106.061254
0.132262,116.300307,106.088275
0.132296,116.300307,106.091626
0.132333,116.300307,106.094227
0.132370,116.300307,106.101690
0.132409,116.300307,103.210416
0.132433,116.300307,103.901878
0.132526,116.300307,106.117853
0.132564,116.300307,106.122854
0.132596,116.300307,106.140134
0.132631,116.300307,106.142451
0.132664,116.300307,106.153718
0.132693,116.300307,106.168445
0.132729,116.300307,106.170771
0.132760,116.300307,106.193382
0.132791,116.300307,106.204438
0.132819,116.300307,106.210461
0.132846,116.300307,106.232570
0.132889,116.300307,106.232646
0.132917,116.300307,106.239987
0.132944,116.300307,106.241146
0.132989,116.300307,106.242512
0.133029,116.300307,106.252381
0.133060,116.300307,106.263654
0.133095,116.300307,106.265821
0.133131,116.300307,106.290547
0.133163,116.300307,106.302874
0.133198,116.300307,102.828982
0.133225,116.300307,106.310342
0.133259,116.300307,104.219046
0.133288,116.300307,106.314045
0.133324,116.300307,106.314352
0.133349,116.300307,106.324006
0.133373,116.300307,106.367382
0.133409,116.300307,106.369789
0.133444,116.300307,106.370864
0.133493,116.300307,106.378138
0.133525,116.300307,106.379418
0.133552,116.300307,106.412893
0.133584,116.300307,106.414003
0.133618,116.300307,104.322707
0.133645,116.300307,106.427539
0.133719,116.300307,106.427667
0.133743,116.300307,106.427856
0.133775,116.300307,106.451133
0.133801,116.300307,106.463504
0.133866,116.300307,106.472144
0.133907,116.300307,106.490749
0.133936,116.300307,106.514086
0.133960,116.300307,106.526397
0.133991,116.300307,106.532605
0.134025,116.300307,106.532669
0.134062,116.300307,103.025299
0.134089,116.300307,106.534992
0.134127,116.300307,106.537283
0.134167,116.300307,106.578429
0.134194,116.300307,106.585712
0.134227,116.300307,106.588253
0.134292,116.300307,106.591942
0.134380,116.300307,106.595539
0.134415,116.300307,106.604390
0.134442,116.300307,106.617885
0.134475,116.300307,106.623930
0.134528,116.300307,106.626470
0.134561,116.300307,106.637386
0.134587,116.300307,106.648563
0.134617,116.300307,104.298109
0.134640,116.300307,106.667082
0.134662,116.300307,106.669734
0.134690,116.300307,106.689590
0.134714,116.300307,106.709277
0.134741,116.300307,106.713072
0.134769,116.300307,106.727632
0.134807,116.300307,106.731664
0.134839,116.300307,106.744829
0.134867,116.300307,106.776038
0.134919,116.300307,106.784170
0.134955,116.300307,106.796682
0.134986,116.300307,106.809366
0.135015,116.300307,106.810330
0.135048,116.300307,106.819248
0.135075,116.300307,106.832541
0.135113,116.300307,106.309149
0.135138,116.300307,106.837606
0.135173,116.300307,106.845117
0.135204,116.300307,106.847315
0.135237,116.300307,106.847408
0.135262,116.300307,106.849850
0.135289,116.300307,106.859792
0.135320,116.300307,106.879462
0.135352,116.300307,106.884400
0.135390,116.300307,106.886950
0.135423,116.300307,106.890749
0.135450,116.300307,106.896666
0.135491,116.300307,106.903030
0.135524,116.300307,106.905424
0.135558,116.300307,106.912659
0.135598,116.300307,106.933821
0.135629,116.300307,98.315494
0.135656,116.300307,106.185757
0.135680,116.300307,106.955062
0.135704,116.300307,106.958774
0.135730,116.300307,106.969734
0.135764,116.300307,106.972182
0.135789,116.300307,106.988067
0.135827,116.300307,103.075894
0.135857,116.300307,106.995741
0.135884,116.300307,106.996861
0.135915,116.300307,106.998074
0.135943,116.300307,107.006685
0.135976,116.300307,107.015344
0.136011,116.300307,107.021427
0.136047,116.300307,107.036381
0.136082,116.300307,107.037395
0.136127,116.300307,107.053533
0.136166,116.300307,102.723997
0.136190,116.300307,103.498150
0.136218,116.300307,107.058419
0.136248,116.300307,107.075974
0.136277,116.300307,107.078320
0.136307,116.300307,107.079443
0.136337,116.300307,107.083280
0.136362,116.300307,107.090589
0.136401,116.300307,107.100614
0.136424,116.300307,107.127539
0.136451,116.300307,107.147408
0.136479,116.300307,107.154803
0.136508,116.300307,107.165926
0.136532,116.300307,107.172144
0.136590,116.300307,107.172358
0.136614,116.300307,107.180797
0.136669,116.300307,107.200646
0.136696,116.300307,107.205405
0.136721,116.300307,107.221661
0.136744,116.300307,107.222726
0.136767,116.300307,107.238864
0.136791,116.300307,107.242333
0.136815,116.300307,107.265914
0.136841,116.300307,107.267206
0.136861,116.300307,107.273299
0.136886,116.300307,107.279462
0.136908,116.300307,107.297014
0.136935,116.300307,107.300678
0.136964,116.300307,107.302973
0.136988,116.300307,107.303030
0.137012,116.300307,107.326470
0.137085,116.300307,107.343830
0.137119,116.300307,107.354707
0.137149,116.300307,107.362035
0.137180,116.300307,107.378448
0.137208,116.300307,107.379638
0.137234,116.300307,107.404147
0.137273,116.300307,107.428819
0.137339,116.300307,107.430106
0.137378,116.300307,107.437395
0.137410,116.300307,107.451123
0.137443,116.300307,106.088275
0.137529,116.300307,107.452179
0.137560,116.300307,107.454842
0.137594,116.300307,107.458589
0.137626,116.300307,103.951219
0.137651,116.300307,107.473469
0.137687,116.300307,107.477021
0.137716,116.300307,107.479517
0.137746,116.300307,107.483398
0.137776,116.300307,107.491837
0.137810,116.300307,107.500410
0.137855,116.300307,107.501686
0.137886,116.300307,107.504349
0.137922,116.300307,107.530310
0.137951,116.300307,107.549917
0.138018,116.300307,107.557274
0.138054,116.300307,99.457462
0.138081,116.300307,105.531440
0.138105,116.300307,107.558726
0.138135,116.300307,107.572144
0.138198,116.300307,106.387152
0.138221,116.300307,107.580966
0.138252,116.300307,107.610598
0.138283,116.300307,107.614013
0.138311,116.300307,107.620125
0.138337,116.300307,107.669482
0.138371,116.300307,107.677085
0.138398,116.300307,107.681981
0.138429,116.300307,107.686634
0.138468,116.300307,107.701958
0.138494,116.300307,107.703030
0.138520,116.300307,107.705648
0.138547,116.300307,107.706704
0.138579,116.300307,107.726429
0.138608,116.300307,107.726621
0.138635,116.300307,107.735286
0.138662,116.300307,107.754870
0.138695,116.300307,107.770685
0.138731,116.300307,107.784742
0.138757,116.300307,107.794470
0.138780,116.300307,107.800538
0.138804,116.300307,107.800656
0.138829,116.300307,107.801914
0.138852,116.300307,107.805424
0.138895,116.300307,107.820125
0.138922,116.300307,107.834909
0.138948,116.300307,107.858419
0.138977,116.300307,107.859610
0.139008,116.300307,107.861053
0.139034,116.300307,107.879443
0.139062,116.300307,107.880838
0.139086,116.300307,107.883130
0.139116,116.300307,107.886877
0.139148,116.300307,105.183261
0.139172,116.300307,107.895830
0.139231,116.300307,107.910330
0.139262,116.300307,107.914064
0.139294,116.300307,107.919056
0.139337,116.300307,107.922746
0.139366,116.300307,107.951011
0.139397,116.300307,105.051190
0.139421,116.300307,107.952195
0.139472,116.300307,107.985693
0.139497,116.300307,107.985722
0.139520,116.300307,107.985878
0.139544,116.300307,107.990790
0.139596,116.300307,107.995792
0.139624,116.300307,107.999018
0.139657,116.300307,108.000509
0.139689,116.300307,108.002845
0.139715,116.300307,108.004240
0.139741,116.300307,108.011677
0.139770,116.300307,108.017725
0.139808,116.300307,108.021466
0.139857,116.300307,108.053459
0.139885,116.300307,108.062301
0.139912,116.300307,108.066166
0.139938,116.300307,108.072122
0.139963,116.300307,108.079517
0.139990,116.300307,108.088090
0.140024,116.300307,108.091827
0.140049,116.300307,108.094170
0.140079,116.300307,108.104221
0.140120,116.300307,108.104464
0.140147,116.300307,108.105434
0.140175,116.300307,108.128912
0.140201,116.300307,108.147254
0.140235,116.300307,108.161053
0.140260,116.300307,108.167382
0.140285,116.300307,108.173235
0.140319,116.300307,108.185571
0.140352,116.300307,105.903030
0.140378,116.300307,108.193126
0.140400,116.300307,108.205382
0.140429,116.300307,108.209181
0.140496,116.300307,108.209462
0.140551,116.300307,108.210352
0.140587,116.300307,108.212957
0.140612,116.300307,108.217722
0.140643,116.300307,108.222950
0.140668,116.300307,108.224278
0.140691,116.300307,108.232506
0.140735,116.300307,108.232624
0.140761,116.300307,108.241382
0.140788,116.300307,108.254707
0.140818,116.300307,108.261158
0.140842,116.300307,108.263203
0.140877,116.300307,108.265843
0.140907,116.300307,106.174547
0.140933,116.300307,108.267206
0.140957,116.300307,108.275837
0.141133,116.300307,108.279507
0.141157,116.300307,108.279699
0.141192,116.300307,108.341171
0.141217,116.300307,108.342614
0.141242,116.300307,108.357146
0.141275,116.300307,108.361053
0.141301,116.300307,108.369693
0.141332,116.300307,108.369872
0.141358,116.300307,108.379453
0.141397,116.300307,104.975837
0.141420,116.300307,108.315430
0.141444,116.300307,108.382054
0.141481,116.300307,108.391856
0.141518,116.300307,108.405414
0.141546,116.300307,108.409318
0.141573,116.300307,108.416499
0.141615,116.300307,108.431293
0.141642,116.300307,108.452211
0.141672,116.300307,108.454778
0.141708,116.300307,108.454854
0.141731,116.300307,108.470810
0.141767,116.300307,108.479546
0.141825,116.300307,108.485974
0.141861,116.300307,108.493053
0.141895,116.300307,108.500403
0.141925,116.300307,106.149949
0.141949,116.300307,108.500403
0.141979,116.300307,106.532563
0.142006,116.300307,108.514064
0.142048,116.300307,108.517661
0.142078,116.300307,108.519056
0.142149,116.300307,108.525126
0.142174,116.300307,108.527622
0.142203,116.300307,108.532624
0.142226,116.300307,108.553562
0.142290,116.300307,108.563782
0.142315,116.300307,108.567197
0.142418,116.300307,108.570835
0.142443,116.300307,108.579686
0.142579,116.300307,108.582086
0.142616,116.300307,105.098246
0.142643,116.300307,108.587914
0.142670,116.300307,108.588112
0.142709,116.300307,108.598032
0.142739,116.300307,108.612829
0.142762,116.300307,108.615226
0.142791,116.300307,108.616403
0.142824,116.300307,108.625213
0.142853,116.300307,108.664918
0.142880,116.300307,108.669693
0.142913,116.300307,108.670845
0.142978,116.300307,108.680682
0.143010,116.300307,108.683446
0.143033,116.300307,108.688253
0.143091,116.300307,108.691869
0.143124,116.300307,102.316563
0.143152,116.300307,108.699248
0.143175,116.300307,108.709126
0.143202,116.300307,108.714230
0.143227,116.300307,108.715430
0.143252,116.300307,108.716602
0.143279,116.300307,108.735034
0.143316,116.300307,108.742589
0.143344,116.300307,108.747322
0.143383,116.300307,108.752438
0.143410,116.300307,108.764854
0.143443,116.300307,108.796790
0.143537,116.300307,108.797158
0.143571,116.300307,108.797875
0.143603,116.300307,108.805424
0.143636,116.300307,108.806758
0.143660,116.300307,108.809114
0.143692,116.300307,108.812755
0.143725,116.300307,108.817757
0.143758,116.300307,108.819978
0.143786,116.300307,108.827632
0.143816,116.300307,108.832669
0.143842,116.300307,108.843741
0.143871,116.300307,108.848701
0.143895,116.300307,108.891837
0.143939,116.300307,108.895482
0.143971,116.300307,108.899229
0.144003,116.300307,108.904198
0.144031,116.300307,108.904400
0.144060,116.300307,108.907827
0.144085,116.300307,108.911642
0.144110,116.300307,108.911798
0.144135,116.300307,108.912829
0.144158,116.300307,108.922682
0.144218,116.300307,108.948531
0.144244,116.300307,108.948550
0.144270,116.300307,108.972019
0.144330,116.300307,108.984694
0.144354,116.300307,108.988147
0.144379,116.300307,108.990685
0.144414,116.300307,108.999248
0.144438,116.300307,109.001690
0.144480,116.300307,109.004285
0.144504,116.300307,109.010211
0.144535,116.300307,109.016509
0.144563,116.300307,109.024995
0.144593,116.300307,109.031354
0.144616,116.300307,109.031398
0.144669,116.300307,109.032435
0.144699,116.300307,109.032573
0.144727,116.300307,109.072058
0.144752,116.300307,109.074566
0.144776,116.300307,109.078448
0.144799,116.300307,109.086739
0.144827,116.300307,109.093117
0.144876,116.300307,109.104211
0.144910,116.300307,109.106608
0.144945,116.300307,109.110352
0.144984,116.300307,109.117514
0.145010,116.300307,109.122714
0.145038,116.300307,109.125139
0.145063,116.300307,109.131344
0.145190,116.300307,109.138877
0.145218,116.300307,109.143642
0.145247,116.300307,109.159878
0.145278,116.300307,105.676038
0.145302,116.300307,109.159878
0.145332,116.300307,105.676038
0.145356,116.300307,109.191856
0.145389,116.300307,109.196966
0.145414,116.300307,109.201766
0.145445,116.300307,101.987046
0.145479,116.300307,109.205363
0.145533,116.300307,109.235088
0.145570,116.300307,109.241437
0.145597,116.300307,109.247581
0.145621,116.300307,109.247670
0.145650,116.300307,109.267130
0.145697,116.300307,109.271126
0.145726,116.300307,109.272144
0.145793,116.300307,109.288125
0.145819,116.300307,109.289235
0.145843,116.300307,109.309085
0.145878,116.300307,104.193117
0.145905,116.300307,109.309085
0.145936,116.300307,104.760915
0.145963,116.300307,109.310598
0.145993,116.300307,109.316602
0.146020,116.300307,109.317776
0.146053,116.300307,109.342419
0.146092,116.300307,109.346374
0.146115,116.300307,109.347386
0.146238,116.300307,109.347606
0.146263,116.300307,109.352179
0.146297,116.300307,104.680765
0.146321,116.300307,109.352314
0.146350,116.300307,109.360854
0.146376,116.300307,109.364602
0.146407,116.300307,109.378131
0.146436,116.300307,109.383133
0.146468,116.300307,109.385546
0.146493,116.300307,109.395546
0.146522,116.300307,109.401744
0.146548,116.300307,109.409114
0.146579,116.300307,101.309302
0.146605,116.300307,107.383280
0.146627,116.300307,109.410333
0.146659,116.300307,109.415475
0.146684,116.300307,109.419046
0.146713,116.300307,109.419302
0.146740,116.300307,109.426470
0.146811,116.300307,109.437510
0.146837,116.300307,109.438499
0.146867,116.300307,109.442438
0.146892,116.300307,109.470928
0.146920,116.300307,104.113008
0.146943,116.300307,109.479482
0.147002,116.300307,109.483069
0.147027,116.300307,109.483162
0.147066,116.300307,109.484598
0.147097,116.300307,109.491805
0.147124,116.300307,109.505405
0.147151,116.300307,109.514032
0.147187,116.300307,109.519046
0.147210,116.300307,109.522717
0.147240,116.300307,109.523952
0.147263,116.300307,109.524272
0.147287,116.300307,109.526397
0.147321,116.300307,104.512893
0.147347,116.300307,107.296861
0.147368,116.300307,109.526470
0.147408,116.300307,109.526646
0.147433,116.300307,109.540112
0.147506,116.300307,101.527888
0.147529,116.300307,109.554870
0.147556,116.300307,109.567334
0.147578,116.300307,109.585734
0.147603,116.300307,109.591837
0.147629,116.300307,109.596934
0.147653,116.300307,109.600330
0.147678,116.300307,109.603094
0.147709,116.300307,109.610493
0.147735,116.300307,109.616541
0.147764,116.300307,109.620221
0.147813,116.300307,109.620285
0.147841,116.300307,109.627578
0.147872,116.300307,104.936406
0.147898,116.300307,109.635046
0.147930,116.300307,109.662320
0.147960,116.300307,100.950096
0.147980,116.300307,109.663494
0.148004,116.300307,109.681981
0.148032,116.300307,109.693334
0.148057,116.300307,109.707869
0.148091,116.300307,109.712893
0.148117,116.300307,109.722618
0.148142,116.300307,109.726406
0.148165,116.300307,109.732506
0.148203,116.300307,109.732547
0.148242,116.300307,109.734922
0.148267,116.300307,109.746138
0.148305,116.300307,109.747430
0.148330,116.300307,109.752381
0.148378,116.300307,109.753686
0.148400,116.300307,109.757510
0.148422,116.300307,109.758525
0.148446,116.300307,109.764934
0.148517,116.300307,109.766022
0.148544,116.300307,109.768266
0.148568,116.300307,109.769661
0.148594,116.300307,109.778227
0.148623,116.300307,109.784656
0.148648,116.300307,109.786909
0.148711,116.300307,109.796698
0.148739,116.300307,109.805744
0.148793,116.300307,109.821402
0.148822,116.300307,109.822643
0.148846,116.300307,109.825392
0.148873,116.300307,109.830118
0.148898,116.300307,109.832806
0.148930,116.300307,109.833715
0.148961,116.300307,108.125245
0.148985,116.300307,109.843632
0.149016,116.300307,109.854966
0.149042,116.300307,109.865853
0.149069,116.300307,109.879517
0.149091,116.300307,109.883187
0.149125,116.300307,109.885734
0.149150,116.300307,109.889466
0.149185,116.300307,102.726614
0.149208,116.300307,109.890566
0.149233,116.300307,109.894333
0.149258,116.300307,109.898224
0.149288,116.300307,109.909117
0.149332,116.300307,109.931210
0.149365,116.300307,109.938611
0.149395,116.300307,109.953597
0.149424,116.300307,109.961053
0.149517,116.300307,109.964733
0.149544,116.300307,109.967130
0.149572,116.300307,107.567206
0.149595,116.300307,109.977085
0.149624,116.300307,109.977222
0.149649,116.300307,109.990579
0.149675,116.300307,109.996570
0.149705,116.300307,109.998045
0.149729,116.300307,110.001974
0.149753,116.300307,110.012893
0.149780,116.300307,110.020051
0.149802,116.300307,110.031274
0.149838,116.300307,110.048634
0.149862,116.300307,110.074557
0.149891,116.300307,110.103190
0.149920,116.300307,110.105350
0.149943,116.300307,110.110397
0.149995,116.300307,110.112675
0.150026,116.300307,110.125174
0.150059,116.300307,110.136208
0.150091,116.300307,110.156157
0.150116,116.300307,110.162179
0.150165,116.300307,110.164854
0.150202,116.300307,110.198246
0.150227,116.300307,110.205363
0.150252,116.300307,110.210211
0.150281,116.300307,105.612758
0.150309,116.300307,110.212851
0.150345,116.300307,110.214224
0.150375,116.300307,110.217757
0.150436,116.300307,110.242522
0.150475,116.300307,110.265843
0.150501,116.300307,110.273286
0.150526,116.300307,110.278195
0.150549,116.300307,110.280765
0.150574,116.300307,110.284410
0.150620,116.300307,110.290547
0.150644,116.300307,110.290768
0.150669,116.300307,110.301910
0.150696,116.300307,110.302803
0.150722,116.300307,110.304138
0.150749,116.300307,110.309181
0.150779,116.300307,110.310298
0.150815,116.300307,110.314013
0.150838,116.300307,110.320221
0.150864,116.300307,110.325149
0.150888,116.300307,110.326266
0.150919,116.300307,110.333747
0.150947,116.300307,110.336317
0.150975,116.300307,110.345104
0.150997,116.300307,110.347453
0.151018,116.300307,110.347558
0.151039,116.300307,110.352243
0.151065,116.300307,108.384403
0.151091,116.300307,110.353638
0.151121,116.300307,104.995718
0.151144,116.300307,110.354650
0.151182,116.300307,110.359878
0.151216,116.300307,110.363418
0.151243,116.300307,110.363430
0.151272,116.300307,110.363453
0.151300,116.300307,110.372182
0.151326,116.300307,110.384378
0.151364,116.300307,110.394490
0.151386,116.300307,110.396848
0.151417,116.300307,105.038928
0.151440,116.300307,110.400435
0.151477,116.300307,110.409082
0.151512,116.300307,110.412893
0.151537,116.300307,110.422822
0.151566,116.300307,102.410598
0.151589,116.300307,110.431526
0.151612,116.300307,110.444966
0.151634,116.300307,110.448435
0.151660,116.300307,110.452566
0.151686,116.300307,110.461008
0.151709,116.300307,110.466032
0.151737,116.300307,102.453808
0.151759,116.300307,110.467258
0.151790,116.300307,104.004406
0.151812,116.300307,110.496966
0.151839,116.300307,110.498214
0.151865,116.300307,110.517757
0.151893,116.300307,110.538960
0.151920,116.300307,110.543898
0.151942,116.300307,110.545030
0.151977,116.300307,101.832806
0.151999,116.300307,110.546205
0.152024,116.300307,110.553498
0.152053,116.300307,105.862326
0.152078,116.300307,110.590685
0.152114,116.300307,110.593053
0.152144,116.300307,110.601814
0.152169,116.300307,110.609117
0.152195,116.300307,110.617885
0.152219,116.300307,110.617990
0.152243,116.300307,110.635027
0.152270,116.300307,110.641414
0.152292,116.300307,110.647510
0.152318,116.300307,110.648630
0.152341,116.300307,110.648733
0.152365,116.300307,110.652317
0.152404,116.300307,110.652326
0.152429,116.300307,110.653533
0.152452,116.300307,110.658742
0.152483,116.300307,110.659555
0.152514,116.300307,110.660883
0.152544,116.300307,110.660989
0.152570,116.300307,110.661174
0.152598,116.300307,110.667197
0.152627,116.300307,110.679517
0.152652,116.300307,110.691846
0.152677,116.300307,110.691942
0.152700,116.300307,110.693018
0.152741,116.300307,110.704147
0.152766,116.300307,110.707734
0.152797,116.300307,110.711443
0.152825,116.300307,110.711654
0.152851,116.300307,110.712829
0.152909,116.300307,110.718995
0.152931,116.300307,110.734963
0.152958,116.300307,110.734992
0.152988,116.300307,110.738682
0.153014,116.300307,110.738746
0.153042,116.300307,110.738813
0.153107,116.300307,110.738877
0.153137,116.300307,110.739984
0.153277,116.300307,110.747453
0.153303,116.300307,110.759667
0.153326,116.300307,110.769830
0.153350,116.300307,110.771037
0.153378,116.300307,110.781907
0.153413,116.300307,109.015242
0.153438,116.300307,110.458442
0.153470,116.300307,110.784170
0.153515,116.300307,110.785693
0.153541,116.300307,110.795670
0.153564,116.300307,110.796838
0.153586,116.300307,110.800509
0.153637,116.300307,110.810301
0.153664,116.300307,110.823997
0.153689,116.300307,110.830170
0.153719,116.300307,106.589526
0.153742,116.300307,110.839987
0.153764,116.300307,110.853654
0.153795,116.300307,110.862051
0.153818,116.300307,110.862179
0.153843,116.300307,110.862202
0.153911,116.300307,110.865974
0.153937,116.300307,110.870771
0.153958,116.300307,110.893050
0.153990,116.300307,108.493126
0.154011,116.300307,110.895686
0.154039,116.300307,110.905510
0.154066,116.300307,110.906717
0.154099,116.300307,110.906790
0.154148,116.300307,110.909334
0.154202,116.300307,110.917766
0.154226,116.300307,110.919056
0.154307,116.300307,110.922643
0.154336,116.300307,110.927603
0.154360,116.300307,110.933747
0.154406,116.300307,110.941235
0.154441,116.300307,110.945971
0.154481,116.300307,110.946141
0.154536,116.300307,110.949827
0.154579,116.300307,110.957190
0.154601,116.300307,110.957277
0.154635,116.300307,110.973235
0.154667,116.300307,110.984410
0.154693,116.300307,109.819046
0.154714,116.300307,110.994406
0.154760,116.300307,111.000477
0.154783,116.300307,111.000509
0.154812,116.300307,111.001853
0.154836,116.300307,111.004438
0.154890,116.300307,111.020166
0.154914,116.300307,111.025168
0.154953,116.300307,111.030301
0.154979,116.300307,111.037622
0.155004,116.300307,111.048646
0.155027,116.300307,111.048806
0.155049,116.300307,111.053542
0.155074,116.300307,111.057456
0.155095,116.300307,111.058557
0.155118,116.300307,111.062067
0.155148,116.300307,111.082077
0.155173,116.300307,111.096838
0.155194,116.300307,111.122758
0.155245,116.300307,111.161178
0.155265,116.300307,111.163421
0.155299,116.300307,111.167165
0.155321,116.300307,111.176768
0.155375,116.300307,111.178544
0.155420,116.300307,111.188102
0.155443,116.300307,111.200432
0.155542,116.300307,111.217725
0.155569,116.300307,111.220317
0.155597,116.300307,111.222918
0.155622,116.300307,111.227830
0.155647,116.300307,111.232701
0.155676,116.300307,111.235254
0.155703,116.300307,111.248490
0.155727,116.300307,111.249885
0.155749,116.300307,111.254643
0.155777,116.300307,111.261264
0.155828,116.300307,111.263357
0.155855,116.300307,111.264838
0.155881,116.300307,111.279558
0.155912,116.300307,105.921638
0.155934,116.300307,111.282077
0.155963,116.300307,111.289373
0.155985,116.300307,111.290579
0.156014,116.300307,111.293053
0.156048,116.300307,111.333725
0.156075,116.300307,111.335002
0.156116,116.300307,111.335101
0.156139,116.300307,111.343888
0.156163,116.300307,111.348742
0.156191,116.300307,103.336518
0.156213,116.300307,111.352464
0.156240,116.300307,106.140240
0.156261,116.300307,111.354851
0.156290,116.300307,111.368614
0.156312,116.300307,111.376947
0.156341,116.300307,111.378237
0.156372,116.300307,106.364733
0.156396,116.300307,109.148701
0.156417,116.300307,111.388240
0.156443,116.300307,111.392070
0.156475,116.300307,111.393178
0.156504,116.300307,104.930326
0.156525,116.300307,111.400435
0.156557,116.300307,111.403126
0.156582,116.300307,111.406781
0.156679,116.300307,111.414064
0.156714,116.300307,111.431347
0.156740,116.300307,111.434963
0.156764,116.300307,111.434970
0.156836,116.300307,111.438579
0.156870,116.300307,107.754813
0.156893,116.300307,111.439898
0.156982,116.300307,111.464630
0.157025,116.300307,111.468550
0.157052,116.300307,111.495594
0.157074,116.300307,111.501661
0.157102,116.300307,111.520326
0.157124,116.300307,111.523773
0.157148,116.300307,111.535037
0.157176,116.300307,111.538611
0.157203,116.300307,111.549885
0.157226,116.300307,111.556310
0.157276,116.300307,111.557590
0.157299,116.300307,111.567107
0.157324,116.300307,111.573430
0.157370,116.300307,111.574557
0.157424,116.300307,111.574653
0.157446,116.300307,111.616774
0.157477,116.300307,111.618070
0.157504,116.300307,111.635158
0.157532,116.300307,111.638771
0.157562,116.300307,111.649821
0.157595,116.300307,111.649834
0.157623,116.300307,111.652186
0.157760,116.300307,111.655987
0.157784,116.300307,111.659926
0.157810,116.300307,111.664666
0.157834,116.300307,111.685555
0.157867,116.300307,110.347453
0.157894,116.300307,111.691869
0.157927,116.300307,106.016563
0.157954,116.300307,111.702698
0.157977,116.300307,111.705670
0.158005,116.300307,111.716602
0.158034,116.300307,110.275958
0.158055,116.300307,111.716602
0.158083,116.300307,111.031606
0.158105,116.300307,111.717722
0.158150,116.300307,111.722758
0.158173,116.300307,111.742406
0.158196,116.300307,111.743773
0.158219,116.300307,111.754707
0.158240,116.300307,111.754739
0.158275,116.300307,111.756090
0.158305,116.300307,107.515446
0.158326,116.300307,111.759958
0.158349,116.300307,111.760957
0.158397,116.300307,111.773334
0.158422,116.300307,111.779507
0.158452,116.300307,111.788122
0.158520,116.300307,111.789494
0.158547,116.300307,111.795546
0.158578,116.300307,111.805459
0.158604,116.300307,111.809299
0.158631,116.300307,111.812755
0.158661,116.300307,111.816573
0.158684,116.300307,111.817712
0.158718,116.300307,111.822618
0.158756,116.300307,111.827632
0.158789,116.300307,111.830246
0.158812,116.300307,111.841130
0.158841,116.300307,111.842512
0.158984,116.300307,111.851261
0.159009,116.300307,111.852381
0.159136,116.300307,111.868406
0.159159,116.300307,111.870771
0.159181,116.300307,111.873203
0.159211,116.300307,111.900323
0.159245,116.300307,111.900432
0.159285,116.300307,111.903062
0.159314,116.300307,111.905341
0.159346,116.300307,109.349958
0.159370,116.300307,111.905718
0.159400,116.300307,111.910330
0.159433,116.300307,110.744966
0.159495,116.300307,111.915542
0.159523,116.300307,111.921558
0.159548,116.300307,111.926429
0.159576,116.300307,111.938950
0.159598,116.300307,111.956221
0.159622,116.300307,111.957190
0.159681,116.300307,111.959878
0.159716,116.300307,105.524272
0.159739,116.300307,111.969734
0.159763,116.300307,111.979462
0.159793,116.300307,111.979645
0.159821,116.300307,112.001766
0.159845,116.300307,112.003005
0.159869,116.300307,112.008048
0.159891,116.300307,112.012733
0.159917,116.300307,112.022758
0.159939,116.300307,112.025203
0.159966,116.300307,112.037437
0.159992,116.300307,112.038707
0.160014,116.300307,112.047466
0.160042,116.300307,112.050192
0.160062,116.300307,112.057235
0.160088,116.300307,112.062051
0.160119,116.300307,107.464598
0.160143,116.300307,112.064688
0.160163,116.300307,112.075638
0.160192,116.300307,112.075942
0.160214,116.300307,112.094416
0.160241,116.300307,112.095482
0.160286,116.300307,112.101936
0.160314,116.300307,112.110454
0.160336,116.300307,112.125126
0.160358,116.300307,112.128838
0.160383,116.300307,112.132605
0.160408,116.300307,112.141302
0.160431,116.300307,112.141446
0.160481,116.300307,112.143638
0.160505,116.300307,112.143645
0.160531,116.300307,112.143862
0.160555,116.300307,112.148838
0.160579,116.300307,112.155978
0.160600,116.300307,112.159910
0.160620,116.300307,112.161053
0.160657,116.300307,112.162269
0.160719,116.300307,112.191856
0.160758,116.300307,112.196854
0.160783,116.300307,112.199293
0.160837,116.300307,112.210397
0.160862,116.300307,112.221574
0.160926,116.300307,111.762406
0.160949,116.300307,112.225050
0.160984,116.300307,112.225254
0.161005,116.300307,112.226429
0.161027,116.300307,112.226598
0.161050,116.300307,112.228755
0.161083,116.300307,111.199293
0.161107,116.300307,112.236138
0.161136,116.300307,112.239984
0.161164,116.300307,112.242458
0.161187,116.300307,112.246099
0.161255,116.300307,112.246330
0.161275,116.300307,112.255037
0.161299,116.300307,112.257254
0.161323,116.300307,112.260922
0.161356,116.300307,112.262042
0.161384,116.300307,112.264733
0.161410,116.300307,112.275894
0.161431,116.300307,112.280784
0.161528,116.300307,112.302867
0.161559,116.300307,112.309318
0.161579,116.300307,112.314077
0.161603,116.300307,112.317757
0.161676,116.300307,112.321466
0.161714,116.300307,112.329110
0.161737,116.300307,112.330077
0.161770,116.300307,112.332701
0.161793,116.300307,112.335248
0.161814,116.300307,112.343974
0.161838,116.300307,112.355030
0.161867,116.300307,112.359878
0.161899,116.300307,109.947654
0.161922,116.300307,112.360883
0.161944,116.300307,112.364688
0.161967,116.300307,112.368339
0.161992,116.300307,112.374387
0.162020,116.300307,112.379446
0.162044,116.300307,112.379462
0.162067,116.300307,112.388240
0.162092,116.300307,112.390768
0.162119,116.300307,107.178544
0.162140,116.300307,112.391731
0.162160,116.300307,112.395558
0.162184,116.300307,112.401610
0.162210,116.300307,112.402762
0.162231,116.300307,112.404157
0.162266,116.300307,112.414134
0.162287,116.300307,112.420278
0.162308,116.300307,112.426470
0.162344,116.300307,112.430256
0.162363,116.300307,112.431357
0.162388,116.300307,112.438675
0.162448,116.300307,112.449014
0.162484,116.300307,112.451030
0.162510,116.300307,112.456157
0.162535,116.300307,112.459792
0.162593,116.300307,112.464531
0.162618,116.300307,112.476989
0.162644,116.300307,112.479718
0.162664,116.300307,112.489341
0.162707,116.300307,112.494422
0.162729,116.300307,112.496765
0.162749,116.300307,112.499318
0.162773,116.300307,112.501555
0.162799,116.300307,112.510582
0.162818,116.300307,112.514294
0.162843,116.300307,112.517712
0.162878,116.300307,112.519056
0.162996,116.300307,112.525254
0.163018,116.300307,112.532605
0.163043,116.300307,112.532624
0.163065,116.300307,112.535037
0.163082,116.300307,112.545014
0.163104,116.300307,112.568378
0.163128,116.300307,112.572122
0.163155,116.300307,112.599293
0.163178,116.300307,112.600413
0.163202,116.300307,112.604374
0.163227,116.300307,112.606586
0.163262,116.300307,112.615590
0.163286,116.300307,112.617789
0.163315,116.300307,106.942483
0.163341,116.300307,112.623923
0.163376,116.300307,112.625053
0.163398,116.300307,112.625117
0.163422,116.300307,112.631347
0.163447,116.300307,112.634064
0.163508,116.300307,112.636317
0.163530,116.300307,112.636413
0.163553,116.300307,112.637830
0.163575,116.300307,112.642522
0.163600,116.300307,111.201878
0.163620,116.300307,112.642522
0.163652,116.300307,111.957526
0.163672,116.300307,112.643642
0.163708,116.300307,112.648531
0.163736,116.300307,112.648752
0.163764,116.300307,107.436528
0.163785,116.300307,112.651190
0.163810,116.300307,112.652403
0.163858,116.300307,112.661238
0.163881,116.300307,112.673238
0.163906,116.300307,112.676038
0.163934,116.300307,112.695306
0.163955,116.300307,112.710621
0.163980,116.300307,112.722611
0.163999,116.300307,112.725270
0.164026,116.300307,112.734064
0.164067,116.300307,112.735219
0.164088,116.300307,112.751197
0.164109,116.300307,112.753533
0.164133,116.300307,112.756166
0.164155,116.300307,112.757488
0.164220,116.300307,112.762166
0.164243,116.300307,112.764659
0.164271,116.300307,112.781014
0.164295,116.300307,112.784339
0.164326,116.300307,112.785587
0.164347,116.300307,112.791773
0.164370,116.300307,112.792080
0.164392,116.300307,112.795482
0.164414,116.300307,112.803014
0.164441,116.300307,112.804147
0.164500,116.300307,112.805466
0.164532,116.300307,112.817776
0.164552,116.300307,112.830064
0.164593,116.300307,112.831261
0.164625,116.300307,110.275878
0.164647,116.300307,112.836115
0.164681,116.300307,112.838886
0.164706,116.300307,112.848646
0.164728,116.300307,112.849875
0.164751,116.300307,112.852403
0.164781,116.300307,112.853498
0.164806,116.300307,112.853878
0.164827,116.300307,112.875638
0.164855,116.300307,112.878202
0.164880,116.300307,112.883091
0.164908,116.300307,112.884560
0.164937,116.300307,110.787046
0.164959,116.300307,112.884560
0.164985,116.300307,110.787046
0.165006,116.300307,112.890758
0.165026,116.300307,112.895443
0.165049,116.300307,112.899350
0.165073,116.300307,112.914054
0.165097,116.300307,112.915226
0.165131,116.300307,112.920147
0.165156,116.300307,112.926598
0.165175,116.300307,112.929110
0.165216,116.300307,112.929978
0.165242,116.300307,112.932362
0.165262,116.300307,112.933651
0.165286,116.300307,112.933968
0.165305,116.300307,112.937638
0.165327,116.300307,112.953523
0.165348,116.300307,112.962173
0.165368,116.300307,112.963357
0.165392,116.300307,112.969587
0.165418,116.300307,112.977126
0.165441,116.300307,112.978138
0.165490,116.300307,112.980659
0.165512,116.300307,112.983098
0.165537,116.300307,112.983430
0.165557,116.300307,112.990870
0.165578,116.300307,112.999290
0.165621,116.300307,112.999293
0.165644,116.300307,113.016534
0.165665,116.300307,113.019005
0.165687,116.300307,113.024995
0.165718,116.300307,108.273334
0.165741,116.300307,113.032509
0.165766,116.300307,113.035088
0.165804,116.300307,113.046141
0.165876,116.300307,113.063590
0.165898,116.300307,113.067222
0.165918,116.300307,113.073590
0.165945,116.300307,113.075846
0.165965,116.300307,113.096982
0.165991,116.300307,113.096998
0.166010,116.300307,113.101725
0.166030,116.300307,113.101757
0.166053,116.300307,113.102794
0.166073,116.300307,113.114246
0.166093,116.300307,113.117776
0.166129,116.300307,113.120275
0.166152,116.300307,113.120406
0.166171,116.300307,113.121427
0.166209,116.300307,113.133917
0.166240,116.300307,113.136474
0.166259,116.300307,113.148646
0.166279,116.300307,113.150970
0.166305,116.300307,113.159878
0.166333,116.300307,113.165821
0.166355,116.300307,113.167229
0.166379,116.300307,113.178099
0.166411,116.300307,113.178195
0.166431,116.300307,113.179485
0.166477,116.300307,113.180784
0.166512,116.300307,113.183174
0.166536,116.300307,113.185782
0.166558,116.300307,113.186941
0.166579,116.300307,113.193382
0.166621,116.300307,113.203046
0.166640,116.300307,113.210582
0.166663,116.300307,113.214230
0.166684,116.300307,113.220147
0.166707,116.300307,113.224054
0.166731,116.300307,113.236211
0.166768,116.300307,113.236342
0.166788,116.300307,113.238790
0.166811,116.300307,113.243667
0.166842,116.300307,113.246256
0.166861,116.300307,113.258426
0.166889,116.300307,113.259555
0.166922,116.300307,109.125174
0.166947,116.300307,113.260922
0.166972,116.300307,113.261168
0.166990,116.300307,113.267082
0.167013,116.300307,113.274832
0.167035,116.300307,113.278269
0.167096,116.300307,113.282141
0.167119,116.300307,113.283293
0.167141,116.300307,113.285536
0.167164,116.300307,113.285594
0.167188,116.300307,113.289309
0.167204,116.300307,113.299478
0.167230,116.300307,113.305382
0.167256,116.300307,113.314067
0.167279,116.300307,113.316470
0.167301,116.300307,113.317754
0.167337,116.300307,113.321478
0.167361,116.300307,113.322675
0.167381,116.300307,113.335286
0.167399,116.300307,113.343830
0.167420,116.300307,113.359878
0.167448,116.300307,112.676038
0.167519,116.300307,113.362214
0.167551,116.300307,113.365818
0.167584,116.300307,113.374710
0.167618,116.300307,113.377085
0.167674,116.300307,113.390621
0.167710,116.300307,113.390685
0.167738,116.300307,113.396826
0.167796,116.300307,113.401725
0.167825,116.300307,113.401766
0.167886,116.300307,113.422685
0.167909,116.300307,113.422966
0.167932,116.300307,113.426330
0.167974,116.300307,113.426454
0.167996,116.300307,113.432570
0.168028,116.300307,113.440214
0.168049,116.300307,113.447302
0.168072,116.300307,113.453533
0.168097,116.300307,113.454845
0.168118,116.300307,113.457341
0.168142,116.300307,113.465949
0.168172,116.300307,108.108029
0.168194,116.300307,113.470771
0.168231,116.300307,113.472086
0.168250,116.300307,113.484541
0.168276,116.300307,113.494205
0.168298,116.300307,113.499344
0.168323,116.300307,113.507827
0.168343,116.300307,113.512755
0.168366,116.300307,113.514198
0.168387,116.300307,113.523914
0.168410,116.300307,113.531344
0.168481,116.300307,113.531462
0.168509,116.300307,108.319238
0.168529,116.300307,113.531638
0.168550,116.300307,113.532531
0.168574,116.300307,113.550922
0.168594,116.300307,113.551037
0.168652,116.300307,113.557210
0.168686,116.300307,113.557286
0.168706,116.300307,113.557302
0.168727,116.300307,113.557414
0.168747,116.300307,113.568560
0.168765,116.300307,113.574387
0.168793,116.300307,111.841002
0.168818,116.300307,113.574672
0.168843,116.300307,108.362448
0.168862,116.300307,113.575773
0.168883,116.300307,113.577174
0.168904,116.300307,113.578259
0.168936,116.300307,113.580730
0.168959,116.300307,113.588154
0.168983,116.300307,113.593053
0.169012,116.300307,113.622547
0.169035,116.300307,113.625174
0.169058,116.300307,113.631290
0.169090,116.300307,113.672275
0.169116,116.300307,113.674710
0.169144,116.300307,113.679610
0.169168,116.300307,110.016758
0.169188,116.300307,113.687046
0.169208,116.300307,113.693018
0.169230,116.300307,113.700509
0.169267,116.300307,113.703101
0.169285,116.300307,113.708048
0.169302,116.300307,113.722611
0.169321,116.300307,113.732694
0.169345,116.300307,113.747386
0.169384,116.300307,113.747606
0.169405,116.300307,113.759878
0.169457,116.300307,113.779798
0.169490,116.300307,113.780774
0.169515,116.300307,113.789267
0.169542,116.300307,113.790790
0.169559,116.300307,113.796682
0.169594,116.300307,108.680714
0.169618,116.300307,113.796765
0.169641,116.300307,113.804122
0.169665,116.300307,113.809222
0.169686,116.300307,113.815136
0.169706,116.300307,113.821306
0.169743,116.300307,113.825270
0.169764,116.300307,113.830003
0.169786,116.300307,113.830109
0.169805,116.300307,113.846067
0.169828,116.300307,113.854832
0.169847,116.300307,113.860957
0.169893,116.300307,113.861107
0.169914,116.300307,113.863558
0.169934,116.300307,113.880682
0.169961,116.300307,113.889424
0.169995,116.300307,113.890547
0.170016,116.300307,113.899229
0.170037,116.300307,113.902982
0.170065,116.300307,113.915219
0.170087,116.300307,113.920438
0.170131,116.300307,113.926301
0.170156,116.300307,113.926461
0.170185,116.300307,113.926710
0.170209,116.300307,113.928819
0.170232,116.300307,113.932467
0.170250,116.300307,113.933747
0.170277,116.300307,113.935034
0.170302,116.300307,113.938810
0.170326,116.300307,112.498166
0.170346,116.300307,113.939914
0.170367,116.300307,113.940022
0.170387,116.300307,113.944826
0.170419,116.300307,113.944883
0.170439,116.300307,113.946301
0.170459,116.300307,113.964541
0.170488,116.300307,113.988240
0.170508,116.300307,113.989510
0.170527,116.300307,113.999478
0.170552,116.300307,114.002995
0.170576,116.300307,114.010352
0.170610,116.300307,114.019142
0.170630,116.300307,114.025158
0.170652,116.300307,114.025174
0.170675,116.300307,114.025462
0.170696,116.300307,114.030397
0.170717,116.300307,114.033747
0.170740,116.300307,114.041494
0.170791,116.300307,114.049850
0.170813,116.300307,114.051123
0.170841,116.300307,108.488275
0.170862,116.300307,114.055754
0.170887,116.300307,114.055958
0.170909,116.300307,114.074758
0.170929,116.300307,114.075824
0.170952,116.300307,107.743814
0.170971,116.300307,114.076947
0.170987,116.300307,114.084486
0.171006,116.300307,114.088214
0.171024,116.300307,114.106886
0.171042,116.300307,114.116467
0.171078,116.300307,114.117779
0.171095,116.300307,114.125117
0.171114,116.300307,114.128966
0.171129,116.300307,114.128982
0.171147,116.300307,114.130109
0.171163,116.300307,114.138918
0.171179,116.300307,114.142374
0.171197,116.300307,114.142454
0.171218,116.300307,114.162227
0.171236,116.300307,114.163504
0.171328,116.300307,114.164627
0.171351,116.300307,114.166995
0.171370,116.300307,114.167123
0.171393,116.300307,114.173398
0.171413,116.300307,114.180752
0.171439,116.300307,114.186842
0.171469,116.300307,114.194406
0.171488,116.300307,114.201894
0.171504,116.300307,114.203190
0.171524,116.300307,114.204189
0.171581,116.300307,114.208061
0.171604,116.300307,114.209171
0.171624,116.300307,114.216467
0.171650,116.300307,114.216528
0.171670,116.300307,114.220317
0.171698,116.300307,114.225213
0.171745,116.300307,114.226227
0.171766,116.300307,114.231344
0.171823,116.300307,114.239984
0.171858,116.300307,114.240093
0.171878,116.300307,114.244925
0.171897,116.300307,114.247379
0.171918,116.300307,114.252445
0.171938,116.300307,114.253670
0.171970,116.300307,104.795750
0.171991,116.300307,114.255914
0.172018,116.300307,114.272090
0.172039,116.300307,114.284464
0.172073,116.300307,114.288134
0.172093,116.300307,114.288157
0.172121,116.300307,114.290589
0.172154,116.300307,114.291805
0.172179,116.300307,114.298045
0.172200,116.300307,114.298246
0.172216,116.300307,114.301734
0.172234,116.300307,114.322934
0.172250,116.300307,114.326227
0.172274,116.300307,114.327603
0.172317,116.300307,114.345014
0.172334,116.300307,114.359603
0.172352,116.300307,114.380669
0.172370,116.300307,114.384445
0.172388,116.300307,114.384464
0.172434,116.300307,114.389267
0.172448,116.300307,114.395574
0.172473,116.300307,114.415123
0.172492,116.300307,114.415526
0.172511,116.300307,114.416602
0.172535,116.300307,111.608048
0.172556,116.300307,114.423754
0.172580,116.300307,114.428854
0.172599,116.300307,114.438794
0.172617,116.300307,114.446326
0.172634,116.300307,114.447386
0.172688,116.300307,114.447670
0.172707,116.300307,114.457382
0.172733,116.300307,109.245158
0.172752,116.300307,114.462358
0.172778,116.300307,114.474470
0.172797,116.300307,114.477139
0.172814,116.300307,114.481946
0.172836,116.300307,114.483130
0.172868,116.300307,114.484566
0.172885,116.300307,114.486835
0.172912,116.300307,114.489283
0.172947,116.300307,114.505520
0.172971,116.300307,111.298150
0.172992,116.300307,114.506650
0.173013,116.300307,114.513981
0.173034,116.300307,114.535034
0.173067,116.300307,114.557210
0.173099,116.300307,114.561085
0.173119,116.300307,114.562448
0.173139,116.300307,114.563363
0.173177,116.300307,114.564637
0.173197,116.300307,114.568445
0.173221,116.300307,114.570928
0.173246,116.300307,103.713008
0.173268,116.300307,114.589341
0.173308,116.300307,114.597917
0.173325,116.300307,114.600506
0.173348,116.300307,114.606643
0.173373,116.300307,114.610566
0.173395,116.300307,114.618938
0.173415,116.300307,114.624054
0.173438,116.300307,114.625117
0.173515,116.300307,114.625309
0.173563,116.300307,114.625398
0.173594,116.300307,114.627632
0.173636,116.300307,114.631574
0.173662,116.300307,114.633968
0.173685,116.300307,114.653565
0.173720,116.300307,114.658390
0.173746,116.300307,114.672166
0.173773,116.300307,114.674870
0.173815,116.300307,114.693043
0.173845,116.300307,114.693136
0.173877,116.300307,103.835216
0.173900,116.300307,114.693136
0.173927,116.300307,114.694470
0.173944,116.300307,114.702803
0.173964,116.300307,114.702909
0.173983,116.300307,114.706515
0.174013,116.300307,114.707997
0.174030,116.300307,114.712934
0.174050,116.300307,114.722790
0.174070,116.300307,114.745994
0.174095,116.300307,114.750915
0.174125,116.300307,114.759878
0.174152,116.300307,114.331517
0.174172,116.300307,114.759878
0.174195,116.300307,114.331517
0.174214,116.300307,114.765885
0.174232,116.300307,114.767066
0.174254,116.300307,114.780861
0.174279,116.300307,114.790586
0.174447,116.300307,114.795750
0.174499,116.300307,114.796806
0.174521,116.300307,114.800854
0.174541,116.300307,114.801654
0.174558,116.300307,114.809011
0.174580,116.300307,114.812659
0.174610,116.300307,114.812870
0.174631,116.300307,114.821331
0.174648,116.300307,114.821718
0.174671,116.300307,114.828794
0.174702,116.300307,114.828989
0.174721,116.300307,114.846074
0.174745,116.300307,114.846211
0.174773,116.300307,114.847251
0.174793,116.300307,114.864730
0.174819,116.300307,113.424086
0.174838,116.300307,114.864838
0.174860,116.300307,114.872221
0.174878,116.300307,114.872374
0.174896,116.300307,114.874589
0.174928,116.300307,109.177075
0.174950,116.300307,114.884486
0.174964,116.300307,114.885546
0.174984,116.300307,114.895411
0.175000,116.300307,114.899155
0.175021,116.300307,114.901894
0.175036,116.300307,114.903126
0.175064,116.300307,114.907869
0.175085,116.300307,114.913014
0.175125,116.300307,114.920368
0.175144,116.300307,114.926330
0.175176,116.300307,114.931411
0.175194,116.300307,114.939984
0.175251,116.300307,114.951382
0.175268,116.300307,114.959667
0.175291,116.300307,114.975763
0.175314,116.300307,114.975782
0.175333,116.300307,114.975898
0.175356,116.300307,111.313046
0.175374,116.300307,114.977110
0.175396,116.300307,114.990774
0.175419,116.300307,114.990886
0.175438,116.300307,114.991869
0.175500,116.300307,114.995750
0.175526,116.300307,114.996595
0.175550,116.300307,115.001744
0.175621,116.300307,108.669734
0.175642,116.300307,115.004432
0.175673,116.300307,115.010406
0.175727,116.300307,115.014288
0.175747,116.300307,115.019078
0.175767,116.300307,115.021450
0.175788,116.300307,115.026266
0.175821,116.300307,115.027709
0.175867,116.300307,115.042451
0.175882,116.300307,115.045114
0.175902,116.300307,115.049949
0.175920,116.300307,115.051155
0.175940,116.300307,115.057446
0.175959,116.300307,115.061030
0.175981,116.300307,115.063203
0.176023,116.300307,115.064838
0.176039,116.300307,115.065981
0.176060,116.300307,115.072294
0.176075,116.300307,115.075706
0.176097,116.300307,115.086963
0.176114,116.300307,115.090550
0.176135,116.300307,115.095702
0.176151,116.300307,115.098102
0.176166,116.300307,115.100410
0.176188,116.300307,115.101766
0.176210,116.300307,115.108054
0.176230,116.300307,115.112854
0.176248,116.300307,115.122717
0.176279,116.300307,108.278365
0.176300,116.300307,115.124272
0.176403,116.300307,115.131114
0.176422,116.300307,115.141254
0.176477,116.300307,115.142406
0.176605,116.300307,115.143539
0.176643,116.300307,115.145030
0.176662,116.300307,115.152314
0.176690,116.300307,115.155965
0.176711,116.300307,115.170845
0.176730,116.300307,115.174490
0.176752,116.300307,115.178237
0.176774,116.300307,115.178365
0.176795,116.300307,115.182134
0.176814,116.300307,115.184502
0.176835,116.300307,115.188061
0.176852,116.300307,115.188400
0.176871,116.300307,115.190726
0.176889,116.300307,115.195670
0.176907,116.300307,115.195686
0.176925,116.300307,115.198010
0.176944,116.300307,115.205347
0.176984,116.300307,115.214013
0.177001,116.300307,115.216509
0.177022,116.300307,115.216602
0.177045,116.300307,115.217651
0.177062,116.300307,115.217747
0.177078,116.300307,115.222643
0.177095,116.300307,115.230045
0.177116,116.300307,115.232403
0.177133,116.300307,115.236083
0.177148,116.300307,115.246480
0.177164,116.300307,115.247590
0.177182,116.300307,115.248854
0.177198,116.300307,115.249917
0.177238,116.300307,115.258621
0.177255,116.300307,115.260861
0.177276,116.300307,115.278061
0.177307,116.300307,111.347382
0.177358,116.300307,115.291731
0.177374,116.300307,115.291866
0.177399,116.300307,109.929078
0.177420,116.300307,115.298003
0.177442,116.300307,115.299306
0.177499,116.300307,115.299510
0.177517,116.300307,115.304157
0.177537,116.300307,115.315302
0.177555,116.300307,115.315430
0.177573,116.300307,115.317757
0.177628,116.300307,115.322886
0.177661,116.300307,115.323965
0.177682,116.300307,115.331347
0.177702,116.300307,115.331382
0.177719,116.300307,115.334934
0.177736,116.300307,115.334941
0.177756,116.300307,115.342522
0.177779,116.300307,112.533968
0.177797,116.300307,115.363517
0.177813,116.300307,115.364861
0.177828,116.300307,115.375859
0.177849,116.300307,115.388157
0.177871,116.300307,115.388230
0.177886,116.300307,115.388240
0.177917,116.300307,115.396691
0.177936,116.300307,115.398262
0.177951,116.300307,115.399453
0.177972,116.300307,115.400678
0.177987,116.300307,115.403059
0.178002,116.300307,115.409142
0.178020,116.300307,115.417661
0.178043,116.300307,115.419037
0.178059,116.300307,115.421437
0.178076,116.300307,115.421456
0.178089,116.300307,115.426227
0.178117,116.300307,113.643571
0.178137,116.300307,115.435101
0.178153,116.300307,115.441254
0.178171,116.300307,115.448918
0.178190,116.300307,115.453638
0.178215,116.300307,104.595718
0.178235,116.300307,115.453670
0.178252,116.300307,115.457139
0.178282,116.300307,110.279443
0.178303,116.300307,115.457360
0.178326,116.300307,105.999440
0.178345,116.300307,113.194486
0.178362,116.300307,115.477085
0.178400,116.300307,115.487005
0.178421,116.300307,115.496848
0.178447,116.300307,104.638928
0.178476,116.300307,115.501722
0.178500,116.300307,115.507802
0.178520,116.300307,115.508054
0.178537,116.300307,115.510333
0.178560,116.300307,115.512730
0.178606,116.300307,115.520374
0.178623,116.300307,115.525075
0.178666,116.300307,115.526426
0.178688,116.300307,115.535088
0.178722,116.300307,115.536275
0.178744,116.300307,115.537622
0.178762,116.300307,115.541139
0.178779,116.300307,115.554877
0.178797,116.300307,115.557494
0.178813,116.300307,115.575846
0.178844,116.300307,104.717926
0.178865,116.300307,115.576883
0.178885,116.300307,115.580755
0.178902,116.300307,115.589526
0.178921,116.300307,115.598086
0.178940,116.300307,115.612893
0.178955,116.300307,115.620253
0.178968,116.300307,115.621437
0.178990,116.300307,115.632435
0.179012,116.300307,115.633917
0.179029,116.300307,115.648806
0.179050,116.300307,115.653629
0.179106,116.300307,115.654778
0.179137,116.300307,115.657488
0.179156,116.300307,115.660714
0.179172,116.300307,115.688093
0.179195,116.300307,115.691827
0.179215,116.300307,115.693011
0.179230,116.300307,115.699312
0.179243,116.300307,115.701610
0.179275,116.300307,115.701843
0.179295,116.300307,115.705437
0.179315,116.300307,115.706672
0.179328,116.300307,115.724006
0.179343,116.300307,115.731344
0.179366,116.300307,115.738790
0.179387,116.300307,115.749942
0.179406,116.300307,115.751197
0.179426,116.300307,115.753533
0.179445,116.300307,115.753562
0.179559,116.300307,115.763478
0.179577,116.300307,115.770982
0.179593,116.300307,115.774662
0.179611,116.300307,115.791862
0.179630,116.300307,115.796861
0.179649,116.300307,115.802938
0.179669,116.300307,115.802992
0.179694,116.300307,115.805523
0.179710,116.300307,115.810362
0.179732,116.300307,115.810426
0.179747,116.300307,115.811654
0.179770,116.300307,112.490758
0.179788,116.300307,115.815270
0.179807,116.300307,115.818858
0.179833,116.300307,115.827613
0.179850,116.300307,115.829046
0.179869,116.300307,115.836432
0.179887,116.300307,115.840022
0.179900,116.300307,115.846288
0.179915,116.300307,115.853638
0.179932,116.300307,115.858394
0.179955,116.300307,115.858493
0.179975,116.300307,115.864854
0.179989,116.300307,115.877014
0.180006,116.300307,115.883187
0.180027,116.300307,115.884454
0.180048,116.300307,115.884694
0.180066,116.300307,115.901818
0.180091,116.300307,112.238966
0.180108,116.300307,115.907798
0.180125,116.300307,115.926598
0.180138,116.300307,115.927670
0.180152,116.300307,115.927824
0.180169,116.300307,115.930170
0.180197,116.300307,106.189526
0.180216,116.300307,114.520368
0.180234,116.300307,115.953629
0.180251,116.300307,115.969619
0.180267,116.300307,115.972019
0.180294,116.300307,115.973488
0.180310,116.300307,115.980829
0.180347,116.300307,115.981786
0.180372,116.300307,115.983325
0.180386,116.300307,115.994365
0.180402,116.300307,116.013046
0.180421,116.300307,116.016467
0.180435,116.300307,116.022643
0.180455,116.300307,116.022653
0.180506,116.300307,116.026330
0.180524,116.300307,116.027686
0.180549,116.300307,116.027741
0.180566,116.300307,116.030054
0.180583,116.300307,116.033974
0.180599,116.300307,116.036214
0.180612,116.300307,116.039859
0.180629,116.300307,116.045994
0.180642,116.300307,116.046141
0.180686,116.300307,116.053734
0.180701,116.300307,116.055030
0.180725,116.300307,116.067005
0.180742,116.300307,116.070963
0.180759,116.300307,116.081885
0.180778,116.300307,116.082230
0.180794,116.300307,116.083069
0.180811,116.300307,116.088240
0.180832,116.300307,109.101926
0.180850,116.300307,116.088240
0.180869,116.300307,109.101926
0.180886,116.300307,116.089322
0.180904,116.300307,116.091933
0.180954,116.300307,116.094544
0.180969,116.300307,116.100410
0.180989,116.300307,116.100435
0.181005,116.300307,116.106672
0.181017,116.300307,116.112947
0.181035,116.300307,116.116467
0.181059,116.300307,116.117878
0.181073,116.300307,116.131267
0.181105,116.300307,116.137565
0.181120,116.300307,116.140157
0.181136,116.300307,116.149885
0.181153,116.300307,116.151027
0.181172,116.300307,116.153638
0.181189,116.300307,116.155965
0.181207,116.300307,116.159878
0.181229,116.300307,111.171037
0.181248,116.300307,116.159878
0.181273,116.300307,111.171037
0.181290,116.300307,116.173510
0.181309,116.300307,116.185658
0.181326,116.300307,116.198141
0.181342,116.300307,116.206675
0.181360,116.300307,116.216694
0.181388,116.300307,116.217786
0.181412,116.300307,110.854998
0.181431,116.300307,116.219056
0.181472,116.300307,116.222618
0.181492,116.300307,116.239891
0.181508,116.300307,116.241213
0.181526,116.300307,116.241277
0.181541,116.300307,116.241350
0.181554,116.300307,116.247414
0.181567,116.300307,116.255786
0.181578,116.300307,116.255958
0.181595,116.300307,116.270941
0.181608,116.300307,116.272058
0.181628,116.300307,116.272157
0.181669,116.300307,116.278003
0.181684,116.300307,116.278397
0.181701,116.300307,116.279331
0.181720,116.300307,116.279510
0.181736,116.300307,116.281981
0.181760,116.300307,116.285734
0.181776,116.300307,116.287158
0.181788,116.300307,116.290781
0.181805,116.300307,116.298032
0.181827,116.300307,109.966022
0.181845,116.300307,116.300307
