Time,UB,LB
0.000000,623.264304,23.648870
0.000146,623.264304,24.613398
0.000183,623.264304,24.654179
0.000217,623.264304,27.141270
0.000273,623.264304,27.535610
0.000303,623.264304,28.067190
0.000362,623.264304,29.092438
0.000442,623.264304,30.117078
0.000494,623.264304,31.465270
0.000537,623.264304,31.691120
0.000570,623.264304,32.397366
0.000639,623.264304,32.552378
0.001156,623.264304,32.671446
0.001214,623.264304,32.870254
0.001260,623.264304,33.203478
0.001354,623.264304,33.217078
0.001412,623.264304,33.262795
0.001499,623.264304,33.805304
0.001533,623.264304,33.991130
0.001573,623.264304,34.188715
0.001622,623.264304,34.552974
0.001689,623.264304,34.777520
0.001723,623.264304,34.866486
0.001775,623.264304,34.908426
0.001834,623.264304,34.952378
0.001891,623.264304,35.317662
0.001936,623.264304,35.682477
0.001970,623.264304,35.686198
0.002070,623.264304,35.946626
0.002184,623.264304,36.156598
0.002225,623.264304,36.289878
0.002275,623.264304,36.629328
0.002310,623.264304,36.872546
0.002425,623.264304,37.082486
0.002462,623.264304,37.377546
0.002499,623.264304,37.868880
0.002549,623.264304,38.155318
0.002585,623.264304,38.213398
0.002625,623.264304,38.337832
0.002662,623.264304,38.351638
0.002764,623.264304,38.879219
0.002801,623.264304,39.209622
0.002838,623.264304,39.376278
0.002873,623.264304,39.518262
0.002907,623.264304,39.551606
0.002949,623.264304,39.804726
0.003005,623.264304,39.821942
0.003041,623.264304,40.203446
0.003076,623.264304,40.465822
0.003176,623.264304,41.228086
0.003213,623.264304,41.293533
0.003262,623.264304,41.438038
0.003311,623.264304,41.496074
0.003362,623.264304,41.528118
0.003405,623.264304,41.591027
0.003449,623.264304,41.632446
0.003492,623.264304,42.273846
0.003543,623.264304,42.277427
0.003588,623.264304,42.317630
0.003679,623.264304,42.576310
0.003733,623.264304,42.604662
0.003779,623.264304,42.728029
0.003817,623.264304,42.755254
0.003882,623.264304,42.757686
0.003973,623.264304,42.959526
0.004082,623.264304,43.289846
0.004125,623.264304,43.342270
0.004163,623.264304,43.379958
0.004203,623.264304,43.444086
0.004244,623.264304,43.586118
0.004281,623.264304,43.686134
0.004338,623.264304,43.868254
0.004385,623.264304,43.885446
0.004503,623.264304,43.989814
0.004550,623.264304,44.024390
0.004585,623.264304,44.171934
0.004659,623.264304,44.253390
0.004696,623.264304,44.294870
0.004750,623.264304,44.314486
0.004845,623.264304,44.565758
0.004911,623.264304,44.787398
0.004970,623.264304,44.833046
0.005023,623.264304,44.861430
0.005074,623.264304,44.869438
0.005129,623.264304,45.079974
0.005174,623.264304,45.097218
0.005415,623.264304,45.253958
0.005457,623.264304,45.257034
0.005537,623.264304,45.294707
0.005584,623.264304,45.308253
0.005630,623.264304,45.537974
0.005727,623.264304,45.547798
0.005778,623.264304,45.614493
0.005853,623.264304,45.687886
0.005900,623.264304,45.800318
0.005960,623.264304,45.841654
0.006046,623.264304,45.916979
0.006094,623.264304,46.091030
0.006150,623.264304,46.103998
0.006230,623.264304,46.123083
0.006294,623.264304,46.123139
0.006340,623.264304,46.309574
0.006391,623.264304,46.461366
0.006448,623.264304,46.489174
0.006568,623.264304,46.524307
0.006619,623.264304,46.561411
0.006663,623.264304,46.772534
0.006724,623.264304,46.777398
0.006795,623.264304,46.997869
0.006966,623.264304,47.048989
0.007068,623.264304,47.076214
0.007128,623.264304,47.083638
0.007228,623.264304,47.149600
0.007315,623.264304,47.197768
0.007369,623.264304,47.226211
0.007415,623.264304,47.272598
0.007476,623.264304,47.398451
0.007534,623.264304,47.415094
0.007853,623.264304,47.420654
0.007920,623.264304,47.473693
0.007967,623.264304,47.515094
0.008228,623.264304,47.690966
0.008274,623.264304,47.726806
0.008318,623.264304,47.770013
0.008358,623.264304,47.843406
0.008399,623.264304,48.084819
0.008445,623.264304,48.152131
0.008580,623.264304,48.194838
0.008650,623.264304,48.268110
0.008694,623.264304,48.313206
0.008738,623.264304,48.555229
0.008878,623.264304,48.558870
0.008991,623.264304,48.565110
0.009050,623.264304,48.724339
0.009102,623.264304,48.777464
0.009296,623.264304,48.926152
0.009389,623.264304,48.935478
0.009475,623.264304,48.946574
0.009725,623.264304,48.956406
0.009785,623.264304,49.023616
0.009934,623.264304,49.154022
0.009986,623.264304,49.204509
0.010039,623.264304,49.251478
0.010100,623.264304,49.314419
0.010178,623.264304,49.323133
0.010256,623.264304,49.332256
0.010329,623.264304,49.346419
0.010496,623.264304,49.526699
0.010578,623.264304,49.552378
0.010832,623.264304,49.620659
0.010890,623.264304,49.629213
0.010941,623.264304,49.781134
0.011142,623.264304,49.989174
0.011314,623.264304,49.993366
0.011375,623.264304,50.008846
0.011427,623.264304,50.199613
0.011631,623.264304,50.263827
0.011697,623.264304,50.287254
0.011764,623.264304,50.373082
0.011937,623.264304,50.481078
0.012041,623.264304,50.640358
0.012095,623.264304,50.670245
0.012141,623.264304,50.681722
0.012208,623.264304,50.757629
0.012293,623.264304,50.762550
0.012392,623.264304,50.787318
0.012449,623.264304,50.850227
0.012502,623.264304,50.876165
0.012568,623.264304,50.915094
0.012704,623.264304,51.017518
0.012753,623.264304,51.041638
0.012803,623.264304,51.060118
0.012875,623.264304,51.104558
0.012944,623.264304,51.182333
0.013022,623.264304,51.218224
0.013083,623.264304,51.332795
0.013165,623.264304,51.362557
0.013218,623.264304,51.369949
0.013269,623.264304,51.421942
0.013344,623.264304,51.430486
0.013401,623.264304,51.493427
0.013541,623.264304,51.493445
0.013620,623.264304,51.518728
0.013675,623.264304,51.566888
0.013735,623.264304,51.634109
0.013790,623.264304,51.650390
0.013862,623.264304,51.729115
0.013946,623.264304,51.735446
0.014004,623.264304,51.812038
0.014060,623.264304,51.821856
0.014124,623.264304,51.841638
0.014183,623.264304,51.844325
0.014271,623.264304,51.883606
0.014424,623.264304,52.158806
0.014483,623.264304,52.164366
0.014535,623.264304,52.177464
0.014738,623.264304,52.289718
0.014803,623.264304,52.319293
0.014857,623.264304,52.346574
0.014928,623.264304,52.355133
0.014982,623.264304,52.414267
0.015057,623.264304,52.443086
0.015116,623.264304,52.541590
0.015182,623.264304,52.660086
0.015234,623.264304,52.760134
0.015295,623.264304,52.794710
0.015355,623.264304,52.879830
0.015407,623.264304,52.927990
0.015461,623.264304,52.953224
0.015514,623.264304,53.013254
0.015579,623.264304,53.128086
0.015637,623.264304,53.145309
0.015698,623.264304,53.159470
0.015756,623.264304,53.177379
0.015814,623.264304,53.182958
0.015881,623.264304,53.278742
0.015958,623.264304,53.518077
0.016015,623.264304,53.525469
0.016105,623.264304,53.578659
0.016232,623.264304,53.597139
0.016302,623.264304,53.647118
0.016382,623.264304,53.650784
0.016501,623.264304,53.722408
0.016569,623.264304,53.771190
0.016674,623.264304,53.789629
0.016755,623.264304,53.890966
0.016862,623.264304,53.893451
0.017170,623.264304,53.934458
0.017305,623.264304,53.977376
0.017369,623.264304,53.989734
0.017438,623.264304,54.024310
0.017505,623.264304,54.049646
0.017619,623.264304,54.242854
0.017763,623.264304,54.243098
0.017914,623.264304,54.314326
0.018005,623.264304,54.322414
0.018064,623.264304,54.349059
0.018143,623.264304,54.378659
0.018316,623.264304,54.437541
0.018388,623.264304,54.484733
0.018448,623.264304,54.494726
0.018515,623.264304,54.502035
0.018575,623.264304,54.520573
0.026721,617.293541,54.520573
0.031738,610.639821,54.520573
0.034210,606.221341,54.520573
0.035393,596.172581,54.520573
0.063067,593.081221,54.520573
0.064071,584.365741,54.520573
0.079582,583.748461,54.520573
0.085584,570.515781,54.520573
0.108675,565.995418,54.520573
0.149113,563.639406,54.520573
0.149934,556.775766,54.520573
0.166009,552.651646,54.520573
0.176613,541.073966,54.520573
0.180644,533.554806,54.520573
0.280152,532.178926,54.520573
0.283674,529.537526,54.520573
0.287251,522.051646,54.520573
0.367309,518.498795,54.520573
0.367448,504.832075,54.520573
0.547712,504.238723,54.520573
0.725409,499.717763,54.520573
0.728690,497.989379,54.520573
0.729600,494.509723,54.520573
0.816678,489.886181,54.520573
0.846453,489.831363,54.520573
0.982143,487.725701,54.520573
1.052349,481.657768,54.520573
1.061386,479.680123,54.520573
1.190494,476.958971,54.520573
1.251095,472.631299,54.520573
1.447225,472.476504,54.520573
1.479059,466.639400,54.520573
1.494352,460.663568,54.520573
1.796969,457.904907,54.520573
3.618248,454.825861,54.520573
3.990690,448.719691,54.520573
4.065014,443.935790,54.520573
4.847863,442.207406,54.520573
5.266795,433.361714,54.520573
6.026349,431.136776,54.520573
6.216297,430.773248,54.520573
6.269356,426.676312,54.520573
7.266831,425.451765,54.520573
7.308707,424.305517,54.520573
7.321335,420.825861,54.520573
18.580696,415.292491,54.520573
19.224824,413.081422,54.520573
20.052681,410.907045,54.520573
23.803006,407.834542,54.520573
23.827070,404.853010,54.520573
25.275885,404.120368,54.520573
25.478045,403.191952,54.520573
27.521970,396.703837,54.520573
27.782275,394.958333,54.520573
28.597859,393.649141,54.520573
32.378882,391.898690,54.520573
38.146045,388.261714,54.520573
38.911549,384.105117,54.520573
38.964436,381.936776,54.520573
39.135837,381.573248,54.520573
39.167970,380.198979,54.520573
39.183757,377.476312,54.520573
40.101663,375.725861,54.520573
44.348357,375.164027,54.520573
44.643025,375.095254,54.520573
44.643103,371.045910,54.520573
44.653673,369.949750,54.520573
45.644885,365.582019,54.520573
46.593498,363.910403,54.520573
48.199455,359.790640,54.520573
54.510556,359.294763,54.520573
55.289006,357.644312,54.520573
57.365870,357.389050,54.520573
57.365967,350.666003,54.520573
61.039512,350.012922,54.520573
61.124260,349.640816,54.520573
61.124357,342.917770,54.520573
62.917100,340.286446,54.520573
62.934150,339.637245,54.520573
62.934223,338.800598,54.520573
66.862932,336.172179,54.520573
66.928555,335.378013,54.520573
66.928633,334.541366,54.520573
67.735834,328.123603,54.520573
67.735910,327.286957,54.520573
68.113760,320.897792,54.520573
125.020899,319.529406,54.520573
125.100259,319.509835,54.520573
125.102621,319.350744,54.520573
125.178357,315.564691,54.520573
125.178421,313.164896,54.520573
131.787272,313.003595,54.520573
131.801465,312.984024,54.520573
131.818260,309.661120,54.520573
138.066598,305.232416,54.520573
138.122065,305.164075,54.520573
151.307063,301.360714,54.520573
151.312089,294.047478,54.520573
152.570160,290.921667,54.520573
184.161923,287.605654,54.520573
196.478948,287.218571,54.520573
196.500706,280.615000,54.520573
230.426114,279.621770,54.520573
230.979123,276.121587,54.520573
231.217488,275.756154,54.520573
231.226700,268.329088,54.520573
231.555003,259.984675,54.520573
241.400544,257.450189,54.520573
241.697532,252.006886,54.520573
241.699473,247.710701,54.520573
241.745256,247.147690,54.520573
289.148354,244.894669,54.520573
291.327285,241.216736,54.520573
292.176752,237.581573,54.520573
292.181134,230.501923,54.520573
554.294154,230.501923,54.593966
554.294198,230.501923,54.745318
554.294243,230.501923,54.763798
554.294342,230.501923,54.793427
554.294386,230.501923,54.826739
554.294435,230.501923,54.887238
554.294483,230.501923,55.078611
554.294531,230.501923,55.083510
554.294581,230.501923,55.088470
554.294631,230.501923,55.090920
554.294691,230.501923,55.177366
554.294743,230.501923,55.279150
554.294789,230.501923,55.314990
554.294834,230.501923,55.331731
554.294893,230.501923,55.338478
554.294943,230.501923,55.470134
554.295014,230.501923,55.507158
554.295077,230.501923,55.515718
554.295129,230.501923,55.579232
554.295273,230.501923,55.587286
554.295344,230.501923,55.683517
554.295391,230.501923,55.724326
554.295444,230.501923,55.773814
554.295508,230.501923,55.887872
554.295573,230.501923,55.955069
554.295621,230.501923,55.989789
554.295668,230.501923,55.993398
554.295768,230.501923,56.024294
554.295831,230.501923,56.041638
554.295874,230.501923,56.082315
554.295944,230.501923,56.215549
554.295997,230.501923,56.266416
554.296062,230.501923,56.307019
554.296123,230.501923,56.412486
554.296184,230.501923,56.477934
554.296229,230.501923,56.498390
554.296286,230.501923,56.501462
554.296349,230.501923,56.561331
554.296407,230.501923,56.576621
554.296486,230.501923,56.615718
554.296552,230.501923,56.676093
554.296602,230.501923,56.706867
554.296651,230.501923,56.749486
554.296701,230.501923,56.755254
554.296776,230.501923,56.781014
554.296836,230.501923,56.816854
554.296892,230.501923,57.024368
554.296963,230.501923,57.024438
554.297032,230.501923,57.035982
554.297093,230.501923,57.071822
554.297147,230.501923,57.208150
554.297204,230.501923,57.243990
554.297260,230.501923,57.300819
554.297316,230.501923,57.424259
554.297366,230.501923,57.583475
554.297419,230.501923,57.623030
554.297489,230.501923,57.677917
554.297567,230.501923,57.719904
554.297822,230.501923,57.727990
554.297901,230.501923,57.785219
554.297970,230.501923,57.839037
554.298019,230.501923,57.841574
554.298090,230.501923,57.874867
554.298133,230.501923,57.884730
554.298186,230.501923,57.980240
554.298381,230.501923,57.989814
554.298453,230.501923,58.012488
554.298515,230.501923,58.048328
554.298571,230.501923,58.138478
554.298634,230.501923,58.145309
554.298685,230.501923,58.176122
554.298741,230.501923,58.209299
554.298795,230.501923,58.373597
554.298849,230.501923,58.377398
554.298924,230.501923,58.391514
554.298989,230.501923,58.467478
554.299046,230.501923,58.482874
554.299098,230.501923,58.489640
554.299174,230.501923,58.558227
554.299228,230.501923,58.561315
554.299289,230.501923,58.563830
554.299351,230.501923,58.578659
554.299398,230.501923,58.585957
554.299464,230.501923,58.679219
554.299526,230.501923,58.692712
554.299657,230.501923,58.698117
554.299800,230.501923,58.727245
554.299851,230.501923,58.852630
554.299918,230.501923,58.877029
554.300034,230.501923,58.949646
554.300084,230.501923,58.984630
554.300148,230.501923,59.006757
554.300233,230.501923,59.055061
554.300398,230.501923,59.071174
554.300477,230.501923,59.185669
554.300541,230.501923,59.201200
554.300622,230.501923,59.276022
554.300680,230.501923,59.323046
554.300749,230.501923,59.334166
554.300814,230.501923,59.363701
554.300882,230.501923,59.366230
554.300940,230.501923,59.373590
554.301003,230.501923,59.380112
554.301060,230.501923,59.440275
554.301114,230.501923,59.532795
554.301171,230.501923,59.558144
554.301239,230.501923,59.621198
554.301295,230.501923,59.685318
554.301392,230.501923,59.727974
554.301460,230.501923,59.731667
554.301517,230.501923,59.740872
554.301581,230.501923,59.745318
554.301629,230.501923,59.837682
554.301708,230.501923,59.848782
554.301969,230.501923,59.854179
554.302042,230.501923,59.876278
554.302113,230.501923,60.053814
554.302170,230.501923,60.160051
554.302241,230.501923,60.179958
554.302311,230.501923,60.310749
554.302362,230.501923,60.335651
554.302499,230.501923,60.357262
554.302573,230.501923,60.361731
554.302695,230.501923,60.392029
554.302756,230.501923,60.552646
554.302826,230.501923,60.644291
554.302894,230.501923,60.670371
554.302965,230.501923,60.672560
554.303035,230.501923,60.685965
554.303118,230.501923,60.703446
554.303177,230.501923,60.838734
554.303290,230.501923,60.864814
554.303364,230.501923,60.966170
554.303424,230.501923,61.064950
554.303484,230.501923,61.118109
554.303552,230.501923,61.257562
554.303610,230.501923,61.326710
554.303687,230.501923,61.389651
554.303763,230.501923,61.453958
554.303844,230.501923,61.499728
554.303903,230.501923,61.521750
554.303965,230.501923,61.753165
554.304016,230.501923,61.776718
554.304070,230.501923,61.797110
554.304150,230.501923,61.830438
554.304219,230.501923,61.877824
554.304299,230.501923,61.909395
554.304359,230.501923,61.915451
554.304571,230.501923,61.939642
554.304632,230.501923,61.947574
554.304697,230.501923,61.990918
554.304781,230.501923,62.208794
554.304837,230.501923,62.326088
554.304902,230.501923,62.347709
554.304975,230.501923,62.368168
554.305049,230.501923,62.424438
554.305111,230.501923,62.430925
554.305166,230.501923,62.521715
554.305241,230.501923,62.556310
554.305317,230.501923,62.559528
554.305449,230.501923,62.581056
554.305529,230.501923,62.597053
554.305589,230.501923,62.689547
554.305667,230.501923,62.774702
554.305737,230.501923,62.813107
554.305800,230.501923,63.018720
554.305961,230.501923,63.040406
554.306023,230.501923,63.213163
554.306134,230.501923,63.309914
554.306232,230.501923,63.525494
554.306317,230.501923,63.612086
554.306381,230.501923,63.654038
554.306442,230.501923,63.655130
554.306512,230.501923,63.687190
554.306575,230.501923,63.732795
554.306636,230.501923,63.765110
554.306705,230.501923,63.789846
554.306764,230.501923,63.838504
554.306845,230.501923,63.844054
554.306920,230.501923,63.884691
554.306983,230.501923,63.889550
554.307148,230.501923,63.920630
554.307274,230.501923,63.942158
554.307341,230.501923,63.944622
554.307409,230.501923,63.994024
554.307480,230.501923,64.077966
554.307549,230.501923,64.158227
554.307620,230.501923,64.176083
554.307685,230.501923,64.205030
554.307847,230.501923,64.251802
554.307953,230.501923,64.253280
554.308039,230.501923,64.325437
554.308104,230.501923,64.330470
554.308171,230.501923,64.367459
554.308239,230.501923,64.481608
554.308303,230.501923,64.494790
554.308367,230.501923,64.508653
554.308596,230.501923,64.529549
554.308672,230.501923,64.580405
554.308736,230.501923,64.681174
609.354476,230.167328,64.681174
639.101878,229.389555,64.681174
657.661589,229.389555,64.688374
704.323826,227.698208,64.688374
722.325252,227.698208,64.736576
722.325303,227.698208,64.811830
722.325357,227.698208,64.814486
722.325406,227.698208,64.917803
722.325481,227.698208,64.990835
722.325523,227.698208,65.008310
722.325574,227.698208,65.061712
722.325815,227.698208,65.068822
722.325867,227.698208,65.127827
722.325914,227.698208,65.185168
722.326041,227.698208,65.199670
722.326089,227.698208,65.292090
722.326133,227.698208,65.329045
722.326273,227.698208,65.439069
722.326335,227.698208,65.448654
722.326407,227.698208,65.534118
722.326467,227.698208,65.556910
722.326512,227.698208,65.610768
722.326560,227.698208,65.724390
722.326612,227.698208,65.842710
722.326667,227.698208,65.847670
722.326723,227.698208,66.014486
722.326770,227.698208,66.097678
722.326825,227.698208,66.108253
722.326878,227.698208,66.205798
722.326940,227.698208,66.305798
722.326992,227.698208,66.356406
722.327055,227.698208,66.374702
722.327162,227.698208,66.377285
722.327224,227.698208,66.540214
722.327283,227.698208,66.571728
722.327349,227.698208,66.634166
722.327400,227.698208,66.708246
722.327450,227.698208,66.795182
722.327508,227.698208,66.928670
722.327559,227.698208,66.967350
722.327615,227.698208,66.984627
722.327664,227.698208,67.093712
722.327721,227.698208,67.103123
722.327771,227.698208,67.147766
722.327836,227.698208,67.185949
722.327900,227.698208,67.286256
722.327957,227.698208,67.287286
722.328011,227.698208,67.336893
722.328091,227.698208,67.350011
722.328237,227.698208,67.357686
722.328288,227.698208,67.394515
722.328339,227.698208,67.404378
722.328389,227.698208,67.426501
722.328514,227.698208,67.576054
722.328573,227.698208,67.724952
722.328666,227.698208,67.735141
722.328735,227.698208,67.771688
722.328792,227.698208,67.831022
722.328852,227.698208,67.900886
722.328900,227.698208,67.929584
722.328969,227.698208,68.003190
722.329028,227.698208,68.006966
722.329099,227.698208,68.027867
722.329167,227.698208,68.110838
722.329227,227.698208,68.130344
722.329369,227.698208,68.214299
722.329499,227.698208,68.222310
722.329571,227.698208,68.248790
722.329626,227.698208,68.263118
722.329683,227.698208,68.319205
722.329814,227.698208,68.326373
722.329964,227.698208,68.414518
722.330032,227.698208,68.493370
722.330098,227.698208,68.510522
722.330153,227.698208,68.587286
722.330209,227.698208,68.612304
722.330290,227.698208,68.664998
722.330355,227.698208,68.668541
722.330430,227.698208,68.695734
722.330493,227.698208,68.697168
722.330547,227.698208,68.715259
722.330604,227.698208,68.807528
722.330666,227.698208,68.828910
722.330735,227.698208,68.842819
722.330788,227.698208,68.904566
722.330849,227.698208,68.907120
722.330910,227.698208,68.916206
722.330972,227.698208,68.917992
722.331033,227.698208,68.950702
722.331118,227.698208,69.052440
722.331290,227.698208,69.063470
722.331359,227.698208,69.095926
722.331410,227.698208,69.115613
722.331471,227.698208,69.123088
722.331521,227.698208,69.132790
722.331584,227.698208,69.197110
722.331653,227.698208,69.340406
722.331796,227.698208,69.397181
722.331848,227.698208,69.399355
722.331932,227.698208,69.428038
722.331987,227.698208,69.500072
722.332052,227.698208,69.614267
722.332120,227.698208,69.667904
722.332230,227.698208,69.722970
722.332296,227.698208,69.774685
722.332355,227.698208,69.789686
722.332421,227.698208,69.877827
722.332577,227.698208,69.894707
722.332634,227.698208,69.900080
722.332774,227.698208,69.927208
722.332835,227.698208,69.938243
722.332990,227.698208,69.943213
722.333117,227.698208,69.958074
722.333473,227.698208,70.009478
722.333529,227.698208,70.066067
722.333587,227.698208,70.077398
722.333648,227.698208,70.129206
722.333760,227.698208,70.208720
722.333876,227.698208,70.277309
722.333949,227.698208,70.380910
722.334020,227.698208,70.403163
722.334174,227.698208,70.406973
722.334239,227.698208,70.418638
722.334295,227.698208,70.433838
722.334350,227.698208,70.657638
722.334408,227.698208,70.681158
722.334463,227.698208,70.772275
722.334533,227.698208,70.801264
722.334719,227.698208,70.827867
722.334836,227.698208,70.830691
722.334892,227.698208,70.909267
722.334953,227.698208,70.952726
722.335007,227.698208,71.022310
722.335123,227.698208,71.025981
722.335181,227.698208,71.055581
722.335238,227.698208,71.061366
722.335295,227.698208,71.119227
722.335443,227.698208,71.179766
722.335504,227.698208,71.202019
722.335567,227.698208,71.220424
722.335628,227.698208,71.237272
722.335682,227.698208,71.288310
722.335748,227.698208,71.304347
722.335818,227.698208,71.317341
722.335993,227.698208,71.384595
722.336058,227.698208,71.410758
722.336141,227.698208,71.418198
722.336218,227.698208,71.441638
722.336279,227.698208,71.456381
722.336339,227.698208,71.523126
722.336413,227.698208,71.597053
722.336511,227.698208,71.622310
722.336636,227.698208,71.625981
722.336719,227.698208,71.628910
722.336795,227.698208,71.687546
722.336870,227.698208,71.693398
722.336953,227.698208,71.715451
722.337105,227.698208,71.722240
722.337235,227.698208,71.812413
722.337383,227.698208,71.820424
722.337456,227.698208,71.827790
722.337594,227.698208,71.965059
722.337659,227.698208,72.056406
722.337734,227.698208,72.156110
722.337892,227.698208,72.209488
722.337950,227.698208,72.232797
722.338018,227.698208,72.266640
722.338159,227.698208,72.277856
722.338255,227.698208,72.327248
722.338416,227.698208,72.340688
722.338505,227.698208,72.368678
722.338576,227.698208,72.478621
722.338671,227.698208,72.494469
722.338752,227.698208,72.521691
722.338891,227.698208,72.646550
722.338964,227.698208,72.659194
722.339040,227.698208,72.688912
722.339114,227.698208,72.710315
722.339177,227.698208,72.777398
722.339254,227.698208,72.887587
722.339339,227.698208,72.908150
722.339408,227.698208,72.911933
722.339477,227.698208,73.018128
722.339600,227.698208,73.072413
722.339692,227.698208,73.103293
722.339755,227.698208,73.131718
722.339816,227.698208,73.135446
722.339884,227.698208,73.137110
722.339967,227.698208,73.147570
722.340121,227.698208,73.191787
722.340187,227.698208,73.218134
722.340253,227.698208,73.218179
804.801941,227.698208,73.335286
804.801992,227.698208,73.444048
804.802040,227.698208,73.456210
804.802108,227.698208,73.502045
804.802173,227.698208,73.510758
804.802217,227.698208,73.650653
804.802287,227.698208,73.962589
804.802357,227.698208,73.993469
804.802410,227.698208,73.993808
804.802458,227.698208,74.006966
804.802524,227.698208,74.030886
804.802595,227.698208,74.034166
804.802640,227.698208,74.121040
804.802710,227.698208,74.139568
804.802763,227.698208,74.161734
804.802906,227.698208,74.178646
804.803051,227.698208,74.184758
804.803112,227.698208,74.188251
804.803163,227.698208,74.285168
804.803293,227.698208,74.334011
804.803342,227.698208,74.397142
804.803413,227.698208,74.437821
804.803472,227.698208,74.500568
804.803560,227.698208,74.506909
804.803630,227.698208,74.518128
804.803680,227.698208,74.537789
804.803731,227.698208,74.547741
804.803780,227.698208,74.560413
804.803847,227.698208,74.593808
804.803916,227.698208,74.604566
804.803970,227.698208,74.686990
804.804249,227.698208,74.727790
804.804371,227.698208,74.780240
804.804499,227.698208,74.788251
804.804636,227.698208,74.792198
804.804686,227.698208,74.877366
804.804732,227.698208,74.889782
804.804797,227.698208,75.063670
804.804857,227.698208,75.095878
804.804906,227.698208,75.135792
804.804965,227.698208,75.397142
804.805010,227.698208,75.398355
804.805062,227.698208,75.402102
804.805114,227.698208,75.409914
804.805301,227.698208,75.437102
804.805363,227.698208,75.498117
804.805496,227.698208,75.522408
804.805605,227.698208,75.534134
804.805652,227.698208,75.594520
804.805775,227.698208,75.629238
804.805847,227.698208,75.646454
804.805942,227.698208,75.667421
804.806002,227.698208,75.788963
804.806129,227.698208,75.793558
804.806185,227.698208,75.806757
804.806323,227.698208,75.847616
804.806379,227.698208,75.922870
804.806436,227.698208,75.981069
804.806486,227.698208,75.995011
804.806566,227.698208,76.001200
804.806704,227.698208,76.047779
804.806754,227.698208,76.072413
804.806818,227.698208,76.075302
804.806875,227.698208,76.133912
804.807003,227.698208,76.248998
804.807077,227.698208,76.367283
804.807133,227.698208,76.413610
804.807318,227.698208,76.441638
804.807421,227.698208,76.562947
804.807586,227.698208,76.562963
804.807662,227.698208,76.592054
804.807737,227.698208,76.729045
804.807870,227.698208,76.748674
804.808020,227.698208,76.752733
804.808070,227.698208,76.787034
804.808127,227.698208,76.788413
804.808193,227.698208,76.871587
804.808268,227.698208,76.883510
804.808392,227.698208,76.894646
804.808459,227.698208,76.944093
804.808513,227.698208,76.963766
804.808578,227.698208,76.967510
804.808648,227.698208,77.037779
804.808703,227.698208,77.066030
804.808777,227.698208,77.138478
804.808836,227.698208,77.147728
804.808891,227.698208,77.177366
804.808968,227.698208,77.214438
804.809026,227.698208,77.280192
804.809196,227.698208,77.320992
804.809400,227.698208,77.329219
804.809453,227.698208,77.338298
804.809509,227.698208,77.342614
804.809572,227.698208,77.387058
804.809631,227.698208,77.393808
804.809694,227.698208,77.397678
804.809802,227.698208,77.461398
804.809865,227.698208,77.532741
804.809922,227.698208,77.553707
804.810069,227.698208,77.581501
804.810131,227.698208,77.588251
804.810199,227.698208,77.615638
804.810269,227.698208,77.629658
804.810429,227.698208,77.690773
804.810498,227.698208,77.709896
804.810561,227.698208,77.719293
804.810635,227.698208,77.757638
804.810688,227.698208,77.837474
804.810771,227.698208,77.849942
804.810837,227.698208,77.857587
804.810894,227.698208,77.885216
804.810962,227.698208,77.893178
804.811032,227.698208,77.910653
804.811115,227.698208,77.958806
804.811166,227.698208,77.996814
804.811460,227.698208,78.018128
804.811519,227.698208,78.031560
804.811596,227.698208,78.087315
804.811652,227.698208,78.117114
804.811867,227.698208,78.132741
804.811942,227.698208,78.137032
804.812004,227.698208,78.162550
804.812066,227.698208,78.260061
804.812117,227.698208,78.311557
804.812203,227.698208,78.353750
804.812268,227.698208,78.378589
804.812323,227.698208,78.417518
804.812380,227.698208,78.425910
804.812460,227.698208,78.431613
804.812534,227.698208,78.449078
804.812664,227.698208,78.478582
804.812715,227.698208,78.495878
804.812813,227.698208,78.570990
804.812894,227.698208,78.615574
804.812945,227.698208,78.621618
804.813022,227.698208,78.661299
804.813095,227.698208,78.718134
804.813166,227.698208,78.746091
804.813239,227.698208,78.758781
804.813304,227.698208,78.765434
804.813395,227.698208,78.779837
804.813448,227.698208,78.800829
804.813529,227.698208,78.803738
804.813683,227.698208,78.808053
804.813801,227.698208,78.820851
804.813865,227.698208,78.916829
804.813920,227.698208,78.941997
804.814067,227.698208,79.010504
804.814166,227.698208,79.024246
804.814232,227.698208,79.025920
804.814362,227.698208,79.192718
804.814449,227.698208,79.208640
804.814585,227.698208,79.243837
804.814646,227.698208,79.259990
804.814719,227.698208,79.293760
804.814856,227.698208,79.308189
804.814929,227.698208,79.321349
804.815059,227.698208,79.402435
804.815128,227.698208,79.403083
804.815195,227.698208,79.440358
804.815255,227.698208,79.488267
804.815315,227.698208,79.566646
804.815470,227.698208,79.596878
804.815542,227.698208,79.600581
804.815619,227.698208,79.608053
804.815795,227.698208,79.625920
804.815920,227.698208,79.629989
804.815986,227.698208,79.651414
804.816060,227.698208,79.682710
804.816129,227.698208,79.712590
804.816188,227.698208,79.726739
804.816245,227.698208,79.737605
804.816377,227.698208,79.815606
804.816433,227.698208,79.824432
804.816497,227.698208,79.832022
804.816676,227.698208,79.878630
804.816745,227.698208,79.883542
804.816814,227.698208,79.893760
804.816886,227.698208,79.932048
804.817043,227.698208,79.969181
804.817169,227.698208,80.049733
804.817306,227.698208,80.069730
804.817383,227.698208,80.082134
804.817452,227.698208,80.088203
826.096465,227.698208,80.109914
854.383510,227.698208,80.152630
854.383575,227.698208,80.174934
854.383633,227.698208,80.196186
854.383710,227.698208,80.203286
854.383775,227.698208,80.294659
854.383822,227.698208,80.298123
854.383892,227.698208,80.300723
854.383965,227.698208,80.335382
854.384012,227.698208,80.358373
854.384068,227.698208,80.420474
854.384133,227.698208,80.472374
854.384181,227.698208,80.519430
854.384242,227.698208,80.547750
854.384290,227.698208,80.552816
854.384350,227.698208,80.582390
854.384410,227.698208,80.599246
854.384473,227.698208,80.648989
854.384521,227.698208,80.656310
854.384574,227.698208,80.687010
854.384647,227.698208,80.725494
854.384713,227.698208,80.726806
854.384763,227.698208,80.753942
854.384814,227.698208,80.793690
854.384880,227.698208,80.837846
854.384944,227.698208,81.070371
854.385009,227.698208,81.073693
854.385067,227.698208,81.100029
854.385144,227.698208,81.108198
854.385192,227.698208,81.155635
854.385263,227.698208,81.165078
854.385364,227.698208,81.183254
854.385422,227.698208,81.264814
854.385495,227.698208,81.338446
854.385544,227.698208,81.341501
854.385586,227.698208,81.366662
854.385725,227.698208,81.447798
854.385778,227.698208,81.461318
854.385825,227.698208,81.545110
854.385880,227.698208,81.569974
854.385941,227.698208,81.616667
854.386063,227.698208,81.662350
854.386204,227.698208,81.675302
854.386269,227.698208,81.741430
854.386364,227.698208,81.765466
854.386415,227.698208,81.811110
854.386473,227.698208,81.814486
854.386569,227.698208,81.822830
854.386619,227.698208,81.861277
854.386663,227.698208,81.869746
854.386730,227.698208,81.911752
854.386805,227.698208,81.959909
854.386861,227.698208,81.964270
854.386912,227.698208,81.977379
854.386960,227.698208,81.989725
854.387018,227.698208,81.998269
854.387065,227.698208,82.017274
854.387116,227.698208,82.070478
854.387168,227.698208,82.086006
854.387234,227.698208,82.165434
854.387301,227.698208,82.183342
854.387350,227.698208,82.213139
854.387465,227.698208,82.254339
854.387544,227.698208,82.286483
854.387619,227.698208,82.377786
854.387669,227.698208,82.384694
854.387725,227.698208,82.394646
854.387778,227.698208,82.474702
854.387904,227.698208,82.531635
854.387967,227.698208,82.577838
854.388030,227.698208,82.588470
854.388092,227.698208,82.610768
854.388146,227.698208,82.639662
854.388203,227.698208,82.648654
854.388269,227.698208,82.660118
854.388398,227.698208,82.666230
854.388579,227.698208,82.699549
854.388634,227.698208,82.717992
854.388740,227.698208,82.737910
854.388804,227.698208,82.783342
854.388871,227.698208,82.808179
854.388925,227.698208,82.897046
854.388971,227.698208,82.977786
854.389104,227.698208,82.989686
854.389159,227.698208,82.991704
854.389314,227.698208,83.047512
854.389385,227.698208,83.066062
854.389454,227.698208,83.066830
854.389584,227.698208,83.071261
854.389650,227.698208,83.084771
854.389700,227.698208,83.098206
854.389769,227.698208,83.115638
854.389826,227.698208,83.144038
854.389880,227.698208,83.158550
854.389995,227.698208,83.195830
854.390162,227.698208,83.241955
854.390258,227.698208,83.256374
854.390322,227.698208,83.288174
854.390388,227.698208,83.356152
854.390453,227.698208,83.379798
854.390613,227.698208,83.392038
854.390669,227.698208,83.416822
854.390718,227.698208,83.440406
854.390782,227.698208,83.441384
854.390852,227.698208,83.463605
854.390958,227.698208,83.467293
854.391015,227.698208,83.549963
854.391073,227.698208,83.553814
854.391125,227.698208,83.591328
854.391197,227.698208,83.608846
854.391273,227.698208,83.615581
854.391339,227.698208,83.617264
854.391403,227.698208,83.637008
854.391517,227.698208,83.645219
854.391569,227.698208,83.648782
854.391701,227.698208,83.658048
854.391811,227.698208,83.668366
854.391961,227.698208,83.687238
854.392016,227.698208,83.745038
854.392115,227.698208,83.763773
854.392179,227.698208,83.783549
854.392238,227.698208,83.799613
854.392290,227.698208,83.822211
854.392369,227.698208,83.848054
854.392449,227.698208,83.938850
854.392509,227.698208,83.961318
854.392592,227.698208,83.993462
854.392674,227.698208,84.161731
854.392863,227.698208,84.171450
854.392931,227.698208,84.214358
854.393005,227.698208,84.251430
854.393057,227.698208,84.260022
854.393109,227.698208,84.278947
854.393159,227.698208,84.308720
854.393314,227.698208,84.322211
854.393369,227.698208,84.334502
854.393524,227.698208,84.397014
854.393577,227.698208,84.399590
854.393639,227.698208,84.427933
854.393798,227.698208,84.452630
854.393859,227.698208,84.499549
854.393916,227.698208,84.503163
854.394084,227.698208,84.516654
854.394141,227.698208,84.533915
854.394336,227.698208,84.595830
854.394398,227.698208,84.643990
854.394450,227.698208,84.655069
854.394503,227.698208,84.659778
854.394568,227.698208,84.664814
854.394655,227.698208,84.664979
854.394707,227.698208,84.678646
854.394824,227.698208,84.730470
854.394913,227.698208,84.749187
854.394975,227.698208,84.767856
854.395054,227.698208,84.784523
854.395120,227.698208,84.811878
854.395176,227.698208,84.876544
854.395228,227.698208,84.903254
854.395282,227.698208,84.903350
854.395396,227.698208,84.916790
854.395453,227.698208,84.962557
854.395507,227.698208,84.969894
854.395583,227.698208,84.969949
854.395638,227.698208,84.972861
854.395702,227.698208,85.007453
854.395771,227.698208,85.060038
854.395833,227.698208,85.070987
854.395886,227.698208,85.112782
854.396034,227.698208,85.126555
854.396100,227.698208,85.138074
854.396162,227.698208,85.162598
854.396230,227.698208,85.169120
854.396392,227.698208,85.169162
854.396470,227.698208,85.201896
854.396556,227.698208,85.222830
854.396631,227.698208,85.234109
854.396689,227.698208,85.320998
854.396762,227.698208,85.367853
854.396832,227.698208,85.376118
854.396945,227.698208,85.417274
854.397020,227.698208,85.477760
854.397093,227.698208,85.556771
854.397166,227.698208,85.579579
854.397240,227.698208,85.583342
854.397303,227.698208,85.629158
854.397368,227.698208,85.658838
854.397439,227.698208,85.672203
854.397514,227.698208,85.703286
854.397575,227.698208,85.740310
854.397652,227.698208,85.764366
854.397716,227.698208,85.777786
854.397781,227.698208,85.919286
854.397859,227.698208,85.927990
854.397991,227.698208,85.945658
854.398065,227.698208,85.949890
854.398145,227.698208,86.097110
854.398212,227.698208,86.107646
854.398273,227.698208,86.138301
854.398353,227.698208,86.142749
854.398423,227.698208,86.181014
854.398488,227.698208,86.200765
854.398578,227.698208,86.224259
854.398646,227.698208,86.236630
854.398716,227.698208,86.266205
854.398790,227.698208,86.337846
854.398892,227.698208,86.392125
854.398964,227.698208,86.431074
854.399032,227.698208,86.435982
854.399096,227.698208,86.477350
854.399156,227.698208,86.492054
854.399263,227.698208,86.747022
854.399340,227.698208,86.846277
854.399415,227.698208,86.924246
886.706182,227.698208,86.939514
886.706260,227.698208,86.950195
886.706309,227.698208,87.037846
886.706370,227.698208,87.079862
886.706423,227.698208,87.089638
886.706475,227.698208,87.125469
886.706522,227.698208,87.129670
886.706627,227.698208,87.156810
886.706700,227.698208,87.206934
886.706780,227.698208,87.242742
886.706849,227.698208,87.282301
886.706937,227.698208,87.290902
886.706993,227.698208,87.326678
886.707063,227.698208,87.341462
886.707107,227.698208,87.390845
886.707170,227.698208,87.478454
886.707215,227.698208,87.486342
886.707336,227.698208,87.536133
886.707392,227.698208,87.608650
886.707465,227.698208,87.642717
886.707511,227.698208,87.712413
886.707749,227.698208,87.727926
886.707801,227.698208,87.730576
886.707861,227.698208,87.751237
886.707932,227.698208,87.763798
886.707988,227.698208,87.779709
886.708036,227.698208,87.797966
886.708122,227.698208,87.817470
886.708174,227.698208,87.826621
886.708239,227.698208,87.899581
886.708297,227.698208,87.901213
886.708518,227.698208,87.922414
886.708564,227.698208,87.941526
886.708625,227.698208,87.943958
886.708686,227.698208,87.975280
886.708786,227.698208,87.984694
886.708831,227.698208,87.989426
886.708892,227.698208,87.998230
886.708940,227.698208,88.048112
886.709076,227.698208,88.088470
886.709129,227.698208,88.107525
886.709217,227.698208,88.136960
886.709292,227.698208,88.169723
886.709363,227.698208,88.193966
886.709411,227.698208,88.236563
886.709467,227.698208,88.236566
886.709514,227.698208,88.238574
886.709585,227.698208,88.264517
886.709645,227.698208,88.285949
886.709695,227.698208,88.289483
886.709750,227.698208,88.299485
886.709797,227.698208,88.349486
886.709848,227.698208,88.356752
886.709919,227.698208,88.363438
886.710041,227.698208,88.369755
886.710145,227.698208,88.398326
886.710194,227.698208,88.420373
886.710337,227.698208,88.422286
886.710411,227.698208,88.423158
886.710478,227.698208,88.476592
886.710557,227.698208,88.483926
886.710603,227.698208,88.493366
886.710663,227.698208,88.551195
886.710732,227.698208,88.568366
886.710872,227.698208,88.593731
886.710937,227.698208,88.625405
886.711009,227.698208,88.626979
886.711147,227.698208,88.642742
886.711254,227.698208,88.661334
886.711314,227.698208,88.728384
886.711365,227.698208,88.770693
886.711425,227.698208,88.789686
886.711482,227.698208,88.861712
886.711655,227.698208,88.922827
886.711705,227.698208,88.935187
886.711762,227.698208,88.935619
886.711832,227.698208,88.958742
886.711901,227.698208,89.034102
886.711958,227.698208,89.077626
886.712013,227.698208,89.106128
886.712077,227.698208,89.130062
886.712216,227.698208,89.159579
886.712275,227.698208,89.183323
886.712418,227.698208,89.198262
886.712467,227.698208,89.266198
886.712526,227.698208,89.283517
886.712576,227.698208,89.288315
886.712650,227.698208,89.300571
886.712719,227.698208,89.322998
886.712779,227.698208,89.335254
886.712830,227.698208,89.529658
886.712946,227.698208,89.555069
886.712998,227.698208,89.557590
886.713063,227.698208,89.625981
886.713183,227.698208,89.626659
886.713236,227.698208,89.645411
886.713307,227.698208,89.686406
886.713371,227.698208,89.728965
886.713436,227.698208,89.779798
886.713498,227.698208,89.820424
886.713623,227.698208,89.841494
886.713678,227.698208,89.855030
886.713730,227.698208,89.898813
886.713906,227.698208,89.906973
886.713960,227.698208,89.990061
886.714036,227.698208,90.003738
886.714150,227.698208,90.022998
886.714209,227.698208,90.045626
886.714323,227.698208,90.097046
886.714381,227.698208,90.126486
886.714441,227.698208,90.133307
886.714518,227.698208,90.161941
886.714567,227.698208,90.193379
886.714626,227.698208,90.211862
886.714679,227.698208,90.238298
886.714745,227.698208,90.277006
886.714802,227.698208,90.324182
886.714876,227.698208,90.432741
886.715016,227.698208,90.435846
886.715244,227.698208,90.483606
886.715298,227.698208,90.504467
886.715359,227.698208,90.553846
886.715409,227.698208,90.563773
886.715468,227.698208,90.572310
886.715529,227.698208,90.629149
886.715628,227.698208,90.688790
886.715715,227.698208,90.724157
886.715765,227.698208,90.762486
886.715829,227.698208,90.776038
886.715899,227.698208,90.793318
886.715955,227.698208,90.801784
886.716032,227.698208,90.861149
886.716084,227.698208,90.895150
886.716146,227.698208,90.966230
886.716215,227.698208,91.015539
886.716276,227.698208,91.017454
886.716377,227.698208,91.037846
886.716446,227.698208,91.065398
886.716520,227.698208,91.081235
886.716627,227.698208,91.110646
886.716690,227.698208,91.126662
886.716744,227.698208,91.194678
886.716866,227.698208,91.226501
886.717016,227.698208,91.238298
886.717072,227.698208,91.262354
886.717141,227.698208,91.285949
886.717205,227.698208,91.318006
886.717258,227.698208,91.358184
886.717311,227.698208,91.367389
886.717368,227.698208,91.377893
886.717436,227.698208,91.380925
886.717488,227.698208,91.420088
886.717653,227.698208,91.432741
886.717710,227.698208,91.456797
886.717784,227.698208,91.470326
886.717865,227.698208,91.475280
886.717985,227.698208,91.506141
886.718131,227.698208,91.535141
886.718216,227.698208,91.570894
886.718295,227.698208,91.590683
886.718414,227.698208,91.607312
886.718686,227.698208,91.619261
886.718739,227.698208,91.669723
886.718866,227.698208,91.683862
886.718946,227.698208,91.729584
886.719098,227.698208,91.789619
886.719175,227.698208,91.802533
886.719255,227.698208,91.998269
886.719319,227.698208,92.110621
886.719444,227.698208,92.154998
886.719521,227.698208,92.159758
886.719585,227.698208,92.276118
886.719655,227.698208,92.279702
886.719710,227.698208,92.282050
886.719785,227.698208,92.287600
886.719922,227.698208,92.294659
886.720062,227.698208,92.300694
886.720126,227.698208,92.416694
886.720181,227.698208,92.424246
886.720243,227.698208,92.443691
886.720321,227.698208,92.482043
886.720395,227.698208,92.494662
886.720456,227.698208,92.496914
886.720535,227.698208,92.503318
886.720603,227.698208,92.506128
886.720682,227.698208,92.540579
886.721004,227.698208,92.555662
886.721070,227.698208,92.614294
886.721150,227.698208,92.660019
886.721219,227.698208,92.695830
886.721292,227.698208,92.716854
886.721360,227.698208,92.717286
886.721478,227.698208,92.719286
886.721537,227.698208,92.738301
886.721613,227.698208,92.743803
886.721683,227.698208,92.829078
886.721761,227.698208,92.855046
886.721821,227.698208,92.866467
886.721959,227.698208,92.869262
886.722039,227.698208,92.885800
886.722128,227.698208,92.890222
893.342305,227.698208,92.902035
905.319409,227.698208,92.922934
905.319456,227.698208,92.936470
905.319498,227.698208,92.953798
905.319542,227.698208,92.956278
905.319584,227.698208,93.037093
905.319641,227.698208,93.060910
905.319698,227.698208,93.110014
905.319744,227.698208,93.169126
905.319815,227.698208,93.174806
905.319858,227.698208,93.193427
905.319903,227.698208,93.245142
905.319968,227.698208,93.293302
905.320015,227.698208,93.306019
905.320066,227.698208,93.335773
905.320180,227.698208,93.356406
905.320242,227.698208,93.441469
905.320297,227.698208,93.443464
905.320394,227.698208,93.513704
905.320438,227.698208,93.565360
905.320505,227.698208,93.594557
905.320552,227.698208,93.612901
905.320614,227.698208,93.670990
905.320676,227.698208,93.679930
905.320754,227.698208,93.724499
905.320819,227.698208,93.731699
905.320874,227.698208,93.767411
905.320951,227.698208,93.779670
905.321001,227.698208,93.807344
905.321073,227.698208,93.848782
905.321320,227.698208,93.861434
905.321397,227.698208,93.865434
905.321462,227.698208,93.910758
905.321515,227.698208,93.961632
905.321575,227.698208,93.980850
905.321646,227.698208,94.086520
905.321694,227.698208,94.151350
905.321763,227.698208,94.181334
905.321838,227.698208,94.225696
905.321952,227.698208,94.285910
905.322004,227.698208,94.299443
905.322068,227.698208,94.362254
905.322178,227.698208,94.422902
905.322229,227.698208,94.466307
905.322288,227.698208,94.501062
905.322380,227.698208,94.525805
905.322445,227.698208,94.537659
905.322561,227.698208,94.660750
905.322615,227.698208,94.700701
905.322718,227.698208,94.719155
905.322789,227.698208,94.720248
905.322911,227.698208,94.742552
905.322975,227.698208,94.742587
905.323151,227.698208,94.750035
905.323206,227.698208,94.776211
905.323271,227.698208,94.804566
905.323400,227.698208,94.874806
905.323446,227.698208,94.897142
905.323526,227.698208,94.926979
905.323664,227.698208,94.934285
905.323799,227.698208,94.936995
905.323848,227.698208,94.951414
905.323909,227.698208,94.958126
905.323964,227.698208,94.961267
905.324016,227.698208,95.083342
905.324122,227.698208,95.150102
905.324171,227.698208,95.167389
905.324224,227.698208,95.225750
905.324281,227.698208,95.228494
905.324348,227.698208,95.239880
905.324421,227.698208,95.251398
905.324480,227.698208,95.262454
905.324545,227.698208,95.277786
905.324657,227.698208,95.278630
905.324718,227.698208,95.293744
905.324808,227.698208,95.369755
905.324945,227.698208,95.388406
905.325000,227.698208,95.405718
905.325061,227.698208,95.406928
905.325117,227.698208,95.409366
905.325166,227.698208,95.410547
905.325229,227.698208,95.434323
905.325303,227.698208,95.437368
905.325376,227.698208,95.447622
905.325429,227.698208,95.465989
905.325487,227.698208,95.471864
905.325545,227.698208,95.473542
905.325628,227.698208,95.483323
905.325814,227.698208,95.484477
905.325878,227.698208,95.512912
905.325955,227.698208,95.547830
905.326043,227.698208,95.587934
905.326131,227.698208,95.621789
905.326194,227.698208,95.650598
905.326268,227.698208,95.660432
905.326323,227.698208,95.707883
905.326384,227.698208,95.727062
905.326465,227.698208,95.747885
905.326601,227.698208,95.799789
905.326725,227.698208,95.860750
905.326782,227.698208,95.891987
905.326844,227.698208,95.893854
905.326926,227.698208,95.904630
905.326994,227.698208,95.951022
905.327119,227.698208,96.013062
905.327172,227.698208,96.030486
905.327241,227.698208,96.037474
905.327307,227.698208,96.079362
905.327362,227.698208,96.099411
905.327422,227.698208,96.106918
905.327477,227.698208,96.127926
905.327532,227.698208,96.197053
905.327583,227.698208,96.231435
905.327650,227.698208,96.256246
905.327699,227.698208,96.274867
905.327756,227.698208,96.277029
905.327879,227.698208,96.358806
905.327939,227.698208,96.362350
905.328058,227.698208,96.376544
905.328185,227.698208,96.388413
905.328240,227.698208,96.396989
905.328306,227.698208,96.462322
905.328420,227.698208,96.510456
905.328486,227.698208,96.570987
905.328605,227.698208,96.585669
905.328672,227.698208,96.597181
905.328726,227.698208,96.604315
905.328782,227.698208,96.620322
905.328853,227.698208,96.630190
905.328916,227.698208,96.675997
905.328961,227.698208,96.679798
905.329023,227.698208,96.703848
905.329085,227.698208,96.704899
905.329143,227.698208,96.719022
905.329215,227.698208,96.730018
905.329301,227.698208,96.757390
905.329365,227.698208,96.780112
905.329432,227.698208,96.798758
905.329488,227.698208,96.819096
905.329552,227.698208,96.856253
905.329618,227.698208,96.934766
905.329683,227.698208,96.951114
905.329745,227.698208,96.965382
905.329848,227.698208,97.034349
905.329903,227.698208,97.099446
905.329956,227.698208,97.100566
905.330019,227.698208,97.146277
905.330083,227.698208,97.224451
905.330148,227.698208,97.243698
905.330211,227.698208,97.245555
905.330272,227.698208,97.250555
905.330351,227.698208,97.288174
905.330470,227.698208,97.316755
905.330529,227.698208,97.318118
905.330594,227.698208,97.393366
905.330655,227.698208,97.438141
905.330712,227.698208,97.453747
905.330772,227.698208,97.465995
905.330848,227.698208,97.494630
905.330920,227.698208,97.494646
905.330977,227.698208,97.504342
905.331033,227.698208,97.514130
905.331350,227.698208,97.522830
905.331420,227.698208,97.530958
905.331480,227.698208,97.553474
905.331555,227.698208,97.564886
905.331611,227.698208,97.610598
905.331677,227.698208,97.619222
905.331734,227.698208,97.637747
905.331812,227.698208,97.657590
905.331871,227.698208,97.695182
905.331955,227.698208,97.717274
905.332035,227.698208,97.739245
905.332112,227.698208,97.756214
905.332167,227.698208,97.766467
905.332243,227.698208,97.777744
905.332363,227.698208,97.822770
905.332438,227.698208,97.831638
905.332501,227.698208,97.866230
905.332565,227.698208,97.882166
905.332629,227.698208,97.925437
905.332688,227.698208,97.942739
905.332766,227.698208,97.960910
905.332836,227.698208,98.017213
905.332913,227.698208,98.064950
905.332983,227.698208,98.086384
905.333050,227.698208,98.103155
905.333119,227.698208,98.114358
905.333185,227.698208,98.121198
905.333247,227.698208,98.142277
905.333405,227.698208,98.147638
905.333468,227.698208,98.149098
905.333616,227.698208,98.152726
905.333673,227.698208,98.162454
905.333748,227.698208,98.180405
905.333807,227.698208,98.231542
905.333862,227.698208,98.244979
905.333922,227.698208,98.251187
905.334001,227.698208,98.280827
905.334073,227.698208,98.295675
905.334194,227.698208,98.318878
905.334312,227.698208,98.331211
905.334375,227.698208,98.361453
905.334500,227.698208,98.369224
905.334559,227.698208,98.387504
905.334641,227.698208,98.392016
905.334701,227.698208,98.420238
905.334859,227.698208,98.457738
905.335049,227.698208,98.518128
905.335115,227.698208,98.522830
905.335183,227.698208,98.536518
905.335246,227.698208,98.536749
905.335402,227.698208,98.543085
905.335615,227.698208,98.555896
905.335752,227.698208,98.567446
905.335820,227.698208,98.567507
905.335878,227.698208,98.590290
917.811282,227.698208,98.652181
917.811360,227.698208,98.729941
917.811485,227.698208,98.759971
917.811526,227.698208,98.812240
917.811631,227.698208,98.819238
917.811674,227.698208,98.865411
917.811756,227.698208,98.873638
917.811802,227.698208,98.904355
917.811852,227.698208,98.930358
917.811924,227.698208,98.995773
917.811973,227.698208,99.040214
917.812030,227.698208,99.061712
917.812305,227.698208,99.069166
917.812354,227.698208,99.069755
917.812486,227.698208,99.089029
917.812545,227.698208,99.105965
917.812731,227.698208,99.156910
917.812782,227.698208,99.222594
917.812912,227.698208,99.295182
917.812967,227.698208,99.371030
917.813025,227.698208,99.488349
917.813084,227.698208,99.513669
917.813157,227.698208,99.544291
917.813231,227.698208,99.558710
917.813286,227.698208,99.594518
917.813338,227.698208,99.652566
917.813437,227.698208,99.677134
917.813507,227.698208,99.678621
917.813560,227.698208,99.731510
917.813610,227.698208,99.734166
917.813656,227.698208,99.793350
917.813707,227.698208,99.802006
917.813761,227.698208,99.926630
917.813808,227.698208,99.964077
917.813940,227.698208,99.970862
917.813993,227.698208,100.007331
917.814041,227.698208,100.180886
917.814089,227.698208,100.198445
917.814164,227.698208,100.201774
917.814214,227.698208,100.276718
917.814276,227.698208,100.309395
917.814329,227.698208,100.309507
917.814464,227.698208,100.482141
917.814510,227.698208,100.518013
917.814560,227.698208,100.577174
917.814622,227.698208,100.664501
917.814669,227.698208,100.700662
917.814717,227.698208,100.703286
917.814785,227.698208,100.748229
917.814851,227.698208,100.773285
917.814916,227.698208,100.790530
917.814986,227.698208,100.812590
917.815053,227.698208,100.836442
917.815104,227.698208,100.837654
917.815152,227.698208,100.858944
917.815201,227.698208,100.885294
917.815252,227.698208,100.926646
917.815315,227.698208,100.975280
917.815422,227.698208,100.991085
917.815478,227.698208,101.001917
917.815530,227.698208,101.014294
917.815593,227.698208,101.048763
917.815722,227.698208,101.071571
917.815791,227.698208,101.120355
917.815840,227.698208,101.137266
917.815942,227.698208,101.138909
917.815989,227.698208,101.148763
917.816083,227.698208,101.157154
917.816133,227.698208,101.169723
917.816244,227.698208,101.205654
917.816305,227.698208,101.219293
917.816368,227.698208,101.234166
917.816422,227.698208,101.263670
917.816482,227.698208,101.325334
917.816552,227.698208,101.351597
917.816606,227.698208,101.377744
917.816748,227.698208,101.410659
917.816795,227.698208,101.440483
917.816923,227.698208,101.448514
917.817062,227.698208,101.473427
917.817130,227.698208,101.482214
917.817192,227.698208,101.563910
917.817243,227.698208,101.640082
917.817316,227.698208,101.651293
917.817379,227.698208,101.703251
917.817439,227.698208,101.727098
917.817556,227.698208,101.741998
917.817616,227.698208,101.758354
917.817671,227.698208,101.788808
917.817731,227.698208,101.883294
917.817797,227.698208,101.951597
917.817869,227.698208,101.952861
917.817942,227.698208,101.982707
917.818012,227.698208,102.037686
917.818061,227.698208,102.043085
917.818167,227.698208,102.056307
917.818227,227.698208,102.200838
917.818276,227.698208,102.239126
917.818330,227.698208,102.252126
917.818434,227.698208,102.280170
917.818503,227.698208,102.284691
917.818556,227.698208,102.296344
917.818605,227.698208,102.325398
917.818672,227.698208,102.370941
917.818732,227.698208,102.388586
917.818788,227.698208,102.412702
917.818854,227.698208,102.503683
917.818920,227.698208,102.513302
917.819065,227.698208,102.575778
917.819335,227.698208,102.576083
917.819390,227.698208,102.583029
917.819446,227.698208,102.694454
917.819498,227.698208,102.698126
917.819565,227.698208,102.721323
917.819678,227.698208,102.748112
917.819803,227.698208,102.757501
917.819851,227.698208,102.771970
917.819909,227.698208,102.782269
917.819969,227.698208,102.812950
917.820022,227.698208,102.821942
917.820096,227.698208,102.829302
917.820206,227.698208,102.846187
917.820269,227.698208,102.887989
917.820420,227.698208,102.966413
917.820480,227.698208,102.997646
917.820546,227.698208,103.006902
917.820616,227.698208,103.016386
917.820686,227.698208,103.114205
917.820740,227.698208,103.117091
917.820821,227.698208,103.141965
917.820942,227.698208,103.152963
917.821065,227.698208,103.243933
917.821153,227.698208,103.282211
917.821213,227.698208,103.389686
917.821335,227.698208,103.422594
917.821463,227.698208,103.456752
917.821530,227.698208,103.475694
917.821588,227.698208,103.493115
917.821724,227.698208,103.525398
917.821796,227.698208,103.536162
917.821931,227.698208,103.538224
917.821993,227.698208,103.563581
917.822050,227.698208,103.602970
917.822106,227.698208,103.633274
917.822357,227.698208,103.641026
917.822430,227.698208,103.651195
917.822501,227.698208,103.709122
917.822826,227.698208,103.732667
917.822892,227.698208,103.737702
917.822951,227.698208,103.782134
917.823012,227.698208,103.811763
917.823074,227.698208,103.850355
917.823139,227.698208,103.897046
917.823277,227.698208,103.904595
917.823456,227.698208,103.956040
917.823585,227.698208,104.012032
917.823655,227.698208,104.039190
917.823727,227.698208,104.044798
917.823794,227.698208,104.063667
917.823887,227.698208,104.072339
917.823960,227.698208,104.076866
917.824161,227.698208,104.078864
917.824280,227.698208,104.220349
917.824333,227.698208,104.247907
917.824406,227.698208,104.322835
917.824465,227.698208,104.347670
917.824529,227.698208,104.355110
917.824599,227.698208,104.394646
917.824654,227.698208,104.399811
917.824730,227.698208,104.448870
917.824856,227.698208,104.543974
917.824921,227.698208,104.548995
917.824991,227.698208,104.553798
917.825052,227.698208,104.563294
917.825122,227.698208,104.567389
917.825184,227.698208,104.595602
917.825318,227.698208,104.604470
917.825416,227.698208,104.657154
917.825480,227.698208,104.687408
917.825637,227.698208,104.716318
917.825716,227.698208,104.730832
917.826078,227.698208,104.737859
917.826130,227.698208,104.743438
917.826202,227.698208,104.757738
917.826274,227.698208,104.851597
917.826340,227.698208,104.871934
917.826412,227.698208,104.880706
917.826601,227.698208,104.892336
917.826761,227.698208,104.904242
917.826838,227.698208,104.920158
917.826912,227.698208,104.952986
917.827011,227.698208,105.045411
917.827152,227.698208,105.085830
917.827215,227.698208,105.098685
917.827290,227.698208,105.119126
917.827347,227.698208,105.177029
917.827416,227.698208,105.178646
917.827484,227.698208,105.198984
917.827545,227.698208,105.200976
917.827619,227.698208,105.237862
917.827684,227.698208,105.238998
917.827755,227.698208,105.313443
917.827822,227.698208,105.334435
917.827977,227.698208,105.346893
917.828047,227.698208,105.366035
917.828110,227.698208,105.382707
917.828191,227.698208,105.395419
917.828272,227.698208,105.457542
923.929578,227.698208,105.460038
928.076919,227.698208,105.462486
928.076971,227.698208,105.533027
928.077020,227.698208,105.565915
928.077077,227.698208,105.587635
928.077154,227.698208,105.775894
928.077202,227.698208,105.896275
928.077260,227.698208,105.904518
928.077302,227.698208,105.953477
928.077358,227.698208,106.073782
928.077411,227.698208,106.076054
928.077467,227.698208,106.105686
928.077520,227.698208,106.230326
928.077574,227.698208,106.331022
928.077686,227.698208,106.348514
928.077829,227.698208,106.388406
928.077882,227.698208,106.415421
928.077936,227.698208,106.482102
928.077984,227.698208,106.485266
928.078036,227.698208,106.501253
928.078087,227.698208,106.532344
928.078140,227.698208,106.560086
928.078189,227.698208,106.619094
928.078236,227.698208,106.726787
928.078290,227.698208,106.759974
928.078342,227.698208,106.826678
928.078392,227.698208,106.865114
928.078439,227.698208,106.866830
928.078492,227.698208,106.891098
928.078565,227.698208,106.899549
928.078636,227.698208,106.930333
928.078686,227.698208,107.050435
928.078802,227.698208,107.059557
928.078848,227.698208,107.094422
928.078894,227.698208,107.108093
928.078944,227.698208,107.121693
928.078996,227.698208,107.182134
928.079051,227.698208,107.232475
928.079114,227.698208,107.259773
928.079161,227.698208,107.411734
928.079217,227.698208,107.411830
928.079274,227.698208,107.422870
928.079329,227.698208,107.488742
928.079400,227.698208,107.490530
928.079469,227.698208,107.505686
928.079523,227.698208,107.516982
928.079591,227.698208,107.521872
928.079733,227.698208,107.529053
928.079785,227.698208,107.537846
928.079853,227.698208,107.570963
928.079910,227.698208,107.573491
928.079968,227.698208,107.647744
928.080118,227.698208,107.731074
928.080180,227.698208,107.762136
928.080261,227.698208,107.766131
928.080325,227.698208,107.825398
928.080386,227.698208,107.861238
928.080443,227.698208,107.862158
928.080508,227.698208,107.918176
928.080630,227.698208,107.933534
928.080699,227.698208,107.998926
928.080751,227.698208,108.011869
928.080814,227.698208,108.038867
928.080875,227.698208,108.056246
928.080932,227.698208,108.067731
928.080984,227.698208,108.208189
928.081030,227.698208,108.227933
928.081137,227.698208,108.242174
928.081242,227.698208,108.379638
928.081311,227.698208,108.444301
928.081366,227.698208,108.458710
928.081422,227.698208,108.488560
928.081474,227.698208,108.504598
928.081528,227.698208,108.556189
928.081586,227.698208,108.727837
928.081635,227.698208,108.755062
928.081685,227.698208,108.773725
928.081745,227.698208,108.813302
928.081867,227.698208,108.833187
928.081922,227.698208,108.846592
928.081991,227.698208,108.894662
928.082117,227.698208,108.912683
928.082201,227.698208,108.924378
928.082318,227.698208,108.941501
928.082381,227.698208,108.948886
928.082440,227.698208,108.953651
928.082500,227.698208,109.005355
928.082616,227.698208,109.047885
928.082945,227.698208,109.095118
928.083000,227.698208,109.133522
928.083133,227.698208,109.147333
928.083199,227.698208,109.172275
928.083257,227.698208,109.232238
928.083318,227.698208,109.291746
928.083379,227.698208,109.308218
928.083520,227.698208,109.341776
928.083647,227.698208,109.434805
928.083813,227.698208,109.437789
928.083860,227.698208,109.498413
928.083919,227.698208,109.596814
928.084036,227.698208,109.676182
928.084112,227.698208,109.683549
928.084164,227.698208,109.692856
928.084230,227.698208,109.705355
928.084379,227.698208,109.841382
928.084434,227.698208,109.904307
928.084490,227.698208,109.917843
928.084543,227.698208,109.965518
928.084668,227.698208,109.990517
928.084784,227.698208,110.041054
928.084844,227.698208,110.041376
928.084897,227.698208,110.052509
928.084960,227.698208,110.151254
928.085026,227.698208,110.156179
928.085085,227.698208,110.274675
928.085193,227.698208,110.322146
928.085257,227.698208,110.342925
928.085325,227.698208,110.423088
928.085390,227.698208,110.493280
928.085450,227.698208,110.518278
928.085510,227.698208,110.537368
928.085580,227.698208,110.551325
928.085642,227.698208,110.571190
928.085706,227.698208,110.604595
928.085784,227.698208,110.617531
928.085854,227.698208,110.620787
928.085995,227.698208,110.717974
928.086056,227.698208,110.737515
928.086118,227.698208,110.741285
928.086186,227.698208,110.742938
928.086262,227.698208,110.743403
928.086336,227.698208,110.765634
928.086402,227.698208,110.766214
928.086462,227.698208,110.786138
928.086584,227.698208,110.831374
928.086707,227.698208,110.931958
928.086775,227.698208,110.935728
928.086845,227.698208,110.956846
928.086907,227.698208,110.961453
928.087022,227.698208,110.973782
928.087080,227.698208,111.001192
928.087143,227.698208,111.025818
928.087199,227.698208,111.042691
928.087257,227.698208,111.044240
928.087356,227.698208,111.046155
928.087421,227.698208,111.068334
928.087558,227.698208,111.103790
928.087619,227.698208,111.110382
928.087786,227.698208,111.155896
928.087934,227.698208,111.168046
928.087986,227.698208,111.168226
928.088086,227.698208,111.187274
928.088162,227.698208,111.243901
928.088214,227.698208,111.244802
928.088286,227.698208,111.257590
928.088355,227.698208,111.271624
928.088424,227.698208,111.304675
928.088483,227.698208,111.310755
928.088743,227.698208,111.326646
928.088818,227.698208,111.382728
928.088900,227.698208,111.413813
928.089100,227.698208,111.416318
928.089175,227.698208,111.438450
928.089230,227.698208,111.513813
928.089336,227.698208,111.514326
928.089394,227.698208,111.554661
928.089464,227.698208,111.649942
928.089527,227.698208,111.679374
928.089603,227.698208,111.693902
928.089728,227.698208,111.707056
928.089786,227.698208,111.714920
928.089838,227.698208,111.716142
928.089914,227.698208,111.839069
928.089967,227.698208,111.856230
928.090025,227.698208,111.938693
928.090146,227.698208,111.996814
928.090367,227.698208,112.044950
928.090422,227.698208,112.072278
928.090492,227.698208,112.077110
928.090545,227.698208,112.083032
928.090676,227.698208,112.101875
928.090734,227.698208,112.114611
928.090867,227.698208,112.116315
928.090985,227.698208,112.132475
928.091059,227.698208,112.161174
928.091128,227.698208,112.208298
928.091203,227.698208,112.209350
928.091264,227.698208,112.290261
928.091324,227.698208,112.317949
928.091388,227.698208,112.367728
928.091449,227.698208,112.368554
928.091516,227.698208,112.464893
928.091580,227.698208,112.484704
928.091642,227.698208,112.494797
928.091804,227.698208,112.496861
928.091860,227.698208,112.497030
928.091935,227.698208,112.522734
928.092063,227.698208,112.524285
928.092125,227.698208,112.529149
928.092177,227.698208,112.582166
928.092245,227.698208,112.605622
928.092314,227.698208,112.632726
928.092383,227.698208,112.643406
928.092438,227.698208,112.686019
928.092523,227.698208,112.743830
928.092596,227.698208,112.763910
928.092733,227.698208,112.789888
928.092984,227.698208,112.793038
928.093051,227.698208,112.841054
928.093118,227.698208,112.884566
928.093186,227.698208,112.897267
928.093253,227.698208,112.934285
928.093418,227.698208,112.943480
928.093499,227.698208,112.958354
928.093639,227.698208,112.978518
928.093702,227.698208,112.996814
928.093885,227.698208,112.997880
928.093966,227.698208,113.035498
928.094038,227.698208,113.047757
928.094121,227.698208,113.111112
928.094193,227.698208,113.127798
928.094251,227.698208,113.129842
928.094335,227.698208,113.142678
928.094414,227.698208,113.152011
928.094495,227.698208,113.168886
928.094578,227.698208,113.224323
928.094738,227.698208,113.231374
928.094801,227.698208,113.242925
928.094889,227.698208,113.248822
928.094958,227.698208,113.278960
929.483195,227.698208,111.996206
929.484560,227.698208,113.278960
934.940701,227.698208,113.308595
934.940756,227.698208,113.387950
934.940810,227.698208,113.417949
934.940864,227.698208,113.425398
934.940966,227.698208,113.440298
934.941041,227.698208,113.444526
934.941100,227.698208,113.499606
934.941147,227.698208,113.587600
934.941211,227.698208,113.603005
934.941255,227.698208,113.689558
934.941306,227.698208,113.782043
934.941442,227.698208,113.811709
934.941494,227.698208,113.936162
934.941605,227.698208,113.974710
934.941662,227.698208,114.000726
934.941721,227.698208,114.004509
934.941768,227.698208,114.053374
934.941812,227.698208,114.055072
934.941876,227.698208,114.076083
934.941951,227.698208,114.205355
934.942138,227.698208,114.237987
934.942191,227.698208,114.363166
934.942251,227.698208,114.436774
934.942383,227.698208,114.440150
934.942438,227.698208,114.477174
934.942495,227.698208,114.478602
934.942702,227.698208,114.510382
934.942761,227.698208,114.543155
934.942832,227.698208,114.616168
934.942939,227.698208,114.631218
934.943002,227.698208,114.905546
934.943052,227.698208,115.282282
934.943217,227.698208,115.291557
934.943361,227.698208,115.300822
934.943481,227.698208,115.364886
934.943534,227.698208,115.371014
934.943590,227.698208,115.390421
934.943734,227.698208,115.482634
934.943787,227.698208,115.512035
934.943837,227.698208,115.514611
934.943978,227.698208,115.581650
934.944056,227.698208,115.663606
934.944116,227.698208,115.683578
934.944181,227.698208,115.694515
934.944244,227.698208,115.703030
934.944304,227.698208,115.703094
934.944364,227.698208,115.706478
934.944420,227.698208,115.751350
934.944518,227.698208,115.791274
934.944574,227.698208,115.816982
934.944646,227.698208,115.890290
934.944711,227.698208,115.893504
934.944780,227.698208,115.939397
934.944826,227.698208,115.977270
934.944927,227.698208,116.021494
934.944977,227.698208,116.035238
934.945030,227.698208,116.062694
934.945078,227.698208,116.096642
934.945130,227.698208,116.118448
934.945236,227.698208,116.135286
934.945289,227.698208,116.196064
934.945411,227.698208,116.248957
934.945469,227.698208,116.257138
934.945519,227.698208,116.291085
934.945573,227.698208,116.312891
934.945691,227.698208,116.389250
934.945802,227.698208,116.398454
934.945866,227.698208,116.430486
934.945965,227.698208,116.447757
934.946039,227.698208,116.529325
934.946117,227.698208,116.559990
934.946179,227.698208,116.587222
934.946242,227.698208,116.628706
934.946310,227.698208,116.634435
934.946428,227.698208,116.652685
934.946567,227.698208,116.670862
934.946622,227.698208,116.749171
934.946673,227.698208,116.776661
934.946729,227.698208,116.783530
934.946835,227.698208,116.787694
934.946894,227.698208,116.805234
934.946951,227.698208,116.889622
934.947041,227.698208,116.943614
934.947099,227.698208,116.961325
934.947196,227.698208,117.052387
934.947253,227.698208,117.082859
934.947308,227.698208,117.150416
934.947450,227.698208,117.155768
934.947514,227.698208,117.157654
934.947584,227.698208,117.185846
934.947642,227.698208,117.190835
934.947698,227.698208,117.214390
934.947753,227.698208,117.333939
934.947811,227.698208,117.353008
934.947872,227.698208,117.384832
934.947944,227.698208,117.408834
934.948007,227.698208,117.442062
934.948072,227.698208,117.459862
934.948138,227.698208,117.496064
934.948354,227.698208,117.596064
934.948456,227.698208,117.634933
934.948655,227.698208,117.663882
934.948723,227.698208,117.674646
934.948781,227.698208,117.695677
934.948840,227.698208,117.739062
934.948902,227.698208,117.741894
934.949019,227.698208,117.746486
934.949071,227.698208,117.858325
934.949142,227.698208,117.895850
934.949204,227.698208,117.897312
934.949256,227.698208,117.905125
934.949315,227.698208,117.908022
934.949379,227.698208,117.925456
934.949462,227.698208,118.031478
934.949529,227.698208,118.036155
934.949586,227.698208,118.039842
934.949645,227.698208,118.090293
934.949710,227.698208,118.091755
934.949764,227.698208,118.099568
934.949862,227.698208,118.191678
934.949932,227.698208,118.205038
934.949983,227.698208,118.205354
934.950049,227.698208,118.230598
934.950105,227.698208,118.262397
934.950159,227.698208,118.322870
934.950226,227.698208,118.323907
934.950282,227.698208,118.361325
934.950338,227.698208,118.388614
934.950397,227.698208,118.453342
934.950456,227.698208,118.574338
934.950538,227.698208,118.634963
934.950600,227.698208,118.682390
934.950719,227.698208,118.794915
934.950778,227.698208,118.975910
934.950837,227.698208,118.989358
934.950901,227.698208,119.015195
934.951007,227.698208,119.081662
934.951066,227.698208,119.094598
934.951123,227.698208,119.158501
934.951205,227.698208,119.185474
934.951276,227.698208,119.216982
934.951388,227.698208,119.242187
934.951475,227.698208,119.260853
934.951583,227.698208,119.268387
934.951645,227.698208,119.276106
934.951705,227.698208,119.287328
934.951787,227.698208,119.376083
934.951850,227.698208,119.426710
934.951911,227.698208,119.455254
934.951984,227.698208,119.462230
934.952054,227.698208,119.463106
934.952129,227.698208,119.547387
934.952198,227.698208,119.598240
934.952260,227.698208,119.677430
934.952313,227.698208,119.721304
934.952374,227.698208,119.735739
934.952427,227.698208,119.736518
934.952536,227.698208,119.809450
934.952595,227.698208,119.829890
934.952652,227.698208,119.842797
934.952716,227.698208,119.867478
934.952771,227.698208,119.871896
934.952881,227.698208,119.927285
934.952941,227.698208,119.956118
934.953003,227.698208,119.984181
934.953072,227.698208,120.020752
934.953218,227.698208,120.034435
934.953342,227.698208,120.038115
934.953499,227.698208,120.050802
934.953632,227.698208,120.076022
934.953713,227.698208,120.085942
934.953776,227.698208,120.120752
934.953898,227.698208,120.129034
934.953953,227.698208,120.147606
934.954072,227.698208,120.163782
934.954132,227.698208,120.178624
934.954201,227.698208,120.230314
934.954283,227.698208,120.242062
934.954349,227.698208,120.283507
934.954403,227.698208,120.351555
934.954464,227.698208,120.400184
934.954530,227.698208,120.536598
934.954584,227.698208,120.541115
934.954695,227.698208,120.585846
934.954759,227.698208,120.625437
934.954836,227.698208,120.659910
934.954896,227.698208,120.724115
934.954959,227.698208,120.742490
934.955021,227.698208,120.849838
934.955095,227.698208,120.953654
934.955162,227.698208,120.983712
934.955226,227.698208,121.000995
934.955309,227.698208,121.096638
934.955390,227.698208,121.097621
934.955524,227.698208,121.163122
934.955596,227.698208,121.169782
934.955671,227.698208,121.195438
934.955849,227.698208,121.225536
934.955919,227.698208,121.233525
934.956032,227.698208,121.255312
934.956093,227.698208,121.288150
934.956169,227.698208,121.291082
934.956251,227.698208,121.291477
934.956334,227.698208,121.355312
934.956391,227.698208,121.357565
934.956466,227.698208,121.363189
934.956526,227.698208,121.372598
934.956588,227.698208,121.405278
934.956661,227.698208,121.406389
934.956774,227.698208,121.448146
934.956844,227.698208,121.449755
934.956903,227.698208,121.450166
934.957009,227.698208,121.534320
934.957192,227.698208,121.549755
934.957251,227.698208,121.557632
934.957370,227.698208,121.586773
934.957440,227.698208,121.652691
934.957508,227.698208,121.680309
934.957625,227.698208,121.711798
934.957684,227.698208,121.794165
934.957788,227.698208,121.842960
934.957858,227.698208,121.892038
934.957925,227.698208,121.905355
934.958006,227.698208,121.925341
934.958079,227.698208,121.954054
934.958206,227.698208,121.984854
934.958287,227.698208,122.030762
934.958357,227.698208,122.037403
934.958430,227.698208,122.038526
934.958493,227.698208,122.041578
934.958560,227.698208,122.061174
934.958622,227.698208,122.066734
934.958690,227.698208,122.194915
934.958754,227.698208,122.210550
934.958831,227.698208,122.229232
939.248220,227.698208,122.235555
939.248269,227.698208,122.315029
939.248362,227.698208,122.445922
939.248414,227.698208,122.486070
939.248471,227.698208,122.520803
939.248531,227.698208,122.543371
939.248653,227.698208,122.677149
939.248698,227.698208,122.715246
939.248758,227.698208,122.757267
939.248798,227.698208,122.798939
939.248851,227.698208,122.841366
939.248902,227.698208,122.884541
939.248947,227.698208,122.946672
939.249230,227.698208,123.002070
939.249280,227.698208,123.045800
939.249329,227.698208,123.076144
939.249399,227.698208,123.081981
939.249451,227.698208,123.084502
939.249511,227.698208,123.126778
939.249654,227.698208,123.131846
939.249721,227.698208,123.193430
939.249769,227.698208,123.247453
939.249817,227.698208,123.255312
939.249882,227.698208,123.440486
939.249937,227.698208,123.449755
939.250059,227.698208,123.480954
939.250119,227.698208,123.499027
939.250189,227.698208,123.587222
939.250313,227.698208,123.592170
939.250387,227.698208,123.711901
939.250439,227.698208,123.726730
939.250580,227.698208,123.752534
939.250634,227.698208,123.755363
939.250686,227.698208,123.786613
939.250766,227.698208,123.857402
939.250812,227.698208,123.982198
939.250866,227.698208,124.006293
939.251003,227.698208,124.035370
939.251078,227.698208,124.049021
939.251177,227.698208,124.078390
939.251238,227.698208,124.144250
939.251288,227.698208,124.211221
939.251394,227.698208,124.229813
939.251458,227.698208,124.236021
939.251583,227.698208,124.262493
939.251633,227.698208,124.313174
939.251692,227.698208,124.347757
939.251815,227.698208,124.359830
939.251874,227.698208,124.361915
939.252018,227.698208,124.383162
939.252067,227.698208,124.404538
939.252129,227.698208,124.406902
939.252178,227.698208,124.506379
939.252233,227.698208,124.507923
939.252291,227.698208,124.561229
939.252353,227.698208,124.627926
939.252401,227.698208,124.671656
939.252447,227.698208,124.713178
939.252507,227.698208,124.732418
939.252563,227.698208,124.810848
939.252628,227.698208,124.833355
939.252686,227.698208,124.839050
939.252765,227.698208,124.926861
939.252820,227.698208,124.986485
939.252873,227.698208,125.005291
939.252938,227.698208,125.025798
939.253150,227.698208,125.048565
939.253203,227.698208,125.061338
939.253256,227.698208,125.184155
939.253309,227.698208,125.255781
939.253369,227.698208,125.262554
939.253489,227.698208,125.301939
939.253544,227.698208,125.308288
939.253639,227.698208,125.324891
939.253709,227.698208,125.334438
939.253767,227.698208,125.382859
939.253823,227.698208,125.420243
939.253876,227.698208,125.437451
939.253929,227.698208,125.468858
939.253999,227.698208,125.476706
939.254104,227.698208,125.577302
939.254161,227.698208,125.635123
939.254205,227.698208,125.777174
939.254256,227.698208,125.895016
939.254303,227.698208,125.919861
939.254347,227.698208,125.947744
939.254396,227.698208,125.977406
939.254441,227.698208,126.004406
939.254487,227.698208,126.032758
939.254528,227.698208,126.076131
939.254577,227.698208,126.083219
939.254625,227.698208,126.094800
939.254689,227.698208,126.114304
939.254741,227.698208,126.149971
939.254797,227.698208,126.159901
939.254862,227.698208,126.192882
939.254931,227.698208,126.194698
939.254986,227.698208,126.204278
939.255047,227.698208,126.218064
939.255107,227.698208,126.251478
939.255162,227.698208,126.261325
939.255214,227.698208,126.263731
939.255267,227.698208,126.281701
939.255349,227.698208,126.289243
939.255418,227.698208,126.335539
939.255524,227.698208,126.441363
939.255582,227.698208,126.455768
939.255634,227.698208,126.466198
939.255686,227.698208,126.469365
939.255812,227.698208,126.471915
939.255929,227.698208,126.529982
939.256033,227.698208,126.540949
939.256089,227.698208,126.566218
939.256147,227.698208,126.572438
939.256262,227.698208,126.626646
939.256321,227.698208,126.640358
939.256389,227.698208,126.703418
939.256438,227.698208,126.760661
939.256497,227.698208,126.785683
939.256566,227.698208,126.805398
939.256632,227.698208,126.832893
939.256725,227.698208,126.885811
939.256777,227.698208,126.898326
939.256850,227.698208,126.934814
939.256919,227.698208,126.942056
939.256971,227.698208,126.968275
939.257027,227.698208,126.969291
939.257100,227.698208,127.094797
939.257241,227.698208,127.163734
939.257311,227.698208,127.175795
939.257364,227.698208,127.186278
939.257469,227.698208,127.194797
939.257580,227.698208,127.214464
939.257777,227.698208,127.245930
939.257852,227.698208,127.303018
939.257904,227.698208,127.329360
939.257976,227.698208,127.380722
939.258080,227.698208,127.389888
939.258139,227.698208,127.401461
939.258332,227.698208,127.403437
939.258391,227.698208,127.501718
939.258448,227.698208,127.570099
939.258503,227.698208,127.597880
939.258574,227.698208,127.656022
939.258628,227.698208,127.697880
939.258694,227.698208,127.706886
939.258751,227.698208,127.718246
939.258831,227.698208,127.780797
939.258894,227.698208,127.783488
939.258981,227.698208,127.794451
939.259047,227.698208,127.800778
939.259111,227.698208,127.824202
939.259175,227.698208,127.852803
939.259242,227.698208,127.901330
939.259303,227.698208,127.958752
939.259370,227.698208,127.958986
939.259533,227.698208,128.015510
939.259599,227.698208,128.018645
939.259666,227.698208,128.063782
939.259725,227.698208,128.093386
939.259807,227.698208,128.134965
939.259870,227.698208,128.141398
939.259949,227.698208,128.182317
939.260118,227.698208,128.189664
939.260172,227.698208,128.195269
939.260220,227.698208,128.258226
939.260270,227.698208,128.258483
939.260319,227.698208,128.271014
939.260365,227.698208,128.315808
939.260412,227.698208,128.354806
939.260460,227.698208,128.420838
939.260510,227.698208,128.421766
939.260565,227.698208,128.498077
939.260622,227.698208,128.533930
939.260684,227.698208,128.589523
939.260738,227.698208,128.595211
939.260813,227.698208,128.613075
939.260885,227.698208,128.749538
939.260954,227.698208,128.866869
939.261017,227.698208,128.871925
939.261172,227.698208,128.880691
939.261233,227.698208,128.882859
939.261293,227.698208,128.942746
939.261358,227.698208,128.952307
939.261418,227.698208,128.966411
939.261483,227.698208,128.988736
939.261608,227.698208,128.992042
939.261673,227.698208,129.011934
939.261755,227.698208,129.110203
939.261815,227.698208,129.112019
939.261874,227.698208,129.125130
939.261934,227.698208,129.137189
939.262000,227.698208,129.164992
939.262113,227.698208,129.192170
939.262343,227.698208,129.200794
939.262411,227.698208,129.209427
939.262507,227.698208,129.248373
939.262629,227.698208,129.255277
939.262690,227.698208,129.261174
939.262760,227.698208,129.271746
939.262831,227.698208,129.279282
939.262943,227.698208,129.281098
939.263004,227.698208,129.284467
939.263071,227.698208,129.307445
939.263186,227.698208,129.336342
939.263255,227.698208,129.353182
939.263313,227.698208,129.355277
939.263379,227.698208,129.375008
939.263456,227.698208,129.379850
939.263536,227.698208,129.403120
939.263593,227.698208,129.406290
939.263658,227.698208,129.419069
939.263714,227.698208,129.445922
939.263780,227.698208,129.449720
939.263843,227.698208,129.466326
939.263904,227.698208,129.499090
939.263958,227.698208,129.500906
939.264011,227.698208,129.528763
939.264059,227.698208,129.549720
939.264110,227.698208,129.566243
939.264179,227.698208,129.566437
939.264243,227.698208,129.581502
939.264318,227.698208,129.676853
939.264387,227.698208,129.689243
939.264468,227.698208,129.698038
939.264524,227.698208,129.704342
939.264587,227.698208,129.706389
939.264703,227.698208,129.727974
939.264767,227.698208,129.760074
939.264981,227.698208,129.773565
939.265034,227.698208,129.829912
939.265097,227.698208,129.917480
939.265149,227.698208,130.024355
939.265222,227.698208,130.048950
939.265278,227.698208,130.078358
939.265353,227.698208,130.095885
939.265414,227.698208,130.177306
939.265482,227.698208,130.217419
939.265546,227.698208,130.223296
939.265608,227.698208,130.284082
939.265668,227.698208,130.290328
939.265737,227.698208,130.312707
939.265808,227.698208,130.377078
939.265873,227.698208,130.385789
939.265939,227.698208,130.399552
939.265998,227.698208,130.489837
939.266064,227.698208,130.494797
939.266295,227.698208,130.525587
939.266362,227.698208,130.535274
939.266635,227.698208,130.552787
939.266699,227.698208,130.566192
939.266771,227.698208,130.584378
939.266843,227.698208,130.593995
939.266905,227.698208,130.597142
939.266968,227.698208,130.605994
939.267040,227.698208,130.668653
939.267110,227.698208,130.668734
939.267192,227.698208,130.669846
939.267248,227.698208,130.671190
939.267347,227.698208,130.676054
939.267480,227.698208,130.700222
939.267549,227.698208,130.723155
939.267611,227.698208,130.750131
939.267675,227.698208,130.807754
939.267734,227.698208,130.852806
939.267806,227.698208,130.858274
939.267950,227.698208,130.861893
939.268016,227.698208,130.878723
939.268082,227.698208,130.978723
939.268144,227.698208,130.984733
939.268206,227.698208,130.997880
939.268283,227.698208,131.034613
939.268348,227.698208,131.043282
939.268415,227.698208,131.057734
939.268480,227.698208,131.071168
939.268733,227.698208,131.091066
939.268804,227.698208,131.094720
939.268891,227.698208,131.102973
941.699367,227.698208,131.126550
941.699417,227.698208,131.211894
941.699463,227.698208,131.215571
941.699528,227.698208,131.404502
941.699587,227.698208,131.425395
941.699641,227.698208,131.433218
941.699688,227.698208,131.482317
941.699827,227.698208,131.483446
941.699877,227.698208,131.501144
941.699933,227.698208,131.506710
941.699982,227.698208,131.601461
941.700051,227.698208,131.626730
941.700183,227.698208,131.690582
941.700242,227.698208,131.693530
941.700334,227.698208,131.699648
941.700461,227.698208,131.887973
941.700552,227.698208,132.010573
941.700607,227.698208,132.041539
941.700657,227.698208,132.060619
941.700758,227.698208,132.073366
941.700812,227.698208,132.103976
941.700924,227.698208,132.122742
941.700986,227.698208,132.125498
941.701042,227.698208,132.129813
941.701114,227.698208,132.190258
941.701171,227.698208,132.220246
941.701269,227.698208,132.235088
941.701320,227.698208,132.236566
941.701373,227.698208,132.330997
941.701446,227.698208,132.369259
941.701497,227.698208,132.573642
941.701605,227.698208,132.768085
941.701711,227.698208,132.801846
941.701766,227.698208,132.809562
941.701817,227.698208,132.915587
941.701893,227.698208,132.987851
941.701966,227.698208,133.037757
941.702033,227.698208,133.098186
941.702093,227.698208,133.178570
941.702190,227.698208,133.206389
941.702241,227.698208,133.271094
941.702356,227.698208,133.272958
941.702411,227.698208,133.294939
941.702479,227.698208,133.317715
941.702575,227.698208,133.318070
941.702624,227.698208,133.325568
941.702672,227.698208,133.338536
941.702718,227.698208,133.374806
941.702770,227.698208,133.395885
941.702821,227.698208,133.401747
941.702869,227.698208,133.404307
941.702950,227.698208,133.439438
941.702996,227.698208,133.590328
941.703046,227.698208,133.712363
941.703158,227.698208,133.712797
941.703206,227.698208,133.839062
941.703265,227.698208,133.847843
941.703515,227.698208,133.984502
941.703566,227.698208,134.021003
941.703625,227.698208,134.059926
941.703683,227.698208,134.089514
941.703736,227.698208,134.092115
941.703784,227.698208,134.096533
941.703846,227.698208,134.156483
941.703912,227.698208,134.168717
941.704022,227.698208,134.176712
941.704078,227.698208,134.215446
941.704135,227.698208,134.286424
941.704192,227.698208,134.302006
941.704249,227.698208,134.331125
941.704323,227.698208,134.358155
941.704390,227.698208,134.371155
941.704445,227.698208,134.422386
941.704516,227.698208,134.451088
941.704567,227.698208,134.466218
941.704620,227.698208,134.477357
941.704679,227.698208,134.487272
941.704751,227.698208,134.489494
941.704809,227.698208,134.521674
941.704919,227.698208,134.554973
941.704968,227.698208,134.660661
941.705022,227.698208,134.736570
941.705098,227.698208,134.746282
941.705152,227.698208,134.746365
941.705207,227.698208,134.848286
941.705279,227.698208,134.873622
941.705488,227.698208,134.877357
941.705556,227.698208,134.901486
941.705637,227.698208,134.913762
941.705700,227.698208,134.921686
941.705770,227.698208,134.951488
941.705821,227.698208,134.993414
941.705873,227.698208,135.030314
941.705939,227.698208,135.065227
941.705996,227.698208,135.071800
941.706084,227.698208,135.112000
941.706144,227.698208,135.120528
941.706193,227.698208,135.182262
941.706259,227.698208,135.184662
941.706311,227.698208,135.195670
941.706367,227.698208,135.196822
941.706417,227.698208,135.198342
941.706469,227.698208,135.242037
941.706529,227.698208,135.318006
941.706581,227.698208,135.379106
941.706634,227.698208,135.392786
941.706685,227.698208,135.410573
941.706747,227.698208,135.436021
941.706818,227.698208,135.538030
941.706866,227.698208,135.599382
941.706917,227.698208,135.599613
941.706983,227.698208,135.605016
941.707046,227.698208,135.617747
941.707102,227.698208,135.636413
941.707190,227.698208,135.668704
941.707264,227.698208,135.817907
941.707311,227.698208,135.819758
941.707363,227.698208,135.840914
941.707465,227.698208,135.847485
941.707517,227.698208,135.869802
941.707574,227.698208,135.915565
941.707646,227.698208,135.932963
941.707776,227.698208,135.934157
941.707913,227.698208,135.938523
941.707965,227.698208,135.994442
941.708015,227.698208,136.018176
941.708146,227.698208,136.035357
941.708247,227.698208,136.050224
941.708295,227.698208,136.089664
941.708353,227.698208,136.098045
941.708406,227.698208,136.110518
941.708456,227.698208,136.232822
941.708519,227.698208,136.242797
941.708581,227.698208,136.261845
941.708635,227.698208,136.368082
941.708694,227.698208,136.411381
941.708754,227.698208,136.426082
941.708837,227.698208,136.437240
941.708904,227.698208,136.524320
941.708976,227.698208,136.534526
941.709028,227.698208,136.551851
941.709086,227.698208,136.566134
941.709139,227.698208,136.589354
941.709195,227.698208,136.656706
941.709248,227.698208,136.687331
941.709374,227.698208,136.701901
941.709432,227.698208,136.737920
941.709483,227.698208,136.739733
941.709581,227.698208,136.746294
941.709639,227.698208,136.779542
941.709705,227.698208,136.816870
941.709766,227.698208,136.820621
941.709822,227.698208,136.833570
941.709895,227.698208,136.842746
941.709954,227.698208,136.857526
941.710006,227.698208,136.859981
941.710069,227.698208,136.876022
941.710188,227.698208,136.881774
941.710329,227.698208,136.906386
941.710436,227.698208,136.947702
941.710495,227.698208,136.999613
941.710544,227.698208,137.008205
941.710605,227.698208,137.029781
941.710661,227.698208,137.035934
941.710732,227.698208,137.037189
941.710791,227.698208,137.040949
941.710844,227.698208,137.051934
941.710899,227.698208,137.108202
941.711024,227.698208,137.122184
941.711076,227.698208,137.163824
941.711164,227.698208,137.202016
941.711232,227.698208,137.246378
941.711280,227.698208,137.361162
941.711339,227.698208,137.555605
941.711396,227.698208,137.564443
941.711456,227.698208,137.611285
941.711526,227.698208,137.628574
941.711593,227.698208,137.690848
941.711652,227.698208,137.713110
941.711707,227.698208,137.725395
941.711780,227.698208,137.747734
941.711915,227.698208,137.764957
941.711979,227.698208,137.765666
941.712121,227.698208,137.769610
941.712180,227.698208,137.786411
941.712242,227.698208,137.790034
941.712302,227.698208,137.821035
941.712366,227.698208,137.840384
941.712423,227.698208,137.880434
941.712503,227.698208,137.902042
941.712582,227.698208,137.907554
941.712700,227.698208,137.921891
941.712760,227.698208,137.938469
941.712825,227.698208,137.971867
941.712877,227.698208,138.011971
941.712990,227.698208,138.013078
941.713051,227.698208,138.094358
941.713113,227.698208,138.104490
941.713219,227.698208,138.137834
941.713298,227.698208,138.140946
941.713351,227.698208,138.166310
941.713403,227.698208,138.175298
941.713465,227.698208,138.205824
941.713599,227.698208,138.233483
941.713655,227.698208,138.242765
941.713717,227.698208,138.253301
941.713823,227.698208,138.269859
941.713955,227.698208,138.274226
941.714045,227.698208,138.298933
941.714121,227.698208,138.324218
941.714199,227.698208,138.332277
941.714271,227.698208,138.341482
941.714334,227.698208,138.363642
941.714397,227.698208,138.372885
941.714462,227.698208,138.427565
941.714582,227.698208,138.439365
941.714633,227.698208,138.444258
941.714687,227.698208,138.450182
941.714747,227.698208,138.458333
941.714813,227.698208,138.466192
941.714875,227.698208,138.472355
941.714941,227.698208,138.483286
941.714996,227.698208,138.566898
941.715062,227.698208,138.663134
941.715129,227.698208,138.673725
941.715194,227.698208,138.709290
941.715251,227.698208,138.716283
941.715310,227.698208,138.757520
941.715390,227.698208,138.773645
941.715449,227.698208,138.788339
941.715515,227.698208,138.827974
941.715571,227.698208,138.828032
941.715639,227.698208,138.878506
941.715702,227.698208,138.880854
941.715756,227.698208,138.924230
941.715815,227.698208,138.947670
941.715877,227.698208,138.963750
941.715938,227.698208,138.968088
941.715999,227.698208,138.993194
941.716062,227.698208,139.030355
941.716117,227.698208,139.031651
941.716179,227.698208,139.049483
941.716245,227.698208,139.094034
941.716320,227.698208,139.154491
941.716470,227.698208,139.159734
941.716552,227.698208,139.187637
941.716617,227.698208,139.188512
941.716677,227.698208,139.208885
941.716743,227.698208,139.260096
941.717031,227.698208,139.296934
941.717097,227.698208,139.304486
941.717159,227.698208,139.339637
941.717279,227.698208,139.350875
941.717339,227.698208,139.352637
941.717401,227.698208,139.378122
941.717465,227.698208,139.382955
941.717527,227.698208,139.460022
941.717588,227.698208,139.516210
941.717712,227.698208,139.540022
941.717774,227.698208,139.542142
941.717834,227.698208,139.568653
941.717903,227.698208,139.588448
941.718092,227.698208,139.606322
941.718227,227.698208,139.630330
941.718281,227.698208,139.648883
941.718353,227.698208,139.657574
941.718427,227.698208,139.665653
941.718535,227.698208,139.722258
941.718600,227.698208,139.744080
941.718675,227.698208,139.759419
941.718730,227.698208,139.762166
941.718793,227.698208,139.799973
941.718847,227.698208,139.807030
941.719005,227.698208,139.903858
941.719080,227.698208,139.908214
941.719197,227.698208,139.914461
941.719272,227.698208,139.916701
941.719340,227.698208,139.928530
941.719404,227.698208,139.940358
941.719522,227.698208,139.947690
941.719592,227.698208,139.961142
941.719659,227.698208,139.995208
941.719796,227.698208,139.997139
941.719853,227.698208,140.008205
941.719917,227.698208,140.021790
941.720002,227.698208,140.052720
941.720068,227.698208,140.072342
941.720135,227.698208,140.073670
941.720201,227.698208,140.089638
941.720267,227.698208,140.092160
941.720371,227.698208,140.101901
941.720440,227.698208,140.108658
941.720507,227.698208,140.142133
941.720572,227.698208,140.159515
941.720630,227.698208,140.177554
941.720756,227.698208,140.183427
941.720815,227.698208,140.209998
941.720891,227.698208,140.216842
941.720955,227.698208,140.227754
941.721024,227.698208,140.280640
941.721081,227.698208,140.297053
941.721140,227.698208,140.328594
941.721200,227.698208,140.353834
941.721275,227.698208,140.353958
941.721334,227.698208,140.397091
941.721402,227.698208,140.408202
941.721570,227.698208,140.411285
941.721637,227.698208,140.430978
941.721706,227.698208,140.480338
941.721773,227.698208,140.490787
941.721847,227.698208,140.574197
941.721910,227.698208,140.576702
941.721975,227.698208,140.584117
941.722082,227.698208,140.592218
941.722161,227.698208,140.616640
941.722234,227.698208,140.634102
941.722320,227.698208,140.674781
941.722387,227.698208,140.690582
941.722464,227.698208,140.691926
941.722558,227.698208,140.708750
941.722623,227.698208,140.716842
941.722698,227.698208,140.722941
941.722758,227.698208,140.762390
941.722820,227.698208,140.765256
941.722906,227.698208,140.766243
941.722984,227.698208,140.767350
941.723064,227.698208,140.768640
941.723128,227.698208,140.788978
941.723200,227.698208,140.816598
941.723259,227.698208,140.833782
941.723322,227.698208,140.836534
941.723386,227.698208,140.846438
941.723443,227.698208,140.853205
941.723569,227.698208,140.894008
941.723636,227.698208,140.903883
941.723719,227.698208,140.911285
941.723803,227.698208,140.941453
941.723881,227.698208,140.946528
941.723962,227.698208,141.006806
941.964052,227.698208,136.247229
941.964239,227.698208,141.006806
941.968040,227.698208,135.776797
941.968650,227.698208,141.006806
942.406491,227.698208,139.637338
942.406507,227.698208,141.006806
942.407815,227.698208,140.007907
942.408108,227.698208,141.006806
943.141078,227.698208,141.011894
943.141122,227.698208,141.030978
943.141174,227.698208,141.099989
943.141216,227.698208,141.139027
943.141279,227.698208,141.147734
943.141385,227.698208,141.156432
943.141611,227.698208,141.213178
943.141686,227.698208,141.259240
943.141739,227.698208,141.303842
943.141794,227.698208,141.414766
943.141842,227.698208,141.463734
943.141892,227.698208,141.630512
943.142000,227.698208,141.658178
943.142051,227.698208,141.698939
943.142116,227.698208,141.747112
943.142269,227.698208,141.753128
943.142345,227.698208,141.756432
943.142407,227.698208,141.798038
943.142455,227.698208,141.801467
943.142500,227.698208,141.883382
943.142556,227.698208,141.889718
943.142739,227.698208,141.945229
943.142814,227.698208,141.947696
943.142882,227.698208,141.995910
943.142929,227.698208,142.080424
943.142986,227.698208,142.164360
943.143048,227.698208,142.184499
943.143098,227.698208,142.259515
943.143156,227.698208,142.265557
943.143256,227.698208,142.323582
943.143314,227.698208,142.358803
943.143380,227.698208,142.392192
943.143511,227.698208,142.399542
943.143570,227.698208,142.603146
943.143626,227.698208,142.604570
943.143676,227.698208,142.618176
943.143740,227.698208,142.620342
943.143789,227.698208,142.637750
943.143836,227.698208,142.734805
943.143962,227.698208,142.786578
943.144012,227.698208,142.804438
943.144072,227.698208,142.859509
943.144135,227.698208,142.865072
943.144182,227.698208,142.884502
943.144232,227.698208,142.891141
943.144277,227.698208,142.989709
943.144346,227.698208,143.059515
943.144393,227.698208,143.138989
943.144442,227.698208,143.168784
943.144626,227.698208,143.174688
943.144678,227.698208,143.245206
943.144737,227.698208,143.256102
943.144825,227.698208,143.304381
943.144988,227.698208,143.308214
943.145042,227.698208,143.319264
943.145099,227.698208,143.334786
943.145154,227.698208,143.487168
943.145220,227.698208,143.502658
943.145269,227.698208,143.513707
943.145322,227.698208,143.545242
943.145466,227.698208,143.565942
943.145521,227.698208,143.579741
943.145627,227.698208,143.804512
943.145682,227.698208,143.830355
943.145736,227.698208,143.839130
943.145780,227.698208,143.860725
943.145837,227.698208,143.951925
943.145886,227.698208,144.024798
943.145942,227.698208,144.029046
943.145990,227.698208,144.053240
943.146041,227.698208,144.093459
943.146092,227.698208,144.111355
943.146208,227.698208,144.231507
943.146257,227.698208,144.241277
943.146301,227.698208,144.241366
943.146353,227.698208,144.263227
943.146394,227.698208,144.287902
943.146436,227.698208,144.290730
943.146495,227.698208,144.319890
943.146544,227.698208,144.322966
943.146604,227.698208,144.348915
943.146673,227.698208,144.360680
943.146726,227.698208,144.360725
943.146772,227.698208,144.362230
943.146822,227.698208,144.362502
943.146876,227.698208,144.368717
943.146921,227.698208,144.369981
943.146972,227.698208,144.389590
943.147076,227.698208,144.405099
943.147141,227.698208,144.468662
943.147190,227.698208,144.469590
943.147241,227.698208,144.521728
943.147302,227.698208,144.545299
943.147389,227.698208,144.555114
943.147525,227.698208,144.555123
943.147574,227.698208,144.668075
943.147637,227.698208,144.749557
943.147769,227.698208,144.862176
943.147823,227.698208,144.872115
943.147870,227.698208,144.875467
943.147964,227.698208,144.877784
943.148022,227.698208,144.960706
943.148074,227.698208,144.968406
943.148127,227.698208,144.968702
943.148204,227.698208,145.002710
943.148259,227.698208,145.042165
943.148328,227.698208,145.070507
943.148379,227.698208,145.150786
943.148455,227.698208,145.160638
943.148521,227.698208,145.172403
943.148582,227.698208,145.175435
943.148686,227.698208,145.175486
943.148737,227.698208,145.229142
943.148792,227.698208,145.250760
943.148843,227.698208,145.369878
943.148957,227.698208,145.411862
943.149009,227.698208,145.414346
943.149073,227.698208,145.435870
943.149129,227.698208,145.494326
943.149180,227.698208,145.540358
943.149243,227.698208,145.566214
943.149418,227.698208,145.595179
943.149472,227.698208,145.609466
943.149525,227.698208,145.618029
943.149577,227.698208,145.639646
943.149621,227.698208,145.703254
943.149667,227.698208,145.716666
943.149721,227.698208,145.719238
943.149770,227.698208,145.737891
943.149845,227.698208,145.810002
943.149901,227.698208,145.833566
943.149948,227.698208,145.855698
943.149999,227.698208,145.860979
943.150092,227.698208,145.913682
943.150141,227.698208,145.942752
943.150196,227.698208,145.974496
943.150245,227.698208,146.004342
943.150294,227.698208,146.022835
943.150349,227.698208,146.037221
943.150416,227.698208,146.062173
943.150466,227.698208,146.112546
943.150515,227.698208,146.158810
943.150562,227.698208,146.164950
943.150607,227.698208,146.218571
943.150738,227.698208,146.245011
943.150791,227.698208,146.295734
943.150843,227.698208,146.297104
943.150941,227.698208,146.345835
943.151010,227.698208,146.353253
943.151093,227.698208,146.382086
943.151224,227.698208,146.405664
943.151292,227.698208,146.557651
943.151339,227.698208,146.576622
943.151394,227.698208,146.589758
943.151453,227.698208,146.628829
943.151505,227.698208,146.629739
943.151558,227.698208,146.629752
943.151671,227.698208,146.686645
943.151725,227.698208,146.706346
943.151795,227.698208,146.706989
943.152003,227.698208,146.752094
943.152094,227.698208,146.779434
943.152146,227.698208,146.787146
943.152210,227.698208,146.794550
943.152260,227.698208,146.811917
943.152321,227.698208,146.829758
943.152373,227.698208,146.918715
943.152424,227.698208,146.982834
943.152481,227.698208,146.988718
943.152532,227.698208,147.008830
943.152587,227.698208,147.053926
943.152632,227.698208,147.064354
943.152679,227.698208,147.113158
943.152732,227.698208,147.163814
943.152793,227.698208,147.179859
943.152842,227.698208,147.185866
943.152905,227.698208,147.224272
943.152980,227.698208,147.272211
943.153039,227.698208,147.330891
943.153104,227.698208,147.339082
943.153235,227.698208,147.436435
943.153291,227.698208,147.493053
943.153345,227.698208,147.507134
943.153402,227.698208,147.508850
943.153462,227.698208,147.510653
943.153519,227.698208,147.522730
943.153566,227.698208,147.532998
943.153741,227.698208,147.553526
943.153799,227.698208,147.563138
943.153859,227.698208,147.568746
943.153909,227.698208,147.627667
943.153962,227.698208,147.651379
943.154036,227.698208,147.666914
943.154097,227.698208,147.679154
943.154168,227.698208,147.704374
943.154335,227.698208,147.757581
943.154399,227.698208,147.769410
943.154464,227.698208,147.790306
943.154518,227.698208,147.797557
943.154580,227.698208,147.871826
943.154633,227.698208,147.899571
943.154683,227.698208,147.959010
943.154735,227.698208,147.974784
943.154836,227.698208,148.069163
943.154893,227.698208,148.152662
943.155065,227.698208,148.153651
943.155126,227.698208,148.199619
943.155209,227.698208,148.226778
943.155269,227.698208,148.238434
943.155340,227.698208,148.240920
943.155388,227.698208,148.294005
943.155449,227.698208,148.304429
943.155504,227.698208,148.311917
943.155654,227.698208,148.312000
943.155750,227.698208,148.320522
943.155874,227.698208,148.356394
943.155952,227.698208,148.374861
943.156013,227.698208,148.421686
943.156072,227.698208,148.458050
943.156129,227.698208,148.510069
943.156195,227.698208,148.521683
943.156253,227.698208,148.534925
943.156324,227.698208,148.545826
943.156396,227.698208,148.581592
943.156464,227.698208,148.682186
943.156569,227.698208,148.699072
943.156617,227.698208,148.709408
943.156730,227.698208,148.735538
943.156799,227.698208,148.866811
943.156853,227.698208,148.910570
943.156911,227.698208,148.934712
943.156992,227.698208,148.940843
943.157107,227.698208,148.998907
943.157181,227.698208,149.011253
943.157254,227.698208,149.024866
943.157303,227.698208,149.052272
943.157355,227.698208,149.058059
943.157413,227.698208,149.080915
943.157488,227.698208,149.094707
943.157548,227.698208,149.124424
943.157660,227.698208,149.155090
943.157722,227.698208,149.175530
943.157781,227.698208,149.196478
943.157839,227.698208,149.221706
943.157900,227.698208,149.230422
943.158040,227.698208,149.230942
943.158095,227.698208,149.237920
943.158145,227.698208,149.252502
943.158202,227.698208,149.312578
943.158263,227.698208,149.329730
943.158379,227.698208,149.340288
943.158447,227.698208,149.351462
943.158507,227.698208,149.352662
943.158608,227.698208,149.364386
943.158654,227.698208,145.421274
943.158685,227.698208,149.379846
943.158743,227.698208,149.389722
943.158808,227.698208,149.421875
943.158858,227.698208,149.473590
943.158920,227.698208,149.485866
943.158980,227.698208,149.485910
943.159038,227.698208,149.506989
943.159110,227.698208,149.527952
943.159164,227.698208,149.584165
943.159321,227.698208,149.590954
943.159377,227.698208,149.606774
943.159432,227.698208,149.616318
943.159483,227.698208,149.618734
943.159541,227.698208,149.675026
943.159593,227.698208,149.693302
943.159645,227.698208,149.698294
943.159725,227.698208,149.723008
943.159784,227.698208,149.723056
943.159855,227.698208,149.733506
943.159925,227.698208,149.774810
943.159988,227.698208,149.804547
943.160042,227.698208,149.815549
943.160102,227.698208,149.829778
943.160158,227.698208,149.831686
943.160217,227.698208,149.841562
943.160347,227.698208,149.848966
943.160422,227.698208,149.858666
943.160497,227.698208,149.910646
943.160564,227.698208,149.939072
943.160611,227.698208,149.940214
943.160665,227.698208,149.979872
943.160722,227.698208,150.000226
943.160861,227.698208,150.036005
943.160990,227.698208,150.040958
943.161053,227.698208,150.083450
943.161115,227.698208,150.094669
943.161193,227.698208,150.114374
943.161356,227.698208,150.149942
943.161418,227.698208,150.153462
943.161485,227.698208,150.194669
943.161672,227.698208,150.228632
943.161835,227.698208,150.275445
943.161962,227.698208,150.284914
943.162025,227.698208,150.299619
943.162145,227.698208,150.317942
943.162204,227.698208,150.403309
943.162272,227.698208,150.443542
943.162335,227.698208,150.450875
943.162386,227.698208,150.451411
943.162435,227.698208,150.463922
943.162491,227.698208,150.482587
943.162545,227.698208,150.512386
943.162600,227.698208,150.522421
943.162666,227.698208,150.527253
943.162746,227.698208,150.615651
943.162814,227.698208,150.619941
943.162965,227.698208,150.641501
943.163034,227.698208,150.661918
943.163112,227.698208,150.673462
943.163177,227.698208,150.681618
943.163300,227.698208,150.688147
943.163354,227.698208,150.731706
943.163432,227.698208,150.744600
943.163501,227.698208,150.752566
943.163710,227.698208,150.760794
943.163769,227.698208,150.769368
943.163834,227.698208,150.779138
943.163893,227.698208,150.819190
943.163953,227.698208,150.840010
943.164019,227.698208,150.842666
943.164081,227.698208,150.882917
943.164151,227.698208,150.907011
943.164224,227.698208,150.944494
943.164292,227.698208,150.953224
943.164369,227.698208,150.957594
943.164445,227.698208,150.969365
943.164686,227.698208,150.993950
943.164751,227.698208,151.003842
943.164812,227.698208,151.037109
943.164877,227.698208,151.040811
943.164951,227.698208,151.047251
943.165010,227.698208,151.070504
943.165144,227.698208,151.117566
943.165292,227.698208,151.144466
943.165351,227.698208,151.152059
943.165412,227.698208,151.152547
943.165487,227.698208,151.193938
943.165584,227.698208,151.196771
943.165644,227.698208,151.200246
943.165760,227.698208,151.209270
943.165827,227.698208,151.313178
943.165875,227.698208,151.318125
943.165944,227.698208,151.328546
943.166015,227.698208,151.336435
943.166070,227.698208,151.344982
943.166129,227.698208,151.366834
943.166195,227.698208,151.382186
943.166345,227.698208,151.386666
943.166425,227.698208,151.395510
943.166487,227.698208,151.401974
943.166555,227.698208,151.411571
943.166611,227.698208,151.413120
943.166707,227.698208,151.472282
943.166800,227.698208,151.480360
943.166886,227.698208,151.485939
943.166966,227.698208,151.499402
943.167031,227.698208,151.510005
943.167085,227.698208,151.526758
943.167145,227.698208,151.585272
943.167203,227.698208,151.607002
943.167274,227.698208,151.617600
943.167347,227.698208,151.626771
943.167421,227.698208,151.635315
943.167492,227.698208,151.635822
943.167557,227.698208,151.640115
943.167625,227.698208,151.646419
943.167821,227.698208,151.678186
943.167892,227.698208,151.693845
943.167958,227.698208,151.700822
943.168099,227.698208,151.704448
943.168157,227.698208,151.717432
943.168226,227.698208,151.725322
943.168280,227.698208,151.771072
943.168410,227.698208,151.774650
943.168478,227.698208,151.792728
943.168548,227.698208,151.801445
943.168671,227.698208,151.824288
943.168748,227.698208,151.843690
943.168804,227.698208,151.861168
943.168871,227.698208,151.927974
943.168930,227.698208,151.945306
943.169085,227.698208,151.951424
943.169140,227.698208,151.952566
943.169269,227.698208,151.982856
943.169425,227.698208,151.987171
943.169497,227.698208,152.032981
943.169575,227.698208,152.039062
943.169632,227.698208,152.066144
943.169693,227.698208,152.081525
943.169767,227.698208,152.087136
943.169838,227.698208,152.131706
943.169897,227.698208,152.138366
943.169966,227.698208,152.149502
943.170042,227.698208,152.167507
943.170110,227.698208,152.203925
943.170344,227.698208,152.255149
943.170414,227.698208,152.261277
943.170472,227.698208,152.292693
943.170541,227.698208,152.296520
943.170591,227.698208,152.311234
943.170658,227.698208,152.311920
943.170728,227.698208,152.334712
943.170799,227.698208,152.353294
943.170873,227.698208,152.354998
943.170943,227.698208,152.355149
943.171003,227.698208,152.378515
943.171075,227.698208,152.380446
943.171131,227.698208,152.388310
943.171192,227.698208,152.398368
943.171299,227.698208,152.415686
943.171367,227.698208,152.438370
943.419926,227.698208,143.772539
943.420338,227.698208,152.438370
943.462696,227.698208,149.668741
943.462749,227.698208,152.438370
943.463616,227.698208,152.340357
943.463671,227.698208,152.438370
943.710975,227.698208,152.185568
943.711211,227.698208,152.438370
943.722201,227.698208,152.185568
943.722589,227.698208,152.438370
943.807495,227.698208,149.443514
943.807656,227.698208,152.438370
944.028051,227.698208,151.542230
944.028065,227.698208,152.438370
944.030244,227.698208,149.112800
944.030421,227.698208,152.438370
944.031727,227.698208,151.926269
944.031862,227.698208,152.438370
944.091463,227.698208,152.549442
944.091504,227.698208,152.592022
944.091554,227.698208,152.701942
944.091623,227.698208,152.819222
944.091668,227.698208,152.869706
944.091715,227.698208,152.915029
944.091828,227.698208,152.927936
944.091887,227.698208,152.959349
944.091939,227.698208,152.963157
944.092079,227.698208,153.160626
944.092143,227.698208,153.218115
944.092202,227.698208,153.281653
944.092341,227.698208,153.377960
944.092488,227.698208,153.440946
944.092529,227.698208,153.466240
944.092650,227.698208,153.484115
944.092727,227.698208,153.505750
944.092838,227.698208,153.530464
944.092926,227.698208,153.557590
944.093049,227.698208,153.565642
944.093124,227.698208,153.670944
944.093175,227.698208,153.694634
944.093244,227.698208,153.784736
944.093307,227.698208,153.807518
944.093364,227.698208,153.821709
944.093412,227.698208,153.881043
944.093484,227.698208,153.931261
944.093534,227.698208,153.952602
944.093588,227.698208,154.045749
944.093644,227.698208,154.058845
944.093695,227.698208,154.108125
944.093747,227.698208,154.149589
944.093790,227.698208,154.200229
944.093864,227.698208,154.233483
944.093966,227.698208,154.256952
944.094029,227.698208,154.260042
944.094102,227.698208,154.344032
944.094146,227.698208,154.417429
944.094304,227.698208,154.568682
944.094362,227.698208,154.580363
944.094435,227.698208,154.596533
944.094500,227.698208,154.638966
944.094554,227.698208,154.730442
944.094609,227.698208,154.794518
944.094651,227.698208,154.796790
944.094694,227.698208,154.847738
944.094757,227.698208,154.857590
944.094811,227.698208,155.002645
944.094858,227.698208,155.069333
944.094903,227.698208,155.085910
944.094945,227.698208,155.087778
944.094992,227.698208,155.137237
944.095041,227.698208,155.185514
944.095108,227.698208,155.221170
944.095225,227.698208,155.221758
944.095289,227.698208,155.295635
944.095331,227.698208,155.337173
944.095387,227.698208,155.344456
944.095427,227.698208,155.368813
944.095537,227.698208,155.379957
944.095599,227.698208,155.435904
944.095642,227.698208,155.455862
944.095690,227.698208,155.489654
944.095815,227.698208,155.539691
944.095951,227.698208,155.562269
944.096002,227.698208,155.631318
944.096056,227.698208,155.684877
944.096128,227.698208,155.707560
944.096188,227.698208,155.811189
944.096248,227.698208,155.814702
944.096293,227.698208,155.938302
944.096343,227.698208,156.043387
944.096483,227.698208,156.044021
944.096533,227.698208,156.071197
944.096591,227.698208,156.100822
944.096845,227.698208,156.102578
944.096897,227.698208,156.124821
944.096955,227.698208,156.153285
944.097004,227.698208,156.157494
944.097120,227.698208,156.201782
944.097167,227.698208,156.278358
944.097221,227.698208,156.298898
944.097280,227.698208,156.384877
944.097338,227.698208,156.493341
944.097399,227.698208,156.498336
944.097444,227.698208,156.505395
944.097495,227.698208,156.520512
944.097576,227.698208,156.527981
944.097634,227.698208,156.536595
944.097706,227.698208,156.599010
944.097763,227.698208,156.603373
944.097804,227.698208,156.610797
944.097840,227.698208,156.750706
944.097890,227.698208,156.758242
944.097945,227.698208,156.797816
944.097986,227.698208,156.803296
944.098034,227.698208,156.862566
944.098095,227.698208,157.008734
944.098136,227.698208,157.072978
944.098246,227.698208,157.098342
944.098287,227.698208,157.101445
944.098341,227.698208,157.104214
944.098389,227.698208,157.110621
944.098439,227.698208,157.121728
944.098478,227.698208,157.153875
944.098541,227.698208,157.165002
944.098593,227.698208,157.261142
944.098654,227.698208,157.266914
944.098743,227.698208,157.295606
944.098789,227.698208,157.342184
944.098835,227.698208,157.357568
944.098877,227.698208,157.420445
944.098925,227.698208,157.429309
944.098979,227.698208,157.478454
944.099026,227.698208,157.495770
944.099081,227.698208,157.532998
944.099281,227.698208,157.556461
944.099396,227.698208,157.637462
944.099446,227.698208,157.768566
944.099494,227.698208,157.786568
944.099543,227.698208,157.791538
944.099589,227.698208,157.816328
944.099634,227.698208,157.823752
944.099675,227.698208,157.846435
944.099730,227.698208,157.932392
944.099791,227.698208,157.945826
944.099846,227.698208,157.949021
944.099898,227.698208,157.956984
944.099940,227.698208,158.010771
944.099986,227.698208,158.014390
944.100091,227.698208,158.088438
944.100146,227.698208,158.103222
944.100196,227.698208,158.113165
944.100265,227.698208,158.142365
944.100319,227.698208,158.148960
944.100485,227.698208,158.203938
944.100526,227.698208,158.206350
944.100580,227.698208,158.208834
944.100668,227.698208,158.212510
944.100713,227.698208,158.223637
944.100747,227.698208,158.271147
944.100814,227.698208,158.272410
944.100873,227.698208,158.297666
944.100916,227.698208,158.313110
944.100983,227.698208,158.458838
944.101044,227.698208,158.470549
944.101085,227.698208,158.554806
944.101175,227.698208,158.579211
944.101242,227.698208,158.590824
944.101290,227.698208,158.628008
944.101344,227.698208,158.628523
944.101387,227.698208,158.648258
944.101438,227.698208,158.651392
944.101481,227.698208,158.656955
944.101531,227.698208,158.725587
944.101586,227.698208,158.750805
944.101642,227.698208,158.778550
944.101706,227.698208,158.791021
944.101749,227.698208,158.794672
944.101795,227.698208,158.808195
944.101872,227.698208,158.850230
944.101921,227.698208,158.851398
944.101970,227.698208,158.852685
944.102064,227.698208,158.899590
944.102185,227.698208,158.936717
944.102221,227.698208,149.378074
944.102248,227.698208,158.952742
944.102306,227.698208,158.985464
944.102354,227.698208,158.996982
944.102406,227.698208,159.079306
944.102458,227.698208,159.081930
944.102511,227.698208,159.111517
944.102564,227.698208,159.113235
944.102687,227.698208,159.124834
944.102752,227.698208,159.134080
944.102802,227.698208,159.144594
944.102851,227.698208,159.158870
944.102905,227.698208,159.169939
944.102945,227.698208,159.187190
944.103154,227.698208,159.188019
944.103206,227.698208,159.191426
944.103258,227.698208,159.192802
944.103318,227.698208,159.216838
944.103373,227.698208,159.253888
944.103437,227.698208,159.257813
944.103487,227.698208,159.295189
944.103589,227.698208,159.300822
944.103650,227.698208,159.360118
944.103709,227.698208,159.363214
944.103825,227.698208,159.411282
944.103875,227.698208,159.429174
944.103922,227.698208,159.449672
944.103954,227.698208,159.452256
944.104007,227.698208,159.489152
944.104056,227.698208,159.495830
944.104105,227.698208,159.503358
944.104172,227.698208,159.526130
944.104223,227.698208,159.538453
944.104276,227.698208,159.570424
944.104341,227.698208,159.639675
944.104389,227.698208,159.671781
944.104454,227.698208,159.682859
944.104503,227.698208,159.685237
944.104562,227.698208,159.697802
944.104632,227.698208,159.702645
944.104695,227.698208,159.711266
944.104748,227.698208,159.711603
944.104798,227.698208,159.733782
944.104844,227.698208,159.759390
944.104994,227.698208,159.784232
944.105056,227.698208,159.821731
944.105125,227.698208,159.839550
944.105180,227.698208,159.877302
944.105236,227.698208,159.881662
944.105341,227.698208,159.904042
944.105403,227.698208,159.906934
944.105472,227.698208,159.990963
944.105521,227.698208,160.003976
944.105570,227.698208,160.008790
944.105640,227.698208,160.036371
944.105698,227.698208,160.037850
944.105793,227.698208,160.041536
944.105856,227.698208,160.043496
944.105917,227.698208,160.050635
944.105979,227.698208,160.064306
944.106036,227.698208,160.076106
944.106138,227.698208,160.106306
944.106189,227.698208,160.109995
944.106256,227.698208,160.113742
944.106308,227.698208,160.115629
944.106367,227.698208,160.121773
944.106427,227.698208,160.137131
944.106486,227.698208,160.147006
944.106543,227.698208,160.198419
944.106595,227.698208,160.200790
944.106661,227.698208,160.201955
944.106719,227.698208,160.235989
944.106777,227.698208,160.290219
944.106842,227.698208,160.298914
944.106900,227.698208,160.316216
944.106954,227.698208,160.348950
944.107095,227.698208,160.365651
944.107158,227.698208,160.380421
944.107212,227.698208,160.429752
944.107286,227.698208,160.439522
944.107352,227.698208,160.448627
944.107413,227.698208,160.451126
944.107466,227.698208,160.453192
944.107526,227.698208,160.472429
944.107583,227.698208,160.482381
944.107635,227.698208,160.496446
944.107694,227.698208,160.558274
944.107828,227.698208,160.594090
944.107886,227.698208,160.601512
944.107921,227.698208,154.326234
944.107956,227.698208,160.613813
944.108167,227.698208,160.670957
944.108221,227.698208,160.693443
944.108288,227.698208,160.697126
944.108356,227.698208,160.701394
944.108405,227.698208,160.708166
944.108464,227.698208,160.762528
944.108516,227.698208,160.818194
944.108576,227.698208,160.819906
944.108638,227.698208,160.824234
944.108694,227.698208,160.840285
944.108752,227.698208,160.874235
944.108809,227.698208,160.902610
944.108869,227.698208,160.902728
944.108907,227.698208,160.905750
944.108952,227.698208,160.956971
944.108999,227.698208,160.968586
944.109066,227.698208,160.999771
944.109111,227.698208,161.009430
944.109157,227.698208,161.014349
944.109288,227.698208,161.015528
944.109405,227.698208,161.032832
944.109534,227.698208,161.059843
944.109591,227.698208,161.070472
944.109653,227.698208,161.072381
944.109707,227.698208,161.110558
944.109770,227.698208,161.113726
944.109832,227.698208,161.123618
944.109956,227.698208,161.152786
944.110032,227.698208,161.207080
944.110222,227.698208,161.213235
944.110274,227.698208,161.291614
944.110318,227.698208,161.318722
944.110507,227.698208,161.345826
944.110584,227.698208,161.347229
944.110661,227.698208,161.358078
944.110782,227.698208,161.364392
944.110855,227.698208,161.370494
944.110913,227.698208,161.397024
944.110998,227.698208,161.399787
944.111055,227.698208,161.433779
944.111111,227.698208,161.452589
944.111239,227.698208,161.536042
944.111297,227.698208,161.544632
944.111346,227.698208,161.552522
944.111406,227.698208,161.564938
944.111467,227.698208,161.579198
944.111571,227.698208,161.585494
944.111636,227.698208,161.585962
944.111744,227.698208,161.671990
944.111803,227.698208,161.732998
944.111880,227.698208,161.771880
944.111939,227.698208,161.795606
944.111995,227.698208,161.803851
944.112102,227.698208,161.853850
944.112154,227.698208,161.874774
944.112223,227.698208,161.901432
944.112273,227.698208,161.907576
944.112336,227.698208,161.920490
944.112412,227.698208,161.928003
944.112452,227.698208,161.932373
944.112502,227.698208,161.981002
944.112586,227.698208,161.985314
944.112645,227.698208,162.013822
944.112750,227.698208,162.042130
944.112804,227.698208,162.066189
944.112853,227.698208,162.069365
944.112927,227.698208,162.095734
944.113039,227.698208,162.110050
944.113110,227.698208,162.145861
944.113160,227.698208,162.147693
944.113219,227.698208,162.150160
944.113271,227.698208,162.158912
944.113319,227.698208,162.167338
944.113383,227.698208,162.182878
944.113437,227.698208,162.237770
944.113494,227.698208,162.244976
944.113559,227.698208,162.257581
944.113637,227.698208,162.308802
944.113689,227.698208,162.322462
944.113752,227.698208,162.331613
944.113813,227.698208,162.357526
944.113869,227.698208,162.391534
944.113934,227.698208,162.395243
944.113995,227.698208,162.404374
944.114057,227.698208,162.440834
944.114116,227.698208,162.443352
944.114178,227.698208,162.494733
944.114240,227.698208,162.496482
944.114306,227.698208,162.501304
944.114363,227.698208,162.502734
944.114424,227.698208,162.568710
944.114477,227.698208,162.589064
944.114532,227.698208,162.589686
944.114599,227.698208,162.591403
944.114663,227.698208,162.614856
944.114728,227.698208,162.709398
944.114784,227.698208,162.713746
944.114859,227.698208,162.719979
944.114987,227.698208,162.763154
944.115035,227.698208,162.773022
944.115083,227.698208,162.785846
944.115140,227.698208,162.792728
944.115194,227.698208,162.820534
944.115247,227.698208,162.829720
944.115300,227.698208,162.889080
944.115349,227.698208,162.917597
944.115413,227.698208,162.940866
944.115462,227.698208,162.958742
944.115595,227.698208,162.986261
944.115647,227.698208,163.014978
944.115700,227.698208,163.025565
944.115757,227.698208,163.053973
944.115796,227.698208,163.062525
944.115851,227.698208,163.069304
944.115915,227.698208,163.075477
944.115976,227.698208,163.111266
944.116096,227.698208,163.113283
944.116141,227.698208,163.146955
944.116253,227.698208,163.163661
944.116308,227.698208,163.188438
944.116360,227.698208,163.188448
944.116417,227.698208,163.215562
944.116487,227.698208,163.226037
944.116537,227.698208,163.234080
944.116605,227.698208,163.245248
944.116669,227.698208,163.248957
944.116728,227.698208,163.268766
944.116782,227.698208,163.311054
944.116839,227.698208,163.322931
944.116909,227.698208,163.337259
944.116969,227.698208,163.337869
944.117114,227.698208,163.351357
944.117173,227.698208,163.360690
944.117235,227.698208,163.366157
944.117290,227.698208,163.371926
944.117369,227.698208,163.382882
944.117444,227.698208,163.410008
944.117557,227.698208,163.447000
944.117626,227.698208,163.447731
944.117712,227.698208,163.461826
944.117880,227.698208,163.492254
944.117950,227.698208,163.499482
944.118020,227.698208,163.506306
944.118077,227.698208,163.560600
944.118133,227.698208,163.566574
944.118194,227.698208,163.611170
944.118278,227.698208,163.647070
944.118400,227.698208,163.648950
944.118479,227.698208,163.657653
944.118542,227.698208,163.706454
944.118621,227.698208,163.719410
944.118676,227.698208,163.748909
944.118760,227.698208,163.777387
944.118840,227.698208,163.787794
944.118885,227.698208,163.810736
944.119092,227.698208,163.816043
944.119144,227.698208,163.832394
944.119216,227.698208,163.840952
944.119273,227.698208,163.863277
944.119323,227.698208,163.871018
944.119374,227.698208,163.910650
944.119449,227.698208,163.921890
944.119491,227.698208,163.935382
944.119547,227.698208,163.948318
944.119597,227.698208,163.951014
944.119651,227.698208,163.951338
944.119711,227.698208,163.954539
944.119792,227.698208,163.957590
944.119856,227.698208,163.986752
944.119913,227.698208,164.011955
944.119962,227.698208,164.035957
944.120076,227.698208,164.065072
944.120332,227.698208,164.069331
944.120398,227.698208,164.069846
944.120455,227.698208,164.078662
944.120528,227.698208,164.110234
944.120588,227.698208,164.111362
944.120733,227.698208,164.118658
944.120803,227.698208,164.128654
944.120866,227.698208,147.241736
944.120899,227.698208,158.780474
944.120928,227.698208,164.129826
944.121058,227.698208,164.134654
944.121138,227.698208,164.138402
944.121198,227.698208,164.145458
944.121258,227.698208,164.148982
944.121316,227.698208,164.176074
944.121370,227.698208,164.200723
944.121432,227.698208,164.212688
944.121479,227.698208,164.221067
944.121546,227.698208,164.221280
944.121628,227.698208,164.269622
944.121686,227.698208,164.282262
944.121752,227.698208,164.282869
944.121827,227.698208,164.302739
944.121884,227.698208,164.310027
944.121943,227.698208,164.348829
944.122011,227.698208,164.375488
944.122080,227.698208,164.386045
944.122141,227.698208,164.393986
944.122207,227.698208,164.399373
944.122266,227.698208,164.429771
944.122331,227.698208,164.436365
944.122389,227.698208,164.454568
944.122444,227.698208,164.471717
944.122563,227.698208,164.504971
944.122617,227.698208,164.518859
944.122675,227.698208,164.520579
944.122721,227.698208,164.535286
944.122775,227.698208,164.541539
944.122837,227.698208,164.544022
944.122897,227.698208,164.560632
944.122962,227.698208,164.577299
944.123008,227.698208,164.578570
944.123080,227.698208,164.595837
944.123143,227.698208,164.614464
944.123257,227.698208,164.624214
944.123324,227.698208,164.645981
944.123378,227.698208,164.684877
944.123449,227.698208,164.687181
944.123525,227.698208,164.689645
944.123583,227.698208,164.698243
944.123651,227.698208,164.729730
944.123713,227.698208,164.758664
944.123778,227.698208,164.758784
944.123844,227.698208,164.766262
944.123905,227.698208,164.771742
944.123959,227.698208,164.790493
944.124014,227.698208,164.810611
944.124098,227.698208,164.815411
944.124176,227.698208,164.818574
944.124234,227.698208,164.829752
944.124305,227.698208,164.845086
944.124369,227.698208,164.854488
944.124539,227.698208,164.893499
944.124584,227.698208,164.893858
944.124642,227.698208,164.911942
944.124749,227.698208,164.918194
944.124802,227.698208,164.920061
944.124847,227.698208,164.935222
944.124900,227.698208,165.016274
944.125036,227.698208,165.018712
944.125102,227.698208,165.019694
944.125158,227.698208,165.024195
944.125235,227.698208,165.037917
944.125297,227.698208,165.111275
944.125354,227.698208,165.124301
944.125492,227.698208,165.125075
944.125547,227.698208,165.128530
944.125591,227.698208,165.129666
944.125646,227.698208,165.133502
944.125696,227.698208,165.135902
944.125752,227.698208,165.136630
944.125829,227.698208,165.161950
944.126013,227.698208,165.168614
944.126078,227.698208,165.174774
944.126146,227.698208,165.175445
944.126214,227.698208,165.179106
944.126281,227.698208,165.182926
944.126339,227.698208,165.190264
944.126410,227.698208,165.194291
944.126470,227.698208,165.199590
944.126619,227.698208,165.268650
944.126688,227.698208,165.271746
944.126746,227.698208,165.280494
944.126793,227.698208,160.410141
944.126842,227.698208,164.561914
944.126877,227.698208,165.282251
944.126926,227.698208,165.293331
944.126983,227.698208,165.296576
944.127126,227.698208,165.301962
944.127192,227.698208,165.307080
944.127255,227.698208,165.316563
944.127322,227.698208,165.336582
944.127381,227.698208,165.337837
944.127445,227.698208,165.357571
944.127570,227.698208,165.363058
944.127630,227.698208,165.368275
944.127693,227.698208,165.377370
944.127751,227.698208,165.379347
944.127801,227.698208,165.388406
944.127869,227.698208,165.398358
944.127925,227.698208,165.406389
944.127976,227.698208,165.432896
944.128045,227.698208,165.455627
944.128113,227.698208,165.466189
944.128173,227.698208,165.466574
944.128241,227.698208,165.471714
944.128313,227.698208,165.477435
944.128367,227.698208,165.495734
944.128505,227.698208,165.502674
944.128562,227.698208,165.511179
944.128628,227.698208,165.524789
944.128693,227.698208,165.534701
944.128773,227.698208,165.564966
944.128835,227.698208,165.610160
944.128902,227.698208,165.610797
944.128952,227.698208,165.615010
944.129026,227.698208,165.615158
944.129097,227.698208,165.619459
944.129162,227.698208,143.654659
944.129212,227.698208,156.240998
944.129254,227.698208,158.778019
944.129298,227.698208,165.639075
944.129372,227.698208,165.669262
944.129451,227.698208,165.682955
944.129507,227.698208,165.684088
944.129560,227.698208,165.700226
944.129712,227.698208,165.710109
944.129779,227.698208,165.753910
944.129867,227.698208,165.759410
944.129924,227.698208,165.760118
944.129993,227.698208,165.769846
944.130050,227.698208,165.792128
944.130116,227.698208,165.803341
944.130182,227.698208,165.813701
944.130246,227.698208,165.849110
944.130344,227.698208,165.852685
944.130504,227.698208,165.884187
944.130573,227.698208,165.886347
944.130637,227.698208,165.897186
944.130697,227.698208,165.911224
944.130770,227.698208,165.912520
944.130834,227.698208,165.952544
944.130886,227.698208,165.967390
944.130964,227.698208,165.979010
944.131049,227.698208,165.986443
944.131132,227.698208,165.994650
944.131193,227.698208,166.003906
944.131260,227.698208,166.012594
944.131326,227.698208,166.084202
944.131389,227.698208,166.087806
944.131446,227.698208,166.098995
944.131511,227.698208,166.121389
944.131637,227.698208,166.127498
944.131711,227.698208,166.158733
944.131768,227.698208,166.161325
944.131843,227.698208,166.169782
944.131898,227.698208,166.174394
944.131946,227.698208,166.177139
944.132004,227.698208,166.180886
944.132068,227.698208,166.184221
944.132145,227.698208,166.184834
944.132208,227.698208,166.185426
944.132278,227.698208,166.199613
944.132418,227.698208,166.203309
944.132488,227.698208,166.209360
944.132621,227.698208,166.229790
944.132682,227.698208,166.241517
944.132758,227.698208,166.248406
944.132839,227.698208,166.254602
944.132893,227.698208,166.255766
944.132949,227.698208,166.261379
944.133033,227.698208,166.274194
944.133109,227.698208,166.278643
944.133172,227.698208,166.282250
944.133230,227.698208,166.319318
944.133298,227.698208,166.321941
944.133374,227.698208,166.322379
944.133437,227.698208,151.662510
944.133479,227.698208,166.339155
944.133537,227.698208,166.355768
944.133618,227.698208,166.358861
944.133674,227.698208,166.360504
944.133750,227.698208,166.363741
944.133819,227.698208,166.372243
944.133877,227.698208,166.390274
944.133931,227.698208,166.396510
944.134002,227.698208,166.398923
944.134058,227.698208,166.399648
944.155349,227.698208,162.275494
944.155382,227.698208,166.399648
944.155793,227.698208,161.518203
944.155826,227.698208,165.546414
944.155919,227.698208,166.399648
944.180593,227.698208,150.311989
944.181008,227.698208,166.399648
944.181446,227.698208,151.654541
944.181537,227.698208,166.399648
944.182023,227.698208,146.376890
944.182094,227.698208,147.810061
944.182416,227.698208,166.399648
944.191832,227.698208,165.596570
944.192047,227.698208,166.399648
944.192412,227.698208,153.212678
944.192428,227.698208,166.399648
944.194916,227.698208,154.452734
944.195242,227.698208,166.399648
944.195832,227.698208,157.795286
944.195847,227.698208,166.399648
944.197277,227.698208,164.324928
944.197514,227.698208,166.399648
944.205445,227.698208,165.526234
944.205534,227.698208,166.399648
944.220997,227.698208,163.049446
944.221181,227.698208,166.399648
944.221436,227.698208,157.697715
944.221722,227.698208,166.399648
944.229999,227.698208,158.034835
944.230278,227.698208,166.399648
944.234004,227.698208,158.034835
944.234278,227.698208,166.399648
944.288495,227.698208,165.861997
944.288726,227.698208,166.399648
944.289054,227.698208,159.855757
944.289069,227.698208,166.399648
944.289747,227.698208,158.025088
944.289932,227.698208,166.399648
944.290370,227.698208,149.499168
944.290698,227.698208,166.399648
944.358804,227.698208,163.798990
944.359085,227.698208,166.399648
944.361003,227.698208,153.079419
944.361433,227.698208,166.399648
944.367422,227.698208,163.728634
944.367540,227.698208,166.399648
944.379850,227.698208,165.382909
944.380070,227.698208,166.399648
944.383391,227.698208,163.184090
944.383405,227.698208,166.399648
944.385049,227.698208,157.140338
944.385240,227.698208,166.399648
944.390153,227.698208,154.094725
944.390440,227.698208,166.399648
944.442897,227.698208,158.703946
944.443144,227.698208,166.399648
944.443508,227.698208,147.284266
944.443927,227.698208,162.876637
944.444026,227.698208,166.399648
944.474047,227.698208,162.461818
944.474079,227.698208,166.399648
944.474396,227.698208,166.353222
944.474489,227.698208,166.399648
944.521194,227.698208,154.139757
944.521396,227.698208,166.399648
944.523909,227.698208,166.210205
944.524105,227.698208,166.399648
944.528439,227.698208,147.506400
944.528726,227.698208,166.399648
944.532610,227.698208,163.401475
944.532656,227.698208,166.399648
944.541821,227.698208,163.877997
944.541957,227.698208,166.399648
944.552142,227.698208,163.759992
944.552277,227.698208,166.399648
944.553341,227.698208,157.051875
944.553473,227.698208,166.399648
944.553784,227.698208,152.106936
944.554010,227.698208,166.399648
944.559359,227.698208,161.212554
944.559639,227.698208,166.399648
944.574045,227.698208,162.529885
944.574192,227.698208,166.399648
944.574399,227.698208,156.290288
944.574653,227.698208,166.399648
944.694432,227.698208,166.168536
944.694487,227.698208,166.399648
944.694836,227.698208,156.527941
944.694913,227.698208,166.399648
944.696585,227.698208,156.209458
944.696848,227.698208,166.399648
944.716967,227.698208,160.535566
944.716981,227.698208,166.399648
944.717472,227.698208,162.089232
944.717624,227.698208,166.399648
944.726997,227.698208,165.228560
944.727054,227.698208,166.399648
944.727660,227.698208,156.910587
944.727715,227.698208,166.399648
944.728218,227.698208,151.331813
944.728306,227.698208,166.399648
944.730131,227.698208,166.165571
944.730204,227.698208,166.399648
944.757275,227.698208,166.416861
944.757333,227.698208,166.427406
944.757457,227.698208,166.446422
944.757516,227.698208,166.463786
944.757577,227.698208,166.573107
944.757662,227.698208,166.579208
944.757784,227.698208,166.594288
944.757826,227.698208,166.676357
944.757861,227.698208,166.709011
944.757900,227.698208,166.732960
944.757955,227.698208,166.805728
944.758012,227.698208,166.858723
944.758058,227.698208,166.878685
944.758183,227.698208,166.883498
944.758225,227.698208,166.921837
944.758355,227.698208,167.034122
944.758421,227.698208,167.065072
944.758488,227.698208,167.082291
944.758560,227.698208,167.173106
944.758615,227.698208,167.182880
944.758661,227.698208,167.228584
944.758716,227.698208,167.232918
944.758770,227.698208,167.250741
944.758817,227.698208,167.269365
944.759141,227.698208,167.290947
944.759200,227.698208,167.301278
944.759249,227.698208,167.335318
944.759302,227.698208,167.359429
944.759349,227.698208,167.434773
944.759421,227.698208,167.462166
944.759470,227.698208,167.463808
944.759542,227.698208,167.529762
944.759608,227.698208,167.541558
944.759659,227.698208,167.555733
944.759719,227.698208,167.584723
944.759797,227.698208,167.620403
944.759977,227.698208,167.652317
944.760027,227.698208,167.676738
944.760150,227.698208,167.691490
944.760205,227.698208,167.718102
944.760254,227.698208,167.738533
944.760301,227.698208,167.749326
944.760354,227.698208,167.758155
944.760408,227.698208,167.760947
944.760452,227.698208,167.769333
944.760500,227.698208,167.804470
944.760548,227.698208,167.911885
944.760667,227.698208,167.921776
944.760886,227.698208,167.926912
944.761019,227.698208,168.002110
944.761087,227.698208,168.006293
944.761144,227.698208,168.052053
944.761209,227.698208,168.176778
944.761282,227.698208,168.182995
944.761352,227.698208,168.234731
944.761416,227.698208,168.261291
944.761487,227.698208,168.268682
944.761547,227.698208,168.298358
944.761600,227.698208,168.347757
944.761667,227.698208,168.361966
944.761719,227.698208,168.375496
944.761856,227.698208,168.426346
944.761904,227.698208,168.430512
944.762041,227.698208,168.467434
944.762106,227.698208,168.471168
944.762212,227.698208,168.556410
944.762263,227.698208,168.574379
944.762382,227.698208,168.606826
944.762432,227.698208,168.636534
944.762480,227.698208,168.682163
944.762530,227.698208,168.713184
944.762693,227.698208,168.742846
944.762754,227.698208,168.798435
944.762803,227.698208,168.826646
944.762856,227.698208,168.882840
944.762906,227.698208,168.891061
944.762999,227.698208,168.958765
944.763055,227.698208,168.958848
944.763110,227.698208,168.958874
944.763195,227.698208,168.966115
944.763251,227.698208,168.992715
944.763310,227.698208,169.021090
944.763367,227.698208,169.099648
944.763444,227.698208,169.123358
944.763504,227.698208,169.174800
944.763600,227.698208,169.216267
944.763656,227.698208,169.269237
944.763707,227.698208,169.269942
944.763743,227.698208,169.274379
944.763833,227.698208,169.289152
944.763887,227.698208,169.289562
944.763948,227.698208,169.298846
944.764002,227.698208,169.359378
944.764054,227.698208,169.421226
944.764117,227.698208,169.535405
944.764158,227.698208,169.542784
944.764203,227.698208,169.555666
944.764253,227.698208,169.583635
944.764380,227.698208,169.611221
944.764428,227.698208,169.622539
944.764478,227.698208,169.626942
944.764526,227.698208,169.633493
944.764595,227.698208,169.666744
944.764652,227.698208,169.728635
944.764702,227.698208,169.729848
944.764748,227.698208,169.733547
944.764804,227.698208,169.750109
944.764862,227.698208,169.793363
944.764934,227.698208,169.860661
944.764986,227.698208,169.861187
944.765045,227.698208,169.871586
944.765103,227.698208,169.878582
944.765151,227.698208,169.952685
944.765191,227.698208,169.960970
944.765238,227.698208,169.974344
944.765292,227.698208,169.986523
944.765358,227.698208,169.991701
944.765403,227.698208,170.006710
944.765448,227.698208,170.048373
944.765624,227.698208,170.070523
944.765665,227.698208,170.091706
944.765704,227.698208,170.097168
944.765755,227.698208,170.116280
944.765796,227.698208,170.126771
944.765905,227.698208,170.139688
944.765957,227.698208,170.160064
944.766004,227.698208,170.193986
944.766073,227.698208,170.264421
944.766117,227.698208,170.280970
944.766158,227.698208,170.283552
944.766212,227.698208,170.290373
944.766243,227.698208,162.809534
944.766278,227.698208,166.692854
944.766310,227.698208,170.318006
944.766356,227.698208,170.318059
944.766419,227.698208,170.334131
944.766468,227.698208,170.337907
944.766539,227.698208,170.340301
944.766583,227.698208,170.341485
944.766648,227.698208,170.424859
944.766686,227.698208,170.433547
944.766722,227.698208,170.434206
944.766784,227.698208,170.450093
944.766831,227.698208,170.488170
944.766877,227.698208,170.572885
944.766940,227.698208,170.587158
944.767003,227.698208,170.589370
944.767053,227.698208,170.593373
944.767116,227.698208,170.593938
944.767156,227.698208,170.595109
944.767200,227.698208,170.613264
944.767272,227.698208,170.619302
944.767311,227.698208,170.628650
944.767372,227.698208,170.632864
944.767428,227.698208,170.655157
944.767473,227.698208,170.725568
944.767522,227.698208,170.733365
944.767579,227.698208,170.739670
944.767626,227.698208,170.799155
944.767671,227.698208,170.814933
944.767726,227.698208,170.818195
944.767769,227.698208,170.879710
944.767817,227.698208,170.927294
944.767864,227.698208,170.950205
944.767966,227.698208,170.950843
944.768009,227.698208,170.982259
944.768053,227.698208,170.992096
944.768096,227.698208,170.993331
944.768153,227.698208,171.012638
944.768195,227.698208,171.089664
944.768251,227.698208,171.097770
944.768298,227.698208,171.163725
944.768345,227.698208,171.179112
944.768396,227.698208,171.181050
944.768463,227.698208,171.185218
944.768523,227.698208,171.212414
944.768566,227.698208,171.222366
944.768632,227.698208,171.228546
944.768692,227.698208,171.256400
944.768756,227.698208,171.263574
944.768812,227.698208,171.269333
944.768942,227.698208,171.310643
944.768983,227.698208,171.340298
944.769070,227.698208,171.345242
944.769115,227.698208,171.369333
944.769174,227.698208,171.372533
944.769317,227.698208,171.398246
944.769367,227.698208,171.411638
944.769420,227.698208,171.477486
944.769468,227.698208,171.500813
944.769541,227.698208,171.505086
944.769587,227.698208,171.545078
944.769645,227.698208,171.578738
944.769697,227.698208,171.580312
944.769746,227.698208,171.592909
944.769794,227.698208,171.647032
944.769841,227.698208,171.647251
944.769892,227.698208,171.668766
944.769961,227.698208,171.709405
944.770037,227.698208,171.749024
944.770076,227.698208,171.755142
944.770124,227.698208,171.759483
944.770203,227.698208,171.763134
944.770258,227.698208,171.772432
944.770300,227.698208,171.843381
944.770353,227.698208,171.886613
944.770421,227.698208,171.897171
944.770459,227.698208,171.899605
944.770516,227.698208,171.909520
944.770612,227.698208,171.930845
944.770669,227.698208,171.962522
944.770720,227.698208,171.966336
944.770765,227.698208,171.969198
944.770821,227.698208,171.969240
944.770857,227.698208,171.969814
944.770914,227.698208,171.979181
944.770963,227.698208,172.003896
944.771040,227.698208,172.015648
944.771080,227.698208,172.031715
944.771137,227.698208,172.041574
944.771310,227.698208,172.052720
944.771364,227.698208,172.055702
944.771423,227.698208,172.056917
944.771474,227.698208,172.057653
944.771533,227.698208,172.086619
944.771577,227.698208,172.155062
944.771627,227.698208,172.160779
944.771667,227.698208,172.179181
944.771727,227.698208,172.200211
944.771797,227.698208,172.210091
944.771835,227.698208,172.220557
944.771899,227.698208,172.247488
944.771949,227.698208,172.281062
944.771993,227.698208,172.282317
944.772251,227.698208,172.351488
944.772298,227.698208,172.386710
944.772346,227.698208,172.392728
944.772406,227.698208,172.394654
944.772475,227.698208,172.430250
944.772521,227.698208,172.447032
944.772579,227.698208,172.465872
944.772623,227.698208,172.478486
944.772668,227.698208,172.509555
944.772712,227.698208,172.592728
944.772761,227.698208,172.618102
944.772817,227.698208,172.648835
944.772897,227.698208,172.683402
944.773010,227.698208,172.698398
944.773057,227.698208,172.725408
944.773184,227.698208,172.730974
944.773242,227.698208,172.737078
944.773298,227.698208,172.750293
944.773364,227.698208,172.787310
944.773397,227.698208,172.797696
944.773460,227.698208,172.799517
944.773509,227.698208,172.811930
944.773601,227.698208,172.833467
944.773650,227.698208,172.842803
944.773708,227.698208,172.940798
944.773750,227.698208,172.957075
944.773785,227.698208,172.976064
944.773839,227.698208,173.006373
944.773930,227.698208,173.028886
944.773983,227.698208,173.034176
944.774110,227.698208,173.043350
944.774159,227.698208,173.047686
944.774205,227.698208,173.059798
944.774253,227.698208,173.088506
944.774360,227.698208,173.090957
944.774431,227.698208,173.165104
944.774469,227.698208,160.392906
944.774512,227.698208,165.676226
944.774554,227.698208,173.165104
944.774592,227.698208,160.392906
944.774633,227.698208,165.676226
944.774671,227.698208,173.182901
944.774724,227.698208,173.186485
944.774784,227.698208,173.197027
944.774819,227.698208,173.214406
944.774872,227.698208,173.214910
944.774924,227.698208,173.253256
944.774982,227.698208,173.266275
944.775021,227.698208,173.293312
944.775075,227.698208,173.294576
944.775125,227.698208,173.338523
944.775172,227.698208,173.362512
944.775214,227.698208,173.377344
944.775263,227.698208,173.395910
944.775333,227.698208,173.401432
944.775397,227.698208,173.402006
944.775456,227.698208,173.405674
944.775506,227.698208,173.408850
944.775552,227.698208,173.434174
944.775616,227.698208,173.434771
944.775680,227.698208,173.434970
944.775732,227.698208,173.447584
944.775776,227.698208,173.455702
944.775828,227.698208,173.465666
944.775882,227.698208,173.527291
944.775929,227.698208,173.558963
944.775991,227.698208,173.595198
944.776038,227.698208,173.596450
944.776102,227.698208,173.603797
944.776149,227.698208,173.610323
944.776197,227.698208,173.624846
944.776263,227.698208,173.637747
944.776323,227.698208,173.663597
944.776378,227.698208,173.671819
944.776513,227.698208,173.682310
944.776565,227.698208,173.710066
944.776615,227.698208,173.779214
944.776674,227.698208,173.782917
944.776745,227.698208,173.805706
944.776807,227.698208,173.822400
944.776886,227.698208,173.823658
944.776961,227.698208,173.836470
944.777012,227.698208,173.919826
944.777089,227.698208,173.929730
944.777151,227.698208,173.947744
944.777285,227.698208,173.994624
944.777338,227.698208,174.026714
944.777395,227.698208,174.034806
944.777451,227.698208,174.075936
944.777502,227.698208,174.083427
944.777557,227.698208,174.135954
944.777608,227.698208,174.148341
944.777658,227.698208,174.160526
944.777713,227.698208,174.167363
944.777788,227.698208,174.174902
944.777852,227.698208,174.195885
944.777951,227.698208,174.221157
944.778007,227.698208,174.240821
944.778063,227.698208,174.250773
944.778122,227.698208,174.271806
944.778162,227.698208,174.293701
944.778210,227.698208,174.321218
944.778325,227.698208,174.324272
944.778360,227.698208,167.528618
944.778397,227.698208,170.711938
944.778431,227.698208,174.329848
944.778481,227.698208,174.345758
944.778528,227.698208,174.354098
944.778632,227.698208,174.390328
944.778728,227.698208,174.442749
944.778784,227.698208,174.448966
944.778834,227.698208,174.467062
944.778880,227.698208,174.484883
944.778920,227.698208,174.487936
944.778979,227.698208,174.501435
944.779025,227.698208,174.592715
944.779070,227.698208,174.615637
944.779121,227.698208,174.629758
944.779166,227.698208,174.640322
944.779228,227.698208,174.657560
944.779274,227.698208,174.668630
944.779337,227.698208,174.673694
944.779400,227.698208,174.677098
944.779454,227.698208,174.687829
944.779519,227.698208,174.710643
944.779565,227.698208,174.716283
944.779613,227.698208,174.788776
944.779659,227.698208,174.806992
944.779726,227.698208,174.814837
944.779784,227.698208,174.837853
944.779832,227.698208,174.843384
944.779887,227.698208,174.845930
944.780018,227.698208,174.852021
944.780077,227.698208,174.855014
944.780125,227.698208,174.872278
944.780178,227.698208,174.877994
944.780242,227.698208,174.887936
944.780310,227.698208,174.901955
944.780368,227.698208,174.905086
944.780416,227.698208,174.920814
944.780464,227.698208,174.958963
944.780523,227.698208,174.964443
944.780569,227.698208,174.968736
944.780615,227.698208,174.973026
944.780659,227.698208,174.985358
944.780706,227.698208,174.990899
944.780780,227.698208,174.993947
944.780829,227.698208,174.994043
944.780881,227.698208,175.006251
944.780931,227.698208,175.050750
944.780975,227.698208,175.052736
944.781010,227.698208,175.056522
944.781125,227.698208,175.103309
944.781178,227.698208,175.124314
944.781222,227.698208,175.154440
944.781269,227.698208,175.157440
944.781319,227.698208,175.163179
944.781365,227.698208,175.164290
944.781431,227.698208,175.179802
944.781478,227.698208,175.211910
944.781523,227.698208,175.245210
944.781569,227.698208,175.249738
944.781629,227.698208,175.254472
944.781684,227.698208,175.266154
944.781733,227.698208,175.291230
944.781781,227.698208,175.305093
944.781829,227.698208,175.310075
944.781887,227.698208,175.346485
944.781954,227.698208,175.354774
944.782008,227.698208,175.361832
944.782054,227.698208,175.388974
944.782098,227.698208,175.419947
944.782136,227.698208,175.441622
944.782171,227.698208,175.449598
944.782226,227.698208,175.479058
944.782286,227.698208,175.484734
944.782369,227.698208,175.522890
944.782423,227.698208,175.522987
944.782480,227.698208,175.555778
944.782533,227.698208,175.609235
944.782593,227.698208,175.612074
944.782630,227.698208,175.633024
944.782673,227.698208,175.634170
944.782790,227.698208,175.638624
944.782861,227.698208,175.650160
944.782923,227.698208,175.677357
944.783064,227.698208,175.679147
944.783118,227.698208,175.679338
944.783181,227.698208,175.679690
944.783233,227.698208,175.706914
944.783283,227.698208,175.717333
944.783334,227.698208,175.729826
944.783386,227.698208,175.735222
944.783432,227.698208,175.750221
944.783480,227.698208,175.758851
944.783523,227.698208,175.760102
944.783569,227.698208,175.761941
944.783657,227.698208,175.762606
944.783717,227.698208,175.785491
944.783783,227.698208,175.787286
944.783848,227.698208,175.789098
944.783913,227.698208,175.797082
944.783964,227.698208,175.798227
944.784014,227.698208,175.804917
944.784086,227.698208,175.806517
944.784123,227.698208,175.823056
944.784204,227.698208,175.871800
944.784523,227.698208,175.873781
944.784579,227.698208,175.879070
944.784631,227.698208,175.887936
944.784683,227.698208,175.912411
944.784754,227.698208,175.922373
944.784804,227.698208,175.939694
944.784879,227.698208,175.958720
944.784929,227.698208,175.965086
944.785003,227.698208,175.974178
944.785059,227.698208,175.979934
944.785130,227.698208,175.982211
944.785183,227.698208,175.998342
944.785279,227.698208,176.012542
944.785330,227.698208,176.015922
944.785395,227.698208,176.017506
944.785437,227.698208,160.708238
944.785470,227.698208,175.193442
944.785513,227.698208,176.059474
944.785565,227.698208,176.091490
944.785623,227.698208,176.116283
944.785672,227.698208,176.141542
944.785721,227.698208,176.188474
944.785793,227.698208,176.192786
944.785890,227.698208,176.261296
944.785940,227.698208,176.267957
944.785991,227.698208,176.272387
944.786040,227.698208,155.845862
944.786074,227.698208,167.534146
944.786110,227.698208,170.494003
944.786145,227.698208,173.635872
944.786177,227.698208,176.285933
944.786243,227.698208,176.290826
944.786304,227.698208,176.311798
944.786384,227.698208,176.361472
944.786523,227.698208,176.377965
944.786587,227.698208,176.404509
944.786642,227.698208,176.422998
944.786706,227.698208,176.426822
944.786850,227.698208,176.461816
944.786951,227.698208,176.479754
944.787013,227.698208,176.500197
944.787082,227.698208,176.504454
944.787137,227.698208,176.530461
944.787174,227.698208,176.539040
944.787264,227.698208,176.543426
944.787322,227.698208,176.547691
944.787382,227.698208,176.552586
944.787434,227.698208,176.556314
944.787491,227.698208,176.564992
944.787558,227.698208,176.576822
944.787614,227.698208,176.577389
944.787680,227.698208,176.584792
944.787725,227.698208,176.598952
944.787779,227.698208,176.615637
944.787851,227.698208,176.617349
944.787906,227.698208,176.623522
944.787966,227.698208,176.641450
944.788025,227.698208,176.672422
944.788234,227.698208,176.722427
944.788282,227.698208,176.735254
944.788365,227.698208,176.737869
944.788425,227.698208,176.743952
944.788488,227.698208,176.746499
944.788548,227.698208,176.750757
944.788606,227.698208,176.771832
944.788672,227.698208,176.773642
944.788738,227.698208,176.776746
944.788792,227.698208,176.795189
944.788853,227.698208,176.795224
944.788908,227.698208,176.804531
944.788959,227.698208,176.840298
944.789013,227.698208,176.840853
944.789069,227.698208,176.848979
944.789120,227.698208,176.874379
944.789183,227.698208,176.876221
944.789395,227.698208,176.888997
944.789449,227.698208,176.891539
944.789512,227.698208,176.913898
944.789574,227.698208,176.945210
944.789705,227.698208,176.953878
944.789891,227.698208,176.954562
944.789959,227.698208,176.968085
944.790081,227.698208,176.975416
944.790141,227.698208,176.977274
944.790261,227.698208,176.978122
944.790313,227.698208,176.987238
944.790360,227.698208,176.997662
944.790428,227.698208,177.000197
944.790494,227.698208,177.012408
944.790553,227.698208,177.014390
944.790619,227.698208,177.018566
944.790656,227.698208,177.043422
944.790707,227.698208,177.060686
944.790759,227.698208,177.081091
944.790818,227.698208,177.082285
944.790890,227.698208,177.106914
944.790949,227.698208,177.113662
944.791010,227.698208,177.135970
944.791075,227.698208,177.146336
944.791124,227.698208,177.167414
944.791176,227.698208,177.171717
944.791287,227.698208,177.197760
944.791330,227.698208,177.212992
944.791381,227.698208,177.222378
944.791452,227.698208,177.248842
944.791525,227.698208,177.255130
944.791579,227.698208,177.265451
944.791631,227.698208,177.280426
944.791691,227.698208,177.302784
944.791752,227.698208,177.306251
944.791829,227.698208,177.324309
944.791946,227.698208,177.330413
944.792011,227.698208,177.350301
944.792122,227.698208,177.359400
944.792174,227.698208,177.363722
944.792236,227.698208,177.374515
944.792286,227.698208,177.377392
944.792347,227.698208,177.395189
944.792406,227.698208,177.405875
944.792532,227.698208,177.441546
944.792682,227.698208,177.443285
944.792760,227.698208,177.449464
944.792828,227.698208,177.456962
944.792897,227.698208,177.476221
944.792953,227.698208,177.490912
944.793003,227.698208,177.492706
944.793072,227.698208,177.513875
944.793123,227.698208,177.515584
944.793170,227.698208,177.540946
944.793244,227.698208,177.546978
944.793313,227.698208,177.553770
944.793377,227.698208,177.556301
944.793433,227.698208,177.561293
944.793492,227.698208,177.561451
944.793545,227.698208,177.566877
944.793605,227.698208,177.581691
944.793658,227.698208,177.583427
944.793720,227.698208,177.593405
944.793875,227.698208,177.596032
944.793916,227.698208,177.603285
944.793975,227.698208,177.650054
944.794054,227.698208,177.675549
944.794129,227.698208,177.679202
944.794275,227.698208,177.683517
944.794324,227.698208,177.686032
944.794380,227.698208,177.698840
944.794437,227.698208,177.730451
944.794486,227.698208,177.739648
944.794547,227.698208,177.758538
944.794611,227.698208,177.773622
944.794679,227.698208,177.775438
944.794748,227.698208,177.776134
944.794802,227.698208,177.790475
944.794844,227.698208,177.796322
944.794897,227.698208,177.845835
944.794962,227.698208,177.869992
944.795037,227.698208,177.892781
944.795132,227.698208,177.899418
944.795183,227.698208,177.899699
944.795246,227.698208,177.902762
944.795301,227.698208,177.918126
944.795358,227.698208,177.927317
944.795512,227.698208,177.933150
944.795566,227.698208,177.944058
944.795650,227.698208,177.946470
944.795714,227.698208,177.955763
944.795774,227.698208,177.958944
944.795819,227.698208,177.959539
944.795877,227.698208,177.981002
944.795948,227.698208,178.001374
944.796005,227.698208,178.005738
944.796062,227.698208,178.008045
944.796118,227.698208,178.011202
944.796174,227.698208,178.017528
944.796302,227.698208,178.032232
944.796359,227.698208,178.034006
944.796428,227.698208,178.039034
944.796491,227.698208,178.060192
944.796580,227.698208,178.077427
944.796641,227.698208,178.082272
944.796722,227.698208,178.093861
944.796780,227.698208,178.099574
944.796843,227.698208,178.121798
944.796912,227.698208,178.152181
944.796973,227.698208,172.469758
944.797010,227.698208,178.157408
944.797068,227.698208,178.171990
944.797127,227.698208,178.172438
944.797196,227.698208,178.179760
944.797248,227.698208,178.182282
944.797304,227.698208,178.182285
944.797379,227.698208,178.188429
944.797454,227.698208,178.193363
944.797510,227.698208,178.199019
944.797583,227.698208,178.210026
944.797644,227.698208,178.210803
944.797687,227.698208,164.195277
944.797723,227.698208,178.238443
944.797800,227.698208,178.241838
944.797860,227.698208,178.246544
944.797916,227.698208,178.266848
944.797978,227.698208,178.269589
944.798036,227.698208,178.278650
944.798099,227.698208,178.287714
944.798157,227.698208,178.293920
944.798199,227.698208,178.315651
944.798234,227.698208,178.316242
944.798305,227.698208,178.318026
944.798360,227.698208,178.357146
944.798415,227.698208,178.358078
944.798471,227.698208,178.361382
944.798527,227.698208,178.384749
944.798593,227.698208,178.388365
944.798645,227.698208,178.406890
944.798714,227.698208,178.409507
944.798776,227.698208,178.410784
944.798818,227.698208,169.143437
944.798863,227.698208,178.427920
944.798926,227.698208,178.428146
944.798989,227.698208,178.429707
944.799055,227.698208,178.429784
944.799114,227.698208,178.439184
944.799156,227.698208,178.443394
944.799215,227.698208,178.450227
944.799266,227.698208,178.468755
944.799371,227.698208,178.478472
944.799433,227.698208,178.485494
944.799488,227.698208,178.497643
944.799542,227.698208,178.505210
944.799602,227.698208,178.509392
944.799666,227.698208,178.555826
944.799723,227.698208,178.572845
944.799775,227.698208,178.579192
944.799844,227.698208,178.580510
944.799904,227.698208,178.583478
944.799962,227.698208,178.600155
944.800035,227.698208,178.602064
944.800094,227.698208,178.620736
944.800228,227.698208,178.622486
944.800274,227.698208,178.622880
944.800354,227.698208,178.634808
944.800439,227.698208,178.636438
944.800486,227.698208,178.657558
944.800564,227.698208,178.684133
944.800622,227.698208,178.691512
944.800692,227.698208,178.693277
944.800844,227.698208,178.703867
944.800895,227.698208,178.721773
944.800967,227.698208,178.726085
944.801028,227.698208,178.735306
944.801096,227.698208,178.736021
944.801263,227.698208,178.750766
944.801322,227.698208,178.760706
944.801472,227.698208,178.768115
944.801516,227.698208,178.781733
944.801571,227.698208,178.817997
944.801641,227.698208,178.818144
944.801684,227.698208,178.821629
944.801750,227.698208,178.851947
944.801825,227.698208,178.858778
944.801882,227.698208,178.888974
944.801939,227.698208,178.890206
944.802014,227.698208,178.910109
944.802090,227.698208,178.919954
944.802141,227.698208,178.997696
944.802197,227.698208,179.019979
944.802279,227.698208,179.030512
944.802563,227.698208,179.043894
944.802649,227.698208,179.044642
944.802720,227.698208,179.052019
944.802786,227.698208,179.053221
944.802865,227.698208,179.065621
944.802990,227.698208,179.076762
944.803043,227.698208,179.139653
944.803102,227.698208,179.145752
944.803162,227.698208,179.183542
944.803227,227.698208,179.185928
944.803288,227.698208,179.188278
944.803342,227.698208,179.190296
944.803395,227.698208,179.207030
944.803437,227.698208,179.211934
944.803489,227.698208,179.213248
944.803632,227.698208,179.252088
944.803687,227.698208,179.257514
944.803747,227.698208,179.263789
944.803819,227.698208,179.268680
944.803877,227.698208,179.280538
944.803933,227.698208,179.280989
944.803993,227.698208,179.298995
944.804068,227.698208,179.324822
944.804150,227.698208,179.327926
944.804200,227.698208,179.330339
944.804260,227.698208,179.347232
944.804334,227.698208,179.353862
944.804389,227.698208,179.367331
944.804450,227.698208,179.368123
944.804499,227.698208,171.887285
944.804547,227.698208,175.770605
944.804590,227.698208,179.370485
944.804799,227.698208,179.387819
944.804860,227.698208,179.427923
944.804900,227.698208,179.446531
944.804955,227.698208,179.477986
944.805012,227.698208,179.492182
944.805085,227.698208,179.506304
944.805146,227.698208,179.512053
944.805197,227.698208,179.522864
944.805257,227.698208,179.528510
944.805325,227.698208,179.540358
944.805469,227.698208,179.547650
944.805515,227.698208,179.550899
944.805572,227.698208,179.558765
944.805650,227.698208,179.559542
944.805733,227.698208,179.563134
944.805791,227.698208,179.568704
944.805873,227.698208,179.570392
944.805937,227.698208,179.586061
944.806059,227.698208,179.616806
944.806118,227.698208,179.618102
944.806179,227.698208,179.632149
944.806251,227.698208,179.632371
944.806314,227.698208,179.635349
944.806382,227.698208,179.637259
944.806457,227.698208,179.646490
944.806528,227.698208,179.648354
944.806676,227.698208,179.652013
944.806755,227.698208,179.663789
944.806804,227.698208,179.687824
944.806875,227.698208,179.706966
944.807151,227.698208,179.713245
944.807217,227.698208,179.727357
944.807283,227.698208,179.756933
944.807350,227.698208,179.757981
944.807412,227.698208,179.763750
944.807530,227.698208,179.777226
944.807598,227.698208,179.808808
944.807662,227.698208,179.813248
944.807714,227.698208,179.825450
944.807777,227.698208,179.826830
944.807838,227.698208,179.829306
944.807917,227.698208,179.831651
944.808040,227.698208,179.837344
944.808114,227.698208,179.855296
944.808160,227.698208,179.890990
944.808234,227.698208,179.906952
944.808302,227.698208,179.917397
944.808365,227.698208,179.937795
944.808430,227.698208,179.939786
944.808489,227.698208,179.967475
944.808595,227.698208,179.984694
944.808669,227.698208,179.987248
944.808749,227.698208,179.997182
944.808826,227.698208,180.007691
944.808876,227.698208,180.010464
944.808941,227.698208,180.025357
944.809004,227.698208,180.027342
944.809063,227.698208,180.029880
944.809133,227.698208,180.040157
944.809194,227.698208,180.040914
944.809331,227.698208,180.049739
944.809377,227.698208,180.052675
944.809423,227.698208,180.055298
944.809500,227.698208,180.057589
944.809559,227.698208,180.063811
944.809616,227.698208,180.064826
944.809686,227.698208,180.068630
944.809746,227.698208,180.094624
944.809834,227.698208,180.105112
944.809894,227.698208,180.113133
944.809937,227.698208,164.727322
944.809970,227.698208,179.912525
944.810015,227.698208,180.146506
944.810097,227.698208,180.150219
944.810175,227.698208,180.152637
944.810292,227.698208,180.156336
944.810370,227.698208,180.167427
944.810440,227.698208,180.191626
944.810517,227.698208,180.205802
944.810590,227.698208,180.205875
944.810702,227.698208,180.206402
944.810763,227.698208,180.206973
944.810827,227.698208,180.228016
944.810894,227.698208,180.235357
944.811013,227.698208,180.265072
944.811132,227.698208,180.266848
944.811191,227.698208,180.268082
944.811246,227.698208,180.291626
944.811305,227.698208,180.295838
944.811374,227.698208,180.295869
944.811432,227.698208,155.890894
944.811473,227.698208,178.023670
944.811524,227.698208,180.310686
944.811590,227.698208,180.328539
944.811651,227.698208,180.330355
944.811759,227.698208,180.346122
944.811822,227.698208,180.368675
944.811895,227.698208,180.401416
944.811957,227.698208,180.407314
944.812024,227.698208,180.407502
944.812090,227.698208,180.450157
944.812158,227.698208,180.453712
944.812225,227.698208,180.454430
944.812297,227.698208,180.454498
944.812353,227.698208,180.457459
944.812411,227.698208,180.459515
944.812522,227.698208,180.465101
944.812631,227.698208,180.471091
944.812688,227.698208,180.474262
944.812746,227.698208,180.480475
944.812801,227.698208,180.489581
944.812868,227.698208,180.500830
944.812957,227.698208,180.514358
944.813021,227.698208,180.517488
944.813097,227.698208,180.537205
944.813149,227.698208,180.537914
944.813226,227.698208,180.540885
944.813306,227.698208,180.555872
944.813376,227.698208,180.563118
944.813451,227.698208,180.566208
944.813514,227.698208,180.588422
944.813580,227.698208,180.590749
944.813655,227.698208,180.608853
944.813729,227.698208,180.626088
944.813773,227.698208,180.635787
944.813835,227.698208,180.640170
944.813893,227.698208,180.647160
944.813972,227.698208,180.651960
944.814034,227.698208,180.656330
944.814122,227.698208,180.661235
944.814174,227.698208,180.668091
944.814233,227.698208,180.674918
944.814290,227.698208,180.690896
944.814343,227.698208,180.708802
944.814409,227.698208,180.728062
944.814476,227.698208,180.734786
944.814542,227.698208,180.735328
944.814609,227.698208,180.772390
944.814671,227.698208,180.776086
944.814827,227.698208,180.782843
944.814895,227.698208,180.802171
944.814955,227.698208,180.803296
944.815030,227.698208,180.835286
944.815104,227.698208,180.852675
944.815242,227.698208,180.855678
944.815299,227.698208,180.859978
944.815358,227.698208,180.865760
944.815440,227.698208,180.873589
944.815505,227.698208,180.875445
944.815628,227.698208,180.889717
944.815719,227.698208,180.909523
944.815780,227.698208,180.942861
944.815853,227.698208,180.950786
944.815933,227.698208,180.965018
944.816055,227.698208,180.974824
944.816111,227.698208,180.992754
944.816170,227.698208,180.997648
944.816224,227.698208,180.997739
944.816309,227.698208,180.999328
944.816382,227.698208,181.003437
944.816427,227.698208,181.003746
944.816495,227.698208,181.012427
944.816566,227.698208,181.015600
944.816631,227.698208,181.029730
944.816701,227.698208,181.037760
944.816762,227.698208,181.040938
944.816847,227.698208,181.040997
944.816914,227.698208,163.320019
944.816958,227.698208,178.508194
944.816999,227.698208,181.047061
944.817061,227.698208,181.050179
944.817207,227.698208,181.054443
944.817287,227.698208,181.056283
944.817345,227.698208,181.056978
944.817409,227.698208,181.058909
944.817493,227.698208,181.075549
944.817634,227.698208,181.095157
944.817830,227.698208,181.098987
944.817900,227.698208,181.103966
944.817963,227.698208,181.108128
944.818135,227.698208,181.122851
944.818226,227.698208,181.122888
944.818299,227.698208,181.129781
944.818367,227.698208,181.135864
944.818436,227.698208,181.152653
944.818493,227.698208,181.155059
944.818558,227.698208,181.166899
944.818615,227.698208,181.172920
944.818686,227.698208,181.198157
944.818757,227.698208,181.208198
944.818846,227.698208,181.222360
944.818910,227.698208,181.224901
944.818977,227.698208,181.230390
944.819039,227.698208,181.231742
944.819118,227.698208,181.242778
944.819182,227.698208,181.250750
944.819262,227.698208,181.252720
944.819410,227.698208,181.256304
944.819485,227.698208,181.266347
944.819563,227.698208,181.267456
944.819662,227.698208,181.269992
944.819790,227.698208,181.273010
944.819854,227.698208,181.292198
944.819914,227.698208,181.306845
944.819979,227.698208,181.323573
944.820046,227.698208,181.332886
944.820111,227.698208,181.333368
944.820197,227.698208,181.355872
944.820286,227.698208,181.368586
944.820406,227.698208,181.375658
944.820481,227.698208,181.380312
944.820559,227.698208,181.385501
944.820621,227.698208,181.399634
944.820684,227.698208,181.400171
944.820749,227.698208,181.424843
944.820812,227.698208,181.435318
944.820881,227.698208,181.439733
944.820950,227.698208,181.440362
944.820995,227.698208,181.440962
944.821060,227.698208,181.445194
944.821139,227.698208,181.445203
944.821196,227.698208,181.447163
944.821329,227.698208,181.456307
944.821391,227.698208,181.456571
944.821451,227.698208,181.458883
944.821510,227.698208,181.468051
944.821553,227.698208,181.472512
944.821630,227.698208,181.474806
944.821700,227.698208,181.481342
944.821774,227.698208,181.481627
944.821831,227.698208,181.490194
944.821944,227.698208,181.490774
944.822007,227.698208,181.493459
944.822118,227.698208,181.501288
944.822180,227.698208,181.505110
944.822245,227.698208,181.527330
944.822314,227.698208,181.558930
944.822378,227.698208,181.561992
944.822461,227.698208,181.573826
944.822543,227.698208,181.587810
944.822702,227.698208,181.597085
944.822768,227.698208,181.603235
944.822825,227.698208,181.605066
944.822894,227.698208,181.608262
944.822956,227.698208,181.612437
944.823016,227.698208,181.620629
944.823095,227.698208,181.646610
944.823156,227.698208,181.652250
944.823208,227.698208,181.652534
944.823285,227.698208,181.678464
944.823351,227.698208,181.687902
944.823466,227.698208,181.699501
944.823623,227.698208,181.716267
944.823687,227.698208,181.732874
944.823750,227.698208,181.734757
944.823830,227.698208,181.749554
944.823893,227.698208,181.792341
944.823943,227.698208,181.841053
944.824016,227.698208,181.843413
944.824103,227.698208,181.843466
944.824161,227.698208,181.850322
944.824223,227.698208,181.851363
944.824272,227.698208,181.871968
944.824343,227.698208,181.881706
944.824465,227.698208,181.887160
944.824534,227.698208,181.926070
944.824616,227.698208,181.929280
944.824690,227.698208,181.935960
944.824809,227.698208,181.937317
944.824854,227.698208,181.940853
944.824918,227.698208,181.947816
944.824981,227.698208,181.954411
944.825039,227.698208,181.961854
944.825114,227.698208,181.973026
944.825172,227.698208,181.973568
944.825244,227.698208,181.989725
944.825486,227.698208,181.992122
944.825539,227.698208,182.006299
944.825580,227.698208,182.007083
944.825637,227.698208,182.008109
944.825707,227.698208,182.019853
944.825771,227.698208,182.034648
944.825849,227.698208,182.037922
944.825985,227.698208,182.039165
944.826045,227.698208,161.591645
944.826087,227.698208,175.140877
944.826119,227.698208,182.055816
944.826167,227.698208,182.062474
944.826243,227.698208,182.064544
944.826308,227.698208,182.067432
944.826378,227.698208,182.075670
944.826447,227.698208,182.076163
944.826506,227.698208,182.079179
944.826586,227.698208,182.087272
944.826673,227.698208,182.103277
944.826749,227.698208,182.107117
944.826839,227.698208,182.110005
944.826894,227.698208,182.119437
944.826953,227.698208,182.127933
944.827078,227.698208,182.134688
944.827135,227.698208,182.137805
944.827194,227.698208,182.138707
944.827263,227.698208,182.149589
944.827321,227.698208,182.150157
944.827371,227.698208,182.153773
944.827435,227.698208,182.154315
944.827497,227.698208,182.181650
944.827556,227.698208,182.183438
944.827621,227.698208,182.202584
944.827699,227.698208,182.206987
944.827788,227.698208,182.213718
944.827852,227.698208,182.214387
944.827913,227.698208,182.232299
944.827995,227.698208,182.246454
944.828054,227.698208,182.256926
944.828119,227.698208,182.258683
944.828167,227.698208,182.261922
944.828223,227.698208,182.263734
944.828384,227.698208,182.269272
944.828466,227.698208,182.304448
944.828523,227.698208,182.305715
944.828585,227.698208,182.307510
944.828671,227.698208,182.321770
944.828731,227.698208,182.328392
944.828802,227.698208,182.328546
944.828865,227.698208,182.331670
944.828940,227.698208,182.334171
944.829000,227.698208,182.344032
944.829058,227.698208,182.345229
944.829127,227.698208,182.347574
944.829192,227.698208,182.350688
944.829256,227.698208,182.360706
944.829328,227.698208,182.366877
944.829395,227.698208,182.387325
944.829521,227.698208,182.388926
944.829581,227.698208,182.389746
944.829652,227.698208,182.408830
944.829711,227.698208,182.428051
944.829789,227.698208,182.429040
944.829853,227.698208,182.429726
944.829914,227.698208,182.438986
944.829982,227.698208,182.442251
944.830057,227.698208,182.447093
944.830109,227.698208,182.452115
944.830162,227.698208,182.456365
944.830218,227.698208,182.458178
944.830372,227.698208,182.463805
944.830509,227.698208,182.471910
944.830554,227.698208,182.473203
944.830619,227.698208,182.476723
944.830675,227.698208,182.479178
944.830750,227.698208,182.480918
944.830818,227.698208,182.491005
944.830864,227.698208,176.196474
944.830911,227.698208,181.848237
944.830945,227.698208,182.511480
944.831024,227.698208,182.536770
944.831107,227.698208,182.539043
944.831158,227.698208,182.567446
944.831221,227.698208,182.580206
944.831299,227.698208,182.582106
944.831366,227.698208,182.584611
944.831430,227.698208,182.589725
944.831497,227.698208,182.590746
944.831563,227.698208,182.600342
944.831634,227.698208,182.603318
944.831718,227.698208,182.637224
944.831785,227.698208,182.650762
944.831857,227.698208,182.650811
944.831920,227.698208,182.651363
944.831981,227.698208,182.661310
944.832067,227.698208,182.682950
944.832127,227.698208,182.687270
944.832186,227.698208,182.698995
944.832264,227.698208,182.700688
944.832329,227.698208,182.705752
944.832421,227.698208,182.727288
944.840140,227.698208,175.473072
944.840327,227.698208,182.727288
944.840534,227.698208,171.690256
944.840612,227.698208,182.727288
944.841014,227.698208,171.895139
944.841048,227.698208,182.727288
944.841311,227.698208,165.585501
944.841387,227.698208,182.727288
944.841613,227.698208,157.612592
944.841690,227.698208,158.961872
944.841858,227.698208,174.771696
944.841906,227.698208,182.727288
944.843386,227.698208,179.491102
944.843555,227.698208,182.727288
944.843683,227.698208,160.535566
944.843699,227.698208,176.046680
944.843978,227.698208,182.727288
944.844194,227.698208,162.089232
944.844304,227.698208,182.727288
944.847804,227.698208,168.590394
944.847819,227.698208,182.727288
944.848469,227.698208,168.590394
944.848483,227.698208,182.727288
944.849125,227.698208,173.881029
944.849142,227.698208,182.727288
944.857765,227.698208,164.022563
944.857781,227.698208,180.933677
944.858045,227.698208,182.727288
944.858125,227.698208,158.837341
944.858265,227.698208,179.613654
944.858279,227.698208,182.727288
944.867084,227.698208,173.279717
944.867143,227.698208,182.727288
944.867397,227.698208,166.416250
944.867514,227.698208,182.727288
944.878323,227.698208,175.063331
944.878497,227.698208,182.727288
944.888695,227.698208,177.760662
944.888956,227.698208,182.727288
944.903449,227.698208,180.028859
944.903511,227.698208,182.727288
944.903824,227.698208,181.350130
944.903890,227.698208,182.727288
944.905868,227.698208,179.246360
944.905919,227.698208,182.727288
944.908727,227.698208,179.312531
944.908832,227.698208,182.727288
944.912938,227.698208,182.676717
944.913055,227.698208,182.727288
944.913846,227.698208,177.579245
944.913946,227.698208,182.727288
944.914466,227.698208,177.579245
944.914564,227.698208,182.727288
944.915856,227.698208,167.129834
944.916111,227.698208,182.727288
944.917017,227.698208,180.402678
944.917130,227.698208,182.727288
944.917295,227.698208,173.668118
944.917433,227.698208,182.727288
944.917661,227.698208,168.982998
944.917785,227.698208,174.834778
944.917906,227.698208,177.371798
944.917988,227.698208,182.727288
944.922406,227.698208,171.611758
944.922617,227.698208,182.727288
944.931184,227.698208,171.328550
944.931285,227.698208,182.727288
944.932177,227.698208,180.089037
944.932259,227.698208,182.727288
944.935788,227.698208,177.818496
944.935803,227.698208,182.727288
944.942377,227.698208,176.706243
944.942418,227.698208,182.727288
944.960930,227.698208,180.895826
944.960998,227.698208,182.727288
944.962610,227.698208,180.895826
944.962687,227.698208,182.727288
944.970465,227.698208,179.597654
944.970573,227.698208,182.727288
944.970815,227.698208,162.144768
944.971081,227.698208,182.727288
944.971540,227.698208,178.042109
944.971680,227.698208,182.727288
944.975457,227.698208,181.408291
944.975590,227.698208,182.727288
944.983019,227.698208,174.276797
944.983178,227.698208,182.727288
944.990915,227.698208,179.666893
944.990934,227.698208,180.048442
944.991037,227.698208,182.727288
944.991256,227.698208,176.029949
944.991444,227.698208,182.727288
944.991560,227.698208,160.825088
944.991689,227.698208,182.619930
944.991824,227.698208,182.727288
945.032773,227.698208,179.801190
945.032906,227.698208,182.727288
945.041404,227.698208,182.196525
945.041500,227.698208,182.727288
945.053547,227.698208,177.403821
945.053562,227.698208,182.727288
945.063140,227.698208,181.704666
945.063272,227.698208,182.727288
945.068956,227.698208,166.311392
945.069163,227.698208,182.727288
945.069385,227.698208,162.329920
945.069703,227.698208,180.477952
945.069790,227.698208,182.727288
945.072189,227.698208,182.340858
945.072252,227.698208,182.727288
945.072362,227.698208,174.378013
945.072446,227.698208,182.727288
945.077076,227.698208,181.510222
945.077214,227.698208,182.727288
945.081282,227.698208,180.363165
945.081336,227.698208,182.727288
945.081507,227.698208,163.599168
945.081611,227.698208,167.358368
945.081711,227.698208,178.750749
945.081766,227.698208,179.395328
945.081875,227.698208,182.727288
945.098868,227.698208,173.937126
945.098957,227.698208,182.727288
945.099154,227.698208,168.338483
945.099273,227.698208,182.727288
945.105752,227.698208,181.451546
945.105792,227.698208,182.727288
945.106842,227.698208,178.843069
945.106891,227.698208,182.727288
945.109104,227.698208,175.098499
945.109216,227.698208,182.727288
945.109328,227.698208,162.766435
945.109535,227.698208,182.727288
945.110163,227.698208,181.786224
945.110263,227.698208,182.727288
945.110369,227.698208,170.133168
945.110550,227.698208,182.727288
945.110715,227.698208,159.062723
945.110949,227.698208,181.284803
945.111004,227.698208,182.727288
945.116257,227.698208,177.729645
945.116305,227.698208,182.727288
945.116854,227.698208,177.091418
945.117000,227.698208,182.727288
945.125878,227.698208,182.078042
945.125953,227.698208,182.727288
945.126066,227.698208,178.759549
945.126258,227.698208,182.727288
945.126301,227.698208,176.313888
945.126405,227.698208,182.727288
945.140772,227.698208,182.150810
945.140784,227.698208,182.727288
945.141122,227.698208,181.633600
945.141178,227.698208,182.727288
945.142274,227.698208,172.854659
945.142487,227.698208,182.727288
945.158065,227.698208,181.907757
945.158168,227.698208,182.727288
945.181316,227.698208,167.498918
945.181363,227.698208,182.727288
945.184280,227.698208,182.633517
945.184295,227.698208,182.727288
945.184477,227.698208,172.923610
945.184547,227.698208,182.727288
945.185259,227.698208,173.940925
945.185414,227.698208,182.727288
945.185998,227.698208,176.288858
945.186028,227.698208,182.727288
945.199665,227.698208,180.228474
945.199720,227.698208,182.727288
945.205053,227.698208,178.127226
945.205108,227.698208,182.727288
945.205302,227.698208,166.839086
945.205446,227.698208,182.727288
945.205669,227.698208,165.239102
945.205844,227.698208,181.905662
945.205895,227.698208,182.727288
945.206785,227.698208,178.862510
945.206874,227.698208,182.727288
945.207292,227.698208,177.545862
945.207401,227.698208,182.727288
945.215859,227.698208,181.657682
945.215954,227.698208,182.727288
945.216480,227.698208,181.657682
945.216582,227.698208,182.727288
945.224253,227.698208,181.556357
945.224419,227.698208,182.727288
945.224568,227.698208,180.513272
945.224722,227.698208,182.727288
945.226160,227.698208,172.624851
945.226356,227.698208,182.727288
945.226485,227.698208,165.643379
945.226716,227.698208,182.727288
945.235579,227.698208,180.009997
945.235592,227.698208,182.727288
945.235758,227.698208,180.354525
945.235832,227.698208,182.727288
945.235949,227.698208,165.399168
945.236048,227.698208,173.258368
945.236134,227.698208,182.727288
945.239742,227.698208,159.740925
945.240006,227.698208,181.075290
945.240049,227.698208,182.727288
945.243574,227.698208,174.761390
945.243587,227.698208,182.727288
945.243799,227.698208,175.179749
945.243879,227.698208,182.727288
945.247108,227.698208,177.115098
945.247122,227.698208,182.727288
945.247440,227.698208,166.806429
945.247545,227.698208,182.727288
945.248300,227.698208,177.115098
945.248313,227.698208,182.727288
945.248638,227.698208,166.806429
945.248738,227.698208,182.727288
945.248975,227.698208,162.144768
945.249224,227.698208,182.727288
945.250112,227.698208,182.744630
945.250154,227.698208,182.755149
945.250216,227.698208,182.761283
945.250256,227.698208,182.761854
945.250300,227.698208,182.769264
945.250329,227.698208,182.784875
945.250380,227.698208,182.805299
945.250416,227.698208,182.819437
945.250459,227.698208,182.837949
945.250513,227.698208,182.878626
945.250556,227.698208,182.879202
945.250608,227.698208,182.900181
945.250727,227.698208,182.955726
945.250771,227.698208,182.956333
945.250816,227.698208,182.998197
945.250908,227.698208,183.003158
945.250966,227.698208,183.007650
945.251087,227.698208,183.027907
945.251134,227.698208,183.037837
945.251188,227.698208,183.052216
945.251275,227.698208,183.080469
945.251322,227.698208,183.092808
945.251372,227.698208,183.097653
945.251424,227.698208,183.100771
945.251505,227.698208,183.123630
945.251556,227.698208,183.243677
945.251595,227.698208,183.269440
945.251636,227.698208,183.292144
945.251708,227.698208,183.403264
945.251769,227.698208,183.412520
945.251884,227.698208,183.417421
945.251928,227.698208,183.462474
945.251981,227.698208,183.473267
945.252026,227.698208,183.476118
945.252075,227.698208,183.479832
945.252128,227.698208,183.487394
945.252169,227.698208,183.523011
945.252224,227.698208,183.532280
945.252269,227.698208,183.566230
945.252314,227.698208,183.603842
945.252361,227.698208,183.610134
945.252417,227.698208,183.611083
945.252473,227.698208,183.628411
945.252520,227.698208,183.656917
945.252572,227.698208,183.688448
945.252633,227.698208,183.691101
945.252687,227.698208,183.703242
945.252823,227.698208,183.752216
945.252854,227.698208,168.860130
945.252878,227.698208,183.752216
945.252907,227.698208,168.860130
945.252930,227.698208,183.769782
945.253012,227.698208,183.860034
945.253057,227.698208,183.893280
945.253112,227.698208,183.972246
945.253168,227.698208,184.006389
945.253209,227.698208,184.011882
945.253343,227.698208,184.020456
945.253385,227.698208,184.022784
945.253449,227.698208,184.047738
945.253528,227.698208,184.056211
945.253587,227.698208,184.078563
945.253632,227.698208,184.079088
945.253661,227.698208,184.089206
945.253708,227.698208,184.089736
945.253750,227.698208,184.093427
945.253794,227.698208,184.135938
945.253918,227.698208,184.206325
945.254121,227.698208,184.220490
945.254173,227.698208,184.230358
945.254222,227.698208,184.235469
945.254271,227.698208,184.302019
945.254317,227.698208,184.328152
945.254394,227.698208,184.342864
945.254443,227.698208,184.384749
945.254494,227.698208,184.416845
945.254532,227.698208,184.446962
945.254579,227.698208,184.455605
945.254627,227.698208,184.482381
945.254670,227.698208,184.504536
945.254736,227.698208,184.505270
945.254781,227.698208,184.535864
945.254891,227.698208,184.537307
945.254957,227.698208,184.558784
945.255012,227.698208,184.571816
945.255073,227.698208,184.639102
945.255147,227.698208,184.641405
945.255194,227.698208,184.642158
945.255241,227.698208,184.652011
945.255303,227.698208,184.696546
945.255360,227.698208,184.698443
945.255400,227.698208,184.720648
945.255445,227.698208,184.806390
945.255511,227.698208,184.835418
945.255570,227.698208,184.842123
945.255621,227.698208,184.846454
945.255692,227.698208,184.847682
945.255735,227.698208,184.848957
945.255862,227.698208,184.876714
945.255902,227.698208,184.881750
945.255964,227.698208,184.941917
945.256008,227.698208,184.957507
945.256068,227.698208,184.976128
945.256130,227.698208,184.987213
945.256173,227.698208,185.057638
945.256218,227.698208,185.085920
945.256267,227.698208,185.115565
945.256331,227.698208,185.118131
945.256380,227.698208,185.127368
945.256425,227.698208,185.138870
945.256493,227.698208,185.163542
945.256544,227.698208,185.167134
945.256591,227.698208,185.198827
945.256639,227.698208,185.209206
945.256692,227.698208,185.219344
945.256732,227.698208,185.268784
945.256775,227.698208,185.361758
945.256827,227.698208,185.396546
945.256860,227.698208,160.620632
945.256887,227.698208,171.231746
945.256926,227.698208,180.726112
945.256963,227.698208,182.883470
945.256999,227.698208,185.439179
945.257039,227.698208,185.452512
945.257081,227.698208,185.455122
945.257124,227.698208,185.466272
945.257249,227.698208,185.475968
945.257294,227.698208,185.480853
945.257342,227.698208,185.501512
945.257391,227.698208,185.524706
945.257443,227.698208,185.527264
945.257528,227.698208,185.566776
945.257578,227.698208,185.590877
945.257628,227.698208,185.602029
945.257699,227.698208,185.623066
945.257755,227.698208,185.663170
945.257814,227.698208,185.666722
945.257864,227.698208,185.705824
945.258083,227.698208,185.726834
945.258127,227.698208,185.750173
945.258205,227.698208,185.753901
945.258473,227.698208,185.755584
945.258503,227.698208,185.808906
945.258574,227.698208,185.831094
945.258644,227.698208,185.845942
945.258712,227.698208,185.848238
945.258776,227.698208,185.860077
945.258840,227.698208,185.876222
945.258915,227.698208,185.880534
945.258962,227.698208,185.884232
945.258993,227.698208,185.887245
945.259097,227.698208,185.911605
945.259185,227.698208,185.911973
945.259298,227.698208,185.935357
945.259362,227.698208,185.937792
945.259392,227.698208,181.850114
945.259432,227.698208,185.955178
945.259491,227.698208,185.958211
945.259544,227.698208,185.966310
945.259593,227.698208,186.010736
945.259646,227.698208,186.042682
945.259714,227.698208,186.057632
945.259768,227.698208,186.058739
945.259833,227.698208,186.062541
945.259963,227.698208,186.076022
945.260022,227.698208,186.077392
945.260083,227.698208,186.088514
945.260140,227.698208,186.094538
945.260187,227.698208,186.115741
945.260238,227.698208,186.124822
945.260286,227.698208,186.126750
945.260358,227.698208,186.178618
945.260404,227.698208,186.184053
945.260445,227.698208,186.235386
945.260504,227.698208,186.256984
945.260639,227.698208,186.257558
945.260763,227.698208,186.279626
945.260813,227.698208,186.283450
945.260885,227.698208,186.329800
945.260927,227.698208,186.373651
945.260962,227.698208,186.387803
945.261034,227.698208,186.399603
945.261078,227.698208,186.424955
945.261237,227.698208,186.458878
945.261278,227.698208,186.497171
945.261315,227.698208,186.501163
945.261364,227.698208,186.534382
945.261415,227.698208,186.628542
945.261463,227.698208,186.642126
945.261525,227.698208,186.648968
945.261573,227.698208,186.724955
945.261711,227.698208,186.732877
945.261775,227.698208,186.735430
945.261807,227.698208,179.576168
945.261846,227.698208,182.929654
945.261876,227.698208,186.768653
945.261957,227.698208,186.783517
945.262005,227.698208,186.789670
945.262049,227.698208,186.864354
945.262107,227.698208,186.938518
945.262178,227.698208,186.953923
945.262273,227.698208,186.977960
945.262316,227.698208,186.982915
945.262367,227.698208,186.983552
945.262409,227.698208,187.035384
945.262466,227.698208,187.037850
945.262510,227.698208,187.053352
945.262553,227.698208,187.055720
945.262611,227.698208,187.069282
945.262738,227.698208,187.103958
945.262788,227.698208,187.117482
945.262844,227.698208,187.121805
945.262891,227.698208,187.140997
945.262942,227.698208,187.182440
945.263014,227.698208,187.186666
945.263087,227.698208,187.189738
945.263118,227.698208,187.192114
945.263164,227.698208,187.220018
945.263214,227.698208,187.232941
945.263263,227.698208,187.245698
945.263323,227.698208,187.264907
945.263391,227.698208,187.284770
945.263446,227.698208,187.297898
945.263497,227.698208,187.313685
945.263556,227.698208,187.316248
945.263602,227.698208,187.342701
945.263649,227.698208,187.345845
945.263705,227.698208,187.360130
945.263759,227.698208,187.375352
945.263808,227.698208,187.392722
945.263861,227.698208,187.398400
945.263907,227.698208,187.398782
945.263963,227.698208,187.458685
945.264018,227.698208,187.468278
945.264086,227.698208,187.474794
945.264143,227.698208,187.491715
945.264194,227.698208,187.542126
945.264239,227.698208,187.550045
945.264311,227.698208,187.569795
945.264361,227.698208,187.577283
945.264417,227.698208,187.588997
945.264472,227.698208,187.615549
945.264543,227.698208,187.617250
945.264599,227.698208,187.633595
945.264654,227.698208,187.641976
945.264711,227.698208,187.662722
945.264780,227.698208,187.672552
945.264857,227.698208,187.720608
945.264994,227.698208,187.736570
945.265047,227.698208,187.743371
945.265195,227.698208,187.761806
945.265239,227.698208,187.772574
945.265331,227.698208,187.779830
945.265390,227.698208,187.789690
945.265464,227.698208,187.805824
945.265657,227.698208,187.816749
945.265703,227.698208,187.863680
945.265760,227.698208,187.864394
945.265830,227.698208,187.869237
945.265881,227.698208,187.886587
945.265934,227.698208,187.890878
945.265986,227.698208,187.927872
945.266036,227.698208,187.932941
945.266094,227.698208,187.942730
945.266259,227.698208,187.955320
945.266341,227.698208,187.959515
945.266392,227.698208,187.977373
945.266442,227.698208,187.989709
945.266506,227.698208,187.997104
945.266550,227.698208,188.023136
945.266589,227.698208,188.043368
945.266631,227.698208,188.052011
945.266707,227.698208,188.072438
945.266778,227.698208,188.074200
945.266838,227.698208,188.083296
945.266891,227.698208,188.089792
945.267024,227.698208,188.094053
945.267102,227.698208,188.136680
945.267151,227.698208,188.137173
945.267310,227.698208,188.143445
945.267444,227.698208,188.147090
945.267498,227.698208,188.150693
945.267547,227.698208,188.152605
945.267614,227.698208,188.153958
945.267667,227.698208,188.158861
945.267711,227.698208,188.160654
945.267779,227.698208,188.189045
945.267827,227.698208,188.190970
945.267877,227.698208,188.192074
945.267933,227.698208,188.196507
945.267975,227.698208,188.243496
945.268049,227.698208,188.246454
945.268124,227.698208,188.265592
945.268172,227.698208,188.266878
945.268236,227.698208,188.269368
945.268343,227.698208,188.309474
945.268397,227.698208,188.310630
945.268446,227.698208,188.311125
945.268496,227.698208,188.327294
945.268569,227.698208,188.332322
945.268638,227.698208,188.334760
945.268681,227.698208,188.345922
945.268740,227.698208,188.362230
945.268793,227.698208,188.372320
945.268842,227.698208,188.381782
945.268891,227.698208,188.398432
945.268939,227.698208,180.877984
945.268973,227.698208,188.402693
945.269034,227.698208,188.469282
945.269081,227.698208,188.473096
945.269116,227.698208,182.690285
945.269156,227.698208,188.518722
945.269260,227.698208,188.529203
945.269299,227.698208,188.551370
945.269344,227.698208,188.560680
945.269406,227.698208,188.570000
945.269448,227.698208,188.578368
945.269508,227.698208,188.582859
945.269563,227.698208,188.589782
945.269700,227.698208,188.592875
945.269744,227.698208,167.050912
945.269780,227.698208,182.239086
945.269814,227.698208,185.198944
945.269846,227.698208,188.609437
945.269893,227.698208,188.674243
945.269953,227.698208,188.676162
945.270017,227.698208,188.732760
945.270072,227.698208,188.735826
945.270132,227.698208,188.742707
945.270180,227.698208,188.755114
945.270306,227.698208,188.755123
945.270362,227.698208,188.765021
945.270407,227.698208,188.772451
945.270463,227.698208,188.777302
945.270520,227.698208,188.801426
945.270587,227.698208,188.808122
945.270650,227.698208,188.837773
945.270700,227.698208,188.852818
945.270750,227.698208,188.882830
945.270802,227.698208,188.905122
945.270853,227.698208,188.916435
945.270903,227.698208,188.924309
945.270974,227.698208,188.937150
945.271023,227.698208,188.949557
945.271173,227.698208,188.949602
945.271242,227.698208,189.002027
945.271295,227.698208,189.013075
945.271358,227.698208,189.024907
945.271505,227.698208,189.035298
945.271561,227.698208,189.045922
945.271594,227.698208,168.146552
945.271621,227.698208,180.857666
945.271665,227.698208,189.050202
945.271719,227.698208,189.071861
945.271771,227.698208,161.166318
945.271809,227.698208,181.589576
945.271847,227.698208,184.549434
945.271881,227.698208,189.092744
945.271946,227.698208,189.095237
945.272003,227.698208,189.101555
945.272070,227.698208,189.129752
945.272129,227.698208,189.131624
945.272180,227.698208,189.145334
945.272219,227.698208,189.158864
945.272266,227.698208,189.165573
945.272310,227.698208,189.177290
945.272421,227.698208,189.191862
945.272476,227.698208,189.196662
945.272528,227.698208,189.242781
945.272574,227.698208,189.243278
945.272635,227.698208,189.274931
945.272680,227.698208,189.314381
945.272788,227.698208,189.339778
945.272832,227.698208,189.340234
945.272888,227.698208,189.371816
945.272931,227.698208,189.375435
945.272997,227.698208,189.384758
945.273043,227.698208,189.399603
945.273103,227.698208,189.416328
945.273166,227.698208,189.461277
945.273224,227.698208,189.497621
945.273267,227.698208,189.500750
945.273302,227.698208,189.508824
945.273413,227.698208,189.534674
945.273478,227.698208,189.557558
945.273572,227.698208,189.560648
945.273609,227.698208,188.972970
945.273648,227.698208,189.564264
945.273699,227.698208,189.566176
945.273860,227.698208,189.569878
945.273974,227.698208,189.585549
945.274025,227.698208,189.590451
945.274094,227.698208,189.594749
945.274142,227.698208,189.625518
945.274191,227.698208,189.632165
945.274254,227.698208,189.636027
945.274307,227.698208,189.649027
945.274375,227.698208,189.657558
945.274432,227.698208,189.659016
945.274480,227.698208,189.663810
945.274533,227.698208,189.672054
945.274589,227.698208,189.684155
945.274638,227.698208,189.684877
945.274702,227.698208,189.698947
945.274756,227.698208,189.716278
945.274829,227.698208,189.731002
945.274871,227.698208,189.739544
945.274939,227.698208,189.753282
945.274975,227.698208,189.783373
945.275040,227.698208,189.784894
945.275122,227.698208,189.798387
945.275166,227.698208,189.811310
945.275217,227.698208,189.816694
945.275260,227.698208,189.817419
945.275309,227.698208,189.828514
945.275361,227.698208,189.833514
945.275417,227.698208,189.835890
945.275470,227.698208,189.847042
945.275574,227.698208,189.857675
945.275643,227.698208,189.877162
945.275702,227.698208,189.902029
945.275757,227.698208,189.914346
945.275807,227.698208,189.927170
945.275934,227.698208,189.938536
945.275988,227.698208,189.947725
945.276024,227.698208,189.953150
945.276069,227.698208,189.955968
945.276118,227.698208,189.956288
945.276168,227.698208,189.966195
945.276203,227.698208,189.987210
945.276269,227.698208,190.000802
945.276324,227.698208,190.001461
945.276394,227.698208,190.011138
945.276444,227.698208,190.024914
945.276498,227.698208,190.052118
945.276567,227.698208,190.058883
945.276700,227.698208,190.067446
945.276763,227.698208,190.076162
945.276817,227.698208,190.089779
945.276941,227.698208,190.105738
945.276997,227.698208,190.108099
945.277050,227.698208,190.111224
945.277107,227.698208,190.127934
945.277159,227.698208,190.137237
945.277216,227.698208,190.152662
945.277395,227.698208,190.161962
945.277466,227.698208,190.202581
945.277518,227.698208,190.206306
945.277576,227.698208,190.218603
945.277631,227.698208,190.224776
945.277689,227.698208,190.256307
945.277737,227.698208,190.266776
945.277780,227.698208,190.314394
945.277845,227.698208,190.318070
945.277898,227.698208,190.320547
945.277945,227.698208,190.324309
945.278001,227.698208,190.327230
945.278058,227.698208,190.331680
945.278118,227.698208,190.333282
945.278175,227.698208,190.352032
945.278224,227.698208,190.361229
945.278272,227.698208,190.367523
945.278400,227.698208,190.369282
945.278465,227.698208,190.373013
945.278521,227.698208,190.376086
945.278647,227.698208,190.384181
945.278687,227.698208,176.320530
945.278714,227.698208,180.510469
945.278741,227.698208,190.384806
945.278772,227.698208,189.202088
945.278810,227.698208,190.384877
945.278876,227.698208,190.435960
945.278935,227.698208,190.437822
945.279011,227.698208,190.440333
945.279063,227.698208,190.484781
945.279099,227.698208,182.187109
945.279126,227.698208,190.493405
945.279163,227.698208,190.508181
945.279195,227.698208,190.545317
945.279284,227.698208,190.548941
945.279385,227.698208,190.561966
945.279588,227.698208,190.575754
945.279644,227.698208,190.577334
945.279704,227.698208,190.588269
945.279754,227.698208,190.594590
945.279805,227.698208,190.610272
945.279856,227.698208,190.610797
945.279905,227.698208,190.629848
945.279965,227.698208,190.632354
945.280104,227.698208,190.638382
945.280165,227.698208,190.665102
945.280207,227.698208,190.666834
945.280258,227.698208,190.667494
945.280307,227.698208,190.669259
945.280362,227.698208,190.717378
945.280420,227.698208,190.724253
945.280471,227.698208,190.726678
945.280543,227.698208,190.765659
945.280592,227.698208,190.810627
945.280711,227.698208,190.823618
945.280771,227.698208,190.825421
945.280820,227.698208,190.861277
945.280876,227.698208,190.892616
945.280930,227.698208,190.899597
945.280999,227.698208,190.916118
945.281055,227.698208,190.916133
945.281107,227.698208,190.921773
945.281160,227.698208,190.925954
945.281256,227.698208,190.937827
945.281351,227.698208,190.974267
945.281397,227.698208,190.977226
945.281454,227.698208,190.995638
945.281510,227.698208,190.997736
945.281545,227.698208,191.014374
945.281600,227.698208,191.019318
945.281705,227.698208,191.025506
945.281760,227.698208,191.043352
945.281830,227.698208,191.048325
945.281885,227.698208,191.057613
945.281938,227.698208,191.108109
945.281989,227.698208,191.116216
945.282040,227.698208,191.132261
945.282094,227.698208,191.165630
945.282141,227.698208,191.171784
945.282186,227.698208,191.188496
945.282229,227.698208,191.232717
945.282272,227.698208,191.247042
945.282325,227.698208,191.272317
945.282389,227.698208,191.289709
945.282446,227.698208,191.318835
945.282497,227.698208,191.327810
945.282539,227.698208,191.328552
945.282612,227.698208,191.341426
945.282653,227.698208,191.354640
945.282707,227.698208,191.358274
945.282828,227.698208,191.378627
945.282875,227.698208,191.402680
945.282938,227.698208,191.438301
945.283038,227.698208,191.445194
945.283115,227.698208,191.445461
945.283191,227.698208,191.453922
945.283249,227.698208,191.479731
945.283287,227.698208,191.482920
945.283334,227.698208,191.491454
945.283435,227.698208,191.546522
945.283492,227.698208,191.566869
945.283570,227.698208,191.568074
945.283625,227.698208,191.571123
945.283683,227.698208,191.575677
945.283751,227.698208,191.577813
945.283813,227.698208,191.582814
945.283873,227.698208,191.584685
945.283983,227.698208,191.586059
945.284036,227.698208,191.612190
945.284088,227.698208,191.614390
945.284147,227.698208,191.630400
945.284200,227.698208,191.639904
945.284261,227.698208,191.642293
945.284314,227.698208,191.647595
945.284376,227.698208,191.658235
945.284426,227.698208,191.666776
945.284479,227.698208,191.666914
945.284549,227.698208,191.676821
945.284596,227.698208,191.691490
945.284655,227.698208,191.695421
945.284722,227.698208,191.707722
945.284775,227.698208,191.721218
945.285011,227.698208,191.746277
945.285058,227.698208,191.754602
945.285117,227.698208,191.763138
945.285184,227.698208,191.769365
945.285443,227.698208,191.770120
945.285519,227.698208,191.782251
945.285553,227.698208,191.797811
945.285597,227.698208,191.817387
945.285661,227.698208,191.823752
945.285708,227.698208,191.824843
945.285761,227.698208,191.852678
945.285811,227.698208,191.861357
945.285881,227.698208,191.863790
945.285947,227.698208,191.874570
945.286003,227.698208,191.885933
945.286065,227.698208,191.899605
945.286138,227.698208,191.901394
945.286185,227.698208,191.956349
945.286246,227.698208,191.957581
945.286307,227.698208,191.962474
945.286365,227.698208,191.974946
945.286420,227.698208,191.981014
945.286472,227.698208,191.982859
945.286535,227.698208,192.010075
945.286589,227.698208,192.016982
945.286636,227.698208,192.019213
945.286711,227.698208,192.021218
945.286845,227.698208,192.031000
945.286919,227.698208,192.069866
945.286975,227.698208,192.069952
945.287058,227.698208,192.109443
945.287111,227.698208,192.109459
945.287157,227.698208,192.139024
945.287218,227.698208,192.149576
945.287252,227.698208,188.412920
945.287289,227.698208,192.166234
945.287343,227.698208,192.174091
945.287410,227.698208,192.175466
945.287489,227.698208,192.177302
945.287555,227.698208,192.201365
945.287602,227.698208,192.212757
945.287660,227.698208,192.239650
945.287739,227.698208,192.242790
945.287795,227.698208,192.255094
945.287865,227.698208,192.271746
945.288005,227.698208,192.290280
945.288054,227.698208,192.290878
945.288116,227.698208,192.299605
945.288195,227.698208,192.302130
945.288246,227.698208,192.302757
945.288304,227.698208,192.303434
945.288417,227.698208,192.303790
945.288473,227.698208,192.306389
945.288534,227.698208,192.308862
945.288604,227.698208,192.313344
945.288665,227.698208,192.322328
945.288712,227.698208,181.253778
945.288742,227.698208,192.327373
945.288802,227.698208,192.333522
945.288872,227.698208,192.336642
945.288950,227.698208,192.377893
945.289014,227.698208,192.393334
945.289079,227.698208,192.403296
945.289253,227.698208,192.407506
945.289310,227.698208,192.419258
945.289505,227.698208,192.470510
945.289566,227.698208,192.476795
945.289875,227.698208,192.494653
945.289977,227.698208,192.498970
945.290032,227.698208,192.501963
945.290087,227.698208,192.520522
945.290216,227.698208,192.524269
945.290266,227.698208,192.541539
945.290358,227.698208,192.579699
945.290417,227.698208,192.581547
945.290492,227.698208,192.589603
945.290556,227.698208,192.604563
945.290657,227.698208,192.613701
945.290826,227.698208,192.619200
945.290881,227.698208,192.638603
945.290959,227.698208,192.640811
945.291007,227.698208,192.642800
945.291087,227.698208,192.645293
945.291151,227.698208,192.645306
945.291224,227.698208,192.658262
945.291263,227.698208,192.661941
945.291323,227.698208,192.681014
945.291384,227.698208,192.701974
945.291449,227.698208,192.702118
945.291510,227.698208,192.708856
945.291561,227.698208,192.715158
945.291632,227.698208,192.717480
945.291686,227.698208,192.718590
945.291740,227.698208,192.746422
945.291832,227.698208,192.749587
945.291885,227.698208,192.751245
945.291950,227.698208,192.752566
945.292223,227.698208,192.761277
945.292290,227.698208,192.761826
945.292359,227.698208,192.765651
945.292420,227.698208,192.804538
945.292628,227.698208,192.810646
945.292689,227.698208,192.839733
945.292758,227.698208,192.844746
945.292834,227.698208,192.857813
945.292992,227.698208,192.858986
945.293039,227.698208,192.860070
945.293092,227.698208,192.867912
945.293180,227.698208,192.889042
945.293230,227.698208,192.896982
945.293323,227.698208,192.898458
945.293403,227.698208,192.909408
945.293519,227.698208,192.913931
945.293621,227.698208,163.770002
945.293656,227.698208,169.073634
945.293685,227.698208,190.733954
945.293714,227.698208,192.239154
945.293755,227.698208,192.595922
945.293801,227.698208,192.920037
945.293862,227.698208,192.936717
945.293901,227.698208,176.578074
945.293931,227.698208,191.063277
945.293973,227.698208,192.942224
945.294014,227.698208,192.958848
945.294068,227.698208,192.967661
945.294100,227.698208,192.971107
945.294150,227.698208,192.972917
945.294213,227.698208,193.003925
945.294323,227.698208,193.019294
945.294377,227.698208,193.020429
945.294426,227.698208,193.052256
945.294565,227.698208,193.053429
945.294610,227.698208,193.058963
945.294680,227.698208,193.060664
945.294746,227.698208,193.061206
945.294805,227.698208,193.066195
945.294885,227.698208,193.082115
945.294948,227.698208,193.100958
945.295001,227.698208,193.104045
945.295068,227.698208,193.115165
945.295118,227.698208,193.124202
945.295171,227.698208,193.129781
945.295215,227.698208,193.140843
945.295271,227.698208,193.142072
945.295323,227.698208,193.145213
945.295371,227.698208,193.147042
945.295429,227.698208,193.148277
945.295493,227.698208,193.153291
945.295549,227.698208,193.161162
945.295617,227.698208,193.165550
945.295668,227.698208,193.171074
945.295727,227.698208,193.171259
945.295777,227.698208,193.179110
945.295820,227.698208,193.186008
945.295877,227.698208,193.194698
945.295925,227.698208,193.195798
945.295974,227.698208,193.198368
945.296083,227.698208,193.212674
945.296117,227.698208,193.216838
945.296224,227.698208,193.217419
945.296277,227.698208,193.219318
945.296329,227.698208,193.223637
945.296370,227.698208,193.242291
945.296426,227.698208,193.244648
945.296477,227.698208,193.247042
945.296533,227.698208,193.254520
945.296583,227.698208,193.257675
945.296655,227.698208,193.258222
945.296708,227.698208,193.267398
945.296768,227.698208,193.277928
945.296824,227.698208,193.281682
945.296874,227.698208,193.300238
945.296926,227.698208,189.534749
945.296961,227.698208,193.305690
945.297022,227.698208,193.317886
945.297082,227.698208,193.318645
945.297134,227.698208,193.320458
945.297193,227.698208,193.329646
945.297248,227.698208,193.329672
945.297291,227.698208,193.334912
945.297343,227.698208,193.338603
945.297380,227.698208,178.131726
945.297409,227.698208,193.350158
945.297467,227.698208,193.355094
945.297514,227.698208,193.355605
945.297583,227.698208,193.370995
945.297638,227.698208,193.378414
945.297696,227.698208,193.385352
945.297746,227.698208,193.389141
945.297795,227.698208,193.389144
945.297853,227.698208,193.411282
945.297967,227.698208,193.411362
945.298071,227.698208,193.449672
945.298109,227.698208,193.452118
945.298188,227.698208,193.452702
945.298270,227.698208,193.455629
945.298311,227.698208,193.469891
945.298364,227.698208,193.473349
945.298403,227.698208,193.484725
945.298465,227.698208,193.495624
945.298517,227.698208,193.505536
945.298577,227.698208,193.518667
945.298623,227.698208,193.520528
945.298681,227.698208,193.529730
945.298800,227.698208,193.547189
945.298851,227.698208,193.554498
945.298909,227.698208,193.559606
945.298971,227.698208,193.561962
945.299033,227.698208,193.571190
945.299097,227.698208,193.571213
945.299145,227.698208,193.577466
945.299179,227.698208,184.474246
945.299216,227.698208,193.592016
945.299263,227.698208,193.593826
945.299330,227.698208,193.594749
945.299474,227.698208,193.595237
945.299517,227.698208,193.606306
945.299577,227.698208,193.610640
945.299633,227.698208,193.612523
945.299674,227.698208,193.619222
945.299797,227.698208,193.623083
945.299853,227.698208,193.652013
945.299911,227.698208,193.653818
945.300028,227.698208,193.657042
945.300084,227.698208,193.702699
945.300149,227.698208,193.703226
945.300200,227.698208,193.713075
945.300244,227.698208,193.720486
945.300292,227.698208,193.727373
945.300344,227.698208,193.731760
945.300396,227.698208,193.752618
945.300453,227.698208,193.752656
945.300501,227.698208,193.763757
945.300555,227.698208,193.765160
945.300626,227.698208,193.774934
945.300694,227.698208,193.806922
945.300763,227.698208,193.807518
945.300827,227.698208,193.809582
945.300881,227.698208,193.813203
945.300948,227.698208,193.859341
945.301008,227.698208,193.874197
945.301059,227.698208,193.880350
945.301113,227.698208,193.895830
945.301182,227.698208,193.911894
945.301252,227.698208,193.913002
945.301297,227.698208,193.921792
945.301353,227.698208,193.923021
945.301486,227.698208,193.932309
945.301542,227.698208,193.933502
945.301646,227.698208,193.955106
945.301699,227.698208,193.969378
945.301761,227.698208,193.984493
945.301821,227.698208,193.991573
945.301954,227.698208,194.001962
945.302018,227.698208,194.008173
945.302059,227.698208,194.011970
945.302115,227.698208,194.016650
945.302169,227.698208,194.028029
945.302204,227.698208,194.042704
945.302365,227.698208,194.059411
945.302408,227.698208,194.066986
945.302551,227.698208,194.067928
945.302616,227.698208,194.071797
945.302699,227.698208,194.074293
945.302753,227.698208,194.079306
945.302817,227.698208,194.085378
945.302871,227.698208,194.089144
945.302907,227.698208,181.816218
945.302937,227.698208,194.100226
945.303045,227.698208,194.106277
945.303096,227.698208,194.127946
945.303200,227.698208,194.150301
945.303253,227.698208,194.151851
945.303305,227.698208,194.165570
945.303368,227.698208,194.168662
945.303421,227.698208,194.186016
945.303558,227.698208,194.192757
945.303633,227.698208,194.195808
945.303705,227.698208,194.231597
945.303782,227.698208,194.231637
945.303843,227.698208,194.246581
945.303927,227.698208,194.250234
945.303979,227.698208,194.261429
945.304131,227.698208,194.266240
945.304210,227.698208,194.270037
945.304259,227.698208,194.293523
945.304306,227.698208,194.295766
945.304360,227.698208,194.297126
945.304478,227.698208,194.298998
945.304538,227.698208,194.306494
945.304596,227.698208,194.306934
945.304654,227.698208,194.311158
945.304720,227.698208,194.311907
945.304882,227.698208,194.313750
945.304948,227.698208,194.316864
945.305006,227.698208,194.324282
945.305059,227.698208,194.344744
945.305115,227.698208,194.346294
945.305174,227.698208,194.349040
945.305220,227.698208,194.358762
945.305277,227.698208,194.379261
945.305354,227.698208,194.388523
945.305432,227.698208,194.390293
945.305514,227.698208,194.397059
945.305559,227.698208,194.413254
945.305631,227.698208,194.417013
945.305678,227.698208,194.419885
945.305778,227.698208,194.430358
945.305822,227.698208,194.434667
945.305882,227.698208,194.436080
945.305937,227.698208,194.439120
945.306086,227.698208,194.451398
945.306211,227.698208,194.468040
945.306291,227.698208,194.471742
945.306345,227.698208,194.486600
945.306432,227.698208,194.491570
945.306546,227.698208,194.491579
945.306603,227.698208,194.506290
945.306662,227.698208,194.507005
945.306741,227.698208,194.507493
945.306818,227.698208,194.511307
945.306876,227.698208,194.516040
945.306937,227.698208,194.531861
945.306993,227.698208,194.548979
945.307063,227.698208,194.552698
945.307131,227.698208,194.563810
945.307237,227.698208,194.578696
945.307295,227.698208,194.584736
945.307379,227.698208,194.588096
945.307434,227.698208,194.591554
945.307505,227.698208,194.596526
945.307556,227.698208,193.527325
945.307593,227.698208,194.601512
945.307636,227.698208,182.252045
945.307680,227.698208,194.625498
945.307827,227.698208,194.628552
945.307880,227.698208,194.630478
945.307945,227.698208,194.637243
945.307997,227.698208,194.638944
945.308062,227.698208,194.639008
945.308128,227.698208,194.641418
945.308185,227.698208,194.642181
945.308252,227.698208,194.649470
945.308306,227.698208,194.652470
945.308365,227.698208,194.662077
945.308419,227.698208,194.666134
945.308537,227.698208,194.668078
945.308601,227.698208,194.668749
945.308744,227.698208,194.669198
945.308813,227.698208,194.676717
945.308875,227.698208,194.681043
945.308967,227.698208,194.683523
945.309020,227.698208,194.686058
945.309099,227.698208,194.691280
945.309149,227.698208,194.705078
945.309210,227.698208,194.743422
945.309273,227.698208,194.747648
945.309330,227.698208,194.749710
945.309390,227.698208,167.074298
945.309426,227.698208,181.926635
945.309459,227.698208,192.278870
945.309489,227.698208,194.773534
945.309552,227.698208,194.784168
945.309601,227.698208,194.786010
945.309663,227.698208,194.800205
945.309704,227.698208,194.811955
945.309760,227.698208,194.820042
945.309816,227.698208,194.822998
945.309879,227.698208,194.838379
945.309938,227.698208,194.840285
945.310058,227.698208,194.860578
945.310179,227.698208,194.866259
945.310373,227.698208,194.881618
945.310500,227.698208,194.884685
945.310562,227.698208,194.885885
945.310625,227.698208,194.890926
945.310669,227.698208,194.914416
945.310727,227.698208,194.920747
945.310785,227.698208,194.934170
945.310944,227.698208,194.960147
945.310997,227.698208,194.965557
945.311122,227.698208,194.968806
945.311163,227.698208,194.975997
945.311225,227.698208,194.981626
945.311267,227.698208,194.986059
945.311327,227.698208,195.006344
945.311380,227.698208,195.006398
945.311436,227.698208,195.021834
945.311507,227.698208,195.032822
945.311561,227.698208,195.048874
945.311620,227.698208,195.050963
945.311675,227.698208,195.056978
945.311731,227.698208,195.061941
945.311800,227.698208,195.081770
945.311855,227.698208,195.085442
945.311935,227.698208,195.094178
945.311975,227.698208,188.726830
945.312022,227.698208,195.097843
945.312083,227.698208,195.113344
945.312127,227.698208,172.547194
945.312158,227.698208,191.739805
945.312202,227.698208,195.135523
945.312270,227.698208,195.142120
945.312318,227.698208,195.157602
945.312404,227.698208,195.177251
945.312467,227.698208,195.194163
945.312540,227.698208,195.195317
945.312587,227.698208,195.197834
945.312671,227.698208,195.204483
945.312745,227.698208,195.205610
945.312936,227.698208,195.205618
945.312986,227.698208,195.206410
945.313066,227.698208,195.226218
945.313145,227.698208,195.239098
945.313238,227.698208,195.241482
945.313294,227.698208,195.247760
945.313345,227.698208,195.257000
945.313399,227.698208,195.270504
945.313521,227.698208,195.295354
945.313561,227.698208,195.311374
945.313695,227.698208,195.350795
945.313754,227.698208,195.361458
945.313809,227.698208,195.367235
945.313867,227.698208,195.367494
945.313921,227.698208,195.372394
945.313982,227.698208,195.373475
945.314041,227.698208,195.374946
945.314097,227.698208,195.392277
945.314176,227.698208,195.430965
945.314232,227.698208,195.441664
945.314276,227.698208,195.451358
945.314335,227.698208,195.453923
945.314398,227.698208,195.475477
945.314449,227.698208,195.482763
945.314503,227.698208,195.493414
945.314557,227.698208,195.502141
945.314614,227.698208,174.308842
945.314655,227.698208,189.497016
945.314693,227.698208,192.456874
945.314731,227.698208,195.503318
945.314771,227.698208,195.523458
945.314830,227.698208,195.528546
945.314895,227.698208,195.540171
945.314948,227.698208,195.540402
945.315007,227.698208,195.545718
945.315072,227.698208,195.546470
945.315147,227.698208,195.556387
945.315197,227.698208,173.361330
945.315231,227.698208,180.905752
945.315258,227.698208,188.799371
945.315283,227.698208,195.573077
945.315325,227.698208,189.904590
945.315371,227.698208,195.577427
945.315422,227.698208,195.582186
945.315486,227.698208,195.584096
945.315549,227.698208,195.589706
945.315606,227.698208,195.590312
945.315686,227.698208,195.597214
945.315745,227.698208,195.603285
945.315808,227.698208,195.616374
945.315863,227.698208,195.617994
945.315923,227.698208,195.623083
945.315990,227.698208,195.626656
945.316047,227.698208,195.673058
945.316258,227.698208,195.687126
945.316312,227.698208,195.700050
945.316375,227.698208,195.701358
945.316417,227.698208,187.571674
945.316448,227.698208,195.702634
945.316545,227.698208,195.708818
945.316604,227.698208,195.722958
945.316653,227.698208,195.758298
945.316700,227.698208,195.761280
945.316763,227.698208,195.771829
945.316801,227.698208,195.791381
945.316874,227.698208,195.795370
945.316988,227.698208,195.817568
945.317049,227.698208,195.826677
945.317112,227.698208,195.826840
945.317177,227.698208,195.829656
945.317236,227.698208,195.831051
945.317287,227.698208,195.856936
945.317346,227.698208,195.868040
945.317410,227.698208,195.876118
945.317465,227.698208,195.876741
945.317590,227.698208,195.882062
945.317636,227.698208,195.885518
945.317749,227.698208,195.888298
945.317804,227.698208,195.891618
945.317865,227.698208,195.892205
945.317906,227.698208,195.897046
945.317952,227.698208,195.905702
945.318010,227.698208,195.911234
945.318067,227.698208,195.917432
945.318157,227.698208,195.921214
945.318209,227.698208,195.930962
945.318270,227.698208,195.931082
945.318329,227.698208,195.939608
945.318380,227.698208,195.943715
945.318440,227.698208,195.950061
945.318499,227.698208,195.971072
945.318623,227.698208,195.991843
945.318692,227.698208,196.002174
945.318748,227.698208,196.017442
945.318808,227.698208,196.041562
945.318861,227.698208,196.045248
945.318919,227.698208,196.046515
945.318974,227.698208,196.052691
945.319027,227.698208,196.064426
945.319085,227.698208,196.066398
945.319140,227.698208,196.071091
945.319195,227.698208,196.072205
945.319247,227.698208,196.090782
945.319286,227.698208,196.093427
945.319390,227.698208,196.100101
945.319442,227.698208,196.105269
945.319488,227.698208,178.868642
945.319521,227.698208,195.510738
945.319567,227.698208,196.113714
945.319655,227.698208,196.115061
945.319698,227.698208,196.120598
945.319757,227.698208,196.126646
945.319822,227.698208,196.126739
945.319875,227.698208,196.126912
945.319983,227.698208,176.339770
945.320016,227.698208,194.132381
945.320061,227.698208,195.192797
945.320095,227.698208,196.127934
945.320171,227.698208,196.133506
945.320236,227.698208,196.140352
945.320300,227.698208,196.153984
945.320347,227.698208,196.154424
945.320403,227.698208,196.170555
945.320456,227.698208,196.170621
945.320493,227.698208,196.182782
945.320571,227.698208,196.184256
945.320687,227.698208,196.186011
945.320745,227.698208,196.187325
945.320861,227.698208,196.195834
945.320945,227.698208,196.196482
945.320997,227.698208,196.199704
945.321055,227.698208,196.205920
945.321112,227.698208,175.081709
945.321155,227.698208,196.216822
945.321215,227.698208,196.218542
945.321274,227.698208,196.220589
945.321327,227.698208,172.918618
945.321381,227.698208,189.392666
945.321428,227.698208,189.529658
945.321459,227.698208,193.473349
945.321494,227.698208,195.507088
945.321527,227.698208,196.224971
945.321597,227.698208,196.225587
945.321658,227.698208,196.230888
945.321703,227.698208,196.247750
945.321869,227.698208,196.247763
945.321935,227.698208,196.274787
945.322015,227.698208,196.283379
945.322078,227.698208,196.293998
945.322132,227.698208,177.068061
945.322168,227.698208,193.132709
945.322199,227.698208,196.295171
945.322247,227.698208,196.303885
945.322301,227.698208,196.308731
945.322374,227.698208,196.315042
945.322433,227.698208,196.318886
945.322488,227.698208,196.332258
945.322539,227.698208,196.363819
945.322593,227.698208,196.374818
945.322651,227.698208,196.389067
945.322729,227.698208,196.395258
945.322799,227.698208,196.395638
945.322871,227.698208,196.398240
945.322933,227.698208,196.400037
945.322988,227.698208,196.408686
945.323048,227.698208,196.423018
945.323122,227.698208,196.429117
945.323177,227.698208,196.432394
945.323237,227.698208,196.434134
945.323289,227.698208,196.434912
945.323350,227.698208,196.435402
945.323410,227.698208,196.442194
945.323596,227.698208,196.446472
945.323642,227.698208,196.453312
945.323701,227.698208,196.458710
945.323758,227.698208,196.459978
945.323813,227.698208,196.485981
945.323868,227.698208,196.502734
945.323934,227.698208,196.524202
945.324003,227.698208,196.524299
945.324062,227.698208,196.525534
945.324116,227.698208,196.532270
945.324182,227.698208,196.532435
945.324245,227.698208,196.533406
945.324356,227.698208,196.534774
945.324418,227.698208,196.539066
945.324468,227.698208,196.553859
945.324527,227.698208,196.558154
945.324594,227.698208,196.563189
945.324672,227.698208,196.570677
945.324721,227.698208,171.815634
945.324758,227.698208,187.534126
945.324790,227.698208,196.397006
945.324821,227.698208,196.611939
945.324941,227.698208,196.621238
945.325019,227.698208,196.622462
945.325156,227.698208,196.630960
945.325216,227.698208,196.645091
945.325287,227.698208,196.647606
945.325445,227.698208,196.653154
945.325504,227.698208,196.676813
945.325548,227.698208,196.677514
945.325595,227.698208,168.295424
945.325629,227.698208,181.949594
945.325659,227.698208,192.287661
945.325688,227.698208,196.678442
945.325746,227.698208,196.687882
945.325819,227.698208,196.690408
945.325889,227.698208,196.706274
945.325943,227.698208,196.707773
945.325999,227.698208,196.709182
945.326042,227.698208,196.718645
945.326112,227.698208,196.722330
945.326159,227.698208,196.727850
945.326277,227.698208,196.729194
945.326371,227.698208,196.733509
945.326423,227.698208,196.733632
945.326486,227.698208,196.736704
945.326539,227.698208,196.763565
945.326614,227.698208,196.767398
945.326682,227.698208,196.769875
945.326750,227.698208,196.771085
945.326807,227.698208,196.774202
945.326856,227.698208,196.781088
945.326936,227.698208,196.781654
945.326998,227.698208,196.788384
945.327042,227.698208,196.788923
945.327096,227.698208,196.798912
945.327184,227.698208,196.801429
945.327328,227.698208,196.817538
945.327376,227.698208,196.821280
945.327454,227.698208,196.821341
945.327523,227.698208,196.837722
945.327586,227.698208,196.847738
945.327644,227.698208,196.857640
945.327705,227.698208,196.868614
945.327766,227.698208,196.876010
945.327830,227.698208,196.877189
945.327893,227.698208,196.877389
945.328030,227.698208,196.881624
945.328095,227.698208,196.899178
945.328164,227.698208,196.900822
945.328455,227.698208,196.908160
945.328514,227.698208,196.910184
945.328584,227.698208,196.911219
945.328625,227.698208,196.911917
945.328683,227.698208,196.931147
945.328730,227.698208,196.931861
945.328793,227.698208,196.946419
945.328852,227.698208,196.954498
945.328914,227.698208,196.973374
945.328970,227.698208,196.979125
945.329027,227.698208,196.980522
945.329076,227.698208,196.984142
945.329133,227.698208,196.985872
945.329190,227.698208,196.997758
945.329239,227.698208,197.001962
945.329295,227.698208,197.007843
945.329363,227.698208,197.008661
945.329402,227.698208,197.013046
945.329470,227.698208,197.023083
945.329525,227.698208,197.035424
945.329564,227.698208,197.039669
945.329631,227.698208,197.042181
945.329684,227.698208,197.077973
945.329798,227.698208,197.087445
945.329867,227.698208,197.090326
945.329923,227.698208,197.107629
945.329978,227.698208,197.110586
945.330153,227.698208,197.117410
945.330206,227.698208,197.119334
945.330262,227.698208,197.125546
945.330327,227.698208,197.131579
945.330380,227.698208,197.135370
945.330457,227.698208,197.137821
945.330511,227.698208,197.147578
945.330562,227.698208,197.148941
945.330624,227.698208,197.151112
945.330678,227.698208,197.173130
945.330731,227.698208,197.175538
945.330780,227.698208,188.251298
945.330811,227.698208,197.179779
945.330850,227.698208,197.183458
945.330908,227.698208,197.184621
945.330968,227.698208,197.202286
945.331035,227.698208,197.202659
945.331104,227.698208,197.203861
945.331145,227.698208,197.208720
945.331197,227.698208,197.213760
945.331257,227.698208,197.215010
945.331320,227.698208,197.226170
945.331402,227.698208,197.229158
945.331531,227.698208,197.229894
945.331584,227.698208,197.232258
945.331871,227.698208,197.234112
945.331948,227.698208,197.237414
945.332060,227.698208,197.242243
945.332139,227.698208,197.246613
945.332187,227.698208,197.274262
945.332238,227.698208,197.279261
945.332274,227.698208,197.282317
945.332321,227.698208,197.285936
945.332374,227.698208,197.300803
945.332432,227.698208,197.301482
945.332486,227.698208,197.304512
945.332555,227.698208,197.314990
945.332616,227.698208,197.315091
945.332681,227.698208,197.320747
945.332811,227.698208,197.323582
945.332878,227.698208,197.329813
945.332979,227.698208,197.336640
945.333035,227.698208,197.380666
945.333098,227.698208,197.383526
945.333215,227.698208,197.394531
945.333272,227.698208,197.403066
945.333340,227.698208,197.404502
945.333410,227.698208,197.410499
945.333472,227.698208,197.411970
945.333534,227.698208,197.418669
945.333581,227.698208,197.424424
945.333659,227.698208,197.437173
945.333727,227.698208,197.437194
945.333807,227.698208,197.445838
945.333846,227.698208,196.435086
945.333887,227.698208,197.446483
945.333939,227.698208,197.463725
945.333996,227.698208,197.466859
945.334107,227.698208,197.472944
945.334160,227.698208,197.476760
945.334207,227.698208,197.482310
945.334316,227.698208,197.493960
945.334371,227.698208,197.497675
945.334427,227.698208,197.499472
945.334598,227.698208,197.504453
945.334668,227.698208,197.506306
945.334778,227.698208,197.513901
945.334842,227.698208,197.528011
945.334913,227.698208,197.535245
945.334966,227.698208,197.538568
945.335027,227.698208,197.540917
945.335100,227.698208,197.548939
945.335150,227.698208,197.561928
945.335191,227.698208,190.590712
945.335229,227.698208,197.562016
945.335284,227.698208,197.566230
945.335351,227.698208,197.572330
945.335405,227.698208,197.576854
945.335460,227.698208,197.597509
945.335520,227.698208,197.598126
945.335607,227.698208,197.598946
945.335671,227.698208,197.602664
945.335744,227.698208,197.604570
945.335799,227.698208,197.614262
945.335854,227.698208,197.618045
945.335980,227.698208,197.621782
945.336048,227.698208,197.624971
945.336115,227.698208,197.626301
945.336228,227.698208,197.635379
945.336287,227.698208,197.636424
945.336348,227.698208,197.636850
945.336414,227.698208,197.637846
945.336483,227.698208,197.639560
945.336552,227.698208,197.640285
945.336728,227.698208,197.645078
945.336795,227.698208,197.698914
945.336871,227.698208,197.703146
945.336946,227.698208,197.703787
945.337011,227.698208,197.733011
945.337085,227.698208,197.734664
945.337159,227.698208,197.758762
945.337228,227.698208,197.766830
945.337297,227.698208,197.772413
945.337420,227.698208,197.789776
945.337471,227.698208,197.807483
945.337521,227.698208,197.808810
945.337582,227.698208,197.808846
945.337638,227.698208,197.815530
945.337707,227.698208,197.817997
945.337779,227.698208,197.819178
945.337838,227.698208,197.821165
945.337898,227.698208,197.825597
945.337957,227.698208,197.832394
945.338066,227.698208,197.842742
945.338122,227.698208,197.843342
945.338166,227.698208,183.100125
945.338198,227.698208,191.649357
945.338228,227.698208,197.843403
945.338279,227.698208,197.843450
945.338333,227.698208,197.848982
945.338382,227.698208,197.860325
945.338462,227.698208,197.861893
945.338521,227.698208,197.869430
945.338604,227.698208,197.871197
945.338797,227.698208,197.890902
945.338872,227.698208,197.903970
945.338942,227.698208,197.908150
945.339009,227.698208,197.909398
945.339058,227.698208,197.921014
945.339125,227.698208,197.924891
945.339201,227.698208,197.926595
945.339274,227.698208,197.927307
945.339326,227.698208,197.932690
945.339371,227.698208,197.942082
945.339431,227.698208,197.961109
945.339490,227.698208,197.961274
945.339573,227.698208,197.964835
945.339639,227.698208,197.965627
945.339698,227.698208,170.316266
945.339741,227.698208,178.522968
945.339784,227.698208,181.482826
945.339826,227.698208,185.504440
945.339866,227.698208,188.464298
945.339904,227.698208,196.969014
945.339942,227.698208,197.971190
945.340012,227.698208,197.983507
945.340064,227.698208,198.003285
945.340142,227.698208,198.010539
945.340219,227.698208,198.013162
945.340303,227.698208,198.013621
945.340358,227.698208,198.024266
945.340414,227.698208,198.030493
945.340463,227.698208,198.032966
945.340512,227.698208,189.805005
945.340544,227.698208,198.053874
945.340596,227.698208,198.057571
945.340658,227.698208,198.065595
945.340715,227.698208,198.083554
945.340773,227.698208,198.085672
945.340830,227.698208,198.113685
945.340895,227.698208,198.118474
945.340959,227.698208,198.119283
945.341010,227.698208,198.126605
945.341070,227.698208,198.128469
945.341116,227.698208,198.128654
945.341168,227.698208,172.361981
945.341205,227.698208,185.980474
945.341236,227.698208,195.564205
945.341265,227.698208,197.753242
945.341302,227.698208,198.135992
945.341412,227.698208,198.136562
945.341494,227.698208,198.143368
945.341566,227.698208,198.147648
945.341630,227.698208,198.148341
945.341688,227.698208,198.152003
945.341763,227.698208,198.155659
945.341824,227.698208,198.165488
945.341880,227.698208,198.175571
945.341949,227.698208,198.187293
945.342066,227.698208,198.191701
945.342141,227.698208,198.192768
945.342200,227.698208,198.204416
945.342266,227.698208,198.209002
945.342331,227.698208,198.221280
945.342440,227.698208,198.237869
945.342487,227.698208,198.239448
945.342545,227.698208,198.252675
945.342670,227.698208,198.255086
945.342721,227.698208,198.266848
945.342780,227.698208,198.280960
945.342838,227.698208,198.298958
945.342903,227.698208,198.301462
945.342957,227.698208,198.308128
945.343017,227.698208,198.312606
945.343071,227.698208,178.667416
945.343106,227.698208,189.229042
945.343142,227.698208,192.611736
945.343175,227.698208,196.457426
945.343207,227.698208,198.321877
945.343259,227.698208,198.335406
945.343311,227.698208,198.339187
945.343358,227.698208,198.341523
945.343406,227.698208,198.355774
945.343452,227.698208,198.361224
945.343501,227.698208,198.362627
945.343568,227.698208,198.377971
945.343622,227.698208,198.378454
945.343681,227.698208,198.379344
945.343737,227.698208,198.389899
945.343808,227.698208,198.419238
945.343860,227.698208,198.426043
945.343918,227.698208,198.451358
945.343974,227.698208,198.453894
945.344026,227.698208,198.454482
945.344076,227.698208,198.459426
945.344132,227.698208,198.463112
945.344182,227.698208,198.463851
945.344250,227.698208,198.465088
945.344292,227.698208,198.466818
945.344390,227.698208,198.476814
945.344542,227.698208,198.489594
945.344617,227.698208,198.498458
945.344672,227.698208,173.617510
945.344708,227.698208,180.240762
945.344745,227.698208,195.055482
945.344779,227.698208,198.500888
945.344834,227.698208,198.503309
945.344890,227.698208,198.508182
945.344961,227.698208,198.522338
945.345043,227.698208,198.524299
945.345101,227.698208,198.524326
945.345192,227.698208,198.526010
945.345252,227.698208,198.528064
945.345298,227.698208,192.959578
945.345346,227.698208,198.532331
945.345398,227.698208,198.535966
945.345453,227.698208,198.536555
945.345531,227.698208,198.538451
945.345597,227.698208,198.548112
945.345661,227.698208,198.562378
945.345738,227.698208,198.565525
945.345792,227.698208,198.568091
945.345849,227.698208,198.575392
945.345911,227.698208,198.576122
945.345963,227.698208,198.577944
945.346023,227.698208,198.592189
945.346073,227.698208,198.611221
945.346203,227.698208,198.613235
945.346246,227.698208,198.613682
945.346297,227.698208,198.629130
945.346348,227.698208,198.647114
945.346412,227.698208,198.650195
945.346464,227.698208,198.651264
945.346528,227.698208,198.661261
945.346625,227.698208,198.666848
945.346685,227.698208,198.666898
945.346738,227.698208,198.704968
945.346793,227.698208,198.707498
945.346850,227.698208,198.712467
945.346896,227.698208,198.720406
945.346952,227.698208,198.725515
945.347024,227.698208,198.726774
945.347072,227.698208,198.739605
945.347135,227.698208,198.746291
945.347196,227.698208,198.746544
945.347260,227.698208,198.759926
945.347330,227.698208,198.763198
945.347388,227.698208,198.768019
945.347434,227.698208,198.773128
945.347473,227.698208,196.032269
945.347517,227.698208,198.790210
945.347574,227.698208,198.799627
945.347647,227.698208,198.814390
945.347756,227.698208,198.814930
945.347818,227.698208,198.829890
945.347862,227.698208,198.835238
945.347915,227.698208,198.842675
945.347964,227.698208,198.844638
945.348015,227.698208,198.852738
945.348084,227.698208,198.853974
945.348126,227.698208,198.855053
945.348188,227.698208,198.864248
945.348241,227.698208,198.864998
945.348358,227.698208,198.868781
945.348414,227.698208,198.874018
945.348477,227.698208,198.886678
945.348532,227.698208,198.898970
945.348576,227.698208,198.914955
945.348631,227.698208,198.934731
945.348691,227.698208,198.936211
945.348747,227.698208,198.937834
945.348825,227.698208,198.950182
945.348907,227.698208,198.961909
945.348974,227.698208,198.965008
945.349035,227.698208,198.965642
945.349098,227.698208,198.982378
945.349225,227.698208,198.997078
945.349288,227.698208,198.998379
945.349371,227.698208,199.008834
945.349558,227.698208,199.029682
945.349627,227.698208,199.037720
945.349697,227.698208,199.043192
945.349758,227.698208,199.067864
945.349821,227.698208,199.070517
945.349886,227.698208,199.073981
945.349938,227.698208,199.076654
945.350009,227.698208,199.083027
945.350067,227.698208,199.100672
945.350134,227.698208,199.114304
945.350206,227.698208,199.119243
945.350265,227.698208,199.125450
945.350338,227.698208,199.132894
945.350404,227.698208,199.135202
945.350474,227.698208,199.136478
945.350540,227.698208,199.142666
945.350617,227.698208,199.143390
945.350681,227.698208,199.156352
945.350758,227.698208,199.161360
945.350816,227.698208,199.162014
945.350861,227.698208,199.167005
945.350978,227.698208,199.193312
945.351157,227.698208,199.207030
945.351307,227.698208,199.221717
945.351371,227.698208,199.232864
945.351417,227.698208,199.247757
945.351568,227.698208,199.253885
945.351696,227.698208,199.261174
945.351759,227.698208,199.263741
945.351819,227.698208,199.266821
945.351881,227.698208,199.267451
945.351936,227.698208,199.269256
945.352002,227.698208,199.271066
945.352124,227.698208,199.280494
945.352166,227.698208,189.305082
945.352206,227.698208,191.761914
945.352238,227.698208,199.280992
945.352351,227.698208,199.292131
945.352392,227.698208,199.308731
945.352458,227.698208,199.318070
945.352517,227.698208,199.318709
945.352579,227.698208,199.324808
945.352641,227.698208,199.325630
945.352701,227.698208,199.326522
945.352773,227.698208,199.333518
945.352914,227.698208,199.333610
945.352975,227.698208,199.335411
945.353125,227.698208,199.347251
945.353186,227.698208,199.353845
945.353255,227.698208,199.357936
945.353321,227.698208,199.364533
945.353387,227.698208,157.577525
945.353433,227.698208,179.619282
945.353472,227.698208,185.824046
945.353507,227.698208,185.935374
945.353541,227.698208,186.147470
945.353582,227.698208,187.245198
945.353615,227.698208,199.366158
945.353694,227.698208,199.375442
945.353748,227.698208,198.898158
945.353793,227.698208,199.385795
945.353871,227.698208,199.387266
945.353956,227.698208,199.389638
945.354082,227.698208,199.396994
945.354141,227.698208,199.403848
945.354197,227.698208,199.421853
945.354249,227.698208,199.428958
945.354320,227.698208,199.433438
945.354383,227.698208,199.447606
945.354450,227.698208,199.453395
945.354525,227.698208,199.455618
945.354589,227.698208,199.464426
945.354652,227.698208,199.465253
945.354717,227.698208,199.475514
945.354769,227.698208,199.483610
945.354819,227.698208,181.372826
945.354852,227.698208,199.499542
945.354915,227.698208,199.509459
945.354966,227.698208,199.511370
945.355033,227.698208,199.518109
945.355076,227.698208,197.393898
945.355118,227.698208,199.521885
945.355178,227.698208,199.525491
945.355221,227.698208,199.535350
945.355270,227.698208,199.537930
945.355309,227.698208,199.548971
945.355371,227.698208,199.560058
945.355441,227.698208,199.564222
945.355499,227.698208,199.564995
945.355571,227.698208,199.569133
945.355625,227.698208,199.573672
945.355683,227.698208,199.585026
945.355751,227.698208,199.587070
945.355807,227.698208,199.590912
945.356060,227.698208,199.594744
945.356114,227.698208,199.595064
945.356167,227.698208,199.614243
945.356204,227.698208,199.616296
945.356250,227.698208,199.639646
945.356320,227.698208,199.640227
945.356382,227.698208,199.647042
945.356460,227.698208,199.662451
945.356532,227.698208,199.666930
945.356610,227.698208,199.676118
945.356668,227.698208,199.677557
945.356745,227.698208,199.682304
945.356818,227.698208,199.689645
945.356878,227.698208,199.700878
945.356934,227.698208,199.706512
945.357001,227.698208,199.706957
945.357061,227.698208,199.708826
945.357112,227.698208,199.720622
945.357175,227.698208,199.722274
945.357234,227.698208,199.731555
945.357297,227.698208,199.732373
945.357341,227.698208,199.746454
945.357404,227.698208,199.760019
945.357505,227.698208,199.761766
945.357553,227.698208,199.761942
945.357612,227.698208,199.762627
945.357664,227.698208,199.766230
945.357709,227.698208,199.766795
945.357764,227.698208,199.770069
945.357831,227.698208,199.791907
945.357888,227.698208,199.794701
945.357932,227.698208,199.800384
945.357992,227.698208,199.801933
945.358035,227.698208,199.803248
945.358130,227.698208,199.809430
945.358191,227.698208,199.813730
945.358255,227.698208,199.821155
945.358302,227.698208,199.824314
945.358363,227.698208,199.833518
945.358425,227.698208,199.833994
945.358481,227.698208,199.837246
945.358552,227.698208,199.837464
945.358594,227.698208,171.409458
945.358630,227.698208,177.725550
945.358661,227.698208,196.166018
945.358691,227.698208,197.348978
945.358724,227.698208,198.563925
945.358766,227.698208,199.839062
945.358830,227.698208,199.840120
945.358869,227.698208,199.845930
945.358944,227.698208,199.847718
945.358998,227.698208,199.853312
945.359055,227.698208,199.854395
945.359226,227.698208,199.857562
945.359357,227.698208,199.866272
945.359429,227.698208,199.867925
945.359488,227.698208,199.868611
945.359551,227.698208,199.876173
945.359718,227.698208,199.881043
945.359780,227.698208,199.884758
945.359841,227.698208,199.886733
945.359903,227.698208,199.888443
945.359966,227.698208,199.888878
945.360032,227.698208,199.889070
945.360087,227.698208,199.890957
945.360164,227.698208,199.892179
945.360233,227.698208,199.904904
945.360305,227.698208,199.913166
945.360352,227.698208,199.915581
945.360413,227.698208,199.916866
945.360472,227.698208,199.916939
945.360536,227.698208,199.918144
945.360595,227.698208,199.924299
945.360660,227.698208,199.930914
945.360725,227.698208,199.935366
945.360787,227.698208,199.939010
945.360847,227.698208,199.948493
945.360921,227.698208,199.953264
945.360966,227.698208,199.954462
945.361066,227.698208,199.972968
945.361187,227.698208,199.975570
945.361256,227.698208,199.976010
945.361314,227.698208,199.977314
945.361372,227.698208,199.977392
945.361440,227.698208,199.978474
945.361495,227.698208,199.994827
945.361554,227.698208,199.997814
945.361624,227.698208,200.001992
945.361675,227.698208,200.005035
945.361731,227.698208,200.015741
945.361797,227.698208,200.016838
945.361853,227.698208,200.024275
945.361960,227.698208,200.027254
945.362018,227.698208,200.042845
945.362064,227.698208,200.045904
945.362119,227.698208,200.052021
945.362172,227.698208,200.067390
945.362236,227.698208,200.069758
945.362278,227.698208,200.077939
945.362332,227.698208,200.078531
945.362383,227.698208,200.083514
945.362455,227.698208,200.087675
945.362510,227.698208,200.088458
945.362568,227.698208,200.088568
945.362635,227.698208,200.093995
945.362774,227.698208,200.100757
945.362858,227.698208,200.112587
945.362918,227.698208,200.124960
945.362991,227.698208,200.126069
945.363042,227.698208,200.129229
945.363091,227.698208,178.479226
945.363133,227.698208,185.964429
945.363184,227.698208,197.616154
945.363229,227.698208,198.584706
945.363275,227.698208,200.131067
945.363336,227.698208,200.135966
945.363391,227.698208,200.143194
945.363451,227.698208,200.143320
945.363511,227.698208,200.150949
945.363554,227.698208,181.582344
945.363590,227.698208,186.371045
945.363627,227.698208,189.187138
945.363662,227.698208,198.050018
945.363695,227.698208,200.158886
945.363775,227.698208,200.158955
945.363855,227.698208,200.178074
945.363917,227.698208,200.178394
945.363976,227.698208,200.185347
945.364054,227.698208,200.185726
945.364101,227.698208,200.186840
945.364142,227.698208,200.192134
945.364250,227.698208,200.193490
945.364369,227.698208,200.211282
945.364429,227.698208,200.213043
945.364500,227.698208,200.213586
945.364569,227.698208,200.213622
945.364617,227.698208,200.218016
945.364682,227.698208,200.250046
945.364751,227.698208,200.250083
945.364819,227.698208,200.259981
945.364905,227.698208,200.260746
945.364974,227.698208,200.268042
945.365029,227.698208,200.268784
945.365186,227.698208,200.269246
945.365244,227.698208,200.271682
945.365307,227.698208,200.277323
945.365355,227.698208,200.278602
945.365404,227.698208,200.281066
945.365466,227.698208,200.282790
945.365524,227.698208,200.287746
945.365590,227.698208,200.288518
945.365644,227.698208,200.289109
945.365713,227.698208,200.293914
945.365760,227.698208,200.298814
945.365871,227.698208,200.315659
945.365940,227.698208,200.318176
945.366198,227.698208,200.318677
945.366260,227.698208,200.324853
945.366329,227.698208,200.326106
945.366375,227.698208,200.328075
945.366435,227.698208,200.338392
945.366487,227.698208,200.342128
945.366539,227.698208,200.362403
945.366602,227.698208,200.364982
945.366655,227.698208,200.366709
945.366718,227.698208,200.376712
945.366775,227.698208,200.378211
945.366833,227.698208,200.378579
945.366889,227.698208,200.386667
945.366944,227.698208,200.389523
945.366991,227.698208,196.791896
945.367033,227.698208,200.404014
945.367066,227.698208,200.408269
945.367114,227.698208,198.051994
945.367157,227.698208,200.431010
945.367223,227.698208,200.431725
945.367279,227.698208,200.448213
945.367335,227.698208,200.451941
945.367393,227.698208,200.456277
945.367463,227.698208,200.460067
945.367541,227.698208,200.466925
945.367602,227.698208,200.468643
945.367745,227.698208,200.473139
945.367828,227.698208,200.473546
945.367892,227.698208,200.477454
945.367962,227.698208,200.479773
945.368026,227.698208,200.485058
945.368085,227.698208,200.488267
945.368125,227.698208,200.488310
945.368205,227.698208,200.489918
945.368266,227.698208,200.490222
945.368342,227.698208,200.491403
945.368473,227.698208,200.498866
945.368632,227.698208,200.498898
945.368707,227.698208,200.507629
945.368775,227.698208,200.514955
945.368829,227.698208,200.516214
945.368885,227.698208,200.524827
945.368964,227.698208,200.530494
945.369040,227.698208,200.542152
945.369131,227.698208,200.553904
945.369192,227.698208,200.559339
945.369262,227.698208,200.561266
945.369324,227.698208,200.562518
945.369476,227.698208,200.572654
945.369536,227.698208,200.577424
945.369602,227.698208,200.580536
945.369658,227.698208,200.581110
945.369712,227.698208,200.582376
945.369841,227.698208,200.585355
945.369907,227.698208,200.590158
945.369980,227.698208,200.594706
945.370047,227.698208,200.601557
945.370115,227.698208,200.602472
945.370186,227.698208,200.605645
945.370251,227.698208,200.626168
945.370314,227.698208,200.628862
945.370382,227.698208,200.633981
945.370470,227.698208,200.650240
945.370524,227.698208,200.654510
945.370606,227.698208,200.657411
945.370692,227.698208,200.657482
945.370759,227.698208,200.658115
945.370821,227.698208,200.666848
945.370899,227.698208,200.673448
945.370959,227.698208,200.674102
945.371040,227.698208,200.674216
945.371099,227.698208,200.676798
945.371162,227.698208,200.681662
945.371283,227.698208,200.684842
945.371356,227.698208,200.687701
945.371473,227.698208,200.691053
945.371614,227.698208,200.693341
945.371681,227.698208,200.702160
945.371726,227.698208,200.704498
945.371849,227.698208,200.709454
945.371908,227.698208,200.710131
945.371969,227.698208,200.712634
945.372021,227.698208,200.722373
945.372079,227.698208,200.733610
945.372197,227.698208,200.736576
945.372267,227.698208,200.736595
945.372356,227.698208,200.736611
945.372418,227.698208,200.738285
945.372516,227.698208,200.748934
945.372574,227.698208,200.752195
945.372649,227.698208,200.756339
945.372697,227.698208,193.463040
945.372743,227.698208,200.756962
945.372890,227.698208,200.759710
945.372949,227.698208,200.760088
945.373013,227.698208,200.767466
945.373069,227.698208,200.771867
945.373138,227.698208,200.776022
945.373277,227.698208,200.805832
945.373353,227.698208,200.808160
945.373419,227.698208,200.815696
945.373463,227.698208,197.247210
945.373509,227.698208,200.820595
945.373661,227.698208,200.822181
945.373731,227.698208,200.824789
945.373787,227.698208,200.842637
945.373852,227.698208,200.844683
945.373902,227.698208,200.853870
945.373965,227.698208,200.856434
945.374031,227.698208,200.875374
945.374092,227.698208,200.876106
945.374209,227.698208,200.881538
945.374271,227.698208,200.882098
945.374344,227.698208,200.882866
945.374408,227.698208,200.890955
945.374478,227.698208,200.901720
945.374540,227.698208,200.907482
945.374606,227.698208,200.908106
945.374696,227.698208,200.908802
945.374765,227.698208,200.908941
945.374842,227.698208,200.909314
945.374912,227.698208,200.918584
945.374971,227.698208,200.931019
945.375052,227.698208,200.937630
945.375121,227.698208,200.938381
945.375196,227.698208,200.940930
945.375269,227.698208,200.941661
945.375327,227.698208,200.943378
945.375394,227.698208,200.953174
945.375464,227.698208,200.963096
945.375538,227.698208,200.968067
945.375610,227.698208,200.981627
945.375689,227.698208,200.990912
945.375756,227.698208,200.997378
945.375925,227.698208,201.000139
945.376030,227.698208,201.007656
945.376091,227.698208,201.021835
945.376161,227.698208,201.028766
945.376228,227.698208,201.029739
945.376294,227.698208,201.029768
945.376363,227.698208,201.037808
945.376497,227.698208,201.040162
945.376563,227.698208,201.045251
945.376622,227.698208,198.143075
945.376664,227.698208,201.045283
945.376748,227.698208,201.055147
945.376836,227.698208,201.055688
945.376888,227.698208,195.440781
945.376938,227.698208,201.066218
945.377023,227.698208,201.066810
945.377086,227.698208,201.067520
945.377141,227.698208,193.197645
945.377195,227.698208,201.068650
945.377267,227.698208,201.070579
945.377320,227.698208,201.075406
945.377391,227.698208,201.082195
945.377556,227.698208,201.092218
945.377623,227.698208,201.100126
945.377687,227.698208,201.101283
945.377756,227.698208,201.106560
945.377842,227.698208,201.113027
945.377903,227.698208,201.116264
945.377966,227.698208,201.120528
945.378029,227.698208,201.127368
945.378102,227.698208,201.129643
945.378168,227.698208,201.133928
945.378238,227.698208,201.136642
945.378310,227.698208,201.137064
945.378378,227.698208,201.139085
945.378443,227.698208,201.139619
945.378508,227.698208,201.146854
945.378563,227.698208,201.151995
945.378627,227.698208,201.154506
945.378683,227.698208,201.155664
945.378745,227.698208,201.160494
945.378810,227.698208,201.170570
945.378873,227.698208,201.176070
945.378945,227.698208,201.191821
945.379089,227.698208,201.199434
945.379157,227.698208,201.201448
945.379210,227.698208,201.203322
945.379250,227.698208,196.740194
945.379283,227.698208,201.203894
945.379347,227.698208,201.215530
945.379414,227.698208,201.227926
945.379474,227.698208,201.229880
945.379605,227.698208,201.232350
945.379655,227.698208,201.251318
945.379713,227.698208,201.251398
945.379777,227.698208,201.257126
945.379832,227.698208,201.257538
945.379884,227.698208,201.257562
945.379935,227.698208,201.260661
945.379995,227.698208,201.264261
945.380062,227.698208,201.269430
945.380143,227.698208,201.278006
945.380207,227.698208,201.280077
945.380269,227.698208,166.881824
945.380310,227.698208,189.302650
945.380347,227.698208,191.417261
945.380382,227.698208,194.858077
945.380425,227.698208,201.282485
945.380486,227.698208,201.284522
945.380555,227.698208,201.285971
945.380614,227.698208,201.303845
945.380680,227.698208,201.307838
945.380740,227.698208,201.316939
945.380870,227.698208,201.320901
945.380929,227.698208,201.325498
945.381000,227.698208,201.333619
945.381071,227.698208,201.339670
945.381133,227.698208,201.341554
945.381182,227.698208,201.350466
945.381255,227.698208,201.355733
945.381312,227.698208,201.356877
945.381370,227.698208,201.363766
945.381431,227.698208,201.365067
945.381485,227.698208,201.365411
945.381531,227.698208,201.368312
945.381596,227.698208,173.094773
945.381634,227.698208,176.853973
945.381671,227.698208,187.989554
945.381705,227.698208,188.239195
945.381738,227.698208,188.890933
945.381777,227.698208,195.250235
945.381812,227.698208,201.375574
945.381879,227.698208,201.377299
945.381935,227.698208,201.384098
945.382000,227.698208,201.387874
945.382078,227.698208,201.395234
945.382140,227.698208,201.395891
945.382189,227.698208,201.410184
945.382276,227.698208,201.410688
945.382321,227.698208,200.472941
945.382369,227.698208,201.414461
945.382433,227.698208,201.415686
945.382497,227.698208,201.421821
945.382562,227.698208,201.422270
945.382611,227.698208,201.422946
945.382674,227.698208,201.424762
945.382726,227.698208,201.440275
945.382781,227.698208,201.449442
945.382851,227.698208,201.449493
945.382913,227.698208,201.455621
945.382981,227.698208,201.456190
945.383051,227.698208,201.462323
945.383124,227.698208,201.464434
945.383180,227.698208,201.477293
945.383331,227.698208,201.479869
945.383388,227.698208,201.480997
945.383455,227.698208,201.486424
945.383526,227.698208,201.501168
945.383584,227.698208,201.508166
945.383648,227.698208,201.509414
945.383707,227.698208,201.521194
945.383775,227.698208,201.535354
945.383836,227.698208,201.537686
945.383945,227.698208,201.539075
945.383995,227.698208,201.544909
945.384081,227.698208,201.546280
945.384123,227.698208,201.548912
945.384182,227.698208,201.552698
945.384257,227.698208,201.555034
945.384330,227.698208,201.559515
945.384408,227.698208,201.563210
945.384477,227.698208,201.565072
945.384539,227.698208,201.570360
945.384609,227.698208,201.570611
945.384675,227.698208,201.587275
945.384755,227.698208,201.589546
945.384817,227.698208,201.593326
945.384873,227.698208,201.601269
945.384934,227.698208,201.602014
945.385003,227.698208,201.602686
945.385088,227.698208,201.603829
945.385155,227.698208,201.604416
945.385228,227.698208,201.606184
945.385286,227.698208,201.608782
945.385373,227.698208,201.610130
945.385451,227.698208,201.612467
945.385502,227.698208,201.614981
945.385582,227.698208,201.618664
945.385644,227.698208,201.619134
945.385709,227.698208,201.619906
945.385773,227.698208,201.621138
945.385891,227.698208,201.625026
945.385942,227.698208,201.640285
945.386014,227.698208,201.641398
945.386088,227.698208,201.650064
945.386160,227.698208,201.654837
945.386221,227.698208,201.661230
945.386283,227.698208,201.665118
945.386345,227.698208,201.666659
945.386412,227.698208,201.667950
945.386474,227.698208,201.671850
945.386550,227.698208,201.673408
945.386621,227.698208,201.675125
945.386702,227.698208,201.681674
945.386768,227.698208,201.686032
945.386839,227.698208,201.694614
945.386913,227.698208,201.694627
945.386980,227.698208,201.695768
945.387036,227.698208,201.700171
945.387099,227.698208,201.700803
945.387174,227.698208,201.702610
945.387236,227.698208,201.704917
945.387302,227.698208,201.707008
945.387462,227.698208,201.708808
945.387521,227.698208,201.709325
945.387576,227.698208,201.716277
945.387619,227.698208,201.717315
945.387687,227.698208,201.722998
945.387747,227.698208,201.725310
945.387811,227.698208,201.725963
945.387871,227.698208,201.727298
945.387939,227.698208,201.729210
945.388019,227.698208,201.730962
945.388088,227.698208,201.735325
945.388158,227.698208,201.735402
945.388297,227.698208,201.736541
945.388373,227.698208,201.741246
945.388437,227.698208,201.752030
945.388500,227.698208,201.752630
945.388561,227.698208,201.753298
945.388611,227.698208,201.588498
945.388662,227.698208,201.754338
945.388723,227.698208,201.759515
945.388783,227.698208,201.760074
945.388842,227.698208,201.781763
945.388921,227.698208,201.782763
945.389066,227.698208,201.797163
945.389133,227.698208,201.803214
945.389200,227.698208,201.803776
945.389260,227.698208,201.808286
945.389322,227.698208,201.808318
945.389398,227.698208,201.814349
945.389464,227.698208,201.818026
945.389612,227.698208,201.823053
945.389677,227.698208,173.192784
945.389722,227.698208,190.982794
945.389764,227.698208,194.365488
945.389806,227.698208,196.114216
945.389839,227.698208,199.919747
945.389871,227.698208,201.823419
945.389938,227.698208,201.839229
945.390004,227.698208,201.839795
945.390062,227.698208,201.840456
945.390125,227.698208,201.847160
945.390208,227.698208,201.847680
945.390270,227.698208,201.848954
945.390404,227.698208,201.849459
945.390533,227.698208,201.850754
945.390600,227.698208,201.856339
945.390664,227.698208,201.856432
945.390819,227.698208,201.858891
945.390889,227.698208,201.864174
945.390981,227.698208,201.864258
945.391050,227.698208,201.865538
945.391116,227.698208,201.865677
945.391178,227.698208,201.869997
945.391246,227.698208,201.871704
945.391308,227.698208,201.877277
945.391371,227.698208,201.899595
945.391435,227.698208,201.908662
945.391504,227.698208,201.917411
945.391574,227.698208,201.917422
945.391644,227.698208,201.921277
945.391712,227.698208,201.923653
945.391795,227.698208,201.924904
945.391856,227.698208,201.929293
945.391924,227.698208,201.932226
945.391987,227.698208,201.934986
945.392065,227.698208,201.939701
945.392192,227.698208,201.941150
945.392255,227.698208,201.945310
945.392322,227.698208,201.948397
945.392389,227.698208,201.993869
945.392481,227.698208,201.997578
945.392549,227.698208,201.999530
945.392613,227.698208,202.012469
945.392852,227.698208,202.015648
945.392931,227.698208,202.018042
945.393015,227.698208,202.026656
945.393059,227.698208,202.037770
945.395969,227.698208,188.896445
945.396065,227.698208,202.037770
945.399308,227.698208,199.484674
945.399342,227.698208,202.037770
945.400709,227.698208,196.680526
945.400760,227.698208,202.037770
945.400813,227.698208,188.958318
945.400855,227.698208,202.037770
945.402209,227.698208,201.358208
945.402251,227.698208,202.037770
945.402302,227.698208,197.365632
945.402344,227.698208,202.037770
945.404727,227.698208,196.058154
945.404780,227.698208,202.037770
945.409932,227.698208,193.161189
945.410032,227.698208,202.037770
945.411698,227.698208,192.824120
945.411712,227.698208,202.037770
945.411991,227.698208,186.756922
945.412046,227.698208,202.037770
945.412632,227.698208,196.132266
945.412721,227.698208,202.037770
945.415618,227.698208,198.867394
945.415651,227.698208,202.037770
945.417364,227.698208,192.790934
945.417420,227.698208,202.037770
945.421355,227.698208,195.575501
945.421405,227.698208,202.037770
945.421447,227.698208,195.709429
945.421549,227.698208,202.037770
945.427543,227.698208,199.825002
945.427620,227.698208,202.037770
945.427796,227.698208,195.337797
945.427815,227.698208,202.037770
945.428005,227.698208,199.825002
945.428080,227.698208,202.037770
945.428253,227.698208,195.337797
945.428270,227.698208,202.037770
945.430681,227.698208,197.374282
945.430790,227.698208,202.037770
945.433882,227.698208,199.545709
945.433943,227.698208,202.037770
945.435750,227.698208,199.756922
945.435813,227.698208,202.037770
945.436580,227.698208,200.337258
945.436653,227.698208,202.037770
945.436698,227.698208,197.431002
945.436714,227.698208,202.037770
945.436835,227.698208,190.382190
945.436913,227.698208,202.037770
945.440156,227.698208,198.270656
945.440196,227.698208,202.037770
945.442956,227.698208,194.825208
945.442975,227.698208,202.037770
945.443178,227.698208,188.714136
945.443218,227.698208,198.254570
945.443322,227.698208,202.037770
945.443377,227.698208,178.480824
945.443417,227.698208,202.037770
945.444733,227.698208,199.914421
945.444805,227.698208,202.037770
945.444846,227.698208,197.008165
945.444861,227.698208,202.037770
945.444981,227.698208,189.959354
945.445059,227.698208,202.037770
945.446351,227.698208,198.612878
945.446411,227.698208,202.037770
945.446478,227.698208,198.024101
945.446508,227.698208,202.037770
945.446758,227.698208,195.017944
945.446803,227.698208,202.037770
945.447723,227.698208,196.949357
945.447763,227.698208,202.037770
945.451672,227.698208,199.043485
945.451764,227.698208,202.037770
945.455704,227.698208,195.172931
945.455744,227.698208,202.037770
945.456030,227.698208,189.429776
945.456135,227.698208,202.037770
945.459988,227.698208,197.618573
945.460012,227.698208,202.037770
945.461359,227.698208,195.122314
945.461375,227.698208,202.037770
945.461599,227.698208,197.596502
945.461615,227.698208,202.037770
945.461731,227.698208,187.987834
945.461765,227.698208,202.037770
945.461930,227.698208,189.690250
945.461946,227.698208,202.037770
945.462100,227.698208,180.680342
945.462135,227.698208,202.037770
945.462248,227.698208,182.397658
945.462360,227.698208,199.632022
945.462391,227.698208,202.037770
945.467673,227.698208,194.289184
945.467735,227.698208,202.037770
945.468143,227.698208,185.923565
945.468193,227.698208,202.037770
945.471573,227.698208,194.681006
945.471587,227.698208,202.037770
945.471685,227.698208,184.680978
945.471734,227.698208,202.037770
945.476351,227.698208,200.290102
945.476386,227.698208,202.037770
945.478163,227.698208,199.548234
945.478233,227.698208,202.037770
945.478935,227.698208,184.543992
945.478954,227.698208,186.524216
945.479026,227.698208,202.037770
945.480412,227.698208,195.377176
945.480428,227.698208,202.037770
945.481079,227.698208,198.170182
945.481116,227.698208,202.037770
945.481213,227.698208,183.369245
945.481313,227.698208,202.037770
945.483629,227.698208,202.046368
945.490110,227.698208,191.803397
945.490149,227.698208,202.046368
945.490214,227.698208,192.358872
945.490253,227.698208,202.046368
945.493736,227.698208,195.582922
945.493831,227.698208,202.046368
945.493875,227.698208,187.631653
945.493906,227.698208,202.046368
945.496710,227.698208,200.502509
945.496745,227.698208,202.046368
945.496800,227.698208,190.639565
945.496838,227.698208,202.046368
945.496929,227.698208,183.539642
945.497048,227.698208,202.046368
945.497984,227.698208,177.985469
945.498054,227.698208,202.046368
945.502214,227.698208,195.970606
945.502266,227.698208,202.046368
945.503825,227.698208,196.369059
945.503863,227.698208,202.046368
945.506932,227.698208,188.795197
945.506964,227.698208,202.046368
945.510205,227.698208,196.182293
945.510289,227.698208,202.046368
945.510342,227.698208,196.182293
945.510424,227.698208,202.046368
945.510476,227.698208,196.182293
945.510557,227.698208,202.046368
945.510614,227.698208,196.182293
945.510705,227.698208,202.046368
945.514919,227.698208,199.955642
945.514949,227.698208,202.046368
945.514987,227.698208,195.918053
945.515024,227.698208,202.046368
945.515808,227.698208,196.138437
945.515850,227.698208,202.046368
945.519088,227.698208,201.969390
945.519106,227.698208,202.046368
945.519310,227.698208,184.845840
945.519423,227.698208,202.046368
945.519714,227.698208,196.689512
945.519742,227.698208,202.046368
945.519877,227.698208,180.421168
945.520000,227.698208,200.495043
945.520028,227.698208,202.046368
945.522482,227.698208,181.497038
945.522499,227.698208,183.477262
945.522579,227.698208,202.046368
945.524655,227.698208,197.493926
945.524739,227.698208,202.046368
945.527332,227.698208,199.968090
945.527347,227.698208,202.046368
945.527433,227.698208,190.038298
945.527465,227.698208,202.046368
945.528551,227.698208,191.109994
945.528564,227.698208,202.046368
945.528678,227.698208,182.100086
945.528707,227.698208,202.046368
945.528802,227.698208,183.817402
945.528900,227.698208,201.051766
945.528927,227.698208,202.046368
945.529102,227.698208,199.556986
945.529182,227.698208,202.046368
945.529232,227.698208,201.900150
945.529255,227.698208,202.046368
945.529355,227.698208,197.044406
945.529388,227.698208,202.046368
945.532490,227.698208,193.476133
945.532528,227.698208,202.046368
945.532916,227.698208,193.476133
945.532955,227.698208,202.046368
945.533077,227.698208,198.153162
945.533146,227.698208,202.046368
945.537629,227.698208,195.386926
945.537662,227.698208,202.046368
945.537840,227.698208,195.425946
945.537868,227.698208,197.431278
945.537899,227.698208,202.046368
945.543613,227.698208,198.960493
945.543628,227.698208,202.046368
945.543829,227.698208,190.715502
945.543857,227.698208,202.046368
945.545786,227.698208,191.759075
945.545825,227.698208,202.046368
945.545867,227.698208,190.337942
945.545903,227.698208,202.046368
945.547166,227.698208,192.231101
945.547236,227.698208,202.046368
945.555131,227.698208,201.230371
945.555148,227.698208,202.046368
945.557662,227.698208,191.836726
945.557699,227.698208,202.046368
945.558417,227.698208,200.057646
945.558431,227.698208,202.046368
945.558495,227.698208,197.091430
945.558547,227.698208,202.046368
945.561483,227.698208,198.635363
945.561518,227.698208,202.046368
945.563171,227.698208,181.290314
945.563229,227.698208,202.046368
945.563438,227.698208,190.587154
945.563487,227.698208,195.889554
945.563519,227.698208,202.046368
945.564254,227.698208,195.130861
945.564272,227.698208,202.046368
945.564365,227.698208,190.397549
945.564383,227.698208,198.786349
945.564427,227.698208,202.046368
945.565141,227.698208,190.974202
945.565174,227.698208,197.964141
945.565193,227.698208,202.046368
945.569714,227.698208,201.198893
945.569728,227.698208,202.046368
945.577537,227.698208,192.014963
945.577624,227.698208,202.046368
945.579772,227.698208,200.709256
945.579785,227.698208,202.046368
945.580153,227.698208,198.787157
945.580166,227.698208,202.046368
945.580244,227.698208,201.040194
945.580276,227.698208,202.046368
945.584192,227.698208,196.412333
945.584206,227.698208,202.046368
945.584568,227.698208,201.569762
945.584582,227.698208,202.046368
945.584652,227.698208,190.345134
945.584683,227.698208,202.046368
945.586979,227.698208,188.244014
945.586995,227.698208,194.583930
945.587036,227.698208,202.046368
945.588965,227.698208,190.320472
945.589021,227.698208,190.481725
945.589181,227.698208,202.046368
945.589247,227.698208,201.892088
945.589268,227.698208,202.046368
945.591622,227.698208,195.878478
945.591671,227.698208,202.046368
945.593752,227.698208,202.051544
945.593801,227.698208,202.052662
945.593859,227.698208,202.053302
945.593901,227.698208,202.056146
945.593924,227.698208,202.067627
945.593976,227.698208,202.084749
945.594030,227.698208,202.098365
945.594179,227.698208,202.106595
945.594211,227.698208,202.107726
945.594239,227.698208,182.013917
945.594259,227.698208,185.259418
945.594280,227.698208,189.044640
945.594299,227.698208,196.055680
945.594317,227.698208,197.440547
945.594337,227.698208,202.116139
945.594424,227.698208,202.120930
945.594465,227.698208,202.153690
945.594501,227.698208,202.157451
945.594526,227.698208,202.165072
945.594630,227.698208,202.190579
945.594669,227.698208,202.235315
945.594734,227.698208,202.247778
945.594770,227.698208,202.252670
945.594834,227.698208,202.278506
945.594872,227.698208,202.296459
945.594913,227.698208,202.346990
945.594959,227.698208,202.355053
945.595015,227.698208,202.359515
945.595136,227.698208,202.363883
945.595200,227.698208,202.372456
945.595246,227.698208,202.383283
945.595289,227.698208,202.395885
945.595338,227.698208,202.399128
945.595423,227.698208,202.453901
945.595716,227.698208,202.495482
945.595754,227.698208,202.505026
945.595845,227.698208,202.531011
945.595887,227.698208,202.538824
945.595929,227.698208,202.543411
945.595965,227.698208,202.556981
945.596015,227.698208,202.558326
945.596080,227.698208,202.568539
945.596117,227.698208,202.590328
945.596167,227.698208,202.628693
945.596211,227.698208,202.647190
945.596332,227.698208,202.690590
945.596377,227.698208,202.694421
945.596428,227.698208,202.699562
945.596480,227.698208,202.702960
945.596531,227.698208,202.705598
945.596570,227.698208,202.722547
945.596612,227.698208,202.737128
945.596660,227.698208,202.749334
945.596702,227.698208,202.762541
945.596806,227.698208,202.763757
945.596847,227.698208,202.763824
945.596970,227.698208,202.776702
945.597041,227.698208,202.813050
945.597099,227.698208,202.836659
945.597141,227.698208,202.847742
945.597188,227.698208,202.848910
945.597238,227.698208,202.860726
945.597283,227.698208,202.879254
945.597328,227.698208,202.910514
945.597365,227.698208,202.947878
945.597399,227.698208,202.956984
945.597547,227.698208,202.973534
945.597590,227.698208,202.982450
945.597710,227.698208,202.985734
945.597758,227.698208,202.989784
945.597794,227.698208,202.991562
945.597831,227.698208,203.018064
945.597876,227.698208,203.020126
945.597918,227.698208,203.038013
945.597970,227.698208,203.047038
945.598032,227.698208,203.047702
945.598083,227.698208,203.052586
945.598193,227.698208,203.084072
945.598240,227.698208,203.096986
945.598277,227.698208,203.099128
945.598308,227.698208,199.109272
945.598329,227.698208,203.099128
945.598358,227.698208,199.109272
945.598378,227.698208,203.113218
945.598423,227.698208,203.151934
945.598485,227.698208,203.157506
945.598528,227.698208,203.183450
945.598613,227.698208,203.186200
945.598653,227.698208,203.199342
945.598679,227.698208,203.213114
945.598730,227.698208,203.214136
945.598755,227.698208,203.274379
945.598840,227.698208,203.314302
945.598882,227.698208,203.323160
945.598931,227.698208,203.324918
945.598985,227.698208,203.333037
945.599028,227.698208,203.339117
945.599088,227.698208,203.339149
945.599144,227.698208,203.342634
945.599199,227.698208,203.362000
945.599239,227.698208,203.404509
945.599289,227.698208,203.441472
945.599475,227.698208,203.477302
945.599523,227.698208,203.491638
945.599570,227.698208,203.498307
945.599614,227.698208,203.500214
945.599657,227.698208,203.502070
945.599713,227.698208,203.510573
945.599765,227.698208,203.519979
945.599871,227.698208,203.522526
945.599914,227.698208,203.522934
945.599976,227.698208,203.527934
945.600016,227.698208,203.535405
945.600067,227.698208,203.545814
945.600132,227.698208,203.547480
945.600173,227.698208,203.552181
945.600231,227.698208,203.567510
945.600292,227.698208,203.573114
945.600333,227.698208,203.581026
945.600366,227.698208,203.610666
945.600427,227.698208,203.611894
945.600478,227.698208,203.643350
945.600526,227.698208,203.685333
945.600574,227.698208,203.688542
945.600627,227.698208,203.705016
945.600679,227.698208,203.729848
945.600727,227.698208,203.747734
945.600827,227.698208,203.752730
945.600932,227.698208,203.770477
945.600990,227.698208,203.779928
945.601037,227.698208,203.780214
945.601081,227.698208,203.797854
945.601122,227.698208,203.799648
945.601173,227.698208,203.809483
945.601217,227.698208,203.866189
945.601266,227.698208,203.890898
945.601309,227.698208,203.895478
945.601367,227.698208,203.903267
945.601424,227.698208,203.905534
945.601473,227.698208,203.912554
945.601517,227.698208,203.925534
945.601556,227.698208,203.966230
945.601602,227.698208,203.967240
945.601645,227.698208,203.971922
945.601672,227.698208,203.990314
945.601736,227.698208,204.005109
945.601784,227.698208,204.014381
945.601867,227.698208,204.032371
945.601905,227.698208,204.033037
945.601944,227.698208,197.808854
945.601968,227.698208,204.040888
945.602021,227.698208,204.050773
945.602067,227.698208,204.053118
945.602124,227.698208,204.056374
945.602181,227.698208,204.064462
945.602216,227.698208,188.383624
945.602257,227.698208,193.531659
945.602292,227.698208,204.065923
945.602341,227.698208,204.073176
945.602385,227.698208,204.087842
945.602482,227.698208,204.110262
945.602530,227.698208,204.132960
945.602598,227.698208,204.138998
945.602642,227.698208,204.150301
945.602731,227.698208,204.189078
945.602776,227.698208,204.193459
945.602817,227.698208,204.208824
945.602901,227.698208,204.231613
945.602947,227.698208,204.250818
945.603002,227.698208,204.251403
945.603071,227.698208,204.263906
945.603133,227.698208,204.292166
945.603189,227.698208,204.296102
945.603225,227.698208,204.353250
945.603274,227.698208,204.376667
945.603324,227.698208,204.384834
945.603434,227.698208,204.387902
945.603478,227.698208,204.406691
945.603529,227.698208,204.415198
945.603573,227.698208,204.422389
945.603637,227.698208,204.455002
945.603682,227.698208,204.481154
945.603731,227.698208,204.486526
945.603793,227.698208,204.500246
945.603857,227.698208,204.521774
945.603901,227.698208,204.527394
945.603951,227.698208,204.539605
945.604068,227.698208,204.548269
945.604131,227.698208,204.561469
945.604175,227.698208,204.573474
945.604213,227.698208,204.585630
945.604261,227.698208,204.590925
945.604309,227.698208,204.611898
945.604349,227.698208,204.612958
945.604394,227.698208,204.613264
945.604484,227.698208,204.614381
945.604619,227.698208,204.617630
945.604663,227.698208,204.618725
945.604777,227.698208,204.619278
945.604823,227.698208,204.623056
945.604868,227.698208,204.636010
945.604912,227.698208,204.645934
945.604961,227.698208,204.689384
945.605004,227.698208,204.700726
945.605056,227.698208,204.714490
945.605113,227.698208,204.719957
945.605176,227.698208,204.721931
945.605238,227.698208,204.732867
945.605267,227.698208,204.739149
945.605325,227.698208,204.745133
945.605380,227.698208,204.754539
945.605430,227.698208,204.765554
945.605484,227.698208,204.790830
945.605534,227.698208,204.808824
945.605670,227.698208,204.811355
945.605723,227.698208,204.847616
945.605786,227.698208,204.857494
945.605887,227.698208,204.869398
945.605930,227.698208,204.890306
945.605981,227.698208,204.906389
945.606108,227.698208,204.916584
945.606154,227.698208,204.928800
945.606214,227.698208,204.948982
945.606265,227.698208,204.951966
945.606394,227.698208,204.955733
945.606463,227.698208,204.983386
945.606509,227.698208,204.987290
945.606542,227.698208,205.011942
945.606592,227.698208,205.029579
945.606627,227.698208,205.051544
945.606673,227.698208,205.069362
945.606706,227.698208,205.074157
945.606758,227.698208,205.081210
945.606830,227.698208,205.084749
945.606874,227.698208,205.088030
945.606921,227.698208,205.107011
945.607042,227.698208,205.110818
945.607105,227.698208,205.121808
945.607162,227.698208,205.123243
945.607231,227.698208,205.134019
945.607287,227.698208,205.138533
945.607335,227.698208,205.154778
945.607398,227.698208,205.156885
945.607456,227.698208,205.169346
945.607554,227.698208,205.181733
945.607588,227.698208,205.192923
945.607643,227.698208,205.212590
945.607699,227.698208,205.232154
945.607729,227.698208,205.251046
945.607793,227.698208,205.274158
945.607851,227.698208,205.275554
945.607899,227.698208,205.276107
945.607982,227.698208,205.288946
945.608038,227.698208,205.290806
945.608089,227.698208,205.299699
945.608154,227.698208,205.301454
945.608274,227.698208,205.349221
945.608338,227.698208,205.370453
945.608389,227.698208,205.386478
945.608445,227.698208,205.396734
945.608491,227.698208,205.398920
945.608538,227.698208,205.412000
945.608593,227.698208,205.418302
945.608638,227.698208,205.424898
945.608691,227.698208,205.453314
945.608734,227.698208,205.455050
945.608796,227.698208,205.460042
945.608863,227.698208,205.487251
945.608906,227.698208,205.508120
945.608967,227.698208,205.521202
945.609009,227.698208,205.542746
945.609056,227.698208,205.545368
945.609102,227.698208,205.546933
945.609149,227.698208,205.568622
945.609200,227.698208,205.585390
945.609244,227.698208,205.592182
945.609291,227.698208,205.597714
945.609337,227.698208,205.598342
945.609383,227.698208,205.605578
945.609432,227.698208,205.655197
945.609480,227.698208,173.382874
945.609514,227.698208,176.282998
945.609559,227.698208,184.601402
945.609596,227.698208,197.194469
945.609631,227.698208,202.393757
945.609666,227.698208,205.642042
945.609701,227.698208,205.657613
945.609764,227.698208,205.672429
945.609809,227.698208,205.676829
945.609848,227.698208,205.681627
945.609890,227.698208,205.695347
945.609930,227.698208,205.697579
945.609968,227.698208,205.737189
945.610015,227.698208,205.756360
945.610060,227.698208,205.778582
945.610112,227.698208,205.792786
945.610157,227.698208,205.796958
945.610205,227.698208,205.821069
945.610255,227.698208,205.833502
945.610301,227.698208,205.848928
945.610369,227.698208,205.848941
945.610462,227.698208,205.857086
945.610509,227.698208,205.858155
945.610572,227.698208,205.872506
945.610694,227.698208,205.895862
945.610822,227.698208,205.900822
945.610866,227.698208,205.907011
945.610921,227.698208,205.908214
945.610970,227.698208,205.911981
945.611003,227.698208,187.132186
945.611033,227.698208,191.779149
945.611058,227.698208,205.438541
945.611096,227.698208,205.946736
945.611130,227.698208,205.972592
945.611175,227.698208,185.395851
945.611211,227.698208,186.681725
945.611242,227.698208,193.855709
945.611272,227.698208,194.888427
945.611304,227.698208,197.848285
945.611333,227.698208,201.869899
945.611362,227.698208,203.056714
945.611392,227.698208,204.829757
945.611420,227.698208,205.972592
945.611462,227.698208,200.508797
945.611490,227.698208,205.982752
945.611548,227.698208,205.982926
945.611596,227.698208,205.988338
945.611639,227.698208,205.989046
945.611703,227.698208,206.010590
945.611747,227.698208,206.033595
945.611805,227.698208,206.052598
945.611926,227.698208,206.057696
945.612000,227.698208,206.090306
945.612137,227.698208,206.102658
945.612186,227.698208,206.105051
945.612220,227.698208,206.113184
945.612334,227.698208,206.119917
945.612382,227.698208,206.126690
945.612414,227.698208,206.129291
945.612462,227.698208,206.132446
945.612510,227.698208,206.133110
945.612539,227.698208,206.144610
945.612609,227.698208,206.153163
945.612661,227.698208,206.157032
945.612703,227.698208,206.161411
945.612766,227.698208,206.165590
945.612810,227.698208,206.177370
945.612853,227.698208,206.186733
945.612896,227.698208,206.190979
945.612953,227.698208,206.202605
945.612994,227.698208,206.204374
945.613065,227.698208,206.219318
945.613132,227.698208,206.224170
945.613201,227.698208,206.225619
945.613246,227.698208,206.226171
945.613288,227.698208,206.237827
945.613428,227.698208,206.241650
945.613476,227.698208,206.285237
945.613537,227.698208,206.285912
945.613602,227.698208,206.290296
945.613733,227.698208,206.300650
945.613793,227.698208,206.306914
945.613839,227.698208,206.319896
945.613887,227.698208,206.337920
945.613933,227.698208,206.346078
945.613980,227.698208,206.349909
945.614034,227.698208,206.366792
945.614096,227.698208,206.373554
945.614142,227.698208,206.377829
945.614174,227.698208,206.390274
945.614224,227.698208,206.407608
945.614274,227.698208,206.408099
945.614333,227.698208,206.416838
945.614467,227.698208,206.427478
945.614530,227.698208,206.439408
945.614560,227.698208,206.442250
945.614606,227.698208,206.443886
945.614651,227.698208,206.450315
945.614699,227.698208,206.451414
945.614758,227.698208,206.453173
945.614808,227.698208,206.460864
945.614862,227.698208,206.462563
945.614907,227.698208,206.462581
945.614975,227.698208,206.464261
945.615027,227.698208,206.467450
945.615075,227.698208,206.484877
945.615193,227.698208,206.494506
945.615245,227.698208,206.495768
945.615299,227.698208,206.503806
945.615353,227.698208,206.510114
945.615398,227.698208,206.513752
945.615449,227.698208,206.518178
945.615499,227.698208,206.541358
945.615553,227.698208,206.561797
945.615614,227.698208,206.563110
945.615662,227.698208,206.597597
945.615707,227.698208,206.605240
945.615776,227.698208,206.607042
945.615823,227.698208,206.607074
945.615888,227.698208,206.611282
945.616023,227.698208,206.611294
945.616080,227.698208,206.621922
945.616151,227.698208,206.628058
945.616184,227.698208,206.647616
945.616235,227.698208,206.653843
945.616283,227.698208,206.655307
945.616350,227.698208,206.677294
945.616389,227.698208,206.679760
945.616435,227.698208,206.688381
945.616472,227.698208,206.699699
945.616533,227.698208,206.722402
945.616595,227.698208,206.723160
945.616664,227.698208,206.748373
945.616875,227.698208,206.749750
945.616934,227.698208,206.788254
945.616982,227.698208,206.791573
945.617017,227.698208,206.799683
945.617137,227.698208,206.811624
945.617187,227.698208,206.837722
945.617244,227.698208,206.864760
945.617303,227.698208,206.869904
945.617437,227.698208,206.883162
945.617483,227.698208,206.894731
945.617550,227.698208,206.910573
945.617612,227.698208,206.932117
945.617667,227.698208,206.939194
945.617706,227.698208,186.433434
945.617750,227.698208,195.450082
945.617789,227.698208,206.939194
945.617827,227.698208,186.433434
945.617870,227.698208,195.450082
945.617909,227.698208,206.940974
945.617943,227.698208,206.944504
945.618006,227.698208,206.976694
945.618062,227.698208,206.978030
945.618123,227.698208,206.978626
945.618175,227.698208,206.981878
945.618222,227.698208,206.989810
945.618319,227.698208,206.993485
945.618387,227.698208,206.997139
945.618435,227.698208,207.005171
945.618481,227.698208,207.011802
945.618544,227.698208,207.013750
945.618610,227.698208,207.028450
945.618666,227.698208,207.033573
945.618714,227.698208,178.187891
945.618753,227.698208,193.376066
945.618787,227.698208,196.604934
945.618817,227.698208,206.742016
945.618843,227.698208,207.033645
945.618887,227.698208,207.068646
945.618928,227.698208,207.068662
945.618996,227.698208,207.088568
945.619045,227.698208,207.089174
945.619113,227.698208,207.092715
945.619182,227.698208,207.103358
945.619333,227.698208,207.105016
945.619392,227.698208,207.107066
945.619426,227.698208,207.123592
945.619468,227.698208,207.142746
945.619504,227.698208,205.018534
945.619542,227.698208,207.142774
945.619593,227.698208,207.144109
945.619643,227.698208,207.147734
945.619766,227.698208,207.161826
945.619886,227.698208,207.165104
945.619917,227.698208,187.592906
945.619956,227.698208,195.911309
945.619994,227.698208,207.165104
945.620029,227.698208,187.592906
945.620070,227.698208,195.911309
945.620108,227.698208,207.185454
945.620206,227.698208,172.566941
945.620237,227.698208,188.680374
945.620263,227.698208,192.810042
945.620295,227.698208,196.922477
945.620335,227.698208,197.543254
945.620361,227.698208,202.972421
945.620403,227.698208,207.200149
945.620458,227.698208,207.233406
945.620521,227.698208,207.234261
945.620599,227.698208,207.256926
945.620666,227.698208,207.260661
945.620720,227.698208,207.262509
945.620837,227.698208,207.263138
945.620899,227.698208,207.264896
945.620949,227.698208,207.272048
945.620997,227.698208,207.273560
945.621052,227.698208,207.290115
945.621090,227.698208,207.297802
945.621239,227.698208,207.299278
945.621272,227.698208,207.301509
945.621307,227.698208,207.305630
945.621352,227.698208,207.330413
945.621520,227.698208,207.333466
945.621631,227.698208,207.373760
945.621694,227.698208,207.387757
945.621752,227.698208,207.411285
945.621819,227.698208,207.416322
945.621884,227.698208,207.418728
945.621940,227.698208,207.421906
945.621994,227.698208,207.445934
945.622076,227.698208,207.453342
945.622121,227.698208,207.456374
945.622192,227.698208,207.461277
945.622257,227.698208,207.481602
945.622400,227.698208,207.509922
945.622454,227.698208,207.519218
945.622504,227.698208,207.519957
945.622555,227.698208,207.531661
945.622610,227.698208,207.550875
945.622655,227.698208,207.556374
945.622722,227.698208,207.576776
945.622761,227.698208,200.127309
945.622803,227.698208,207.579866
945.622850,227.698208,205.514854
945.622883,227.698208,207.590784
945.622940,227.698208,207.605728
945.623009,227.698208,207.607541
945.623057,227.698208,207.609270
945.623117,227.698208,207.629886
945.623180,227.698208,207.647818
945.623297,227.698208,207.650818
945.623360,227.698208,207.651395
945.623484,227.698208,207.651398
945.623610,227.698208,207.681627
945.623795,227.698208,207.686046
945.623847,227.698208,207.687848
945.623925,227.698208,207.690373
945.623965,227.698208,193.409534
945.624010,227.698208,197.857570
945.624049,227.698208,207.690446
945.624122,227.698208,207.693994
945.624185,227.698208,207.697141
945.624252,227.698208,207.699094
945.624321,227.698208,207.713646
945.624393,227.698208,207.714400
945.624445,227.698208,207.719299
945.624757,227.698208,207.733387
945.624872,227.698208,207.750818
945.624942,227.698208,207.769462
945.624994,227.698208,207.774309
945.625045,227.698208,207.070400
945.625076,227.698208,207.775486
945.625127,227.698208,207.777989
945.625191,227.698208,207.795907
945.625234,227.698208,207.803315
945.625279,227.698208,207.820579
945.625322,227.698208,207.828726
945.625374,227.698208,207.839800
945.625412,227.698208,207.848446
945.625461,227.698208,207.864325
945.625528,227.698208,207.867344
945.625579,227.698208,207.878690
945.625653,227.698208,207.880598
945.625718,227.698208,207.882291
945.625799,227.698208,207.884114
945.625857,227.698208,207.893538
945.625928,227.698208,207.904616
945.625999,227.698208,207.909478
945.626049,227.698208,207.938526
945.626090,227.698208,206.580914
945.626121,227.698208,207.944546
945.626244,227.698208,207.947701
945.626365,227.698208,207.952318
945.626414,227.698208,207.952594
945.626459,227.698208,207.958178
945.626569,227.698208,207.965381
945.626609,227.698208,207.969930
945.626658,227.698208,207.997117
945.626793,227.698208,208.001398
945.626848,227.698208,208.016214
945.626910,227.698208,208.018974
945.626962,227.698208,208.029034
945.627010,227.698208,208.040285
945.627150,227.698208,208.043298
945.627206,227.698208,208.045299
945.627289,227.698208,208.046522
945.627414,227.698208,208.064277
945.627469,227.698208,208.069282
945.627520,227.698208,208.069365
945.627808,227.698208,208.075042
945.627885,227.698208,208.087893
945.627974,227.698208,208.094714
945.628019,227.698208,204.363046
945.628048,227.698208,208.099059
945.628174,227.698208,208.099643
945.628259,227.698208,208.101930
945.628312,227.698208,208.102741
945.628363,227.698208,208.105246
945.628419,227.698208,208.110797
945.628468,227.698208,208.112603
945.628514,227.698208,208.122466
945.628556,227.698208,184.230379
945.628584,227.698208,199.098402
945.628629,227.698208,205.915566
945.628667,227.698208,207.408550
945.628706,227.698208,208.125530
945.628817,227.698208,208.129291
945.628881,227.698208,208.135318
945.628938,227.698208,208.145133
945.628999,227.698208,208.153208
945.629049,227.698208,208.155862
945.629101,227.698208,208.186709
945.629150,227.698208,177.704389
945.629185,227.698208,193.788957
945.629228,227.698208,205.380933
945.629268,227.698208,208.189086
945.629315,227.698208,208.190187
945.629363,227.698208,208.201901
945.629414,227.698208,208.214026
945.629476,227.698208,208.222160
945.629526,227.698208,208.224035
945.629586,227.698208,208.225470
945.629636,227.698208,208.227498
945.629704,227.698208,208.228686
945.629742,227.698208,208.234773
945.629889,227.698208,208.239742
945.629977,227.698208,208.241118
945.630028,227.698208,208.241450
945.630085,227.698208,208.247658
945.630214,227.698208,208.250051
945.630272,227.698208,208.255630
945.630316,227.698208,208.273000
945.630418,227.698208,208.278466
945.630501,227.698208,208.283368
945.630552,227.698208,208.289157
945.630598,227.698208,182.534835
945.630634,227.698208,205.918592
945.630664,227.698208,208.298386
945.630736,227.698208,208.316717
945.630851,227.698208,208.329762
945.630907,227.698208,208.347818
945.630941,227.698208,190.710795
945.630983,227.698208,199.398350
945.631020,227.698208,208.347818
945.631053,227.698208,190.710795
945.631094,227.698208,199.398350
945.631131,227.698208,208.350843
945.631181,227.698208,208.350846
945.631232,227.698208,208.354562
945.631337,227.698208,208.368794
945.631440,227.698208,208.408469
945.631512,227.698208,208.409315
945.631569,227.698208,208.419011
945.631634,227.698208,208.421941
945.631703,227.698208,208.425357
945.631765,227.698208,208.429077
945.631817,227.698208,208.437869
945.631949,227.698208,208.437877
945.632003,227.698208,208.447629
945.632061,227.698208,208.450074
945.632115,227.698208,208.451544
945.632166,227.698208,208.458765
945.632221,227.698208,208.476050
945.632275,227.698208,208.478134
945.632329,227.698208,208.480376
945.632378,227.698208,208.487339
945.632429,227.698208,208.502086
945.632492,227.698208,208.504376
945.632577,227.698208,208.511917
945.632628,227.698208,208.513120
945.632688,227.698208,208.518178
945.632756,227.698208,208.534019
945.632820,227.698208,208.538954
945.632879,227.698208,208.541453
945.632951,227.698208,208.544749
945.633004,227.698208,208.546442
945.633062,227.698208,208.549005
945.633188,227.698208,208.549605
945.633314,227.698208,208.552669
945.633356,227.698208,208.563806
945.633407,227.698208,208.570634
945.633459,227.698208,208.583070
945.633508,227.698208,208.590787
945.633567,227.698208,208.623027
945.633617,227.698208,208.629845
945.633666,227.698208,208.633566
945.633712,227.698208,208.638421
945.633758,227.698208,208.638536
945.633803,227.698208,208.648888
945.633874,227.698208,208.661266
945.633926,227.698208,208.666834
945.633982,227.698208,208.669834
945.634094,227.698208,208.681082
945.634131,227.698208,208.690944
945.634206,227.698208,208.706414
945.634243,227.698208,208.708043
945.634301,227.698208,208.710072
945.634340,227.698208,208.724306
945.634388,227.698208,208.725405
945.634428,227.698208,208.738984
945.634481,227.698208,208.740310
945.634532,227.698208,208.741574
945.634732,227.698208,208.746509
945.634796,227.698208,208.747010
945.634846,227.698208,208.747112
945.634894,227.698208,208.759936
945.634948,227.698208,208.760549
945.634987,227.698208,208.773622
945.635313,227.698208,208.811374
945.635349,227.698208,189.035962
945.635388,227.698208,194.461814
945.635417,227.698208,205.891414
945.635453,227.698208,207.377997
945.635497,227.698208,208.814819
945.635534,227.698208,208.817470
945.635584,227.698208,208.824845
945.635631,227.698208,208.826346
945.635692,227.698208,208.845171
945.635750,227.698208,208.846381
945.635806,227.698208,208.870027
945.635860,227.698208,208.875525
945.635898,227.698208,208.886581
945.635951,227.698208,208.887232
945.636000,227.698208,208.914818
945.636060,227.698208,208.922094
945.636116,227.698208,208.925422
945.636166,227.698208,208.937792
945.636225,227.698208,208.940952
945.636282,227.698208,208.941453
945.636329,227.698208,208.941539
945.636388,227.698208,208.943474
945.636454,227.698208,208.946547
945.636527,227.698208,208.959520
945.636581,227.698208,208.981074
945.636632,227.698208,208.982872
945.636758,227.698208,208.986114
945.636836,227.698208,208.989709
945.636909,227.698208,209.005776
945.636951,227.698208,209.010046
945.637005,227.698208,209.016880
945.637060,227.698208,209.026050
945.637204,227.698208,209.030507
945.637263,227.698208,209.036434
945.637346,227.698208,209.045864
945.637398,227.698208,209.061373
945.637444,227.698208,209.067354
945.637497,227.698208,209.069326
945.637552,227.698208,209.070669
945.637606,227.698208,209.078072
945.637717,227.698208,209.081675
945.637767,227.698208,209.082262
945.637905,227.698208,209.083454
945.637952,227.698208,209.085453
945.638009,227.698208,209.115158
945.638076,227.698208,209.125400
945.638134,227.698208,209.129771
945.638194,227.698208,209.139733
945.638271,227.698208,209.144080
945.638326,227.698208,209.145443
945.638376,227.698208,183.043424
945.638413,227.698208,200.750912
945.638456,227.698208,202.150714
945.638484,227.698208,209.159331
945.638542,227.698208,209.161966
945.638605,227.698208,209.164896
945.638666,227.698208,209.166182
945.638725,227.698208,209.182952
945.638766,227.698208,209.184152
945.638833,227.698208,209.189661
945.638891,227.698208,209.215651
945.638926,227.698208,204.308142
945.638965,227.698208,206.559906
945.638992,227.698208,209.224250
945.639050,227.698208,209.231706
945.639100,227.698208,209.243710
945.639146,227.698208,209.253163
945.639319,227.698208,209.253250
945.639376,227.698208,209.258914
945.639431,227.698208,209.263350
945.639484,227.698208,209.263805
945.639604,227.698208,209.276706
945.639818,227.698208,209.279859
945.639923,227.698208,209.286122
945.639972,227.698208,209.293213
945.640032,227.698208,209.296422
945.640083,227.698208,209.301286
945.640117,227.698208,209.308214
945.640175,227.698208,209.309338
945.640249,227.698208,209.322432
945.640300,227.698208,209.323059
945.640347,227.698208,209.330923
945.640398,227.698208,209.344878
945.640440,227.698208,209.356410
945.640503,227.698208,209.363750
945.640559,227.698208,209.382917
945.640608,227.698208,209.398933
945.640662,227.698208,209.415621
945.640715,227.698208,209.427478
945.640771,227.698208,209.429758
945.640827,227.698208,209.448886
945.640891,227.698208,209.458213
945.640948,227.698208,209.461202
945.640990,227.698208,209.474238
945.641104,227.698208,209.475981
945.641162,227.698208,209.488925
945.641217,227.698208,209.496230
945.641274,227.698208,209.502658
945.641343,227.698208,209.504045
945.641410,227.698208,209.529133
945.641470,227.698208,209.532414
945.641522,227.698208,209.546946
945.641581,227.698208,209.547264
945.641632,227.698208,209.548963
945.641676,227.698208,209.560976
945.641744,227.698208,209.564254
945.641801,227.698208,209.564760
945.641850,227.698208,209.570590
945.641912,227.698208,209.576677
945.641972,227.698208,209.582933
945.642020,227.698208,209.591979
945.642057,227.698208,209.598910
945.642111,227.698208,209.600152
945.642177,227.698208,209.603778
945.642247,227.698208,209.612498
945.642347,227.698208,209.613837
945.642417,227.698208,209.622141
945.642466,227.698208,209.625709
945.642516,227.698208,209.626646
945.642668,227.698208,209.627808
945.642731,227.698208,209.633000
945.642790,227.698208,209.637152
945.642836,227.698208,209.639085
945.642911,227.698208,209.640258
945.642976,227.698208,209.643474
945.643015,227.698208,184.237714
945.643063,227.698208,193.254362
945.643107,227.698208,206.082746
945.643148,227.698208,209.647626
945.643200,227.698208,209.661270
945.643311,227.698208,209.665446
945.643346,227.698208,209.668746
945.643483,227.698208,209.691640
945.643536,227.698208,194.867474
945.643577,227.698208,208.038981
945.643610,227.698208,209.696542
945.643662,227.698208,209.699680
945.643701,227.698208,209.703341
945.643786,227.698208,209.705229
945.643858,227.698208,209.714862
945.643913,227.698208,209.716957
945.643981,227.698208,209.735306
945.644069,227.698208,209.736717
945.644139,227.698208,187.778074
945.644171,227.698208,196.663277
945.644243,227.698208,209.046379
945.644276,227.698208,209.283554
945.644315,227.698208,209.739066
945.644385,227.698208,209.750670
945.644468,227.698208,209.752637
945.644547,227.698208,209.755419
945.644646,227.698208,209.757526
945.644726,227.698208,209.758698
945.644784,227.698208,209.771094
945.645376,227.698208,209.778072
945.645412,227.698208,199.011149
945.645441,227.698208,209.778072
945.645476,227.698208,199.011149
945.645535,227.698208,209.782878
945.645590,227.698208,209.790366
945.645719,227.698208,209.793485
945.645784,227.698208,209.797000
945.645900,227.698208,209.812544
945.645956,227.698208,209.816365
945.646012,227.698208,209.821090
945.646073,227.698208,209.829158
945.646179,227.698208,209.842646
945.646246,227.698208,209.844026
945.646290,227.698208,209.845870
945.646338,227.698208,209.855894
945.646392,227.698208,209.859301
945.646452,227.698208,209.877989
945.646517,227.698208,209.889738
945.646685,227.698208,209.890808
945.646744,227.698208,209.918096
945.646897,227.698208,209.934686
945.646941,227.698208,208.029144
945.646981,227.698208,209.936150
945.647029,227.698208,209.937123
945.647085,227.698208,209.940920
945.647135,227.698208,209.943922
945.647185,227.698208,209.951539
945.647227,227.698208,192.370573
945.647257,227.698208,206.229949
945.647293,227.698208,209.961992
945.647335,227.698208,209.972381
945.647383,227.698208,209.974870
945.647433,227.698208,209.977322
945.647487,227.698208,209.977906
945.647539,227.698208,209.989784
945.647591,227.698208,209.997749
945.647660,227.698208,210.004515
945.647759,227.698208,210.011934
945.647808,227.698208,210.021886
945.647864,227.698208,210.030498
945.647921,227.698208,210.039098
945.647958,227.698208,210.039115
945.648037,227.698208,210.040898
945.648095,227.698208,210.050157
945.648211,227.698208,210.057184
945.648268,227.698208,210.057482
945.648329,227.698208,210.063810
945.648390,227.698208,210.063854
945.648444,227.698208,210.066058
945.648496,227.698208,210.068630
945.648560,227.698208,210.080526
945.648619,227.698208,181.234845
945.648660,227.698208,196.423019
945.648697,227.698208,199.651888
945.648735,227.698208,209.788970
945.648767,227.698208,210.081725
945.648818,227.698208,210.091029
945.648870,227.698208,210.113048
945.648928,227.698208,210.124710
945.648965,227.698208,210.142720
945.649016,227.698208,210.148341
945.649073,227.698208,210.151520
945.649113,227.698208,197.318733
945.649154,227.698208,210.158742
945.649223,227.698208,210.164358
945.649273,227.698208,210.166234
945.649330,227.698208,210.168702
945.649377,227.698208,210.168784
945.649681,227.698208,210.188461
945.649727,227.698208,210.192886
945.649780,227.698208,210.193630
945.649837,227.698208,210.193965
945.649892,227.698208,210.195827
945.649989,227.698208,210.200184
945.650049,227.698208,210.205677
945.650110,227.698208,210.216322
945.650173,227.698208,210.217432
945.650224,227.698208,210.218045
945.650330,227.698208,210.229931
945.650390,227.698208,210.236589
945.650428,227.698208,198.734630
945.650457,227.698208,210.238533
945.650499,227.698208,189.657694
945.650546,227.698208,194.805730
945.650587,227.698208,210.240750
945.650648,227.698208,210.244781
945.650701,227.698208,210.253085
945.650748,227.698208,210.264606
945.650799,227.698208,210.280424
945.650897,227.698208,210.285098
945.650938,227.698208,210.287075
945.651029,227.698208,210.318093
945.651077,227.698208,210.318645
945.651339,227.698208,210.321082
945.651389,227.698208,210.327498
945.651516,227.698208,210.328635
945.651592,227.698208,210.329242
945.651706,227.698208,210.333467
945.651763,227.698208,210.342226
945.651796,227.698208,210.342784
945.651854,227.698208,210.355627
945.651910,227.698208,210.355666
945.651972,227.698208,210.357069
945.652027,227.698208,210.357557
945.652088,227.698208,210.361301
945.652193,227.698208,210.362381
945.652252,227.698208,210.368717
945.652297,227.698208,210.370456
945.652345,227.698208,210.371734
945.652405,227.698208,210.386531
945.652470,227.698208,210.386635
945.652541,227.698208,210.400653
945.652596,227.698208,210.401445
945.652700,227.698208,210.403341
945.652737,227.698208,197.557410
945.652766,227.698208,210.411875
945.652818,227.698208,210.415654
945.652864,227.698208,210.429158
945.653021,227.698208,210.429298
945.653101,227.698208,210.429306
945.653234,227.698208,210.430286
945.653271,227.698208,210.432376
945.653316,227.698208,208.367365
945.653347,227.698208,210.433770
945.653410,227.698208,210.445168
945.653464,227.698208,210.445290
945.653522,227.698208,210.445352
945.653589,227.698208,210.446070
945.653679,227.698208,210.447686
945.653734,227.698208,210.448384
945.653789,227.698208,210.450669
945.653845,227.698208,210.453206
945.653895,227.698208,210.463826
945.653950,227.698208,210.472280
945.653989,227.698208,210.473648
945.654045,227.698208,210.488568
945.654099,227.698208,210.494594
945.654153,227.698208,210.497059
945.654264,227.698208,210.515158
945.654318,227.698208,210.521941
945.654448,227.698208,210.523685
945.654570,227.698208,210.531741
945.654713,227.698208,210.534894
945.654756,227.698208,210.057974
945.654786,227.698208,210.542774
945.654844,227.698208,210.549483
945.654905,227.698208,210.550109
945.654967,227.698208,210.562477
945.655034,227.698208,210.563160
945.655087,227.698208,210.569771
945.655130,227.698208,210.575978
945.655191,227.698208,210.577389
945.655250,227.698208,210.581773
945.655306,227.698208,210.598357
945.655361,227.698208,210.606899
945.655424,227.698208,210.609470
945.655477,227.698208,210.614885
945.655533,227.698208,210.616070
945.655571,227.698208,210.639733
945.655627,227.698208,210.639795
945.655706,227.698208,210.654741
945.655765,227.698208,210.664962
945.655825,227.698208,210.668091
945.655881,227.698208,210.668554
945.655992,227.698208,210.668600
945.656053,227.698208,210.676763
945.656118,227.698208,210.682253
945.656171,227.698208,210.686533
945.656217,227.698208,210.688325
945.656263,227.698208,210.706982
945.656314,227.698208,210.709406
945.656366,227.698208,210.720086
945.656442,227.698208,210.722413
945.656489,227.698208,210.723752
945.656541,227.698208,210.723757
945.656605,227.698208,210.730262
945.656649,227.698208,210.771832
945.656708,227.698208,210.772981
945.656760,227.698208,210.776765
945.656820,227.698208,210.789686
945.656888,227.698208,210.807592
945.656942,227.698208,210.808214
945.656997,227.698208,210.818045
945.657156,227.698208,210.821126
945.657208,227.698208,210.821262
945.657260,227.698208,210.117354
945.657293,227.698208,210.836014
945.657353,227.698208,210.841542
945.657462,227.698208,210.848373
945.657694,227.698208,210.848435
945.657748,227.698208,210.861226
945.657797,227.698208,210.861792
945.657837,227.698208,210.865666
945.657897,227.698208,210.866699
945.657951,227.698208,210.868189
945.658023,227.698208,210.868766
945.658147,227.698208,210.878592
945.658219,227.698208,210.887291
945.658298,227.698208,210.896670
945.658352,227.698208,210.897390
945.658409,227.698208,210.901426
945.658468,227.698208,210.911733
945.658519,227.698208,210.914530
945.658599,227.698208,210.916797
945.658657,227.698208,210.923672
945.658717,227.698208,210.930454
945.658786,227.698208,210.931661
945.658843,227.698208,210.938370
945.658964,227.698208,210.939688
945.659026,227.698208,210.945389
945.659078,227.698208,178.021293
945.659115,227.698208,189.718762
945.659145,227.698208,193.477962
945.659177,227.698208,197.263184
945.659297,227.698208,200.966794
945.659324,227.698208,204.274224
945.659351,227.698208,204.775270
945.659378,227.698208,205.514922
945.659412,227.698208,206.085094
945.659442,227.698208,208.901187
945.659468,227.698208,210.945710
945.659532,227.698208,210.949326
945.659594,227.698208,210.951842
945.659658,227.698208,210.953646
945.659713,227.698208,210.984130
945.659851,227.698208,210.998254
945.659895,227.698208,211.000822
945.659945,227.698208,209.163075
945.659992,227.698208,211.002035
945.660046,227.698208,211.002658
945.660108,227.698208,211.002677
945.660146,227.698208,208.200706
945.660224,227.698208,211.028498
945.660357,227.698208,211.029155
945.660414,227.698208,211.030507
945.660470,227.698208,211.039992
945.660523,227.698208,211.054558
945.660571,227.698208,211.055669
945.660650,227.698208,211.061752
945.660712,227.698208,211.068566
945.660771,227.698208,211.071819
945.660901,227.698208,211.072406
945.660961,227.698208,211.076830
945.661014,227.698208,211.087293
945.661069,227.698208,211.096523
945.661124,227.698208,211.105128
945.661173,227.698208,211.106234
945.661218,227.698208,211.111846
945.661363,227.698208,211.119397
945.661412,227.698208,211.124898
945.661485,227.698208,211.134131
945.661546,227.698208,211.138789
945.661597,227.698208,211.139072
945.661646,227.698208,211.143922
945.661697,227.698208,211.146594
945.661775,227.698208,211.153909
945.661831,227.698208,211.160810
945.661907,227.698208,211.171200
945.661994,227.698208,211.172010
945.662032,227.698208,210.103621
945.662063,227.698208,211.175486
945.662119,227.698208,211.178477
945.662196,227.698208,211.183462
945.662255,227.698208,211.200858
945.662310,227.698208,211.217314
945.662361,227.698208,211.219286
945.662417,227.698208,211.220992
945.662459,227.698208,211.227437
945.662516,227.698208,211.228546
945.662587,227.698208,211.230429
945.662699,227.698208,211.241547
945.662755,227.698208,211.251883
945.662869,227.698208,211.257075
945.662943,227.698208,211.257653
945.663066,227.698208,211.272888
945.663122,227.698208,211.281736
945.663178,227.698208,211.282034
945.663225,227.698208,211.283498
945.663293,227.698208,211.289310
945.663332,227.698208,211.297475
945.663365,227.698208,211.311907
945.663427,227.698208,211.313898
945.663485,227.698208,211.314320
945.663545,227.698208,211.324749
945.663598,227.698208,211.333515
945.663650,227.698208,211.352091
945.663702,227.698208,211.355253
945.663776,227.698208,211.369930
945.663833,227.698208,211.374179
945.663890,227.698208,211.374526
945.663945,227.698208,211.379872
945.664005,227.698208,211.384730
945.664043,227.698208,211.388555
945.664100,227.698208,211.393166
945.664148,227.698208,211.396438
945.664210,227.698208,211.406422
945.664266,227.698208,211.417622
945.664335,227.698208,211.424330
945.664378,227.698208,197.954454
945.664422,227.698208,211.429357
945.664474,227.698208,178.259482
945.664511,227.698208,183.444704
945.664545,227.698208,200.404299
945.664574,227.698208,201.355917
945.664627,227.698208,203.664846
945.664667,227.698208,206.005595
945.664712,227.698208,211.431574
945.664769,227.698208,211.445819
945.664820,227.698208,211.446390
945.664904,227.698208,211.449568
945.665046,227.698208,211.451970
945.665126,227.698208,211.461235
945.665178,227.698208,211.461293
945.665238,227.698208,211.464502
945.665289,227.698208,211.470555
945.665335,227.698208,211.164782
945.665369,227.698208,211.471850
945.665423,227.698208,211.498365
945.665485,227.698208,211.504587
945.665557,227.698208,211.505722
945.665626,227.698208,211.508818
945.665673,227.698208,211.516861
945.665750,227.698208,211.539550
945.665804,227.698208,211.540186
945.665912,227.698208,211.542075
945.665959,227.698208,211.543573
945.666015,227.698208,211.554424
945.666074,227.698208,211.561203
945.666134,227.698208,211.571030
945.666191,227.698208,211.572349
945.666247,227.698208,211.581034
945.666304,227.698208,211.585854
945.666351,227.698208,211.589722
945.666407,227.698208,211.601901
945.666469,227.698208,211.606200
945.666528,227.698208,211.608173
945.666586,227.698208,211.613110
945.666700,227.698208,211.613837
945.666757,227.698208,211.617222
945.666814,227.698208,211.619134
945.666876,227.698208,211.624126
945.666938,227.698208,211.627498
945.667010,227.698208,211.629778
945.667066,227.698208,211.635918
945.667122,227.698208,211.636586
945.667182,227.698208,211.640262
945.667234,227.698208,211.644011
945.667377,227.698208,211.649557
945.667450,227.698208,211.667250
945.667502,227.698208,211.670024
945.667562,227.698208,211.674947
945.667627,227.698208,211.679912
945.667696,227.698208,211.686613
945.667789,227.698208,211.696330
945.667836,227.698208,211.700893
945.667901,227.698208,211.702784
945.667959,227.698208,211.703941
945.668021,227.698208,211.752118
945.668075,227.698208,211.753192
945.668121,227.698208,206.382733
945.668166,227.698208,211.755022
945.668210,227.698208,211.760154
945.668258,227.698208,189.301242
945.668293,227.698208,205.593805
945.668325,227.698208,211.760154
945.668370,227.698208,189.301242
945.668401,227.698208,205.593805
945.668428,227.698208,211.762712
945.668486,227.698208,211.768595
945.668537,227.698208,211.784165
945.668595,227.698208,211.787806
945.668653,227.698208,211.793421
945.668719,227.698208,211.795984
945.668792,227.698208,211.801485
945.668852,227.698208,211.802592
945.668894,227.698208,211.803306
945.668950,227.698208,211.807554
945.669124,227.698208,211.821293
945.669177,227.698208,211.821941
945.669255,227.698208,211.830448
945.669359,227.698208,211.831664
945.669417,227.698208,211.833720
945.669471,227.698208,176.054490
945.669513,227.698208,183.592758
945.669547,227.698208,199.039058
945.669598,227.698208,206.059334
945.669644,227.698208,210.618586
945.669681,227.698208,211.833720
945.669732,227.698208,176.054490
945.669774,227.698208,183.592758
945.669807,227.698208,199.039058
945.669855,227.698208,206.059334
945.669900,227.698208,210.618586
945.669936,227.698208,211.844000
945.670006,227.698208,211.853389
945.670063,227.698208,211.881082
945.670343,227.698208,211.883629
945.670398,227.698208,195.703138
945.670431,227.698208,210.123526
945.670481,227.698208,210.946970
945.670518,227.698208,211.883629
945.670569,227.698208,195.703138
945.670601,227.698208,210.123526
945.670649,227.698208,210.946970
945.670685,227.698208,211.886002
945.670740,227.698208,211.892661
945.670802,227.698208,211.893474
945.670878,227.698208,211.901310
945.670948,227.698208,211.905518
945.671006,227.698208,211.918741
945.671063,227.698208,211.928437
945.671119,227.698208,211.929070
945.671172,227.698208,211.950798
945.671231,227.698208,211.951867
945.671288,227.698208,211.953366
945.671357,227.698208,211.958326
945.671423,227.698208,211.963038
945.671480,227.698208,211.972934
945.671542,227.698208,211.982198
945.671594,227.698208,211.982283
945.671647,227.698208,211.990200
945.671721,227.698208,211.990427
945.671787,227.698208,211.990787
945.671852,227.698208,211.997749
945.671909,227.698208,212.007597
945.671963,227.698208,212.009405
945.672021,227.698208,212.012021
945.672103,227.698208,212.016374
945.672160,227.698208,212.018792
945.672220,227.698208,212.021038
945.672278,227.698208,212.022366
945.672436,227.698208,212.022456
945.672526,227.698208,212.024246
945.672595,227.698208,212.025325
945.672658,227.698208,212.026107
945.672720,227.698208,212.027342
945.672777,227.698208,212.039646
945.672828,227.698208,212.042774
945.672890,227.698208,212.045306
945.672941,227.698208,212.055179
945.672998,227.698208,212.056214
945.673058,227.698208,212.058910
945.673123,227.698208,212.068798
945.673195,227.698208,212.069333
945.673353,227.698208,212.073606
945.673413,227.698208,212.079338
945.673560,227.698208,212.093270
945.673620,227.698208,212.102749
945.673693,227.698208,212.103083
945.673757,227.698208,212.106187
945.673821,227.698208,212.111454
945.673878,227.698208,212.123515
945.674045,227.698208,212.144038
945.674087,227.698208,212.145242
945.674147,227.698208,212.150992
945.674209,227.698208,212.165014
945.674269,227.698208,212.166234
945.674314,227.698208,212.166328
945.674367,227.698208,212.171616
945.674409,227.698208,212.174248
945.674478,227.698208,212.176693
945.674539,227.698208,212.189722
945.674677,227.698208,212.189811
945.674740,227.698208,212.203902
945.674868,227.698208,212.208581
945.674902,227.698208,212.218112
945.674960,227.698208,212.227717
945.675010,227.698208,212.229050
945.675072,227.698208,212.239749
945.675129,227.698208,212.243870
945.675174,227.698208,212.255758
945.675224,227.698208,207.180346
945.675269,227.698208,211.329379
945.675301,227.698208,212.257542
945.675356,227.698208,212.258114
945.675433,227.698208,212.268485
945.675480,227.698208,212.273781
945.675635,227.698208,212.279656
945.675689,227.698208,212.292950
945.675788,227.698208,212.297104
945.675843,227.698208,212.297723
945.676019,227.698208,212.313726
945.676080,227.698208,212.319011
945.676137,227.698208,212.328584
945.676208,227.698208,212.343533
945.676273,227.698208,212.346934
945.676320,227.698208,212.349672
945.676364,227.698208,206.281770
945.676411,227.698208,207.494520
945.676446,227.698208,212.356400
945.676522,227.698208,212.360374
945.676562,227.698208,212.368621
945.676623,227.698208,212.372926
945.676703,227.698208,212.384165
945.676845,227.698208,212.384662
945.676906,227.698208,212.384749
945.676965,227.698208,212.395370
945.677036,227.698208,212.409925
945.677095,227.698208,212.410046
945.677153,227.698208,212.411147
945.677211,227.698208,212.411253
945.677327,227.698208,212.413133
945.677455,227.698208,212.425218
945.677522,227.698208,212.429309
945.677593,227.698208,212.430656
945.677648,227.698208,212.431038
945.677694,227.698208,212.431661
945.677757,227.698208,212.445309
945.677811,227.698208,212.451338
945.677878,227.698208,212.456285
945.677937,227.698208,212.479106
945.677991,227.698208,184.196400
945.678034,227.698208,206.051093
945.678075,227.698208,209.433787
945.678114,227.698208,212.479731
945.678170,227.698208,212.491547
945.678224,227.698208,212.493907
945.678275,227.698208,212.495984
945.678312,227.698208,187.090224
945.678385,227.698208,196.106872
945.678433,227.698208,208.935256
945.678475,227.698208,212.500126
945.678533,227.698208,212.505093
945.678596,227.698208,212.508170
945.678654,227.698208,212.516890
945.678774,227.698208,212.532232
945.678842,227.698208,212.553901
945.678903,227.698208,212.553982
945.678961,227.698208,212.554371
945.679025,227.698208,212.562486
945.679151,227.698208,212.563134
945.679220,227.698208,212.566253
945.679278,227.698208,212.571059
945.679329,227.698208,212.573086
945.679405,227.698208,212.579106
945.679466,227.698208,212.579192
945.679526,227.698208,212.597014
945.679587,227.698208,212.599704
945.679644,227.698208,212.600226
945.679715,227.698208,212.603293
945.679776,227.698208,212.603950
945.679831,227.698208,212.609502
945.679913,227.698208,212.624934
945.679988,227.698208,212.639752
945.680044,227.698208,212.646200
945.680094,227.698208,212.657549
945.680172,227.698208,212.658206
945.680226,227.698208,212.662464
945.680426,227.698208,212.664818
945.680471,227.698208,212.672422
945.680710,227.698208,212.674174
945.680765,227.698208,212.684128
945.680907,227.698208,212.686078
945.680981,227.698208,212.687990
945.681063,227.698208,212.690427
945.681104,227.698208,187.284667
945.681155,227.698208,196.301315
945.681200,227.698208,209.129699
945.681241,227.698208,212.709963
945.681307,227.698208,212.711333
945.681426,227.698208,212.719950
945.681478,227.698208,212.727373
945.681565,227.698208,212.730936
945.681628,227.698208,212.737949
945.681693,227.698208,212.742813
945.681805,227.698208,212.743285
945.681855,227.698208,212.743882
945.681977,227.698208,212.745786
945.682036,227.698208,212.759384
945.682101,227.698208,212.765454
945.682163,227.698208,212.765502
945.682222,227.698208,212.784256
945.682290,227.698208,212.784682
945.682450,227.698208,212.789502
945.682501,227.698208,212.793341
945.682617,227.698208,212.798400
945.682681,227.698208,212.798933
945.682740,227.698208,212.800888
945.682797,227.698208,212.803946
945.682877,227.698208,212.813165
945.682927,227.698208,212.814403
945.682992,227.698208,212.817986
945.683054,227.698208,212.828432
945.683109,227.698208,212.840330
945.683165,227.698208,212.841574
945.683395,227.698208,212.847670
945.683511,227.698208,212.851982
945.683627,227.698208,212.855094
945.684034,227.698208,212.867456
945.684077,227.698208,212.876254
945.684135,227.698208,212.878573
945.684239,227.698208,212.884034
945.684296,227.698208,212.884237
945.684410,227.698208,212.893763
945.684500,227.698208,212.902568
945.684569,227.698208,212.929910
945.684626,227.698208,212.933566
945.684684,227.698208,212.942869
945.684740,227.698208,212.944712
945.684785,227.698208,212.953859
945.684843,227.698208,212.967274
945.684890,227.698208,212.977386
945.684977,227.698208,212.977426
945.685034,227.698208,212.994768
945.685110,227.698208,212.997040
945.685220,227.698208,212.999562
945.685291,227.698208,213.027205
945.685343,227.698208,213.034731
945.685391,227.698208,213.035298
945.685455,227.698208,213.039701
945.685498,227.698208,213.041642
945.685553,227.698208,188.244014
945.685586,227.698208,194.583930
945.685621,227.698208,209.398650
945.685652,227.698208,211.717934
945.685688,227.698208,213.052720
945.685758,227.698208,213.058781
945.685815,227.698208,213.061315
945.685867,227.698208,213.070469
945.685932,227.698208,213.072390
945.685990,227.698208,213.073014
945.686138,227.698208,213.073101
945.686197,227.698208,213.079771
945.686282,227.698208,213.080918
945.686339,227.698208,213.082317
945.686712,227.698208,213.087784
945.686766,227.698208,213.088611
945.686804,227.698208,189.323613
945.686835,227.698208,194.626013
945.686868,227.698208,197.442106
945.686896,227.698208,206.304986
945.686923,227.698208,207.775162
945.686972,227.698208,213.094102
945.687029,227.698208,213.104686
945.687084,227.698208,213.108678
945.687120,227.698208,213.111480
945.687255,227.698208,213.116685
945.687312,227.698208,213.130994
945.687382,227.698208,213.131413
945.687421,227.698208,213.132906
945.687545,227.698208,213.133595
945.687657,227.698208,213.138624
945.687727,227.698208,213.145114
945.687836,227.698208,213.145816
945.687954,227.698208,213.161934
945.688002,227.698208,212.360259
945.688033,227.698208,213.163734
945.688172,227.698208,213.171664
945.688212,227.698208,213.181170
945.688265,227.698208,213.186688
945.688313,227.698208,213.197565
945.688364,227.698208,213.210630
945.688437,227.698208,213.222314
945.688490,227.698208,213.223034
945.688543,227.698208,213.236557
945.688716,227.698208,213.247163
945.688786,227.698208,213.256342
945.688830,227.698208,213.258688
945.688892,227.698208,213.267459
945.688936,227.698208,213.275432
945.688996,227.698208,213.277811
945.689044,227.698208,213.279128
945.689097,227.698208,213.293240
945.689157,227.698208,213.293293
945.689281,227.698208,213.303274
945.689353,227.698208,213.310109
945.689476,227.698208,213.313898
945.689609,227.698208,213.314389
945.689666,227.698208,213.317518
945.689728,227.698208,213.318131
945.689817,227.698208,213.332163
945.689880,227.698208,213.346403
945.689926,227.698208,213.350080
945.689986,227.698208,213.353288
945.690043,227.698208,213.358178
945.690249,227.698208,213.365014
945.690327,227.698208,213.372970
945.690387,227.698208,213.377794
945.690441,227.698208,213.382878
945.690505,227.698208,213.389784
945.690560,227.698208,213.402038
945.690616,227.698208,213.416374
945.690670,227.698208,213.417506
945.690713,227.698208,192.651330
945.690744,227.698208,205.793442
945.690790,227.698208,211.910606
945.690831,227.698208,213.424182
945.690885,227.698208,213.430221
945.690946,227.698208,213.434674
945.691004,227.698208,213.438989
945.691057,227.698208,213.441546
945.691117,227.698208,213.458216
945.691168,227.698208,213.477754
945.691272,227.698208,213.482250
945.691329,227.698208,213.484650
945.691379,227.698208,213.492096
945.691426,227.698208,213.492797
945.691485,227.698208,213.501512
945.691529,227.698208,194.852045
945.691570,227.698208,212.763210
945.691611,227.698208,213.508992
945.691664,227.698208,213.521654
945.691838,227.698208,213.527510
945.691903,227.698208,213.531690
945.691957,227.698208,213.534646
945.691997,227.698208,213.534677
945.692051,227.698208,213.539546
945.692093,227.698208,213.548286
945.692148,227.698208,213.553875
945.692202,227.698208,213.555781
945.692251,227.698208,213.557554
945.692305,227.698208,213.557651
945.692450,227.698208,213.559458
945.692515,227.698208,213.560048
945.692647,227.698208,213.561355
945.692720,227.698208,213.563114
945.692795,227.698208,213.570056
945.692849,227.698208,213.570549
945.692957,227.698208,213.574197
945.693026,227.698208,213.580370
945.693132,227.698208,213.588810
945.693184,227.698208,213.589811
945.693241,227.698208,213.599517
945.693299,227.698208,213.607266
945.693428,227.698208,213.608054
945.693484,227.698208,213.609568
945.693599,227.698208,213.613422
945.693658,227.698208,213.613744
945.693716,227.698208,213.621005
945.693760,227.698208,213.623029
945.693837,227.698208,213.628997
945.693928,227.698208,213.632906
945.694030,227.698208,213.635989
945.694089,227.698208,213.638954
945.694154,227.698208,213.641480
945.694215,227.698208,213.644544
945.694256,227.698208,213.648418
945.694295,227.698208,213.651282
945.694335,227.698208,213.652216
945.694452,227.698208,213.661786
945.694503,227.698208,213.662477
945.694549,227.698208,213.663789
945.694591,227.698208,213.060602
945.694637,227.698208,213.667792
945.694680,227.698208,213.677432
945.694735,227.698208,213.697170
945.694837,227.698208,213.698995
945.694953,227.698208,213.699010
945.695018,227.698208,213.702784
945.695148,227.698208,213.703664
945.695254,227.698208,213.705792
945.695309,227.698208,213.707720
945.695364,227.698208,213.714323
945.695433,227.698208,213.716451
945.695498,227.698208,213.718109
945.695593,227.698208,213.721242
945.695658,227.698208,213.725414
945.695715,227.698208,213.730422
945.695772,227.698208,213.740040
945.695829,227.698208,213.740355
945.695889,227.698208,213.748318
945.695943,227.698208,213.749453
945.695988,227.698208,213.749664
945.696057,227.698208,213.750365
945.696092,227.698208,205.609381
945.696138,227.698208,213.750365
945.696172,227.698208,205.609381
945.696217,227.698208,213.751499
945.696320,227.698208,213.752094
945.696413,227.698208,213.756432
945.696645,227.698208,213.762381
945.696705,227.698208,213.764456
945.696746,227.698208,210.227434
945.696790,227.698208,213.768640
945.696862,227.698208,213.769982
945.696974,227.698208,213.776144
945.697025,227.698208,213.781030
945.697088,227.698208,213.785131
945.697147,227.698208,213.785355
945.697199,227.698208,213.786498
945.697250,227.698208,213.792147
945.697325,227.698208,213.797624
945.697375,227.698208,213.798920
945.697443,227.698208,213.801658
945.697512,227.698208,213.807405
945.697555,227.698208,213.811480
945.697593,227.698208,187.996429
945.697623,227.698208,201.016818
945.697668,227.698208,210.463005
945.697708,227.698208,213.811480
945.697744,227.698208,187.996429
945.697774,227.698208,201.016818
945.697824,227.698208,210.463005
945.697864,227.698208,213.822936
945.697917,227.698208,213.825598
945.697971,227.698208,213.831574
945.698026,227.698208,213.835901
945.698067,227.698208,213.837835
945.698120,227.698208,213.844062
945.698187,227.698208,213.847102
945.698239,227.698208,213.848744
945.698279,227.698208,213.873536
945.698379,227.698208,213.874694
945.698422,227.698208,213.897878
945.698474,227.698208,213.904454
945.698530,227.698208,213.911942
945.698585,227.698208,213.915971
945.698645,227.698208,213.919858
945.698701,227.698208,213.920576
945.698754,227.698208,213.921998
945.698820,227.698208,213.922886
945.698971,227.698208,213.930461
945.699011,227.698208,209.811934
945.699056,227.698208,213.934211
945.699119,227.698208,213.937173
945.699174,227.698208,213.945942
945.699278,227.698208,213.946496
945.699313,227.698208,213.948286
945.699363,227.698208,213.948934
945.699417,227.698208,213.950242
945.699489,227.698208,213.958112
945.699529,227.698208,213.960022
945.699590,227.698208,213.961123
945.699645,227.698208,213.963734
945.699700,227.698208,213.964446
945.699754,227.698208,213.971286
945.699804,227.698208,213.974251
945.699873,227.698208,213.975474
945.699937,227.698208,213.978022
945.700001,227.698208,213.979798
945.700053,227.698208,213.982901
945.700110,227.698208,213.989638
945.700218,227.698208,213.993115
945.700261,227.698208,213.993363
945.700329,227.698208,214.002686
945.700379,227.698208,214.014910
945.700436,227.698208,214.016883
945.700481,227.698208,214.019934
945.700522,227.698208,214.023694
945.700562,227.698208,214.024221
945.700617,227.698208,214.026813
945.700666,227.698208,187.023610
945.700699,227.698208,203.316173
945.700728,227.698208,214.027402
945.700784,227.698208,214.029270
945.700826,227.698208,214.030893
945.700855,227.698208,214.037742
945.700910,227.698208,214.041562
945.701010,227.698208,214.050120
945.701056,227.698208,214.052675
945.701099,227.698208,214.058774
945.701161,227.698208,214.060002
945.701221,227.698208,214.068566
945.701279,227.698208,214.073632
945.701339,227.698208,214.087155
945.701390,227.698208,214.092853
945.701435,227.698208,214.103178
945.701487,227.698208,214.105338
945.701551,227.698208,214.106995
945.701650,227.698208,214.110050
945.701789,227.698208,214.110570
945.701862,227.698208,214.118792
945.701916,227.698208,214.125395
945.701976,227.698208,214.131048
945.702023,227.698208,214.131538
945.702144,227.698208,214.134544
945.702189,227.698208,214.137128
945.702240,227.698208,214.149906
945.702275,227.698208,214.158178
945.702325,227.698208,214.161928
945.702376,227.698208,214.163885
945.702462,227.698208,214.167520
945.702510,227.698208,214.169859
945.702623,227.698208,214.173053
945.702667,227.698208,214.173693
945.702709,227.698208,211.329754
945.702751,227.698208,214.176802
945.702800,227.698208,187.189646
945.702832,227.698208,209.793342
945.702876,227.698208,214.176802
945.702922,227.698208,187.189646
945.702953,227.698208,209.793342
945.702995,227.698208,214.177344
945.703053,227.698208,214.184082
945.703217,227.698208,214.185938
945.703316,227.698208,214.187293
945.703353,227.698208,210.650270
945.703393,227.698208,214.187882
945.703448,227.698208,214.190544
945.703515,227.698208,214.210090
945.703575,227.698208,214.214485
945.703629,227.698208,214.214990
945.703682,227.698208,214.216078
945.703741,227.698208,214.230512
945.703855,227.698208,214.232949
945.703926,227.698208,214.236005
945.704030,227.698208,214.257517
945.704177,227.698208,214.263885
945.704209,227.698208,213.676589
945.704248,227.698208,214.263885
945.704279,227.698208,213.676589
945.704317,227.698208,214.264392
945.704456,227.698208,214.269858
945.704517,227.698208,214.271147
945.704558,227.698208,214.282416
945.704619,227.698208,214.297104
945.704672,227.698208,214.298499
945.704768,227.698208,198.492675
945.704798,227.698208,209.852003
945.704839,227.698208,212.776675
945.704877,227.698208,214.299914
945.704958,227.698208,214.302037
945.705015,227.698208,214.305686
945.705069,227.698208,214.313950
945.705121,227.698208,214.323397
945.705182,227.698208,214.328987
945.705228,227.698208,214.332867
945.705279,227.698208,214.334051
945.705328,227.698208,214.337206
945.705381,227.698208,214.338298
945.705473,227.698208,214.344366
945.705535,227.698208,214.345710
945.705595,227.698208,214.353312
945.705709,227.698208,214.361963
945.705759,227.698208,214.365718
945.705814,227.698208,214.368155
945.705867,227.698208,214.375088
945.705917,227.698208,214.377357
945.705986,227.698208,214.392728
945.706050,227.698208,214.394058
945.706104,227.698208,214.403797
945.706162,227.698208,214.405803
945.706218,227.698208,214.408344
945.706274,227.698208,214.411726
945.706310,227.698208,214.415570
945.706357,227.698208,214.416288
945.706406,227.698208,214.416374
945.706461,227.698208,214.419331
945.706511,227.698208,214.424195
945.706564,227.698208,214.438246
945.706612,227.698208,214.441005
945.706678,227.698208,214.447661
945.706743,227.698208,214.453240
945.706801,227.698208,214.457672
945.706854,227.698208,214.460686
945.706911,227.698208,214.467293
945.706975,227.698208,214.468579
945.707031,227.698208,214.469592
945.707070,227.698208,214.472390
945.707127,227.698208,214.478653
945.707169,227.698208,204.371770
945.707213,227.698208,210.023533
945.707243,227.698208,214.482378
945.707315,227.698208,214.487768
945.707369,227.698208,214.490963
945.707433,227.698208,214.492776
945.707505,227.698208,214.497061
945.707563,227.698208,214.502507
945.707621,227.698208,214.505032
945.707662,227.698208,214.508837
945.707714,227.698208,214.527310
945.707767,227.698208,214.546355
945.707820,227.698208,214.561045
945.707875,227.698208,214.561896
945.707925,227.698208,214.562579
945.707968,227.698208,214.562598
945.708021,227.698208,214.566157
945.708088,227.698208,214.566618
945.708126,227.698208,214.566723
945.708188,227.698208,214.571240
945.708245,227.698208,214.571800
945.708307,227.698208,214.572885
945.708358,227.698208,214.573032
945.708425,227.698208,214.584798
945.708483,227.698208,214.587171
945.708547,227.698208,214.589789
945.708600,227.698208,214.598947
945.708671,227.698208,214.599574
945.708726,227.698208,214.603686
945.708771,227.698208,214.606274
945.708826,227.698208,214.606456
945.708878,227.698208,214.611304
945.708935,227.698208,214.616774
945.709046,227.698208,214.617314
945.709105,227.698208,214.620630
945.709159,227.698208,214.621850
945.709299,227.698208,214.625549
945.709339,227.698208,214.626602
945.709396,227.698208,214.627830
945.709452,227.698208,214.640278
945.709502,227.698208,214.649592
945.709562,227.698208,214.651235
945.709621,227.698208,214.653850
945.709675,227.698208,214.655130
945.709732,227.698208,214.664224
945.709770,227.698208,214.669358
945.709818,227.698208,192.210446
945.709853,227.698208,208.503010
945.709883,227.698208,214.676122
945.709937,227.698208,214.682320
945.710005,227.698208,214.683344
945.710063,227.698208,214.688426
945.710122,227.698208,214.697046
945.710223,227.698208,214.697082
945.710265,227.698208,211.172870
945.710303,227.698208,214.698250
945.710348,227.698208,214.700026
945.710399,227.698208,214.700251
945.710466,227.698208,214.700426
945.710522,227.698208,214.702477
945.710576,227.698208,214.709770
945.710622,227.698208,214.713898
945.710677,227.698208,214.718083
945.710729,227.698208,214.719778
945.710786,227.698208,214.721187
945.710924,227.698208,214.725411
945.710978,227.698208,214.732406
945.711032,227.698208,214.734536
945.711091,227.698208,214.735957
945.711150,227.698208,214.738366
945.711206,227.698208,214.755069
945.711262,227.698208,214.755704
945.711318,227.698208,214.756154
945.711375,227.698208,214.757034
945.711417,227.698208,211.879798
945.711457,227.698208,214.760600
945.711530,227.698208,214.767475
945.711598,227.698208,214.775486
945.711649,227.698208,214.776990
945.711703,227.698208,214.780098
945.711800,227.698208,214.781288
945.711867,227.698208,214.784726
945.711934,227.698208,214.787384
945.711991,227.698208,214.797230
945.712054,227.698208,214.802006
945.712112,227.698208,214.805747
945.712169,227.698208,214.808301
945.712210,227.698208,201.053720
945.712241,227.698208,213.048198
945.712284,227.698208,214.808301
945.712320,227.698208,201.053720
945.712348,227.698208,213.048198
945.712389,227.698208,214.813192
945.712435,227.698208,214.817414
945.712508,227.698208,214.822456
945.712575,227.698208,214.823557
945.712704,227.698208,214.825445
945.712762,227.698208,214.826714
945.712820,227.698208,214.827891
945.712874,227.698208,214.844589
945.712950,227.698208,214.846558
945.713006,227.698208,214.852685
945.713158,227.698208,214.855771
945.713209,227.698208,214.861277
945.713267,227.698208,214.877408
945.713301,227.698208,204.995162
945.713327,227.698208,214.880434
945.713376,227.698208,214.880509
945.713425,227.698208,214.884397
945.713471,227.698208,214.889016
945.713521,227.698208,214.891390
945.713578,227.698208,214.892693
945.713624,227.698208,214.901390
945.713673,227.698208,214.919854
945.713720,227.698208,214.920458
945.713791,227.698208,214.922242
945.713860,227.698208,214.922254
945.713908,227.698208,214.922405
945.713958,227.698208,214.923582
945.714057,227.698208,214.924146
945.714106,227.698208,214.928120
945.714167,227.698208,214.929819
945.714213,227.698208,214.935242
945.714262,227.698208,214.936589
945.714381,227.698208,214.941514
945.714451,227.698208,214.945949
945.714495,227.698208,214.949048
945.714551,227.698208,214.949512
945.714607,227.698208,214.952680
945.714667,227.698208,214.969930
945.714716,227.698208,214.973685
945.714775,227.698208,214.978310
945.714835,227.698208,214.984784
945.714886,227.698208,214.988387
945.714955,227.698208,214.988461
945.715011,227.698208,214.989133
945.715069,227.698208,214.989642
945.715122,227.698208,214.995885
945.715236,227.698208,215.006200
945.715291,227.698208,215.011075
945.715343,227.698208,215.021157
945.715399,227.698208,215.024334
945.715468,227.698208,215.027862
945.715526,227.698208,215.037253
945.715584,227.698208,215.046581
945.715638,227.698208,215.065008
945.715694,227.698208,215.069954
945.715770,227.698208,215.079202
945.715908,227.698208,215.085834
945.715973,227.698208,215.089312
945.716028,227.698208,215.092758
945.716104,227.698208,215.102784
945.716160,227.698208,215.111405
945.716220,227.698208,215.118640
945.716265,227.698208,215.118725
945.716315,227.698208,215.121293
945.716364,227.698208,215.122563
945.716463,227.698208,215.124843
945.716522,227.698208,215.129501
945.716570,227.698208,215.135957
945.716642,227.698208,215.142638
945.716685,227.698208,215.148264
945.716798,227.698208,215.149664
945.716859,227.698208,215.154570
945.716916,227.698208,215.160035
945.716955,227.698208,215.162586
945.717060,227.698208,189.724723
945.717095,227.698208,205.317286
945.717125,227.698208,215.167598
945.717177,227.698208,215.172317
945.717236,227.698208,215.172754
945.717292,227.698208,215.173130
945.717343,227.698208,215.177850
945.717399,227.698208,215.181082
945.717546,227.698208,215.181256
945.717601,227.698208,215.187806
945.717657,227.698208,215.190262
945.717720,227.698208,215.190328
945.717834,227.698208,215.190893
945.717949,227.698208,215.208790
945.717987,227.698208,215.209402
945.718037,227.698208,215.212414
945.718153,227.698208,215.224198
945.718263,227.698208,215.226058
945.718318,227.698208,215.232373
945.718354,227.698208,215.236650
945.718401,227.698208,215.238994
945.718453,227.698208,215.253514
945.718502,227.698208,215.266170
945.718551,227.698208,215.267382
945.718604,227.698208,215.271707
945.718655,227.698208,215.274622
945.718710,227.698208,215.276042
945.718771,227.698208,215.276122
945.718869,227.698208,215.281082
945.719169,227.698208,215.282259
945.719217,227.698208,215.282754
945.719279,227.698208,215.289534
945.719317,227.698208,215.289664
945.719363,227.698208,206.200549
945.719399,227.698208,212.548805
945.719443,227.698208,215.293386
945.719489,227.698208,215.294562
945.719545,227.698208,215.295738
945.719600,227.698208,215.300858
945.719634,227.698208,203.650707
945.719662,227.698208,215.303938
945.719709,227.698208,215.314955
945.719757,227.698208,215.321256
945.719824,227.698208,215.325587
945.719878,227.698208,215.330355
945.719931,227.698208,215.334046
945.719979,227.698208,215.347166
945.720025,227.698208,215.348890
945.720082,227.698208,215.350205
945.720204,227.698208,215.358238
945.720252,227.698208,215.370587
945.720299,227.698208,215.376885
945.720346,227.698208,215.377986
945.720430,227.698208,215.384090
945.720533,227.698208,215.384136
945.720584,227.698208,215.391446
945.720627,227.698208,215.396488
945.720679,227.698208,215.408160
945.720741,227.698208,215.416194
945.720804,227.698208,215.417528
945.720939,227.698208,215.419176
945.720989,227.698208,215.419821
945.721058,227.698208,215.430328
945.721118,227.698208,215.436021
945.721396,227.698208,215.440962
945.721444,227.698208,215.441562
945.721549,227.698208,215.451254
945.721624,227.698208,215.452008
945.721679,227.698208,215.455198
945.721734,227.698208,215.463838
945.721835,227.698208,215.465072
945.721964,227.698208,215.466750
945.722025,227.698208,215.467325
945.722088,227.698208,215.480587
945.722192,227.698208,187.739150
945.722223,227.698208,205.405810
945.722266,227.698208,214.843979
945.722308,227.698208,215.484107
945.722386,227.698208,184.601402
945.722431,227.698208,207.756094
945.722472,227.698208,211.138789
945.722511,227.698208,215.487829
945.722564,227.698208,215.501381
945.722614,227.698208,215.505584
945.722667,227.698208,215.506912
945.722779,227.698208,215.509414
945.722820,227.698208,215.523130
945.722870,227.698208,215.523710
945.722931,227.698208,215.524272
945.722984,227.698208,214.122202
945.723017,227.698208,215.524798
945.723076,227.698208,215.527952
945.723129,227.698208,215.532923
945.723181,227.698208,215.535714
945.723250,227.698208,215.548862
945.723305,227.698208,215.562016
945.723356,227.698208,215.576693
945.723407,227.698208,215.585344
945.723506,227.698208,215.587222
945.723573,227.698208,215.589722
945.723672,227.698208,215.613085
945.723815,227.698208,215.613203
945.723909,227.698208,215.613787
945.723949,227.698208,215.614234
945.724046,227.698208,215.626565
945.724091,227.698208,215.627288
945.724152,227.698208,215.628944
945.724207,227.698208,215.635421
945.724252,227.698208,185.616045
945.724295,227.698208,210.128997
945.724362,227.698208,214.982621
945.724408,227.698208,215.636005
945.724512,227.698208,215.645130
945.724567,227.698208,215.651934
945.724626,227.698208,215.653770
945.724678,227.698208,215.659326
945.724730,227.698208,215.659515
945.724783,227.698208,215.663795
945.724825,227.698208,192.661837
945.724859,227.698208,206.421114
945.724907,227.698208,215.554262
945.724942,227.698208,215.665008
945.725048,227.698208,215.665018
945.725176,227.698208,215.667874
945.725240,227.698208,215.671146
945.725294,227.698208,215.682272
945.725356,227.698208,215.684165
945.725424,227.698208,215.694582
945.725591,227.698208,215.697654
945.725644,227.698208,215.698952
945.725698,227.698208,215.700701
945.725811,227.698208,215.703114
945.725947,227.698208,215.716206
945.726003,227.698208,215.721090
945.726059,227.698208,215.721835
945.726123,227.698208,215.722395
945.726172,227.698208,215.722419
945.726222,227.698208,215.728035
945.726268,227.698208,215.733960
945.726319,227.698208,215.740739
945.726365,227.698208,215.742242
945.726425,227.698208,215.744482
945.726476,227.698208,215.744842
945.726536,227.698208,215.764318
945.726583,227.698208,215.767368
945.726631,227.698208,215.773838
945.726679,227.698208,215.777470
945.726727,227.698208,215.783509
945.726789,227.698208,215.784165
945.726957,227.698208,215.785358
945.727010,227.698208,215.787158
945.727064,227.698208,215.794768
945.727121,227.698208,215.801466
945.727175,227.698208,215.807621
945.727248,227.698208,215.811746
945.727291,227.698208,215.824349
945.727336,227.698208,215.827253
945.727400,227.698208,215.831126
945.727455,227.698208,215.831222
945.727533,227.698208,215.839075
945.727577,227.698208,210.763662
945.727622,227.698208,214.912696
945.727654,227.698208,215.841594
945.727693,227.698208,214.149210
945.727724,227.698208,215.841597
945.727803,227.698208,215.842134
945.727856,227.698208,215.843354
945.727939,227.698208,215.844019
945.728115,227.698208,215.844826
945.728170,227.698208,215.845864
945.728221,227.698208,209.605005
945.728271,227.698208,215.846378
945.728325,227.698208,215.847022
945.728376,227.698208,215.847725
945.728457,227.698208,215.859371
945.728529,227.698208,215.863734
945.728580,227.698208,215.873083
945.728632,227.698208,215.873200
945.728692,227.698208,215.881666
945.728751,227.698208,215.888848
945.728805,227.698208,215.889026
945.729026,227.698208,215.892776
945.729075,227.698208,215.893307
945.729120,227.698208,215.895904
945.729159,227.698208,215.222317
945.729200,227.698208,215.897078
945.729252,227.698208,215.897584
945.729295,227.698208,215.898301
945.729332,227.698208,215.904314
945.729367,227.698208,215.918470
945.729417,227.698208,215.923458
945.729483,227.698208,215.924453
945.729538,227.698208,215.926794
945.729595,227.698208,192.907418
945.729631,227.698208,215.936030
945.729710,227.698208,215.936685
945.729784,227.698208,215.938474
945.729845,227.698208,215.939085
945.729910,227.698208,215.946242
945.729957,227.698208,215.949130
945.730009,227.698208,215.954120
945.730078,227.698208,215.956314
945.730142,227.698208,215.959984
945.730242,227.698208,215.962502
945.730306,227.698208,215.969150
945.730358,227.698208,215.972845
945.730410,227.698208,215.976109
945.730484,227.698208,215.979802
945.730545,227.698208,215.981674
945.730595,227.698208,202.020426
945.730628,227.698208,215.986603
945.730707,227.698208,215.989629
945.730764,227.698208,215.990264
945.730817,227.698208,215.991560
945.730884,227.698208,215.994915
945.730930,227.698208,215.996546
945.730976,227.698208,186.916811
945.731009,227.698208,195.031746
945.731057,227.698208,209.148070
945.731101,227.698208,210.083470
945.731144,227.698208,216.001206
945.731205,227.698208,216.010046
945.731263,227.698208,216.015741
945.731397,227.698208,216.016174
945.731460,227.698208,216.019752
945.731523,227.698208,216.019842
945.731570,227.698208,216.032210
945.731622,227.698208,216.035338
945.731675,227.698208,216.038462
945.731776,227.698208,216.038528
945.731831,227.698208,216.044210
945.731902,227.698208,216.049480
945.731974,227.698208,216.051851
945.732033,227.698208,216.058142
945.732089,227.698208,216.058242
945.732144,227.698208,216.061274
945.732207,227.698208,216.066376
945.732279,227.698208,216.068634
945.732392,227.698208,216.076109
945.732459,227.698208,216.083427
945.732514,227.698208,216.086469
945.732560,227.698208,216.088442
945.732610,227.698208,216.102549
945.732674,227.698208,216.105093
945.732732,227.698208,216.107117
945.732802,227.698208,216.108144
945.732917,227.698208,216.114317
945.732979,227.698208,216.117400
945.733022,227.698208,209.031598
945.733066,227.698208,215.517184
945.733111,227.698208,216.119437
945.733179,227.698208,216.122163
945.733217,227.698208,216.122864
945.733270,227.698208,216.133728
945.733330,227.698208,216.137818
945.733386,227.698208,216.139120
945.733441,227.698208,216.140896
945.733563,227.698208,216.142762
945.733616,227.698208,216.143248
945.733665,227.698208,216.149589
945.733718,227.698208,216.150157
945.733763,227.698208,216.153099
945.733826,227.698208,216.159965
945.733885,227.698208,216.160706
945.734020,227.698208,216.161928
945.734162,227.698208,216.163296
945.734217,227.698208,216.163795
945.734277,227.698208,216.168674
945.734376,227.698208,216.170453
945.734488,227.698208,216.187882
945.734538,227.698208,216.190362
945.734584,227.698208,216.194669
945.734694,227.698208,216.195370
945.734762,227.698208,216.198282
945.734816,227.698208,216.200006
945.734864,227.698208,216.200864
945.734903,227.698208,208.264333
945.734944,227.698208,216.202435
945.734984,227.698208,216.206357
945.735030,227.698208,216.211325
945.735130,227.698208,216.218811
945.735186,227.698208,216.222245
945.735250,227.698208,216.222328
945.735365,227.698208,216.223130
945.735401,227.698208,215.924685
945.735427,227.698208,216.226677
945.735495,227.698208,216.227886
945.735535,227.698208,216.228459
945.735634,227.698208,216.229138
945.735680,227.698208,216.229666
945.735743,227.698208,216.231864
945.735791,227.698208,216.232109
945.735833,227.698208,216.234750
945.735876,227.698208,213.393891
945.735917,227.698208,216.240811
945.735956,227.698208,216.244062
945.736099,227.698208,216.245635
945.736149,227.698208,216.257696
945.736212,227.698208,216.259245
945.736250,227.698208,216.264813
945.736303,227.698208,216.277870
945.736351,227.698208,216.280014
945.736417,227.698208,216.281662
945.736470,227.698208,216.282885
945.736521,227.698208,216.284790
945.736565,227.698208,216.284877
945.736624,227.698208,216.290408
945.736698,227.698208,216.305154
945.736831,227.698208,216.305165
945.736905,227.698208,216.308525
945.736984,227.698208,216.309186
945.737025,227.698208,216.312000
945.737076,227.698208,216.320605
945.737152,227.698208,216.334677
945.737217,227.698208,216.338090
945.737267,227.698208,216.342149
945.737315,227.698208,208.812942
945.737346,227.698208,215.253742
945.737387,227.698208,216.344032
945.737440,227.698208,216.355584
945.737475,227.698208,216.370488
945.737538,227.698208,216.374165
945.737612,227.698208,216.378046
945.737667,227.698208,216.378515
945.737723,227.698208,216.385272
945.737782,227.698208,216.390277
945.737859,227.698208,216.392006
945.738018,227.698208,216.398933
945.738075,227.698208,216.404426
945.738150,227.698208,216.406966
945.738362,227.698208,216.406989
945.738968,227.698208,216.409568
945.739007,227.698208,188.571661
945.739038,227.698208,209.084026
945.739076,227.698208,211.824861
945.739111,227.698208,215.655578
945.739139,227.698208,216.409568
945.739175,227.698208,188.571661
945.739201,227.698208,209.084026
945.739238,227.698208,211.824861
945.739273,227.698208,215.655578
945.739301,227.698208,216.410666
945.739397,227.698208,216.415603
945.739440,227.698208,216.419286
945.739493,227.698208,216.423418
945.739541,227.698208,216.426634
945.739594,227.698208,216.430512
945.739862,227.698208,216.432267
945.739903,227.698208,216.432770
945.739953,227.698208,216.441549
945.740007,227.698208,215.161722
945.740044,227.698208,216.443395
945.740104,227.698208,216.448998
945.740143,227.698208,216.449050
945.740184,227.698208,216.450160
945.740248,227.698208,216.452720
945.740308,227.698208,216.453398
945.740389,227.698208,216.463118
945.740450,227.698208,216.465621
945.740604,227.698208,216.466256
945.740662,227.698208,216.467382
945.740789,227.698208,216.467462
945.740913,227.698208,216.467725
945.740949,227.698208,216.468824
945.741020,227.698208,216.472930
945.741099,227.698208,216.475958
945.741160,227.698208,216.477357
945.741312,227.698208,216.478579
945.741362,227.698208,216.482917
945.741421,227.698208,216.493475
945.741530,227.698208,216.501434
945.741586,227.698208,216.503170
945.741634,227.698208,216.508173
945.741740,227.698208,216.509270
945.741794,227.698208,216.510582
945.741834,227.698208,216.514656
945.741886,227.698208,216.515549
945.741937,227.698208,216.517346
945.742008,227.698208,216.517722
945.742070,227.698208,216.524792
945.742121,227.698208,216.527373
945.742175,227.698208,216.527946
945.742223,227.698208,216.528006
945.742275,227.698208,216.529782
945.742384,227.698208,216.535779
945.742440,227.698208,216.537792
945.742475,227.698208,205.650114
945.742597,227.698208,216.539043
945.742643,227.698208,216.542050
945.742697,227.698208,216.543314
945.742790,227.698208,216.544616
945.742839,227.698208,216.549717
945.742880,227.698208,208.311778
945.742909,227.698208,216.550306
945.742949,227.698208,216.552182
945.742999,227.698208,216.556342
945.743051,227.698208,206.339491
945.743086,227.698208,216.559926
945.743145,227.698208,216.561200
945.743265,227.698208,216.563141
945.743323,227.698208,216.564882
945.743379,227.698208,216.570571
945.743432,227.698208,216.574243
945.743496,227.698208,216.578496
945.743538,227.698208,213.837637
945.743582,227.698208,216.581170
945.743632,227.698208,216.584256
945.743765,227.698208,216.604507
945.743818,227.698208,216.617667
945.743858,227.698208,216.618152
945.743908,227.698208,216.620750
945.743957,227.698208,216.622458
945.744008,227.698208,216.626014
945.744052,227.698208,216.626531
945.744106,227.698208,216.630370
945.744153,227.698208,216.631683
945.744211,227.698208,216.632949
945.744358,227.698208,216.637558
945.744407,227.698208,216.639059
945.744465,227.698208,216.647163
945.744520,227.698208,216.652088
945.744572,227.698208,216.654947
945.744627,227.698208,216.655546
945.744668,227.698208,216.656504
945.744720,227.698208,216.660054
945.744785,227.698208,216.661941
945.744843,227.698208,216.669798
945.744886,227.698208,216.671800
945.745034,227.698208,216.673536
945.745090,227.698208,216.676122
945.745192,227.698208,216.676515
945.745230,227.698208,216.679070
945.745291,227.698208,216.690251
945.745356,227.698208,216.691474
945.745405,227.698208,216.693459
945.745458,227.698208,216.694054
945.745521,227.698208,216.694538
945.745597,227.698208,216.700952
945.745644,227.698208,216.703701
945.745707,227.698208,216.704570
945.745779,227.698208,216.708534
945.745834,227.698208,216.709483
945.745894,227.698208,216.714285
945.745945,227.698208,216.717645
945.745998,227.698208,216.725450
945.746058,227.698208,216.726627
945.746130,227.698208,216.726814
945.746187,227.698208,216.727285
945.746246,227.698208,216.730859
945.746305,227.698208,216.741123
945.746375,227.698208,216.741875
945.746419,227.698208,216.745278
945.746481,227.698208,216.746002
945.746520,227.698208,211.578099
945.746571,227.698208,216.751456
945.746626,227.698208,216.754658
945.746663,227.698208,212.018050
945.746701,227.698208,215.024302
945.746746,227.698208,216.757514
945.746814,227.698208,216.762954
945.746859,227.698208,216.766253
945.746967,227.698208,216.766773
945.747028,227.698208,216.766834
945.747098,227.698208,216.771157
945.747157,227.698208,216.773613
945.747275,227.698208,216.776990
945.747330,227.698208,216.777794
945.747386,227.698208,216.782934
945.747459,227.698208,216.787242
945.747513,227.698208,216.790850
945.747553,227.698208,216.792125
945.747601,227.698208,216.794654
945.747722,227.698208,216.798342
945.747836,227.698208,216.798776
945.747899,227.698208,216.803880
945.747942,227.698208,215.146232
945.747988,227.698208,216.807117
945.748031,227.698208,191.948374
945.748065,227.698208,208.133677
945.748118,227.698208,213.809266
945.748165,227.698208,216.807168
945.748253,227.698208,216.808237
945.748315,227.698208,216.808602
945.748353,227.698208,216.809982
945.748406,227.698208,216.811198
945.748473,227.698208,216.815520
945.748527,227.698208,216.819437
945.748578,227.698208,216.826126
945.748646,227.698208,216.828288
945.748683,227.698208,216.830402
945.748759,227.698208,216.830435
945.748814,227.698208,216.832002
945.748868,227.698208,216.846531
945.748926,227.698208,216.847830
945.748961,227.698208,216.855805
945.749039,227.698208,216.856384
945.749106,227.698208,216.867466
945.749160,227.698208,216.879221
945.749262,227.698208,216.882664
945.749328,227.698208,216.887902
945.749375,227.698208,216.890074
945.749421,227.698208,216.897059
945.749539,227.698208,216.898102
945.749605,227.698208,216.898906
945.749669,227.698208,216.901955
945.749725,227.698208,216.904560
945.749978,227.698208,216.906608
945.750045,227.698208,216.911710
945.750082,227.698208,216.916259
945.750142,227.698208,216.916813
945.750195,227.698208,213.638202
945.750231,227.698208,216.917341
945.750269,227.698208,216.929142
945.750375,227.698208,216.939774
945.750428,227.698208,216.948309
945.750480,227.698208,216.960098
945.750536,227.698208,216.961277
945.750602,227.698208,216.962486
945.750662,227.698208,216.970056
945.750718,227.698208,216.988035
945.750767,227.698208,216.989654
945.750932,227.698208,216.989734
945.751058,227.698208,216.990299
945.751204,227.698208,216.990880
945.751267,227.698208,216.992786
945.751380,227.698208,216.993219
945.751442,227.698208,217.004054
945.751525,227.698208,217.021120
945.751608,227.698208,217.021226
945.751693,227.698208,217.023859
945.751736,227.698208,217.027984
945.751780,227.698208,203.151936
945.751812,227.698208,214.485302
945.751855,227.698208,217.032832
945.751910,227.698208,217.033989
945.751967,227.698208,217.040776
945.752032,227.698208,217.040989
945.752089,227.698208,217.043438
945.752141,227.698208,204.401325
945.752173,227.698208,217.011341
945.752219,227.698208,217.045160
945.752270,227.698208,217.045390
945.752321,227.698208,217.046522
945.752655,227.698208,217.049027
945.752692,227.698208,217.065008
945.752802,227.698208,217.067957
945.752864,227.698208,217.074150
945.752925,227.698208,217.076259
945.752972,227.698208,188.629731
945.753036,227.698208,213.307395
945.753068,227.698208,215.538320
945.753102,227.698208,215.790051
945.753132,227.698208,217.076693
945.753199,227.698208,217.078579
945.753306,227.698208,217.084272
945.753357,227.698208,217.086470
945.753414,227.698208,217.088330
945.753472,227.698208,217.090955
945.753576,227.698208,217.090963
945.753633,227.698208,217.093502
945.753689,227.698208,217.096853
945.753749,227.698208,217.099003
945.754006,227.698208,217.100546
945.754070,227.698208,217.110206
945.754125,227.698208,217.112450
945.754191,227.698208,217.118773
945.754231,227.698208,213.488418
945.754268,227.698208,217.121242
945.754329,227.698208,217.121835
945.754387,227.698208,217.125379
945.754448,227.698208,217.125762
945.754519,227.698208,217.127946
945.754574,227.698208,217.129795
945.754634,227.698208,217.130010
945.754689,227.698208,217.142752
945.754741,227.698208,217.144008
945.754803,227.698208,217.145299
945.754907,227.698208,217.146990
945.754960,227.698208,217.151958
945.755001,227.698208,217.152190
945.755054,227.698208,217.153272
945.755113,227.698208,217.154472
945.755154,227.698208,200.368597
945.755197,227.698208,217.156294
945.755254,227.698208,217.158802
945.755302,227.698208,217.160658
945.755349,227.698208,217.163102
945.755400,227.698208,217.175530
945.755455,227.698208,217.177867
945.755582,227.698208,217.187176
945.755638,227.698208,217.188579
945.755677,227.698208,217.189610
945.755786,227.698208,217.200997
945.755829,227.698208,217.201482
945.755884,227.698208,217.201942
945.755949,227.698208,217.210797
945.756001,227.698208,217.221054
945.756061,227.698208,217.224274
945.756139,227.698208,217.226573
945.756210,227.698208,217.231005
945.756258,227.698208,217.243470
945.756293,227.698208,217.250301
945.756338,227.698208,217.250795
945.756381,227.698208,217.257485
945.756455,227.698208,217.259373
945.756510,227.698208,217.260597
945.756575,227.698208,217.261147
945.756616,227.698208,217.264634
945.756678,227.698208,217.269232
945.756736,227.698208,217.275448
945.756803,227.698208,217.275763
945.756858,227.698208,217.284816
945.757125,227.698208,217.290165
945.757240,227.698208,217.292813
945.757291,227.698208,217.296968
945.757344,227.698208,217.298910
945.757378,227.698208,217.300830
945.757440,227.698208,217.306893
945.757506,227.698208,217.310144
945.757561,227.698208,217.318029
945.757730,227.698208,217.319283
945.757787,227.698208,217.321776
945.757910,227.698208,217.325550
945.757965,227.698208,217.327960
945.758022,227.698208,217.328608
945.758084,227.698208,217.328651
945.758132,227.698208,217.333610
945.758190,227.698208,217.335430
945.758231,227.698208,204.294446
945.758283,227.698208,213.529654
945.758315,227.698208,217.335998
945.758352,227.698208,217.339742
945.758452,227.698208,217.340843
945.758517,227.698208,217.341562
945.758572,227.698208,217.342221
945.758628,227.698208,217.348286
945.758684,227.698208,217.352662
945.758757,227.698208,217.355101
945.758810,227.698208,217.355162
945.758939,227.698208,217.361123
945.758996,227.698208,217.361850
945.759101,227.698208,217.384750
945.759293,227.698208,217.388437
945.759344,227.698208,217.388480
945.759388,227.698208,212.749485
945.759431,227.698208,217.390350
945.759505,227.698208,217.392810
945.759557,227.698208,217.398230
945.759633,227.698208,217.400621
945.759692,227.698208,217.418168
945.759761,227.698208,217.421802
945.759811,227.698208,217.421850
945.759856,227.698208,192.279158
945.759890,227.698208,207.297651
945.759921,227.698208,217.423522
945.759983,227.698208,217.429085
945.760088,227.698208,217.429880
945.760233,227.698208,217.430323
945.760299,227.698208,217.433016
945.760349,227.698208,217.434206
945.760429,227.698208,217.439134
945.760502,227.698208,217.444472
945.760562,227.698208,217.444744
945.760614,227.698208,217.447821
945.760682,227.698208,217.448174
945.760752,227.698208,217.455325
945.760809,227.698208,184.349549
945.760844,227.698208,186.329773
945.760885,227.698208,209.314341
945.760931,227.698208,212.316125
945.760975,227.698208,212.482008
945.761008,227.698208,217.463146
945.761053,227.698208,217.463702
945.761127,227.698208,217.466275
945.761178,227.698208,204.824162
945.761209,227.698208,217.434178
945.761253,227.698208,217.467466
945.761357,227.698208,217.470626
945.761428,227.698208,217.472422
945.761658,227.698208,217.474016
945.761706,227.698208,217.476216
945.761769,227.698208,217.491546
945.761819,227.698208,217.502734
945.761878,227.698208,217.526192
945.761933,227.698208,217.533381
945.762007,227.698208,217.534226
945.762064,227.698208,217.535379
945.762118,227.698208,217.536005
945.762173,227.698208,217.536030
945.762241,227.698208,217.542040
945.762299,227.698208,217.546560
945.762342,227.698208,217.547029
945.762466,227.698208,217.549605
945.762655,227.698208,217.551989
945.762766,227.698208,217.557584
945.762824,227.698208,217.561784
945.762938,227.698208,217.561845
945.763011,227.698208,217.566710
945.763056,227.698208,217.569981
945.763123,227.698208,217.571365
945.763167,227.698208,217.573130
945.763238,227.698208,217.585872
945.763297,227.698208,217.587651
945.763344,227.698208,217.590829
945.763407,227.698208,217.619947
945.763472,227.698208,217.622334
945.763526,227.698208,217.626101
945.763569,227.698208,214.656226
945.763612,227.698208,217.630416
945.763671,227.698208,217.639614
945.763790,227.698208,217.652837
945.763842,227.698208,217.655698
945.763896,227.698208,217.659690
945.763958,227.698208,217.662005
945.763995,227.698208,217.662280
945.764044,227.698208,217.662925
945.764092,227.698208,217.664650
945.764145,227.698208,217.665072
945.764254,227.698208,217.668242
945.764299,227.698208,184.118774
945.764331,227.698208,188.815490
945.764364,227.698208,202.338125
945.764397,227.698208,209.974310
945.764445,227.698208,212.879666
945.764489,227.698208,214.557410
945.764528,227.698208,217.668642
945.764588,227.698208,217.669878
945.764750,227.698208,217.677370
945.764878,227.698208,217.680350
945.764928,227.698208,217.683434
945.764991,227.698208,217.685435
945.765043,227.698208,217.686310
945.765075,227.698208,217.686750
945.765131,227.698208,217.689022
945.765189,227.698208,217.689717
945.765250,227.698208,217.695933
945.765296,227.698208,217.696523
945.765339,227.698208,217.696666
945.765391,227.698208,217.700822
945.765663,227.698208,217.705165
945.765724,227.698208,217.708170
945.765785,227.698208,217.709973
945.765839,227.698208,217.713090
945.765877,227.698208,217.729142
945.765934,227.698208,217.730474
945.765983,227.698208,217.733088
945.766022,227.698208,205.959549
945.766068,227.698208,209.185402
945.766099,227.698208,217.215002
945.766141,227.698208,217.736675
945.766184,227.698208,217.740174
945.766293,227.698208,217.741549
945.766368,227.698208,217.742110
945.766422,227.698208,217.745645
945.766470,227.698208,217.758160
945.766517,227.698208,217.758754
945.766566,227.698208,217.758859
945.766622,227.698208,217.760482
945.766679,227.698208,217.761781
945.766741,227.698208,217.764067
945.766780,227.698208,217.766914
945.766884,227.698208,217.772939
945.766992,227.698208,217.774968
945.767052,227.698208,217.777851
945.767096,227.698208,217.779237
945.767171,227.698208,217.788254
945.767212,227.698208,217.790925
945.767255,227.698208,205.036986
945.767282,227.698208,217.792728
945.767339,227.698208,217.794120
945.767395,227.698208,217.795805
945.767445,227.698208,217.799048
945.767495,227.698208,217.804698
945.767532,227.698208,217.805002
945.767571,227.698208,217.807054
945.767640,227.698208,217.807562
945.767695,227.698208,217.808605
945.767747,227.698208,217.811317
945.767788,227.698208,213.172322
945.767831,227.698208,217.811811
945.767885,227.698208,217.812408
945.767946,227.698208,217.814390
945.768011,227.698208,217.818050
945.768069,227.698208,217.818762
945.768124,227.698208,217.819038
945.768228,227.698208,217.820882
945.768291,227.698208,217.821902
945.768342,227.698208,217.824182
945.768394,227.698208,217.824859
945.768455,227.698208,217.827301
945.768510,227.698208,217.828930
945.768555,227.698208,217.836045
945.768613,227.698208,217.837005
945.768663,227.698208,217.838994
945.768718,227.698208,217.848229
945.768834,227.698208,217.851376
945.768886,227.698208,217.856525
945.768922,227.698208,217.858858
945.768975,227.698208,217.859341
945.769036,227.698208,217.859512
945.769109,227.698208,217.859515
945.769218,227.698208,217.861331
945.769272,227.698208,217.864282
945.769314,227.698208,217.870645
945.769356,227.698208,217.880475
945.769410,227.698208,217.883466
945.769468,227.698208,217.895242
945.769513,227.698208,217.897771
945.769580,227.698208,217.900045
945.769635,227.698208,217.901314
945.769698,227.698208,217.903210
945.769760,227.698208,217.908707
945.769817,227.698208,217.909430
945.769875,227.698208,217.909770
945.769927,227.698208,217.916939
945.769985,227.698208,217.922792
945.770037,227.698208,217.923112
945.770094,227.698208,217.924173
945.770159,227.698208,217.924218
945.770218,227.698208,217.924288
945.770260,227.698208,210.070509
945.770305,227.698208,213.963085
945.770348,227.698208,217.931699
945.770420,227.698208,217.932659
945.770474,227.698208,217.932928
945.770513,227.698208,217.937411
945.770563,227.698208,217.940922
945.770602,227.698208,217.940926
945.770649,227.698208,217.944610
945.770762,227.698208,217.946317
945.770820,227.698208,217.947410
945.770858,227.698208,217.950699
945.770905,227.698208,217.950848
945.770970,227.698208,217.958930
945.771067,227.698208,217.960248
945.771114,227.698208,217.962016
945.771181,227.698208,217.964205
945.771218,227.698208,217.968723
945.771258,227.698208,217.969278
945.771319,227.698208,217.977973
945.771360,227.698208,217.984509
945.771414,227.698208,217.985355
945.771463,227.698208,217.985450
945.771519,227.698208,217.987171
945.771584,227.698208,217.989506
945.771638,227.698208,218.002570
945.771695,227.698208,218.017987
945.771754,227.698208,218.025437
945.771815,227.698208,218.026094
945.771871,227.698208,218.026685
945.771917,227.698208,218.027830
945.771972,227.698208,218.030576
945.772013,227.698208,218.031518
945.772069,227.698208,218.039152
945.772190,227.698208,218.053133
945.772240,227.698208,218.053213
945.772279,227.698208,218.058765
945.772424,227.698208,218.058912
945.772472,227.698208,218.066256
945.772604,227.698208,218.070114
945.772654,227.698208,199.129573
945.772686,227.698208,218.070632
945.772727,227.698208,196.346357
945.772756,227.698208,208.895854
945.772795,227.698208,218.071110
945.772957,227.698208,218.073901
945.772996,227.698208,218.074918
945.773050,227.698208,218.075554
945.773103,227.698208,218.083578
945.773153,227.698208,218.084819
945.773202,227.698208,218.092464
945.773243,227.698208,218.093421
945.773318,227.698208,218.097653
945.773384,227.698208,218.098739
945.773426,227.698208,218.113158
945.773484,227.698208,218.114818
945.773543,227.698208,218.118029
945.773602,227.698208,218.118058
945.773655,227.698208,218.119410
945.773711,227.698208,218.119994
945.773768,227.698208,218.123541
945.773838,227.698208,218.126165
945.773910,227.698208,218.128418
945.773980,227.698208,218.131854
945.774029,227.698208,218.134048
945.774081,227.698208,218.135277
945.774130,227.698208,218.137642
945.774225,227.698208,218.139120
945.774348,227.698208,218.142094
945.774399,227.698208,218.142765
945.774457,227.698208,218.145142
945.774510,227.698208,218.150170
945.774564,227.698208,218.156206
945.774623,227.698208,218.163722
945.774692,227.698208,218.177258
945.774750,227.698208,218.178952
945.774805,227.698208,218.179710
945.774859,227.698208,218.196462
945.774914,227.698208,218.200698
945.774969,227.698208,218.202842
945.775023,227.698208,218.207168
945.775075,227.698208,187.685469
945.775110,227.698208,192.987869
945.775146,227.698208,203.403962
945.775177,227.698208,205.975290
945.775210,227.698208,206.259389
945.775257,227.698208,212.266842
945.775284,227.698208,218.212494
945.775335,227.698208,218.214832
945.775442,227.698208,218.214944
945.775484,227.698208,218.215006
945.775543,227.698208,218.216077
945.775582,227.698208,218.221075
945.775629,227.698208,218.222944
945.775740,227.698208,218.224859
945.775793,227.698208,218.235469
945.775923,227.698208,218.241334
945.775981,227.698208,218.244262
945.776028,227.698208,218.245155
945.776101,227.698208,218.246936
945.776156,227.698208,218.250158
945.776213,227.698208,218.250218
945.776267,227.698208,218.253618
945.776302,227.698208,218.254989
945.776367,227.698208,218.258312
945.776424,227.698208,218.259683
945.776479,227.698208,218.261930
945.776531,227.698208,218.265554
945.776694,227.698208,218.266763
945.776761,227.698208,218.266827
945.776828,227.698208,218.269997
945.776880,227.698208,218.270048
945.776954,227.698208,218.285947
945.777013,227.698208,218.287250
945.777066,227.698208,218.290803
945.777136,227.698208,218.301376
945.777253,227.698208,218.303315
945.777302,227.698208,218.307426
945.777353,227.698208,218.308747
945.777408,227.698208,218.308914
945.777470,227.698208,218.311790
945.777508,227.698208,218.313104
945.777566,227.698208,218.321814
945.777609,227.698208,218.332957
945.777688,227.698208,218.334954
945.777754,227.698208,218.339734
945.777827,227.698208,218.342694
945.777886,227.698208,218.343811
945.777941,227.698208,218.344478
945.777994,227.698208,218.345270
945.778052,227.698208,218.346650
945.778108,227.698208,191.820366
945.778145,227.698208,207.987000
945.778177,227.698208,218.346650
945.778231,227.698208,191.820366
945.778264,227.698208,207.987000
945.778292,227.698208,218.347816
945.778390,227.698208,218.348341
945.778449,227.698208,218.355149
945.778505,227.698208,218.360216
945.778560,227.698208,218.362410
945.778613,227.698208,218.366859
945.778661,227.698208,193.375514
945.778702,227.698208,218.369742
945.778750,227.698208,218.369917
945.778815,227.698208,218.372238
945.778863,227.698208,218.379034
945.778956,227.698208,218.379173
945.778997,227.698208,218.391397
945.779044,227.698208,218.396360
945.779098,227.698208,218.397130
945.779142,227.698208,206.279069
945.779173,227.698208,214.397562
945.779202,227.698208,218.398498
945.779269,227.698208,218.401155
945.779318,227.698208,218.405048
945.779370,227.698208,218.406938
945.779425,227.698208,218.407512
945.779482,227.698208,218.416845
945.779532,227.698208,218.419302
945.779585,227.698208,218.419374
945.779643,227.698208,218.431374
945.779701,227.698208,218.433490
945.779761,227.698208,218.450648
945.779825,227.698208,218.454859
945.779865,227.698208,218.461251
945.779937,227.698208,218.461296
945.780003,227.698208,218.469240
945.780056,227.698208,218.470638
945.780100,227.698208,194.572238
945.780135,227.698208,210.290731
945.780165,227.698208,218.472886
945.780206,227.698208,218.475450
945.780257,227.698208,218.476118
945.780389,227.698208,218.478688
945.780438,227.698208,218.481714
945.780495,227.698208,218.482381
945.780547,227.698208,218.486595
945.780656,227.698208,218.488912
945.780713,227.698208,218.489310
945.780773,227.698208,218.493258
945.780836,227.698208,218.494560
945.780880,227.698208,218.497758
945.780934,227.698208,218.498211
945.780995,227.698208,218.502045
945.781052,227.698208,218.504906
945.781104,227.698208,218.510418
945.781156,227.698208,218.510707
945.781204,227.698208,218.516742
945.781254,227.698208,218.517922
945.781305,227.698208,218.525592
945.781367,227.698208,218.528006
945.781498,227.698208,218.531651
945.781696,227.698208,218.539624
945.781789,227.698208,218.542790
945.781847,227.698208,218.545251
945.781899,227.698208,218.548842
945.781961,227.698208,218.549549
945.782001,227.698208,218.549592
945.782058,227.698208,218.549614
945.782136,227.698208,218.549987
945.782276,227.698208,218.550195
945.782323,227.698208,190.277997
945.782360,227.698208,197.306061
945.782402,227.698208,200.688755
945.782441,227.698208,204.534445
945.782479,227.698208,207.917139
945.782515,227.698208,218.478765
945.782551,227.698208,218.552090
945.782603,227.698208,218.552525
945.782670,227.698208,218.554659
945.782730,227.698208,218.568710
945.782835,227.698208,218.569090
945.782878,227.698208,218.571669
945.782942,227.698208,218.576070
945.783051,227.698208,218.589539
945.783111,227.698208,218.590123
945.783178,227.698208,218.591018
945.783225,227.698208,189.138298
945.783256,227.698208,200.992448
945.783284,227.698208,218.372858
945.783319,227.698208,218.591018
945.783363,227.698208,184.338298
945.783395,227.698208,200.992448
945.783424,227.698208,213.559008
945.783451,227.698208,218.372858
945.783485,227.698208,218.592107
945.783524,227.698208,218.607002
945.783702,227.698208,218.610016
945.783778,227.698208,218.616730
945.783837,227.698208,218.627933
945.783897,227.698208,218.629733
945.783944,227.698208,218.631478
945.784003,227.698208,218.637112
945.784050,227.698208,218.637221
945.784120,227.698208,218.639050
945.784175,227.698208,218.639608
945.784477,227.698208,218.642910
945.784549,227.698208,218.645178
945.784606,227.698208,218.652720
945.784738,227.698208,218.656798
945.784827,227.698208,218.660077
945.784906,227.698208,218.664173
945.784950,227.698208,218.664440
945.785011,227.698208,218.673131
945.785060,227.698208,218.673590
945.785118,227.698208,218.673622
945.785176,227.698208,218.674229
945.785220,227.698208,218.680966
945.785333,227.698208,218.681498
945.785420,227.698208,218.681694
945.785474,227.698208,218.687077
945.785511,227.698208,218.689050
945.785559,227.698208,218.692654
945.785620,227.698208,218.693528
945.785675,227.698208,218.700746
945.785738,227.698208,218.702739
945.785794,227.698208,218.704498
945.785851,227.698208,218.708045
945.785905,227.698208,218.711917
945.786143,227.698208,218.721165
945.786197,227.698208,218.724101
945.786296,227.698208,218.724762
945.786341,227.698208,218.729008
945.786433,227.698208,218.730355
945.786471,227.698208,217.775264
945.786513,227.698208,218.731482
945.786570,227.698208,218.735784
945.786628,227.698208,218.736373
945.786668,227.698208,218.739522
945.786729,227.698208,218.744058
945.786809,227.698208,218.758763
945.786904,227.698208,218.762419
945.786968,227.698208,218.765589
945.787058,227.698208,218.769227
945.787112,227.698208,218.769514
945.787168,227.698208,218.769910
945.787235,227.698208,218.774072
945.787290,227.698208,218.774141
945.787330,227.698208,218.775432
945.787383,227.698208,218.778419
945.787450,227.698208,218.778501
945.787555,227.698208,218.778685
945.787621,227.698208,218.779304
945.787677,227.698208,195.759928
945.787712,227.698208,218.783982
945.787772,227.698208,218.787806
945.787829,227.698208,218.788610
945.787877,227.698208,218.791842
945.787915,227.698208,218.798222
945.787967,227.698208,218.801445
945.788085,227.698208,218.802048
945.788143,227.698208,218.810210
945.788183,227.698208,218.811997
945.788234,227.698208,198.587304
945.788274,227.698208,218.820370
945.788324,227.698208,218.823528
945.788376,227.698208,218.827907
945.788428,227.698208,218.828598
945.788507,227.698208,218.829926
945.788563,227.698208,218.830400
945.788613,227.698208,218.831315
945.788710,227.698208,218.839034
945.788773,227.698208,218.846502
945.788836,227.698208,218.847163
945.788956,227.698208,218.847821
945.789025,227.698208,218.851416
945.789078,227.698208,218.851944
945.789185,227.698208,218.852696
945.789240,227.698208,218.858883
945.789291,227.698208,218.860205
945.789341,227.698208,186.398976
945.789372,227.698208,202.873024
945.789399,227.698208,203.596317
945.789428,227.698208,207.775162
945.789459,227.698208,210.257818
945.789490,227.698208,210.417446
945.789518,227.698208,212.104781
945.789545,227.698208,213.960413
945.789580,227.698208,218.868672
945.789624,227.698208,218.869869
945.789680,227.698208,218.870366
945.789735,227.698208,218.870472
945.789787,227.698208,218.871197
945.789850,227.698208,218.874806
945.789906,227.698208,218.880219
945.789966,227.698208,218.880808
945.790017,227.698208,218.881229
945.790055,227.698208,209.278042
945.790099,227.698208,218.884045
945.790160,227.698208,218.884706
945.790272,227.698208,218.890845
945.790318,227.698208,218.891826
945.790369,227.698208,218.893459
945.790464,227.698208,218.898933
945.790518,227.698208,218.899462
945.790573,227.698208,218.902026
945.790637,227.698208,218.904438
945.790764,227.698208,218.910736
945.790865,227.698208,218.914478
945.790931,227.698208,218.914989
945.790982,227.698208,218.915414
945.791088,227.698208,218.916912
945.791218,227.698208,218.920947
945.791258,227.698208,218.921048
945.791318,227.698208,218.921798
945.791374,227.698208,218.923582
945.791429,227.698208,218.927357
945.791547,227.698208,218.933358
945.791605,227.698208,218.934138
945.791656,227.698208,218.939066
945.791695,227.698208,218.941661
945.791928,227.698208,218.945306
945.792061,227.698208,218.945762
945.792169,227.698208,218.946277
945.792220,227.698208,218.948112
945.792266,227.698208,218.955030
945.792315,227.698208,218.958675
945.792367,227.698208,218.961917
945.792440,227.698208,218.965008
945.792495,227.698208,218.965155
945.792624,227.698208,218.966134
945.792684,227.698208,218.967378
945.792740,227.698208,218.973747
945.792797,227.698208,195.954371
945.792833,227.698208,218.974747
945.792874,227.698208,218.979176
945.792928,227.698208,218.979202
945.792997,227.698208,218.982640
945.793050,227.698208,218.984669
945.793106,227.698208,218.998902
945.793185,227.698208,219.002586
945.793237,227.698208,219.005824
945.793481,227.698208,219.009274
945.793584,227.698208,219.011203
945.793633,227.698208,219.014859
945.793701,227.698208,219.016285
945.793772,227.698208,219.018811
945.793832,227.698208,219.020043
945.793882,227.698208,219.024843
945.793930,227.698208,219.026818
945.794005,227.698208,219.027288
945.794067,227.698208,219.028494
945.794190,227.698208,219.040946
945.794252,227.698208,219.043435
945.794314,227.698208,219.045685
945.794366,227.698208,219.047974
945.794406,227.698208,219.050909
945.794459,227.698208,219.051555
945.794502,227.698208,219.066726
945.794553,227.698208,219.067962
945.794606,227.698208,219.069853
945.794794,227.698208,219.076350
945.794895,227.698208,219.079690
945.795019,227.698208,219.082414
945.795074,227.698208,219.082952
945.795129,227.698208,219.087902
945.795230,227.698208,219.090408
945.795291,227.698208,219.091578
945.795337,227.698208,219.093906
945.795388,227.698208,219.094704
945.795451,227.698208,219.095066
945.795539,227.698208,219.096469
945.795603,227.698208,219.096979
945.795654,227.698208,219.109354
945.795709,227.698208,219.111355
945.795843,227.698208,219.113133
945.795884,227.698208,219.103738
945.795930,227.698208,219.116242
945.795997,227.698208,219.117040
945.796035,227.698208,219.117477
945.796162,227.698208,219.117962
945.796220,227.698208,219.128654
945.796268,227.698208,189.556922
945.796298,227.698208,203.749485
945.796324,227.698208,214.553560
945.796350,227.698208,218.416686
945.796382,227.698208,218.665677
945.796425,227.698208,219.134102
945.796484,227.698208,219.142270
945.796533,227.698208,219.144019
945.796586,227.698208,219.145278
945.796710,227.698208,219.148112
945.796756,227.698208,219.153611
945.796787,227.698208,219.156309
945.796905,227.698208,219.158400
945.796961,227.698208,219.162958
945.797020,227.698208,219.166202
945.797078,227.698208,219.166792
945.797137,227.698208,219.171186
945.797241,227.698208,219.176693
945.797298,227.698208,219.180312
945.797353,227.698208,219.187075
945.797411,227.698208,219.190296
945.797467,227.698208,219.194107
945.797536,227.698208,219.199979
945.797591,227.698208,219.203829
945.797651,227.698208,219.205062
945.797720,227.698208,219.207002
945.797826,227.698208,219.209027
945.797879,227.698208,219.217730
945.797918,227.698208,219.217966
945.797958,227.698208,219.219160
945.798008,227.698208,219.222702
945.798062,227.698208,219.223602
945.798131,227.698208,219.227920
945.798193,227.698208,219.229110
945.798249,227.698208,219.234712
945.798356,227.698208,219.235893
945.798403,227.698208,219.244550
945.798460,227.698208,219.245645
945.798543,227.698208,219.250301
945.798663,227.698208,219.250746
945.798705,227.698208,219.273712
945.798800,227.698208,219.281870
945.798854,227.698208,172.039189
945.798896,227.698208,179.020661
945.798936,227.698208,190.187221
945.798975,227.698208,200.376110
945.799006,227.698208,207.779829
945.799042,227.698208,214.320430
945.799072,227.698208,214.648814
945.799101,227.698208,216.999538
945.799134,227.698208,219.281870
945.799185,227.698208,172.039189
945.799228,227.698208,179.020661
945.799268,227.698208,190.187221
945.799303,227.698208,200.376110
945.799331,227.698208,207.779829
945.799361,227.698208,214.320430
945.799388,227.698208,214.648814
945.799414,227.698208,216.999538
945.799452,227.698208,219.285968
945.799498,227.698208,219.289024
945.799615,227.698208,219.289147
945.799678,227.698208,219.290200
945.799735,227.698208,219.293325
945.799925,227.698208,219.297069
945.800053,227.698208,219.297666
945.800116,227.698208,219.302048
945.800159,227.698208,217.867808
945.800199,227.698208,219.302048
945.800241,227.698208,217.867808
945.800281,227.698208,219.303672
945.800338,227.698208,219.303794
945.800393,227.698208,219.305670
945.800505,227.698208,219.308834
945.800575,227.698208,219.311669
945.800615,227.698208,219.312469
945.800673,227.698208,219.322427
945.800719,227.698208,213.516667
945.800768,227.698208,219.324453
945.800823,227.698208,219.324827
945.800874,227.698208,219.327862
945.800953,227.698208,219.328546
945.801012,227.698208,219.337826
945.801066,227.698208,219.338462
945.801120,227.698208,219.339058
945.801212,227.698208,219.346454
945.801274,227.698208,219.346584
945.801317,227.698208,219.349378
945.801376,227.698208,219.349878
945.801418,227.698208,219.351331
945.801463,227.698208,219.351430
945.801517,227.698208,219.360981
945.801572,227.698208,219.361917
945.801648,227.698208,219.366869
945.801881,227.698208,219.369904
945.801933,227.698208,219.370040
945.801989,227.698208,219.374966
945.802065,227.698208,219.380734
945.802124,227.698208,219.380789
945.802164,227.698208,219.381518
945.802221,227.698208,219.388550
945.802292,227.698208,219.389045
945.802330,227.698208,219.389374
945.802378,227.698208,219.389448
945.802423,227.698208,219.390531
945.802478,227.698208,219.391734
945.802546,227.698208,219.403470
945.802600,227.698208,219.409574
945.802652,227.698208,219.416174
945.802714,227.698208,219.417342
945.802771,227.698208,219.419214
945.802827,227.698208,219.419464
945.802882,227.698208,219.426008
945.802936,227.698208,219.427678
945.802976,227.698208,219.428138
945.803014,227.698208,211.842170
945.803042,227.698208,219.428589
945.803098,227.698208,219.432651
945.803135,227.698208,219.433547
945.803206,227.698208,219.435802
945.803250,227.698208,219.439840
945.803292,227.698208,219.442832
945.803335,227.698208,219.444744
945.803463,227.698208,219.445838
945.803508,227.698208,218.435086
945.803551,227.698208,219.446397
945.803607,227.698208,219.447606
945.803670,227.698208,219.458826
945.803719,227.698208,219.458968
945.803783,227.698208,219.461310
945.803841,227.698208,219.463130
945.803881,227.698208,219.465016
945.803951,227.698208,219.466251
945.804088,227.698208,219.471426
945.804129,227.698208,211.834051
945.804162,227.698208,214.247651
945.804192,227.698208,218.042755
945.804221,227.698208,219.474174
945.804268,227.698208,219.475554
945.804489,227.698208,219.480218
945.804533,227.698208,219.480290
945.804601,227.698208,219.481824
945.804677,227.698208,219.482408
945.804751,227.698208,219.482805
945.804806,227.698208,219.485866
945.804858,227.698208,219.489038
945.804914,227.698208,219.495968
945.805023,227.698208,198.120928
945.805055,227.698208,216.489085
945.805101,227.698208,219.360538
945.805143,227.698208,219.497637
945.805199,227.698208,219.499605
945.805264,227.698208,219.499648
945.805519,227.698208,219.499978
945.805569,227.698208,219.502019
945.805610,227.698208,219.503277
945.805679,227.698208,219.503454
945.805737,227.698208,219.504858
945.805782,227.698208,219.507075
945.805835,227.698208,204.154621
945.805883,227.698208,209.424925
945.805924,227.698208,219.510686
945.806039,227.698208,219.511253
945.806103,227.698208,219.516064
945.806146,227.698208,219.519270
945.806196,227.698208,219.536021
945.806500,227.698208,219.536022
945.806569,227.698208,219.542394
945.806624,227.698208,219.545195
945.806738,227.698208,219.545842
945.806789,227.698208,219.546258
945.806860,227.698208,219.550702
945.806916,227.698208,219.550766
945.806977,227.698208,219.564280
945.807038,227.698208,219.566333
945.807101,227.698208,219.566758
945.807159,227.698208,219.569714
945.807275,227.698208,219.577293
945.807424,227.698208,219.582178
945.807469,227.698208,219.584974
945.807523,227.698208,219.585872
945.807632,227.698208,219.586178
945.807700,227.698208,219.594446
945.807752,227.698208,219.605310
945.807802,227.698208,219.614387
945.807857,227.698208,219.617997
945.807917,227.698208,219.632254
945.807963,227.698208,219.632842
945.808023,227.698208,219.635469
945.808089,227.698208,219.637142
945.808143,227.698208,219.638266
945.808199,227.698208,219.642050
945.808260,227.698208,219.642339
945.808297,227.698208,219.643278
945.808354,227.698208,219.645922
945.808393,227.698208,192.134091
945.808424,227.698208,204.657666
945.808469,227.698208,214.339571
945.808510,227.698208,216.700750
945.808551,227.698208,219.264224
945.808582,227.698208,219.648846
945.808630,227.698208,219.653411
945.808700,227.698208,219.654910
945.808748,227.698208,219.656314
945.808804,227.698208,219.658730
945.808856,227.698208,219.660510
945.808908,227.698208,219.662965
945.808966,227.698208,219.671226
945.809015,227.698208,219.676000
945.809068,227.698208,219.676416
945.809118,227.698208,219.679083
945.809170,227.698208,219.693944
945.809285,227.698208,219.694557
945.809457,227.698208,219.694706
945.809516,227.698208,219.695768
945.809585,227.698208,219.705715
945.809642,227.698208,219.710733
945.809689,227.698208,219.713133
945.809740,227.698208,219.713682
945.809790,227.698208,219.713842
945.809844,227.698208,219.719178
945.809900,227.698208,219.724955
945.810082,227.698208,219.725624
945.810125,227.698208,219.726776
945.810177,227.698208,219.728608
945.810293,227.698208,219.728614
945.810344,227.698208,219.733610
945.810420,227.698208,219.734843
945.810489,227.698208,219.736928
945.810527,227.698208,219.737750
945.810581,227.698208,219.737795
945.810640,227.698208,219.740285
945.810690,227.698208,219.743939
945.810752,227.698208,219.746286
945.810806,227.698208,219.746411
945.810868,227.698208,219.748341
945.810922,227.698208,219.749021
945.810965,227.698208,219.753894
945.811175,227.698208,219.753946
945.811225,227.698208,219.757096
945.811273,227.698208,219.762070
945.811322,227.698208,219.766067
945.811377,227.698208,219.766810
945.811440,227.698208,219.773410
945.811487,227.698208,219.782499
945.811536,227.698208,219.782978
945.811573,227.698208,210.841486
945.811615,227.698208,219.787046
945.811765,227.698208,219.788504
945.811823,227.698208,219.794058
945.811895,227.698208,219.794704
945.811944,227.698208,219.795883
945.812000,227.698208,219.800819
945.812048,227.698208,219.806229
945.812104,227.698208,219.808830
945.812157,227.698208,219.809779
945.812209,227.698208,219.810208
945.812251,227.698208,216.766285
945.812295,227.698208,219.813245
945.812338,227.698208,219.819979
945.812492,227.698208,219.824128
945.812535,227.698208,219.824811
945.812583,227.698208,219.830358
945.812691,227.698208,219.835283
945.812746,227.698208,219.835941
945.812800,227.698208,219.836621
945.812864,227.698208,219.840826
945.812914,227.698208,219.842099
945.812959,227.698208,219.843958
945.813028,227.698208,219.853837
945.813078,227.698208,219.856339
945.813179,227.698208,219.857557
945.813234,227.698208,219.858120
945.813284,227.698208,219.860533
945.813330,227.698208,219.862432
945.813370,227.698208,219.863864
945.813426,227.698208,219.865634
945.813480,227.698208,219.865669
945.813530,227.698208,219.871022
945.813587,227.698208,219.872354
945.813701,227.698208,219.874642
945.813771,227.698208,219.876610
945.813836,227.698208,219.884232
945.813874,227.698208,219.889138
945.813937,227.698208,219.889502
945.813987,227.698208,219.890299
945.814037,227.698208,200.111909
945.814074,227.698208,210.673534
945.814112,227.698208,214.056229
945.814148,227.698208,219.892827
945.814204,227.698208,219.895882
945.814256,227.698208,219.898198
945.814352,227.698208,219.900158
945.814401,227.698208,219.905642
945.814504,227.698208,219.914946
945.814567,227.698208,219.917026
945.814636,227.698208,219.919886
945.814685,227.698208,219.926554
945.814739,227.698208,219.929784
945.814800,227.698208,219.929914
945.814841,227.698208,219.931280
945.814896,227.698208,219.939230
945.815003,227.698208,219.939653
945.815059,227.698208,219.943464
945.815102,227.698208,219.949565
945.815161,227.698208,219.961242
945.815219,227.698208,219.966066
945.815262,227.698208,219.968614
945.815335,227.698208,219.968710
945.815380,227.698208,219.977421
945.815419,227.698208,217.835930
945.815456,227.698208,219.979138
945.815508,227.698208,219.981691
945.815559,227.698208,219.983373
945.815629,227.698208,219.987917
945.815687,227.698208,219.988067
945.815738,227.698208,219.989114
945.815803,227.698208,219.989147
945.815851,227.698208,220.005750
945.815957,227.698208,220.009990
945.816001,227.698208,220.011760
945.816054,227.698208,220.011918
945.816110,227.698208,220.011965
945.816157,227.698208,220.018722
945.816267,227.698208,220.021683
945.816318,227.698208,220.021728
945.816369,227.698208,220.022458
945.816421,227.698208,220.022482
945.816477,227.698208,220.023170
945.816530,227.698208,220.025408
945.816641,227.698208,220.027066
945.816691,227.698208,220.027818
945.816746,227.698208,220.031064
945.816810,227.698208,220.031099
945.816862,227.698208,220.042042
945.816920,227.698208,220.044640
945.816978,227.698208,220.045032
945.817072,227.698208,220.046406
945.817221,227.698208,220.047741
945.817287,227.698208,220.057002
945.817341,227.698208,220.057632
945.817399,227.698208,220.058253
945.817454,227.698208,220.058784
945.817494,227.698208,202.408069
945.817523,227.698208,208.809712
945.817554,227.698208,220.060077
945.817608,227.698208,220.067970
945.817659,227.698208,220.078570
945.817801,227.698208,220.084134
945.817870,227.698208,220.087270
945.817925,227.698208,220.088600
945.817976,227.698208,220.099962
945.818012,227.698208,220.102019
945.818061,227.698208,220.105670
945.818116,227.698208,220.110659
945.818165,227.698208,208.201402
945.818209,227.698208,220.116653
945.818268,227.698208,220.119410
945.818368,227.698208,220.120464
945.818419,227.698208,220.121658
945.818477,227.698208,220.124312
945.818532,227.698208,220.124962
945.818585,227.698208,220.125259
945.818616,227.698208,220.127317
945.818680,227.698208,220.127955
945.818722,227.698208,207.174176
945.818766,227.698208,220.134022
945.818819,227.698208,220.137227
945.818871,227.698208,220.137582
945.818923,227.698208,220.137834
945.818977,227.698208,220.146298
945.819014,227.698208,220.149410
945.819070,227.698208,220.152034
945.819130,227.698208,220.155608
945.819186,227.698208,220.157606
945.819241,227.698208,220.161813
945.819284,227.698208,220.166197
945.819332,227.698208,220.168147
945.819402,227.698208,220.173150
945.819449,227.698208,220.174858
945.819508,227.698208,220.175416
945.819557,227.698208,220.177390
945.819612,227.698208,220.178685
945.819678,227.698208,220.187691
945.819742,227.698208,220.189706
945.819788,227.698208,220.194008
945.819848,227.698208,220.200446
945.819889,227.698208,220.201376
945.819938,227.698208,220.202254
945.820005,227.698208,220.212986
945.820061,227.698208,220.218534
945.820113,227.698208,220.220499
945.820157,227.698208,216.396320
945.820203,227.698208,220.221854
945.820274,227.698208,220.225454
945.820330,227.698208,220.225669
945.820371,227.698208,220.229342
945.820420,227.698208,220.230190
945.820474,227.698208,220.232845
945.820544,227.698208,220.235818
945.820584,227.698208,220.235997
945.820641,227.698208,220.239450
945.820696,227.698208,220.242723
945.820744,227.698208,220.245226
945.820844,227.698208,220.249488
945.820896,227.698208,220.249538
945.820950,227.698208,220.252555
945.821008,227.698208,220.255197
945.821064,227.698208,176.282998
945.821111,227.698208,197.455517
945.821153,227.698208,202.393757
945.821193,227.698208,204.683901
945.821232,227.698208,209.622141
945.821269,227.698208,218.628221
945.821307,227.698208,220.255197
945.821361,227.698208,189.382998
945.821403,227.698208,199.011062
945.821447,227.698208,202.393757
945.821486,227.698208,206.239446
945.821524,227.698208,209.622141
945.821562,227.698208,220.183766
945.821599,227.698208,220.261930
945.821655,227.698208,220.263662
945.821755,227.698208,220.265704
945.821803,227.698208,220.266795
945.821873,227.698208,220.269952
945.821916,227.698208,218.798688
945.821960,227.698208,220.271723
945.822017,227.698208,220.277507
945.822068,227.698208,175.955917
945.822110,227.698208,192.606278
945.822145,227.698208,198.922371
945.822176,227.698208,203.296458
945.822213,227.698208,206.550598
945.822244,227.698208,212.866691
945.822270,227.698208,214.463018
945.822301,227.698208,215.545798
945.822330,227.698208,217.187651
945.822358,227.698208,217.885318
945.822403,227.698208,220.278035
945.822457,227.698208,220.280494
945.822500,227.698208,208.205082
945.822542,227.698208,210.456845
945.822572,227.698208,220.281725
945.822618,227.698208,220.283960
945.822674,227.698208,220.288506
945.822778,227.698208,220.300181
945.822987,227.698208,220.303493
945.823057,227.698208,220.306158
945.823114,227.698208,220.310106
945.823165,227.698208,220.313155
945.823281,227.698208,220.314789
945.823360,227.698208,220.316939
945.823431,227.698208,220.319384
945.823486,227.698208,220.319848
945.823560,227.698208,220.321453
945.823619,227.698208,220.321760
945.823687,227.698208,220.329800
945.823733,227.698208,220.332877
945.823772,227.698208,199.381989
945.823802,227.698208,216.535045
945.823829,227.698208,217.844869
945.823855,227.698208,220.336845
945.823884,227.698208,220.337814
945.824107,227.698208,220.342656
945.824164,227.698208,220.347709
945.824213,227.698208,220.350128
945.824269,227.698208,220.352030
945.824325,227.698208,220.352050
945.824377,227.698208,220.352563
945.824431,227.698208,220.369301
945.824485,227.698208,220.374082
945.824540,227.698208,220.378059
945.824585,227.698208,220.384674
945.824641,227.698208,220.393538
945.824683,227.698208,220.402640
945.824739,227.698208,220.403250
945.824785,227.698208,220.405824
945.825015,227.698208,220.407104
945.825062,227.698208,220.408632
945.825121,227.698208,220.410570
945.825179,227.698208,220.412597
945.825232,227.698208,220.413688
945.825409,227.698208,220.416758
945.825451,227.698208,220.421210
945.825501,227.698208,220.422966
945.825628,227.698208,220.425123
945.825752,227.698208,220.425710
945.825806,227.698208,220.430066
945.825845,227.698208,220.434064
945.825967,227.698208,220.434146
945.826022,227.698208,220.435293
945.826174,227.698208,220.436502
945.826223,227.698208,220.437763
945.826282,227.698208,220.439046
945.826331,227.698208,220.439062
945.826386,227.698208,220.439570
945.826439,227.698208,220.440968
945.826493,227.698208,220.448958
945.826551,227.698208,220.455854
945.826598,227.698208,187.732282
945.826633,227.698208,201.350774
945.826662,227.698208,211.603010
945.826691,227.698208,217.392877
945.826737,227.698208,219.743886
945.826774,227.698208,220.469186
945.826832,227.698208,220.477486
945.826883,227.698208,220.481613
945.826938,227.698208,220.488971
945.827040,227.698208,220.490349
945.827089,227.698208,220.490762
945.827165,227.698208,220.490955
945.827234,227.698208,220.494557
945.827286,227.698208,220.494733
945.827335,227.698208,220.496950
945.827441,227.698208,220.497018
945.827492,227.698208,220.500726
945.827547,227.698208,220.502099
945.827638,227.698208,220.506966
945.827880,227.698208,220.512634
945.827992,227.698208,220.514942
945.828042,227.698208,220.515896
945.828107,227.698208,220.521133
945.828170,227.698208,220.522909
945.828223,227.698208,220.523998
945.828266,227.698208,220.524960
945.828327,227.698208,220.527098
945.828370,227.698208,220.529866
945.828426,227.698208,220.536656
945.828525,227.698208,220.539019
945.828571,227.698208,220.541517
945.828625,227.698208,220.546480
945.828743,227.698208,220.547731
945.828795,227.698208,220.553560
945.828861,227.698208,220.556840
945.828903,227.698208,220.561158
945.828964,227.698208,220.563750
945.829070,227.698208,220.564835
945.829125,227.698208,220.566595
945.829174,227.698208,220.573656
945.829228,227.698208,220.574886
945.829276,227.698208,212.869114
945.829305,227.698208,220.581653
945.829370,227.698208,220.581779
945.829444,227.698208,220.584650
945.829493,227.698208,220.585866
945.829545,227.698208,220.590138
945.829598,227.698208,220.606389
945.829670,227.698208,220.606797
945.829729,227.698208,220.607040
945.829783,227.698208,220.611147
945.829886,227.698208,220.613200
945.829931,227.698208,220.616670
945.829967,227.698208,220.621030
945.830016,227.698208,220.622838
945.830076,227.698208,220.624739
945.830132,227.698208,220.624883
945.830187,227.698208,220.630410
945.830247,227.698208,220.631651
945.830346,227.698208,220.633410
945.830410,227.698208,220.639478
945.830457,227.698208,220.640331
945.830509,227.698208,220.661574
945.830557,227.698208,220.664846
945.830658,227.698208,220.666910
945.830704,227.698208,220.668800
945.830756,227.698208,182.951930
945.830791,227.698208,208.676416
945.830821,227.698208,212.331904
945.830849,227.698208,215.235674
945.830885,227.698208,220.669259
945.830956,227.698208,220.672277
945.830991,227.698208,220.676070
945.831042,227.698208,220.678941
945.831095,227.698208,220.686072
945.831163,227.698208,220.689680
945.831217,227.698208,220.690774
945.831283,227.698208,220.690934
945.831341,227.698208,220.693528
945.831399,227.698208,220.693789
945.831452,227.698208,220.699562
945.831516,227.698208,220.700648
945.831554,227.698208,220.702042
945.831672,227.698208,220.702739
945.831772,227.698208,220.703794
945.831822,227.698208,220.704302
945.831876,227.698208,220.706138
945.831961,227.698208,220.709922
945.832067,227.698208,220.711323
945.832110,227.698208,220.712477
945.832157,227.698208,220.715941
945.832196,227.698208,220.716558
945.832236,227.698208,220.725398
945.832275,227.698208,220.732890
945.832316,227.698208,220.734709
945.832359,227.698208,216.848086
945.832388,227.698208,220.735070
945.832456,227.698208,220.736274
945.832494,227.698208,220.736595
945.832541,227.698208,220.737261
945.832594,227.698208,220.739573
945.832701,227.698208,220.739760
945.832751,227.698208,220.739920
945.832814,227.698208,220.740269
945.832853,227.698208,220.746478
945.832905,227.698208,220.751510
945.832953,227.698208,220.753798
945.833007,227.698208,220.757632
945.833064,227.698208,220.758816
945.833140,227.698208,220.761408
945.833212,227.698208,220.764566
945.833276,227.698208,220.767398
945.833344,227.698208,220.767466
945.833392,227.698208,220.770496
945.833464,227.698208,220.776186
945.833530,227.698208,220.781006
945.833582,227.698208,220.782650
945.833614,227.698208,220.783517
945.833667,227.698208,220.786059
945.833723,227.698208,220.786530
945.833781,227.698208,220.788352
945.833840,227.698208,220.792480
945.833916,227.698208,220.800768
945.833987,227.698208,220.805086
945.834187,227.698208,220.806480
945.834239,227.698208,220.811853
945.834430,227.698208,220.812195
945.834472,227.698208,220.812398
945.834525,227.698208,220.813208
945.834579,227.698208,220.816616
945.834620,227.698208,220.824234
945.834672,227.698208,220.827933
945.834724,227.698208,220.836026
945.834776,227.698208,220.841446
945.834876,227.698208,220.846882
945.834925,227.698208,220.852064
945.834985,227.698208,220.856277
945.835044,227.698208,220.858186
945.835081,227.698208,220.858874
945.835131,227.698208,220.865658
945.835186,227.698208,220.873523
945.835237,227.698208,220.874758
945.835279,227.698208,220.882917
945.835390,227.698208,220.885184
945.835423,227.698208,220.890814
945.835479,227.698208,220.893869
945.835520,227.698208,220.894005
945.835586,227.698208,220.898907
945.835648,227.698208,220.902714
945.835700,227.698208,220.906421
945.835739,227.698208,190.246318
945.835768,227.698208,193.273259
945.835799,227.698208,201.751093
945.835826,227.698208,214.739819
945.835866,227.698208,218.584658
945.835905,227.698208,219.480878
945.835937,227.698208,220.907282
945.835975,227.698208,220.910262
945.836041,227.698208,220.932048
945.836129,227.698208,220.932984
945.836191,227.698208,220.937141
945.836258,227.698208,220.937411
945.836306,227.698208,220.942973
945.836384,227.698208,220.946966
945.836427,227.698208,220.948286
945.836479,227.698208,220.950621
945.836533,227.698208,220.952637
945.836639,227.698208,220.953722
945.836693,227.698208,220.954269
945.836728,227.698208,220.957302
945.836775,227.698208,220.957366
945.836829,227.698208,220.958701
945.836881,227.698208,220.958742
945.836938,227.698208,220.961245
945.836990,227.698208,220.961842
945.837056,227.698208,220.963173
945.837111,227.698208,220.963773
945.837162,227.698208,214.619102
945.837194,227.698208,220.966333
945.837252,227.698208,220.967458
945.837290,227.698208,220.970507
945.837334,227.698208,220.977960
945.837380,227.698208,220.981659
945.837417,227.698208,217.127880
945.837453,227.698208,220.983552
945.837494,227.698208,220.983970
945.837553,227.698208,220.984806
945.837585,227.698208,213.002088
945.837623,227.698208,220.538294
945.837649,227.698208,220.989610
945.837690,227.698208,220.989802
945.837748,227.698208,220.990982
945.837800,227.698208,220.998179
945.837848,227.698208,220.999514
945.837898,227.698208,221.006842
945.837945,227.698208,221.015789
945.837977,227.698208,212.752090
945.838018,227.698208,221.019296
945.838069,227.698208,221.020456
945.838103,227.698208,221.020835
945.838134,227.698208,221.022392
945.838182,227.698208,221.032288
945.838232,227.698208,221.033326
945.838278,227.698208,221.033557
945.838322,227.698208,221.037837
945.838550,227.698208,221.040942
945.838593,227.698208,221.041437
945.838641,227.698208,221.042069
945.838682,227.698208,221.043981
945.838730,227.698208,221.044744
945.838824,227.698208,221.046384
945.838860,227.698208,221.047162
945.838896,227.698208,221.048186
945.838980,227.698208,221.052837
945.839024,227.698208,221.053018
945.839064,227.698208,221.053317
945.839109,227.698208,221.057674
945.839164,227.698208,221.063821
945.839223,227.698208,221.064899
945.839281,227.698208,221.066914
945.839308,227.698208,221.068078
945.839357,227.698208,221.071021
945.839410,227.698208,221.071053
945.839461,227.698208,221.081534
945.839511,227.698208,221.082414
945.839567,227.698208,221.100822
945.839687,227.698208,221.100864
945.839722,227.698208,190.440762
945.839749,227.698208,193.467702
945.839777,227.698208,201.945536
945.839801,227.698208,214.934262
945.839825,227.698208,218.779101
945.839859,227.698208,219.675322
945.839887,227.698208,221.102586
945.839967,227.698208,221.104030
945.840010,227.698208,221.104706
945.840070,227.698208,221.105269
945.840113,227.698208,221.107566
945.840163,227.698208,221.110152
945.840220,227.698208,221.115600
945.840267,227.698208,221.117869
945.840318,227.698208,221.118048
945.840452,227.698208,221.118168
945.840498,227.698208,221.123418
945.840545,227.698208,221.133610
945.840593,227.698208,221.139110
945.840640,227.698208,221.142685
945.840688,227.698208,221.146406
945.840730,227.698208,221.150158
945.840818,227.698208,221.156821
945.840871,227.698208,221.160482
945.840917,227.698208,221.163555
945.840963,227.698208,221.174946
945.841013,227.698208,221.175014
945.841059,227.698208,193.861683
945.841089,227.698208,206.193747
945.841118,227.698208,208.676403
945.841146,227.698208,221.175416
945.841202,227.698208,221.176979
945.841269,227.698208,221.178546
945.841310,227.698208,221.179125
945.841361,227.698208,221.180973
945.841411,227.698208,221.186099
945.841458,227.698208,221.187851
945.841506,227.698208,221.192192
945.841575,227.698208,221.195883
945.841628,227.698208,221.200949
945.841681,227.698208,221.202094
945.841734,227.698208,221.202659
945.841799,227.698208,221.203894
945.841926,227.698208,221.207387
945.841982,227.698208,221.207650
945.842050,227.698208,221.210232
945.842086,227.698208,219.746533
945.842127,227.698208,221.213090
945.842182,227.698208,221.217933
945.842243,227.698208,221.220595
945.842290,227.698208,221.222253
945.842325,227.698208,221.231629
945.842370,227.698208,221.232941
945.842424,227.698208,221.235157
945.842464,227.698208,221.238395
945.842509,227.698208,221.247296
945.842644,227.698208,221.252650
945.842749,227.698208,221.253282
945.842783,227.698208,221.256339
945.842878,227.698208,221.259981
945.842934,227.698208,221.261357
945.842963,227.698208,221.263645
945.843012,227.698208,221.264386
945.843051,227.698208,209.935715
945.843080,227.698208,219.504283
945.843125,227.698208,221.265749
945.843174,227.698208,189.123058
945.843206,227.698208,202.741550
945.843234,227.698208,213.130210
945.843259,227.698208,221.269402
945.843312,227.698208,221.271086
945.843343,227.698208,221.274162
945.843394,227.698208,221.285122
945.843432,227.698208,221.285878
945.843481,227.698208,221.294786
945.843544,227.698208,221.302010
945.843593,227.698208,221.306202
945.843633,227.698208,221.306899
945.843674,227.698208,221.310462
945.843716,227.698208,221.311221
945.843777,227.698208,221.311730
945.843814,227.698208,221.316789
945.843906,227.698208,221.316922
945.843993,227.698208,196.625840
945.844022,227.698208,212.792474
945.844047,227.698208,221.321870
945.844102,227.698208,221.322992
945.844134,227.698208,221.334810
945.844177,227.698208,221.339592
945.844222,227.698208,221.340454
945.844265,227.698208,221.348886
945.844351,227.698208,221.350690
945.844400,227.698208,221.352630
945.844513,227.698208,221.352984
945.844566,227.698208,221.353826
945.844629,227.698208,221.355139
945.844683,227.698208,221.357998
945.844730,227.698208,221.359626
945.844773,227.698208,221.361835
945.844816,227.698208,221.362016
945.844877,227.698208,221.362422
945.844920,227.698208,221.362928
945.844963,227.698208,221.364966
945.845007,227.698208,221.365442
945.845054,227.698208,221.371662
945.845086,227.698208,221.374827
945.845133,227.698208,221.378496
945.845177,227.698208,221.382910
945.845225,227.698208,221.385896
945.845269,227.698208,221.387235
945.845321,227.698208,221.389715
945.845362,227.698208,221.392267
945.845484,227.698208,221.394550
945.845530,227.698208,221.395392
945.845576,227.698208,221.395976
945.845620,227.698208,221.400750
945.845706,227.698208,221.404651
945.845752,227.698208,221.405650
945.845793,227.698208,221.405677
945.845837,227.698208,221.412578
945.845891,227.698208,221.415038
945.845934,227.698208,221.416696
945.845968,227.698208,221.416819
945.846004,227.698208,219.613741
945.846040,227.698208,221.422213
945.846086,227.698208,221.424776
945.846215,227.698208,221.426072
945.846260,227.698208,221.426648
945.846303,227.698208,221.429626
945.846375,227.698208,221.434080
945.846427,227.698208,221.434264
945.846470,227.698208,221.435394
945.846519,227.698208,221.436429
945.846567,227.698208,221.447725
945.846597,227.698208,221.447763
945.846745,227.698208,221.455194
945.846776,227.698208,208.757990
945.846801,227.698208,221.456590
945.846845,227.698208,221.459907
945.846949,227.698208,221.475573
945.846993,227.698208,221.482978
945.847035,227.698208,221.485250
945.847081,227.698208,221.486490
945.847121,227.698208,221.486578
945.847167,227.698208,221.487219
945.847203,227.698208,221.489080
945.847249,227.698208,221.490206
945.847280,227.698208,221.494066
945.847317,227.698208,221.494643
945.847359,227.698208,221.497030
945.847403,227.698208,218.941246
945.847435,227.698208,221.497803
945.847555,227.698208,221.499510
945.847605,227.698208,221.503171
945.847646,227.698208,221.508781
945.847696,227.698208,221.511758
945.847780,227.698208,221.513787
945.847859,227.698208,221.515034
945.847910,227.698208,221.519410
945.847959,227.698208,221.523790
945.847994,227.698208,221.525613
945.848174,227.698208,221.529773
945.848220,227.698208,221.531616
945.848270,227.698208,221.535366
945.848316,227.698208,221.536627
945.848442,227.698208,221.539123
945.848538,227.698208,221.540824
945.848651,227.698208,221.551965
945.848685,227.698208,221.556301
945.848732,227.698208,221.557371
945.848780,227.698208,221.558014
945.848831,227.698208,221.558069
945.848932,227.698208,221.558106
945.848980,227.698208,221.562302
945.849021,227.698208,221.564202
945.849061,227.698208,221.564934
945.849154,227.698208,221.565088
945.849190,227.698208,218.712634
945.849231,227.698208,221.566435
945.849278,227.698208,221.569366
945.849388,227.698208,221.570539
945.849446,227.698208,221.571152
945.849508,227.698208,221.575574
945.849551,227.698208,221.580453
945.849598,227.698208,221.582237
945.849643,227.698208,193.432058
945.849676,227.698208,213.509182
945.849703,227.698208,213.823902
945.849735,227.698208,217.629434
945.849764,227.698208,221.582843
945.849813,227.698208,221.585862
945.849868,227.698208,221.586398
945.849913,227.698208,221.586710
945.850031,227.698208,221.587726
945.850076,227.698208,221.592053
945.850121,227.698208,221.605035
945.850179,227.698208,221.605310
945.850221,227.698208,221.605678
945.850262,227.698208,221.606877
945.850307,227.698208,221.609589
945.850362,227.698208,221.612000
945.850405,227.698208,221.615549
945.850460,227.698208,221.623618
945.850566,227.698208,221.624654
945.850615,227.698208,221.627282
945.850659,227.698208,221.627310
945.850711,227.698208,221.636014
945.850765,227.698208,221.639062
945.850821,227.698208,221.641402
945.850878,227.698208,221.642490
945.850931,227.698208,221.645171
945.850985,227.698208,221.645226
945.851079,227.698208,221.647725
945.851219,227.698208,221.651296
945.851268,227.698208,221.653301
945.851388,227.698208,221.656314
945.851441,227.698208,221.658886
945.851491,227.698208,221.662222
945.851520,227.698208,221.665334
945.851551,227.698208,221.665464
945.851591,227.698208,221.667894
945.851622,227.698208,221.668666
945.851666,227.698208,221.668675
945.851711,227.698208,221.672880
945.851755,227.698208,221.672984
945.851869,227.698208,221.673720
945.851912,227.698208,221.674806
945.852014,227.698208,221.676942
945.852049,227.698208,221.677064
945.852087,227.698208,221.679693
945.852136,227.698208,221.684510
945.852178,227.698208,221.690731
945.852218,227.698208,221.694662
945.852248,227.698208,221.696992
945.852296,227.698208,221.709214
945.852328,227.698208,221.713662
945.852401,227.698208,221.716256
945.852451,227.698208,221.716939
945.852540,227.698208,221.720608
945.852602,227.698208,221.721218
945.852658,227.698208,221.722982
945.852708,227.698208,221.731082
945.852757,227.698208,221.732998
945.853075,227.698208,221.734686
945.853123,227.698208,221.738221
945.853193,227.698208,221.739611
945.853235,227.698208,221.743811
945.853281,227.698208,221.747189
945.853328,227.698208,221.750763
945.853372,227.698208,221.751430
945.853416,227.698208,221.756365
945.853481,227.698208,221.756643
945.853513,227.698208,221.758144
945.853565,227.698208,221.761328
945.853611,227.698208,221.776122
945.853665,227.698208,221.776744
945.853720,227.698208,221.778602
945.853767,227.698208,221.782051
945.853822,227.698208,221.786310
945.853851,227.698208,221.787294
945.853916,227.698208,221.788024
945.853952,227.698208,193.527758
945.853983,227.698208,198.874722
945.854010,227.698208,218.027922
945.854049,227.698208,220.113074
945.854078,227.698208,220.535042
945.854104,227.698208,221.798310
945.854147,227.698208,209.903520
945.854174,227.698208,221.798310
945.854211,227.698208,209.903520
945.854237,227.698208,221.802426
945.854274,227.698208,221.804032
945.854333,227.698208,221.804522
945.854366,227.698208,220.866774
945.854407,227.698208,221.805048
945.854459,227.698208,221.805654
945.854557,227.698208,221.808602
945.854636,227.698208,221.809285
945.854687,227.698208,221.810694
945.854742,227.698208,221.813816
945.854792,227.698208,221.824157
945.854831,227.698208,221.824798
945.854883,227.698208,221.825597
945.854931,227.698208,221.828694
945.854997,227.698208,221.830594
945.855047,227.698208,221.831018
945.855097,227.698208,221.834702
945.855138,227.698208,199.568523
945.855166,227.698208,208.835157
945.855191,227.698208,221.401717
945.855215,227.698208,221.568523
945.855251,227.698208,221.836595
945.855297,227.698208,221.837445
945.855324,227.698208,221.841430
945.855365,227.698208,221.849110
945.855423,227.698208,221.849296
945.855469,227.698208,221.849950
945.855503,227.698208,221.853824
945.855587,227.698208,221.854256
945.855625,227.698208,221.855581
945.855659,227.698208,221.858222
945.855718,227.698208,221.861310
945.855935,227.698208,221.861459
945.855987,227.698208,221.867323
945.856037,227.698208,221.867350
945.856087,227.698208,221.867814
945.856144,227.698208,221.868626
945.856201,227.698208,221.869053
945.856237,227.698208,221.879774
945.856286,227.698208,221.884128
945.856424,227.698208,221.892224
945.856459,227.698208,221.893456
945.856693,227.698208,221.898987
945.856786,227.698208,221.900118
945.856874,227.698208,221.901490
945.856928,227.698208,221.902120
945.856971,227.698208,221.904821
945.857020,227.698208,221.905210
945.857064,227.698208,221.906358
945.857116,227.698208,221.908182
945.857164,227.698208,221.914374
945.857403,227.698208,221.920632
945.857453,227.698208,221.921379
945.857503,227.698208,221.922926
945.857548,227.698208,221.924253
945.857595,227.698208,221.926021
945.857633,227.698208,221.928635
945.857686,227.698208,221.932216
945.857814,227.698208,221.932258
945.857885,227.698208,221.932926
945.857929,227.698208,221.932941
945.857977,227.698208,221.934136
945.858023,227.698208,221.937307
945.858154,227.698208,221.938926
945.858195,227.698208,221.948296
945.858239,227.698208,221.948410
945.858295,227.698208,221.948771
945.858366,227.698208,221.950190
945.858415,227.698208,221.950866
945.858467,227.698208,221.952014
945.858525,227.698208,221.953821
945.858662,227.698208,221.953974
945.858698,227.698208,221.954413
945.858798,227.698208,221.963326
945.858846,227.698208,221.965014
945.858884,227.698208,221.966709
945.858951,227.698208,221.967450
945.858987,227.698208,221.967526
945.859028,227.698208,221.973656
945.859074,227.698208,221.975800
945.859108,227.698208,221.978477
945.859170,227.698208,221.983885
945.859269,227.698208,221.984141
945.859316,227.698208,221.986150
945.859357,227.698208,185.169363
945.859390,227.698208,196.180390
945.859418,227.698208,210.453094
945.859449,227.698208,213.928531
945.859481,227.698208,221.989138
945.859540,227.698208,221.992758
945.859620,227.698208,222.000149
945.859659,227.698208,222.002958
945.859701,227.698208,222.004307
945.859760,227.698208,222.007322
945.859801,227.698208,222.008198
945.859855,227.698208,222.014331
945.859903,227.698208,222.014981
945.859948,227.698208,222.016819
945.860026,227.698208,222.022957
945.860075,227.698208,222.024901
945.860129,227.698208,222.032426
945.860197,227.698208,222.037640
945.860247,227.698208,222.039493
945.860297,227.698208,222.050750
945.860353,227.698208,222.058749
945.860403,227.698208,222.064392
945.860438,227.698208,217.214768
945.860478,227.698208,222.067520
945.860514,227.698208,212.097645
945.860553,227.698208,222.067854
945.860607,227.698208,222.074693
945.860654,227.698208,222.080856
945.860702,227.698208,222.084555
945.860734,227.698208,222.086942
945.860775,227.698208,222.087054
945.860855,227.698208,222.087899
945.860961,227.698208,222.089654
945.861030,227.698208,222.089731
945.861075,227.698208,222.102626
945.861123,227.698208,222.102739
945.861171,227.698208,222.105142
945.861226,227.698208,222.105816
945.861271,227.698208,222.107520
945.861309,227.698208,222.107734
945.861364,227.698208,222.114714
945.861391,227.698208,222.115822
945.861441,227.698208,222.123573
945.861495,227.698208,222.124154
945.861603,227.698208,222.125624
945.861649,227.698208,222.125962
945.861684,227.698208,222.126061
945.861734,227.698208,222.126181
945.861786,227.698208,222.126701
945.861838,227.698208,222.132787
945.861916,227.698208,222.139165
945.861950,227.698208,209.263008
945.861977,227.698208,222.141344
945.862028,227.698208,222.143445
945.862096,227.698208,222.144621
945.862151,227.698208,222.149594
945.862198,227.698208,222.156384
945.862262,227.698208,222.158861
945.862303,227.698208,222.158909
945.862357,227.698208,222.160573
945.862393,227.698208,222.163179
945.862434,227.698208,222.165454
945.862479,227.698208,222.166147
945.862510,227.698208,222.167338
945.862560,227.698208,222.168682
945.862619,227.698208,222.170237
945.862650,227.698208,222.172920
945.862714,227.698208,222.174587
945.862756,227.698208,222.174858
945.862795,227.698208,222.184165
945.862835,227.698208,222.186840
945.862863,227.698208,222.190206
945.862906,227.698208,222.190307
945.862954,227.698208,222.192269
945.862983,227.698208,222.196403
945.863016,227.698208,222.196507
945.863055,227.698208,222.197698
945.863162,227.698208,222.206886
945.863244,227.698208,222.214202
945.863290,227.698208,222.215637
945.863342,227.698208,222.216168
945.863382,227.698208,222.221651
945.863427,227.698208,222.222786
945.863499,227.698208,222.225542
945.863539,227.698208,219.319770
945.863566,227.698208,222.226088
945.863609,227.698208,222.226320
945.863650,227.698208,222.228598
945.863708,227.698208,222.231509
945.863752,227.698208,222.232109
945.863784,227.698208,222.232963
945.863842,227.698208,222.233368
945.863888,227.698208,222.242966
945.863999,227.698208,222.243304
945.864049,227.698208,222.245194
945.864104,227.698208,222.246286
945.864139,227.698208,222.252522
945.864189,227.698208,222.256989
945.864220,227.698208,222.257050
945.864264,227.698208,222.257523
945.864307,227.698208,222.259256
945.864416,227.698208,222.259371
945.864464,227.698208,222.267853
945.864496,227.698208,222.268456
945.864539,227.698208,222.269368
945.864648,227.698208,222.273014
945.864758,227.698208,222.275354
945.864801,227.698208,222.294610
945.864838,227.698208,222.299406
945.864871,227.698208,222.300886
945.864903,227.698208,222.304437
945.865002,227.698208,222.309518
945.865051,227.698208,222.310501
945.865109,227.698208,222.311920
945.865227,227.698208,222.319434
945.865273,227.698208,222.323056
945.865322,227.698208,222.325046
945.865450,227.698208,222.330528
945.865533,227.698208,222.331574
945.865580,227.698208,222.331670
945.865680,227.698208,222.333358
945.865730,227.698208,222.334118
945.865821,227.698208,222.339426
945.865874,227.698208,222.340278
945.865911,227.698208,221.703546
945.865938,227.698208,222.341474
945.865989,227.698208,222.346960
945.866034,227.698208,222.354342
945.866080,227.698208,222.355779
945.866128,227.698208,222.359174
945.866168,227.698208,222.359331
945.866228,227.698208,222.361781
945.866283,227.698208,222.363795
945.866318,227.698208,222.369402
945.866369,227.698208,222.371256
945.866404,227.698208,222.373027
945.866455,227.698208,222.375424
945.866555,227.698208,222.376763
945.866593,227.698208,211.030267
945.866632,227.698208,217.946915
945.866667,227.698208,222.380350
945.866716,227.698208,222.381970
945.866748,227.698208,222.384021
945.866793,227.698208,222.384510
945.866889,227.698208,222.388984
945.867033,227.698208,222.392178
945.867083,227.698208,222.394462
945.867132,227.698208,222.396477
945.867182,227.698208,222.397085
945.867235,227.698208,222.398902
945.867300,227.698208,222.399648
945.867337,227.698208,222.402526
945.867381,227.698208,222.408128
945.867425,227.698208,222.409466
945.867468,227.698208,222.409974
945.867517,227.698208,222.417477
945.867575,227.698208,222.419318
945.867623,227.698208,222.421312
945.867675,227.698208,222.427406
945.867732,227.698208,222.427946
945.867775,227.698208,222.429630
945.867822,227.698208,222.433557
945.867868,227.698208,222.435845
945.867911,227.698208,222.436538
945.867970,227.698208,222.436986
945.868003,227.698208,222.440790
945.868079,227.698208,222.441562
945.868175,227.698208,222.442808
945.868216,227.698208,222.444600
945.868261,227.698208,222.444640
945.868353,227.698208,222.445709
945.868394,227.698208,222.445960
945.868428,227.698208,202.768093
945.868473,227.698208,214.375501
945.868510,227.698208,222.448696
945.868589,227.698208,222.451982
945.868637,227.698208,222.453261
945.868770,227.698208,222.455155
945.868816,227.698208,222.458914
945.868862,227.698208,222.459918
945.868898,227.698208,222.460067
945.868946,227.698208,222.462206
945.868988,227.698208,222.464512
945.869026,227.698208,222.469827
945.869076,227.698208,222.476594
945.869119,227.698208,222.478134
945.869166,227.698208,222.478970
945.869205,227.698208,222.483923
945.869252,227.698208,222.487210
945.869288,227.698208,222.491435
945.869361,227.698208,222.501902
945.869400,227.698208,222.503194
945.869447,227.698208,222.505678
945.869489,227.698208,222.512462
945.869520,227.698208,208.390763
945.869554,227.698208,216.468437
945.869576,227.698208,222.512597
945.869605,227.698208,200.106677
945.869627,227.698208,219.987054
945.869658,227.698208,222.027890
945.869688,227.698208,222.514510
945.869730,227.698208,222.516736
945.869768,227.698208,222.517421
945.869812,227.698208,222.519490
945.869867,227.698208,222.524971
945.869942,227.698208,222.525891
945.869975,227.698208,222.532278
945.870023,227.698208,222.533315
945.870062,227.698208,222.534635
945.870104,227.698208,222.541904
945.870135,227.698208,222.542035
945.870168,227.698208,222.552803
945.870210,227.698208,222.554485
945.870241,227.698208,222.563174
945.870303,227.698208,222.563808
945.870361,227.698208,222.564443
945.870509,227.698208,222.572365
945.870554,227.698208,222.575006
945.870593,227.698208,222.576778
945.870650,227.698208,222.578414
945.870692,227.698208,222.583941
945.870723,227.698208,222.589882
945.870750,227.698208,222.591082
945.870787,227.698208,202.869309
945.870814,227.698208,215.361949
945.870851,227.698208,218.587802
945.870874,227.698208,222.592642
945.870926,227.698208,222.594525
945.870967,227.698208,222.596920
945.871005,227.698208,222.596981
945.871082,227.698208,222.599339
945.871116,227.698208,222.599480
945.871188,227.698208,222.600102
945.871237,227.698208,222.602070
945.871295,227.698208,222.603334
945.871325,227.698208,222.610634
945.871371,227.698208,222.611910
945.871404,227.698208,222.613128
945.871455,227.698208,222.620595
945.871597,227.698208,222.621162
945.871635,227.698208,222.621195
945.871684,227.698208,222.628326
945.871718,227.698208,222.629739
945.871784,227.698208,222.631805
945.871837,227.698208,222.632045
945.871870,227.698208,222.635240
945.871916,227.698208,222.636005
945.872021,227.698208,222.639091
945.872191,227.698208,222.641462
945.872241,227.698208,222.645056
945.872287,227.698208,222.645816
945.872335,227.698208,222.645870
945.872372,227.698208,222.646410
945.872429,227.698208,222.646526
945.872482,227.698208,222.649018
945.872590,227.698208,222.651480
945.872639,227.698208,222.652534
945.872745,227.698208,222.660533
945.872802,227.698208,222.661331
945.872852,227.698208,222.663883
945.872980,227.698208,222.665950
945.873026,227.698208,222.666070
945.873077,227.698208,222.666640
945.873123,227.698208,222.667434
945.873170,227.698208,222.669408
945.873229,227.698208,222.670434
945.873278,227.698208,222.680206
945.873323,227.698208,222.681653
945.873354,227.698208,222.683102
945.873389,227.698208,222.689146
945.873435,227.698208,222.689720
945.873483,227.698208,222.692118
945.873540,227.698208,222.692267
945.873606,227.698208,222.700610
945.873658,227.698208,222.707040
945.873689,227.698208,200.301120
945.873714,227.698208,220.181498
945.873749,227.698208,222.222333
945.873777,227.698208,222.711400
945.873831,227.698208,222.712734
945.873862,227.698208,222.713736
945.873894,227.698208,220.357429
945.873925,227.698208,222.714869
945.874036,227.698208,222.718797
945.874075,227.698208,222.718846
945.874114,227.698208,222.719867
945.874151,227.698208,222.719965
945.874193,227.698208,222.721613
945.874246,227.698208,222.724872
945.874288,227.698208,222.727950
945.874331,227.698208,222.729774
945.874432,227.698208,222.733338
945.874476,227.698208,222.734750
945.874515,227.698208,222.739075
945.874565,227.698208,222.742661
945.874606,227.698208,222.742707
945.874648,227.698208,222.745722
945.874678,227.698208,222.751488
945.874840,227.698208,222.752318
945.874922,227.698208,222.754614
945.874966,227.698208,222.758624
945.875010,227.698208,222.762438
945.875134,227.698208,222.763147
945.875172,227.698208,222.769237
945.875216,227.698208,222.770787
945.875246,227.698208,218.624131
945.875271,227.698208,221.037731
945.875295,227.698208,222.770787
945.875324,227.698208,218.624131
945.875347,227.698208,221.037731
945.875370,227.698208,222.787694
945.875409,227.698208,222.790216
945.875527,227.698208,222.791734
945.875582,227.698208,222.793168
945.875629,227.698208,222.793283
945.875671,227.698208,222.799571
945.875704,227.698208,222.418733
945.875738,227.698208,222.799597
945.875782,227.698208,222.806858
945.875929,227.698208,222.809418
945.875972,227.698208,222.816797
945.876014,227.698208,214.084478
945.876043,227.698208,222.816832
945.876088,227.698208,222.817037
945.876142,227.698208,222.819214
945.876187,227.698208,222.819501
945.876210,227.698208,222.820653
945.876245,227.698208,209.231512
945.876270,227.698208,219.825990
945.876307,227.698208,222.823554
945.876353,227.698208,222.823830
945.876401,227.698208,222.824355
945.876442,227.698208,222.830339
945.876488,227.698208,222.833410
945.876537,227.698208,222.839002
945.876586,227.698208,222.844042
945.876631,227.698208,222.848115
945.876674,227.698208,222.849355
945.876723,227.698208,222.850141
945.876787,227.698208,222.854850
945.876825,227.698208,222.855613
945.876866,227.698208,222.855774
945.876911,227.698208,222.856848
945.876958,227.698208,222.856888
945.877005,227.698208,222.858248
945.877112,227.698208,222.858326
945.877245,227.698208,222.859968
945.877290,227.698208,222.862458
945.877330,227.698208,219.685174
945.877372,227.698208,222.866272
945.877647,227.698208,222.867021
945.877702,227.698208,222.868586
945.877761,227.698208,222.869848
945.877812,227.698208,222.870211
945.877855,227.698208,222.874648
945.877889,227.698208,222.877326
945.877929,227.698208,222.879576
945.877973,227.698208,222.880992
945.878004,227.698208,222.880995
945.878050,227.698208,222.885320
945.878099,227.698208,222.886710
945.878168,227.698208,222.887766
945.878266,227.698208,222.887789
945.878315,227.698208,222.891064
945.878369,227.698208,222.892080
945.878421,227.698208,222.896894
945.878459,227.698208,222.898976
945.878517,227.698208,222.899510
945.878565,227.698208,222.903723
945.878669,227.698208,222.911901
945.878701,227.698208,214.124222
945.878739,227.698208,222.913810
945.878770,227.698208,206.774830
945.878807,227.698208,212.426594
945.878829,227.698208,220.456194
945.878857,227.698208,222.915426
945.878899,227.698208,222.916118
945.878948,227.698208,222.922328
945.878979,227.698208,208.541776
945.879002,227.698208,222.924246
945.879058,227.698208,222.924968
945.879088,227.698208,218.392181
945.879121,227.698208,220.884757
945.879151,227.698208,222.927933
945.879240,227.698208,222.929293
945.879270,227.698208,222.929333
945.879311,227.698208,222.931062
945.879355,227.698208,222.937150
945.879397,227.698208,222.942966
945.879428,227.698208,206.463117
945.879452,227.698208,222.942966
945.879481,227.698208,206.463117
945.879505,227.698208,222.950019
945.879552,227.698208,222.954298
945.879621,227.698208,222.957658
945.879657,227.698208,210.097029
945.879690,227.698208,222.357442
945.879713,227.698208,222.958840
945.879757,227.698208,222.964859
945.879786,227.698208,222.972282
945.879831,227.698208,222.977718
945.879859,227.698208,222.979806
945.879902,227.698208,222.981496
945.879942,227.698208,222.984136
945.879997,227.698208,222.985304
945.880040,227.698208,222.985413
945.880097,227.698208,222.985856
945.880140,227.698208,222.985962
945.880180,227.698208,222.986178
945.880235,227.698208,222.986686
945.880351,227.698208,222.991541
945.880429,227.698208,220.635266
945.880477,227.698208,222.996565
945.880519,227.698208,220.729218
945.880567,227.698208,222.998864
945.880620,227.698208,222.999474
945.880746,227.698208,223.000154
945.880849,227.698208,223.000797
945.880894,227.698208,223.001405
945.881019,227.698208,223.002387
945.881083,227.698208,223.003842
945.881176,227.698208,223.003886
945.881334,227.698208,223.004362
945.881403,227.698208,223.008030
945.881464,227.698208,223.011245
945.881527,227.698208,223.013066
945.881612,227.698208,223.013128
945.881686,227.698208,223.016469
945.881749,227.698208,223.018274
945.881817,227.698208,223.021680
945.881866,227.698208,223.021803
945.881937,227.698208,223.026138
945.881999,227.698208,223.026165
945.882095,227.698208,223.027978
945.882329,227.698208,223.028530
945.882393,227.698208,223.032429
945.882455,227.698208,223.035238
945.882500,227.698208,223.035312
945.882547,227.698208,223.035416
945.882593,227.698208,223.036222
945.882644,227.698208,223.039704
945.882907,227.698208,223.047842
945.882945,227.698208,223.050624
945.882980,227.698208,223.053752
945.883033,227.698208,223.056320
945.883080,227.698208,223.058910
945.883145,227.698208,223.063734
945.883264,227.698208,223.065062
945.883306,227.698208,223.068549
945.883358,227.698208,223.070310
945.883386,227.698208,223.071045
945.883430,227.698208,223.074019
945.883473,227.698208,223.081005
945.883530,227.698208,223.082176
945.883583,227.698208,223.085507
945.883631,227.698208,223.086045
945.883682,227.698208,223.088333
945.883737,227.698208,223.100794
945.883780,227.698208,223.105824
945.884002,227.698208,223.108754
945.884045,227.698208,223.110678
945.884085,227.698208,223.114218
945.884132,227.698208,223.116208
945.884163,227.698208,223.118694
945.884220,227.698208,223.120651
945.884315,227.698208,223.129309
945.884366,227.698208,223.138963
945.884397,227.698208,223.139386
945.884427,227.698208,223.140307
945.884457,227.698208,215.690840
945.884489,227.698208,223.141451
945.884536,227.698208,223.146435
945.884563,227.698208,223.147269
945.884588,227.698208,223.151325
945.884708,227.698208,223.152101
945.884743,227.698208,193.189136
945.884771,227.698208,213.691472
945.884801,227.698208,223.153197
945.884888,227.698208,223.154325
945.884946,227.698208,223.156339
945.884985,227.698208,223.157594
945.885033,227.698208,223.157670
945.885078,227.698208,223.160578
945.885138,227.698208,223.161107
945.885185,227.698208,223.161331
945.885222,227.698208,223.165043
945.885298,227.698208,223.168126
945.885336,227.698208,223.168498
945.885376,227.698208,223.169898
945.885428,227.698208,223.171867
945.885472,227.698208,223.176581
945.885511,227.698208,223.177854
945.885551,227.698208,223.178546
945.885625,227.698208,223.187234
945.885668,227.698208,223.189598
945.885710,227.698208,223.194518
945.885750,227.698208,223.199446
945.885790,227.698208,223.199520
945.885839,227.698208,223.205269
945.885867,227.698208,197.026670
945.885890,227.698208,203.872270
945.885913,227.698208,205.719234
945.885934,227.698208,216.668405
945.885954,227.698208,220.323752
945.885975,227.698208,220.921810
945.886004,227.698208,223.208134
945.886044,227.698208,223.210563
945.886072,227.698208,223.211930
945.886117,227.698208,223.213037
945.886175,227.698208,223.213694
945.886236,227.698208,223.216277
945.886271,227.698208,223.220608
945.886325,227.698208,223.228830
945.886366,227.698208,223.229146
945.886414,227.698208,223.229872
945.886456,227.698208,223.230562
945.886519,227.698208,223.230778
945.886547,227.698208,223.231034
945.886589,227.698208,223.231501
945.886635,227.698208,223.233210
945.886666,227.698208,223.242813
945.886696,227.698208,218.686506
945.886728,227.698208,223.243194
945.886765,227.698208,223.243574
945.886864,227.698208,223.245898
945.886907,227.698208,223.248261
945.886963,227.698208,223.252597
945.887004,227.698208,223.258178
945.887106,227.698208,223.258781
945.887136,227.698208,210.856608
945.887156,227.698208,223.260050
945.887220,227.698208,223.266198
945.887256,227.698208,223.266330
945.887305,227.698208,223.269888
945.887335,227.698208,223.273022
945.887417,227.698208,223.273050
945.887459,227.698208,223.276619
945.887504,227.698208,223.278270
945.887540,227.698208,223.284662
945.887571,227.698208,223.285326
945.887610,227.698208,223.288397
945.887652,227.698208,223.291624
945.887683,227.698208,217.103696
945.887719,227.698208,223.297750
945.887768,227.698208,223.306350
945.887795,227.698208,209.909144
945.887817,227.698208,222.603622
945.887857,227.698208,223.306350
945.887908,227.698208,223.308645
945.887942,227.698208,223.309472
945.887981,227.698208,223.311186
945.888026,227.698208,223.312006
945.888067,227.698208,223.314922
945.888108,227.698208,223.315661
945.888148,227.698208,223.317630
945.888188,227.698208,223.318219
945.888229,227.698208,223.321813
945.888279,227.698208,223.322560
945.888334,227.698208,223.323450
945.888367,227.698208,223.324182
945.888450,227.698208,223.324240
945.888530,227.698208,223.328504
945.888570,227.698208,223.331546
945.888622,227.698208,223.331715
945.888660,227.698208,196.571587
945.888687,227.698208,212.164150
945.888711,227.698208,222.878870
945.888734,227.698208,223.082062
945.888763,227.698208,223.332130
945.888806,227.698208,223.332258
945.888995,227.698208,223.334216
945.889039,227.698208,223.334738
945.889067,227.698208,214.547059
945.889102,227.698208,223.338496
945.889164,227.698208,223.340262
945.889206,227.698208,223.344605
945.889253,227.698208,223.346110
945.889295,227.698208,223.352062
945.889333,227.698208,223.352114
945.889381,227.698208,223.361168
945.889427,227.698208,223.364533
945.889475,227.698208,223.364982
945.889538,227.698208,223.365816
945.889580,227.698208,223.366310
945.889628,227.698208,223.367989
945.889692,227.698208,223.370784
945.889750,227.698208,223.371707
945.889799,227.698208,223.371816
945.889844,227.698208,223.373470
945.889946,227.698208,223.374766
945.890084,227.698208,223.375715
945.890169,227.698208,223.382901
945.890205,227.698208,223.384125
945.890253,227.698208,223.384520
945.890295,227.698208,223.396968
945.890346,227.698208,223.398386
945.890391,227.698208,223.402483
945.890432,227.698208,223.404352
945.890512,227.698208,223.405750
945.890561,227.698208,223.405805
945.890596,227.698208,223.407853
945.890627,227.698208,223.409301
945.890677,227.698208,223.415829
945.890726,227.698208,223.416819
945.890761,227.698208,221.613741
945.890799,227.698208,223.416819
945.890833,227.698208,221.613741
945.890870,227.698208,223.417200
945.890907,227.698208,223.417416
945.890942,227.698208,223.418070
945.890985,227.698208,223.421643
945.891017,227.698208,223.430798
945.891105,227.698208,223.431134
945.891148,227.698208,223.431851
945.891183,227.698208,223.432258
945.891227,227.698208,223.438018
945.891324,227.698208,223.439011
945.891367,227.698208,223.440917
945.891397,227.698208,223.441675
945.891442,227.698208,223.443075
945.891474,227.698208,223.445787
945.891512,227.698208,223.449030
945.891625,227.698208,223.449795
945.891715,227.698208,223.453293
945.891759,227.698208,223.454381
945.891803,227.698208,223.456211
945.891850,227.698208,223.459310
945.891897,227.698208,223.460642
945.891938,227.698208,223.464966
945.892050,227.698208,223.467512
945.892094,227.698208,223.474978
945.892138,227.698208,221.474011
945.892167,227.698208,223.477187
945.892204,227.698208,223.479770
945.892249,227.698208,223.482248
945.892297,227.698208,223.482306
945.892353,227.698208,223.485806
945.892395,227.698208,223.487682
945.892490,227.698208,223.494706
945.892635,227.698208,223.497738
945.892689,227.698208,223.498458
945.892807,227.698208,223.500002
945.892871,227.698208,223.500794
945.892927,227.698208,223.501146
945.892961,227.698208,223.501325
945.892996,227.698208,223.502874
945.893034,227.698208,217.584886
945.893069,227.698208,223.505534
945.893123,227.698208,223.506418
945.893161,227.698208,223.509538
945.893260,227.698208,223.514194
945.893350,227.698208,223.519235
945.893409,227.698208,223.523986
945.893451,227.698208,223.532939
945.893519,227.698208,223.535358
945.893566,227.698208,223.537365
945.893614,227.698208,223.538283
945.893720,227.698208,223.541526
945.893776,227.698208,223.544790
945.893835,227.698208,223.545061
945.893883,227.698208,223.545226
945.893924,227.698208,223.545950
945.893966,227.698208,223.546480
945.894018,227.698208,223.547219
945.894062,227.698208,223.550954
945.894120,227.698208,223.552414
945.894155,227.698208,223.556766
945.894206,227.698208,223.559606
945.894306,227.698208,223.560648
945.894334,227.698208,216.172970
945.894367,227.698208,223.562653
945.894405,227.698208,223.565088
945.894433,227.698208,220.712634
945.894466,227.698208,223.565088
945.894494,227.698208,220.712634
945.894527,227.698208,223.566461
945.894619,227.698208,223.568096
945.894662,227.698208,223.568594
945.894736,227.698208,223.570056
945.894789,227.698208,223.575453
945.894824,227.698208,223.576186
945.894854,227.698208,197.533363
945.894879,227.698208,213.125926
945.894900,227.698208,223.577725
945.894973,227.698208,223.578386
945.895007,227.698208,223.578653
945.895034,227.698208,211.271770
945.895067,227.698208,219.387475
945.895090,227.698208,223.580310
945.895122,227.698208,223.584070
945.895151,227.698208,223.584630
945.895228,227.698208,223.586336
945.895259,227.698208,223.592960
945.895288,227.698208,221.787056
945.895311,227.698208,223.593891
945.895357,227.698208,223.599648
945.895559,227.698208,223.600806
945.895607,227.698208,223.556867
945.895648,227.698208,223.601923
945.895713,227.698208,223.610650
945.895764,227.698208,223.618568
945.895807,227.698208,223.618746
945.895851,227.698208,223.620434
945.895896,227.698208,223.621374
945.895929,227.698208,223.624432
945.895957,227.698208,223.625613
945.896115,227.698208,223.626701
945.896160,227.698208,223.631230
945.896200,227.698208,223.632872
945.896236,227.698208,223.637090
945.896295,227.698208,223.642765
945.896455,227.698208,223.643445
945.896517,227.698208,223.645059
945.896573,227.698208,223.646358
945.896630,227.698208,223.661360
945.896723,227.698208,223.662270
945.896754,227.698208,223.665270
945.896793,227.698208,223.665614
945.896848,227.698208,223.665710
945.896891,227.698208,223.666698
945.896924,227.698208,223.669354
945.896980,227.698208,223.671168
945.897087,227.698208,223.673994
945.897133,227.698208,223.675848
945.897209,227.698208,223.676794
945.897262,227.698208,223.679037
945.897302,227.698208,223.682066
945.897345,227.698208,223.684899
945.897385,227.698208,223.685293
945.897424,227.698208,223.686709
945.897466,227.698208,223.688528
945.897514,227.698208,223.691405
945.897561,227.698208,223.693474
945.897608,227.698208,223.695958
945.897652,227.698208,223.701198
945.897701,227.698208,223.703925
945.897770,227.698208,223.705310
945.897816,227.698208,223.709261
945.897863,227.698208,223.713666
945.897935,227.698208,223.714424
945.897981,227.698208,223.716118
945.898019,227.698208,223.716939
945.898079,227.698208,223.722491
945.898142,227.698208,223.725414
945.898225,227.698208,223.728584
945.898277,227.698208,223.732902
945.898329,227.698208,223.733990
945.898377,227.698208,223.734016
945.898424,227.698208,223.738424
945.898469,227.698208,223.739234
945.898536,227.698208,223.742973
945.898570,227.698208,213.995845
945.898610,227.698208,223.744965
945.898660,227.698208,223.745266
945.898708,227.698208,223.746931
945.898743,227.698208,223.747032
945.898781,227.698208,198.946768
945.898810,227.698208,216.778832
945.898834,227.698208,219.261488
945.898856,227.698208,223.624432
945.898882,227.698208,223.748144
945.898915,227.698208,223.752659
945.898961,227.698208,223.757310
945.898999,227.698208,223.759226
945.899041,227.698208,223.761299
945.899087,227.698208,223.765573
945.899122,227.698208,223.767960
945.899172,227.698208,223.773699
945.899214,227.698208,223.779134
945.899269,227.698208,223.779178
945.899353,227.698208,223.779742
945.899393,227.698208,223.781605
945.899443,227.698208,223.793475
945.899484,227.698208,223.794386
945.899516,227.698208,223.796739
945.899546,227.698208,223.798976
945.899586,227.698208,223.799453
945.899626,227.698208,223.799523
945.899661,227.698208,223.801330
945.899731,227.698208,223.807917
945.899779,227.698208,223.814830
945.899877,227.698208,223.815090
945.899919,227.698208,223.815256
945.899952,227.698208,223.818635
945.900011,227.698208,223.819392
945.900042,227.698208,214.013741
945.900078,227.698208,223.822427
945.900118,227.698208,223.824955
945.900269,227.698208,223.825414
945.900311,227.698208,223.827374
945.900400,227.698208,223.829186
945.900446,227.698208,223.831544
945.900496,227.698208,223.834150
945.900539,227.698208,223.837949
945.900597,227.698208,223.838902
945.900645,227.698208,223.841546
945.900676,227.698208,223.843574
945.900734,227.698208,223.844584
945.900774,227.698208,223.846480
945.900835,227.698208,223.848941
945.900881,227.698208,223.849542
945.900931,227.698208,223.850837
945.901031,227.698208,223.853798
945.901083,227.698208,223.853894
945.901248,227.698208,223.855085
945.901364,227.698208,223.861029
945.901401,227.698208,223.862266
945.901433,227.698208,223.865168
945.901474,227.698208,223.876653
945.901520,227.698208,223.877954
945.901569,227.698208,223.884067
945.901614,227.698208,223.887437
945.901646,227.698208,190.916221
945.901670,227.698208,192.132058
945.901697,227.698208,201.579021
945.901720,227.698208,211.746778
945.901743,227.698208,222.002621
945.901770,227.698208,223.239341
945.901791,227.698208,223.891990
945.901875,227.698208,223.893909
945.901925,227.698208,223.894421
945.901978,227.698208,223.894786
945.902009,227.698208,223.895093
945.902061,227.698208,223.895157
945.902110,227.698208,223.895722
945.902158,227.698208,223.898368
945.902220,227.698208,223.904357
945.902248,227.698208,223.904430
945.902273,227.698208,223.907512
945.902389,227.698208,223.912987
945.902414,227.698208,223.914720
945.902450,227.698208,223.921125
945.902488,227.698208,223.923592
945.902531,227.698208,223.931446
945.902576,227.698208,223.932354
945.902808,227.698208,223.934542
945.902850,227.698208,223.934658
945.902901,227.698208,223.939840
945.902959,227.698208,223.943435
945.903010,227.698208,223.943542
945.903074,227.698208,223.945784
945.903117,227.698208,223.947102
945.903162,227.698208,223.952114
945.903261,227.698208,223.953974
945.903313,227.698208,223.960627
945.903345,227.698208,223.963328
945.903375,227.698208,222.981608
945.903410,227.698208,223.963565
945.903459,227.698208,223.964957
945.903506,227.698208,223.967454
945.903553,227.698208,223.970491
945.903601,227.698208,223.970518
945.903671,227.698208,223.971226
945.903730,227.698208,223.974814
945.903774,227.698208,223.977795
945.903821,227.698208,223.977912
945.903865,227.698208,223.981715
945.903908,227.698208,223.982098
945.903939,227.698208,223.982744
945.903992,227.698208,223.988997
945.904039,227.698208,223.992811
945.904072,227.698208,223.996662
945.904115,227.698208,224.000149
945.904180,227.698208,224.001490
945.904233,227.698208,224.001837
945.904284,227.698208,224.002038
945.904315,227.698208,224.005747
945.904346,227.698208,205.349315
945.904371,227.698208,215.281315
945.904396,227.698208,222.758587
945.904432,227.698208,224.006202
945.904476,227.698208,224.008136
945.904523,227.698208,224.013421
945.904554,227.698208,224.014464
945.904606,227.698208,224.018062
945.904651,227.698208,224.025288
945.904696,227.698208,224.025450
945.904794,227.698208,224.030146
945.904836,227.698208,224.032392
945.904895,227.698208,224.035885
945.904942,227.698208,224.037837
945.904989,227.698208,224.038018
945.905109,227.698208,224.039027
945.905150,227.698208,224.044269
945.905186,227.698208,224.047629
945.905235,227.698208,224.048296
945.905318,227.698208,224.050842
945.905360,227.698208,224.058128
945.905405,227.698208,224.062490
945.905433,227.698208,224.066106
945.905478,227.698208,224.068462
945.905507,227.698208,224.068594
945.905545,227.698208,224.071670
945.905573,227.698208,224.077189
945.905619,227.698208,224.078035
945.905701,227.698208,224.078334
945.905743,227.698208,224.081112
945.905785,227.698208,224.083082
945.905818,227.698208,224.086203
945.905853,227.698208,221.568216
945.905887,227.698208,224.090022
945.905931,227.698208,224.099586
945.905985,227.698208,224.103774
945.906019,227.698208,218.733315
945.906054,227.698208,224.105160
945.906101,227.698208,224.109902
945.906147,227.698208,224.111214
945.906192,227.698208,224.111378
945.906257,227.698208,224.113117
945.906284,227.698208,224.114978
945.906322,227.698208,224.116710
945.906360,227.698208,224.117517
945.906412,227.698208,224.120912
945.906450,227.698208,224.123446
945.906494,227.698208,224.124955
945.906616,227.698208,224.125624
945.906659,227.698208,224.129066
945.906702,227.698208,224.131050
945.906743,227.698208,224.132075
945.906793,227.698208,224.132301
945.906826,227.698208,224.137237
945.906878,227.698208,224.144621
945.906922,227.698208,224.151426
945.906969,227.698208,224.151517
945.907001,227.698208,211.490285
945.907025,227.698208,224.152110
945.907077,227.698208,224.154966
945.907127,227.698208,224.158819
945.907177,227.698208,224.159480
945.907237,227.698208,224.164467
945.907278,227.698208,224.164934
945.907325,227.698208,224.166869
945.907506,227.698208,224.167402
945.907555,227.698208,224.168021
945.907610,227.698208,224.168698
945.907666,227.698208,224.169926
945.907709,227.698208,224.170618
945.907752,227.698208,224.171261
945.907807,227.698208,224.172931
945.907847,227.698208,224.173616
945.907876,227.698208,224.177466
945.907907,227.698208,213.656826
945.907945,227.698208,224.177466
945.907974,227.698208,213.656826
945.908011,227.698208,224.183872
945.908042,227.698208,224.186059
945.908092,227.698208,224.187010
945.908131,227.698208,224.189686
945.908185,227.698208,224.189730
945.908224,227.698208,224.192728
945.908268,227.698208,224.195189
945.908298,227.698208,224.196536
945.908333,227.698208,224.197675
945.908424,227.698208,224.200656
945.908449,227.698208,224.203829
945.908484,227.698208,223.779650
945.908520,227.698208,224.210462
945.908558,227.698208,224.212370
945.908603,227.698208,224.217422
945.908646,227.698208,224.218725
945.908675,227.698208,224.219134
945.908704,227.698208,224.219149
945.908754,227.698208,224.219973
945.908784,227.698208,223.882226
945.908827,227.698208,224.223048
945.908870,227.698208,224.223053
945.908918,227.698208,224.223910
945.908972,227.698208,224.226723
945.909028,227.698208,224.226829
945.909054,227.698208,224.228606
945.909092,227.698208,224.229418
945.909121,227.698208,224.231066
945.909164,227.698208,224.232930
945.909337,227.698208,224.237827
945.909380,227.698208,224.239072
945.909427,227.698208,224.240294
945.909636,227.698208,224.241086
945.909674,227.698208,224.241410
945.909712,227.698208,224.241426
945.909753,227.698208,224.242645
945.909790,227.698208,224.242685
945.909836,227.698208,224.246390
945.909875,227.698208,224.246882
945.909918,227.698208,224.248333
945.909973,227.698208,224.256154
945.910037,227.698208,224.256856
945.910131,227.698208,224.257605
945.910163,227.698208,224.258818
945.910202,227.698208,224.260661
945.910244,227.698208,214.471546
945.910275,227.698208,220.819802
945.910310,227.698208,224.261472
945.910345,227.698208,196.753210
945.910372,227.698208,213.045773
945.910394,227.698208,218.080349
945.910423,227.698208,223.760493
945.910447,227.698208,224.261472
945.910484,227.698208,196.753210
945.910512,227.698208,213.045773
945.910536,227.698208,218.080349
945.910569,227.698208,223.760493
945.910593,227.698208,224.262474
945.910648,227.698208,224.270981
945.910688,227.698208,224.271968
945.910734,227.698208,224.274101
945.910821,227.698208,224.275950
945.910866,227.698208,224.281720
945.910978,227.698208,224.282605
945.911018,227.698208,224.284608
945.911065,227.698208,224.286501
945.911106,227.698208,224.286541
945.911152,227.698208,224.287102
945.911192,227.698208,224.297754
945.911237,227.698208,224.299603
945.911283,227.698208,224.301149
945.911342,227.698208,224.308744
945.911449,227.698208,224.310008
945.911498,227.698208,224.311085
945.911537,227.698208,224.313131
945.911583,227.698208,224.314746
945.911623,227.698208,224.316232
945.911680,227.698208,224.316736
945.911729,227.698208,224.316883
945.911806,227.698208,224.318058
945.911853,227.698208,224.318613
945.911901,227.698208,224.320333
945.911946,227.698208,224.320410
945.912047,227.698208,224.321754
945.912092,227.698208,224.325962
945.912154,227.698208,224.327530
945.912186,227.698208,214.183466
945.912220,227.698208,224.331680
945.912269,227.698208,224.334685
945.912307,227.698208,224.338418
945.912342,227.698208,224.342184
945.912379,227.698208,224.344541
945.912404,227.698208,224.345970
945.912447,227.698208,185.193515
945.912484,227.698208,200.818155
945.912516,227.698208,204.521835
945.912546,227.698208,224.348778
945.912590,227.698208,224.350058
945.912640,227.698208,224.351296
945.912685,227.698208,224.361202
945.912727,227.698208,224.362677
945.912778,227.698208,224.365514
945.912825,227.698208,224.366272
945.912873,227.698208,224.368059
945.912903,227.698208,224.376115
945.912947,227.698208,224.376795
945.913096,227.698208,224.379010
945.913146,227.698208,224.379445
945.913173,227.698208,224.380890
945.913220,227.698208,224.384130
945.913277,227.698208,224.385549
945.913320,227.698208,224.385990
945.913367,227.698208,224.387171
945.913409,227.698208,224.388885
945.913455,227.698208,224.389070
945.913495,227.698208,224.391131
945.913541,227.698208,224.392267
945.913637,227.698208,224.400219
945.913676,227.698208,224.400234
945.913715,227.698208,224.405568
945.913809,227.698208,224.405570
945.913842,227.698208,224.406389
945.913885,227.698208,224.408430
945.913945,227.698208,224.409398
945.914002,227.698208,224.410610
945.914047,227.698208,224.414336
945.914190,227.698208,224.414840
945.914237,227.698208,224.415602
945.914278,227.698208,224.419837
945.914313,227.698208,224.420651
945.914386,227.698208,224.421779
945.914511,227.698208,224.422750
945.914558,227.698208,224.424914
945.914618,227.698208,224.427267
945.914658,227.698208,224.429171
945.914692,227.698208,217.357955
945.914730,227.698208,224.429485
945.914768,227.698208,224.430394
945.914813,227.698208,224.430827
945.914856,227.698208,224.432896
945.914891,227.698208,224.434210
945.914931,227.698208,224.444045
945.914972,227.698208,224.445123
945.915002,227.698208,224.445760
945.915051,227.698208,224.446027
945.915081,227.698208,224.446288
945.915130,227.698208,224.447346
945.915165,227.698208,224.449402
945.915231,227.698208,224.451446
945.915275,227.698208,224.451842
945.915312,227.698208,224.453018
945.915345,227.698208,224.453261
945.915388,227.698208,224.453450
945.915419,227.698208,222.709526
945.915453,227.698208,224.456917
945.915506,227.698208,224.461816
945.915549,227.698208,224.473635
945.915580,227.698208,224.476574
945.915625,227.698208,224.477310
945.915655,227.698208,224.478134
945.915755,227.698208,224.483470
945.915804,227.698208,224.484781
945.915835,227.698208,214.064760
945.915857,227.698208,224.484829
945.915898,227.698208,194.740790
945.915923,227.698208,220.418355
945.915946,227.698208,224.485448
945.915976,227.698208,217.579672
945.916011,227.698208,224.486059
945.916064,227.698208,224.487157
945.916106,227.698208,224.488573
945.916144,227.698208,224.495710
945.916175,227.698208,224.497566
945.916214,227.698208,224.498037
945.916246,227.698208,224.500101
945.916285,227.698208,224.503904
945.916325,227.698208,224.504120
945.916362,227.698208,195.059982
945.916385,227.698208,201.905582
945.916409,227.698208,210.652546
945.916431,227.698208,216.720302
945.916456,227.698208,218.404402
945.916485,227.698208,221.367266
945.916506,227.698208,224.504706
945.916566,227.698208,224.506315
945.916615,227.698208,224.507509
945.916647,227.698208,224.508288
945.916695,227.698208,224.508686
945.916742,227.698208,224.512501
945.916789,227.698208,224.514510
945.916830,227.698208,224.517872
945.916871,227.698208,224.517987
945.916916,227.698208,224.518266
945.916957,227.698208,224.521096
945.917005,227.698208,224.521686
945.917090,227.698208,224.523752
945.917128,227.698208,224.532850
945.917175,227.698208,224.536826
945.917198,227.698208,224.540413
945.917240,227.698208,199.887958
945.917272,227.698208,202.179258
945.917302,227.698208,204.716278
945.917329,227.698208,224.540830
945.917370,227.698208,224.540910
945.917412,227.698208,224.541661
945.917666,227.698208,224.545750
945.917726,227.698208,224.551390
945.917768,227.698208,224.558226
945.917830,227.698208,224.558813
945.917871,227.698208,224.566966
945.917912,227.698208,224.573056
945.917970,227.698208,224.574946
945.918020,227.698208,224.575563
945.918072,227.698208,224.579618
945.918107,227.698208,224.579637
945.918143,227.698208,224.583382
945.918184,227.698208,224.585291
945.918226,227.698208,224.587838
945.918265,227.698208,224.595181
945.918308,227.698208,224.598853
945.918390,227.698208,224.600107
945.918435,227.698208,224.600832
945.918479,227.698208,224.603616
945.918514,227.698208,224.603630
945.918546,227.698208,221.950115
945.918567,227.698208,224.603630
945.918597,227.698208,221.950115
945.918618,227.698208,224.606370
945.918704,227.698208,224.608578
945.918748,227.698208,224.611592
945.918787,227.698208,224.613762
945.918830,227.698208,224.614280
945.918865,227.698208,224.615610
945.918922,227.698208,224.617472
945.918968,227.698208,224.625270
945.919010,227.698208,224.627206
945.919051,227.698208,224.635006
945.919082,227.698208,224.636021
945.919108,227.698208,210.667394
945.919140,227.698208,224.637093
945.919188,227.698208,224.637920
945.919217,227.698208,224.281613
945.919248,227.698208,224.645890
945.919287,227.698208,224.649547
945.919324,227.698208,192.831525
945.919354,227.698208,216.221534
945.919381,227.698208,219.604229
945.919407,227.698208,224.608688
945.919448,227.698208,224.650102
945.919490,227.698208,224.651443
945.919566,227.698208,224.658330
945.919609,227.698208,224.659427
945.919654,227.698208,224.664442
945.919697,227.698208,224.666094
945.919731,227.698208,224.666411
945.919763,227.698208,224.666723
945.919810,227.698208,224.666733
945.919841,227.698208,224.668614
945.919919,227.698208,224.671826
945.919959,227.698208,224.676674
945.920042,227.698208,224.676810
945.920086,227.698208,224.690858
945.920126,227.698208,224.692670
945.920167,227.698208,224.694786
945.920222,227.698208,224.695475
945.920252,227.698208,224.696446
945.920281,227.698208,224.697557
945.920329,227.698208,224.697611
945.920368,227.698208,224.699789
945.920394,227.698208,224.700758
945.920442,227.698208,224.702123
945.920501,227.698208,224.705445
945.920531,227.698208,224.705622
945.920577,227.698208,224.708995
945.920616,227.698208,223.185974
945.920639,227.698208,224.712379
945.920690,227.698208,224.713235
945.920840,227.698208,224.717552
945.920884,227.698208,224.722269
945.920917,227.698208,224.727298
945.920976,227.698208,224.727950
945.921021,227.698208,224.733595
945.921057,227.698208,224.735286
945.921118,227.698208,224.737978
945.921143,227.698208,224.739544
945.921194,227.698208,224.741485
945.921255,227.698208,224.744494
945.921302,227.698208,224.744547
945.921345,227.698208,224.751563
945.921400,227.698208,224.753826
945.921461,227.698208,224.756994
945.921520,227.698208,224.759446
945.921565,227.698208,224.760120
945.921597,227.698208,224.761131
945.921629,227.698208,224.762102
945.921785,227.698208,224.762987
945.921836,227.698208,224.764325
945.921869,227.698208,224.765442
945.921911,227.698208,224.765659
945.921953,227.698208,224.769390
945.921996,227.698208,224.773515
945.922023,227.698208,224.774061
945.922057,227.698208,224.774472
945.922096,227.698208,224.777867
945.922151,227.698208,224.779011
945.922180,227.698208,224.779840
945.922238,227.698208,224.781154
945.922319,227.698208,224.783288
945.922354,227.698208,224.785344
945.922443,227.698208,224.785514
945.922496,227.698208,224.792118
945.922599,227.698208,224.793922
945.922647,227.698208,224.796477
945.922734,227.698208,224.797317
945.922792,227.698208,224.799571
945.922823,227.698208,224.418733
945.922921,227.698208,224.799571
945.922953,227.698208,224.418733
945.923049,227.698208,224.800288
945.923110,227.698208,224.800752
945.923152,227.698208,224.802478
945.923247,227.698208,224.803715
945.923285,227.698208,224.805550
945.923319,227.698208,224.808744
945.923347,227.698208,212.857397
945.923380,227.698208,224.809538
945.923428,227.698208,224.810666
945.923531,227.698208,224.811104
945.923564,227.698208,224.819755
945.923602,227.698208,224.824355
945.923639,227.698208,224.827346
945.923685,227.698208,224.830416
945.923793,227.698208,224.831662
945.923846,227.698208,224.831744
945.923873,227.698208,222.998957
945.923906,227.698208,224.832835
945.923951,227.698208,224.834122
945.924003,227.698208,224.836429
945.924046,227.698208,224.838613
945.924096,227.698208,224.838661
945.924139,227.698208,181.040402
945.924172,227.698208,188.021874
945.924203,227.698208,199.032901
945.924225,227.698208,199.457445
945.924252,227.698208,212.977221
945.924273,227.698208,213.305605
945.924294,227.698208,216.781042
945.924318,227.698208,224.840186
945.924400,227.698208,224.841558
945.924456,227.698208,224.843862
945.924501,227.698208,224.844544
945.924544,227.698208,224.853870
945.924588,227.698208,224.854994
945.924627,227.698208,224.856410
945.924656,227.698208,212.195178
945.924678,227.698208,224.861075
945.924723,227.698208,224.861752
945.924768,227.698208,224.864626
945.924793,227.698208,224.866360
945.924833,227.698208,224.867021
945.924929,227.698208,224.867810
945.925008,227.698208,224.870413
945.925050,227.698208,224.870600
945.925099,227.698208,224.872349
945.925167,227.698208,224.873693
945.925237,227.698208,224.877118
945.925282,227.698208,224.883301
945.925311,227.698208,224.884878
945.925345,227.698208,224.886091
945.925433,227.698208,224.889374
945.925463,227.698208,224.891290
945.925555,227.698208,224.891934
945.925596,227.698208,224.892790
945.925642,227.698208,224.895830
945.925738,227.698208,224.896992
945.925776,227.698208,224.898282
945.925807,227.698208,224.903821
945.925919,227.698208,224.905086
945.926077,227.698208,224.906963
945.926111,227.698208,224.907574
945.926202,227.698208,224.908822
945.926240,227.698208,224.916085
945.926284,227.698208,224.920296
945.926357,227.698208,224.921246
945.926402,227.698208,224.921512
945.926426,227.698208,224.921773
945.926465,227.698208,224.922918
945.926533,227.698208,224.924262
945.926568,227.698208,224.926162
945.926591,227.698208,209.199534
945.926618,227.698208,214.851298
945.926636,227.698208,222.880898
945.926662,227.698208,224.926741
945.926702,227.698208,224.927830
945.926729,227.698208,224.929797
945.926762,227.698208,224.929882
945.926789,227.698208,224.933987
945.926834,227.698208,224.942126
945.926873,227.698208,224.946390
945.926947,227.698208,224.951338
945.927004,227.698208,224.953134
945.927051,227.698208,224.955853
945.927085,227.698208,224.956546
945.927228,227.698208,224.960568
945.927260,227.698208,224.961942
945.927333,227.698208,224.966357
945.927370,227.698208,224.967734
945.927404,227.698208,224.974264
945.927489,227.698208,224.980766
945.927516,227.698208,224.983563
945.927555,227.698208,224.983955
945.927625,227.698208,224.993805
945.927655,227.698208,224.994731
945.927701,227.698208,224.995942
945.927739,227.698208,224.997736
945.927765,227.698208,224.997781
945.927801,227.698208,225.000139
945.927844,227.698208,225.000419
945.927896,227.698208,225.003302
945.927927,227.698208,225.004195
945.927975,227.698208,225.004434
945.928013,227.698208,225.004570
945.928068,227.698208,225.006683
945.928104,227.698208,225.009234
945.928142,227.698208,225.017414
945.928189,227.698208,225.021218
945.928361,227.698208,225.024539
945.928393,227.698208,224.965710
945.928416,227.698208,225.024654
945.928456,227.698208,225.024859
945.928568,227.698208,225.026822
945.928601,227.698208,222.604896
945.928627,227.698208,225.026822
945.928658,227.698208,221.049350
945.928683,227.698208,225.026840
945.928721,227.698208,225.028446
945.928776,227.698208,225.028766
945.928818,227.698208,225.030838
945.928850,227.698208,225.032258
945.928885,227.698208,225.033104
945.928924,227.698208,188.216317
945.928954,227.698208,199.227344
945.928979,227.698208,213.500048
945.929003,227.698208,216.975485
945.929030,227.698208,225.034429
945.929067,227.698208,225.036053
945.929094,227.698208,208.268706
945.929128,227.698208,225.036347
945.929161,227.698208,225.036779
945.929189,227.698208,225.036950
945.929225,227.698208,225.037141
945.929282,227.698208,225.038744
945.929322,227.698208,225.040330
945.929392,227.698208,225.041685
945.929433,227.698208,225.042210
945.929534,227.698208,225.044602
945.929567,227.698208,225.055296
945.929601,227.698208,207.942109
945.929628,227.698208,225.056755
945.929653,227.698208,225.056920
945.929694,227.698208,225.056965
945.929721,227.698208,225.057472
945.929762,227.698208,225.059389
945.929790,227.698208,225.065554
945.929826,227.698208,225.068136
945.929886,227.698208,225.068726
945.929925,227.698208,225.068760
945.929961,227.698208,225.071216
945.930077,227.698208,225.072538
945.930099,227.698208,225.073606
945.930134,227.698208,225.075379
945.930166,227.698208,225.077299
945.930200,227.698208,225.078134
945.930247,227.698208,225.079363
945.930273,227.698208,225.079704
945.930308,227.698208,225.080318
945.930341,227.698208,225.080534
945.930417,227.698208,225.082136
945.930452,227.698208,225.083405
945.930495,227.698208,225.089680
945.930566,227.698208,225.090912
945.930606,227.698208,225.094008
945.930634,227.698208,206.938221
945.930653,227.698208,209.191258
945.930674,227.698208,222.058610
945.930704,227.698208,225.096227
945.930730,227.698208,225.096776
945.930755,227.698208,225.100858
945.930799,227.698208,225.102307
945.930832,227.698208,187.387869
945.930861,227.698208,196.177914
945.930885,227.698208,212.470477
945.930905,227.698208,213.475290
945.930928,227.698208,217.751965
945.930953,227.698208,223.185197
945.930971,227.698208,225.102307
945.931004,227.698208,187.387869
945.931032,227.698208,196.177914
945.931055,227.698208,212.470477
945.931075,227.698208,213.475290
945.931097,227.698208,217.751965
945.931122,227.698208,223.185197
945.931140,227.698208,225.102686
945.931175,227.698208,225.103925
945.931214,227.698208,225.104099
945.931252,227.698208,225.104517
945.931278,227.698208,225.105016
945.931382,227.698208,225.108118
945.931427,227.698208,225.108179
945.931467,227.698208,225.109350
945.931499,227.698208,225.109453
945.931540,227.698208,225.111213
945.931582,227.698208,225.112494
945.931627,227.698208,225.112538
945.931667,227.698208,225.115459
945.931711,227.698208,225.115690
945.931750,227.698208,225.116216
945.931793,227.698208,225.117392
945.931831,227.698208,225.119918
945.931868,227.698208,225.120608
945.932040,227.698208,225.121099
945.932091,227.698208,225.122293
945.932148,227.698208,225.124136
945.932175,227.698208,225.124160
945.932216,227.698208,225.124173
945.932279,227.698208,225.125570
945.932304,227.698208,225.126550
945.932371,227.698208,225.127830
945.932418,227.698208,225.130962
945.932454,227.698208,225.131142
945.932491,227.698208,225.132269
945.932532,227.698208,225.134149
945.932562,227.698208,225.135152
945.932600,227.698208,225.135986
945.932644,227.698208,225.136570
945.932687,227.698208,225.137814
945.932856,227.698208,225.139115
945.932902,227.698208,225.139616
945.932930,227.698208,225.140691
945.932969,227.698208,225.140952
945.932995,227.698208,225.144058
945.933024,227.698208,197.753206
945.933049,227.698208,213.345770
945.933070,227.698208,225.147117
945.933108,227.698208,225.148813
945.933151,227.698208,225.149210
945.933184,227.698208,225.150803
945.933230,227.698208,225.153184
945.933274,227.698208,225.157675
945.933347,227.698208,225.158739
945.933374,227.698208,224.151808
945.933409,227.698208,225.159710
945.933450,227.698208,225.160534
945.933487,227.698208,225.160587
945.933532,227.698208,225.164328
945.933570,227.698208,225.168094
945.933606,227.698208,225.168707
945.933690,227.698208,225.180514
945.933715,227.698208,225.181005
945.933813,227.698208,225.183253
945.933856,227.698208,225.184691
945.933905,227.698208,225.188496
945.933947,227.698208,225.192387
945.933983,227.698208,225.194582
945.934025,227.698208,225.195842
945.934069,227.698208,225.197714
945.934118,227.698208,225.198765
945.934153,227.698208,225.200802
945.934197,227.698208,225.205824
945.934353,227.698208,225.206125
945.934396,227.698208,225.206144
945.934422,227.698208,225.206922
945.934472,227.698208,225.208642
945.934509,227.698208,225.208840
945.934572,227.698208,225.211685
945.934604,227.698208,225.213781
945.934646,227.698208,225.215578
945.934684,227.698208,225.219896
945.934737,227.698208,225.222890
945.934786,227.698208,225.225325
945.934868,227.698208,225.228019
945.934912,227.698208,225.228370
945.934996,227.698208,225.228629
945.935029,227.698208,225.229614
945.935068,227.698208,225.229752
945.935096,227.698208,225.231034
945.935136,227.698208,225.235334
945.935206,227.698208,225.235715
945.935252,227.698208,225.236128
945.935286,227.698208,225.237074
945.935324,227.698208,225.237237
945.935360,227.698208,225.240062
945.935393,227.698208,225.246419
945.935430,227.698208,225.246675
945.935450,227.698208,225.249739
945.935490,227.698208,194.007776
945.935521,227.698208,209.497654
945.935550,227.698208,212.880349
945.935578,227.698208,225.250658
945.935612,227.698208,225.251944
945.935685,227.698208,225.255246
945.935729,227.698208,225.259531
945.935783,227.698208,225.260606
945.935822,227.698208,225.262499
945.935869,227.698208,225.263666
945.935914,227.698208,225.264030
945.935957,227.698208,225.268072
945.936001,227.698208,225.268675
945.936069,227.698208,225.270362
945.936099,227.698208,225.270517
945.936126,227.698208,225.271581
945.936162,227.698208,225.271742
945.936200,227.698208,225.272256
945.936250,227.698208,225.273174
945.936288,227.698208,225.274189
945.936324,227.698208,225.275978
945.936363,227.698208,225.277851
945.936405,227.698208,225.277918
945.936443,227.698208,225.281118
945.936486,227.698208,225.281592
945.936538,227.698208,225.285310
945.936563,227.698208,225.286482
945.936625,227.698208,225.286587
945.936668,227.698208,225.287178
945.936713,227.698208,225.289283
945.936752,227.698208,225.291280
945.936784,227.698208,225.292325
945.936819,227.698208,225.130406
945.936840,227.698208,225.295301
945.936889,227.698208,225.297662
945.936939,227.698208,225.298342
945.936978,227.698208,225.298368
945.937021,227.698208,225.299555
945.937071,227.698208,225.304467
945.937202,227.698208,225.307699
945.937254,227.698208,225.315517
945.937290,227.698208,225.316219
945.937351,227.698208,225.318115
945.937412,227.698208,225.319750
945.937447,227.698208,225.319757
945.937482,227.698208,225.330285
945.937529,227.698208,225.333179
945.937557,227.698208,225.335395
945.937596,227.698208,225.335555
945.937634,227.698208,225.335920
945.937674,227.698208,225.339720
945.937704,227.698208,225.346992
945.937743,227.698208,225.348771
945.937782,227.698208,225.349424
945.937807,227.698208,225.355243
945.937846,227.698208,225.359034
945.937869,227.698208,225.359515
945.937912,227.698208,225.362558
945.937967,227.698208,225.368674
945.938059,227.698208,225.368843
945.938111,227.698208,225.371094
945.938159,227.698208,225.371142
945.938340,227.698208,225.376106
945.938378,227.698208,225.378115
945.938423,227.698208,225.379134
945.938472,227.698208,225.379806
945.938556,227.698208,225.379856
945.938612,227.698208,225.382901
945.938667,227.698208,225.384797
945.938691,227.698208,225.390733
945.938745,227.698208,225.390837
945.938819,227.698208,225.393678
945.938863,227.698208,225.394046
945.938891,227.698208,195.728843
945.938914,227.698208,212.595477
945.938933,227.698208,225.162037
945.938951,227.698208,225.397101
945.939037,227.698208,225.402187
945.939071,227.698208,225.405077
945.939095,227.698208,225.405752
945.939133,227.698208,225.406962
945.939179,227.698208,225.408224
945.939220,227.698208,225.408688
945.939245,227.698208,225.408834
945.939280,227.698208,225.411259
945.939311,227.698208,225.413133
945.939378,227.698208,225.424246
945.939428,227.698208,225.424683
945.939478,227.698208,225.425568
945.939503,227.698208,225.425880
945.939542,227.698208,225.427198
945.939581,227.698208,225.427288
945.939625,227.698208,225.428613
945.939690,227.698208,225.429085
945.939739,227.698208,225.438326
945.939778,227.698208,225.444830
945.939844,227.698208,225.446358
945.939888,227.698208,225.449966
945.939933,227.698208,225.456942
945.939980,227.698208,225.456994
945.940032,227.698208,225.460750
945.940083,227.698208,225.464522
945.940123,227.698208,225.464533
945.940149,227.698208,199.451374
945.940170,227.698208,206.296974
945.940191,227.698208,208.143938
945.940210,227.698208,218.858658
945.940227,227.698208,221.297963
945.940246,227.698208,225.467021
945.940334,227.698208,225.469205
945.940366,227.698208,225.469291
945.940452,227.698208,225.472994
945.940488,227.698208,225.474088
945.940533,227.698208,225.475298
945.940584,227.698208,225.476067
945.940628,227.698208,225.481014
945.940680,227.698208,225.483624
945.940718,227.698208,225.484232
945.940756,227.698208,225.492163
945.940783,227.698208,225.494411
945.940810,227.698208,225.497034
945.940861,227.698208,225.497066
945.940899,227.698208,225.501909
945.940938,227.698208,225.504346
945.940981,227.698208,225.505354
945.941010,227.698208,208.264906
945.941031,227.698208,210.831734
945.941049,227.698208,216.334154
945.941079,227.698208,220.658826
945.941107,227.698208,225.506248
945.941209,227.698208,225.510070
945.941251,227.698208,225.513704
945.941290,227.698208,225.516845
945.941321,227.698208,207.361058
945.941339,227.698208,209.614094
945.941358,227.698208,222.481446
945.941390,227.698208,225.517366
945.941427,227.698208,225.524541
945.941451,227.698208,225.527808
945.941496,227.698208,225.528002
945.941540,227.698208,225.528478
945.941579,227.698208,225.529526
945.941612,227.698208,225.531504
945.941648,227.698208,225.535222
945.941695,227.698208,225.537290
945.941742,227.698208,225.537893
945.941770,227.698208,225.546467
945.941807,227.698208,225.546562
945.941889,227.698208,225.549442
945.941924,227.698208,225.553355
945.941952,227.698208,225.553958
945.941994,227.698208,225.555778
945.942042,227.698208,225.557570
945.942081,227.698208,225.558035
945.942111,227.698208,225.561749
945.942136,227.698208,225.563819
945.942216,227.698208,225.563848
945.942254,227.698208,225.568650
945.942281,227.698208,225.570624
945.942314,227.698208,225.572253
945.942348,227.698208,225.572558
945.942389,227.698208,225.574299
945.942448,227.698208,225.582701
945.942487,227.698208,225.583414
945.942600,227.698208,225.585347
945.942644,227.698208,225.586269
945.942664,227.698208,225.587821
945.942698,227.698208,225.588490
945.942726,227.698208,195.923286
945.942748,227.698208,212.789920
945.942766,227.698208,225.356480
945.942783,227.698208,225.591005
945.942810,227.698208,213.696474
945.942842,227.698208,219.948096
945.942862,227.698208,225.592598
945.942898,227.698208,225.597030
945.942932,227.698208,225.597182
945.942995,227.698208,225.597734
945.943049,227.698208,225.597736
945.943085,227.698208,225.597762
945.943126,227.698208,225.598232
945.943155,227.698208,225.598942
945.943229,227.698208,225.599520
945.943253,227.698208,225.600997
945.943282,227.698208,225.603277
945.943317,227.698208,225.605696
945.943349,227.698208,225.610170
945.943384,227.698208,225.614202
945.943424,227.698208,225.616906
945.943471,227.698208,225.618626
945.943518,227.698208,225.620522
945.943585,227.698208,225.622317
945.943625,227.698208,225.623056
945.943690,227.698208,225.629690
945.943718,227.698208,225.631422
945.943752,227.698208,225.635306
945.943791,227.698208,225.636126
945.943866,227.698208,197.894690
945.943886,227.698208,215.561349
945.943916,227.698208,224.999518
945.943937,227.698208,225.639544
945.943970,227.698208,225.640515
945.943996,227.698208,225.640749
945.944061,227.698208,225.644571
945.944102,227.698208,225.645626
945.944142,227.698208,225.649493
945.944179,227.698208,225.651019
945.944209,227.698208,225.652090
945.944280,227.698208,225.653974
945.944312,227.698208,225.659373
945.944350,227.698208,225.660446
945.944377,227.698208,225.662061
945.944416,227.698208,225.662349
945.944468,227.698208,225.662693
945.944496,227.698208,225.663638
945.944536,227.698208,225.666134
945.944568,227.698208,225.669682
945.944592,227.698208,225.670333
945.944627,227.698208,225.676786
945.944657,227.698208,213.115554
945.944676,227.698208,225.677722
945.944729,227.698208,225.679163
945.944784,227.698208,225.679290
945.944813,227.698208,225.680779
945.944838,227.698208,225.680925
945.944872,227.698208,225.686386
945.944904,227.698208,225.686549
945.944952,227.698208,225.687213
945.944992,227.698208,225.691490
945.945036,227.698208,225.695149
945.945099,227.698208,225.696584
945.945124,227.698208,218.192656
945.945156,227.698208,225.699477
945.945230,227.698208,225.701280
945.945260,227.698208,225.704403
945.945297,227.698208,225.708941
945.945337,227.698208,225.709934
945.945378,227.698208,225.713722
945.945457,227.698208,225.714053
945.945482,227.698208,225.715598
945.945521,227.698208,225.716960
945.945589,227.698208,225.717315
945.945648,227.698208,225.722918
945.945684,227.698208,225.724157
945.945729,227.698208,225.724299
945.945767,227.698208,225.726640
945.945807,227.698208,225.726741
945.945881,227.698208,225.727240
945.945914,227.698208,225.728010
945.945966,227.698208,225.728606
945.945993,227.698208,225.729666
945.946038,227.698208,225.732112
945.946085,227.698208,225.732322
945.946200,227.698208,225.736344
945.946225,227.698208,225.736514
945.946261,227.698208,225.737146
945.946289,227.698208,225.741474
945.946325,227.698208,225.742069
945.946350,227.698208,225.744083
945.946402,227.698208,225.747798
945.946429,227.698208,225.748242
945.946464,227.698208,225.750846
945.946502,227.698208,225.752426
945.946523,227.698208,225.753104
945.946558,227.698208,225.755754
945.946590,227.698208,225.757142
945.946630,227.698208,225.758232
945.946668,227.698208,225.759688
945.946695,227.698208,225.760926
945.946719,227.698208,225.777046
945.946745,227.698208,212.379894
945.946775,227.698208,225.777931
945.946820,227.698208,225.782258
945.946867,227.698208,225.784672
945.946905,227.698208,225.785987
945.946988,227.698208,225.788435
945.947015,227.698208,225.789000
945.947053,227.698208,225.789565
945.947094,227.698208,225.791381
945.947137,227.698208,225.791626
945.947198,227.698208,225.792083
945.947236,227.698208,225.792205
945.947276,227.698208,225.792218
945.947322,227.698208,225.793240
945.947349,227.698208,225.795459
945.947399,227.698208,225.796048
945.947435,227.698208,225.797578
945.947477,227.698208,225.798190
945.947511,227.698208,225.798386
945.947547,227.698208,225.798442
945.947572,227.698208,209.811085
945.947590,227.698208,225.803226
945.947641,227.698208,225.803954
945.947710,227.698208,225.805014
945.947753,227.698208,225.806365
945.947789,227.698208,225.806947
945.947853,227.698208,225.809290
945.947878,227.698208,225.811478
945.947936,227.698208,225.812520
945.947988,227.698208,225.813133
945.948041,227.698208,225.816158
945.948084,227.698208,225.816174
945.948126,227.698208,225.818074
945.948160,227.698208,225.821774
945.948225,227.698208,225.824670
945.948264,227.698208,225.824914
945.948307,227.698208,225.827187
945.948333,227.698208,225.829771
945.948379,227.698208,225.831480
945.948450,227.698208,225.831744
945.948474,227.698208,216.438445
945.948505,227.698208,225.832282
945.948537,227.698208,225.834667
945.948578,227.698208,225.839014
945.948618,227.698208,225.842648
945.948654,227.698208,225.843171
945.948691,227.698208,225.844725
945.948728,227.698208,225.845462
945.948755,227.698208,225.848986
945.948813,227.698208,225.851485
945.948846,227.698208,210.974789
945.948872,227.698208,225.852021
945.948928,227.698208,225.853408
945.948966,227.698208,225.857571
945.948991,227.698208,225.859309
945.949045,227.698208,225.861214
945.949084,227.698208,225.862490
945.949121,227.698208,225.863934
945.949155,227.698208,225.866698
945.949191,227.698208,225.866848
945.949234,227.698208,225.867066
945.949283,227.698208,225.871640
945.949325,227.698208,225.872541
945.949358,227.698208,225.874170
945.949380,227.698208,225.875320
945.949411,227.698208,225.877686
945.949442,227.698208,225.878134
945.949484,227.698208,225.882152
945.949527,227.698208,225.884742
945.949558,227.698208,225.885162
945.949582,227.698208,225.885920
945.949631,227.698208,225.885933
945.949674,227.698208,225.893435
945.949710,227.698208,225.895522
945.949740,227.698208,225.896270
945.949795,227.698208,225.900149
945.949820,227.698208,225.901520
945.949850,227.698208,225.904563
945.949983,227.698208,225.909827
945.950018,227.698208,225.910230
945.950055,227.698208,225.910566
945.950154,227.698208,225.912574
945.950187,227.698208,225.914194
945.950222,227.698208,225.916120
945.950263,227.698208,225.916779
945.950289,227.698208,225.926570
945.950320,227.698208,225.928766
945.950356,227.698208,225.929078
945.950391,227.698208,225.929658
945.950446,227.698208,225.932278
945.950488,227.698208,225.932350
945.950520,227.698208,225.932746
945.950555,227.698208,225.935358
945.950632,227.698208,225.935893
945.950673,227.698208,225.938986
945.950716,227.698208,225.939046
945.950793,227.698208,225.941504
945.950833,227.698208,225.944698
945.950910,227.698208,225.945827
945.950956,227.698208,225.946442
945.951006,227.698208,225.950128
945.951075,227.698208,225.951586
945.951113,227.698208,225.952706
945.951190,227.698208,225.953235
945.951224,227.698208,225.955107
945.951251,227.698208,222.926995
945.951273,227.698208,225.957013
945.951296,227.698208,218.063714
945.951328,227.698208,225.961314
945.951372,227.698208,225.962899
945.951408,227.698208,225.968594
945.951443,227.698208,225.971365
945.951473,227.698208,225.971726
945.951496,227.698208,217.746229
945.951514,227.698208,225.972374
945.951558,227.698208,225.975454
945.951584,227.698208,225.982878
945.951623,227.698208,225.986661
945.951673,227.698208,225.987590
945.951697,227.698208,225.989082
945.951734,227.698208,225.995083
945.951766,227.698208,225.996662
945.951896,227.698208,225.998170
945.951943,227.698208,226.005922
945.952001,227.698208,226.006755
945.952060,227.698208,226.006963
945.952114,227.698208,226.007189
945.952138,227.698208,226.008168
945.952178,227.698208,226.009424
945.952212,227.698208,226.009520
945.952264,227.698208,226.010528
945.952296,227.698208,226.011362
945.952433,227.698208,226.019286
945.952614,227.698208,226.020864
945.952646,227.698208,226.021187
945.952692,227.698208,226.029842
945.952727,227.698208,226.033416
945.952760,227.698208,226.034682
945.952820,227.698208,226.035693
945.952855,227.698208,226.037182
945.952890,227.698208,226.039091
945.952926,227.698208,226.040214
945.952998,227.698208,226.045235
945.953029,227.698208,226.046464
945.953082,227.698208,226.047893
945.953122,227.698208,226.050040
945.953180,227.698208,226.050858
945.953255,227.698208,226.053750
945.953296,227.698208,226.055582
945.953336,227.698208,226.056294
945.953371,227.698208,226.058224
945.953408,227.698208,226.061509
945.953460,227.698208,226.064240
945.953489,227.698208,226.066984
945.953523,227.698208,226.068794
945.953568,227.698208,226.071720
945.953591,227.698208,226.084594
945.953619,227.698208,226.088488
945.953652,227.698208,226.100021
945.953674,227.698208,226.104290
945.953699,227.698208,226.107088
945.953717,227.698208,226.110056
945.953758,227.698208,226.111266
945.953882,227.698208,226.111808
945.953915,227.698208,226.114390
945.953967,227.698208,226.114464
945.953998,227.698208,226.116110
945.954027,227.698208,226.116653
945.954063,227.698208,226.121310
945.954096,227.698208,226.124771
945.954130,227.698208,226.125482
945.954152,227.698208,226.132970
945.954196,227.698208,226.134208
945.954223,227.698208,204.442584
945.954243,227.698208,226.136814
945.954277,227.698208,226.137731
945.954299,227.698208,226.049475
945.954323,227.698208,226.141411
945.954357,227.698208,226.142698
945.954392,227.698208,226.145117
945.954422,227.698208,226.145222
945.954453,227.698208,226.145232
945.954488,227.698208,226.148131
945.954511,227.698208,226.149576
945.954531,227.698208,222.412920
945.954556,227.698208,226.151979
945.954581,227.698208,226.154866
945.954610,227.698208,226.156387
945.954634,227.698208,199.017998
945.954652,227.698208,207.136491
945.954669,227.698208,217.550454
945.954690,227.698208,223.721694
945.954718,227.698208,226.158706
945.954746,227.698208,226.163157
945.954769,227.698208,226.163565
945.954819,227.698208,226.163824
945.954867,227.698208,226.167299
945.954906,227.698208,226.168008
945.954928,227.698208,226.168498
945.954954,227.698208,226.168610
945.955020,227.698208,226.176086
945.955065,227.698208,226.177322
945.955103,227.698208,226.177886
945.955139,227.698208,226.180304
945.955175,227.698208,226.180731
945.955208,227.698208,226.180974
945.955243,227.698208,226.183595
945.955292,227.698208,226.184882
945.955330,227.698208,226.186029
945.955370,227.698208,226.186061
945.955408,227.698208,226.188190
945.955432,227.698208,226.189026
945.955466,227.698208,226.190210
945.955518,227.698208,226.195843
945.955554,227.698208,226.202456
945.955605,227.698208,226.205045
945.955646,227.698208,226.206998
945.955694,227.698208,226.208040
945.955732,227.698208,226.208843
945.955771,227.698208,226.211230
945.955808,227.698208,226.211837
945.955846,227.698208,226.216890
945.955870,227.698208,218.648403
945.955903,227.698208,226.218669
945.955938,227.698208,226.220014
945.955964,227.698208,207.389518
945.955983,227.698208,212.691918
945.956003,227.698208,215.508011
945.956020,227.698208,224.370891
945.956035,227.698208,225.654798
945.956053,227.698208,226.223618
945.956080,227.698208,212.175944
945.956098,227.698208,226.223830
945.956137,227.698208,226.226326
945.956176,227.698208,226.228640
945.956226,227.698208,226.234699
945.956261,227.698208,226.236072
945.956291,227.698208,182.410738
945.956314,227.698208,197.973582
945.956333,227.698208,203.320546
945.956349,227.698208,212.479662
945.956377,227.698208,215.995499
945.956396,227.698208,220.617922
945.956414,227.698208,224.161294
945.956443,227.698208,225.106645
945.956460,227.698208,225.634062
945.956480,227.698208,226.237778
945.956516,227.698208,226.241530
945.956579,227.698208,209.262874
945.956598,227.698208,216.108474
945.956617,227.698208,217.955437
945.956634,227.698208,226.242197
945.956655,227.698208,226.243368
945.956690,227.698208,226.243853
945.956733,227.698208,226.244070
945.956758,227.698208,224.796541
945.956836,227.698208,226.248842
945.956870,227.698208,226.248950
945.957032,227.698208,226.252821
945.957066,227.698208,226.253082
945.957091,227.698208,226.257707
945.957134,227.698208,226.260526
945.957179,227.698208,226.267021
945.957220,227.698208,226.269910
945.957256,227.698208,226.270394
945.957300,227.698208,226.271854
945.957330,227.698208,226.272798
945.957375,227.698208,226.275350
945.957433,227.698208,226.276093
945.957456,227.698208,226.276245
945.957490,227.698208,226.280458
945.957525,227.698208,226.282806
945.957593,227.698208,226.282829
945.957628,227.698208,226.284910
945.957663,227.698208,226.285974
945.957687,227.698208,226.289206
945.957723,227.698208,226.289283
945.957753,227.698208,201.230371
945.957774,227.698208,226.291254
945.957800,227.698208,226.292624
945.957831,227.698208,226.298733
945.957858,227.698208,226.298838
945.957893,227.698208,226.299117
945.957929,227.698208,226.299603
945.957965,227.698208,226.301938
945.957997,227.698208,226.302757
945.958042,227.698208,226.303832
945.958078,227.698208,226.306248
945.958110,227.698208,226.307629
945.958147,227.698208,226.308834
945.958208,227.698208,226.311859
945.958241,227.698208,226.314264
945.958272,227.698208,226.319243
945.958297,227.698208,226.321632
945.958327,227.698208,226.322850
945.958347,227.698208,226.325482
945.958376,227.698208,226.329134
945.958394,227.698208,226.332242
945.958429,227.698208,226.332269
945.958463,227.698208,226.332917
945.958507,227.698208,226.335328
945.958559,227.698208,226.337366
945.958595,227.698208,226.340662
945.958620,227.698208,226.347163
945.958674,227.698208,226.347554
945.958695,227.698208,226.348950
945.958801,227.698208,226.350198
945.958839,227.698208,226.355637
945.958882,227.698208,226.356861
945.958945,227.698208,226.361922
945.958980,227.698208,226.361968
945.959018,227.698208,226.363486
945.959043,227.698208,226.364366
945.959089,227.698208,226.364450
945.959141,227.698208,226.369813
945.959169,227.698208,226.370530
945.959289,227.698208,226.372824
945.959342,227.698208,226.378454
945.959383,227.698208,226.381715
945.959417,227.698208,226.382138
945.959466,227.698208,226.383426
945.959491,227.698208,226.383578
945.959563,227.698208,226.383970
945.959595,227.698208,226.385549
945.959732,227.698208,226.387206
945.959773,227.698208,226.390277
945.959832,227.698208,226.390670
945.959858,227.698208,226.392619
945.959882,227.698208,226.405622
945.959919,227.698208,226.408168
945.959957,227.698208,226.410485
945.959978,227.698208,226.411333
945.960001,227.698208,218.842846
945.960035,227.698208,226.414422
945.960074,227.698208,226.414488
945.960110,227.698208,226.418085
945.960135,227.698208,226.418274
945.960172,227.698208,226.418850
945.960193,227.698208,216.446542
945.960223,227.698208,226.423398
945.960258,227.698208,226.424907
945.960476,227.698208,226.426739
945.960508,227.698208,226.429291
945.960583,227.698208,226.430456
945.960617,227.698208,226.431670
945.960655,227.698208,226.432429
945.960703,227.698208,226.433238
945.960734,227.698208,226.436581
945.960760,227.698208,226.437018
945.960794,227.698208,226.440024
945.960841,227.698208,226.450022
945.960882,227.698208,226.450648
945.960915,227.698208,202.613616
945.960942,227.698208,223.005461
945.960973,227.698208,226.451578
945.961010,227.698208,184.300339
945.961038,227.698208,198.196442
945.961060,227.698208,203.498842
945.961083,227.698208,212.140762
945.961103,227.698208,212.914950
945.961128,227.698208,216.461722
945.961147,227.698208,217.443162
945.961168,227.698208,224.081510
945.961191,227.698208,226.452150
945.961234,227.698208,226.457470
945.961270,227.698208,226.457675
945.961302,227.698208,226.458698
945.961331,227.698208,226.460493
945.961363,227.698208,226.466198
945.961402,227.698208,226.470510
945.961439,227.698208,226.470525
945.961473,227.698208,226.471168
945.961515,227.698208,226.473606
945.961547,227.698208,226.480995
945.961585,227.698208,226.482317
945.961630,227.698208,226.483989
945.961654,227.698208,226.484786
945.961685,227.698208,226.486794
945.961713,227.698208,197.661226
945.961733,227.698208,226.493896
945.961824,227.698208,226.495107
945.961865,227.698208,226.497181
945.961899,227.698208,197.048314
945.961920,227.698208,198.063034
945.961945,227.698208,216.470230
945.961965,227.698208,221.225888
945.961983,227.698208,224.881376
945.962000,227.698208,226.501859
945.962024,227.698208,226.508710
945.962057,227.698208,226.511786
945.962096,227.698208,226.516734
945.962125,227.698208,226.516856
945.962149,227.698208,226.517293
945.962171,227.698208,226.518266
945.962192,227.698208,226.518947
945.962239,227.698208,226.523056
945.962274,227.698208,226.526504
945.962302,227.698208,226.528672
945.962333,227.698208,226.529854
945.962360,227.698208,226.530688
945.962387,227.698208,226.531358
945.962416,227.698208,226.534109
945.962446,227.698208,226.537090
945.962474,227.698208,226.538437
945.962497,227.698208,225.065870
945.962515,227.698208,226.539733
945.962541,227.698208,216.495363
945.962563,227.698208,226.541189
945.962584,227.698208,226.541549
945.962618,227.698208,226.541606
945.962665,227.698208,226.543981
945.962732,227.698208,226.546973
945.962757,227.698208,226.547034
945.962797,227.698208,226.550138
945.962883,227.698208,226.553637
945.962909,227.698208,226.554934
945.962981,227.698208,226.555014
945.963011,227.698208,226.558606
945.963029,227.698208,226.558810
945.963056,227.698208,226.561202
945.963084,227.698208,226.565637
945.963112,227.698208,222.833970
945.963130,227.698208,226.566083
945.963211,227.698208,226.567856
945.963237,227.698208,226.571584
945.963263,227.698208,226.574810
945.963300,227.698208,226.575320
945.963324,227.698208,226.582274
945.963386,227.698208,226.588506
945.963471,227.698208,226.588931
945.963498,227.698208,226.589000
945.963540,227.698208,226.589677
945.963560,227.698208,211.303757
945.963576,227.698208,224.201421
945.963603,227.698208,226.589974
945.963651,227.698208,226.594690
945.963679,227.698208,226.601178
945.963715,227.698208,226.602656
945.963744,227.698208,226.607322
945.963792,227.698208,226.608354
945.963825,227.698208,226.614475
945.963890,227.698208,226.617632
945.963912,227.698208,226.617822
945.963933,227.698208,226.619986
945.963952,227.698208,213.951298
945.963966,227.698208,226.623544
945.964056,227.698208,226.623586
945.964089,227.698208,226.624214
945.964154,227.698208,226.624240
945.964185,227.698208,226.628693
945.964216,227.698208,226.632957
945.964237,227.698208,226.633290
945.964260,227.698208,226.638603
945.964307,227.698208,226.639117
945.964443,227.698208,226.639624
945.964475,227.698208,226.642710
945.964520,227.698208,226.648130
945.964565,227.698208,226.648373
945.964584,227.698208,213.092098
945.964611,227.698208,226.650574
945.964643,227.698208,226.655578
945.964670,227.698208,226.657141
945.964690,227.698208,226.658419
945.964711,227.698208,226.660472
945.964750,227.698208,226.663173
945.964790,227.698208,226.664384
945.964829,227.698208,226.664443
945.964949,227.698208,226.665131
945.964986,227.698208,226.666834
945.965085,227.698208,226.668026
945.965115,227.698208,226.668109
945.965206,227.698208,226.668502
945.965246,227.698208,226.668838
945.965279,227.698208,226.669907
945.965375,227.698208,226.670115
945.965404,227.698208,226.670698
945.965423,227.698208,226.673022
945.965454,227.698208,226.673045
945.965472,227.698208,218.899458
945.965495,227.698208,226.674117
945.965531,227.698208,226.675670
945.965593,227.698208,226.677237
945.965613,227.698208,226.679021
945.965632,227.698208,226.680989
945.965662,227.698208,226.690261
945.965683,227.698208,226.691533
945.965713,227.698208,226.699082
945.965742,227.698208,226.700746
945.965769,227.698208,226.704438
945.965806,227.698208,226.705704
945.965836,227.698208,226.709899
945.965868,227.698208,226.713131
945.965932,227.698208,226.717499
945.965963,227.698208,226.718016
945.965998,227.698208,226.720144
945.966030,227.698208,226.720947
945.966059,227.698208,226.721128
945.966088,227.698208,226.721779
945.966110,227.698208,210.452995
945.966125,227.698208,226.462267
945.966151,227.698208,226.724082
945.966178,227.698208,226.724742
945.966211,227.698208,226.725990
945.966238,227.698208,226.727346
945.966267,227.698208,226.727720
945.966294,227.698208,226.729790
945.966350,227.698208,226.730426
945.966382,227.698208,226.730934
945.966416,227.698208,226.735157
945.966440,227.698208,226.735789
945.966466,227.698208,226.735813
945.966490,227.698208,226.743794
945.966510,227.698208,226.745306
945.966703,227.698208,226.747757
945.966754,227.698208,226.748093
945.966784,227.698208,226.749030
945.966864,227.698208,226.752034
945.966911,227.698208,226.753050
945.966928,227.698208,226.755106
945.966960,227.698208,226.757346
945.966979,227.698208,226.760898
945.966997,227.698208,226.761830
945.967026,227.698208,226.762411
945.967054,227.698208,226.765598
945.967081,227.698208,226.766690
945.967112,227.698208,226.769782
945.967146,227.698208,226.771797
945.967214,227.698208,226.774600
945.967243,227.698208,226.777253
945.967296,227.698208,226.778581
945.967324,227.698208,226.779165
945.967353,227.698208,226.781158
945.967405,227.698208,226.783306
945.967421,227.698208,226.785941
945.967489,227.698208,226.786549
945.967509,227.698208,226.786562
945.967542,227.698208,226.790752
945.967580,227.698208,226.796309
945.967601,227.698208,226.797144
945.967634,227.698208,226.798411
945.967783,227.698208,226.801891
945.967816,227.698208,226.806453
945.967833,227.698208,226.810992
945.967857,227.698208,226.812654
945.967879,227.698208,226.815626
945.967909,227.698208,226.818178
945.967981,227.698208,226.826486
945.968025,227.698208,226.827152
945.968057,227.698208,226.829142
945.968130,227.698208,226.831742
945.968183,227.698208,226.834170
945.968205,227.698208,219.265683
945.968237,227.698208,226.837227
945.968271,227.698208,226.842042
945.968298,227.698208,226.843858
945.968329,227.698208,226.844461
945.968376,227.698208,226.846562
945.968412,227.698208,226.847152
945.968446,227.698208,226.849493
945.968469,227.698208,226.854728
945.968500,227.698208,226.855080
945.968536,227.698208,226.856986
945.968564,227.698208,226.858778
945.968608,227.698208,226.858834
945.968645,227.698208,226.861277
945.968699,227.698208,226.862339
945.968758,227.698208,226.862541
945.968878,227.698208,226.862552
945.968973,227.698208,226.863024
945.969005,227.698208,226.864904
945.969036,227.698208,226.865982
945.969069,227.698208,226.867094
945.969117,227.698208,226.868530
945.969151,227.698208,226.869507
945.969173,227.698208,226.870114
945.969240,227.698208,226.880494
945.969265,227.698208,220.868526
945.969291,227.698208,226.354115
945.969308,227.698208,226.883947
945.969371,227.698208,226.884102
945.969408,227.698208,226.890365
945.969441,227.698208,226.891402
945.969474,227.698208,226.895898
945.969511,227.698208,226.896909
945.969551,227.698208,226.897110
945.969579,227.698208,226.905091
945.969606,227.698208,226.906218
945.969631,227.698208,226.910197
945.969650,227.698208,222.173589
945.969670,227.698208,225.179842
945.969697,227.698208,226.911366
945.969734,227.698208,226.911965
945.969763,227.698208,226.914158
945.969784,227.698208,226.917422
945.969818,227.698208,226.917558
945.969852,227.698208,226.918051
945.969872,227.698208,226.921227
945.969904,227.698208,226.924349
945.969927,227.698208,226.927202
945.969967,227.698208,226.930984
945.969987,227.698208,222.690125
945.970014,227.698208,226.935109
945.970036,227.698208,226.935306
945.970061,227.698208,226.936582
945.970178,227.698208,226.937237
945.970210,227.698208,223.540726
945.970232,227.698208,226.938926
945.970261,227.698208,226.942122
945.970283,227.698208,226.942634
945.970301,227.698208,226.949294
945.970320,227.698208,226.951875
945.970354,227.698208,226.952542
945.970374,227.698208,226.954466
945.970415,227.698208,226.955778
945.970450,227.698208,226.959646
945.970484,227.698208,226.961674
945.970510,227.698208,226.963022
945.970558,227.698208,226.963230
945.970587,227.698208,226.964386
945.970625,227.698208,226.964622
945.970645,227.698208,226.966672
945.970681,227.698208,226.967414
945.970721,227.698208,226.967424
945.970760,227.698208,226.969030
945.970784,227.698208,226.970531
945.970827,227.698208,226.970536
945.970864,227.698208,226.974680
945.970886,227.698208,226.978190
945.970916,227.698208,226.978685
945.971023,227.698208,226.979416
945.971042,227.698208,226.982211
945.971088,227.698208,226.983973
945.971143,227.698208,226.989704
945.971177,227.698208,226.991702
945.971210,227.698208,226.992656
945.971231,227.698208,226.992854
945.971328,227.698208,226.996442
945.971358,227.698208,226.997746
945.971384,227.698208,198.306894
945.971403,227.698208,214.599458
945.971420,227.698208,226.839957
945.971435,227.698208,227.000896
945.971451,227.698208,227.003309
945.971471,227.698208,227.003362
945.971542,227.698208,227.005059
945.971569,227.698208,227.006197
945.971600,227.698208,227.009430
945.971637,227.698208,227.009510
945.971703,227.698208,227.010174
945.971734,227.698208,227.012074
945.971764,227.698208,227.013786
945.971796,227.698208,227.017667
945.971827,227.698208,227.018035
945.971856,227.698208,227.023560
945.971888,227.698208,227.023906
945.971908,227.698208,227.024821
945.971936,227.698208,226.587237
945.971957,227.698208,227.025493
945.971989,227.698208,227.026840
945.972020,227.698208,227.027798
945.972062,227.698208,227.027939
945.972096,227.698208,227.028787
945.972115,227.698208,225.284864
945.972142,227.698208,227.030858
945.972173,227.698208,227.032280
945.972206,227.698208,227.037163
945.972240,227.698208,227.039155
945.972290,227.698208,227.039574
945.972324,227.698208,227.043973
945.972360,227.698208,227.047080
945.972403,227.698208,227.052059
945.972442,227.698208,227.053221
945.972494,227.698208,227.054552
945.972543,227.698208,227.056936
945.972572,227.698208,227.056942
945.972601,227.698208,227.056984
945.972717,227.698208,227.057606
945.972748,227.698208,227.059230
945.972784,227.698208,227.061538
945.972830,227.698208,227.066774
945.972859,227.698208,227.067202
945.972891,227.698208,227.068504
945.972919,227.698208,227.075088
945.972947,227.698208,227.077430
945.972982,227.698208,227.079574
945.973012,227.698208,227.084155
945.973106,227.698208,227.087221
945.973141,227.698208,227.090862
945.973169,227.698208,227.091579
945.973200,227.698208,227.092277
945.973237,227.698208,227.093325
945.973277,227.698208,227.098813
945.973303,227.698208,227.099470
945.973334,227.698208,227.100789
945.973367,227.698208,227.102632
945.973385,227.698208,227.103696
945.973416,227.698208,227.104301
945.973456,227.698208,227.106499
945.973488,227.698208,227.107754
945.973509,227.698208,227.109464
945.973530,227.698208,227.113171
945.973562,227.698208,217.324056
945.973587,227.698208,223.672312
945.973618,227.698208,227.114994
945.973649,227.698208,227.117360
945.973680,227.698208,227.117662
945.973699,227.698208,227.120429
945.973735,227.698208,227.120450
945.973760,227.698208,227.120931
945.973789,227.698208,227.122874
945.973824,227.698208,227.126046
945.973865,227.698208,227.126578
945.973895,227.698208,227.127310
945.973965,227.698208,227.127659
945.973995,227.698208,227.131010
945.974031,227.698208,227.134083
945.974070,227.698208,227.134160
945.974091,227.698208,218.797552
945.974121,227.698208,227.134544
945.974156,227.698208,227.135346
945.974195,227.698208,227.137202
945.974277,227.698208,227.141123
945.974305,227.698208,227.144058
945.974374,227.698208,227.149021
945.974409,227.698208,227.154533
945.974446,227.698208,227.156782
945.974479,227.698208,227.158669
945.974516,227.698208,227.159371
945.974543,227.698208,227.160581
945.974584,227.698208,227.160734
945.974607,227.698208,218.052386
945.974624,227.698208,227.161867
945.974661,227.698208,227.164328
945.974682,227.698208,227.166467
945.974698,227.698208,227.167864
945.974737,227.698208,227.167986
945.974766,227.698208,227.169878
945.974855,227.698208,227.171226
945.974888,227.698208,227.182358
945.974910,227.698208,224.655683
945.974937,227.698208,226.975248
945.974953,227.698208,227.182445
945.974968,227.698208,227.183374
945.975005,227.698208,227.185318
945.975026,227.698208,227.185986
945.975056,227.698208,227.189294
945.975085,227.698208,227.190899
945.975110,227.698208,227.191432
945.975141,227.698208,227.192022
945.975201,227.698208,227.199613
945.975220,227.698208,213.445834
945.975247,227.698208,217.338410
945.975268,227.698208,227.199613
945.975285,227.698208,213.445834
945.975307,227.698208,217.338410
945.975328,227.698208,227.199619
945.975353,227.698208,200.016019
945.975372,227.698208,212.470192
945.975389,227.698208,216.125680
945.975406,227.698208,227.200803
945.975641,227.698208,227.201997
945.975674,227.698208,227.202074
945.975696,227.698208,221.930781
945.975712,227.698208,227.203954
945.975775,227.698208,227.205677
945.975811,227.698208,227.206517
945.975841,227.698208,227.209982
945.975963,227.698208,227.211624
945.975988,227.698208,227.212674
945.976010,227.698208,227.212994
945.976037,227.698208,227.213634
945.976085,227.698208,227.213675
945.976116,227.698208,227.216013
945.976143,227.698208,227.217952
945.976178,227.698208,227.218029
945.976250,227.698208,227.220506
945.976278,227.698208,227.220629
945.976326,227.698208,227.223541
945.976345,227.698208,227.223554
945.976377,227.698208,227.223637
945.976400,227.698208,227.223966
945.976451,227.698208,227.225466
945.976499,227.698208,227.227907
945.976587,227.698208,227.231021
945.976630,227.698208,227.231606
945.976664,227.698208,227.233942
945.976699,227.698208,227.237867
945.976736,227.698208,227.241749
945.976755,227.698208,227.242728
945.976789,227.698208,227.243267
945.976819,227.698208,227.243605
945.976845,227.698208,227.244510
945.976877,227.698208,227.245184
945.976911,227.698208,227.246358
945.976937,227.698208,227.247714
945.976984,227.698208,227.248298
945.977013,227.698208,227.252050
945.977045,227.698208,227.252114
945.977088,227.698208,227.253576
945.977115,227.698208,227.255675
945.977159,227.698208,227.255765
945.977194,227.698208,227.256246
945.977235,227.698208,227.259422
945.977263,227.698208,227.261138
945.977292,227.698208,227.262558
945.977321,227.698208,227.263059
945.977341,227.698208,227.266278
945.977359,227.698208,227.268216
945.977384,227.698208,227.272301
945.977408,227.698208,227.273651
945.977437,227.698208,227.274835
945.977479,227.698208,227.274880
945.977518,227.698208,227.278525
945.977553,227.698208,227.282411
945.977584,227.698208,227.288301
945.977619,227.698208,227.290968
945.977653,227.698208,227.292738
945.977694,227.698208,227.293435
945.977725,227.698208,227.294629
945.977747,227.698208,227.295682
945.977768,227.698208,227.296291
945.977793,227.698208,227.297414
945.977815,227.698208,227.299595
945.977852,227.698208,227.300686
945.977879,227.698208,227.302150
945.977915,227.698208,227.303694
945.977952,227.698208,227.305549
945.977992,227.698208,227.306309
945.978027,227.698208,227.309763
945.978054,227.698208,227.312302
945.978087,227.698208,227.312930
945.978115,227.698208,227.313235
945.978136,227.698208,227.314749
945.978161,227.698208,227.315741
945.978235,227.698208,227.319870
945.978251,227.698208,226.479011
945.978273,227.698208,227.320490
945.978307,227.698208,227.322330
945.978349,227.698208,227.323347
945.978373,227.698208,227.331658
945.978398,227.698208,227.332734
945.978427,227.698208,227.333504
945.978464,227.698208,227.334731
945.978487,227.698208,222.131544
945.978513,227.698208,227.338328
945.978556,227.698208,227.338603
945.978579,227.698208,208.731726
945.978596,227.698208,224.946414
945.978624,227.698208,227.343322
945.978642,227.698208,227.352202
945.978661,227.698208,219.287146
945.978688,227.698208,227.352602
945.978724,227.698208,227.353773
945.978758,227.698208,227.355781
945.978820,227.698208,227.357568
945.978839,227.698208,227.358248
945.978939,227.698208,227.358606
945.978961,227.698208,227.359397
945.979003,227.698208,227.359606
945.979044,227.698208,227.360626
945.979095,227.698208,227.362494
945.979126,227.698208,227.364896
945.979158,227.698208,227.365669
945.979190,227.698208,227.376694
945.979238,227.698208,227.377274
945.979272,227.698208,227.377674
945.979289,227.698208,227.378370
945.979314,227.698208,227.380410
945.979342,227.698208,227.380474
945.979372,227.698208,227.380589
945.979402,227.698208,227.383443
945.979436,227.698208,227.383482
945.979457,227.698208,213.515885
945.979472,227.698208,227.236274
945.979500,227.698208,227.385202
945.979535,227.698208,227.385594
945.979579,227.698208,227.385962
945.979630,227.698208,227.385968
945.979676,227.698208,227.389712
945.979793,227.698208,227.392038
945.979846,227.698208,227.394912
945.979873,227.698208,227.395821
945.979892,227.698208,227.397792
945.979913,227.698208,227.398125
945.979946,227.698208,227.402270
945.979978,227.698208,227.403262
945.980009,227.698208,227.407421
945.980033,227.698208,227.409520
945.980081,227.698208,227.412030
945.980108,227.698208,227.412390
945.980164,227.698208,227.413739
945.980192,227.698208,227.415470
945.980213,227.698208,227.416680
945.980244,227.698208,227.419650
945.980260,227.698208,223.909475
945.980274,227.698208,227.419909
945.980293,227.698208,227.421798
945.980321,227.698208,227.422290
945.980356,227.698208,227.424094
945.980385,227.698208,227.425402
945.980416,227.698208,227.429094
945.980467,227.698208,227.430126
945.980486,227.698208,227.434579
945.980503,227.698208,227.434762
945.980533,227.698208,227.435966
945.980572,227.698208,227.437670
945.980603,227.698208,227.438341
945.980631,227.698208,227.444603
945.980668,227.698208,227.446397
945.980695,227.698208,227.446637
945.980715,227.698208,220.272854
945.980730,227.698208,227.446806
945.980754,227.698208,227.447123
945.980780,227.698208,227.448158
945.980811,227.698208,227.449586
945.980830,227.698208,215.655054
945.980854,227.698208,221.906677
945.980868,227.698208,227.452837
945.980884,227.698208,227.453160
945.980906,227.698208,227.454366
945.980933,227.698208,227.461976
945.980946,227.698208,227.463646
945.980975,227.698208,227.467326
945.980997,227.698208,227.468182
945.981020,227.698208,227.469890
945.981041,227.698208,227.474045
945.981066,227.698208,227.474430
945.981091,227.698208,227.475333
945.981123,227.698208,227.475997
945.981148,227.698208,227.476461
945.981164,227.698208,227.480357
945.981181,227.698208,227.492267
945.981214,227.698208,227.493899
945.981249,227.698208,227.494024
945.981266,227.698208,214.565642
945.981292,227.698208,225.623565
945.981314,227.698208,227.495301
945.981382,227.698208,227.495386
945.981414,227.698208,227.500920
945.981443,227.698208,227.501317
945.981468,227.698208,221.008486
945.981489,227.698208,227.501376
945.981555,227.698208,227.501403
945.981608,227.698208,227.503165
945.981635,227.698208,227.504250
945.981667,227.698208,227.505539
945.981703,227.698208,227.506315
945.981737,227.698208,227.509443
945.981819,227.698208,227.510518
945.981852,227.698208,227.511274
945.981880,227.698208,227.511869
945.981900,227.698208,227.512706
945.981928,227.698208,183.083573
945.981953,227.698208,208.437714
945.981971,227.698208,211.519154
945.981988,227.698208,221.856274
945.982015,227.698208,224.156206
945.982030,227.698208,227.237646
945.982043,227.698208,227.514318
945.982088,227.698208,227.514416
945.982117,227.698208,227.515478
945.982141,227.698208,227.515955
945.982167,227.698208,227.517008
945.982192,227.698208,227.520656
945.982222,227.698208,227.523557
945.982263,227.698208,227.524776
945.982278,227.698208,221.768469
945.982300,227.698208,227.527341
945.982317,227.698208,227.528693
945.982343,227.698208,227.529323
945.982371,227.698208,227.539862
945.982404,227.698208,227.541560
945.982442,227.698208,227.543933
945.982463,227.698208,227.545280
945.982480,227.698208,227.545718
945.982517,227.698208,227.546368
945.982551,227.698208,227.547045
945.982587,227.698208,227.547048
945.982622,227.698208,227.549614
945.982648,227.698208,227.550006
945.982683,227.698208,227.550090
945.982711,227.698208,227.550154
945.982740,227.698208,227.551488
945.982868,227.698208,227.554498
945.982901,227.698208,227.556824
945.982942,227.698208,227.556997
945.982962,227.698208,219.220389
945.982993,227.698208,227.557422
945.983013,227.698208,227.557645
945.983050,227.698208,227.560506
945.983078,227.698208,227.560990
945.983111,227.698208,227.561878
945.983138,227.698208,227.561982
945.983156,227.698208,227.563070
945.983174,227.698208,227.563274
945.983203,227.698208,227.565325
945.983226,227.698208,227.566566
945.983241,227.698208,227.567098
945.983280,227.698208,227.567414
945.983320,227.698208,227.568723
945.983336,227.698208,215.214944
945.983359,227.698208,219.107520
945.983381,227.698208,227.568723
945.983397,227.698208,215.214944
945.983423,227.698208,219.107520
945.983446,227.698208,227.571138
945.983513,227.698208,227.571526
945.983532,227.698208,227.571650
945.983563,227.698208,227.573083
945.983591,227.698208,227.574746
945.983621,227.698208,227.576034
945.983670,227.698208,227.580037
945.983717,227.698208,227.584606
945.983749,227.698208,227.586061
945.983780,227.698208,227.587013
945.983800,227.698208,227.590925
945.983833,227.698208,227.591395
945.983858,227.698208,227.591421
945.983885,227.698208,227.592717
945.983942,227.698208,227.595450
945.983975,227.698208,227.598773
945.983994,227.698208,227.598926
945.984037,227.698208,227.599018
945.984097,227.698208,227.600672
945.984128,227.698208,227.602592
945.984157,227.698208,227.602651
945.984221,227.698208,227.604558
945.984253,227.698208,227.605357
945.984273,227.698208,227.606325
945.984299,227.698208,227.606890
945.984324,227.698208,227.606998
945.984360,227.698208,227.607410
945.984387,227.698208,227.610170
945.984411,227.698208,227.612112
945.984425,227.698208,227.612117
945.984440,227.698208,227.612523
945.984461,227.698208,227.614189
945.984495,227.698208,227.614270
945.984527,227.698208,227.614448
945.984560,227.698208,227.616158
945.984602,227.698208,227.616794
945.984694,227.698208,227.620538
945.984711,227.698208,226.187501
945.984724,227.698208,227.625448
945.984749,227.698208,227.629170
945.984778,227.698208,227.629667
945.984804,227.698208,227.630358
945.984835,227.698208,227.638613
945.984860,227.698208,204.256370
945.984878,227.698208,210.572462
945.984892,227.698208,217.911726
945.984911,227.698208,227.638966
945.984944,227.698208,227.642144
945.984973,227.698208,227.642602
945.985008,227.698208,227.645890
945.985043,227.698208,227.650821
945.985090,227.698208,227.660403
945.985115,227.698208,227.662904
945.985141,227.698208,227.663603
945.985160,227.698208,227.666616
945.985177,227.698208,227.667718
945.985203,227.698208,227.667939
945.985239,227.698208,227.671667
945.985262,227.698208,227.673339
945.985286,227.698208,227.678843
945.985302,227.698208,227.680776
945.985383,227.698208,227.680910
945.985407,227.698208,227.685208
945.985429,227.698208,227.689789
945.985603,227.698208,227.691083
945.985622,227.698208,227.691499
945.985684,227.698208,227.691779
945.985716,227.698208,227.692813
945.985833,227.698208,227.698208
