Time,UB,LB
0.000000,1329.809939,57.267125
0.046098,1329.809939,80.204146
0.068374,1329.809939,80.507826
0.079839,1329.809939,81.370805
0.102441,1329.809939,86.685586
0.112770,1329.809939,86.989266
0.118194,1329.809939,87.548565
0.139031,1329.809939,87.852245
0.149467,1329.809939,98.067026
0.162039,1329.809939,98.930005
0.185746,1329.809939,99.233685
0.197693,1329.809939,99.592387
0.209998,1329.809939,100.455366
0.213046,989.264645,100.455366
0.213077,984.036261,100.455366
0.213144,971.981989,100.455366
0.213164,950.591845,100.455366
0.213182,945.019045,100.455366
0.213247,939.790661,100.455366
0.213324,932.020325,100.455366
0.213337,924.030181,100.455366
0.214379,902.509125,100.455366
0.214397,896.936325,100.455366
0.214454,887.948549,100.455366
0.214478,882.720165,100.455366
0.214562,837.300549,100.455366
0.215476,832.670949,100.455366
0.218670,828.349989,100.455366
0.231541,821.159813,100.455366
0.232300,814.633861,100.455366
0.232319,813.707941,100.455366
0.232424,807.387013,100.455366
0.232563,805.535173,100.455366
0.232583,804.544109,100.455366
0.232801,804.020325,100.455366
0.232814,803.094405,100.455366
0.232908,802.551237,100.455366
0.232930,801.560173,100.455366
0.325200,801.301861,100.455366
0.327943,800.190757,100.455366
0.338983,794.635237,100.455366
0.339005,792.783397,100.455366
0.340768,792.042661,100.455366
0.351270,790.931557,100.455366
2.336478,790.224136,100.455366
2.336500,788.372296,100.455366
2.338242,787.631560,100.455366
2.348376,786.520456,100.455366
2.373061,786.478437,100.455366
2.373086,784.626597,100.455366
3.176261,772.639421,100.455366
3.176280,767.066621,100.455366
3.176679,762.437021,100.455366
3.177966,758.116061,100.455366
3.190963,715.242677,100.455366
3.190982,709.669877,100.455366
3.191329,701.161237,100.455366
3.191346,695.588437,100.455366
3.191419,693.736597,100.455366
3.191572,691.678581,100.455366
3.191610,690.752661,100.455366
3.191865,680.122837,100.455366
3.191887,679.196917,100.455366
3.192150,678.509301,100.455366
3.192164,677.583381,100.455366
3.194115,674.625005,100.455366
3.194363,660.791629,100.455366
3.194454,651.659565,100.455366
3.194761,648.675629,100.455366
3.196208,646.104045,100.455366
3.196222,645.178125,100.455366
3.196936,643.120109,100.455366
3.196950,642.194189,100.455366
3.308884,638.932429,100.455366
3.308969,629.800365,100.455366
3.309272,626.816429,100.455366
3.328548,625.170765,100.455366
3.328570,622.393005,100.455366
3.328584,621.467085,100.455366
3.329369,619.409069,100.455366
3.329383,618.483149,100.455366
4.904459,618.039237,100.455366
4.904476,617.113317,100.455366
5.479626,616.804632,100.455366
5.479926,614.952792,100.455366
5.479949,612.175032,100.455366
5.479965,611.249112,100.455366
5.480728,609.191096,100.455366
5.480743,608.265176,100.455366
31.863725,607.666459,100.455366
31.925770,606.498587,100.455366
31.925793,603.720827,100.455366
31.925808,602.794907,100.455366
35.177408,602.772683,100.455366
35.177425,601.846763,100.455366
37.433412,601.588747,100.455366
37.433428,600.662827,100.455366
40.174619,598.916358,100.455366
40.174635,597.990438,100.455366
40.208140,597.612158,100.455366
40.208168,596.686238,100.455366
40.278685,595.518366,100.455366
40.278709,592.740606,100.455366
40.278724,591.814686,100.455366
61.975733,590.697442,100.455366
61.975758,587.919682,100.455366
61.975772,586.993762,100.455366
85.519549,586.150437,100.455366
85.519567,585.224517,100.455366
103.539610,584.838114,100.455366
103.539627,583.912194,100.455366
103.540345,581.854178,100.455366
103.540360,580.928258,100.455366
169.820417,579.928893,100.455366
169.820432,579.002973,100.455366
169.821149,576.944957,100.455366
169.821162,576.019037,100.455366
170.223041,575.694837,100.455366
186.050802,575.158160,100.455366
191.887902,574.240632,100.455366
195.038712,573.511248,100.455366
198.749907,571.915312,100.455366
198.749928,569.137552,100.455366
198.749941,568.211632,100.455366
232.248730,567.574544,100.455366
232.248754,564.796784,100.455366
232.248767,563.870864,100.455366
249.852317,561.375862,100.455366
249.852332,560.449942,100.455366
249.853060,558.391926,100.455366
249.853074,557.466006,100.455366
271.511840,554.944880,100.455366
271.511854,554.018960,100.455366
271.512560,551.960944,100.455366
271.512574,551.035024,100.455366
271.558966,550.009691,100.455366
271.559256,548.157851,100.455366
271.559277,545.380091,100.455366
271.559291,544.454171,100.455366
271.560014,542.396155,100.455366
271.560027,541.470235,100.455366
734.866067,541.470235,100.759046
734.887812,541.470235,100.845466
734.906134,541.470235,101.708445
735.034903,541.470235,102.012125
735.051518,541.470235,104.773734
735.057785,541.470235,105.411445
735.083050,541.470235,105.546011
735.088738,541.470235,106.134837
735.094740,541.470235,107.004656
735.155549,541.470235,108.159525
735.167580,541.470235,108.176830
735.242656,541.470235,108.333691
841.405107,541.470235,108.598451
841.410857,541.470235,108.615757
841.470605,541.470235,109.348411
841.485521,541.470235,109.365717
841.546502,541.470235,109.715070
841.560726,541.470235,110.153997
841.567225,541.470235,111.024907
841.580094,541.470235,111.430438
841.586128,541.470235,113.459531
841.621306,541.470235,113.476837
841.789895,541.470235,115.015077
841.818015,541.470235,115.201522
867.478377,541.006538,115.201522
867.478392,540.080618,115.201522
941.622900,540.080618,115.566875
941.655071,540.080618,115.781819
941.768690,540.080618,115.796597
941.800526,540.080618,115.799125
941.943151,540.080618,116.492805
941.948964,540.080618,116.510110
941.995605,540.080618,117.337365
942.046565,540.080618,117.356987
942.069472,540.080618,117.580523
942.257343,540.080618,117.762518
942.264215,540.080618,118.048350
1037.477075,540.080618,118.128587
1037.512223,540.080618,118.534118
1037.517774,540.080618,119.615122
1037.529891,540.080618,120.284107
1037.534938,540.080618,120.536082
1037.540688,540.080618,120.689638
1037.543267,540.080618,121.682962
1037.546392,540.080618,121.720678
1037.552280,540.080618,121.810117
1037.617064,540.080618,122.115670
1037.668962,540.080618,122.813800
1037.686620,540.080618,123.319947
1037.779323,540.080618,123.585467
1037.927437,540.080618,123.725478
1037.963510,540.080618,124.289042
1037.969651,540.080618,124.302818
1037.983056,540.080618,124.306347
1037.998064,540.080618,124.357067
1038.032174,540.080618,124.762598
1038.052926,540.080618,125.475467
1038.084176,540.080618,125.841058
1038.090929,540.080618,125.880998
1038.098108,540.080618,125.913918
1038.111081,540.080618,125.998371
1038.117015,540.080618,126.512587
1081.202005,540.080618,126.616187
1081.216325,540.080618,127.022482
1081.221835,540.080618,127.452158
1081.227617,540.080618,127.943442
1081.230411,540.080618,129.329235
1081.233349,540.080618,130.017435
1081.336080,540.080618,130.079195
1081.341522,540.080618,130.739755
1081.427524,540.080618,130.749618
1081.441726,540.080618,130.766923
1081.510765,540.080618,131.181605
1081.517342,540.080618,131.198910
1081.543761,540.080618,131.533614
1081.555079,540.080618,131.807547
1081.612341,540.080618,132.017387
1081.645915,540.080618,132.069958
1081.649623,540.080618,132.213078
1081.668394,540.080618,132.287858
1081.673540,540.080618,132.305163
1081.689002,540.080618,132.579147
1081.717617,540.080618,132.607002
1081.723667,540.080618,132.636098
1081.728910,540.080618,132.639627
1081.735938,540.080618,132.984678
1081.759299,540.080618,133.405731
1081.762154,540.080618,134.247198
1081.767309,540.080618,134.597707
1081.803678,540.080618,134.734667
1081.819487,540.080618,134.861251
1081.823223,540.080618,135.003238
1118.884471,540.080618,135.140198
1118.894653,540.080618,135.584155
1118.905353,540.080618,135.986635
1118.908065,540.080618,136.512603
1118.918375,540.080618,136.794662
1119.016728,540.080618,137.632318
1119.132555,540.080618,137.718035
1119.136098,540.080618,137.822427
1119.143685,540.080618,138.115038
1119.151920,540.080618,138.122322
1119.161795,540.080618,138.139627
1119.195450,540.080618,138.388458
1119.203483,540.080618,138.405763
1119.249948,540.080618,138.412475
1119.252852,540.080618,139.082898
1119.273262,540.080618,139.100203
1119.294710,540.080618,139.232315
1119.312681,540.080618,139.402042
1119.318334,540.080618,139.648181
1119.334186,540.080618,139.944003
1119.342889,540.080618,140.638443
1119.352004,540.080618,140.793915
1119.355538,540.080618,140.940282
1119.358339,540.080618,140.998246
1119.360937,540.080618,141.066747
1119.385539,540.080618,141.311846
1119.403362,540.080618,141.322411
1119.437768,540.080618,141.387835
1119.444346,540.080618,141.812635
1119.464890,540.080618,141.882894
1119.471302,540.080618,142.281643
1147.746065,540.080618,142.950738
1147.751731,540.080618,142.968043
1147.779825,540.080618,142.978987
1147.822194,540.080618,143.061835
1147.843122,540.080618,143.807355
1147.856590,540.080618,143.912475
1147.865885,540.080618,143.968155
1147.871954,540.080618,144.071755
1147.877798,540.080618,144.119819
1147.892211,540.080618,144.151443
1147.899425,540.080618,144.295291
1147.962963,540.080618,144.506283
1147.969473,540.080618,144.843355
1147.975019,540.080618,144.845883
1147.978229,540.080618,145.007602
1147.991234,540.080618,145.032190
1148.040996,540.080618,145.245072
1148.055611,540.080618,145.542691
1148.059168,540.080618,145.751787
1148.073611,540.080618,145.889702
1148.080597,540.080618,146.051315
1148.082278,540.080618,146.467947
1148.151632,540.080618,146.632107
1148.173252,540.080618,146.924795
1148.196150,540.080618,147.227323
1148.200137,540.080618,148.150715
1148.205890,540.080618,148.491515
1148.211717,540.080618,148.677835
1148.242324,540.080618,149.048267
1169.804463,540.080618,149.083366
1169.811727,540.080618,149.127195
1169.813310,540.080618,149.830907
1169.845065,540.080618,149.843301
1169.850600,540.080618,149.860606
1169.887948,540.080618,150.034715
1169.901779,540.080618,150.165515
1169.916330,540.080618,150.300235
1169.943645,540.080618,150.833355
1169.950900,540.080618,151.071835
1169.957098,540.080618,151.238886
1169.960012,540.080618,151.301323
1169.974993,540.080618,151.398846
1169.984041,540.080618,151.551315
1169.990022,540.080618,152.181027
1169.995677,540.080618,152.190235
1170.001784,540.080618,152.245755
1170.004549,540.080618,152.315347
1170.038192,540.080618,152.325995
1170.110310,540.080618,152.679782
1170.113910,540.080618,153.019758
1170.115636,540.080618,153.164107
1170.130483,540.080618,153.227355
1170.133782,540.080618,153.234683
1170.138894,540.080618,153.297062
1170.142447,540.080618,153.330955
1170.145608,540.080618,153.658854
1170.161674,540.080618,153.992475
1170.169207,540.080618,154.090842
1170.175471,540.080618,154.098741
1170.200484,540.080618,154.379195
1170.218973,540.080618,154.627195
1170.223923,540.080618,154.752582
1170.226839,540.080618,155.197094
1170.231862,540.080618,155.272358
1170.236878,540.080618,155.936907
1170.243522,540.080618,156.732203
1170.278998,540.080618,157.165435
1170.298182,540.080618,157.381547
1170.320045,540.080618,157.397387
1170.340995,540.080618,157.409915
1170.343758,540.080618,157.937035
1170.357018,540.080618,158.071075
1170.359947,540.080618,158.193886
1186.661369,540.080618,158.209915
1186.713059,540.080618,158.342566
1186.717649,540.080618,158.522315
1186.727536,540.080618,158.732155
1186.747102,540.080618,158.758691
1186.754704,540.080618,159.187659
1186.761235,540.080618,159.293915
1186.766983,540.080618,159.686594
1186.802512,540.080618,159.884595
1186.804260,540.080618,159.976571
1186.808021,540.080618,160.087142
1186.809691,540.080618,160.092555
1186.815009,540.080618,160.154347
1186.883382,540.080618,160.406155
1186.907971,540.080618,160.524250
1186.935898,540.080618,160.634555
1186.942378,540.080618,161.244395
1186.960001,540.080618,161.297694
1186.980540,540.080618,161.312475
1186.993604,540.080618,161.449435
1186.997427,540.080618,161.567963
1187.000424,540.080618,161.992134
1187.006242,540.080618,162.302491
1187.007867,540.080618,162.424122
1187.010997,540.080618,162.601275
1187.019691,540.080618,162.679718
1187.021442,540.080618,162.835934
1187.024761,540.080618,162.960475
1187.026660,540.080618,163.128395
1187.047493,540.080618,163.530374
1187.050361,540.080618,163.533926
1187.084149,540.080618,164.214342
1187.107934,540.080618,164.339381
1187.140736,540.080618,164.373574
1187.150207,540.080618,165.283915
1187.181359,540.080618,165.689446
1187.189787,540.080618,165.752582
1187.194406,540.080618,165.911814
1187.200364,540.080618,166.459802
1187.203597,540.080618,166.582686
1187.223954,540.080618,166.853038
1187.226389,540.080618,167.067963
1187.245631,540.080618,167.566667
1187.257820,540.080618,167.781515
1187.261250,540.080618,167.924122
1187.283428,540.080618,168.154848
1187.285367,540.080618,168.266138
1187.303206,540.080618,168.273395
1187.306055,540.080618,168.926448
1187.307812,540.080618,168.967835
1187.310894,540.080618,169.233547
1187.437640,540.080618,169.534555
1187.445745,540.080618,169.630974
1187.450768,540.080618,169.639078
1187.509372,540.080618,169.804378
1187.513108,540.080618,170.380934
1187.521895,540.080618,170.571675
1187.527240,540.080618,171.280139
1187.554430,540.080618,171.389067
1187.571882,540.080618,171.395568
1187.574981,540.080618,171.615995
1187.608793,540.080618,171.690075
1187.612646,540.080618,171.794598
1187.631138,540.080618,171.860475
1187.634785,540.080618,171.862160
1187.638496,540.080618,172.061723
1187.642106,540.080618,172.233808
1187.644307,540.080618,172.387595
1187.652215,540.080618,172.547622
1187.658900,540.080618,172.706854
1187.664137,540.080618,172.793126
1187.679343,540.080618,173.182715
1203.049548,540.080618,173.923515
1203.057813,540.080618,174.117808
1203.075926,540.080618,174.492054
1203.103402,540.080618,174.543115
1203.114256,540.080618,174.856715
1203.133743,540.080618,175.401243
1203.135399,540.080618,175.694955
1203.160610,540.080618,175.763035
1203.167669,540.080618,175.931035
1203.249449,540.080618,176.327109
1203.252764,540.080618,176.328794
1203.255288,540.080618,176.698757
1203.258449,540.080618,176.700442
1203.260094,540.080618,177.721147
1203.333652,540.080618,178.022155
1203.353004,540.080618,178.126678
1203.383391,540.080618,178.393803
1203.393740,540.080618,178.492747
1203.409204,540.080618,178.793755
1203.412275,540.080618,178.898278
1203.422456,540.080618,179.165403
1203.425373,540.080618,179.296443
1203.454880,540.080618,179.659147
1203.467722,540.080618,179.876667
1203.495406,540.080618,180.415966
1203.528392,540.080618,180.648267
1203.533721,540.080618,180.949275
1203.535340,540.080618,180.961867
1203.562970,540.080618,180.985275
1203.568389,540.080618,181.053798
1203.581518,540.080618,181.214923
1203.584735,540.080618,181.367398
1203.601301,540.080618,181.800107
1203.646709,540.080618,181.880752
1203.659325,540.080618,181.937520
1203.660931,540.080618,182.101115
1203.670233,540.080618,182.205638
1203.682396,540.080618,182.400560
1203.685822,540.080618,182.473995
1203.697968,540.080618,182.605408
1203.704248,540.080618,182.628235
1203.721577,540.080618,183.033766
1203.732900,540.080618,183.117387
1203.742970,540.080618,183.179824
1203.759593,540.080618,183.377008
1203.762199,540.080618,183.380315
1203.774980,540.080618,183.398000
1203.782311,540.080618,183.955627
1203.791781,540.080618,184.356763
1203.803877,540.080618,184.783755
1203.816073,540.080618,184.864309
1203.820401,540.080618,185.022235
1203.823905,540.080618,185.023920
1203.827617,540.080618,185.190235
1203.836750,540.080618,185.535835
1203.843388,540.080618,185.846128
1203.847758,540.080618,186.354430
1203.920950,540.080618,186.672272
1203.944067,540.080618,186.684368
1203.949435,540.080618,186.820240
1203.952579,540.080618,186.916771
1203.965355,540.080618,186.935283
1203.974499,540.080618,186.980347
1203.985929,540.080618,187.037424
1203.998081,540.080618,187.629723
1204.009005,540.080618,188.422261
1204.026595,540.080618,188.438704
1204.033701,540.080618,188.733387
1204.081555,540.080618,189.138918
1204.096150,540.080618,189.832075
1204.102440,540.080618,189.851931
1204.117981,540.080618,190.011163
1204.128925,540.080618,190.027218
1204.192912,540.080618,190.044523
1204.260735,540.080618,190.152678
1204.297233,540.080618,190.221067
1204.303347,540.080618,190.888907
1204.316115,540.080618,191.059307
1204.327432,540.080618,191.151002
1204.332044,540.080618,191.294438
1204.337876,540.080618,191.711115
1204.362723,540.080618,191.733195
1204.387828,540.080618,191.910827
1204.398201,540.080618,192.165563
1204.404394,540.080618,192.215963
1204.416065,540.080618,192.381547
1204.480406,540.080618,192.639515
1204.486902,540.080618,192.641200
1204.491265,540.080618,193.383800
1204.508035,540.080618,193.463408
1204.511598,540.080618,193.559435
1204.515293,540.080618,193.617648
1204.518947,540.080618,193.903726
1204.532778,540.080618,194.232560
1204.535636,540.080618,194.726987
1204.548074,540.080618,195.268563
1204.552940,540.080618,195.525941
1204.567720,540.080618,195.879472
1204.579302,540.080618,196.018523
1204.589646,540.080618,196.253083
1204.649783,540.080618,196.593819
1212.759863,540.080618,196.707531
1212.792978,540.080618,196.948592
1212.801973,540.080618,197.005360
1212.803447,540.080618,197.220987
1212.832530,540.080618,197.992587
1212.841323,540.080618,198.043195
1212.878704,540.080618,198.185211
1212.880345,540.080618,198.344443
1212.885313,540.080618,198.465840
1212.894440,540.080618,198.497643
1212.921447,540.080618,198.559163
1212.931389,540.080618,198.814795
1212.940115,540.080618,199.269243
1212.946608,540.080618,199.628283
1212.955984,540.080618,200.253077
1212.959181,540.080618,200.461707
1212.971513,540.080618,200.503595
1212.977096,540.080618,200.653163
1212.980409,540.080618,201.424763
1212.983232,540.080618,201.515947
1213.001012,540.080618,201.572715
1213.007091,540.080618,201.640747
1213.015225,540.080618,201.738363
1213.024981,540.080618,201.964075
1213.051546,540.080618,202.237006
1213.055934,540.080618,202.576603
1213.075504,540.080618,202.722608
1213.077235,540.080618,202.876848
1213.078093,540.080618,203.033195
1213.122517,540.080618,203.183947
1213.135729,540.080618,203.506544
1213.144691,540.080618,203.589478
1213.155175,540.080618,203.893883
1213.158553,540.080618,204.258480
1213.165624,540.080618,204.351803
1213.170410,540.080618,204.732123
1213.173845,540.080618,204.927099
1213.179184,540.080618,205.327600
1213.185797,540.080618,205.386315
1213.191502,540.080618,205.966731
1213.194597,540.080618,206.214683
1213.197574,540.080618,206.325040
1213.201434,540.080618,206.574011
1213.207547,540.080618,206.733243
1213.211231,540.080618,207.004779
1213.247274,540.080618,207.043237
1213.271378,540.080618,207.091760
1213.275151,540.080618,207.149307
1213.280471,540.080618,207.254790
1213.281520,540.080618,207.308539
1213.287793,540.080618,207.756843
1213.291932,540.080618,208.073899
1213.344630,540.080618,209.097840
1213.346338,540.080618,209.198757
1213.349838,540.080618,209.509883
1213.362410,540.080618,209.851803
1213.369324,540.080618,210.332091
1213.403140,540.080618,210.625806
1213.408372,540.080618,210.892395
1213.444366,540.080618,210.997563
1213.447646,540.080618,211.201102
1213.453487,540.080618,211.665403
1213.456887,540.080618,211.720763
1213.475213,540.080618,211.795600
1213.484019,540.080618,211.835803
1213.488142,540.080618,211.949875
1213.496736,540.080618,212.487611
1213.499822,540.080618,212.798635
1213.505426,540.080618,213.051088
1213.507000,540.080618,213.158043
1213.539208,540.080618,213.315899
1213.543058,540.080618,213.627003
1213.545927,540.080618,213.665195
1213.561040,540.080618,214.077595
1213.600594,540.080618,215.512720
1213.604154,540.080618,215.514667
1213.610642,540.080618,215.571435
1213.613552,540.080618,216.193675
1213.625985,540.080618,216.302437
1213.629762,540.080618,216.361691
1213.633189,540.080618,216.510160
1213.634792,540.080618,217.029579
1213.652218,540.080618,217.031915
1213.662548,540.080618,217.997483
1213.667413,540.080618,218.185083
1213.669027,540.080618,218.328437
1213.673249,540.080618,218.348640
1213.676643,540.080618,218.722075
1213.689048,540.080618,218.769083
1213.691994,540.080618,218.819691
1213.708874,540.080618,219.326320
1213.715618,540.080618,219.591291
1213.719561,540.080618,220.407291
1213.721331,540.080618,220.566523
1213.723808,540.080618,220.811093
1213.737693,540.080618,220.924603
1213.739094,540.080618,220.962843
1213.742384,540.080618,221.077515
1213.749193,540.080618,221.238203
1213.752581,540.080618,221.649179
1213.753420,540.080618,221.746811
1213.754852,540.080618,222.060411
1213.764181,540.080618,222.072619
1213.776876,540.080618,222.076443
1213.780231,540.080618,222.417243
1213.786229,540.080618,222.898651
1213.797990,540.080618,223.960443
1213.804207,540.080618,224.459086
1213.806894,540.080618,224.891115
1213.818180,540.080618,225.719483
1213.821975,540.080618,225.960235
1213.828027,540.080618,226.115963
1213.831266,540.080618,226.378795
1213.837189,540.080618,226.543077
1213.840569,540.080618,226.573883
1213.842335,540.080618,226.788603
1213.850622,540.080618,227.149179
1213.854096,540.080618,227.171307
1213.855080,540.080618,227.365285
1213.869599,540.080618,227.587637
1213.871560,540.080618,227.663915
1213.875710,540.080618,228.733035
1213.883671,540.080618,228.907195
1213.885725,540.080618,229.296123
1213.887425,540.080618,229.831931
1213.903668,540.080618,231.201179
1213.905243,540.080618,231.987451
1213.906837,540.080618,232.448043
1213.913557,540.080618,233.219643
1213.916452,540.080618,233.480091
1213.931753,540.080618,234.932400
1213.932668,540.080618,235.076235
1213.935463,540.080618,235.375163
1213.936859,540.080618,235.688763
1213.940277,540.080618,235.754608
1213.941090,540.080618,236.145355
1213.943872,540.080618,236.306043
1213.950277,540.080618,236.527003
1213.953990,540.080618,237.014683
1213.954816,540.080618,237.589979
1213.955644,540.080618,237.665240
1213.959787,540.080618,238.413291
1213.994246,540.080618,238.841008
1213.996181,540.080618,239.091131
1213.998069,540.080618,239.540395
1214.004596,540.080618,240.141235
1214.007817,540.080618,240.207792
1214.009610,540.080618,240.897355
1214.012797,540.080618,240.907246
1214.013791,540.080618,240.993637
1214.018723,540.080618,241.210355
1214.021847,540.080618,241.482542
1214.022785,540.080618,241.489264
1214.072759,540.080618,241.756667
1214.073863,540.080618,241.966475
1214.077118,540.080618,242.439824
1214.078906,540.080618,242.705944
1214.083368,540.080618,243.234437
1214.085508,540.080618,243.460283
1214.088839,540.080618,243.597339
1214.089695,540.080618,243.706027
1214.092926,540.080618,244.282491
1214.096001,540.080618,244.775147
1214.099064,540.080618,245.565243
1214.102299,540.080618,245.615803
1214.103992,540.080618,245.938059
1214.107090,540.080618,245.951810
1214.108947,540.080618,245.976517
1214.112193,540.080618,245.995248
1214.113097,540.080618,246.438011
1214.114697,540.080618,247.007179
1214.118052,540.080618,247.383899
1214.119862,540.080618,248.237835
1214.130135,540.080618,248.416939
1214.132329,540.080618,248.586800
1214.135771,540.080618,249.265371
1214.138762,540.080618,249.524331
1214.153222,540.080618,249.666405
1214.155373,540.080618,249.825675
1214.158278,540.080618,250.748464
1214.162092,540.080618,250.880624
1214.166182,540.080618,251.547992
1214.170534,540.080618,252.719483
1214.172288,540.080618,253.036144
1214.174529,540.080618,253.359170
1214.175521,540.080618,253.541691
1214.177060,540.080618,253.641034
1214.177681,540.080618,254.463242
1214.178322,540.080618,254.619499
1214.182028,540.080618,254.750992
1214.183204,540.080618,254.791259
1214.184155,540.080618,255.173883
1214.185132,540.080618,255.688619
1214.189014,540.080618,255.962859
1214.190704,540.080618,256.183082
1214.191884,540.080618,256.507298
1214.193093,540.080618,256.628091
1214.196671,540.080618,256.630032
1214.201130,540.080618,256.929888
1214.201763,540.080618,257.336795
1214.204957,540.080618,257.752971
1214.206712,540.080618,257.939387
1214.207877,540.080618,258.441021
1214.208936,540.080618,258.866864
1214.234909,540.080618,259.066446
1214.235918,540.080618,259.112219
1214.237864,540.080618,259.281840
1214.253710,540.080618,259.340571
1214.254716,540.080618,259.896117
1214.258707,540.080618,260.139824
1214.260775,540.080618,260.291115
1214.263982,540.080618,260.993691
1214.265523,540.080618,261.176475
1214.267203,540.080618,261.670736
1214.274163,540.080618,261.756539
1214.275024,540.080618,261.811312
1214.298739,540.080618,262.012139
1214.300155,540.080618,262.158352
1214.300836,540.080618,262.694635
1214.316647,540.080618,262.952779
1214.318577,540.080618,263.213435
1214.322388,540.080618,263.590442
1214.323100,540.080618,263.601638
1214.326847,540.080618,263.949147
1214.327469,540.080618,264.021899
1214.329202,540.080618,264.784683
1214.343774,540.080618,264.823808
1214.347063,540.080618,265.003547
1214.350823,540.080618,265.212739
1214.364096,540.080618,265.289040
1214.365655,540.080618,265.331819
1214.368891,540.080618,265.560248
1214.369634,540.080618,265.646016
1214.371072,540.080618,265.848381
1214.371684,540.080618,265.859830
1214.375298,540.080618,265.904702
1214.378269,540.080618,266.116917
1214.380228,540.080618,266.519579
1214.381217,540.080618,266.840395
1214.382804,540.080618,266.894214
1214.384625,540.080618,266.911440
1214.388043,540.080618,267.025088
1214.391997,540.080618,267.323339
1214.394981,540.080618,267.470931
1214.398552,540.080618,268.019499
1214.399648,540.080618,268.150315
1214.402685,540.080618,268.415168
1214.404465,540.080618,268.493579
1214.405251,540.080618,268.505315
1214.407011,540.080618,268.654136
1214.408149,540.080618,268.699678
1214.411629,540.080618,268.815200
1214.415667,540.080618,269.120469
1214.416454,540.080618,269.155317
1214.418591,540.080618,269.219435
1214.421484,540.080618,269.290442
1214.422965,540.080618,269.348576
1214.423888,540.080618,269.454331
1214.425694,540.080618,269.466960
1214.432788,540.080618,269.667707
1214.434002,540.080618,270.112650
1214.435497,540.080618,271.165016
1214.436511,540.080618,271.202672
1214.438662,540.080618,271.476896
1214.439479,540.080618,271.934918
1214.441304,540.080618,272.086688
1214.442325,540.080618,272.299104
1214.443042,540.080618,272.386142
1214.443684,540.080618,272.413371
1214.445341,540.080618,272.431152
1214.449703,540.080618,272.472635
1214.451536,540.080618,272.524475
1214.453392,540.080618,272.579296
1214.454750,540.080618,272.695051
1214.456763,540.080618,273.109448
1214.457855,540.080618,273.318155
1214.458935,540.080618,273.366395
1214.462513,540.080618,273.546019
1214.464159,540.080618,273.582379
1214.466115,540.080618,273.593595
1214.467962,540.080618,274.168419
1214.469853,540.080618,274.169877
1214.470746,540.080618,274.193110
1214.472293,540.080618,274.262747
1214.473926,540.080618,274.442907
1214.474888,540.080618,274.468907
1214.476881,540.080618,274.485163
1214.478781,540.080618,274.500939
1214.479456,540.080618,274.855531
1214.483556,540.080618,275.538027
1214.485479,540.080618,275.656619
1214.487067,540.080618,275.707243
1214.488799,540.080618,275.768827
1214.490045,540.080618,275.804211
1214.491632,540.080618,275.929387
1214.495932,540.080618,275.943530
1214.496755,540.080618,276.054008
1214.497754,540.080618,276.099155
1214.501297,540.080618,276.284288
1214.503237,540.080618,276.440411
1214.511008,540.080618,276.490582
1214.513174,540.080618,276.553322
1214.514216,540.080618,276.586200
1214.515920,540.080618,276.636648
1214.518493,540.080618,276.645643
1214.522179,540.080618,276.748448
1214.522982,540.080618,276.765738
1214.523700,540.080618,276.998507
1214.528105,540.080618,277.032958
1214.529682,540.080618,277.075067
1214.530333,540.080618,277.444678
1214.531002,540.080618,277.471856
1214.533462,540.080618,277.588150
1214.535454,540.080618,278.074400
1214.537346,540.080618,278.101683
1214.539392,540.080618,278.384843
1214.546644,540.080618,278.407099
1214.552566,540.080618,278.870624
1214.556893,540.080618,278.876768
1214.557570,540.080618,278.947963
1214.559139,540.080618,279.019968
1214.560057,540.080618,279.199251
1214.561997,540.080618,279.494048
1214.562604,540.080618,279.663947
1214.565949,540.080618,279.745840
1214.573942,540.080618,279.886363
1214.577849,540.080618,280.143488
1214.578851,540.080618,280.179995
1214.581066,540.080618,280.218165
1214.583221,540.080618,280.290352
1214.585344,540.080618,280.413253
1214.586035,540.080618,280.461872
1214.587072,540.080618,280.665291
1214.590489,540.080618,280.970091
1214.594657,540.080618,281.186037
1214.598239,540.080618,281.699675
1214.599888,540.080618,281.911312
1214.600577,540.080618,282.039211
1214.604656,540.080618,282.087789
1214.605382,540.080618,282.128800
1214.608259,540.080618,282.258403
1214.610218,540.080618,282.357136
1214.611171,540.080618,282.501699
1214.612179,540.080618,282.628560
1214.619788,540.080618,282.799595
1214.622862,540.080618,282.987579
1214.626119,540.080618,283.022451
1214.627075,540.080618,283.088555
1214.630233,540.080618,283.215771
1214.631738,540.080618,283.327523
1214.633610,540.080618,283.343402
1214.634275,540.080618,283.373637
1214.635024,540.080618,283.475600
1214.640486,540.080618,283.612027
1214.641155,540.080618,283.960682
1214.641740,540.080618,284.114731
1214.643638,540.080618,284.377958
1214.644289,540.080618,284.387288
1214.644818,540.080618,284.673168
1214.645483,540.080618,284.857707
1214.649340,540.080618,285.037931
1214.650344,540.080618,285.290448
1214.651430,540.080618,285.358355
1214.653108,540.080618,285.711382
1214.653946,540.080618,285.810048
1214.654552,540.080618,285.904843
1214.656398,540.080618,285.921430
1214.657404,540.080618,285.923451
1214.659598,540.080618,285.998411
1214.674418,540.080618,286.139048
1214.675162,540.080618,286.171227
1221.299447,540.080618,286.272539
1221.813979,540.080618,286.695051
1221.815795,540.080618,287.938675
1221.817413,540.080618,288.023163
1221.818018,540.080618,288.129824
1221.820108,540.080618,288.485163
1221.821883,540.080618,288.650219
1221.823791,540.080618,289.477365
1221.824829,540.080618,291.570656
1221.825743,540.080618,292.776088
1221.826300,540.080618,294.145531
1221.828259,540.080618,294.917131
1221.830026,540.080618,295.398491
1221.833745,540.080618,296.054272
1221.834696,540.080618,298.426208
1221.836485,540.080618,299.073771
1221.837106,540.080618,299.903936
1221.837598,540.080618,300.383640
1221.839588,540.080618,300.452699
1221.840518,540.080618,301.581557
1221.845939,540.080618,303.404731
1221.846974,540.080618,303.934749
1221.848807,540.080618,303.948432
1221.850869,540.080618,304.657691
1221.852790,540.080618,307.214957
1221.853677,540.080618,308.433483
1221.882098,540.080618,308.805931
1221.884349,540.080618,309.684688
1221.895138,540.080618,310.049555
1221.897173,540.080618,310.264917
1221.898867,540.080618,310.506384
1221.900874,540.080618,310.596043
1221.902876,540.080618,310.917917
1221.907863,540.080618,311.647909
1221.909852,540.080618,311.766677
1221.912579,540.080618,311.823563
1221.923318,540.080618,312.450277
1221.939351,540.080618,312.629875
1221.941342,540.080618,313.074768
1221.948162,540.080618,313.615451
1221.949457,540.080618,313.617032
1221.952599,540.080618,314.482709
1221.956731,540.080618,314.593312
1221.962398,540.080618,316.188802
1221.965202,540.080618,316.470469
1221.981509,540.080618,317.828277
1221.987982,540.080618,318.618603
1222.003721,540.080618,319.544523
1222.016824,540.080618,319.655619
1222.017697,540.080618,319.869808
1222.023126,540.080618,319.997421
1222.026842,540.080618,320.011597
1222.029547,540.080618,320.026917
1222.033243,540.080618,320.651387
1222.036624,540.080618,320.795728
1222.041768,540.080618,321.103037
1222.043305,540.080618,321.378290
1222.045521,540.080618,321.803576
1222.048699,540.080618,321.833029
1222.049696,540.080618,321.996040
1222.053203,540.080618,322.008683
1222.058945,540.080618,322.457499
1222.059834,540.080618,322.499413
1222.064247,540.080618,322.507467
1222.083160,540.080618,322.934603
1222.088012,540.080618,323.080912
1222.091076,540.080618,323.220411
1222.092016,540.080618,323.468962
1222.094703,540.080618,323.561317
1222.102027,540.080618,323.758672
1222.107469,540.080618,323.802152
1222.108437,540.080618,323.852512
1222.110825,540.080618,324.514773
1222.113185,540.080618,324.918491
1222.124030,540.080618,324.973922
1222.126645,540.080618,325.103586
1222.128114,540.080618,325.122325
1222.140991,540.080618,325.885355
1222.163098,540.080618,326.050587
1222.168867,540.080618,326.289954
1222.171504,540.080618,326.304875
1222.197206,540.080618,326.321632
1222.201245,540.080618,326.592533
1222.206692,540.080618,326.713723
1222.217466,540.080618,327.014064
1222.222377,540.080618,327.164637
1222.226722,540.080618,327.256171
1222.228347,540.080618,327.299842
1222.229751,540.080618,327.348717
1222.233183,540.080618,327.487003
1222.234133,540.080618,327.581509
1222.241927,540.080618,327.966517
1222.251840,540.080618,328.512405
1222.257155,540.080618,328.635840
1222.259256,540.080618,328.658155
1222.270533,540.080618,328.900994
1222.273279,540.080618,328.925851
1222.279024,540.080618,329.348891
1222.281223,540.080618,329.486523
1222.286791,540.080618,329.867251
1222.294783,540.080618,330.182541
1222.297030,540.080618,330.196717
1222.299897,540.080618,330.212037
1222.301919,540.080618,330.299835
1222.313099,540.080618,330.836507
1222.314830,540.080618,331.107336
1222.326511,540.080618,331.381917
1222.329960,540.080618,331.863938
1222.334767,540.080618,331.906157
1222.335785,540.080618,331.973877
1222.341542,540.080618,332.181160
1222.343227,540.080618,332.340112
1222.344743,540.080618,332.389421
1222.347829,540.080618,332.590626
1222.348794,540.080618,332.684533
1222.350934,540.080618,332.781378
1222.356560,540.080618,332.912749
1222.358870,540.080618,332.914616
1222.360175,540.080618,333.159310
1222.368399,540.080618,333.162957
1222.368987,540.080618,333.195517
1222.370534,540.080618,333.252592
1222.382442,540.080618,333.313584
1222.387275,540.080618,333.394317
1222.390305,540.080618,333.433211
1222.420110,540.080618,334.060194
1222.423230,540.080618,334.080187
1222.431142,540.080618,334.264637
1222.432710,540.080618,334.429997
1222.436162,540.080618,334.477691
1222.453587,540.080618,334.580002
1222.457511,540.080618,334.629531
1222.468206,540.080618,334.999210
1222.488254,540.080618,335.107253
1222.495157,540.080618,335.114696
1222.500837,540.080618,335.207917
1222.503774,540.080618,335.221715
1222.515322,540.080618,335.307445
1222.523150,540.080618,335.728896
1222.528258,540.080618,336.016589
1222.529851,540.080618,336.050083
1222.535759,540.080618,336.070475
1222.546056,540.080618,336.084962
1222.547432,540.080618,336.192475
1222.563420,540.080618,336.211083
1222.581193,540.080618,336.233365
1222.587802,540.080618,336.273264
1222.588589,540.080618,336.277037
1222.591370,540.080618,336.303573
1222.596703,540.080618,336.898843
1222.601838,540.080618,336.955451
1222.606941,540.080618,337.326355
1222.621079,540.080618,337.349757
1222.622993,540.080618,337.400994
1222.624292,540.080618,337.440571
1222.632729,540.080618,337.533837
1222.634261,540.080618,337.542946
1222.636587,540.080618,337.727643
1222.637066,540.080618,337.866517
1222.642186,540.080618,337.867771
1222.647305,540.080618,337.994515
1222.653129,540.080618,338.329435
1222.664988,540.080618,338.636891
1222.670139,540.080618,338.697525
1222.673144,540.080618,338.751360
1222.684225,540.080618,338.786507
1222.695703,540.080618,338.820960
1222.696784,540.080618,338.843275
1222.701935,540.080618,339.000397
1222.707250,540.080618,339.047906
1222.708848,540.080618,339.114613
1222.711543,540.080618,339.118976
1222.720447,540.080618,339.196309
1222.729330,540.080618,339.470701
1222.730806,540.080618,339.614875
1222.736605,540.080618,339.623445
1222.739094,540.080618,339.674968
1222.742100,540.080618,339.739202
1222.743598,540.080618,340.000608
1222.746152,540.080618,340.003477
1222.750848,540.080618,340.199835
1222.755981,540.080618,340.310933
1222.758666,540.080618,340.363938
1222.760168,540.080618,340.448717
1222.763317,540.080618,340.475597
1222.764678,540.080618,340.518523
1222.776485,540.080618,340.659042
1222.779406,540.080618,341.244162
1222.780988,540.080618,341.303160
1222.783101,540.080618,341.333715
1222.788862,540.080618,341.340354
1222.793353,540.080618,341.392565
1222.799055,540.080618,341.524160
1222.804687,540.080618,341.539291
1222.819551,540.080618,341.567037
1222.820342,540.080618,341.712347
1222.826309,540.080618,341.769728
1222.832343,540.080618,341.873877
1222.834934,540.080618,341.875392
1222.835971,540.080618,342.139946
1222.853522,540.080618,342.289197
1222.854929,540.080618,342.336795
1222.859945,540.080618,342.514677
1222.878262,540.080618,342.560194
1222.879772,540.080618,342.574541
1222.881259,540.080618,342.580752
1222.882987,540.080618,342.586389
1222.886072,540.080618,342.775746
1222.886601,540.080618,342.845314
1222.889414,540.080618,342.974978
1222.891602,540.080618,342.993717
1222.906215,540.080618,343.097869
1222.907002,540.080618,343.144296
1222.912322,540.080618,343.213333
1222.917737,540.080618,343.358317
1222.919558,540.080618,343.402960
1222.921163,540.080618,343.437712
1222.926616,540.080618,343.579437
1222.929264,540.080618,343.908603
1222.935064,540.080618,344.010837
1222.937637,540.080618,344.161346
1222.940353,540.080618,344.270350
1222.944038,540.080618,344.414555
1222.954572,540.080618,344.424624
1222.956905,540.080618,344.467091
1222.970885,540.080618,344.615117
1222.971673,540.080618,344.662811
1222.981760,540.080618,344.819362
1222.985495,540.080618,344.899210
1222.995072,540.080618,344.971490
1222.998155,540.080618,345.171234
1222.999695,540.080618,345.353976
1223.002023,540.080618,345.393037
1223.003420,540.080618,345.470171
1223.011649,540.080618,345.544443
1223.016864,540.080618,345.546651
1223.022715,540.080618,345.588731
1223.031359,540.080618,345.663411
1223.037196,540.080618,345.914016
1223.039941,540.080618,346.088597
1223.045235,540.080618,346.118597
1223.051716,540.080618,346.133298
1223.063150,540.080618,346.295469
1223.065877,540.080618,346.383797
1223.071189,540.080618,346.418485
1223.073905,540.080618,346.462157
1223.075204,540.080618,346.513904
1223.077266,540.080618,346.666491
1223.082079,540.080618,346.700493
1223.091180,540.080618,346.839936
1223.093535,540.080618,346.858936
1223.095245,540.080618,347.144213
1223.100544,540.080618,347.152974
1223.106490,540.080618,347.226355
1223.115583,540.080618,347.270349
1223.116227,540.080618,347.322123
1223.124208,540.080618,347.322811
1223.127824,540.080618,347.336112
1223.130784,540.080618,347.384502
1223.136907,540.080618,347.503682
1223.141558,540.080618,347.628637
1223.143955,540.080618,347.675650
1223.146491,540.080618,347.798683
1223.168917,540.080618,347.812717
1223.170518,540.080618,348.087720
1223.177542,540.080618,348.109069
1223.179224,540.080618,348.174968
1223.180827,540.080618,348.229435
1223.188487,540.080618,348.263357
1223.190051,540.080618,348.340533
1223.192553,540.080618,348.421915
1223.198521,540.080618,348.433885
1223.206838,540.080618,348.524322
1223.208256,540.080618,348.551675
1223.219874,540.080618,348.653986
1223.220734,540.080618,348.680027
1223.236352,540.080618,348.936480
1223.241649,540.080618,348.978811
1223.244234,540.080618,349.049888
1223.250118,540.080618,349.178189
1223.251722,540.080618,349.303643
1223.262774,540.080618,349.363315
1223.269822,540.080618,349.433307
1223.275502,540.080618,349.442237
1223.277162,540.080618,349.477531
1223.280720,540.080618,349.478850
1223.290466,540.080618,349.523378
1223.296521,540.080618,349.626317
1223.298225,540.080618,349.645917
1223.299879,540.080618,349.655821
1223.300750,540.080618,349.802880
1223.303617,540.080618,349.840354
1223.307045,540.080618,349.876347
1223.312667,540.080618,349.903477
1223.314992,540.080618,350.090573
1223.317533,540.080618,350.230016
1223.318773,540.080618,350.275757
1223.321634,540.080618,350.307349
1223.325136,540.080618,350.511357
1223.326690,540.080618,350.554848
1223.332234,540.080618,350.603400
1223.342710,540.080618,350.619675
1223.353664,540.080618,350.633837
1223.355179,540.080618,350.660717
1223.355832,540.080618,350.673851
1223.358280,540.080618,350.675170
1223.363710,540.080618,350.695437
1223.365314,540.080618,350.747931
1223.370740,540.080618,350.786008
1223.372309,540.080618,350.850242
1223.373074,540.080618,350.860520
1223.376196,540.080618,350.931931
1223.386264,540.080618,351.044848
1223.394194,540.080618,351.160334
1223.397222,540.080618,351.188763
1223.402881,540.080618,351.345314
1223.404378,540.080618,351.348155
1223.416009,540.080618,351.439291
1223.425083,540.080618,351.474978
1223.425875,540.080618,351.488280
1223.426874,540.080618,351.555291
1223.435774,540.080618,351.629563
1223.441233,540.080618,351.652512
1223.448074,540.080618,351.658317
1223.451572,540.080618,351.709280
1223.454039,540.080618,351.770082
1223.455320,540.080618,351.870880
1223.460683,540.080618,351.941755
1223.463478,540.080618,351.999136
1223.466194,540.080618,352.236795
1223.468621,540.080618,352.238114
1223.473817,540.080618,352.277442
1223.479385,540.080618,352.439968
1223.482233,540.080618,352.451394
1223.484046,540.080618,352.474317
1223.484739,540.080618,352.498381
1223.485712,540.080618,352.605973
1223.491229,540.080618,352.693723
1223.496500,540.080618,352.751611
1223.502048,540.080618,352.853421
1223.503727,540.080618,352.929275
1223.523367,540.080618,353.001090
1223.526212,540.080618,353.169760
1223.532434,540.080618,353.178837
1223.540161,540.080618,353.376749
1223.541002,540.080618,353.486210
1223.543868,540.080618,353.543437
1223.544539,540.080618,353.576251
1223.549636,540.080618,353.944928
1223.552551,540.080618,353.956354
1223.554003,540.080618,354.003475
1223.556878,540.080618,354.009755
1223.563875,540.080618,354.082475
1223.581978,540.080618,354.125595
1223.592196,540.080618,354.177117
1223.594343,540.080618,354.314555
1223.599947,540.080618,354.375074
1223.604932,540.080618,354.414037
1223.605996,540.080618,354.425312
1223.609279,540.080618,354.603317
1223.616132,540.080618,354.610760
1223.624683,540.080618,354.667021
1223.626524,540.080618,354.682530
1223.629439,540.080618,354.733026
1223.631120,540.080618,354.737478
1223.637717,540.080618,354.893997
1223.638553,540.080618,354.939291
1223.644127,540.080618,355.169000
1223.649699,540.080618,355.190349
1223.650541,540.080618,355.260960
1223.653357,540.080618,355.272386
1223.654776,540.080618,355.414338
1223.657859,540.080618,355.473762
1223.661123,540.080618,355.636112
1223.662756,540.080618,355.671917
1223.664335,540.080618,355.688539
1223.677376,540.080618,355.736141
1223.678912,540.080618,355.773851
1223.684085,540.080618,355.799637
1223.689503,540.080618,355.835669
1223.703480,540.080618,355.930402
1223.705466,540.080618,356.131405
1223.708784,540.080618,356.245474
1223.711541,540.080618,356.259469
1223.712254,540.080618,356.303717
1223.715257,540.080618,356.362706
1223.721280,540.080618,356.451515
1223.726473,540.080618,356.465016
1223.727322,540.080618,356.480589
1223.728178,540.080618,356.504051
1223.733065,540.080618,356.553120
1223.735639,540.080618,356.568917
1223.738777,540.080618,356.613333
1223.741704,540.080618,356.680795
1223.743875,540.080618,356.695437
1223.747314,540.080618,356.707597
1223.748236,540.080618,356.741037
1223.751139,540.080618,356.762739
1223.753384,540.080618,356.919298
1223.755131,540.080618,356.929282
1223.756575,540.080618,356.936635
1223.763410,540.080618,357.031312
1223.765189,540.080618,357.244338
1223.770819,540.080618,357.357037
1223.772151,540.080618,357.362581
1223.777302,540.080618,357.372357
1223.779351,540.080618,357.584930
1223.786761,540.080618,357.606715
1223.788468,540.080618,357.610594
1223.790671,540.080618,357.613910
1223.793551,540.080618,357.744136
1223.810571,540.080618,357.776717
1223.811412,540.080618,357.811533
1223.816194,540.080618,357.939699
1223.830457,540.080618,357.983803
1223.846494,540.080618,357.996827
1223.848561,540.080618,357.997837
1223.849407,540.080618,358.003443
1223.851592,540.080618,358.132955
1223.857301,540.080618,358.159507
1223.880793,540.080618,358.185584
1223.887370,540.080618,358.235330
1223.888825,540.080618,358.272840
1223.891827,540.080618,358.356099
1223.898189,540.080618,358.382434
1223.900901,540.080618,358.429435
1223.917162,540.080618,358.530434
1223.920151,540.080618,358.554637
1223.921720,540.080618,358.610677
1223.924684,540.080618,358.627586
1223.926620,540.080618,358.656661
1223.932644,540.080618,358.707451
1223.942487,540.080618,358.739597
1223.945820,540.080618,358.857845
1223.950535,540.080618,358.893346
1223.952507,540.080618,358.909723
1223.958077,540.080618,358.940456
1223.963920,540.080618,359.115554
1223.965618,540.080618,359.189934
1223.968432,540.080618,359.341480
1223.970689,540.080618,359.359771
1223.972623,540.080618,359.363309
1223.973463,540.080618,359.448002
1223.975036,540.080618,359.488763
1223.981152,540.080618,359.533051
1223.986459,540.080618,359.544925
1223.990705,540.080618,359.635362
1223.991463,540.080618,359.662715
1223.993936,540.080618,359.684976
1223.996526,540.080618,359.695899
1224.001503,540.080618,359.748120
1224.008378,540.080618,359.761483
1224.025662,540.080618,359.806997
1224.030947,540.080618,359.831037
1224.031734,540.080618,359.833549
1224.037708,540.080618,359.934701
1224.038462,540.080618,360.021485
1224.049083,540.080618,360.036578
1224.053944,540.080618,360.160928
1224.056639,540.080618,360.362805
1224.059755,540.080618,360.414683
1224.064980,540.080618,360.431586
1224.066653,540.080618,360.460194
1224.072449,540.080618,360.460877
1224.073981,540.080618,360.503400
1224.079694,540.080618,360.716987
1224.082475,540.080618,360.774477
1224.088411,540.080618,360.804795
1224.094444,540.080618,360.918771
1224.100650,540.080618,360.944848
1224.103773,540.080618,360.951394
1224.104515,540.080618,360.964464
1224.105371,540.080618,361.029869
1224.107976,540.080618,361.089602
1224.110192,540.080618,361.201613
1224.111477,540.080618,361.266331
1224.119545,540.080618,361.369941
1224.124405,540.080618,361.515810
1224.128549,540.080618,361.526445
1224.134494,540.080618,361.533275
1224.140229,540.080618,361.577666
1224.144212,540.080618,361.592290
1224.147578,540.080618,361.636010
1224.156965,540.080618,361.665888
1224.159618,540.080618,361.678837
1224.162601,540.080618,361.727197
1224.163413,540.080618,361.730715
1224.168655,540.080618,361.746179
1224.171883,540.080618,361.748301
1224.172717,540.080618,361.837632
1224.175658,540.080618,361.843437
1224.177298,540.080618,361.858971
1224.179861,540.080618,361.872667
1224.189889,540.080618,361.965811
1224.195815,540.080618,362.166867
1224.199327,540.080618,362.299803
1224.201986,540.080618,362.456354
1224.202730,540.080618,362.544056
1224.204374,540.080618,362.564339
1224.209819,540.080618,362.582475
1224.215520,540.080618,362.592813
1224.218081,540.080618,362.640360
1224.223229,540.080618,362.712130
1224.225908,540.080618,362.753197
1224.226801,540.080618,362.817421
1224.227674,540.080618,362.837235
1224.238842,540.080618,362.842477
1224.244867,540.080618,362.968891
1224.250030,540.080618,362.970733
1224.253015,540.080618,362.981920
1224.255632,540.080618,363.038541
1224.256586,540.080618,363.124258
1224.259400,540.080618,363.176909
1224.261154,540.080618,363.225368
1224.263873,540.080618,363.270797
1224.267206,540.080618,363.363187
1224.269865,540.080618,363.377627
1224.276074,540.080618,363.411565
1224.279093,540.080618,363.476251
1224.281855,540.080618,363.592251
1224.286173,540.080618,363.804763
1224.288880,540.080618,363.822317
1224.289646,540.080618,363.840909
1224.291019,540.080618,363.852365
1224.294019,540.080618,363.855917
1224.297478,540.080618,363.914338
1224.298385,540.080618,363.963155
1224.309600,540.080618,364.025595
1224.314891,540.080618,364.068923
1224.321011,540.080618,364.164557
1224.322668,540.080618,364.209442
1224.324206,540.080618,364.275074
1224.326742,540.080618,364.289877
1224.330271,540.080618,364.467554
1224.333440,540.080618,364.510077
1224.335159,540.080618,364.559469
1224.337251,540.080618,364.642933
1224.339860,540.080618,364.661218
1224.342443,540.080618,364.693659
1224.348906,540.080618,364.694157
1224.350713,540.080618,364.725666
1224.357868,540.080618,364.730328
1224.359606,540.080618,364.895312
1224.360436,540.080618,364.916525
1224.363687,540.080618,364.926131
1224.366297,540.080618,364.934114
1224.369037,540.080618,364.966235
1224.374123,540.080618,364.988763
1224.386025,540.080618,365.062776
1224.387729,540.080618,365.069157
1224.395644,540.080618,365.120795
1224.398381,540.080618,365.159475
1224.404063,540.080618,365.354120
1224.406521,540.080618,365.375074
1224.409378,540.080618,365.523170
1224.410717,540.080618,365.573883
1224.416679,540.080618,365.635917
1224.417470,540.080618,365.652019
1224.420282,540.080618,365.714402
1224.421855,540.080618,365.821794
1224.424527,540.080618,365.857037
1224.425317,540.080618,365.921986
1224.428563,540.080618,365.947344
1224.429366,540.080618,366.046360
1224.431050,540.080618,366.076717
1224.432648,540.080618,366.110594
1224.433522,540.080618,366.162555
1224.438554,540.080618,366.178747
1224.444496,540.080618,366.232557
1224.447547,540.080618,366.239968
1224.453585,540.080618,366.303661
1224.463896,540.080618,366.305277
1224.472629,540.080618,366.395714
1224.474268,540.080618,366.584802
1224.475895,540.080618,366.600173
1224.477130,540.080618,366.640277
1224.481819,540.080618,366.649038
1224.487834,540.080618,366.704376
1224.489534,540.080618,366.719490
1224.491024,540.080618,366.722419
1224.496830,540.080618,366.728162
1224.500922,540.080618,366.829400
1224.507039,540.080618,366.880557
1224.508813,540.080618,366.889915
1224.514868,540.080618,366.926157
1224.515673,540.080618,366.976251
1224.518357,540.080618,366.977570
1224.524124,540.080618,366.981211
1224.548670,540.080618,367.030434
1224.550286,540.080618,367.161597
1224.551605,540.080618,367.316182
1224.560275,540.080618,367.340120
1224.568394,540.080618,367.414186
1224.574034,540.080618,367.461875
1224.576814,540.080618,367.484930
1224.579884,540.080618,367.542157
1224.580613,540.080618,367.600930
1224.583569,540.080618,367.711746
1224.587719,540.080618,367.725499
1224.592431,540.080618,367.785798
1224.597427,540.080618,367.836597
1224.599838,540.080618,367.870592
1224.602363,540.080618,368.058470
1224.608785,540.080618,368.176091
1224.617563,540.080618,368.213211
1224.630512,540.080618,368.282434
1224.631864,540.080618,368.349555
1224.634513,540.080618,368.369762
1224.637511,540.080618,368.378843
1224.643488,540.080618,368.551720
1224.649131,540.080618,368.585507
1224.651983,540.080618,368.655253
1224.657828,540.080618,368.739757
1224.658608,540.080618,368.797250
1224.661669,540.080618,368.812706
1224.662746,540.080618,368.889378
1224.665128,540.080618,368.903891
1224.672734,540.080618,368.924717
1224.673427,540.080618,368.974914
1224.682380,540.080618,369.054011
1224.688199,540.080618,369.094843
1224.691077,540.080618,369.124755
1224.693680,540.080618,369.216706
1224.695209,540.080618,369.218771
1224.709015,540.080618,369.372411
1224.714578,540.080618,369.399541
1224.716973,540.080618,369.467139
1224.719898,540.080618,369.549154
1224.721252,540.080618,369.621890
1224.724566,540.080618,369.630048
1224.727498,540.080618,369.641474
1224.728910,540.080618,369.642189
1224.729831,540.080618,369.683698
1224.735782,540.080618,369.718171
1224.738632,540.080618,369.734861
1224.740342,540.080618,369.741331
1224.745780,540.080618,369.846277
1224.746928,540.080618,369.874722
1224.748356,540.080618,369.933240
1224.751364,540.080618,369.968885
1224.753567,540.080618,370.004386
1224.754327,540.080618,370.070786
1224.763375,540.080618,370.116214
1224.766157,540.080618,370.169915
1224.768869,540.080618,370.171234
1224.774203,540.080618,370.196467
1224.776669,540.080618,370.250893
1224.786200,540.080618,370.258189
1224.787056,540.080618,370.315197
1224.787922,540.080618,370.360194
1224.790883,540.080618,370.365320
1224.794154,540.080618,370.423837
1224.797017,540.080618,370.427995
1224.807328,540.080618,370.607917
1224.808952,540.080618,370.656398
1224.812312,540.080618,370.739757
1224.813888,540.080618,370.879462
1224.817089,540.080618,370.892813
1224.822118,540.080618,370.902579
1224.826491,540.080618,370.935355
1224.832079,540.080618,370.937197
1224.833705,540.080618,370.984930
1224.836602,540.080618,370.988571
1224.842547,540.080618,371.034203
1224.847801,540.080618,371.117421
1224.849374,540.080618,371.132525
1224.852056,540.080618,371.159437
1224.852914,540.080618,371.188658
1224.858725,540.080618,371.190754
1224.860958,540.080618,371.392787
1224.863219,540.080618,371.434440
1224.866307,540.080618,371.511155
1224.871809,540.080618,371.640749
1224.872697,540.080618,371.725368
1224.873589,540.080618,371.734178
1224.878743,540.080618,371.755853
1224.881397,540.080618,371.775437
1224.882287,540.080618,371.812155
1224.895359,540.080618,371.822291
1224.897935,540.080618,371.870509
1224.902252,540.080618,371.885517
1224.904679,540.080618,371.984285
1224.913407,540.080618,372.102037
1224.918651,540.080618,372.122317
1224.920510,540.080618,372.200642
1224.921271,540.080618,372.206122
1224.922092,540.080618,372.398835
1224.927551,540.080618,372.497154
1224.930398,540.080618,372.504690
1224.936369,540.080618,372.553357
1224.937994,540.080618,372.578259
1224.943468,540.080618,372.604418
1224.945158,540.080618,372.637485
1224.947831,540.080618,372.854043
1224.953620,540.080618,372.938317
1224.953968,540.080618,372.955731
1224.956093,540.080618,372.982274
1224.958952,540.080618,372.983707
1224.961860,540.080618,372.999458
1224.964018,540.080618,373.066829
1224.965253,540.080618,373.071885
1224.969001,540.080618,373.157997
1224.970217,540.080618,373.197917
1224.971075,540.080618,373.226131
1224.976386,540.080618,373.345154
1224.979790,540.080618,373.363277
1224.980610,540.080618,373.406323
1224.988822,540.080618,373.622477
1224.990380,540.080618,373.640973
1224.991765,540.080618,373.789774
1224.994758,540.080618,373.863155
1225.005560,540.080618,373.915650
1225.013195,540.080618,373.935917
1225.014793,540.080618,373.953517
1225.017314,540.080618,373.954267
1225.022261,540.080618,373.990259
1225.024666,540.080618,374.007437
1225.025074,540.080618,374.041037
1225.026666,540.080618,374.081773
1225.028056,540.080618,374.095469
1225.032960,540.080618,374.178035
1225.038622,540.080618,374.178594
1225.041563,540.080618,374.203827
1225.043581,540.080618,374.208691
1225.049135,540.080618,374.289133
1225.052078,540.080618,374.294698
1225.055705,540.080618,374.328357
1225.059245,540.080618,374.359347
1225.065820,540.080618,374.435355
1225.071482,540.080618,374.522605
1225.072920,540.080618,374.602643
1225.075794,540.080618,374.629773
1225.077004,540.080618,374.648514
1225.078142,540.080618,374.694875
1225.084292,540.080618,374.744589
1225.085128,540.080618,374.753090
1225.092317,540.080618,374.800674
1225.094006,540.080618,374.805277
1225.097083,540.080618,374.895714
1225.097880,540.080618,374.900173
1225.100513,540.080618,374.986094
1225.103606,540.080618,375.005037
1225.105092,540.080618,375.027114
1225.105913,540.080618,375.145933
1225.107330,540.080618,375.173883
1225.113474,540.080618,375.179963
1225.116341,540.080618,375.242856
1225.122107,540.080618,375.320482
1225.122871,540.080618,375.400147
1225.124127,540.080618,375.527219
1225.126434,540.080618,375.562861
1225.127583,540.080618,375.600429
1225.130832,540.080618,375.633000
1225.133815,540.080618,375.648621
1225.135452,540.080618,375.658227
1225.140719,540.080618,375.675035
1225.147983,540.080618,375.741538
1225.152866,540.080618,375.800115
1225.155581,540.080618,375.804699
1225.158459,540.080618,375.821037
1225.158856,540.080618,375.852077
1225.161674,540.080618,376.027565
1225.163191,540.080618,376.047925
1225.166350,540.080618,376.087138
1225.167694,540.080618,376.099803
1225.173082,540.080618,376.109397
1225.175955,540.080618,376.165587
1225.178750,540.080618,376.171949
1225.179598,540.080618,376.200141
1225.180474,540.080618,376.261837
1225.181274,540.080618,376.281587
1225.187069,540.080618,376.291725
1225.190227,540.080618,376.461965
1225.191576,540.080618,376.549038
1225.194539,540.080618,376.622451
1225.197424,540.080618,376.653517
1225.198909,540.080618,376.653570
1225.203846,540.080618,376.687795
1225.206338,540.080618,376.718875
1225.208287,540.080618,376.729237
1225.214790,540.080618,376.762626
1225.216309,540.080618,376.816141
1225.217169,540.080618,376.825442
1225.217980,540.080618,376.916461
1225.221143,540.080618,376.963091
1225.222389,540.080618,377.048397
1225.225222,540.080618,377.211565
1225.231159,540.080618,377.311970
1225.234019,540.080618,377.319394
1225.235681,540.080618,377.332269
1225.238358,540.080618,377.343597
1225.239744,540.080618,377.351008
1225.242511,540.080618,377.446600
1225.244046,540.080618,377.477907
1225.248066,540.080618,377.506754
1225.248857,540.080618,377.525240
1225.251287,540.080618,377.681648
1225.256061,540.080618,377.796685
1225.259291,540.080618,377.815416
1225.260087,540.080618,377.821037
1225.260861,540.080618,377.896994
1225.262115,540.080618,377.913619
1225.267066,540.080618,377.923010
1225.269626,540.080618,377.925506
1225.277878,540.080618,377.947059
1225.283412,540.080618,377.970309
1225.287453,540.080618,377.970918
1225.289093,540.080618,377.992637
1225.289933,540.080618,378.141474
1225.290660,540.080618,378.185395
1225.293461,540.080618,378.198701
1225.294323,540.080618,378.203515
1225.303999,540.080618,378.234197
1225.307023,540.080618,378.274070
1225.315633,540.080618,378.403981
1225.316479,540.080618,378.458622
1225.317142,540.080618,378.515720
1225.319421,540.080618,378.555635
1225.328438,540.080618,378.672482
1225.329279,540.080618,378.685998
1225.332076,540.080618,378.736840
1225.334157,540.080618,378.822786
1225.334925,540.080618,378.834739
1225.340422,540.080618,378.874914
1225.343122,540.080618,379.014530
1225.345757,540.080618,379.018171
1225.353084,540.080618,379.018637
1225.353891,540.080618,379.024162
1225.355599,540.080618,379.040851
1225.358307,540.080618,379.062747
1225.364669,540.080618,379.091586
1225.365846,540.080618,379.112717
1225.368954,540.080618,379.161750
1225.374673,540.080618,379.176717
1225.376673,540.080618,379.203597
1225.377510,540.080618,379.256883
1225.385518,540.080618,379.334203
1225.391964,540.080618,379.341174
1225.397412,540.080618,379.381715
1225.400195,540.080618,379.408877
1225.401070,540.080618,379.449058
1225.402702,540.080618,379.480802
1225.403384,540.080618,379.489883
1225.406070,540.080618,379.493083
1225.414659,540.080618,379.521890
1225.415929,540.080618,379.536237
1225.417353,540.080618,379.550229
1225.420190,540.080618,379.634637
1225.420997,540.080618,379.637890
1225.422527,540.080618,379.665587
1225.425090,540.080618,379.696547
1225.426864,540.080618,379.803483
1225.438746,540.080618,380.043938
1225.441559,540.080618,380.071234
1225.444266,540.080618,380.208245
1225.448594,540.080618,380.212120
1225.455355,540.080618,380.327746
1225.456157,540.080618,380.415448
1225.457819,540.080618,380.424755
1225.459132,540.080618,380.529122
1225.460808,540.080618,380.601645
1225.463813,540.080618,380.607802
1225.472957,540.080618,380.644595
1225.478389,540.080618,380.703757
1225.479185,540.080618,380.802146
1225.479996,540.080618,380.900034
1225.494457,540.080618,380.924877
1225.495288,540.080618,380.931618
1225.498246,540.080618,380.940851
1225.500724,540.080618,380.971606
1225.506340,540.080618,380.985762
1225.506979,540.080618,381.011874
1225.509447,540.080618,381.017197
1225.510219,540.080618,381.054688
1225.516379,540.080618,381.129856
1225.519226,540.080618,381.255731
1225.523951,540.080618,381.259003
1225.530056,540.080618,381.302541
1225.530875,540.080618,381.315877
1225.536793,540.080618,381.319330
1225.538317,540.080618,381.361933
1225.539631,540.080618,381.371885
1225.547863,540.080618,381.461875
1225.553814,540.080618,381.493474
1225.554746,540.080618,381.709085
1225.558505,540.080618,381.845154
1225.560264,540.080618,381.859782
1225.562465,540.080618,381.906499
1225.565751,540.080618,381.943472
1225.566304,540.080618,382.080834
1225.567889,540.080618,382.086317
1225.569626,540.080618,382.107746
1225.574294,540.080618,382.148115
1225.579684,540.080618,382.208194
1225.582305,540.080618,382.224386
1225.585742,540.080618,382.291597
1225.586490,540.080618,382.301794
1225.587172,540.080618,382.307437
1225.587924,540.080618,382.327539
1225.594848,540.080618,382.336240
1225.595814,540.080618,382.421949
1225.597010,540.080618,382.443746
1225.598475,540.080618,382.464955
1225.603577,540.080618,382.470432
1225.613341,540.080618,382.541803
1225.614525,540.080618,382.571699
1225.617417,540.080618,382.596307
1225.627072,540.080618,382.622384
1225.633111,540.080618,382.627005
1225.634229,540.080618,382.738477
1225.635194,540.080618,382.741474
1225.637990,540.080618,382.811155
1225.640927,540.080618,382.866893
1225.642247,540.080618,382.882274
1225.643684,540.080618,382.892565
1225.648038,540.080618,382.929773
1225.650371,540.080618,382.934168
1225.652047,540.080618,382.981531
1225.670441,540.080618,383.021890
1225.671961,540.080618,383.026850
1225.685897,540.080618,383.094840
1225.689325,540.080618,383.193563
1225.695726,540.080618,383.215219
1225.700941,540.080618,383.411459
1225.704171,540.080618,383.433747
1225.710707,540.080618,383.459379
1225.713650,540.080618,383.459824
1225.716541,540.080618,383.496371
1225.725127,540.080618,383.585794
1225.726762,540.080618,383.623138
1225.727622,540.080618,383.652141
1225.735082,540.080618,383.666752
1225.737912,540.080618,383.707917
1225.739551,540.080618,383.771138
1225.742001,540.080618,383.807597
1225.742788,540.080618,383.957971
1225.756950,540.080618,384.078594
1225.758421,540.080618,384.121037
1225.759204,540.080618,384.182925
1225.760539,540.080618,384.221730
1225.766061,540.080618,384.244994
1225.768715,540.080618,384.270349
1225.773987,540.080618,384.287256
1225.774876,540.080618,384.319917
1225.776662,540.080618,384.324877
1225.778780,540.080618,384.333811
1225.784450,540.080618,384.355195
1225.787550,540.080618,384.404354
1225.790077,540.080618,384.456194
1225.791959,540.080618,384.465587
1225.797716,540.080618,384.599554
1225.799230,540.080618,384.640002
1225.800921,540.080618,384.652051
1225.803594,540.080618,384.676534
1225.809762,540.080618,384.727491
1225.812831,540.080618,384.752013
1225.813530,540.080618,384.761965
1225.816268,540.080618,384.845651
1225.821357,540.080618,384.901826
1225.823009,540.080618,385.019234
1225.824412,540.080618,385.023469
1225.825500,540.080618,385.025075
1225.830596,540.080618,385.076845
1225.833557,540.080618,385.099650
1225.836684,540.080618,385.154173
1225.841836,540.080618,385.166450
1225.847431,540.080618,385.190157
1225.848161,540.080618,385.206509
1225.849735,540.080618,385.229237
1225.855204,540.080618,385.229696
1225.857859,540.080618,385.263091
1225.860305,540.080618,385.264738
1225.861124,540.080618,385.269235
1225.863816,540.080618,385.403291
1225.866664,540.080618,385.418050
1225.869668,540.080618,385.433160
1225.873676,540.080618,385.559842
1225.875507,540.080618,385.657190
1225.882558,540.080618,385.764243
1225.888529,540.080618,385.826734
1225.890000,540.080618,385.829837
1225.891566,540.080618,385.952610
1225.893810,540.080618,385.992627
1225.896824,540.080618,386.006754
1225.897226,540.080618,386.054850
1225.899756,540.080618,386.099917
1225.900260,540.080618,386.133517
1225.902029,540.080618,386.214995
1225.906956,540.080618,386.215554
1225.908403,540.080618,386.256973
1225.909096,540.080618,386.326093
1225.910463,540.080618,386.392877
1225.913382,540.080618,386.473634
1225.918800,540.080618,386.521133
1225.920261,540.080618,386.540717
1225.921204,540.080618,386.561917
1225.922077,540.080618,386.603667
1225.928415,540.080618,386.628435
1225.942784,540.080618,386.745997
1225.943679,540.080618,386.772755
1225.946488,540.080618,386.815720
1225.950582,540.080618,386.873778
1225.956356,540.080618,386.909656
1225.957910,540.080618,386.932115
1225.960545,540.080618,386.942530
1225.963157,540.080618,386.980994
1225.966657,540.080618,387.034210
1225.969730,540.080618,387.096994
1225.972601,540.080618,387.108248
1225.973434,540.080618,387.145869
1225.974890,540.080618,387.202637
1225.976540,540.080618,387.322227
1225.978989,540.080618,387.340851
1225.984448,540.080618,387.402765
1225.985989,540.080618,387.411315
1225.988531,540.080618,387.420546
1225.989962,540.080618,387.427478
1225.995408,540.080618,387.440973
1225.998147,540.080618,387.460994
1225.998929,540.080618,387.555571
1226.005171,540.080618,387.573005
1226.005880,540.080618,387.662899
1226.013772,540.080618,387.665266
1226.014876,540.080618,387.666669
1226.016292,540.080618,387.695187
1226.018805,540.080618,387.764610
1226.021478,540.080618,387.778498
1226.022925,540.080618,387.804120
1226.030005,540.080618,387.889037
1226.031401,540.080618,387.897837
1226.034343,540.080618,387.906189
1226.035211,540.080618,387.978744
1226.038068,540.080618,388.006157
1226.038562,540.080618,388.026093
1226.040054,540.080618,388.027501
1226.041607,540.080618,388.078562
1226.042918,540.080618,388.178291
1226.048735,540.080618,388.244162
1226.050241,540.080618,388.277709
1226.053201,540.080618,388.293314
1226.056253,540.080618,388.322605
1226.058989,540.080618,388.466925
1226.060553,540.080618,388.550579
1226.065298,540.080618,388.579197
1226.066115,540.080618,388.582611
1226.068912,540.080618,388.719714
1226.073384,540.080618,388.751891
1226.075941,540.080618,388.773634
1226.076719,540.080618,388.862125
1226.078921,540.080618,388.917491
1226.084945,540.080618,389.003757
1226.086470,540.080618,389.162466
1226.092085,540.080618,389.171494
1226.095391,540.080618,389.203757
1226.095912,540.080618,389.229613
1226.097345,540.080618,389.237395
1226.103351,540.080618,389.264802
1226.104253,540.080618,389.318515
1226.109936,540.080618,389.342125
1226.111415,540.080618,389.348930
1226.112819,540.080618,389.361837
1226.113632,540.080618,389.369229
1226.114906,540.080618,389.408870
1226.119072,540.080618,389.423437
1226.119890,540.080618,389.424851
1226.123041,540.080618,389.444637
1226.123933,540.080618,389.470291
1226.126901,540.080618,389.501357
1226.127372,540.080618,389.554669
1226.128267,540.080618,389.563611
1226.134340,540.080618,389.574070
1226.137298,540.080618,389.628717
1226.138196,540.080618,389.710210
1226.138612,540.080618,389.759778
1226.142842,540.080618,389.782957
1226.144472,540.080618,389.792376
1226.145535,540.080618,389.819757
1226.146011,540.080618,389.856258
1226.148951,540.080618,389.867002
1226.149760,540.080618,389.959970
1226.150879,540.080618,389.999906
1226.153847,540.080618,389.999987
1226.155174,540.080618,390.051589
1226.156851,540.080618,390.113811
1226.162551,540.080618,390.222355
1226.163827,540.080618,390.254776
1226.164746,540.080618,390.360435
1226.174728,540.080618,390.425933
1226.175928,540.080618,390.445243
1226.178315,540.080618,390.480994
1226.181450,540.080618,390.580834
1226.182251,540.080618,390.591533
1226.185051,540.080618,390.647458
1226.187412,540.080618,390.831053
1226.188809,540.080618,390.875083
1226.189406,540.080618,390.876499
1226.191795,540.080618,390.888877
1226.192234,540.080618,390.905043
1226.195103,540.080618,390.909939
1226.197724,540.080618,390.911874
1226.199524,540.080618,390.914523
1226.205123,540.080618,390.954109
1226.206376,540.080618,390.968285
1226.207161,540.080618,391.215170
1226.207594,540.080618,391.252514
1226.213687,540.080618,391.262717
1226.214693,540.080618,391.285549
1226.217970,540.080618,391.287917
1226.219572,540.080618,391.288494
1226.222741,540.080618,391.319285
1226.224156,540.080618,391.327778
1226.236417,540.080618,391.401197
1226.237330,540.080618,391.462674
1226.239156,540.080618,391.522557
1226.240089,540.080618,391.530043
1226.244960,540.080618,391.562931
1226.246605,540.080618,391.581421
1226.247550,540.080618,391.601293
1226.254326,540.080618,391.646237
1226.259680,540.080618,391.676755
1226.265385,540.080618,391.688266
1226.272480,540.080618,391.702547
1226.273745,540.080618,391.704022
1226.276525,540.080618,391.707314
1226.278301,540.080618,391.707507
1226.285041,540.080618,391.712685
1226.286498,540.080618,391.786701
1226.287339,540.080618,391.787853
1226.290242,540.080618,391.797619
1226.292744,540.080618,391.898440
1226.294709,540.080618,391.911896
1226.301018,540.080618,392.026285
1226.307958,540.080618,392.037730
1226.310632,540.080618,392.044902
1226.311595,540.080618,392.052211
1226.315423,540.080618,392.085794
1226.316219,540.080618,392.108194
1226.317500,540.080618,392.135907
1226.318964,540.080618,392.140482
1226.321603,540.080618,392.140546
1226.323603,540.080618,392.247931
1226.327233,540.080618,392.287539
1226.330650,540.080618,392.300115
1226.333414,540.080618,392.310029
1226.333949,540.080618,392.384077
1226.334415,540.080618,392.437389
1226.335257,540.080618,392.457314
1226.337359,540.080618,392.460643
1226.344776,540.080618,392.482925
1226.347454,540.080618,392.514440
1226.348819,540.080618,392.531202
1226.349216,540.080618,392.759251
1226.350514,540.080618,392.767106
1226.351255,540.080618,392.924851
1226.354104,540.080618,392.936994
1226.359382,540.080618,393.006818
1226.360707,540.080618,393.017357
1226.361585,540.080618,393.017539
1226.363116,540.080618,393.075768
1226.363983,540.080618,393.175219
1226.366316,540.080618,393.191874
1226.367065,540.080618,393.248531
1226.369772,540.080618,393.285838
1226.372604,540.080618,393.350797
1226.375455,540.080618,393.425122
1226.376352,540.080618,393.448115
1226.379040,540.080618,393.481805
1226.382322,540.080618,393.529696
1226.387601,540.080618,393.607475
1226.390066,540.080618,393.614370
1226.392916,540.080618,393.640867
1226.394399,540.080618,393.698995
1226.399651,540.080618,393.780307
1226.402530,540.080618,393.837261
1226.403856,540.080618,393.900317
1226.406469,540.080618,393.919317
1226.409460,540.080618,394.086477
1226.410387,540.080618,394.092571
1226.415742,540.080618,394.121171
1226.418724,540.080618,394.121730
1226.423539,540.080618,394.249154
1226.429658,540.080618,394.285613
1226.433797,540.080618,394.367136
1226.439320,540.080618,394.384418
1226.443502,540.080618,394.399917
1226.444398,540.080618,394.401558
1226.447713,540.080618,394.425650
1226.448590,540.080618,394.464141
1226.449392,540.080618,394.470643
1226.454703,540.080618,394.482158
1226.457713,540.080618,394.542061
1226.458235,540.080618,394.569392
1226.459050,540.080618,394.610237
1226.460020,540.080618,394.633267
1226.462592,540.080618,394.669421
1226.463443,540.080618,394.681786
1226.464426,540.080618,394.696834
1226.465274,540.080618,394.741154
1226.465997,540.080618,394.810690
1226.468863,540.080618,394.811475
1226.471526,540.080618,394.917517
1226.473737,540.080618,394.919234
1226.474345,540.080618,394.956877
1226.485467,540.080618,394.956899
1226.486956,540.080618,394.958685
1226.503811,540.080618,394.985075
1226.506386,540.080618,394.991373
1226.507692,540.080618,395.063810
1226.510733,540.080618,395.091805
1226.512544,540.080618,395.110995
1226.515000,540.080618,395.192749
1226.515470,540.080618,395.230899
1226.522138,540.080618,395.242936
1226.522756,540.080618,395.306253
1226.524178,540.080618,395.351538
1226.528540,540.080618,395.416365
1226.531957,540.080618,395.437653
1226.535703,540.080618,395.445869
1226.539820,540.080618,395.469037
1226.540645,540.080618,395.540691
1226.545977,540.080618,395.544994
1226.547384,540.080618,395.674317
1226.548150,540.080618,395.684115
1226.550961,540.080618,395.842310
1226.553108,540.080618,395.855571
1226.560701,540.080618,395.873005
1226.562068,540.080618,395.900077
1226.562929,540.080618,396.003336
1226.565850,540.080618,396.012866
1226.566621,540.080618,396.019005
1226.571359,540.080618,396.045102
1226.576013,540.080618,396.081430
1226.581722,540.080618,396.085037
1226.582494,540.080618,396.107971
1226.602527,540.080618,396.118579
1226.608770,540.080618,396.187885
1226.610236,540.080618,396.193250
1226.615823,540.080618,396.214242
1226.617531,540.080618,396.246114
1226.618291,540.080618,396.265213
1226.620776,540.080618,396.307309
1226.621949,540.080618,396.334557
1226.622490,540.080618,396.373634
1226.625364,540.080618,396.502547
1226.627949,540.080618,396.543874
1226.628868,540.080618,396.553293
1226.634105,540.080618,396.622285
1226.637275,540.080618,396.670882
1226.638006,540.080618,396.693011
1226.644241,540.080618,396.694102
1226.644878,540.080618,396.707586
1226.649469,540.080618,396.783037
1226.650539,540.080618,396.808034
1226.653308,540.080618,396.879035
1226.662840,540.080618,396.895554
1226.665851,540.080618,396.920851
1226.669188,540.080618,396.996994
1226.670751,540.080618,397.000840
1226.672289,540.080618,397.051891
1226.677216,540.080618,397.063970
1226.681919,540.080618,397.229907
1226.684521,540.080618,397.237944
1226.685908,540.080618,397.246642
1226.686737,540.080618,397.282637
1226.687505,540.080618,397.319682
1226.693893,540.080618,397.424781
1226.694423,540.080618,397.502778
1226.695445,540.080618,397.503917
1226.696841,540.080618,397.529613
1226.699709,540.080618,397.621730
1226.701225,540.080618,397.639414
1226.703623,540.080618,397.642125
1226.706385,540.080618,397.672877
1226.707102,540.080618,397.764002
1226.710096,540.080618,397.808531
1226.712500,540.080618,397.843123
1226.715775,540.080618,397.889331
1226.721395,540.080618,397.928435
1226.727424,540.080618,397.952347
1226.747865,540.080618,397.975539
1226.750696,540.080618,398.029587
1226.751966,540.080618,398.121325
1226.753020,540.080618,398.125656
1226.753665,540.080618,398.127245
1226.755008,540.080618,398.226574
1226.757720,540.080618,398.228347
1226.764535,540.080618,398.299955
1226.769898,540.080618,398.370978
1226.774959,540.080618,398.428200
1226.777612,540.080618,398.429677
1226.778250,540.080618,398.488960
1226.781416,540.080618,398.510594
1226.784014,540.080618,398.552013
1226.785302,540.080618,398.614835
1226.791568,540.080618,398.640627
1226.792696,540.080618,398.673538
1226.793591,540.080618,398.680563
1226.796265,540.080618,398.696333
1226.797014,540.080618,398.725933
1226.799538,540.080618,398.747187
1226.802333,540.080618,398.818050
1226.803893,540.080618,398.863219
1226.806657,540.080618,398.904834
1226.808205,540.080618,398.930699
1226.809241,540.080618,399.008877
1226.810625,540.080618,399.017730
1226.811916,540.080618,399.067795
1226.817255,540.080618,399.096579
1226.820524,540.080618,399.188877
1226.821282,540.080618,399.240434
1226.823978,540.080618,399.297000
1226.828748,540.080618,399.310789
1226.829335,540.080618,399.356614
1226.831078,540.080618,399.364866
1226.831989,540.080618,399.377811
1226.834539,540.080618,399.452258
1226.839450,540.080618,399.452275
1226.844848,540.080618,399.466850
1226.849305,540.080618,399.567298
1226.851929,540.080618,399.591315
1226.857311,540.080618,399.592531
1226.860554,540.080618,399.634867
1226.863423,540.080618,399.669552
1226.866322,540.080618,399.707064
1226.868924,540.080618,399.716546
1226.871996,540.080618,399.731174
1226.874708,540.080618,399.823234
1226.877180,540.080618,399.862931
1226.880132,540.080618,399.868317
1226.881856,540.080618,399.897744
1226.882394,540.080618,399.898861
1226.886561,540.080618,399.954637
1226.888257,540.080618,399.955475
1226.893556,540.080618,399.969152
1226.896429,540.080618,400.012365
1226.897170,540.080618,400.022882
1226.897970,540.080618,400.035440
1226.898589,540.080618,400.098637
1226.899042,540.080618,400.188482
1226.899909,540.080618,400.203970
1226.902470,540.080618,400.288877
1226.904844,540.080618,400.290512
1226.905778,540.080618,400.374562
1226.908226,540.080618,400.375842
1226.908768,540.080618,400.380994
1226.910246,540.080618,400.461910
1226.915678,540.080618,400.466861
1226.919124,540.080618,400.552450
1226.925592,540.080618,400.616237
1226.926280,540.080618,400.625779
1226.928626,540.080618,400.673075
1226.931378,540.080618,400.717954
1226.931923,540.080618,400.718387
1226.936041,540.080618,400.725741
1226.939740,540.080618,400.739917
1226.942817,540.080618,400.751602
1226.944469,540.080618,400.761965
1226.947436,540.080618,400.763957
1226.951003,540.080618,400.788851
1226.952217,540.080618,400.815394
1226.953736,540.080618,400.893997
1226.954491,540.080618,400.905437
1226.955424,540.080618,400.954451
1226.958080,540.080618,401.059251
1226.960698,540.080618,401.164674
1226.963405,540.080618,401.167757
1226.963883,540.080618,401.171096
1226.964532,540.080618,401.199426
1226.965860,540.080618,401.201357
1226.967613,540.080618,401.334685
1226.971496,540.080618,401.444723
1226.974189,540.080618,401.494530
1226.975037,540.080618,401.513459
1226.977152,540.080618,401.514957
1226.978673,540.080618,401.517325
1226.979391,540.080618,401.536973
1226.982310,540.080618,401.691874
1226.982802,540.080618,401.720450
1226.985784,540.080618,401.748770
1226.988204,540.080618,401.765331
1226.993301,540.080618,401.886786
1226.994401,540.080618,401.942093
1226.995101,540.080618,402.011155
1226.997869,540.080618,402.020770
1227.010393,540.080618,402.039712
1227.010953,540.080618,402.052354
1227.013676,540.080618,402.061426
1227.014670,540.080618,402.117045
1227.017261,540.080618,402.146205
1227.023052,540.080618,402.150771
1227.025839,540.080618,402.152546
1227.026641,540.080618,402.158648
1227.027521,540.080618,402.233597
1227.028129,540.080618,402.255693
1227.045437,540.080618,402.266925
1227.048483,540.080618,402.295027
1227.051149,540.080618,402.318146
1227.052018,540.080618,402.322598
1227.053447,540.080618,402.325666
1227.054411,540.080618,402.378338
1227.055840,540.080618,402.477595
1227.068842,540.080618,402.517954
1227.070353,540.080618,402.522914
1227.077297,540.080618,402.583917
1227.079479,540.080618,402.622195
1227.082051,540.080618,402.628493
1227.083454,540.080618,402.663117
1227.087421,540.080618,402.712333
1227.088656,540.080618,402.722658
1227.089788,540.080618,402.799306
1227.093003,540.080618,402.838278
1227.097605,540.080618,402.847618
1227.098156,540.080618,402.864581
1227.100891,540.080618,402.878757
1227.101859,540.080618,402.884603
1227.105835,540.080618,402.955888
1227.108801,540.080618,402.981357
1227.109336,540.080618,402.993997
1227.112104,540.080618,402.995670
1227.121046,540.080618,403.024962
1227.123610,540.080618,403.037842
1227.127577,540.080618,403.058882
1227.129234,540.080618,403.137325
1227.132464,540.080618,403.156376
1227.133522,540.080618,403.185838
1227.135107,540.080618,403.202477
1227.135621,540.080618,403.245949
1227.136608,540.080618,403.256899
1227.139433,540.080618,403.269571
1227.155261,540.080618,403.311714
1227.159422,540.080618,403.323315
1227.162475,540.080618,403.418752
1227.165085,540.080618,403.434309
1227.166131,540.080618,403.448275
1227.171661,540.080618,403.481632
1227.172586,540.080618,403.491347
1227.175230,540.080618,403.570648
1227.176074,540.080618,403.574658
1227.177566,540.080618,403.582957
1227.180464,540.080618,403.610338
1227.181637,540.080618,403.654530
1227.182090,540.080618,403.685197
1227.183528,540.080618,403.692435
1227.186349,540.080618,403.711213
1227.187821,540.080618,403.713715
1227.190417,540.080618,403.752130
1227.192918,540.080618,403.829875
1227.198261,540.080618,403.862210
1227.200840,540.080618,403.869437
1227.201426,540.080618,403.878146
1227.201856,540.080618,403.940986
1227.202392,540.080618,403.969069
1227.203745,540.080618,404.037405
1227.205370,540.080618,404.074690
1227.206634,540.080618,404.082547
1227.209856,540.080618,404.101462
1227.210217,540.080618,404.152045
1227.211782,540.080618,404.166829
1227.212334,540.080618,404.197282
1227.215103,540.080618,404.251987
1227.215694,540.080618,404.271597
1227.216137,540.080618,404.314051
1227.231694,540.080618,404.335955
1227.236736,540.080618,404.336616
1227.237301,540.080618,404.351005
1227.238196,540.080618,404.453485
1227.246226,540.080618,404.460819
1227.251096,540.080618,404.536162
1227.251601,540.080618,404.559810
1227.252958,540.080618,404.580115
1227.255812,540.080618,404.581403
1227.263219,540.080618,404.585037
1227.263688,540.080618,404.595714
1227.266858,540.080618,404.738454
1227.269751,540.080618,404.814706
1227.276334,540.080618,404.922285
1227.281960,540.080618,404.938037
1227.283502,540.080618,404.966771
1227.290115,540.080618,404.970562
1227.290582,540.080618,404.979640
1227.291486,540.080618,405.009997
1227.292341,540.080618,405.054291
1227.294978,540.080618,405.116317
1227.295622,540.080618,405.131238
1227.297412,540.080618,405.143805
1227.300759,540.080618,405.165389
1227.302216,540.080618,405.173656
1227.303240,540.080618,405.236941
1227.304304,540.080618,405.237570
1227.307521,540.080618,405.250419
1227.308723,540.080618,405.368093
1227.309642,540.080618,405.374371
1227.312407,540.080618,405.399746
1227.315368,540.080618,405.420194
1227.316496,540.080618,405.470259
1227.321283,540.080618,405.536658
1227.322286,540.080618,405.559693
1227.330108,540.080618,405.566656
1227.332606,540.080618,405.568923
1227.336104,540.080618,405.626134
1227.338877,540.080618,405.637656
1227.339689,540.080618,405.640115
1227.350941,540.080618,405.651330
1227.352367,540.080618,405.657005
1227.354018,540.080618,405.675277
1227.357338,540.080618,405.705595
1227.360103,540.080618,405.744627
1227.362629,540.080618,405.756130
1227.364077,540.080618,405.766797
1227.364643,540.080618,405.770704
1227.366229,540.080618,405.803256
1227.367126,540.080618,405.852194
1227.367987,540.080618,405.908738
1227.369304,540.080618,406.028835
1227.375039,540.080618,406.039096
1227.376126,540.080618,406.102413
1227.376777,540.080618,406.115554
1227.378291,540.080618,406.145811
1227.383081,540.080618,406.163091
1227.389377,540.080618,406.302387
1227.390814,540.080618,406.317029
1227.391846,540.080618,406.332728
1227.392376,540.080618,406.336122
1227.393378,540.080618,406.389971
1227.396134,540.080618,406.410995
1227.398277,540.080618,406.417293
1227.398974,540.080618,406.427245
1227.401564,540.080618,406.475522
1227.402004,540.080618,406.516850
1227.403751,540.080618,406.556909
1227.405200,540.080618,406.565805
1227.406302,540.080618,406.591106
1227.409640,540.080618,406.644691
1227.412513,540.080618,406.645026
1227.413331,540.080618,406.708034
1227.414800,540.080618,406.728333
1227.416128,540.080618,406.738413
1227.416938,540.080618,406.761978
1227.417528,540.080618,406.780083
1227.421677,540.080618,406.813482
1227.422193,540.080618,406.847650
1227.423624,540.080618,406.900290
1227.424051,540.080618,406.907232
1227.429147,540.080618,406.940947
1227.431676,540.080618,406.968173
1227.432628,540.080618,406.973037
1227.434174,540.080618,407.049549
1227.434872,540.080618,407.069424
1227.435754,540.080618,407.073883
1227.438794,540.080618,407.134707
1227.439466,540.080618,407.136194
1227.440435,540.080618,407.151021
1227.446373,540.080618,407.219011
1227.453285,540.080618,407.263979
1227.453850,540.080618,407.303042
1227.454628,540.080618,407.319074
1227.456021,540.080618,407.357154
1227.456454,540.080618,407.435990
1227.459214,540.080618,407.467757
1227.459683,540.080618,407.468642
1227.460504,540.080618,407.567138
1227.463011,540.080618,407.606605
1227.467049,540.080618,407.636819
1227.473291,540.080618,407.726035
1227.479722,540.080618,407.733325
1227.480436,540.080618,407.738394
1227.481369,540.080618,407.743277
1227.483954,540.080618,407.765357
1227.484555,540.080618,407.769277
1227.485525,540.080618,407.818669
1227.486421,540.080618,407.871533
1227.489081,540.080618,407.876146
1227.490237,540.080618,407.892531
1227.493081,540.080618,407.892957
1227.495295,540.080618,407.947955
1227.496490,540.080618,407.949122
1227.498032,540.080618,407.953357
1227.499015,540.080618,407.990075
1227.502273,540.080618,407.992957
1227.504802,540.080618,407.996834
1227.507033,540.080618,408.002832
1227.507741,540.080618,408.137467
1227.511717,540.080618,408.159010
1227.514897,540.080618,408.213802
1227.515903,540.080618,408.215571
1227.520880,540.080618,408.277891
1227.522586,540.080618,408.312365
1227.524013,540.080618,408.359597
1227.525496,540.080618,408.389915
1227.528571,540.080618,408.410594
1227.529913,540.080618,408.452226
1227.530869,540.080618,408.499634
1227.531488,540.080618,408.503891
1227.533934,540.080618,408.529968
1227.535446,540.080618,408.557939
1227.538247,540.080618,408.575469
1227.538881,540.080618,408.612499
1227.541558,540.080618,408.704573
1227.544646,540.080618,408.753165
1227.546070,540.080618,408.758645
1227.548623,540.080618,408.804850
1227.567158,540.080618,408.844994
1227.568724,540.080618,408.904488
1227.569512,540.080618,408.947821
1227.571874,540.080618,408.961997
1227.573389,540.080618,409.032669
1227.578602,540.080618,409.061651
1227.580019,540.080618,409.088851
1227.582451,540.080618,409.110242
1227.583263,540.080618,409.127517
1227.584221,540.080618,409.199170
1227.592588,540.080618,409.233107
1227.601559,540.080618,409.238285
1227.602301,540.080618,409.292691
1227.603115,540.080618,409.325987
1227.604710,540.080618,409.339387
1227.608192,540.080618,409.356642
1227.611634,540.080618,409.403955
1227.614682,540.080618,409.447072
1227.615108,540.080618,409.467757
1227.615900,540.080618,409.495970
1227.619123,540.080618,409.566573
1227.620413,540.080618,409.578706
1227.622636,540.080618,409.597597
1227.623262,540.080618,409.634474
1227.623763,540.080618,409.637378
1227.625387,540.080618,409.663650
1227.644715,540.080618,409.727437
1227.645754,540.080618,409.817325
1227.647265,540.080618,409.850739
1227.652324,540.080618,409.916294
1227.653469,540.080618,409.957186
1227.654333,540.080618,409.984941
1227.655568,540.080618,409.999117
1227.656436,540.080618,410.011938
1227.658749,540.080618,410.050701
1227.659768,540.080618,410.083981
1227.661146,540.080618,410.088600
1227.663970,540.080618,410.094899
1227.666711,540.080618,410.124034
1227.667467,540.080618,410.147037
1227.668688,540.080618,410.263534
1227.670046,540.080618,410.289634
1227.670884,540.080618,410.334355
1227.674541,540.080618,410.367795
1227.677415,540.080618,410.407938
1227.678804,540.080618,410.422355
1227.682030,540.080618,410.427597
1227.684897,540.080618,410.429427
1227.688070,540.080618,410.489171
1227.691033,540.080618,410.574029
1227.691586,540.080618,410.599320
1227.695527,540.080618,410.615202
1227.696343,540.080618,410.651795
1227.699042,540.080618,410.697138
1227.700095,540.080618,410.708717
1227.700652,540.080618,410.762893
1227.701902,540.080618,410.784558
1227.704922,540.080618,410.807501
1227.705444,540.080618,410.859970
1227.709980,540.080618,410.867827
1227.733452,540.080618,410.875677
1227.734549,540.080618,410.907149
1227.736659,540.080618,410.913107
1227.741016,540.080618,410.936722
1227.741940,540.080618,410.991373
1227.743364,540.080618,411.055597
1227.744136,540.080618,411.086661
1227.745475,540.080618,411.102387
1227.748788,540.080618,411.133357
1227.750179,540.080618,411.163851
1227.751233,540.080618,411.184330
1227.757640,540.080618,411.255475
1227.760414,540.080618,411.281357
1227.761275,540.080618,411.307909
1227.761843,540.080618,411.310035
1227.764405,540.080618,411.310051
1227.765399,540.080618,411.320626
1227.766075,540.080618,411.327277
1227.766615,540.080618,411.354787
1227.773363,540.080618,411.405405
1227.774437,540.080618,411.437277
1227.775407,540.080618,411.448237
1227.776980,540.080618,411.472411
1227.778491,540.080618,411.489656
1227.779202,540.080618,411.525565
1227.781809,540.080618,411.548275
1227.784667,540.080618,411.579637
1227.786541,540.080618,411.604258
1227.787844,540.080618,411.659347
1227.788249,540.080618,411.685491
1227.791184,540.080618,411.787208
1227.791825,540.080618,411.810920
1227.794226,540.080618,411.837986
1227.795946,540.080618,411.873005
1227.797395,540.080618,411.899891
1227.798686,540.080618,411.921485
1227.808797,540.080618,411.931234
1227.809553,540.080618,411.939827
1227.812467,540.080618,411.976306
1227.816659,540.080618,411.992371
1227.823199,540.080618,412.030675
1227.825708,540.080618,412.103469
1227.827513,540.080618,412.125851
1227.831207,540.080618,412.164317
1227.832294,540.080618,412.175411
1227.832907,540.080618,412.297042
1227.833854,540.080618,412.310786
1227.835435,540.080618,412.325837
1227.836616,540.080618,412.350477
1227.837464,540.080618,412.351037
1227.841496,540.080618,412.358754
1227.842469,540.080618,412.370685
1227.843067,540.080618,412.419362
1227.844648,540.080618,412.422914
1227.856741,540.080618,412.464674
1227.858191,540.080618,412.480317
1227.858840,540.080618,412.496333
1227.860268,540.080618,412.500109
1227.860617,540.080618,412.505149
1227.861176,540.080618,412.553178
1227.863398,540.080618,412.589410
1227.864661,540.080618,412.599997
1227.865177,540.080618,412.693509
1227.865806,540.080618,412.744595
1227.868682,540.080618,412.800013
1227.870375,540.080618,412.806061
1227.870888,540.080618,412.824758
1227.874207,540.080618,412.830077
1227.885256,540.080618,412.918355
1227.887858,540.080618,412.966450
1227.898030,540.080618,412.977371
1227.899420,540.080618,412.994061
1227.900327,540.080618,413.029757
1227.901378,540.080618,413.038259
1227.907410,540.080618,413.097163
1227.908029,540.080618,413.110434
1227.910808,540.080618,413.131085
1227.911659,540.080618,413.136147
1227.914702,540.080618,413.180307
1227.915275,540.080618,413.180790
1227.916993,540.080618,413.240467
1227.919839,540.080618,413.248435
1227.922744,540.080618,413.354291
1227.928044,540.080618,413.355805
1227.930025,540.080618,413.377965
1227.931498,540.080618,413.454691
1227.934342,540.080618,413.455445
1227.937962,540.080618,413.456482
1227.938854,540.080618,413.486307
1227.941841,540.080618,413.506936
1227.942474,540.080618,413.510093
1227.945297,540.080618,413.517389
1227.945887,540.080618,413.588635
1227.951717,540.080618,413.666413
1227.953013,540.080618,413.701373
1227.953630,540.080618,413.785730
1227.954908,540.080618,413.812365
1227.956347,540.080618,413.855515
1227.963162,540.080618,413.861651
1227.967512,540.080618,413.876851
1227.970432,540.080618,413.890397
1227.974187,540.080618,413.938317
1227.974930,540.080618,413.977651
1227.978976,540.080618,413.998957
1227.979853,540.080618,414.007587
1227.980781,540.080618,414.048115
1227.982137,540.080618,414.057730
1227.987452,540.080618,414.122637
1227.989179,540.080618,414.196397
1227.990035,540.080618,414.267336
1227.991041,540.080618,414.293403
1227.992431,540.080618,414.306754
1227.995369,540.080618,414.307539
1227.997947,540.080618,414.319997
1227.998865,540.080618,414.331987
1228.000159,540.080618,414.367939
1228.001532,540.080618,414.372376
1228.002206,540.080618,414.381453
1228.002953,540.080618,414.399734
1228.007288,540.080618,414.427490
1228.007754,540.080618,414.436787
1228.009143,540.080618,414.499171
1228.011678,540.080618,414.542067
1228.012098,540.080618,414.558202
1228.012991,540.080618,414.559874
1228.017965,540.080618,414.566280
1228.018793,540.080618,414.567730
1228.023912,540.080618,414.568851
1228.027481,540.080618,414.659155
1228.028726,540.080618,414.693640
1228.030266,540.080618,414.693997
1228.031738,540.080618,414.699091
1228.034605,540.080618,414.704418
1228.035255,540.080618,414.728211
1228.037671,540.080618,414.735570
1228.042752,540.080618,414.825586
1228.043801,540.080618,414.863170
1228.044997,540.080618,414.904131
1228.048140,540.080618,414.996824
1228.048743,540.080618,415.016598
1228.055041,540.080618,415.028333
1228.057594,540.080618,415.070050
1228.059110,540.080618,415.118034
1228.060014,540.080618,415.151693
1228.065679,540.080618,415.240354
1228.067222,540.080618,415.243485
1228.070769,540.080618,415.348674
1228.071934,540.080618,415.374170
1228.072999,540.080618,415.382829
1228.073430,540.080618,415.388691
1228.074760,540.080618,415.402704
1228.075300,540.080618,415.468584
1228.075945,540.080618,415.528307
1228.077145,540.080618,415.564525
1228.080001,540.080618,415.576229
1228.080631,540.080618,415.576685
1228.091155,540.080618,415.604035
1228.106469,540.080618,415.635394
1228.109450,540.080618,415.636194
1228.109929,540.080618,415.643590
1228.111550,540.080618,415.645309
1228.112866,540.080618,415.659485
1228.113751,540.080618,415.749421
1228.114275,540.080618,415.776050
1228.115065,540.080618,415.799266
1228.118326,540.080618,415.869698
1228.120954,540.080618,415.895149
1228.121560,540.080618,415.925746
1228.124436,540.080618,415.959325
1228.125448,540.080618,415.999731
1228.127545,540.080618,416.032186
1228.128483,540.080618,416.033325
1228.129725,540.080618,416.088162
1228.130071,540.080618,416.115037
1228.131685,540.080618,416.213955
1228.134192,540.080618,416.301122
1228.139092,540.080618,416.322806
1228.139369,540.080618,416.328819
1228.150133,540.080618,416.331085
1228.151463,540.080618,416.351376
1228.152368,540.080618,416.351635
1228.163844,540.080618,416.364077
1228.164389,540.080618,416.375099
1228.171529,540.080618,416.379299
1228.183680,540.080618,416.489011
1228.186309,540.080618,416.560034
1228.189648,540.080618,416.596770
1228.190317,540.080618,416.628669
1228.191357,540.080618,416.656653
1228.192569,540.080618,416.670733
1228.195212,540.080618,416.678016
1228.198174,540.080618,416.700051
1228.198623,540.080618,416.736915
1228.201671,540.080618,416.750611
1228.204597,540.080618,416.750925
1228.205237,540.080618,416.754317
1228.205704,540.080618,416.776226
1228.207266,540.080618,416.866488
1228.210485,540.080618,416.881677
1228.211315,540.080618,417.081645
1228.215736,540.080618,417.091251
1228.216956,540.080618,417.097270
1228.221975,540.080618,417.111826
1228.223021,540.080618,417.117794
1228.224509,540.080618,417.122355
1228.225955,540.080618,417.135346
1228.226552,540.080618,417.152157
1228.227636,540.080618,417.202445
1228.228333,540.080618,417.237768
1228.228661,540.080618,417.248482
1228.229037,540.080618,417.252157
1228.229606,540.080618,417.346086
1228.234410,540.080618,417.361651
1228.237108,540.080618,417.379194
1228.237982,540.080618,417.449000
1228.238724,540.080618,417.465016
1228.239348,540.080618,417.485507
1228.251443,540.080618,417.511584
1228.254933,540.080618,417.538285
1228.256201,540.080618,417.635043
1228.262397,540.080618,417.677075
1228.267712,540.080618,417.680662
1228.273481,540.080618,417.715330
1228.273870,540.080618,417.724411
1228.279950,540.080618,417.817816
1228.280567,540.080618,417.874336
1228.283500,540.080618,417.972685
1228.287167,540.080618,418.051170
1228.289700,540.080618,418.059874
1228.290611,540.080618,418.064477
1228.293898,540.080618,418.154512
1228.294848,540.080618,418.207021
1228.295929,540.080618,418.221197
1228.296672,540.080618,418.225078
1228.298392,540.080618,418.262061
1228.301094,540.080618,418.273779
1228.304025,540.080618,418.298570
1228.304711,540.080618,418.313555
1228.307424,540.080618,418.314114
1228.308954,540.080618,418.344307
1228.317711,540.080618,418.388035
1228.320792,540.080618,418.392925
1228.323387,540.080618,418.397677
1228.331954,540.080618,418.433139
1228.334103,540.080618,418.440418
1228.340007,540.080618,418.443842
1228.340931,540.080618,418.464582
1228.342514,540.080618,418.480317
1228.343151,540.080618,418.496432
1228.343674,540.080618,418.516387
1228.347833,540.080618,418.541773
1228.348565,540.080618,418.558530
1228.351735,540.080618,418.622994
1228.353451,540.080618,418.674530
1228.355879,540.080618,418.695363
1228.359225,540.080618,418.744994
1228.359937,540.080618,418.777869
1228.360476,540.080618,418.818957
1228.366573,540.080618,418.854317
1228.367778,540.080618,418.888610
1228.370458,540.080618,418.937043
1228.388247,540.080618,418.961362
1228.392363,540.080618,418.996269
1228.394957,540.080618,419.049171
1228.405412,540.080618,419.076835
1228.412280,540.080618,419.096275
1228.414928,540.080618,419.116850
1228.415880,540.080618,419.205222
1228.416884,540.080618,419.217789
1228.418873,540.080618,419.227222
1228.421376,540.080618,419.247362
1228.421918,540.080618,419.319298
1228.424366,540.080618,419.339650
1228.424824,540.080618,419.356034
1228.425491,540.080618,419.423405
1228.426205,540.080618,419.437280
1228.428991,540.080618,419.442077
1228.429615,540.080618,419.483202
1228.430131,540.080618,419.497131
1228.430678,540.080618,419.509875
1228.433531,540.080618,419.511389
1228.434576,540.080618,419.540787
1228.436007,540.080618,419.541082
1228.436869,540.080618,419.563266
1228.437312,540.080618,419.582771
1228.437636,540.080618,419.637037
1228.438049,540.080618,419.641189
1228.438359,540.080618,419.716034
1228.444337,540.080618,419.770557
1228.444880,540.080618,419.796514
1228.445717,540.080618,419.867923
1228.448513,540.080618,419.877058
1228.450193,540.080618,419.915890
1228.453207,540.080618,419.932818
1228.454249,540.080618,419.956338
1228.454836,540.080618,419.983955
1228.457569,540.080618,419.987597
1228.459034,540.080618,419.988437
1228.461059,540.080618,420.005178
1228.462926,540.080618,420.046733
1228.463623,540.080618,420.083635
1228.474761,540.080618,420.108819
1228.478214,540.080618,420.120488
1228.478607,540.080618,420.134877
1228.479210,540.080618,420.166496
1228.482912,540.080618,420.189538
1228.483853,540.080618,420.197058
1228.484861,540.080618,420.200211
1228.487742,540.080618,420.221282
1228.488576,540.080618,420.284125
1228.489569,540.080618,420.345861
1228.490273,540.080618,420.347736
1228.490876,540.080618,420.348994
1228.492859,540.080618,420.360037
1228.493367,540.080618,420.370658
1228.495142,540.080618,420.432269
1228.495755,540.080618,420.456035
1228.501787,540.080618,420.497597
1228.502386,540.080618,420.517427
1228.503044,540.080618,420.530018
1228.504238,540.080618,420.530957
1228.505038,540.080618,420.536322
1228.505413,540.080618,420.555333
1228.510077,540.080618,420.590834
1228.511072,540.080618,420.692034
1228.511597,540.080618,420.737107
1228.512985,540.080618,420.755603
1228.515583,540.080618,420.806509
1228.518796,540.080618,420.814194
1228.519407,540.080618,420.825821
1228.519756,540.080618,420.844610
1228.520162,540.080618,420.873133
1228.523451,540.080618,420.880467
1228.526275,540.080618,420.881208
1228.530393,540.080618,420.930274
1228.532074,540.080618,420.971315
1228.534459,540.080618,420.991443
1228.536511,540.080618,421.083358
1228.537120,540.080618,421.129811
1228.541998,540.080618,421.148077
1228.542503,540.080618,421.177037
1228.544217,540.080618,421.192525
1228.546650,540.080618,421.236674
1228.548772,540.080618,421.270067
1228.550626,540.080618,421.275651
1228.554730,540.080618,421.353024
1228.555697,540.080618,421.362765
1228.556376,540.080618,421.363037
1228.556969,540.080618,421.377026
1228.557443,540.080618,421.433794
1228.560094,540.080618,421.447490
1228.561568,540.080618,421.464365
1228.562039,540.080618,421.500770
1228.564834,540.080618,421.516355
1228.567891,540.080618,421.520819
1228.569235,540.080618,421.574099
1228.570272,540.080618,421.578221
1228.576430,540.080618,421.647107
1228.587047,540.080618,421.673184
1228.588857,540.080618,421.677645
1228.589632,540.080618,421.678562
1228.590426,540.080618,421.680589
1228.592322,540.080618,421.698309
1228.593404,540.080618,421.725106
1228.594097,540.080618,421.726242
1228.594981,540.080618,421.744659
1228.600487,540.080618,421.763155
1228.603366,540.080618,421.793811
1228.606624,540.080618,421.812378
1228.607233,540.080618,421.817261
1228.609642,540.080618,421.863149
1228.610494,540.080618,421.917035
1228.614387,540.080618,421.937842
1228.615318,540.080618,421.997298
1228.617289,540.080618,422.023106
1228.618188,540.080618,422.030034
1228.621768,540.080618,422.058530
1228.623235,540.080618,422.068354
1228.623749,540.080618,422.068674
1228.625498,540.080618,422.102413
1228.626189,540.080618,422.106605
1228.628045,540.080618,422.112365
1228.630659,540.080618,422.114736
1228.633841,540.080618,422.134114
1228.635238,540.080618,422.160642
1228.635676,540.080618,422.161426
1228.638113,540.080618,422.180514
1228.640346,540.080618,422.187763
1228.641763,540.080618,422.244397
1228.642456,540.080618,422.277010
1228.644429,540.080618,422.283362
1228.645331,540.080618,422.295370
1228.648397,540.080618,422.300051
1228.649805,540.080618,422.301405
1228.650791,540.080618,422.305302
1228.653941,540.080618,422.344717
1228.655555,540.080618,422.356363
1228.655928,540.080618,422.380141
1228.659766,540.080618,422.465491
1228.665963,540.080618,422.466387
1228.667061,540.080618,422.475277
1228.670607,540.080618,422.536157
1228.672249,540.080618,422.559277
1228.672983,540.080618,422.562250
1228.676706,540.080618,422.565459
1228.679940,540.080618,422.615005
1228.680850,540.080618,422.615091
1228.684928,540.080618,422.653277
1228.685488,540.080618,422.669056
1228.686434,540.080618,422.754099
1228.694191,540.080618,422.765635
1228.704619,540.080618,422.809429
1228.706283,540.080618,422.810811
1228.709577,540.080618,422.812525
1228.710755,540.080618,422.875944
1228.711168,540.080618,422.898419
1228.713929,540.080618,422.900498
1228.714458,540.080618,422.925760
1228.717721,540.080618,422.927507
1228.721284,540.080618,422.949986
1228.722377,540.080618,422.959475
1228.724992,540.080618,422.985133
1228.725789,540.080618,423.002630
1228.727583,540.080618,423.010434
1228.729072,540.080618,423.037698
1228.729464,540.080618,423.042274
1228.730294,540.080618,423.046530
1228.732213,540.080618,423.068194
1228.733523,540.080618,423.151570
1228.735078,540.080618,423.156634
1228.735655,540.080618,423.236891
1228.737378,540.080618,423.285514
1228.740707,540.080618,423.289155
1228.746877,540.080618,423.330104
1228.747239,540.080618,423.330675
1228.748529,540.080618,423.340998
1228.750884,540.080618,423.381837
1228.751790,540.080618,423.467445
1228.753309,540.080618,423.471320
1228.755797,540.080618,423.509085
1228.759088,540.080618,423.552394
1228.764850,540.080618,423.570669
1228.768342,540.080618,423.607373
1228.769097,540.080618,423.633045
1228.770760,540.080618,423.633922
1228.793127,540.080618,423.640565
1228.795163,540.080618,423.674648
1228.796223,540.080618,423.688691
1228.798881,540.080618,423.722011
1228.805169,540.080618,423.741789
1228.805887,540.080618,423.750707
1228.808243,540.080618,423.753746
1228.809182,540.080618,423.817402
1228.809828,540.080618,423.854422
1228.810218,540.080618,423.897501
1228.811460,540.080618,423.956749
1228.812021,540.080618,423.968240
1228.819113,540.080618,423.987266
1228.838317,540.080618,424.001989
1228.839101,540.080618,424.013517
1228.841176,540.080618,424.029331
1228.843010,540.080618,424.030797
1228.843635,540.080618,424.051666
1228.850015,540.080618,424.162517
1228.850872,540.080618,424.198018
1228.851429,540.080618,424.206754
1228.852944,540.080618,424.207514
1228.854026,540.080618,424.259794
1228.854500,540.080618,424.262077
1228.857685,540.080618,424.281021
1228.859185,540.080618,424.292605
1228.859897,540.080618,424.330616
1228.861986,540.080618,424.406371
1228.864928,540.080618,424.455677
1228.865610,540.080618,424.478960
1228.868968,540.080618,424.484370
1228.869627,540.080618,424.499554
1228.870491,540.080618,424.501581
1228.872145,540.080618,424.575077
1228.874798,540.080618,424.633370
1228.875405,540.080618,424.635406
1228.876416,540.080618,424.708275
1228.878244,540.080618,424.752850
1228.879760,540.080618,424.862136
1228.880387,540.080618,424.863374
1228.883384,540.080618,424.920690
1228.885073,540.080618,424.923405
1228.885777,540.080618,424.968118
1228.892726,540.080618,424.987088
1228.893581,540.080618,425.010706
1228.894198,540.080618,425.035554
1228.900532,540.080618,425.102336
1228.902759,540.080618,425.104354
1228.903695,540.080618,425.147394
1228.905072,540.080618,425.169928
1228.905756,540.080618,425.251635
1228.910016,540.080618,425.266768
1228.911641,540.080618,425.291386
1228.912345,540.080618,425.340034
1228.913211,540.080618,425.362733
1228.914602,540.080618,425.374237
1228.915520,540.080618,425.374355
1228.919595,540.080618,425.391251
1228.922069,540.080618,425.498739
1228.924525,540.080618,425.502200
1228.926269,540.080618,425.502445
1228.927710,540.080618,425.524899
1228.933264,540.080618,425.547682
1228.934812,540.080618,425.558131
1228.935464,540.080618,425.574221
1228.942143,540.080618,425.581555
1228.947201,540.080618,425.596637
1228.948218,540.080618,425.656488
1228.951501,540.080618,425.672029
1228.954909,540.080618,425.729632
1228.957477,540.080618,425.747538
1228.958561,540.080618,425.755782
1228.963644,540.080618,425.806093
1228.978692,540.080618,425.815315
1228.981968,540.080618,425.817325
1228.983551,540.080618,425.820514
1228.985078,540.080618,425.830429
1228.985896,540.080618,425.859190
1228.988744,540.080618,425.863037
1228.989437,540.080618,425.887869
1228.990062,540.080618,425.903792
1228.990374,540.080618,426.026744
1228.994350,540.080618,426.065154
1228.996055,540.080618,426.070355
1228.998494,540.080618,426.125688
1228.999397,540.080618,426.140755
1229.002275,540.080618,426.151096
1229.002636,540.080618,426.188781
1229.003111,540.080618,426.192242
1229.006279,540.080618,426.204098
1229.007681,540.080618,426.256957
1229.008662,540.080618,426.262733
1229.009265,540.080618,426.270387
1229.011767,540.080618,426.284290
1229.012304,540.080618,426.324835
1229.015262,540.080618,426.343714
1229.016626,540.080618,426.354040
1229.018929,540.080618,426.371026
1229.019567,540.080618,426.432738
1229.020169,540.080618,426.443949
1229.020626,540.080618,426.447955
1229.023066,540.080618,426.486242
1229.025382,540.080618,426.487792
1229.025957,540.080618,426.493346
1229.026876,540.080618,426.516934
1229.028589,540.080618,426.558696
1229.029160,540.080618,426.664035
1229.029754,540.080618,426.731827
1229.032082,540.080618,426.737400
1229.033312,540.080618,426.746870
1229.036071,540.080618,426.760851
1229.047214,540.080618,426.766645
1229.051137,540.080618,426.807299
1229.053380,540.080618,426.828504
1229.053752,540.080618,426.835106
1229.054279,540.080618,426.839469
1229.054772,540.080618,426.842003
1229.057209,540.080618,426.871734
1229.060093,540.080618,426.919323
1229.062878,540.080618,426.925677
1229.064184,540.080618,426.925952
1229.065586,540.080618,427.053558
1229.068808,540.080618,427.065293
1229.070072,540.080618,427.111149
1229.070466,540.080618,427.133357
1229.072022,540.080618,427.162370
1229.077526,540.080618,427.290483
1229.083450,540.080618,427.302530
1229.084772,540.080618,427.338397
1229.085457,540.080618,427.394670
1229.086442,540.080618,427.421290
1229.091316,540.080618,427.449893
1229.091951,540.080618,427.486139
1229.094992,540.080618,427.490339
1229.098607,540.080618,427.531206
1229.100756,540.080618,427.531731
1229.102666,540.080618,427.569267
1229.106812,540.080618,427.579117
1229.108506,540.080618,427.584077
1229.109493,540.080618,427.614395
1229.111113,540.080618,427.622638
1229.113479,540.080618,427.628595
1229.119289,540.080618,427.650056
1229.120451,540.080618,427.650136
1229.120870,540.080618,427.652125
1229.122014,540.080618,427.683128
1229.122525,540.080618,427.683997
1229.123502,540.080618,427.686522
1229.124500,540.080618,427.696051
1229.125867,540.080618,427.715282
1229.126455,540.080618,427.767693
1229.127087,540.080618,427.775357
1229.127511,540.080618,427.776059
1229.134722,540.080618,427.816482
1229.135069,540.080618,427.820163
1229.138045,540.080618,427.880301
1229.150319,540.080618,427.888722
1229.153694,540.080618,427.906658
1229.155038,540.080618,427.910286
1229.155542,540.080618,427.924787
1229.155953,540.080618,427.964154
1229.156930,540.080618,428.076037
1229.159370,540.080618,428.121997
1229.160680,540.080618,428.161026
1229.161500,540.080618,428.213266
1229.165927,540.080618,428.271757
1229.171602,540.080618,428.291600
1229.172614,540.080618,428.365779
1229.177758,540.080618,428.385570
1229.179084,540.080618,428.396691
1229.184707,540.080618,428.405869
1229.185961,540.080618,428.410198
1229.186873,540.080618,428.422768
1229.190373,540.080618,428.435658
1229.190943,540.080618,428.453318
1229.195397,540.080618,428.488896
1229.197836,540.080618,428.490718
1229.198276,540.080618,428.493021
1229.201787,540.080618,428.507677
1229.202416,540.080618,428.526888
1229.205360,540.080618,428.556726
1229.208526,540.080618,428.560637
1229.209199,540.080618,428.564760
1229.210301,540.080618,428.568530
1229.211427,540.080618,428.573155
1229.213000,540.080618,428.596547
1229.215706,540.080618,428.617405
1229.216356,540.080618,428.622624
1229.218171,540.080618,428.632186
1229.218798,540.080618,428.638317
1229.220394,540.080618,428.641714
1229.222186,540.080618,428.701507
1229.224356,540.080618,428.715766
1229.224993,540.080618,428.765549
1229.225409,540.080618,428.770589
1229.226003,540.080618,428.786008
1229.228974,540.080618,428.787571
1229.230454,540.080618,428.808114
1229.231383,540.080618,428.808470
1229.231865,540.080618,428.819042
1229.232624,540.080618,428.835451
1229.235813,540.080618,428.864237
1229.236292,540.080618,428.957005
1229.239096,540.080618,429.037608
1229.243309,540.080618,429.042205
1229.244344,540.080618,429.071501
1229.244891,540.080618,429.083725
1229.245500,540.080618,429.123125
1229.253796,540.080618,429.146482
1229.255042,540.080618,429.159714
1229.268961,540.080618,429.191045
1229.270917,540.080618,429.192018
1229.271572,540.080618,429.200032
1229.271993,540.080618,429.226546
1229.273028,540.080618,429.238272
1229.273598,540.080618,429.251827
1229.274877,540.080618,429.258995
1229.276273,540.080618,429.314338
1229.277176,540.080618,429.356563
1229.277794,540.080618,429.399117
1229.279595,540.080618,429.403571
1229.285955,540.080618,429.441416
1229.286517,540.080618,429.485986
1229.287538,540.080618,429.486059
1229.288147,540.080618,429.514114
1229.288566,540.080618,429.582530
1229.294341,540.080618,429.628291
1229.296193,540.080618,429.652077
1229.297634,540.080618,429.678675
1229.300355,540.080618,429.701277
1229.301256,540.080618,429.709378
1229.303039,540.080618,429.733235
1229.305634,540.080618,429.792877
1229.312317,540.080618,429.814533
1229.313329,540.080618,429.836546
1229.316064,540.080618,429.841590
1229.316526,540.080618,429.850034
1229.317081,540.080618,429.858099
1229.319773,540.080618,429.895714
1229.320626,540.080618,429.907379
1229.321264,540.080618,429.910699
1229.323958,540.080618,429.929997
1229.326943,540.080618,429.948514
1229.330985,540.080618,429.977645
1229.332375,540.080618,430.058386
1229.332795,540.080618,430.074920
1229.334600,540.080618,430.088130
1229.335705,540.080618,430.128147
1229.337102,540.080618,430.181427
1229.339603,540.080618,430.187875
1229.342291,540.080618,430.206610
1229.342715,540.080618,430.207504
1229.344040,540.080618,430.224912
1229.344849,540.080618,430.249208
1229.347367,540.080618,430.290754
1229.348932,540.080618,430.316262
1229.349584,540.080618,430.334477
1229.350131,540.080618,430.350515
1229.351449,540.080618,430.405069
1229.352245,540.080618,430.432898
1229.353190,540.080618,430.436237
1229.354189,540.080618,430.461837
1229.355135,540.080618,430.477378
1229.358274,540.080618,430.566717
1229.359250,540.080618,430.569474
1229.359702,540.080618,430.634685
1229.360244,540.080618,430.641155
1229.363314,540.080618,430.643542
1229.366175,540.080618,430.661690
1229.367182,540.080618,430.704472
1229.370212,540.080618,430.739187
1229.371531,540.080618,430.744771
1229.378455,540.080618,430.745779
1229.381123,540.080618,430.814771
1229.383520,540.080618,430.827074
1229.386465,540.080618,430.831720
1229.387314,540.080618,430.887661
1229.388020,540.080618,430.957509
1229.388581,540.080618,430.994840
1229.399198,540.080618,431.021949
1229.399751,540.080618,431.041930
1229.400679,540.080618,431.081491
1229.403620,540.080618,431.083424
1229.404256,540.080618,431.122349
1229.404778,540.080618,431.138808
1229.405419,540.080618,431.144834
1229.406717,540.080618,431.160739
1229.409157,540.080618,431.231194
1229.411012,540.080618,431.236659
1229.412220,540.080618,431.283266
1229.412913,540.080618,431.289234
1229.413717,540.080618,431.293677
1229.416329,540.080618,431.326837
1229.420182,540.080618,431.327874
1229.421154,540.080618,431.350786
1229.422524,540.080618,431.354502
1229.424552,540.080618,431.412307
1229.425067,540.080618,431.453178
1229.425715,540.080618,431.460771
1229.428072,540.080618,431.461971
1229.430351,540.080618,431.472370
1229.434387,540.080618,431.475030
1229.435017,540.080618,431.488531
1229.437736,540.080618,431.536210
1229.438245,540.080618,431.543091
1229.441224,540.080618,431.546070
1229.443268,540.080618,431.570723
1229.448588,540.080618,431.572765
1229.449214,540.080618,431.603917
1229.450086,540.080618,431.621915
1229.453979,540.080618,431.691091
1229.455423,540.080618,431.709027
1229.459553,540.080618,431.746957
1229.460081,540.080618,431.806850
1229.461714,540.080618,431.832227
1229.464033,540.080618,431.845446
1229.465570,540.080618,431.858304
1229.466568,540.080618,431.917549
1229.468200,540.080618,431.918978
1229.477419,540.080618,431.922102
1229.478245,540.080618,431.924925
1229.479202,540.080618,431.948381
1229.482673,540.080618,431.976685
1229.488541,540.080618,431.984173
1229.490306,540.080618,431.988563
1229.507629,540.080618,431.992248
1229.509650,540.080618,431.997536
1229.510248,540.080618,432.011091
1229.511526,540.080618,432.011283
1229.518340,540.080618,432.075069
1229.518681,540.080618,432.160589
1229.519369,540.080618,432.259128
1229.521652,540.080618,432.261654
1229.524442,540.080618,432.262957
1229.525283,540.080618,432.288765
1229.525722,540.080618,432.299856
1229.527510,540.080618,432.313811
1229.530555,540.080618,432.341773
1229.531902,540.080618,432.376211
1229.534631,540.080618,432.384403
1229.539762,540.080618,432.386637
1229.541412,540.080618,432.392930
1229.542119,540.080618,432.415834
1229.542524,540.080618,432.428746
1229.546171,540.080618,432.429594
1229.547164,540.080618,432.430771
1229.549682,540.080618,432.430787
1229.550667,540.080618,432.468934
1229.551273,540.080618,432.555635
1229.553954,540.080618,432.565261
1229.555249,540.080618,432.592902
1229.557194,540.080618,432.615203
1229.560447,540.080618,432.634685
1229.561536,540.080618,432.672130
1229.562394,540.080618,432.689261
1229.565400,540.080618,432.696978
1229.566495,540.080618,432.731691
1229.569137,540.080618,432.732291
1229.570802,540.080618,432.732323
1229.574790,540.080618,432.748467
1229.580907,540.080618,432.762784
1229.585071,540.080618,432.766765
1229.588701,540.080618,432.798637
1229.590040,540.080618,432.798947
1229.594109,540.080618,432.800211
1229.595796,540.080618,432.812962
1229.596473,540.080618,432.817650
1229.596851,540.080618,432.822811
1229.598376,540.080618,432.833270
1229.601822,540.080618,432.885478
1229.603740,540.080618,432.887411
1229.605193,540.080618,432.950755
1229.608139,540.080618,432.965491
1229.608580,540.080618,432.988411
1229.610030,540.080618,432.995931
1229.611617,540.080618,432.997645
1229.612350,540.080618,433.018280
1229.613979,540.080618,433.019757
1229.614588,540.080618,433.046515
1229.616426,540.080618,433.111746
1229.618037,540.080618,433.152885
1229.621582,540.080618,433.190834
1229.622307,540.080618,433.213917
1229.624429,540.080618,433.223405
1229.625733,540.080618,433.227440
1229.626663,540.080618,433.261189
1229.627039,540.080618,433.330533
1229.628054,540.080618,433.351579
1229.634207,540.080618,433.367725
1229.635026,540.080618,433.372915
1229.637919,540.080618,433.392811
1229.638474,540.080618,433.418890
1229.641702,540.080618,433.432109
1229.642225,540.080618,433.484450
1229.642975,540.080618,433.503208
1229.643347,540.080618,433.504035
1229.650287,540.080618,433.526118
1229.651360,540.080618,433.549357
1229.651940,540.080618,433.556480
1229.652414,540.080618,433.621762
1229.656892,540.080618,433.673586
1229.657801,540.080618,433.681773
1229.661193,540.080618,433.694205
1229.662772,540.080618,433.711736
1229.663429,540.080618,433.738160
1229.664929,540.080618,433.769762
1229.666395,540.080618,433.842941
1229.666911,540.080618,433.857314
1229.667295,540.080618,433.897902
1229.667909,540.080618,433.934195
1229.669329,540.080618,433.955874
1229.669970,540.080618,434.065773
1229.673506,540.080618,434.100450
1229.681329,540.080618,434.103955
1229.684873,540.080618,434.135426
1229.686507,540.080618,434.165602
1229.687547,540.080618,434.172386
1229.689114,540.080618,434.172514
1229.693564,540.080618,434.293717
1229.695401,540.080618,434.295027
1229.695837,540.080618,434.348595
1229.700831,540.080618,434.370933
1229.701616,540.080618,434.400195
1229.704751,540.080618,434.440554
1229.705418,540.080618,434.444162
1229.708827,540.080618,434.447197
1229.709718,540.080618,434.466141
1229.710484,540.080618,434.511714
1229.712607,540.080618,434.525477
1229.713628,540.080618,434.530019
1229.717628,540.080618,434.566114
1229.719232,540.080618,434.577741
1229.728344,540.080618,434.586978
1229.733019,540.080618,434.589656
1229.736693,540.080618,434.591491
1229.738141,540.080618,434.592765
1229.738907,540.080618,434.599210
1229.740988,540.080618,434.676141
1229.742471,540.080618,434.681709
1229.744195,540.080618,434.683757
1229.744943,540.080618,434.690317
1229.745812,540.080618,434.722189
1229.746247,540.080618,434.761400
1229.747160,540.080618,434.766018
1229.747585,540.080618,434.806882
1229.748398,540.080618,434.810970
1229.748997,540.080618,434.833051
1229.751953,540.080618,434.855837
1229.752620,540.080618,434.860493
1229.754374,540.080618,434.899531
1229.755364,540.080618,434.925971
1229.758031,540.080618,434.937890
1229.761297,540.080618,434.982637
1229.761781,540.080618,434.997315
1229.762178,540.080618,435.006738
1229.762890,540.080618,435.018317
1229.763376,540.080618,435.026093
1229.764832,540.080618,435.047394
1229.765553,540.080618,435.128323
1229.766566,540.080618,435.162066
1229.767192,540.080618,435.162706
1229.769040,540.080618,435.193459
1229.771596,540.080618,435.228198
1229.772185,540.080618,435.245869
1229.773225,540.080618,435.248019
1229.775506,540.080618,435.279152
1229.777459,540.080618,435.281293
1229.778392,540.080618,435.299755
1229.782382,540.080618,435.357419
1229.783405,540.080618,435.481634
1229.784342,540.080618,435.491555
1229.786032,540.080618,435.496483
1229.789484,540.080618,435.501645
1229.792566,540.080618,435.516157
1229.793217,540.080618,435.555565
1229.793928,540.080618,435.559315
1229.796067,540.080618,435.559475
1229.797726,540.080618,435.560643
1229.799540,540.080618,435.598002
1229.800513,540.080618,435.633954
1229.801171,540.080618,435.691472
1229.802109,540.080618,435.710019
1229.804878,540.080618,435.725651
1229.806142,540.080618,435.729016
1229.806797,540.080618,435.731853
1229.807539,540.080618,435.752546
1229.808075,540.080618,435.773640
1229.808916,540.080618,435.775117
1229.809209,540.080618,435.783173
1229.809573,540.080618,435.805795
1229.809907,540.080618,435.841608
1229.811600,540.080618,435.857149
1229.813327,540.080618,435.897320
1229.815096,540.080618,435.908602
1229.816009,540.080618,435.923453
1229.816689,540.080618,436.011826
1229.817311,540.080618,436.017277
1229.817876,540.080618,436.025845
1229.818934,540.080618,436.046733
1229.819754,540.080618,436.081139
1229.822325,540.080618,436.096605
1229.823535,540.080618,436.131803
1229.827224,540.080618,436.135541
1229.829794,540.080618,436.135699
1229.832297,540.080618,436.137334
1229.839217,540.080618,436.163002
1229.842103,540.080618,436.211864
1229.843768,540.080618,436.213376
1229.845202,540.080618,436.221490
1229.845790,540.080618,436.250274
1229.846730,540.080618,436.307507
1229.851352,540.080618,436.333584
1229.853312,540.080618,436.350994
1229.853959,540.080618,436.357424
1229.854378,540.080618,436.376627
1229.857112,540.080618,436.432077
1229.857677,540.080618,436.453011
1229.858069,540.080618,436.477626
1229.858668,540.080618,436.502765
1229.861325,540.080618,436.509955
1229.863839,540.080618,436.594456
1229.864538,540.080618,436.624880
1229.865134,540.080618,436.657166
1229.865765,540.080618,436.666966
1229.869203,540.080618,436.685261
1229.872146,540.080618,436.707315
1229.873566,540.080618,436.743816
1229.873917,540.080618,436.747586
1229.875332,540.080618,436.771128
1229.878961,540.080618,436.797698
1229.880750,540.080618,436.825037
1229.884376,540.080618,436.832754
1229.888663,540.080618,436.842150
1229.892950,540.080618,436.866822
1229.895237,540.080618,436.882130
1229.896421,540.080618,436.888418
1229.904915,540.080618,436.893923
1229.907655,540.080618,436.898040
1229.908347,540.080618,436.927085
1229.913436,540.080618,436.928365
1229.914256,540.080618,436.974482
1229.914647,540.080618,436.986594
1229.915620,540.080618,436.988242
1229.916627,540.080618,436.993990
1229.918179,540.080618,437.005078
1229.921866,540.080618,437.007648
1229.925628,540.080618,437.009971
1229.927263,540.080618,437.062781
1229.928002,540.080618,437.066227
1229.930088,540.080618,437.076614
1229.931274,540.080618,437.103426
1229.934590,540.080618,437.122245
1229.935010,540.080618,437.152542
1229.938128,540.080618,437.156979
1229.943925,540.080618,437.190237
1229.944967,540.080618,437.196349
1229.945720,540.080618,437.235037
1229.949372,540.080618,437.288595
1229.950849,540.080618,437.290338
1229.952209,540.080618,437.303282
1229.953951,540.080618,437.335237
1229.954601,540.080618,437.350960
1229.960906,540.080618,437.362765
1229.961656,540.080618,437.380930
1229.962467,540.080618,437.384709
1229.963137,540.080618,437.423757
1229.965227,540.080618,437.449555
1229.975513,540.080618,437.481656
1229.975866,540.080618,437.500035
1229.984669,540.080618,437.583069
1229.988410,540.080618,437.604909
1229.988830,540.080618,437.619515
1229.992097,540.080618,437.627974
1229.993003,540.080618,437.665635
1229.996102,540.080618,437.726171
1229.996515,540.080618,437.742262
1229.999438,540.080618,437.750195
1229.999829,540.080618,437.786088
1230.000790,540.080618,437.786477
1230.001401,540.080618,437.806221
1230.002313,540.080618,437.811970
1230.003782,540.080618,437.827730
1230.004457,540.080618,437.846339
1230.005001,540.080618,437.890995
1230.007345,540.080618,437.891386
1230.007723,540.080618,437.921330
1230.008306,540.080618,437.945555
1230.010410,540.080618,437.979075
1230.012111,540.080618,438.012451
1230.015387,540.080618,438.034557
1230.015921,540.080618,438.054955
1230.016962,540.080618,438.073842
1230.019248,540.080618,438.076120
1230.026874,540.080618,438.110947
1230.027790,540.080618,438.147682
1230.028773,540.080618,438.151400
1230.031559,540.080618,438.182475
1230.035499,540.080618,438.216077
1230.037425,540.080618,438.228994
1230.038007,540.080618,438.241058
1230.038717,540.080618,438.244397
1230.039497,540.080618,438.263187
1230.044944,540.080618,438.280002
1230.048052,540.080618,438.296808
1230.049751,540.080618,438.376243
1230.050152,540.080618,438.382325
1230.051092,540.080618,438.384674
1230.053751,540.080618,438.398386
1230.054668,540.080618,438.401523
1230.057393,540.080618,438.426725
1230.060109,540.080618,438.450245
1230.061056,540.080618,438.456550
1230.061681,540.080618,438.484915
1230.062819,540.080618,438.485746
1230.063405,540.080618,438.489245
1230.065119,540.080618,438.502656
1230.068054,540.080618,438.532330
1230.069749,540.080618,438.546411
1230.072075,540.080618,438.558192
1230.072462,540.080618,438.573538
1230.072957,540.080618,438.581480
1230.073392,540.080618,438.606419
1230.079352,540.080618,438.629171
1230.085642,540.080618,438.658317
1230.086593,540.080618,438.678141
1230.088252,540.080618,438.745757
1230.088670,540.080618,438.768787
1230.089792,540.080618,438.794957
1230.090572,540.080618,438.797811
1230.095884,540.080618,438.799891
1230.097476,540.080618,438.801398
1230.103260,540.080618,438.826834
1230.104206,540.080618,438.833251
1230.105139,540.080618,438.852854
1230.105756,540.080618,438.867725
1230.106525,540.080618,438.884920
1230.108463,540.080618,438.887099
1230.110896,540.080618,438.899997
1230.111429,540.080618,438.922477
1230.115669,540.080618,438.923174
1230.116284,540.080618,438.952795
1230.119786,540.080618,438.968827
1230.123079,540.080618,438.971128
1230.124472,540.080618,438.977480
1230.128523,540.080618,438.983994
1230.129583,540.080618,439.054960
1230.129912,540.080618,439.055131
1230.136957,540.080618,439.066771
1230.140787,540.080618,439.092848
1230.142723,540.080618,439.169899
1230.143581,540.080618,439.197829
1230.144035,540.080618,439.212098
1230.150093,540.080618,439.298618
1230.150743,540.080618,439.335731
1230.151146,540.080618,439.382797
1230.153891,540.080618,439.388376
1230.154699,540.080618,439.451506
1230.158232,540.080618,439.452450
1230.159998,540.080618,439.459848
1230.160413,540.080618,439.472088
1230.160755,540.080618,439.494019
1230.161292,540.080618,439.507731
1230.163979,540.080618,439.508408
1230.164988,540.080618,439.533808
1230.166777,540.080618,439.549954
1230.167599,540.080618,439.564358
1230.169734,540.080618,439.564450
1230.176729,540.080618,439.586165
1230.178559,540.080618,439.626536
1230.178924,540.080618,439.653187
1230.181423,540.080618,439.667797
1230.182757,540.080618,439.809234
1230.183814,540.080618,439.813107
1230.184198,540.080618,439.818099
1230.186484,540.080618,439.824053
1230.187486,540.080618,439.825491
1230.188714,540.080618,439.854515
1230.194250,540.080618,439.859890
1230.194823,540.080618,439.883773
1230.195475,540.080618,439.894498
1230.196442,540.080618,439.934576
1230.197307,540.080618,439.977997
1230.199176,540.080618,439.987874
1230.200452,540.080618,439.991091
1230.204980,540.080618,440.045763
1230.207646,540.080618,440.076070
1230.208093,540.080618,440.154754
1230.209003,540.080618,440.197571
1230.214575,540.080618,440.222637
1230.218594,540.080618,440.233986
1230.223621,540.080618,440.267429
1230.224364,540.080618,440.372602
1230.224869,540.080618,440.382461
1230.225190,540.080618,440.422530
1230.225854,540.080618,440.467250
1230.226769,540.080618,440.485435
1230.227144,540.080618,440.493869
1230.227499,540.080618,440.503326
1230.229537,540.080618,440.520122
1230.231475,540.080618,440.565485
1230.232462,540.080618,440.584093
1230.238335,540.080618,440.590331
1230.238863,540.080618,440.597026
1230.239490,540.080618,440.608717
1230.241309,540.080618,440.693570
1230.244037,540.080618,440.702397
1230.244826,540.080618,440.712378
1230.245242,540.080618,440.721650
1230.246463,540.080618,440.738339
1230.248168,540.080618,440.771715
1230.251968,540.080618,440.784885
1230.252262,540.080618,440.828531
1230.255093,540.080618,440.889592
1230.256694,540.080618,440.939786
1230.258837,540.080618,440.943554
1230.260350,540.080618,440.978675
1230.261838,540.080618,440.985235
1230.266465,540.080618,440.993339
1230.269618,540.080618,441.036274
1230.270292,540.080618,441.060866
1230.271706,540.080618,441.088685
1230.272394,540.080618,441.104646
1230.272918,540.080618,441.114816
1230.275512,540.080618,441.115909
1230.276062,540.080618,441.125914
1230.277513,540.080618,441.179960
1230.279061,540.080618,441.187411
1230.283814,540.080618,441.199490
1230.285329,540.080618,441.207581
1230.286151,540.080618,441.211547
1230.289786,540.080618,441.212390
1230.292049,540.080618,441.215814
1230.292668,540.080618,441.229555
1230.295542,540.080618,441.267602
1230.297367,540.080618,441.268544
1230.297753,540.080618,441.273560
1230.300131,540.080618,441.350910
1230.300741,540.080618,441.365427
1230.302167,540.080618,441.367403
1230.303897,540.080618,441.455202
1230.307311,540.080618,441.458757
1230.309737,540.080618,441.463717
1230.311147,540.080618,441.469730
1230.313781,540.080618,441.496362
1230.314829,540.080618,441.504437
1230.316391,540.080618,441.511957
1230.318163,540.080618,441.539622
1230.319241,540.080618,441.559155
1230.320811,540.080618,441.630178
1230.322173,540.080618,441.633142
1230.322839,540.080618,441.643603
1230.324410,540.080618,441.645837
1230.325249,540.080618,441.655955
1230.331453,540.080618,441.665133
1230.332820,540.080618,441.719211
1230.333479,540.080618,441.731190
1230.334473,540.080618,441.748160
1230.336794,540.080618,441.763106
1230.337518,540.080618,441.765389
1230.337865,540.080618,441.782886
1230.340909,540.080618,441.798472
1230.344518,540.080618,441.826546
1230.345092,540.080618,441.843357
1230.346120,540.080618,441.855811
1230.349099,540.080618,441.861118
1230.350778,540.080618,441.893885
1230.351968,540.080618,441.894147
1230.353578,540.080618,441.905733
1230.355690,540.080618,441.909608
1230.358439,540.080618,441.931330
1230.358938,540.080618,441.943357
1230.359606,540.080618,441.962706
1230.361682,540.080618,441.979989
1230.365227,540.080618,441.985474
1230.365865,540.080618,441.990891
1230.366727,540.080618,441.993869
1230.370288,540.080618,442.001203
1230.373273,540.080618,442.005186
1230.378657,540.080618,442.024851
1230.381476,540.080618,442.043235
1230.386083,540.080618,442.045272
1230.389266,540.080618,442.048872
1230.391060,540.080618,442.058314
1230.394700,540.080618,442.075928
1230.397880,540.080618,442.099547
1230.402067,540.080618,442.111155
1230.405271,540.080618,442.125624
1230.407139,540.080618,442.153618
1230.408451,540.080618,442.210770
1230.411861,540.080618,442.240566
1230.412713,540.080618,442.293421
1230.415337,540.080618,442.307597
1230.416938,540.080618,442.309298
1230.417876,540.080618,442.342568
1230.418255,540.080618,442.357410
1230.420382,540.080618,442.370946
1230.421208,540.080618,442.376739
1230.421762,540.080618,442.380245
1230.422351,540.080618,442.404717
1230.422998,540.080618,442.473117
1230.424006,540.080618,442.506498
1230.425430,540.080618,442.521589
1230.426387,540.080618,442.552136
1230.427531,540.080618,442.628904
1230.427910,540.080618,442.647634
1230.429395,540.080618,442.677555
1230.430029,540.080618,442.701664
1230.430373,540.080618,442.703736
1230.430690,540.080618,442.719677
1230.431249,540.080618,442.732955
1230.432984,540.080618,442.744483
1230.436393,540.080618,442.747557
1230.437304,540.080618,442.750355
1230.441685,540.080618,442.778022
1230.442643,540.080618,442.778630
1230.443021,540.080618,442.816083
1230.444443,540.080618,442.824136
1230.445018,540.080618,442.835334
1230.445314,540.080618,442.865395
1230.450508,540.080618,442.873666
1230.453142,540.080618,442.882098
1230.453751,540.080618,442.885688
1230.454302,540.080618,442.914114
1230.454849,540.080618,442.926045
1230.455202,540.080618,442.926155
1230.455467,540.080618,442.940973
1230.456441,540.080618,442.975746
1230.457353,540.080618,443.012181
1230.457575,540.080618,443.013365
1230.460127,540.080618,443.028962
1230.460857,540.080618,443.030989
1230.462312,540.080618,443.048458
1230.465489,540.080618,443.055469
1230.465716,540.080618,443.087725
1230.468188,540.080618,443.129986
1230.483745,540.080618,443.157102
1230.484187,540.080618,443.166331
1230.491535,540.080618,443.181794
1230.492235,540.080618,443.196589
1230.493892,540.080618,443.200862
1230.495812,540.080618,443.218075
1230.501490,540.080618,443.225517
1230.502434,540.080618,443.255757
1230.507853,540.080618,443.287450
1230.508470,540.080618,443.323538
1230.509413,540.080618,443.326050
1230.511919,540.080618,443.331859
1230.514557,540.080618,443.338005
1230.516126,540.080618,443.392883
1230.519555,540.080618,443.426038
1230.522784,540.080618,443.440691
1230.525218,540.080618,443.453363
1230.526862,540.080618,443.465666
1230.527485,540.080618,443.495346
1230.527916,540.080618,443.538630
1230.529722,540.080618,443.539786
1230.531499,540.080618,443.542642
1230.532625,540.080618,443.547730
1230.537112,540.080618,443.585117
1230.537796,540.080618,443.587795
1230.540559,540.080618,443.618547
1230.543264,540.080618,443.633762
1230.544111,540.080618,443.649083
1230.545582,540.080618,443.686445
1230.546131,540.080618,443.690875
1230.549100,540.080618,443.702818
1230.550579,540.080618,443.726061
1230.551437,540.080618,443.734477
1230.551809,540.080618,443.748280
1230.552337,540.080618,443.751717
1230.552844,540.080618,443.758253
1230.553807,540.080618,443.799362
1230.554728,540.080618,443.806882
1230.555763,540.080618,443.811650
1230.557078,540.080618,443.843363
1230.558619,540.080618,443.857266
1230.559249,540.080618,443.863910
1230.559725,540.080618,443.895992
1230.565867,540.080618,443.902499
1230.571886,540.080618,443.909677
1230.572572,540.080618,443.909987
1230.574236,540.080618,443.915016
1230.574695,540.080618,443.935341
1230.575396,540.080618,443.936546
1230.577177,540.080618,443.949517
1230.577768,540.080618,443.958754
1230.579190,540.080618,443.969698
1230.579731,540.080618,443.977587
1230.580949,540.080618,443.998451
1230.582570,540.080618,444.012424
1230.582923,540.080618,444.024752
1230.583434,540.080618,444.032824
1230.585576,540.080618,444.048243
1230.588616,540.080618,444.110174
1230.589242,540.080618,444.112723
1230.594379,540.080618,444.119400
1230.595999,540.080618,444.151869
1230.596621,540.080618,444.167266
1230.599283,540.080618,444.167920
1230.601778,540.080618,444.170850
1230.602529,540.080618,444.195707
1230.605557,540.080618,444.196355
1230.609474,540.080618,444.274914
1230.611529,540.080618,444.280960
1230.612209,540.080618,444.296088
1230.613343,540.080618,444.301874
1230.613769,540.080618,444.341477
1230.614861,540.080618,444.357634
1230.616726,540.080618,444.364738
1230.617690,540.080618,444.379406
1230.618251,540.080618,444.424397
1230.619559,540.080618,444.451411
1230.621351,540.080618,444.505069
1230.621905,540.080618,444.508643
1230.623965,540.080618,444.522370
1230.624652,540.080618,444.529930
1230.626196,540.080618,444.533571
1230.629640,540.080618,444.545933
1230.632477,540.080618,444.593885
1230.633914,540.080618,444.615075
1230.636802,540.080618,444.629282
1230.638691,540.080618,444.637011
1230.642154,540.080618,444.647538
1230.643118,540.080618,444.648109
1230.643617,540.080618,444.687970
1230.647603,540.080618,444.691405
1230.651949,540.080618,444.694411
1230.653372,540.080618,444.715139
1230.655085,540.080618,444.762861
1230.656650,540.080618,444.774776
1230.658323,540.080618,444.782963
1230.660059,540.080618,444.785427
1230.662941,540.080618,444.792328
1230.665415,540.080618,444.819843
1230.666315,540.080618,444.826077
1230.666986,540.080618,444.829346
1230.670320,540.080618,444.857202
1230.670865,540.080618,444.870419
1230.674166,540.080618,444.882934
1230.674801,540.080618,444.926258
1230.675332,540.080618,444.962848
1230.676279,540.080618,445.016053
1230.676910,540.080618,445.061301
1230.677708,540.080618,445.064995
1230.677954,540.080618,445.129677
1230.678442,540.080618,445.156520
1230.679326,540.080618,445.167802
1230.679860,540.080618,445.176813
1230.681659,540.080618,445.193965
1230.684804,540.080618,445.259778
1230.685224,540.080618,445.270355
1230.686654,540.080618,445.311379
1230.689698,540.080618,445.396061
1230.690095,540.080618,445.422202
1230.690689,540.080618,445.428243
1230.691933,540.080618,445.445941
1230.692389,540.080618,445.459635
1230.694288,540.080618,445.498547
1230.694896,540.080618,445.572141
1230.695353,540.080618,445.645837
1230.697227,540.080618,445.662765
1230.699070,540.080618,445.686765
1230.700528,540.080618,445.714434
1230.707380,540.080618,445.736826
1230.707807,540.080618,445.761965
1230.708834,540.080618,445.764962
1230.710627,540.080618,445.797477
1230.712664,540.080618,445.843117
1230.713565,540.080618,445.884290
1230.714941,540.080618,445.914136
1230.715358,540.080618,445.916366
1230.715744,540.080618,445.935693
1230.716742,540.080618,445.936195
1230.721374,540.080618,445.938189
1230.721629,540.080618,445.991587
1230.725201,540.080618,445.993122
1230.726085,540.080618,446.017405
1230.727235,540.080618,446.022365
1230.728207,540.080618,446.052683
1230.730080,540.080618,446.143803
1230.731474,540.080618,446.146675
1230.735601,540.080618,446.156290
1230.741432,540.080618,446.199955
1230.743841,540.080618,446.206470
1230.745816,540.080618,446.238250
1230.746781,540.080618,446.254610
1230.747195,540.080618,446.278880
1230.748071,540.080618,446.279325
1230.751459,540.080618,446.300173
1230.754488,540.080618,446.302082
1230.755242,540.080618,446.306402
1230.755707,540.080618,446.316923
1230.757412,540.080618,446.335234
1230.759413,540.080618,446.338234
1230.760111,540.080618,446.422872
1230.764292,540.080618,446.436050
1230.764869,540.080618,446.445816
1230.765439,540.080618,446.449437
1230.766051,540.080618,446.450509
1230.766504,540.080618,446.454992
1230.766884,540.080618,446.484680
1230.767463,540.080618,446.492627
1230.768930,540.080618,446.503578
1230.769610,540.080618,446.514685
1230.770281,540.080618,446.526230
1230.772204,540.080618,446.570914
1230.773428,540.080618,446.579483
1230.774071,540.080618,446.590403
1230.777331,540.080618,446.607523
1230.778961,540.080618,446.610160
1230.779953,540.080618,446.614787
1230.782843,540.080618,446.617197
1230.783202,540.080618,446.643909
1230.783533,540.080618,446.672867
1230.784938,540.080618,446.674280
1230.785357,540.080618,446.816139
1230.786542,540.080618,446.876518
1230.789864,540.080618,446.879650
1230.791827,540.080618,446.927184
1230.793604,540.080618,446.930114
1230.794327,540.080618,446.956248
1230.795754,540.080618,446.960659
1230.798778,540.080618,446.978496
1230.799424,540.080618,446.983971
1230.802937,540.080618,446.986736
1230.804846,540.080618,447.017874
1230.805882,540.080618,447.027270
1230.807424,540.080618,447.034493
1230.807798,540.080618,447.051891
1230.810751,540.080618,447.062437
1230.815626,540.080618,447.073538
1230.816672,540.080618,447.079043
1230.817500,540.080618,447.092262
1230.818118,540.080618,447.122866
1230.818505,540.080618,447.124120
1230.820927,540.080618,447.141506
1230.822015,540.080618,447.141939
1230.824920,540.080618,447.163933
1230.825482,540.080618,447.167725
1230.826897,540.080618,447.200237
1230.830472,540.080618,447.201440
1230.833759,540.080618,447.211117
1230.834286,540.080618,447.238275
1230.835150,540.080618,447.241560
1230.839843,540.080618,447.262514
1230.841113,540.080618,447.306205
1230.842041,540.080618,447.307370
1230.842955,540.080618,447.324290
1230.845914,540.080618,447.357378
1230.847024,540.080618,447.381469
1230.847439,540.080618,447.385506
1230.847929,540.080618,447.406882
1230.848452,540.080618,447.420157
1230.850240,540.080618,447.445571
1230.853220,540.080618,447.447234
1230.855747,540.080618,447.528378
1230.856768,540.080618,447.554272
1230.858216,540.080618,447.557720
1230.860007,540.080618,447.576560
1230.861754,540.080618,447.603955
1230.863266,540.080618,447.624560
1230.864098,540.080618,447.663646
1230.865847,540.080618,447.677747
1230.866370,540.080618,447.685925
1230.867254,540.080618,447.691925
1230.868047,540.080618,447.709330
1230.870541,540.080618,447.715750
1230.870947,540.080618,447.761866
1230.873858,540.080618,447.767106
1230.874739,540.080618,447.768189
1230.875624,540.080618,447.775397
1230.875966,540.080618,447.778006
1230.877557,540.080618,447.787851
1230.878033,540.080618,447.805611
1230.878847,540.080618,447.808245
1230.880464,540.080618,447.843746
1230.881351,540.080618,447.846098
1230.882051,540.080618,447.850755
1230.883385,540.080618,447.860723
1230.886466,540.080618,447.872194
1230.888233,540.080618,447.882293
1230.888983,540.080618,447.891501
1230.891867,540.080618,447.908738
1230.892748,540.080618,447.918832
1230.896405,540.080618,447.936077
1230.898130,540.080618,447.982902
1230.901393,540.080618,447.992470
1230.904185,540.080618,448.009600
1230.904722,540.080618,448.029619
1230.907533,540.080618,448.043522
1230.907913,540.080618,448.068440
1230.910987,540.080618,448.073037
1230.912022,540.080618,448.121291
1230.912433,540.080618,448.144120
1230.913422,540.080618,448.145090
1230.916382,540.080618,448.155549
1230.917157,540.080618,448.156339
1230.918307,540.080618,448.174294
1230.921369,540.080618,448.181485
1230.922665,540.080618,448.187654
1230.923310,540.080618,448.214466
1230.924886,540.080618,448.217053
1230.925299,540.080618,448.224886
1230.926273,540.080618,448.243194
1230.926827,540.080618,448.243678
1230.927191,540.080618,448.261240
1230.927895,540.080618,448.263582
1230.929309,540.080618,448.268019
1230.931993,540.080618,448.288488
1230.932889,540.080618,448.347085
1230.934349,540.080618,448.396333
1230.937392,540.080618,448.401037
1230.937851,540.080618,448.411219
1230.943577,540.080618,448.425122
1230.944355,540.080618,448.428493
1230.946308,540.080618,448.444946
1230.947285,540.080618,448.465122
1230.948769,540.080618,448.466618
1230.953545,540.080618,448.483757
1230.955548,540.080618,448.513208
1230.957584,540.080618,448.518146
1230.959563,540.080618,448.519179
1230.961125,540.080618,448.557818
1230.961516,540.080618,448.580094
1230.961871,540.080618,448.611075
1230.964661,540.080618,448.611110
1230.965289,540.080618,448.665706
1230.967130,540.080618,448.695330
1230.967861,540.080618,448.695856
1230.968263,540.080618,448.709872
1230.968870,540.080618,448.750851
1230.972352,540.080618,448.792819
1230.978602,540.080618,448.822637
1230.981857,540.080618,448.838843
1230.985351,540.080618,448.845365
1230.986315,540.080618,448.862995
1230.988666,540.080618,448.900125
1230.989693,540.080618,448.904283
1230.991245,540.080618,448.926997
1230.992049,540.080618,448.934477
1230.992780,540.080618,448.941531
1230.994409,540.080618,448.964795
1230.995732,540.080618,449.027462
1230.997719,540.080618,449.032770
1230.999615,540.080618,449.039533
1231.000638,540.080618,449.044019
1231.001796,540.080618,449.052845
1231.002634,540.080618,449.057186
1231.003238,540.080618,449.078594
1231.008815,540.080618,449.090256
1231.009390,540.080618,449.100077
1231.010214,540.080618,449.107597
1231.011119,540.080618,449.137915
1231.012782,540.080618,449.162600
1231.014551,540.080618,449.239122
1231.017513,540.080618,449.251891
1231.018911,540.080618,449.253059
1231.021149,540.080618,449.266925
1231.024639,540.080618,449.280040
1231.026513,540.080618,449.324570
1231.027173,540.080618,449.325949
1231.028834,540.080618,449.333229
1231.029248,540.080618,449.357362
1231.031130,540.080618,449.367400
1231.031692,540.080618,449.374051
1231.034484,540.080618,449.374227
1231.037082,540.080618,449.400304
1231.038708,540.080618,449.411339
1231.039309,540.080618,449.460637
1231.041429,540.080618,449.485667
1231.045304,540.080618,449.486515
1231.050328,540.080618,449.526629
1231.050737,540.080618,449.530272
1231.051135,540.080618,449.545330
1231.054402,540.080618,449.578003
1231.056379,540.080618,449.615026
1231.056823,540.080618,449.671986
1231.057436,540.080618,449.679768
1231.059269,540.080618,449.684190
1231.059650,540.080618,449.696560
1231.062288,540.080618,449.697549
1231.062890,540.080618,449.698464
1231.063385,540.080618,449.717230
1231.064003,540.080618,449.775635
1231.069969,540.080618,449.814797
1231.070519,540.080618,449.825005
1231.071140,540.080618,449.838307
1231.071964,540.080618,449.839475
1231.074702,540.080618,449.840813
1231.076098,540.080618,449.843293
1231.076898,540.080618,449.851526
1231.077493,540.080618,449.867917
1231.078261,540.080618,449.875488
1231.079960,540.080618,449.880147
1231.081221,540.080618,449.924008
1231.081733,540.080618,449.948259
1231.083228,540.080618,449.974336
1231.085165,540.080618,449.980850
1231.085797,540.080618,449.982586
1231.086336,540.080618,449.997437
1231.086696,540.080618,449.997539
1231.087448,540.080618,450.079867
1231.088951,540.080618,450.097040
1231.089440,540.080618,450.166171
1231.092041,540.080618,450.166432
1231.093272,540.080618,450.166616
1231.093655,540.080618,450.207280
1231.095667,540.080618,450.269730
1231.096694,540.080618,450.274291
1231.099480,540.080618,450.293048
1231.099839,540.080618,450.295474
1231.100198,540.080618,450.311890
1231.101838,540.080618,450.323138
1231.104673,540.080618,450.362690
1231.108087,540.080618,450.369822
1231.109782,540.080618,450.382152
1231.110352,540.080618,450.463544
1231.112924,540.080618,450.475014
1231.113272,540.080618,450.506917
1231.114087,540.080618,450.512917
1231.114714,540.080618,450.517640
1231.115362,540.080618,450.541445
1231.117438,540.080618,450.562546
1231.119190,540.080618,450.579069
1231.119817,540.080618,450.626603
1231.120625,540.080618,450.666131
1231.121201,540.080618,450.672851
1231.123133,540.080618,450.694515
1231.125434,540.080618,450.717957
1231.126077,540.080618,450.722917
1231.126587,540.080618,450.755562
1231.127142,540.080618,450.800885
1231.129034,540.080618,450.806282
1231.130776,540.080618,450.816888
1231.131707,540.080618,450.824461
1231.133311,540.080618,450.839485
1231.133935,540.080618,450.843554
1231.134714,540.080618,450.848323
1231.137056,540.080618,450.853875
1231.138169,540.080618,450.864514
1231.138605,540.080618,450.870550
1231.139347,540.080618,450.896019
1231.140607,540.080618,450.918272
1231.141372,540.080618,450.920274
1231.141924,540.080618,450.931330
1231.142502,540.080618,450.956698
1231.143297,540.080618,450.965392
1231.144666,540.080618,450.965555
1231.147184,540.080618,450.977272
1231.150204,540.080618,450.978411
1231.150599,540.080618,450.978835
1231.153199,540.080618,450.979213
1231.154757,540.080618,450.984608
1231.155492,540.080618,450.987629
1231.155873,540.080618,451.002477
1231.157110,540.080618,451.010835
1231.157487,540.080618,451.024277
1231.160601,540.080618,451.043875
1231.161219,540.080618,451.045616
1231.161671,540.080618,451.062226
1231.162288,540.080618,451.076467
1231.163597,540.080618,451.102557
1231.164202,540.080618,451.103680
1231.164720,540.080618,451.164933
1231.165596,540.080618,451.168077
1231.167060,540.080618,451.168808
1231.168064,540.080618,451.170355
1231.169515,540.080618,451.201293
1231.170583,540.080618,451.246114
1231.171372,540.080618,451.261099
1231.173302,540.080618,451.271558
1231.176510,540.080618,451.283330
1231.176978,540.080618,451.283757
1231.177463,540.080618,451.308611
1231.180245,540.080618,451.333677
1231.181299,540.080618,451.341376
1231.181666,540.080618,451.363608
1231.184967,540.080618,451.397510
1231.186104,540.080618,451.414024
1231.186507,540.080618,451.458680
1231.187394,540.080618,451.458840
1231.193269,540.080618,451.485856
1231.193795,540.080618,451.493501
1231.194056,540.080618,451.499766
1231.194538,540.080618,451.522451
1231.200526,540.080618,451.524613
1231.200828,540.080618,451.536872
1231.205527,540.080618,451.552621
1231.206799,540.080618,451.553634
1231.207767,540.080618,451.554323
1231.209506,540.080618,451.560531
1231.211462,540.080618,451.569299
1231.214444,540.080618,451.601819
1231.216016,540.080618,451.631162
1231.216997,540.080618,451.665139
1231.217919,540.080618,451.665517
1231.218938,540.080618,451.667667
1231.220240,540.080618,451.753730
1231.221125,540.080618,451.755192
1231.223779,540.080618,451.764278
1231.226655,540.080618,451.810237
1231.228529,540.080618,451.825208
1231.231525,540.080618,451.866515
1231.234124,540.080618,451.913170
1231.235734,540.080618,451.924810
1231.239905,540.080618,451.959250
1231.240823,540.080618,451.968006
1231.242431,540.080618,451.983592
1231.244094,540.080618,452.006757
1231.244567,540.080618,452.019725
1231.244825,540.080618,452.028051
1231.245981,540.080618,452.030443
1231.246352,540.080618,452.088966
1231.248169,540.080618,452.095717
1231.250496,540.080618,452.104379
1231.252004,540.080618,452.128477
1231.252384,540.080618,452.129459
1231.253018,540.080618,452.147826
1231.253983,540.080618,452.150024
1231.254820,540.080618,452.165109
1231.256528,540.080618,452.166523
1231.259947,540.080618,452.177677
1231.260796,540.080618,452.178354
1231.261919,540.080618,452.188717
1231.262751,540.080618,452.226949
1231.263071,540.080618,452.228355
1231.264716,540.080618,452.230392
1231.266248,540.080618,452.243469
1231.268239,540.080618,452.247579
1231.271759,540.080618,452.252496
1231.272092,540.080618,452.261048
1231.273753,540.080618,452.272565
1231.274894,540.080618,452.296275
1231.276564,540.080618,452.302978
1231.276918,540.080618,452.315554
1231.280495,540.080618,452.326035
1231.283745,540.080618,452.343325
1231.285009,540.080618,452.351875
1231.285884,540.080618,452.353038
1231.286568,540.080618,452.356691
1231.289912,540.080618,452.374290
1231.290319,540.080618,452.430342
1231.290689,540.080618,452.439032
1231.292491,540.080618,452.443454
1231.292864,540.080618,452.458370
1231.294724,540.080618,452.492307
1231.295887,540.080618,452.492978
1231.296537,540.080618,452.546650
1231.296897,540.080618,452.565365
1231.297245,540.080618,452.629179
1231.301125,540.080618,452.639411
1231.302455,540.080618,452.650066
1231.304348,540.080618,452.683272
1231.304911,540.080618,452.693371
1231.306357,540.080618,452.712605
1231.308340,540.080618,452.716358
1231.309324,540.080618,452.718451
1231.309750,540.080618,452.733600
1231.310929,540.080618,452.766995
1231.313935,540.080618,452.771096
1231.314844,540.080618,452.794576
1231.315415,540.080618,452.801842
1231.316062,540.080618,452.803632
1231.317891,540.080618,452.836277
1231.318229,540.080618,452.849547
1231.318725,540.080618,452.856765
1231.319293,540.080618,452.863210
1231.322974,540.080618,452.866331
1231.324903,540.080618,452.889410
1231.325810,540.080618,452.912451
1231.328239,540.080618,452.914954
1231.331403,540.080618,452.929603
1231.332306,540.080618,452.937586
1231.332688,540.080618,452.950002
1231.334600,540.080618,453.007480
1231.334898,540.080618,453.009256
1231.335212,540.080618,453.016973
1231.335479,540.080618,453.024597
1231.335824,540.080618,453.025266
1231.338045,540.080618,453.051202
1231.338582,540.080618,453.058786
1231.339513,540.080618,453.067358
1231.341283,540.080618,453.084755
1231.343281,540.080618,453.104909
1231.344930,540.080618,453.116466
1231.345298,540.080618,453.118053
1231.346218,540.080618,453.144355
1231.347897,540.080618,453.203144
1231.348429,540.080618,453.210587
1231.349817,540.080618,453.224371
1231.351051,540.080618,453.236664
1231.352039,540.080618,453.278982
1231.354991,540.080618,453.298781
1231.356395,540.080618,453.314994
1231.357223,540.080618,453.319202
1231.358965,540.080618,453.321810
1231.360679,540.080618,453.368627
1231.363187,540.080618,453.378600
1231.363976,540.080618,453.408486
1231.364436,540.080618,453.427120
1231.365272,540.080618,453.455555
1231.366114,540.080618,453.458054
1231.366590,540.080618,453.461789
1231.367420,540.080618,453.505346
1231.368043,540.080618,453.509869
1231.368955,540.080618,453.510003
1231.371860,540.080618,453.576627
1231.374915,540.080618,453.593058
1231.375194,540.080618,453.593555
1231.376434,540.080618,453.595275
1231.376812,540.080618,453.600677
1231.377410,540.080618,453.607587
1231.380769,540.080618,453.623938
1231.381318,540.080618,453.629814
1231.382058,540.080618,453.631490
1231.383580,540.080618,453.646562
1231.385640,540.080618,453.651331
1231.386498,540.080618,453.676371
1231.389042,540.080618,453.688627
1231.390159,540.080618,453.723750
1231.391063,540.080618,453.741411
1231.391710,540.080618,453.744699
1231.392093,540.080618,453.767843
1231.392948,540.080618,453.794845
1231.393502,540.080618,453.831827
1231.393826,540.080618,453.838034
1231.395167,540.080618,453.869203
1231.400842,540.080618,453.883218
1231.401475,540.080618,453.919683
1231.404780,540.080618,453.953611
1231.405527,540.080618,453.997603
1231.407306,540.080618,454.019557
1231.409098,540.080618,454.025154
1231.409431,540.080618,454.034394
1231.412453,540.080618,454.051528
1231.413452,540.080618,454.081112
1231.415330,540.080618,454.084973
1231.415967,540.080618,454.110651
1231.417662,540.080618,454.121666
1231.418591,540.080618,454.128128
1231.420596,540.080618,454.199050
1231.422714,540.080618,454.217944
1231.423545,540.080618,454.250573
1231.424268,540.080618,454.277371
1231.427390,540.080618,454.281715
1231.433027,540.080618,454.301947
1231.436039,540.080618,454.306165
1231.436413,540.080618,454.310136
1231.436760,540.080618,454.313587
1231.438443,540.080618,454.321971
1231.439116,540.080618,454.329115
1231.441952,540.080618,454.365203
1231.443145,540.080618,454.366797
1231.445636,540.080618,454.386962
1231.446337,540.080618,454.418082
1231.448210,540.080618,454.433954
1231.451262,540.080618,454.444574
1231.451656,540.080618,454.460034
1231.452665,540.080618,454.466080
1231.453020,540.080618,454.473456
1231.453338,540.080618,454.494694
1231.453845,540.080618,454.505733
1231.454847,540.080618,454.541234
1231.455432,540.080618,454.543458
1231.456124,540.080618,454.564947
1231.457846,540.080618,454.626976
1231.458361,540.080618,454.654307
1231.459310,540.080618,454.654566
1231.460309,540.080618,454.658077
1231.462512,540.080618,454.658770
1231.464191,540.080618,454.688395
1231.465831,540.080618,454.691526
1231.467525,540.080618,454.731053
1231.468842,540.080618,454.787315
1231.470002,540.080618,454.794322
1231.470916,540.080618,454.801915
1231.472302,540.080618,454.813683
1231.477421,540.080618,454.851445
1231.480068,540.080618,454.862757
1231.480417,540.080618,454.882048
1231.480886,540.080618,454.905037
1231.481842,540.080618,454.968066
1231.482336,540.080618,455.011197
1231.482686,540.080618,455.013539
1231.485141,540.080618,455.026067
1231.488507,540.080618,455.055539
1231.490184,540.080618,455.056677
1231.491162,540.080618,455.106429
1231.494689,540.080618,455.127437
1231.495750,540.080618,455.149366
1231.496646,540.080618,455.180685
1231.498401,540.080618,455.201173
1231.498729,540.080618,455.251571
1231.499764,540.080618,455.252322
1231.500290,540.080618,455.276605
1231.500910,540.080618,455.281565
1231.501448,540.080618,455.306747
1231.502860,540.080618,455.311883
1231.503782,540.080618,455.339813
1231.504187,540.080618,455.358811
1231.507434,540.080618,455.363010
1231.507812,540.080618,455.366715
1231.508106,540.080618,455.397350
1231.508643,540.080618,455.405872
1231.508985,540.080618,455.444755
1231.512111,540.080618,455.458771
1231.512503,540.080618,455.530136
1231.515264,540.080618,455.561282
1231.515701,540.080618,455.562896
1231.517350,540.080618,455.570518
1231.518321,540.080618,455.634691
1231.521261,540.080618,455.642594
1231.522286,540.080618,455.648709
1231.522890,540.080618,455.688360
1231.523761,540.080618,455.690317
1231.525574,540.080618,455.705016
1231.525861,540.080618,455.725288
1231.526185,540.080618,455.758578
1231.526488,540.080618,455.759459
1231.527044,540.080618,455.761504
1231.530751,540.080618,455.762778
1231.531106,540.080618,455.779800
1231.532706,540.080618,455.802445
1231.534310,540.080618,455.829648
1231.536212,540.080618,455.829858
1231.539246,540.080618,455.837147
1231.539606,540.080618,455.842576
1231.540093,540.080618,455.873987
1231.540931,540.080618,455.889218
1231.541492,540.080618,455.940386
1231.543060,540.080618,455.948243
1231.546447,540.080618,455.996926
1231.546985,540.080618,456.004947
1231.549712,540.080618,456.019074
1231.550639,540.080618,456.020267
1231.551564,540.080618,456.037298
1231.551874,540.080618,456.080917
1231.552428,540.080618,456.094598
1231.552736,540.080618,456.100386
1231.553177,540.080618,456.127891
1231.555231,540.080618,456.143059
1231.556616,540.080618,456.145890
1231.557139,540.080618,456.159642
1231.557789,540.080618,456.186384
1231.558529,540.080618,456.217318
1231.558996,540.080618,456.225650
1231.560545,540.080618,456.269027
1231.561728,540.080618,456.274163
1231.564694,540.080618,456.290520
1231.567417,540.080618,456.306802
1231.568537,540.080618,456.321637
1231.569509,540.080618,456.388918
1231.571036,540.080618,456.389970
1231.574126,540.080618,456.398296
1231.574491,540.080618,456.444930
1231.574979,540.080618,456.464445
1231.576333,540.080618,456.466694
1231.578380,540.080618,456.481810
1231.579022,540.080618,456.506362
1231.579318,540.080618,456.507835
1231.579908,540.080618,456.570531
1231.581578,540.080618,456.586950
1231.583642,540.080618,456.604178
1231.584553,540.080618,456.607992
1231.586257,540.080618,456.608859
1231.586787,540.080618,456.617219
1231.590280,540.080618,456.621768
1231.590802,540.080618,456.654365
1231.593085,540.080618,456.707936
1231.593531,540.080618,456.724930
1231.594162,540.080618,456.768789
1231.594411,540.080618,456.773805
1231.595067,540.080618,456.775523
1231.596591,540.080618,456.816920
1231.597475,540.080618,456.855386
1231.598549,540.080618,456.859622
1231.600458,540.080618,456.877811
1231.603498,540.080618,456.887525
1231.604057,540.080618,456.898104
1231.604403,540.080618,456.905011
1231.607521,540.080618,456.905965
1231.608142,540.080618,456.958314
1231.610229,540.080618,456.970075
1231.611887,540.080618,456.983099
1231.612563,540.080618,456.988098
1231.612946,540.080618,457.018517
1231.619428,540.080618,457.028896
1231.620050,540.080618,457.029702
1231.621778,540.080618,457.049026
1231.623034,540.080618,457.063835
1231.626568,540.080618,457.067445
1231.627411,540.080618,457.071565
1231.628113,540.080618,457.072805
1231.628477,540.080618,457.085154
1231.634844,540.080618,457.102627
1231.636570,540.080618,457.102946
1231.637062,540.080618,457.105298
1231.637432,540.080618,457.109058
1231.638420,540.080618,457.115579
1231.641490,540.080618,457.119779
1231.644626,540.080618,457.145779
1231.646011,540.080618,457.148920
1231.648390,540.080618,457.161858
1231.649256,540.080618,457.163611
1231.650787,540.080618,457.163616
1231.651152,540.080618,457.169091
1231.652593,540.080618,457.171856
1231.653582,540.080618,457.236851
1231.655297,540.080618,457.237011
1231.657461,540.080618,457.238179
1231.659220,540.080618,457.248770
1231.660783,540.080618,457.273853
1231.661394,540.080618,457.292088
1231.663185,540.080618,457.294560
1231.663629,540.080618,457.308034
1231.668067,540.080618,457.309240
1231.668904,540.080618,457.320045
1231.669643,540.080618,457.326725
1231.670664,540.080618,457.327640
1231.672224,540.080618,457.332237
1231.672780,540.080618,457.346363
1231.674483,540.080618,457.380491
1231.674713,540.080618,457.381299
1231.677094,540.080618,457.386560
1231.678604,540.080618,457.390466
1231.678932,540.080618,457.404883
1231.681285,540.080618,457.412987
1231.682985,540.080618,457.426680
1231.684487,540.080618,457.450790
1231.686302,540.080618,457.457557
1231.687930,540.080618,457.465906
1231.688443,540.080618,457.482203
1231.691586,540.080618,457.502120
1231.693364,540.080618,457.509410
1231.694805,540.080618,457.535858
1231.695135,540.080618,457.630691
1231.696552,540.080618,457.644502
1231.698077,540.080618,457.658934
1231.699362,540.080618,457.672437
1231.701166,540.080618,457.705043
1231.704191,540.080618,457.718653
1231.705002,540.080618,457.751394
1231.708334,540.080618,457.767333
1231.709302,540.080618,457.772408
1231.710219,540.080618,457.776066
1231.713331,540.080618,457.781634
1231.714660,540.080618,457.787702
1231.717995,540.080618,457.828051
1231.719212,540.080618,457.832331
1231.719597,540.080618,457.866925
1231.722687,540.080618,457.888771
1231.724665,540.080618,457.890738
1231.726374,540.080618,457.894450
1231.727265,540.080618,457.918640
1231.729590,540.080618,457.921250
1231.730268,540.080618,457.952915
1231.731578,540.080618,457.956098
1231.732432,540.080618,457.987558
1231.734095,540.080618,457.990690
1231.735041,540.080618,458.030829
1231.735359,540.080618,458.045843
1231.736942,540.080618,458.065506
1231.738448,540.080618,458.074131
1231.741496,540.080618,458.080962
1231.742927,540.080618,458.094029
1231.745984,540.080618,458.102557
1231.746526,540.080618,458.118075
1231.749698,540.080618,458.126256
1231.750041,540.080618,458.156614
1231.750562,540.080618,458.159325
1231.751148,540.080618,458.200731
1231.751865,540.080618,458.225987
1231.754754,540.080618,458.227672
1231.757415,540.080618,458.247250
1231.757965,540.080618,458.252064
1231.759948,540.080618,458.266438
1231.761056,540.080618,458.277715
1231.766477,540.080618,458.278765
1231.767173,540.080618,458.373554
1231.767846,540.080618,458.380658
1231.768308,540.080618,458.391514
1231.770207,540.080618,458.429360
1231.771894,540.080618,458.452464
1231.772225,540.080618,458.468418
1231.772839,540.080618,458.477686
1231.773249,540.080618,458.481309
1231.774787,540.080618,458.502573
1231.777846,540.080618,458.512259
1231.778591,540.080618,458.539240
1231.779524,540.080618,458.547846
1231.780578,540.080618,458.554323
1231.784010,540.080618,458.583770
1231.784382,540.080618,458.591938
1231.785327,540.080618,458.593042
1231.786429,540.080618,458.598682
1231.788007,540.080618,458.613613
1231.788985,540.080618,458.619187
1231.789344,540.080618,458.619917
1231.790926,540.080618,458.622291
1231.792605,540.080618,458.633251
1231.793402,540.080618,458.650043
1231.796265,540.080618,458.659315
1231.804611,540.080618,458.659550
1231.805269,540.080618,458.670539
1231.805791,540.080618,458.683744
1231.807582,540.080618,458.687507
1231.809623,540.080618,458.687600
1231.810882,540.080618,458.703266
1231.812412,540.080618,458.719837
1231.813641,540.080618,458.731942
1231.814233,540.080618,458.764211
1231.816956,540.080618,458.817918
1231.817554,540.080618,458.840595
1231.818916,540.080618,458.846960
1231.819577,540.080618,458.862998
1231.822588,540.080618,458.872906
1231.824149,540.080618,458.888976
1231.826218,540.080618,458.918685
1231.826743,540.080618,458.933469
1231.828697,540.080618,458.940902
1231.833812,540.080618,458.946899
1231.834733,540.080618,458.956566
1231.835325,540.080618,458.992547
1231.836837,540.080618,459.000242
1231.837201,540.080618,459.007757
1231.838799,540.080618,459.018624
1231.839666,540.080618,459.023963
1231.841166,540.080618,459.029872
1231.842962,540.080618,459.058466
1231.843725,540.080618,459.119606
1231.847327,540.080618,459.120120
1231.848019,540.080618,459.121131
1231.848355,540.080618,459.142629
1231.849293,540.080618,459.152118
1231.852710,540.080618,459.172765
1231.853124,540.080618,459.194549
1231.854302,540.080618,459.201293
1231.855766,540.080618,459.206546
1231.856981,540.080618,459.237197
1231.858698,540.080618,459.241786
1231.859056,540.080618,459.261826
1231.859812,540.080618,459.285299
1231.866228,540.080618,459.298114
1231.867224,540.080618,459.320909
1231.867533,540.080618,459.367754
1231.868605,540.080618,459.395275
1231.868942,540.080618,459.404597
1231.869179,540.080618,459.405472
1231.869629,540.080618,459.424242
1231.871054,540.080618,459.452045
1231.872081,540.080618,459.452600
1231.873052,540.080618,459.460176
1231.874839,540.080618,459.480690
1231.875791,540.080618,459.484194
1231.876346,540.080618,459.489611
1231.877280,540.080618,459.498082
1231.878154,540.080618,459.507373
1231.879595,540.080618,459.522259
1231.882380,540.080618,459.555986
1231.883023,540.080618,459.559437
1231.886424,540.080618,459.578235
1231.886898,540.080618,459.594797
1231.887569,540.080618,459.623074
1231.888402,540.080618,459.637075
1231.891410,540.080618,459.649835
1231.894325,540.080618,459.652528
1231.894719,540.080618,459.664275
1231.897920,540.080618,459.670787
1231.899946,540.080618,459.678099
1231.911243,540.080618,459.695536
1231.911546,540.080618,459.697938
1231.912180,540.080618,459.708613
1231.912530,540.080618,459.727155
1231.918281,540.080618,459.731371
1231.922677,540.080618,459.752482
1231.923730,540.080618,459.776746
1231.924674,540.080618,459.781781
1231.925234,540.080618,459.800645
1231.926110,540.080618,459.817315
1231.929228,540.080618,459.830034
1231.929756,540.080618,459.847222
1231.931613,540.080618,459.861891
1231.933294,540.080618,459.887597
1231.934198,540.080618,459.892611
1231.937178,540.080618,459.896811
1231.938936,540.080618,459.903859
1231.942107,540.080618,459.907270
1231.943899,540.080618,459.911395
1231.947533,540.080618,459.933544
1231.947932,540.080618,459.960531
1231.949729,540.080618,459.969011
1231.950624,540.080618,459.984603
1231.952140,540.080618,459.992096
1231.952609,540.080618,459.996115
1231.953922,540.080618,459.997443
1231.955679,540.080618,459.998426
1231.956466,540.080618,459.999917
1231.956833,540.080618,460.008034
1231.958428,540.080618,460.046560
1231.958753,540.080618,460.068450
1231.959067,540.080618,460.110523
1231.960797,540.080618,460.129750
1231.961261,540.080618,460.142712
1231.964282,540.080618,460.156251
1231.966030,540.080618,460.186448
1231.968220,540.080618,460.189634
1231.970930,540.080618,460.207357
1231.971599,540.080618,460.211062
1231.972621,540.080618,460.225170
1231.973137,540.080618,460.226883
1231.974023,540.080618,460.238413
1231.974782,540.080618,460.280125
1231.976536,540.080618,460.291035
1231.980307,540.080618,460.322147
1231.983434,540.080618,460.327880
1231.986668,540.080618,460.342038
1231.988202,540.080618,460.356470
1231.989324,540.080618,460.380715
1231.989827,540.080618,460.389258
1231.990245,540.080618,460.415197
1231.993402,540.080618,460.456514
1231.996772,540.080618,460.460357
1231.997190,540.080618,460.483304
1231.997679,540.080618,460.497010
1231.998545,540.080618,460.520299
1231.999356,540.080618,460.530758
1232.000253,540.080618,460.582002
1232.001072,540.080618,460.629987
1232.004435,540.080618,460.648664
1232.005748,540.080618,460.663162
1232.006747,540.080618,460.682675
1232.009675,540.080618,460.686438
1232.010850,540.080618,460.695554
1232.012280,540.080618,460.717045
1232.013456,540.080618,460.744307
1232.016426,540.080618,460.757202
1232.017534,540.080618,460.758845
1232.019229,540.080618,460.763666
1232.021006,540.080618,460.764189
1232.021513,540.080618,460.765309
1232.022609,540.080618,460.770384
1232.024364,540.080618,460.812946
1232.025346,540.080618,460.824770
1232.026884,540.080618,460.854525
1232.028645,540.080618,460.858013
1232.029316,540.080618,460.934685
1232.031027,540.080618,460.936565
1232.032600,540.080618,460.940440
1232.034648,540.080618,460.944789
1232.035602,540.080618,460.945062
1232.035996,540.080618,460.945782
1232.037830,540.080618,460.962482
1232.038614,540.080618,460.973152
1232.038916,540.080618,460.975251
1232.044339,540.080618,460.981024
1232.044701,540.080618,460.986528
1232.045576,540.080618,461.002008
1232.046165,540.080618,461.009581
1232.046987,540.080618,461.047115
1232.047493,540.080618,461.052512
1232.048086,540.080618,461.088136
1232.048662,540.080618,461.107970
1232.049580,540.080618,461.149746
1232.052184,540.080618,461.209397
1232.053777,540.080618,461.330723
1232.055773,540.080618,461.335619
1232.057159,540.080618,461.340133
1232.058042,540.080618,461.384482
1232.058388,540.080618,461.414034
1232.059563,540.080618,461.446771
1232.060901,540.080618,461.454037
1232.062757,540.080618,461.473730
1232.064510,540.080618,461.480862
1232.065437,540.080618,461.526496
1232.065750,540.080618,461.532979
1232.066970,540.080618,461.543867
1232.070413,540.080618,461.546989
1232.072131,540.080618,461.548728
1232.073710,540.080618,461.565242
1232.074023,540.080618,461.582290
1232.075557,540.080618,461.584482
1232.076153,540.080618,461.607067
1232.080162,540.080618,461.607517
1232.081217,540.080618,461.613613
1232.083047,540.080618,461.621688
1232.085170,540.080618,461.624062
1232.087310,540.080618,461.626170
1232.088105,540.080618,461.631981
1232.089097,540.080618,461.643960
1232.090808,540.080618,461.670976
1232.091168,540.080618,461.699107
1232.094929,540.080618,461.715830
1232.095650,540.080618,461.715902
1232.096064,540.080618,461.716099
1232.096699,540.080618,461.721992
1232.097887,540.080618,461.739443
1232.098755,540.080618,461.751811
1232.100171,540.080618,461.752315
1232.100692,540.080618,461.777888
1232.101748,540.080618,461.808595
1232.104851,540.080618,461.812595
1232.107681,540.080618,461.817730
1232.108433,540.080618,461.823507
1232.109866,540.080618,461.895538
1232.110985,540.080618,461.911925
1232.111983,540.080618,461.914749
1232.112544,540.080618,461.917322
1232.113417,540.080618,461.971805
1232.114350,540.080618,462.001829
1232.114937,540.080618,462.010328
1232.116404,540.080618,462.026437
1232.117034,540.080618,462.044197
1232.119231,540.080618,462.062832
1232.120078,540.080618,462.105971
1232.123050,540.080618,462.114075
1232.126053,540.080618,462.130710
1232.126962,540.080618,462.146306
1232.128988,540.080618,462.182413
1232.129495,540.080618,462.193933
1232.131136,540.080618,462.209202
1232.132158,540.080618,462.223277
1232.132726,540.080618,462.243021
1232.133713,540.080618,462.248770
1232.135115,540.080618,462.249938
1232.136587,540.080618,462.255469
1232.137378,540.080618,462.274069
1232.137752,540.080618,462.274086
1232.138723,540.080618,462.318701
1232.141976,540.080618,462.336226
1232.144341,540.080618,462.350064
1232.144864,540.080618,462.366011
1232.146664,540.080618,462.369730
1232.149325,540.080618,462.376050
1232.149902,540.080618,462.393072
1232.150192,540.080618,462.396587
1232.150509,540.080618,462.403555
1232.151363,540.080618,462.412198
1232.152079,540.080618,462.415875
1232.153847,540.080618,462.422731
1232.154751,540.080618,462.428589
1232.155751,540.080618,462.477288
1232.156764,540.080618,462.493152
1232.156987,540.080618,462.495675
1232.160350,540.080618,462.499328
1232.161194,540.080618,462.500674
1232.162888,540.080618,462.511155
1232.164416,540.080618,462.518930
1232.165093,540.080618,462.541392
1232.165625,540.080618,462.541811
1232.167207,540.080618,462.557981
1232.167923,540.080618,462.571106
1232.169598,540.080618,462.575938
1232.172947,540.080618,462.633315
1232.174707,540.080618,462.633491
1232.177539,540.080618,462.639008
1232.177805,540.080618,462.646075
1232.178921,540.080618,462.651875
1232.180726,540.080618,462.667686
1232.181057,540.080618,462.668214
1232.182199,540.080618,462.696651
1232.182716,540.080618,462.715949
1232.183075,540.080618,462.716802
1232.185874,540.080618,462.719795
1232.187635,540.080618,462.741718
1232.189897,540.080618,462.750120
1232.190480,540.080618,462.754645
1232.191440,540.080618,462.768038
1232.192248,540.080618,462.769069
1232.192783,540.080618,462.778867
1232.199298,540.080618,462.813555
1232.207839,540.080618,462.825922
1232.211459,540.080618,462.835186
1232.212321,540.080618,462.842189
1232.213349,540.080618,462.889014
1232.213789,540.080618,462.897685
1232.214886,540.080618,462.898995
1232.217526,540.080618,462.901520
1232.218437,540.080618,462.922642
1232.219516,540.080618,462.927483
1232.220576,540.080618,462.949427
1232.222181,540.080618,462.951720
1232.226923,540.080618,462.963338
1232.227369,540.080618,462.988008
1232.229362,540.080618,463.001928
1232.231159,540.080618,463.032173
1232.232949,540.080618,463.034667
1232.233270,540.080618,463.073525
1232.235737,540.080618,463.079280
1232.238081,540.080618,463.096165
1232.238495,540.080618,463.097234
1232.239283,540.080618,463.097571
1232.240197,540.080618,463.109763
1232.241081,540.080618,463.122450
1232.241343,540.080618,463.141445
1232.242394,540.080618,463.161805
1232.244067,540.080618,463.176946
1232.244715,540.080618,463.194925
1232.245621,540.080618,463.196480
1232.247493,540.080618,463.211350
1232.249474,540.080618,463.214301
1232.250282,540.080618,463.255915
1232.251296,540.080618,463.256803
1232.252189,540.080618,463.265827
1232.255445,540.080618,463.278757
1232.256367,540.080618,463.306944
1232.256688,540.080618,463.313106
1232.258455,540.080618,463.342835
1232.259607,540.080618,463.372184
1232.261162,540.080618,463.412240
1232.262737,540.080618,463.413533
1232.263699,540.080618,463.425696
1232.265058,540.080618,463.430034
1232.266031,540.080618,463.454818
1232.267404,540.080618,463.504322
1232.268331,540.080618,463.529088
1232.268898,540.080618,463.547974
1232.269464,540.080618,463.548118
1232.271177,540.080618,463.569336
1232.271412,540.080618,463.608518
1232.272194,540.080618,463.635731
1232.273164,540.080618,463.642325
1232.274138,540.080618,463.646909
1232.274512,540.080618,463.654750
1232.275050,540.080618,463.670275
1232.276609,540.080618,463.694918
1232.277436,540.080618,463.704326
1232.277779,540.080618,463.711398
1232.278801,540.080618,463.722808
1232.281628,540.080618,463.755677
1232.283345,540.080618,463.788891
1232.283723,540.080618,463.792230
1232.284328,540.080618,463.806379
1232.284774,540.080618,463.850675
1232.285601,540.080618,463.861099
1232.286522,540.080618,463.888306
1232.289657,540.080618,463.913766
1232.290252,540.080618,463.917277
1232.290827,540.080618,463.945555
1232.291357,540.080618,463.947595
1232.292245,540.080618,463.964419
1232.295113,540.080618,463.965299
1232.296110,540.080618,463.974250
1232.297867,540.080618,464.007794
1232.298709,540.080618,464.008483
1232.299663,540.080618,464.021640
1232.300160,540.080618,464.025994
1232.301661,540.080618,464.029635
1232.304969,540.080618,464.033155
1232.306192,540.080618,464.065546
1232.308033,540.080618,464.150272
1232.308953,540.080618,464.150717
1232.312154,540.080618,464.160795
1232.312599,540.080618,464.178398
1232.313454,540.080618,464.190166
1232.316378,540.080618,464.197499
1232.316831,540.080618,464.199608
1232.317872,540.080618,464.210472
1232.318628,540.080618,464.230515
1232.319797,540.080618,464.252322
1232.320456,540.080618,464.272248
1232.322308,540.080618,464.277690
1232.323992,540.080618,464.286384
1232.324899,540.080618,464.311149
1232.326666,540.080618,464.324501
1232.327157,540.080618,464.325410
1232.330396,540.080618,464.335731
1232.331878,540.080618,464.351710
1232.332272,540.080618,464.359992
1232.334223,540.080618,464.386637
1232.334906,540.080618,464.390022
1232.336438,540.080618,464.391245
1232.337376,540.080618,464.460310
1232.339158,540.080618,464.498707
1232.340006,540.080618,464.567859
1232.342992,540.080618,464.582091
1232.344796,540.080618,464.585491
1232.351495,540.080618,464.598819
1232.352167,540.080618,464.606656
1232.352575,540.080618,464.621043
1232.354071,540.080618,464.680179
1232.359095,540.080618,464.687667
1232.360594,540.080618,464.728032
1232.361516,540.080618,464.751042
1232.363483,540.080618,464.757602
1232.364509,540.080618,464.792146
1232.366487,540.080618,464.808288
1232.368213,540.080618,464.809442
1232.370317,540.080618,464.811611
1232.373237,540.080618,464.813803
1232.373541,540.080618,464.822096
1232.374343,540.080618,464.903291
1232.375319,540.080618,464.905885
1232.375673,540.080618,464.906307
1232.377118,540.080618,464.907909
1232.377482,540.080618,464.960797
1232.379517,540.080618,464.972290
1232.381285,540.080618,465.030723
1232.383083,540.080618,465.033350
1232.384022,540.080618,465.039000
1232.384819,540.080618,465.048237
1232.385878,540.080618,465.063547
1232.387635,540.080618,465.067259
1232.391567,540.080618,465.070627
1232.394292,540.080618,465.074722
1232.395193,540.080618,465.076461
1232.395933,540.080618,465.078418
1232.396502,540.080618,465.124160
1232.397805,540.080618,465.133906
1232.400621,540.080618,465.136838
1232.401715,540.080618,465.171462
1232.402432,540.080618,465.176235
1232.404012,540.080618,465.183894
1232.405477,540.080618,465.215379
1232.405831,540.080618,465.234162
1232.407549,540.080618,465.239890
1232.408442,540.080618,465.265331
1232.410846,540.080618,465.278274
1232.411453,540.080618,465.287557
1232.411964,540.080618,465.291549
1232.413685,540.080618,465.341330
1232.415431,540.080618,465.392755
1232.418090,540.080618,465.412987
1232.419569,540.080618,465.528243
1232.420532,540.080618,465.530950
1232.421329,540.080618,465.549720
1232.422601,540.080618,465.558706
1232.423573,540.080618,465.616773
1232.424147,540.080618,465.636290
1232.425391,540.080618,465.652274
1232.425744,540.080618,465.679637
1232.427360,540.080618,465.689606
1232.427773,540.080618,465.704402
1232.429376,540.080618,465.710360
1232.430896,540.080618,465.715256
1232.432192,540.080618,465.719987
1232.435564,540.080618,465.743293
1232.437335,540.080618,465.744493
1232.440654,540.080618,465.766555
1232.443844,540.080618,465.804339
1232.445989,540.080618,465.810899
1232.449117,540.080618,465.819811
1232.450549,540.080618,465.827714
1232.451072,540.080618,465.873891
1232.452895,540.080618,465.874291
1232.454455,540.080618,465.883859
1232.456200,540.080618,465.894517
1232.457201,540.080618,465.898675
1232.458599,540.080618,465.898781
1232.459430,540.080618,465.903883
1232.459927,540.080618,465.906163
1232.462741,540.080618,465.924723
1232.465161,540.080618,465.929427
1232.466639,540.080618,465.962000
1232.468246,540.080618,465.962437
1232.469247,540.080618,465.982797
1232.470863,540.080618,465.987154
1232.471840,540.080618,466.014363
1232.473356,540.080618,466.014978
1232.474927,540.080618,466.017472
1232.476803,540.080618,466.022131
1232.478946,540.080618,466.022267
1232.479178,540.080618,466.022642
1232.479990,540.080618,466.061688
1232.480356,540.080618,466.071725
1232.481027,540.080618,466.092755
1232.486321,540.080618,466.108811
1232.486852,540.080618,466.131448
1232.488327,540.080618,466.133363
1232.489787,540.080618,466.165088
1232.490320,540.080618,466.184960
1232.491597,540.080618,466.190067
1232.492866,540.080618,466.216144
1232.494062,540.080618,466.226624
1232.494535,540.080618,466.269634
1232.495153,540.080618,466.275174
1232.496257,540.080618,466.292611
1232.498824,540.080618,466.314701
1232.501841,540.080618,466.337037
1232.502732,540.080618,466.371947
1232.504758,540.080618,466.389538
1232.506831,540.080618,466.408120
1232.507720,540.080618,466.414014
1232.508267,540.080618,466.422811
1232.509091,540.080618,466.433443
1232.509863,540.080618,466.454182
1232.510555,540.080618,466.469851
1232.511972,540.080618,466.482072
1232.514662,540.080618,466.482800
1232.516451,540.080618,466.486427
1232.516824,540.080618,466.491922
1232.517425,540.080618,466.496262
1232.519212,540.080618,466.497379
1232.520019,540.080618,466.503851
1232.520397,540.080618,466.516688
1232.520735,540.080618,466.524136
1232.521303,540.080618,466.531654
1232.521604,540.080618,466.551494
1232.522205,540.080618,466.555795
1232.523852,540.080618,466.562195
1232.526673,540.080618,466.583315
1232.527224,540.080618,466.585085
1232.527839,540.080618,466.619773
1232.529350,540.080618,466.634237
1232.529863,540.080618,466.648928
1232.530972,540.080618,466.651814
1232.532181,540.080618,466.682091
1232.533071,540.080618,466.691482
1232.533278,540.080618,466.696301
1232.536670,540.080618,466.716757
1232.537583,540.080618,466.724563
1232.538519,540.080618,466.738269
1232.539068,540.080618,466.747458
1232.540213,540.080618,466.749331
1232.542862,540.080618,466.761320
1232.543710,540.080618,466.768285
1232.545291,540.080618,466.769267
1232.548431,540.080618,466.772070
1232.549429,540.080618,466.820354
1232.552235,540.080618,466.824810
1232.554021,540.080618,466.835170
1232.560752,540.080618,466.893056
1232.560997,540.080618,466.902381
1232.562950,540.080618,466.908694
1232.563672,540.080618,466.932722
1232.565453,540.080618,466.947891
1232.566726,540.080618,466.950490
1232.567481,540.080618,466.962478
1232.567904,540.080618,466.971883
1232.568521,540.080618,467.001790
1232.569459,540.080618,467.021371
1232.569781,540.080618,467.031512
1232.571697,540.080618,467.044742
1232.572705,540.080618,467.046858
1232.573277,540.080618,467.073314
1232.573914,540.080618,467.082328
1232.574964,540.080618,467.090131
1232.576524,540.080618,467.091531
1232.576731,540.080618,467.094995
1232.578037,540.080618,467.107035
1232.579112,540.080618,467.138317
1232.581985,540.080618,467.147971
1232.582739,540.080618,467.149938
1232.583637,540.080618,467.164317
1232.584711,540.080618,467.177840
1232.585301,540.080618,467.214822
1232.586170,540.080618,467.270682
1232.586492,540.080618,467.310466
1232.588364,540.080618,467.356787
1232.591662,540.080618,467.372315
1232.594953,540.080618,467.372765
1232.595821,540.080618,467.385203
1232.597278,540.080618,467.385456
1232.597506,540.080618,467.403083
1232.599086,540.080618,467.436851
1232.599934,540.080618,467.455970
1232.601821,540.080618,467.477208
1232.602746,540.080618,467.515075
1232.608178,540.080618,467.544040
1232.609831,540.080618,467.570147
1232.611559,540.080618,467.572851
1232.613329,540.080618,467.577382
1232.616272,540.080618,467.590003
1232.617121,540.080618,467.614195
1232.619348,540.080618,467.629794
1232.627871,540.080618,467.632173
1232.628917,540.080618,467.658272
1232.632278,540.080618,467.667323
1232.633731,540.080618,467.688560
1232.634619,540.080618,467.707954
1232.635377,540.080618,467.728259
1232.636964,540.080618,467.736886
1232.637232,540.080618,467.740509
1232.637983,540.080618,467.757829
1232.638199,540.080618,467.758347
1232.638750,540.080618,467.764795
1232.642744,540.080618,467.824211
1232.644908,540.080618,467.839184
1232.648134,540.080618,467.848674
1232.648706,540.080618,467.859480
1232.650127,540.080618,467.881430
1232.651658,540.080618,467.890163
1232.653041,540.080618,467.922109
1232.655301,540.080618,467.923365
1232.655865,540.080618,467.961186
1232.657378,540.080618,467.963866
1232.658677,540.080618,467.974562
1232.659602,540.080618,467.988947
1232.661335,540.080618,467.998565
1232.661685,540.080618,468.026526
1232.663557,540.080618,468.030963
1232.669692,540.080618,468.032149
1232.670256,540.080618,468.049912
1232.671970,540.080618,468.052045
1232.673511,540.080618,468.056405
1232.674519,540.080618,468.129557
1232.677918,540.080618,468.135355
1232.680967,540.080618,468.161770
1232.682961,540.080618,468.171494
1232.683771,540.080618,468.171867
1232.684411,540.080618,468.174875
1232.686195,540.080618,468.201744
1232.686495,540.080618,468.262675
1232.689352,540.080618,468.267510
1232.691441,540.080618,468.289058
1232.692389,540.080618,468.290214
1232.693139,540.080618,468.314922
1232.695188,540.080618,468.329986
1232.695714,540.080618,468.340280
1232.701668,540.080618,468.346918
1232.702258,540.080618,468.347648
1232.702483,540.080618,468.349730
1232.703475,540.080618,468.380331
1232.703691,540.080618,468.386782
1232.703990,540.080618,468.412792
1232.705234,540.080618,468.415346
1232.705850,540.080618,468.448870
1232.706212,540.080618,468.457403
1232.707021,540.080618,468.460493
1232.707711,540.080618,468.465746
1232.708199,540.080618,468.466328
1232.710022,540.080618,468.501875
1232.711774,540.080618,468.508435
1232.714361,540.080618,468.510835
1232.715539,540.080618,468.516539
1232.718251,540.080618,468.524027
1232.719102,540.080618,468.581395
1232.720855,540.080618,468.604720
1232.722326,540.080618,468.626954
1232.722904,540.080618,468.633155
1232.724558,540.080618,468.654475
1232.724775,540.080618,468.672277
1232.726738,540.080618,468.688347
1232.729194,540.080618,468.706760
1232.729793,540.080618,468.732966
1232.730380,540.080618,468.739890
1232.731020,540.080618,468.745312
1232.731532,540.080618,468.757282
1232.731970,540.080618,468.768363
1232.732385,540.080618,468.805037
1232.733168,540.080618,468.805456
1232.733459,540.080618,468.807411
1232.734295,540.080618,468.822160
1232.736739,540.080618,468.835355
1232.738264,540.080618,468.843069
1232.738984,540.080618,468.845090
1232.739770,540.080618,468.868075
1232.740330,540.080618,468.881794
1232.740971,540.080618,468.882274
1232.741434,540.080618,468.891510
1232.742548,540.080618,468.896368
1232.744254,540.080618,468.898742
1232.745955,540.080618,468.909035
1232.747369,540.080618,468.944734
1232.748763,540.080618,468.949331
1232.750056,540.080618,468.955683
1232.753420,540.080618,468.963586
1232.754492,540.080618,468.974304
1232.757931,540.080618,468.989650
1232.761737,540.080618,469.012237
1232.764710,540.080618,469.040112
1232.765262,540.080618,469.041394
1232.768427,540.080618,469.054582
1232.774894,540.080618,469.065293
1232.775742,540.080618,469.068594
1232.776882,540.080618,469.096411
1232.777254,540.080618,469.103638
1232.780598,540.080618,469.118384
1232.781613,540.080618,469.131211
1232.782883,540.080618,469.137171
1232.785823,540.080618,469.146797
1232.786342,540.080618,469.156011
1232.787094,540.080618,469.158645
1232.788580,540.080618,469.162520
1232.790326,540.080618,469.163248
1232.792192,540.080618,469.166470
1232.793043,540.080618,469.175832
1232.794803,540.080618,469.177667
1232.795538,540.080618,469.193798
1232.797302,540.080618,469.203744
1232.797881,540.080618,469.212914
1232.798622,540.080618,469.214224
1232.798973,540.080618,469.229115
1232.800472,540.080618,469.243803
1232.801162,540.080618,469.246110
1232.802185,540.080618,469.256643
1232.802937,540.080618,469.265826
1232.804737,540.080618,469.267885
1232.808137,540.080618,469.275219
1232.811104,540.080618,469.290918
1232.811393,540.080618,469.304726
1232.812962,540.080618,469.334307
1232.814490,540.080618,469.358290
1232.814798,540.080618,469.387155
1232.816611,540.080618,469.388755
1232.819155,540.080618,469.401046
1232.820785,540.080618,469.423238
1232.821367,540.080618,469.432552
1232.822018,540.080618,469.445648
1232.822912,540.080618,469.448658
1232.823839,540.080618,469.470400
1232.825285,540.080618,469.476600
1232.825691,540.080618,469.502554
1232.826553,540.080618,469.510306
1232.827592,540.080618,469.511043
1232.828511,540.080618,469.528291
1232.829868,540.080618,469.528531
1232.833180,540.080618,469.568222
1232.833682,540.080618,469.584035
1232.835107,540.080618,469.590347
1232.835374,540.080618,469.590592
1232.835603,540.080618,469.597250
1232.841827,540.080618,469.601666
1232.842718,540.080618,469.609718
1232.843357,540.080618,469.613613
1232.844931,540.080618,469.637720
1232.845517,540.080618,469.639915
1232.846496,540.080618,469.645296
1232.847480,540.080618,469.697485
1232.848798,540.080618,469.702840
1232.849553,540.080618,469.707155
1232.850764,540.080618,469.741510
1232.851192,540.080618,469.749285
1232.851547,540.080618,469.770355
1232.854477,540.080618,469.794784
1232.855007,540.080618,469.807954
1232.856632,540.080618,469.833045
1232.860209,540.080618,469.833085
1232.860978,540.080618,469.842312
1232.861473,540.080618,469.847720
1232.862417,540.080618,469.849395
1232.863900,540.080618,469.880656
1232.864140,540.080618,469.884520
1232.864669,540.080618,469.917595
1232.865307,540.080618,469.929115
1232.868347,540.080618,469.938342
1232.869381,540.080618,469.942586
1232.870214,540.080618,469.959483
1232.870651,540.080618,469.971650
1232.872267,540.080618,469.976245
1232.872899,540.080618,469.983731
1232.874955,540.080618,470.000016
1232.877023,540.080618,470.018045
1232.877866,540.080618,470.037235
1232.881246,540.080618,470.077731
1232.882154,540.080618,470.082659
1232.883626,540.080618,470.096515
1232.885296,540.080618,470.113402
1232.885934,540.080618,470.122930
1232.887736,540.080618,470.144957
1232.894631,540.080618,470.153506
1232.896435,540.080618,470.173037
1232.899341,540.080618,470.189742
1232.900659,540.080618,470.193885
1232.901502,540.080618,470.195765
1232.902311,540.080618,470.196638
1232.903142,540.080618,470.199640
1232.904082,540.080618,470.223267
1232.904908,540.080618,470.226957
1232.905684,540.080618,470.230918
1232.907022,540.080618,470.262947
1232.908307,540.080618,470.266277
1232.910105,540.080618,470.267683
1232.911852,540.080618,470.289024
1232.912838,540.080618,470.291931
1232.914182,540.080618,470.318957
1232.919461,540.080618,470.327832
1232.920326,540.080618,470.330544
1232.920891,540.080618,470.344387
1232.923220,540.080618,470.366614
1232.923973,540.080618,470.392477
1232.924372,540.080618,470.392557
1232.925140,540.080618,470.396182
1232.925722,540.080618,470.408946
1232.926922,540.080618,470.428387
1232.930098,540.080618,470.453165
1232.931138,540.080618,470.454515
1232.937621,540.080618,470.476155
1232.940657,540.080618,470.496150
1232.940972,540.080618,470.497547
1232.941369,540.080618,470.513000
1232.942989,540.080618,470.528946
1232.943741,540.080618,470.542189
1232.944796,540.080618,470.544843
1232.945643,540.080618,470.551806
1232.946065,540.080618,470.583475
1232.947674,540.080618,470.587750
1232.948672,540.080618,470.591283
1232.950314,540.080618,470.605627
1232.952215,540.080618,470.613683
1232.954068,540.080618,470.670955
1232.954572,540.080618,470.781130
1232.957918,540.080618,470.809403
1232.959643,540.080618,470.842683
1232.961510,540.080618,470.848083
1232.968161,540.080618,470.856435
1232.968634,540.080618,470.867795
1232.969882,540.080618,470.869030
1232.970695,540.080618,470.874275
1232.973880,540.080618,470.896371
1232.979602,540.080618,470.923710
1232.980061,540.080618,470.929427
1232.981325,540.080618,470.930595
1232.982674,540.080618,470.931131
1232.983300,540.080618,470.942322
1232.983852,540.080618,470.944960
1232.984197,540.080618,470.960211
1232.986840,540.080618,470.967202
1232.987944,540.080618,471.026774
1232.989750,540.080618,471.039645
1232.990613,540.080618,471.051587
1232.992117,540.080618,471.136808
1232.995466,540.080618,471.137514
1232.997185,540.080618,471.166144
1232.997426,540.080618,471.166762
1232.997744,540.080618,471.189078
1232.999411,540.080618,471.190594
1233.001419,540.080618,471.206875
1233.001932,540.080618,471.219042
1233.005341,540.080618,471.221563
1233.006187,540.080618,471.225654
1233.008106,540.080618,471.227872
1233.008645,540.080618,471.251763
1233.010064,540.080618,471.252742
1233.010336,540.080618,471.267291
1233.011168,540.080618,471.279237
1233.011580,540.080618,471.285637
1233.011942,540.080618,471.301360
1233.013813,540.080618,471.312336
1233.014426,540.080618,471.322259
1233.017731,540.080618,471.340226
1233.019336,540.080618,471.369571
1233.019748,540.080618,471.372851
1233.020551,540.080618,471.391650
1233.021019,540.080618,471.397459
1233.023544,540.080618,471.401117
1233.027096,540.080618,471.423536
1233.028740,540.080618,471.423549
1233.029319,540.080618,471.433187
1233.030750,540.080618,471.436886
1233.031954,540.080618,471.485251
1233.035225,540.080618,471.490558
1233.036987,540.080618,471.509138
1233.037730,540.080618,471.515843
1233.038445,540.080618,471.517954
1233.040373,540.080618,471.567554
1233.041946,540.080618,471.589480
1233.042517,540.080618,471.639157
1233.043436,540.080618,471.647917
1233.043938,540.080618,471.650000
1233.044322,540.080618,471.675075
1233.045073,540.080618,471.700699
1233.045812,540.080618,471.705664
1233.046352,540.080618,471.712502
1233.047368,540.080618,471.715059
1233.052844,540.080618,471.735520
1233.053675,540.080618,471.737648
1233.054172,540.080618,471.761090
1233.056771,540.080618,471.776675
1233.059981,540.080618,471.789602
1233.061719,540.080618,471.792187
1233.064593,540.080618,471.792637
1233.065186,540.080618,471.793587
1233.067174,540.080618,471.797478
1233.067868,540.080618,471.814496
1233.068367,540.080618,471.838763
1233.069457,540.080618,471.855675
1233.069891,540.080618,471.864216
1233.070448,540.080618,471.875125
1233.070888,540.080618,471.878451
1233.071274,540.080618,471.892515
1233.072164,540.080618,471.929475
1233.073054,540.080618,471.935096
1233.074806,540.080618,471.936931
1233.075522,540.080618,471.940909
1233.077246,540.080618,471.943283
1233.079725,540.080618,471.949784
1233.081293,540.080618,471.957019
1233.083649,540.080618,471.965421
1233.087109,540.080618,471.980834
1233.088992,540.080618,471.993715
1233.090483,540.080618,471.997491
1233.091381,540.080618,472.023475
1233.094363,540.080618,472.031843
1233.095988,540.080618,472.035386
1233.096517,540.080618,472.072755
1233.097197,540.080618,472.086291
1233.099616,540.080618,472.138910
1233.100177,540.080618,472.144326
1233.101015,540.080618,472.158866
1233.102046,540.080618,472.162803
1233.102997,540.080618,472.179282
1233.103363,540.080618,472.181288
1233.106577,540.080618,472.194357
1233.108029,540.080618,472.260189
1233.108607,540.080618,472.265758
1233.109115,540.080618,472.287555
1233.110432,540.080618,472.291091
1233.111831,540.080618,472.291373
1233.112752,540.080618,472.297523
1233.115787,540.080618,472.301123
1233.116652,540.080618,472.301405
1233.117243,540.080618,472.321234
1233.117641,540.080618,472.331426
1233.118708,540.080618,472.332725
1233.119291,540.080618,472.349846
1233.120155,540.080618,472.359274
1233.123712,540.080618,472.362395
1233.125597,540.080618,472.373718
1233.126082,540.080618,472.374763
1233.127521,540.080618,472.377125
1233.128584,540.080618,472.448640
1233.132586,540.080618,472.465810
1233.133898,540.080618,472.496811
1233.134853,540.080618,472.500774
1233.135334,540.080618,472.506082
1233.135721,540.080618,472.521090
1233.137100,540.080618,472.521346
1233.137800,540.080618,472.522514
1233.138500,540.080618,472.540405
1233.139000,540.080618,472.554850
1233.139950,540.080618,472.558091
1233.140289,540.080618,472.574589
1233.140582,540.080618,472.578192
1233.140765,540.080618,472.592349
1233.141410,540.080618,472.602541
1233.142954,540.080618,472.603008
1233.143466,540.080618,472.604232
1233.144051,540.080618,472.643506
1233.145372,540.080618,472.646774
1233.147259,540.080618,472.654907
1233.148869,540.080618,472.661686
1233.149826,540.080618,472.681267
1233.151749,540.080618,472.690035
1233.154673,540.080618,472.697606
1233.155733,540.080618,472.703770
1233.156610,540.080618,472.713414
1233.157575,540.080618,472.717165
1233.160435,540.080618,472.721470
1233.161037,540.080618,472.732728
1233.162055,540.080618,472.756226
1233.162910,540.080618,472.780195
1233.164378,540.080618,472.785046
1233.166559,540.080618,472.835320
1233.167627,540.080618,472.836995
1233.168516,540.080618,472.847085
1233.170124,540.080618,472.901922
1233.171470,540.080618,472.926838
1233.172558,540.080618,472.934394
1233.173285,540.080618,472.984902
1233.174418,540.080618,472.989378
1233.175756,540.080618,473.011042
1233.177481,540.080618,473.014877
1233.178238,540.080618,473.052077
1233.179967,540.080618,473.076096
1233.180465,540.080618,473.089298
1233.180965,540.080618,473.112603
1233.181506,540.080618,473.136840
1233.184599,540.080618,473.138086
1233.185095,540.080618,473.151250
1233.186971,540.080618,473.159306
1233.187231,540.080618,473.160637
1233.188916,540.080618,473.173128
1233.189833,540.080618,473.189763
1233.190384,540.080618,473.192187
1233.194633,540.080618,473.203797
1233.196862,540.080618,473.208246
1233.198453,540.080618,473.217803
1233.200052,540.080618,473.225115
1233.201424,540.080618,473.249342
1233.201956,540.080618,473.251042
1233.203741,540.080618,473.266994
1233.204198,540.080618,473.270317
1233.205106,540.080618,473.275277
1233.205941,540.080618,473.303515
1233.206175,540.080618,473.305595
1233.207814,540.080618,473.313402
1233.208267,540.080618,473.340902
1233.210077,540.080618,473.364891
1233.211930,540.080618,473.370195
1233.212460,540.080618,473.387347
1233.213169,540.080618,473.394870
1233.215439,540.080618,473.419995
1233.215762,540.080618,473.440758
1233.216745,540.080618,473.472803
1233.218379,540.080618,473.477243
1233.220219,540.080618,473.485496
1233.220799,540.080618,473.498226
1233.221718,540.080618,473.514797
1233.222327,540.080618,473.536565
1233.223288,540.080618,473.539427
1233.225171,540.080618,473.544882
1233.225663,540.080618,473.569866
1233.226097,540.080618,473.583949
1233.226944,540.080618,473.606715
1233.228592,540.080618,473.617877
1233.229108,540.080618,473.618197
1233.229888,540.080618,473.618973
1233.232331,540.080618,473.632896
1233.234272,540.080618,473.652947
1233.235823,540.080618,473.679024
1233.236895,540.080618,473.679192
1233.237491,540.080618,473.689859
1233.238781,540.080618,473.702275
1233.240232,540.080618,473.714130
1233.240823,540.080618,473.714208
1233.241155,540.080618,473.763456
1233.241463,540.080618,473.805355
1233.242400,540.080618,473.841291
1233.243251,540.080618,473.855395
1233.244023,540.080618,473.858434
1233.245793,540.080618,473.887219
1233.246859,540.080618,473.896518
1233.247513,540.080618,473.900395
1233.248344,540.080618,473.907928
1233.249628,540.080618,473.959942
1233.250167,540.080618,474.003571
1233.253050,540.080618,474.011027
1233.254460,540.080618,474.015392
1233.254820,540.080618,474.084034
1233.256942,540.080618,474.099490
1233.258538,540.080618,474.116568
1233.260087,540.080618,474.119674
1233.262002,540.080618,474.178194
1233.263177,540.080618,474.184080
1233.264263,540.080618,474.187590
1233.265957,540.080618,474.239363
1233.266858,540.080618,474.244515
1233.270168,540.080618,474.252485
1233.270736,540.080618,474.254040
1233.272306,540.080618,474.283474
1233.273144,540.080618,474.307520
1233.274100,540.080618,474.316947
1233.275243,540.080618,474.322390
1233.276231,540.080618,474.327046
1233.276771,540.080618,474.335837
1233.278346,540.080618,474.355936
1233.278714,540.080618,474.360451
1233.279639,540.080618,474.383965
1233.280613,540.080618,474.384728
1233.281195,540.080618,474.385059
1233.282630,540.080618,474.395592
1233.283034,540.080618,474.411136
1233.284281,540.080618,474.458342
1233.286461,540.080618,474.459963
1233.287207,540.080618,474.473290
1233.289230,540.080618,474.508219
1233.292643,540.080618,474.522802
1233.293504,540.080618,474.534493
1233.295977,540.080618,474.568331
1233.296348,540.080618,474.576493
1233.297202,540.080618,474.580477
1233.299092,540.080618,474.581226
1233.299622,540.080618,474.589987
1233.301335,540.080618,474.637715
1233.301744,540.080618,474.644994
1233.303682,540.080618,474.645430
1233.304585,540.080618,474.647320
1233.306105,540.080618,474.663938
1233.307974,540.080618,474.665139
1233.310427,540.080618,474.672050
1233.311070,540.080618,474.688739
1233.311958,540.080618,474.697363
1233.314898,540.080618,474.714171
1233.315473,540.080618,474.748690
1233.316860,540.080618,474.749062
1233.317738,540.080618,474.752979
1233.319088,540.080618,474.764275
1233.320877,540.080618,474.799490
1233.323909,540.080618,474.803131
1233.327347,540.080618,474.806253
1233.329144,540.080618,474.832576
1233.329481,540.080618,474.850515
1233.332560,540.080618,474.862725
1233.332887,540.080618,474.905474
1233.333459,540.080618,474.927062
1233.336135,540.080618,474.928509
1233.337145,540.080618,474.938837
1233.337973,540.080618,474.940819
1233.341162,540.080618,474.950291
1233.341855,540.080618,474.999346
1233.343440,540.080618,475.011075
1233.345068,540.080618,475.113517
1233.345990,540.080618,475.117291
1233.346764,540.080618,475.133091
1233.347546,540.080618,475.139635
1233.351263,540.080618,475.142226
1233.351661,540.080618,475.145917
1233.352666,540.080618,475.153717
1233.353247,540.080618,475.176586
1233.354182,540.080618,475.177696
1233.354679,540.080618,475.181563
1233.355077,540.080618,475.198117
1233.356085,540.080618,475.248773
1233.356645,540.080618,475.259915
1233.357686,540.080618,475.280354
1233.359110,540.080618,475.281778
1233.359838,540.080618,475.285123
1233.361915,540.080618,475.301206
1233.363386,540.080618,475.314114
1233.364305,540.080618,475.317803
1233.365237,540.080618,475.321958
1233.365865,540.080618,475.328891
1233.366750,540.080618,475.344310
1233.368490,540.080618,475.361179
1233.370954,540.080618,475.366358
1233.371588,540.080618,475.401306
1233.372352,540.080618,475.409144
1233.373115,540.080618,475.409157
1233.373735,540.080618,475.410592
1233.374220,540.080618,475.414117
1233.374741,540.080618,475.421560
1233.377095,540.080618,475.425224
1233.377677,540.080618,475.435541
1233.377934,540.080618,475.436450
1233.379509,540.080618,475.462986
1233.379736,540.080618,475.465421
1233.383382,540.080618,475.482541
1233.383914,540.080618,475.493013
1233.384684,540.080618,475.502285
1233.385731,540.080618,475.514925
1233.387541,540.080618,475.525432
1233.387841,540.080618,475.538818
1233.389560,540.080618,475.570738
1233.390031,540.080618,475.578954
1233.391730,540.080618,475.590608
1233.392080,540.080618,475.595490
1233.393868,540.080618,475.596237
1233.394363,540.080618,475.600973
1233.395005,540.080618,475.625442
1233.396622,540.080618,475.626608
1233.397000,540.080618,475.631147
1233.397655,540.080618,475.637502
1233.398596,540.080618,475.675139
1233.400216,540.080618,475.693035
1233.400956,540.080618,475.696531
1233.404056,540.080618,475.718040
1233.405091,540.080618,475.729091
1233.405447,540.080618,475.733386
1233.405636,540.080618,475.743826
1233.406139,540.080618,475.766120
1233.407670,540.080618,475.791219
1233.409898,540.080618,475.839072
1233.410395,540.080618,475.843435
1233.410893,540.080618,475.848562
1233.411390,540.080618,475.852872
1233.416106,540.080618,475.856133
1233.417026,540.080618,475.860008
1233.418066,540.080618,475.862082
1233.418957,540.080618,475.878973
1233.419706,540.080618,475.895480
1233.420449,540.080618,475.897350
1233.420900,540.080618,475.903477
1233.421261,540.080618,475.904496
1233.421570,540.080618,475.922651
1233.422942,540.080618,475.959251
1233.427998,540.080618,475.976978
1233.428811,540.080618,475.991123
1233.430339,540.080618,475.996019
1233.431646,540.080618,475.999507
1233.432233,540.080618,476.001051
1233.432477,540.080618,476.016954
1233.434027,540.080618,476.038795
1233.435819,540.080618,476.042379
1233.436690,540.080618,476.066595
1233.438303,540.080618,476.072643
1233.438773,540.080618,476.083086
1233.439236,540.080618,476.089003
1233.439521,540.080618,476.089030
1233.440379,540.080618,476.097222
1233.441914,540.080618,476.097747
1233.448622,540.080618,476.139216
1233.449008,540.080618,476.146611
1233.449686,540.080618,476.146803
1233.453164,540.080618,476.167040
1233.453502,540.080618,476.178299
1233.455139,540.080618,476.181906
1233.456065,540.080618,476.183032
1233.456604,540.080618,476.192760
1233.457341,540.080618,476.235707
1233.457691,540.080618,476.236963
1233.459475,540.080618,476.240002
1233.461182,540.080618,476.243821
1233.462633,540.080618,476.244946
1233.463392,540.080618,476.257997
1233.464303,540.080618,476.260266
1233.465159,540.080618,476.267917
1233.466156,540.080618,476.269011
1233.467674,540.080618,476.284240
1233.468684,540.080618,476.293931
1233.469022,540.080618,476.296045
1233.469402,540.080618,476.298235
1233.471194,540.080618,476.307714
1233.472053,540.080618,476.322920
1233.473954,540.080618,476.382470
1233.476508,540.080618,476.389336
1233.477194,540.080618,476.401075
1233.480227,540.080618,476.411744
1233.480550,540.080618,476.412211
1233.482048,540.080618,476.438288
1233.483061,540.080618,476.464051
1233.485658,540.080618,476.505971
1233.487043,540.080618,476.514581
1233.493633,540.080618,476.537011
1233.495375,540.080618,476.537755
1233.498592,540.080618,476.555938
1233.499761,540.080618,476.559899
1233.503485,540.080618,476.574658
1233.504566,540.080618,476.589131
1233.505387,540.080618,476.621909
1233.505883,540.080618,476.659091
1233.507867,540.080618,476.662283
1233.508724,540.080618,476.667192
1233.510091,540.080618,476.667920
1233.511081,540.080618,476.672086
1233.515086,540.080618,476.676461
1233.516008,540.080618,476.694830
1233.519736,540.080618,476.701808
1233.520036,540.080618,476.744834
1233.521667,540.080618,476.760368
1233.523733,540.080618,476.762835
1233.526599,540.080618,476.803240
1233.527474,540.080618,476.829106
1233.528445,540.080618,476.850763
1233.528685,540.080618,476.855533
1233.530338,540.080618,476.879158
1233.533638,540.080618,476.899906
1233.535867,540.080618,476.921570
1233.537577,540.080618,476.930694
1233.538188,540.080618,476.932578
1233.538772,540.080618,476.934451
1233.540074,540.080618,476.949888
1233.540890,540.080618,476.963590
1233.541241,540.080618,476.963765
1233.542389,540.080618,476.965730
1233.543168,540.080618,476.998627
1233.544026,540.080618,477.005474
1233.545431,540.080618,477.009821
1233.545911,540.080618,477.023970
1233.548196,540.080618,477.053472
1233.548567,540.080618,477.076549
1233.549009,540.080618,477.084514
1233.549728,540.080618,477.086270
1233.550084,540.080618,477.086310
1233.550579,540.080618,477.093459
1233.551025,540.080618,477.098194
1233.551598,540.080618,477.102323
1233.553143,540.080618,477.157003
1233.553508,540.080618,477.171699
1233.559422,540.080618,477.179643
1233.562237,540.080618,477.203795
1233.564871,540.080618,477.222475
1233.566220,540.080618,477.233762
1233.566750,540.080618,477.240432
1233.568483,540.080618,477.243955
1233.568965,540.080618,477.262758
1233.569459,540.080618,477.263795
1233.570807,540.080618,477.267058
1233.571706,540.080618,477.274029
1233.572573,540.080618,477.292155
1233.573158,540.080618,477.322123
1233.575290,540.080618,477.323437
1233.576237,540.080618,477.349251
1233.577770,540.080618,477.349437
1233.578368,540.080618,477.372787
1233.579214,540.080618,477.394899
1233.582128,540.080618,477.407446
1233.583875,540.080618,477.415402
1233.584349,540.080618,477.441587
1233.584591,540.080618,477.465000
1233.586288,540.080618,477.479691
1233.587154,540.080618,477.487398
1233.587674,540.080618,477.493042
1233.588280,540.080618,477.495586
1233.589109,540.080618,477.496754
1233.589966,540.080618,477.530886
1233.591818,540.080618,477.541907
1233.593435,540.080618,477.562395
1233.596901,540.080618,477.562451
1233.597468,540.080618,477.565517
1233.599278,540.080618,477.583042
1233.600330,540.080618,477.587042
1233.600798,540.080618,477.619718
1233.601555,540.080618,477.626096
1233.601797,540.080618,477.646030
1233.602242,540.080618,477.650509
1233.603220,540.080618,477.651066
1233.607227,540.080618,477.670307
1233.610524,540.080618,477.728360
1233.610923,540.080618,477.748128
1233.612913,540.080618,477.754626
1233.613408,540.080618,477.755267
1233.614180,540.080618,477.757971
1233.615045,540.080618,477.762502
1233.616104,540.080618,477.765755
1233.616496,540.080618,477.804192
1233.616860,540.080618,477.843392
1233.618544,540.080618,477.843906
1233.620210,540.080618,477.853787
1233.623934,540.080618,477.863920
1233.624670,540.080618,477.875232
1233.625112,540.080618,477.880307
1233.626647,540.080618,477.892355
1233.627371,540.080618,477.893022
1233.628896,540.080618,477.926117
1233.629335,540.080618,477.935850
1233.630227,540.080618,477.939035
1233.632062,540.080618,477.943467
1233.632464,540.080618,477.970019
1233.634249,540.080618,477.974290
1233.634648,540.080618,477.981539
1233.635202,540.080618,478.024304
1233.636846,540.080618,478.027563
1233.637133,540.080618,478.049024
1233.637694,540.080618,478.068666
1233.638659,540.080618,478.081360
1233.639533,540.080618,478.118320
1233.640431,540.080618,478.146755
1233.641390,540.080618,478.168408
1233.642119,540.080618,478.187571
1233.642810,540.080618,478.199802
1233.643894,540.080618,478.203934
1233.644377,540.080618,478.210022
1233.646162,540.080618,478.219006
1233.646740,540.080618,478.240515
1233.649805,540.080618,478.277907
1233.655581,540.080618,478.291877
1233.656201,540.080618,478.302997
1233.656787,540.080618,478.303984
1233.660243,540.080618,478.320475
1233.661696,540.080618,478.329891
1233.664694,540.080618,478.330675
1233.669701,540.080618,478.336077
1233.669966,540.080618,478.390411
1233.670614,540.080618,478.412915
1233.670992,540.080618,478.413280
1233.676006,540.080618,478.417845
1233.676749,540.080618,478.421720
1233.677631,540.080618,478.434403
1233.679211,540.080618,478.452630
1233.679839,540.080618,478.459043
1233.680792,540.080618,478.489968
1233.681629,540.080618,478.503090
1233.682142,540.080618,478.514011
1233.683500,540.080618,478.524470
1233.685032,540.080618,478.525400
1233.686694,540.080618,478.533723
1233.688290,540.080618,478.539285
1233.688664,540.080618,478.557830
1233.689818,540.080618,478.558955
1233.691513,540.080618,478.559936
1233.692362,540.080618,478.578298
1233.693133,540.080618,478.593507
1233.693885,540.080618,478.619000
1233.694739,540.080618,478.635850
1233.696602,540.080618,478.644811
1233.698488,540.080618,478.680667
1233.701036,540.080618,478.693555
1233.702336,540.080618,478.735800
1233.702576,540.080618,478.742728
1233.703600,540.080618,478.746936
1233.703953,540.080618,478.758771
1233.704514,540.080618,478.765238
1233.705966,540.080618,478.794758
1233.707419,540.080618,478.819278
1233.708333,540.080618,478.842350
1233.708796,540.080618,478.843848
1233.709245,540.080618,478.844702
1233.709601,540.080618,478.846739
1233.710366,540.080618,478.860866
1233.710784,540.080618,478.864576
1233.711033,540.080618,478.872130
1233.714009,540.080618,478.875835
1233.715587,540.080618,478.906106
1233.716585,540.080618,478.920662
1233.717581,540.080618,478.969624
1233.719114,540.080618,478.992691
1233.722288,540.080618,479.003757
1233.725709,540.080618,479.033149
1233.726511,540.080618,479.043502
1233.727309,540.080618,479.053195
1233.727618,540.080618,479.057490
1233.729242,540.080618,479.064285
1233.730920,540.080618,479.073410
1233.732324,540.080618,479.073651
1233.733584,540.080618,479.074453
1233.733922,540.080618,479.076630
1233.734459,540.080618,479.088162
1233.735349,540.080618,479.096906
1233.736167,540.080618,479.106920
1233.736657,540.080618,479.128326
1233.738083,540.080618,479.140803
1233.739605,540.080618,479.142003
1233.741012,540.080618,479.143912
1233.742823,540.080618,479.148706
1233.743379,540.080618,479.155843
1233.744895,540.080618,479.159424
1233.746383,540.080618,479.163147
1233.746881,540.080618,479.176357
1233.747136,540.080618,479.177971
1233.753354,540.080618,479.188411
1233.756568,540.080618,479.194624
1233.758462,540.080618,479.198440
1233.762236,540.080618,479.208990
1233.762610,540.080618,479.217325
1233.765277,540.080618,479.253714
1233.765965,540.080618,479.255067
1233.769272,540.080618,479.272810
1233.770170,540.080618,479.281531
1233.770422,540.080618,479.300029
1233.771325,540.080618,479.307835
1233.771767,540.080618,479.308146
1233.772773,540.080618,479.325429
1233.774599,540.080618,479.327312
1233.775806,540.080618,479.339854
1233.776585,540.080618,479.372602
1233.776966,540.080618,479.388675
1233.778773,540.080618,479.390712
1233.780420,540.080618,479.394104
1233.780970,540.080618,479.399344
1233.781179,540.080618,479.421368
1233.782903,540.080618,479.443179
1233.783164,540.080618,479.451651
1233.784688,540.080618,479.455838
1233.785165,540.080618,479.456595
1233.786896,540.080618,479.504098
1233.788399,540.080618,479.525477
1233.789360,540.080618,479.551131
1233.790084,540.080618,479.551702
1233.791608,540.080618,479.566307
1233.793222,540.080618,479.566707
1233.794693,540.080618,479.594893
1233.795293,540.080618,479.617672
1233.795692,540.080618,479.627579
1233.796904,540.080618,479.629704
1233.797274,540.080618,479.669387
1233.797766,540.080618,479.673278
1233.798295,540.080618,479.697794
1233.798795,540.080618,479.707126
1233.799823,540.080618,479.715362
1233.800677,540.080618,479.716981
1233.801046,540.080618,479.735606
1233.802299,540.080618,479.747877
1233.803364,540.080618,479.750515
1233.804054,540.080618,479.762166
1233.804886,540.080618,479.795611
1233.807675,540.080618,479.844248
1233.808856,540.080618,479.846749
1233.809778,540.080618,479.887960
1233.810201,540.080618,479.891880
1233.810778,540.080618,479.900834
1233.814335,540.080618,479.952578
1233.817438,540.080618,479.961331
1233.818778,540.080618,479.967805
1233.819442,540.080618,479.972765
1233.820031,540.080618,480.003083
1233.820985,540.080618,480.011570
1233.823494,540.080618,480.018165
1233.825213,540.080618,480.027432
1233.825487,540.080618,480.054754
1233.825955,540.080618,480.059261
1233.826469,540.080618,480.067635
1233.827378,540.080618,480.072480
1233.828151,540.080618,480.089923
1233.829008,540.080618,480.100690
1233.830905,540.080618,480.141779
1233.832427,540.080618,480.146438
1233.832904,540.080618,480.171992
1233.833366,540.080618,480.182910
1233.833638,540.080618,480.189795
1233.834297,540.080618,480.191986
1233.836158,540.080618,480.200323
1233.837673,540.080618,480.202914
1233.839325,540.080618,480.219106
1233.840320,540.080618,480.247442
1233.840889,540.080618,480.248211
1233.842270,540.080618,480.255526
1233.843016,540.080618,480.272854
1233.846399,540.080618,480.274288
1233.847269,540.080618,480.278178
1233.849162,540.080618,480.290150
1233.850999,540.080618,480.308050
1233.851950,540.080618,480.310787
1233.852671,540.080618,480.342656
1233.852935,540.080618,480.355810
1233.853396,540.080618,480.358157
1233.854796,540.080618,480.366811
1233.855204,540.080618,480.374862
1233.855894,540.080618,480.378925
1233.857502,540.080618,480.392845
1233.857719,540.080618,480.406035
1233.863759,540.080618,480.416198
1233.864413,540.080618,480.441747
1233.866782,540.080618,480.452803
1233.867503,540.080618,480.467517
1233.867968,540.080618,480.501728
1233.868331,540.080618,480.504077
1233.870214,540.080618,480.517819
1233.870838,540.080618,480.551693
1233.872117,540.080618,480.557243
1233.872880,540.080618,480.560560
1233.873448,540.080618,480.565187
1233.874364,540.080618,480.599720
1233.876243,540.080618,480.639571
1233.877740,540.080618,480.667555
1233.879189,540.080618,480.687936
1233.879500,540.080618,480.693757
1233.880392,540.080618,480.697314
1233.884012,540.080618,480.704187
1233.894129,540.080618,480.708290
1233.898039,540.080618,480.714357
1233.900180,540.080618,480.743421
1233.901327,540.080618,480.798803
1233.902182,540.080618,480.798835
1233.913153,540.080618,480.877584
1233.914070,540.080618,480.884070
1233.915007,540.080618,480.901470
1233.915512,540.080618,480.909042
1233.915755,540.080618,480.938051
1233.918704,540.080618,480.955968
1233.920408,540.080618,480.994523
1233.921212,540.080618,481.012792
1233.921962,540.080618,481.012837
1233.923523,540.080618,481.020755
1233.924263,540.080618,481.033448
1233.924671,540.080618,481.039998
1233.925179,540.080618,481.072811
1233.925475,540.080618,481.082742
1233.927384,540.080618,481.091542
1233.930547,540.080618,481.099827
1233.933252,540.080618,481.143219
1233.939237,540.080618,481.148275
1233.940866,540.080618,481.150515
1233.941717,540.080618,481.153845
1233.943537,540.080618,481.158626
1233.944349,540.080618,481.167957
1233.944866,540.080618,481.177088
1233.945244,540.080618,481.193699
1233.948539,540.080618,481.197622
1233.949583,540.080618,481.211894
1233.950199,540.080618,481.226093
1233.953199,540.080618,481.231259
1233.954869,540.080618,481.240034
1233.955716,540.080618,481.241432
1233.959757,540.080618,481.255997
1233.962939,540.080618,481.261795
1233.965983,540.080618,481.272514
1233.968904,540.080618,481.291043
1233.969673,540.080618,481.314611
1233.972346,540.080618,481.321928
1233.974009,540.080618,481.341811
1233.976838,540.080618,481.351882
1233.977089,540.080618,481.375714
1233.978016,540.080618,481.378264
1233.978906,540.080618,481.386726
1233.979164,540.080618,481.410774
1233.979891,540.080618,481.412992
1233.980211,540.080618,481.436883
1233.980941,540.080618,481.480922
1233.981405,540.080618,481.486117
1233.981601,540.080618,481.508120
1233.982444,540.080618,481.511978
1233.983190,540.080618,481.529254
1233.983602,540.080618,481.539427
1233.985097,540.080618,481.543808
1233.985555,540.080618,481.582579
1233.986763,540.080618,481.608656
1233.987575,540.080618,481.614453
1233.987926,540.080618,481.620354
1233.988951,540.080618,481.628093
1233.989446,540.080618,481.655883
1233.989879,540.080618,481.665213
1233.992130,540.080618,481.685570
1233.993559,540.080618,481.690243
1233.994925,540.080618,481.716667
1233.995822,540.080618,481.725010
1233.996344,540.080618,481.728888
1233.998003,540.080618,481.763021
1234.001583,540.080618,481.781123
1234.002951,540.080618,481.803411
1234.005689,540.080618,481.812165
1234.006017,540.080618,481.817291
1234.006225,540.080618,481.831907
1234.007862,540.080618,481.855794
1234.008376,540.080618,481.861741
1234.009116,540.080618,481.863829
1234.009403,540.080618,481.863984
1234.010971,540.080618,481.878806
1234.012373,540.080618,481.884890
1234.012853,540.080618,481.885275
1234.013267,540.080618,481.888416
1234.013746,540.080618,481.890784
1234.014047,540.080618,481.893333
1234.014788,540.080618,481.908262
1234.015451,540.080618,481.933715
1234.017376,540.080618,481.946210
1234.018646,540.080618,481.959194
1234.019562,540.080618,481.961795
1234.021082,540.080618,481.975117
1234.022522,540.080618,481.975302
1234.023090,540.080618,481.996093
1234.024581,540.080618,482.002992
1234.024922,540.080618,482.018840
1234.026610,540.080618,482.040795
1234.026860,540.080618,482.049336
1234.027205,540.080618,482.055459
1234.027884,540.080618,482.055517
1234.035079,540.080618,482.060245
1234.035386,540.080618,482.063005
1234.037165,540.080618,482.067099
1234.037604,540.080618,482.067170
1234.039199,540.080618,482.070054
1234.039718,540.080618,482.073846
1234.040728,540.080618,482.126029
1234.041585,540.080618,482.128403
1234.042488,540.080618,482.129138
1234.043497,540.080618,482.134904
1234.044289,540.080618,482.142139
1234.045422,540.080618,482.149082
1234.046281,540.080618,482.155510
1234.046745,540.080618,482.157957
1234.047288,540.080618,482.193594
1234.047646,540.080618,482.204925
1234.049152,540.080618,482.208595
1234.050544,540.080618,482.215859
1234.052325,540.080618,482.228706
1234.053254,540.080618,482.230547
1234.054944,540.080618,482.252582
1234.055191,540.080618,482.253909
1234.055890,540.080618,482.269131
1234.056213,540.080618,482.273365
1234.056659,540.080618,482.277755
1234.058981,540.080618,482.325571
1234.060270,540.080618,482.366408
1234.061852,540.080618,482.379083
1234.062192,540.080618,482.390475
1234.063581,540.080618,482.396435
1234.066752,540.080618,482.397286
1234.067047,540.080618,482.415885
1234.067587,540.080618,482.463608
1234.068524,540.080618,482.477003
1234.069303,540.080618,482.482643
1234.070688,540.080618,482.491475
1234.073826,540.080618,482.495958
1234.074377,540.080618,482.512157
1234.075773,540.080618,482.526726
1234.076002,540.080618,482.529517
1234.076490,540.080618,482.534477
1234.076914,540.080618,482.559883
1234.077654,540.080618,482.561125
1234.078679,540.080618,482.564795
1234.079455,540.080618,482.601598
1234.080306,540.080618,482.633760
1234.082303,540.080618,482.653877
1234.082573,540.080618,482.690533
1234.083295,540.080618,482.705384
1234.083775,540.080618,482.705792
1234.084255,540.080618,482.713459
1234.085812,540.080618,482.734349
1234.087503,540.080618,482.743760
1234.088626,540.080618,482.776533
1234.089532,540.080618,482.778579
1234.090664,540.080618,482.788128
1234.090933,540.080618,482.793757
1234.091443,540.080618,482.795765
1234.091914,540.080618,482.818090
1234.093643,540.080618,482.832918
1234.099304,540.080618,482.850525
1234.099994,540.080618,482.860930
1234.100893,540.080618,482.869528
1234.101376,540.080618,482.870960
1234.101842,540.080618,482.878173
1234.103056,540.080618,482.880446
1234.103343,540.080618,482.891931
1234.104153,540.080618,482.900642
1234.105019,540.080618,482.914486
1234.105429,540.080618,482.929072
1234.105757,540.080618,482.933331
1234.108553,540.080618,482.949059
1234.109170,540.080618,482.949803
1234.109804,540.080618,482.951250
1234.111634,540.080618,482.959485
1234.114949,540.080618,482.978370
1234.115932,540.080618,482.994178
1234.116847,540.080618,483.008402
1234.117253,540.080618,483.020440
1234.117802,540.080618,483.032205
1234.118588,540.080618,483.045768
1234.121324,540.080618,483.047675
1234.123389,540.080618,483.076461
1234.125045,540.080618,483.080093
1234.125623,540.080618,483.083290
1234.127342,540.080618,483.129635
1234.128229,540.080618,483.158514
1234.129166,540.080618,483.159595
1234.129643,540.080618,483.170022
1234.130104,540.080618,483.171722
1234.130474,540.080618,483.174498
1234.131156,540.080618,483.196582
1234.131396,540.080618,483.203459
1234.132183,540.080618,483.212722
1234.133034,540.080618,483.230440
1234.134046,540.080618,483.240462
1234.134448,540.080618,483.299926
1234.136007,540.080618,483.313154
1234.136442,540.080618,483.324451
1234.137342,540.080618,483.336370
1234.138218,540.080618,483.344595
1234.139901,540.080618,483.371229
1234.140274,540.080618,483.376373
1234.142218,540.080618,483.377307
1234.143927,540.080618,483.384774
1234.144868,540.080618,483.391595
1234.145472,540.080618,483.411037
1234.146553,540.080618,483.413704
1234.146963,540.080618,483.423826
1234.147842,540.080618,483.428763
1234.148254,540.080618,483.429347
1234.149477,540.080618,483.443280
1234.149990,540.080618,483.443922
1234.151887,540.080618,483.455902
1234.152709,540.080618,483.470314
1234.154242,540.080618,483.481837
1234.155262,540.080618,483.486747
1234.157017,540.080618,483.522211
1234.158556,540.080618,483.551910
1234.159576,540.080618,483.578835
1234.161105,540.080618,483.579990
1234.162118,540.080618,483.612923
1234.163526,540.080618,483.614523
1234.165421,540.080618,483.644939
1234.167484,540.080618,483.666259
1234.168693,540.080618,483.703136
1234.169137,540.080618,483.737194
1234.171225,540.080618,483.755414
1234.171505,540.080618,483.755950
1234.171865,540.080618,483.756811
1234.172169,540.080618,483.759837
1234.175508,540.080618,483.768312
1234.177258,540.080618,483.832075
1234.177555,540.080618,483.833829
1234.178529,540.080618,483.874624
1234.178893,540.080618,483.891235
1234.182128,540.080618,483.894624
1234.183098,540.080618,483.899603
1234.189571,540.080618,483.904992
1234.191303,540.080618,483.907277
1234.193278,540.080618,483.916640
1234.193628,540.080618,483.923138
1234.194546,540.080618,483.926411
1234.195425,540.080618,483.930219
1234.195879,540.080618,483.935843
1234.197507,540.080618,483.948576
1234.197709,540.080618,483.960141
1234.198608,540.080618,483.996237
1234.201404,540.080618,484.004450
1234.204577,540.080618,484.008262
1234.205085,540.080618,484.034763
1234.205399,540.080618,484.081555
1234.211521,540.080618,484.084262
1234.211747,540.080618,484.094480
1234.212333,540.080618,484.130395
1234.214174,540.080618,484.188691
1234.215549,540.080618,484.196147
1234.216267,540.080618,484.229333
1234.216496,540.080618,484.237875
1234.217197,540.080618,484.246536
1234.220574,540.080618,484.249395
1234.222667,540.080618,484.288210
1234.224581,540.080618,484.306099
1234.226067,540.080618,484.310851
1234.227788,540.080618,484.312579
1234.229864,540.080618,484.329411
1234.231606,540.080618,484.332176
1234.232586,540.080618,484.363314
1234.233190,540.080618,484.379307
1234.233538,540.080618,484.394101
1234.233938,540.080618,484.397331
1234.235672,540.080618,484.399355
1234.236627,540.080618,484.424483
1234.237084,540.080618,484.468354
1234.238655,540.080618,484.469560
1234.239495,540.080618,484.475931
1234.240362,540.080618,484.484274
1234.240856,540.080618,484.491091
1234.242301,540.080618,484.491845
1234.243445,540.080618,484.512166
1234.243771,540.080618,484.512205
1234.245199,540.080618,484.534269
1234.246129,540.080618,484.546880
1234.247764,540.080618,484.567107
1234.248180,540.080618,484.582811
1234.248562,540.080618,484.587000
1234.250825,540.080618,484.588283
1234.251715,540.080618,484.623248
1234.253260,540.080618,484.639315
1234.253740,540.080618,484.642979
1234.256470,540.080618,484.656723
1234.259189,540.080618,484.667526
1234.259892,540.080618,484.668357
1234.260259,540.080618,484.668576
1234.260485,540.080618,484.673317
1234.260781,540.080618,484.677805
1234.262424,540.080618,484.693339
1234.264038,540.080618,484.700528
1234.264358,540.080618,484.713603
1234.265290,540.080618,484.732934
1234.267058,540.080618,484.734566
1234.267584,540.080618,484.765597
1234.268499,540.080618,484.773773
1234.270460,540.080618,484.775107
1234.271269,540.080618,484.791011
1234.273626,540.080618,484.832440
1234.274403,540.080618,484.844066
1234.277931,540.080618,484.856277
1234.278841,540.080618,484.866406
1234.279697,540.080618,484.877042
1234.280732,540.080618,484.899291
1234.281098,540.080618,484.904813
1234.289079,540.080618,484.907181
1234.289579,540.080618,484.914774
1234.290064,540.080618,484.928083
1234.291639,540.080618,484.929613
1234.292484,540.080618,484.933810
1234.293261,540.080618,484.934339
1234.294079,540.080618,484.936187
1234.295589,540.080618,484.948867
1234.296012,540.080618,484.949395
1234.296868,540.080618,484.956762
1234.297098,540.080618,484.970901
1234.297530,540.080618,484.972200
1234.298094,540.080618,485.010925
1234.298479,540.080618,485.017696
1234.298667,540.080618,485.025320
1234.299405,540.080618,485.047845
1234.299599,540.080618,485.054174
1234.299923,540.080618,485.054770
1234.300857,540.080618,485.085155
1234.303832,540.080618,485.113056
1234.304106,540.080618,485.113629
1234.304642,540.080618,485.132389
1234.305166,540.080618,485.143650
1234.306708,540.080618,485.156550
1234.307009,540.080618,485.167702
1234.308330,540.080618,485.196195
1234.309131,540.080618,485.206163
1234.310891,540.080618,485.206690
1234.312868,540.080618,485.210970
1234.313426,540.080618,485.211499
1234.314285,540.080618,485.221024
1234.316033,540.080618,485.221958
1234.316955,540.080618,485.223893
1234.317280,540.080618,485.260368
1234.319379,540.080618,485.262619
1234.322513,540.080618,485.292930
1234.323308,540.080618,485.297995
1234.324107,540.080618,485.302411
1234.324554,540.080618,485.302435
1234.326252,540.080618,485.319920
1234.327310,540.080618,485.331208
1234.328043,540.080618,485.352744
1234.331381,540.080618,485.356422
1234.332143,540.080618,485.366683
1234.332380,540.080618,485.379568
1234.333102,540.080618,485.381088
1234.334041,540.080618,485.382117
1234.335035,540.080618,485.391773
1234.338886,540.080618,485.424336
1234.339419,540.080618,485.431885
1234.341112,540.080618,485.458555
1234.341795,540.080618,485.475402
1234.342144,540.080618,485.476115
1234.343294,540.080618,485.503693
1234.344184,540.080618,485.504146
1234.345277,540.080618,485.508339
1234.347912,540.080618,485.509763
1234.348727,540.080618,485.528211
1234.349464,540.080618,485.548067
1234.350288,540.080618,485.595712
1234.350630,540.080618,485.609654
1234.351480,540.080618,485.645533
1234.351928,540.080618,485.689907
1234.352636,540.080618,485.694624
1234.353192,540.080618,485.705664
1234.354092,540.080618,485.712208
1234.354910,540.080618,485.745802
1234.355252,540.080618,485.765171
1234.355895,540.080618,485.765698
1234.356589,540.080618,485.775728
1234.356793,540.080618,485.780610
1234.357529,540.080618,485.786587
1234.359712,540.080618,485.790424
1234.360895,540.080618,485.808362
1234.361341,540.080618,485.808403
1234.362653,540.080618,485.810562
1234.363458,540.080618,485.817355
1234.363822,540.080618,485.828339
1234.367186,540.080618,485.836578
1234.368324,540.080618,485.845954
1234.369258,540.080618,485.846850
1234.375778,540.080618,485.863586
1234.376946,540.080618,485.876270
1234.377350,540.080618,485.878155
1234.377818,540.080618,485.902770
1234.378762,540.080618,485.910530
1234.380474,540.080618,485.914171
1234.382245,540.080618,486.019510
1234.382845,540.080618,486.034763
1234.383346,540.080618,486.037992
1234.385176,540.080618,486.047642
1234.385649,540.080618,486.051859
1234.387355,540.080618,486.065038
1234.388509,540.080618,486.260536
1234.388866,540.080618,486.352160
1234.389058,540.080618,486.516075
1234.389442,540.080618,486.571557
1234.389755,540.080618,486.574456
1234.390190,540.080618,486.689483
1234.390655,540.080618,487.105571
1234.390891,540.080618,487.264643
1234.391253,540.080618,487.271430
1234.391588,540.080618,487.271624
1234.391799,540.080618,487.272566
1234.392106,540.080618,487.435912
1234.392473,540.080618,487.494309
1234.392802,540.080618,487.537696
1234.393277,540.080618,487.551077
1234.393657,540.080618,487.640309
1234.393859,540.080618,487.772162
1234.394118,540.080618,487.957722
1234.394430,540.080618,488.006136
1234.394634,540.080618,488.019462
1234.395027,540.080618,488.044885
1234.395328,540.080618,488.187589
1234.395587,540.080618,488.225160
1234.395899,540.080618,488.234144
1234.396238,540.080618,488.293248
1234.396511,540.080618,488.519168
1234.396790,540.080618,488.532203
1234.397123,540.080618,488.605005
1234.397551,540.080618,488.639242
1234.397863,540.080618,488.701029
1234.398152,540.080618,488.763797
1234.398367,540.080618,488.807466
1234.398720,540.080618,488.964280
1234.398880,540.080618,489.049696
1234.399052,540.080618,489.156614
1234.399520,540.080618,489.198587
1234.399906,540.080618,489.250603
1234.400177,540.080618,489.260307
1234.400613,540.080618,489.315664
1234.401151,540.080618,489.319947
1234.401386,540.080618,489.348267
1234.401665,540.080618,489.523125
1234.401965,540.080618,489.593510
1234.402360,540.080618,489.598512
1234.402841,540.080618,489.630451
1234.403133,540.080618,489.670357
1234.403415,540.080618,489.798648
1234.403642,540.080618,489.841963
1234.404004,540.080618,490.054826
1234.404212,540.080618,490.162208
1234.404435,540.080618,490.173504
1234.404894,540.080618,490.194653
1234.405162,540.080618,490.251008
1234.405483,540.080618,490.276117
1234.405657,540.080618,490.332011
1234.405823,540.080618,490.346166
1234.406306,540.080618,490.387376
1234.406669,540.080618,490.505144
1234.406975,540.080618,490.510709
1234.407216,540.080618,490.679555
1234.407546,540.080618,490.702939
1234.407975,540.080618,490.820565
1234.408181,540.080618,490.908034
1234.408627,540.080618,491.105067
1234.408967,540.080618,491.159290
1234.409159,540.080618,491.323174
1234.409395,540.080618,491.334229
1234.409698,540.080618,491.431491
1234.409922,540.080618,491.458171
1234.410221,540.080618,491.528331
1234.410417,540.080618,491.603210
1234.410694,540.080618,491.744197
1234.410872,540.080618,491.808570
1234.410998,540.080618,491.829557
1234.411424,540.080618,492.006200
1234.411769,540.080618,492.062112
1234.412062,540.080618,492.154282
1234.412217,540.080618,492.173686
1234.412471,540.080618,492.240579
1234.412881,540.080618,492.247442
1234.413325,540.080618,492.306165
1234.413611,540.080618,492.306880
1234.413934,540.080618,492.340630
1234.414209,540.080618,492.343077
1234.414530,540.080618,492.439723
1234.414872,540.080618,492.608051
1234.415100,540.080618,492.687963
1234.415383,540.080618,492.911130
1234.415813,540.080618,493.091275
1234.416000,540.080618,493.139027
1234.416439,540.080618,493.175840
1234.416646,540.080618,493.230430
1234.416854,540.080618,493.425816
1234.417112,540.080618,493.426107
1234.417443,540.080618,493.546885
1234.417795,540.080618,493.594027
1234.418183,540.080618,493.639408
1234.418600,540.080618,493.645867
1234.418815,540.080618,493.707445
1234.419202,540.080618,493.729026
1234.419627,540.080618,493.767048
1234.420041,540.080618,493.823110
1234.420500,540.080618,494.141816
1234.420858,540.080618,494.166898
1234.421118,540.080618,494.281645
1234.421273,540.080618,494.451906
1234.421681,540.080618,494.454795
1234.422075,540.080618,494.470170
1234.422371,540.080618,494.483093
1234.422543,540.080618,494.504416
1234.422835,540.080618,494.553600
1234.423125,540.080618,494.721048
1234.423449,540.080618,495.076555
1234.423645,540.080618,495.099894
1234.423892,540.080618,495.141882
1234.424002,540.080618,495.210936
1234.424316,540.080618,495.287198
1234.424509,540.080618,495.305587
1234.424712,540.080618,495.323522
1234.424930,540.080618,495.326363
1234.425347,540.080618,495.516328
1234.425745,540.080618,495.528395
1234.426029,540.080618,495.594720
1234.426275,540.080618,495.609456
1234.426544,540.080618,495.638026
1234.426798,540.080618,495.643675
1234.427146,540.080618,495.668672
1234.427454,540.080618,495.689542
1234.427654,540.080618,495.792986
1234.427845,540.080618,495.844992
1234.428125,540.080618,495.879744
1234.428424,540.080618,496.077982
1234.428680,540.080618,496.126608
1234.428995,540.080618,496.169941
1234.429213,540.080618,496.173750
1234.429577,540.080618,496.187384
1234.429768,540.080618,496.204630
1234.430068,540.080618,496.298432
1234.430480,540.080618,496.363456
1234.430747,540.080618,496.387562
1234.430925,540.080618,496.445656
1234.431088,540.080618,496.449486
1234.431507,540.080618,496.489376
1234.431807,540.080618,496.582374
1234.432265,540.080618,496.652650
1234.432753,540.080618,496.773365
1234.433035,540.080618,496.803570
1234.433278,540.080618,496.815910
1234.433705,540.080618,496.863338
1234.434013,540.080618,496.964258
1234.434418,540.080618,497.007342
1234.434688,540.080618,497.039349
1234.434973,540.080618,497.051026
1234.435183,540.080618,497.091339
1234.435438,540.080618,497.137307
1234.435782,540.080618,497.259952
1234.436072,540.080618,497.281798
1234.436434,540.080618,497.304085
1234.436578,540.080618,497.365512
1234.436925,540.080618,497.371704
1234.437253,540.080618,497.565365
1234.437450,540.080618,497.574886
1234.437816,540.080618,497.665707
1234.438149,540.080618,497.732656
1234.438329,540.080618,497.742624
1234.438809,540.080618,497.853744
1234.439179,540.080618,497.864205
1234.439409,540.080618,497.981370
1234.439520,540.080618,498.071723
1234.439777,540.080618,498.102038
1234.440071,540.080618,498.185672
1234.440374,540.080618,498.188502
1234.440650,540.080618,498.189982
1234.440954,540.080618,498.204582
1234.441167,540.080618,498.252491
1234.441540,540.080618,498.325731
1234.441929,540.080618,498.338507
1234.442178,540.080618,498.415814
1234.442420,540.080618,498.418253
1234.442670,540.080618,498.445429
1234.442862,540.080618,498.483848
1234.443186,540.080618,498.574864
1234.443468,540.080618,498.669739
1234.443883,540.080618,498.757312
1234.444152,540.080618,498.763846
1234.444556,540.080618,498.780944
1234.444811,540.080618,498.819882
1234.445422,540.080618,498.852710
1234.445635,540.080618,498.995968
1234.446057,540.080618,499.083200
1234.446301,540.080618,499.166542
1234.446666,540.080618,499.363013
1234.446906,540.080618,499.432704
1234.447140,540.080618,499.575174
1234.447548,540.080618,499.599264
1234.447726,540.080618,499.607189
1234.447927,540.080618,499.610624
1234.448132,540.080618,499.617162
1234.448318,540.080618,499.643150
1234.448575,540.080618,499.693462
1234.448893,540.080618,499.806187
1234.449176,540.080618,499.829395
1234.449532,540.080618,499.938755
1234.449730,540.080618,499.948979
1234.450094,540.080618,499.960635
1234.450382,540.080618,500.290122
1234.450562,540.080618,500.314616
1234.450858,540.080618,500.371347
1234.451102,540.080618,500.393130
1234.451380,540.080618,500.434166
1234.451669,540.080618,500.671579
1234.452092,540.080618,500.738408
1234.452433,540.080618,500.781397
1234.452599,540.080618,500.815301
1234.452879,540.080618,500.830987
1234.453134,540.080618,500.929581
1234.453843,540.080618,500.964880
1234.454156,540.080618,501.009494
1234.454478,540.080618,501.093154
1234.454741,540.080618,501.181384
1234.455079,540.080618,501.239245
1234.455364,540.080618,501.252597
1234.455534,540.080618,501.259498
1234.455967,540.080618,501.265400
1234.456158,540.080618,501.287563
1234.456305,540.080618,501.290187
1234.456485,540.080618,501.365877
1234.456728,540.080618,501.373782
1234.457026,540.080618,501.428266
1234.457192,540.080618,501.443814
1234.457470,540.080618,501.478480
1234.457714,540.080618,501.519349
1234.457868,540.080618,501.633870
1234.458245,540.080618,501.651574
1234.458656,540.080618,501.878387
1234.458852,540.080618,501.905419
1234.459089,540.080618,501.918792
1234.459485,540.080618,502.014677
1234.459714,540.080618,502.039363
1234.460134,540.080618,502.092019
1234.460383,540.080618,502.133547
1234.460703,540.080618,502.170330
1234.460937,540.080618,502.213856
1234.461098,540.080618,502.247232
1234.461262,540.080618,502.258902
1234.461660,540.080618,502.259442
1234.461863,540.080618,502.380267
1234.462166,540.080618,502.398227
1234.462399,540.080618,502.431587
1234.462714,540.080618,502.432562
1234.462949,540.080618,502.509867
1234.463226,540.080618,502.519571
1234.463635,540.080618,502.641734
1234.463957,540.080618,502.643856
1234.464309,540.080618,502.692341
1234.464522,540.080618,502.700896
1234.464916,540.080618,502.701882
1234.465419,540.080618,502.813397
1234.465765,540.080618,502.853227
1234.465987,540.080618,502.954736
1234.466146,540.080618,502.975413
1234.466443,540.080618,503.064650
1234.466838,540.080618,503.129971
1234.467033,540.080618,503.197910
1234.467531,540.080618,503.199589
1234.468028,540.080618,503.252291
1234.468345,540.080618,503.282976
1234.468505,540.080618,503.290005
1234.468721,540.080618,503.359744
1234.468962,540.080618,503.411925
1234.469294,540.080618,503.417205
1234.469449,540.080618,503.427696
1234.469726,540.080618,503.639349
1234.470065,540.080618,503.713995
1234.470305,540.080618,503.719557
1234.470510,540.080618,503.744635
1234.470881,540.080618,503.812800
1234.471056,540.080618,503.914146
1234.471293,540.080618,503.952838
1234.471617,540.080618,504.008230
1234.471882,540.080618,504.204262
1234.472043,540.080618,504.208387
1234.472402,540.080618,504.229867
1234.472728,540.080618,504.304178
1234.473059,540.080618,504.410838
1234.473477,540.080618,504.435557
1234.473812,540.080618,504.616659
1234.474181,540.080618,504.664683
1234.474412,540.080618,504.709365
1234.474525,540.080618,504.717435
1234.474812,540.080618,504.754042
1234.475252,540.080618,504.787595
1234.475431,540.080618,504.828093
1234.475718,540.080618,504.836837
1234.475991,540.080618,504.878088
1234.476244,540.080618,504.886312
1234.476581,540.080618,504.897226
1234.476745,540.080618,504.965365
1234.477147,540.080618,505.130117
1234.478083,540.080618,505.285266
1234.478819,540.080618,505.324725
1234.479166,540.080618,505.338475
1234.479403,540.080618,505.396056
1234.479577,540.080618,505.432950
1234.479798,540.080618,505.441973
1234.480057,540.080618,505.449205
1234.480372,540.080618,505.504677
1234.480685,540.080618,505.543859
1234.480934,540.080618,505.550763
1234.481153,540.080618,505.568434
1234.481613,540.080618,505.577040
1234.481874,540.080618,505.594765
1234.482356,540.080618,505.622656
1234.482505,540.080618,505.911850
1234.482778,540.080618,505.913869
1234.483013,540.080618,506.147163
1234.483507,540.080618,506.238656
1234.483787,540.080618,506.289240
1234.484199,540.080618,506.350539
1234.484367,540.080618,506.355365
1234.484557,540.080618,506.496928
1234.484783,540.080618,506.572682
1234.484879,540.080618,506.592310
1234.485268,540.080618,506.630904
1234.485485,540.080618,506.767494
1234.485756,540.080618,506.776826
1234.485919,540.080618,506.784218
1234.486154,540.080618,506.868171
1234.486494,540.080618,506.956272
1234.486690,540.080618,506.963526
1234.486847,540.080618,507.001030
1234.487095,540.080618,507.048091
1234.487299,540.080618,507.095667
1234.487620,540.080618,507.126336
1234.487883,540.080618,507.140872
1234.488208,540.080618,507.226560
1234.488437,540.080618,507.280981
1234.488568,540.080618,507.285270
1234.489498,540.080618,507.322427
1234.489730,540.080618,507.361238
1234.489924,540.080618,507.550632
1234.490147,540.080618,507.575624
1234.490392,540.080618,507.603024
1234.490727,540.080618,507.665445
1234.491110,540.080618,507.786197
1234.491403,540.080618,507.792904
1234.491778,540.080618,507.850795
1234.491929,540.080618,507.865856
1234.492123,540.080618,507.908987
1234.492489,540.080618,507.983325
1234.492869,540.080618,508.115488
1234.493145,540.080618,508.118382
1234.493303,540.080618,508.150389
1234.493473,540.080618,508.192214
1234.493704,540.080618,508.241395
1234.493954,540.080618,508.254427
1234.494349,540.080618,508.304186
1234.494612,540.080618,508.389426
1234.495068,540.080618,508.508763
1234.495558,540.080618,508.517349
1234.495881,540.080618,508.576518
1234.496211,540.080618,508.581856
1234.496528,540.080618,508.602635
1234.496857,540.080618,508.629184
1234.497106,540.080618,508.652656
1234.497440,540.080618,508.677442
1234.497642,540.080618,508.714371
1234.497980,540.080618,508.816107
1234.498296,540.080618,508.832386
1234.498563,540.080618,508.921989
1234.498829,540.080618,508.936192
1234.499094,540.080618,508.948806
1234.499306,540.080618,509.079680
1234.499465,540.080618,509.150565
1234.499864,540.080618,509.175998
1234.499985,540.080618,509.208179
1234.500207,540.080618,509.320888
1234.500408,540.080618,509.336091
1234.500709,540.080618,509.351662
1234.500940,540.080618,509.365400
1234.501182,540.080618,509.403752
1234.501333,540.080618,509.412634
1234.501499,540.080618,509.491955
1234.501782,540.080618,509.525622
1234.502115,540.080618,509.579594
1234.502369,540.080618,509.627173
1234.502631,540.080618,509.650976
1234.502943,540.080618,509.686912
1234.503245,540.080618,509.707088
1234.503573,540.080618,509.760294
1234.503831,540.080618,510.001195
1234.504056,540.080618,510.212866
1234.505007,540.080618,510.300560
1234.505377,540.080618,510.339936
1234.505698,540.080618,510.496347
1234.505993,540.080618,510.511797
1234.506108,540.080618,510.563048
1234.506505,540.080618,510.608357
1234.506861,540.080618,510.612938
1234.507372,540.080618,510.625077
1234.507548,540.080618,510.709829
1234.507727,540.080618,510.754190
1234.507886,540.080618,510.782522
1234.508322,540.080618,510.834150
1234.508735,540.080618,510.894883
1234.509088,540.080618,510.951963
1234.509495,540.080618,510.975706
1234.509887,540.080618,510.984773
1234.510134,540.080618,511.051280
1234.510523,540.080618,511.081738
1234.510715,540.080618,511.227760
1234.510921,540.080618,511.239544
1234.511228,540.080618,511.251522
1234.511423,540.080618,511.380104
1234.511682,540.080618,511.460944
1234.511838,540.080618,511.461338
1234.512107,540.080618,511.504170
1234.512267,540.080618,511.518102
1234.512505,540.080618,511.530158
1234.512888,540.080618,511.545190
1234.513195,540.080618,511.584995
1234.513597,540.080618,511.613386
1234.513702,540.080618,511.720192
1234.513857,540.080618,511.756339
1234.514164,540.080618,511.770600
1234.514560,540.080618,511.777216
1234.514716,540.080618,511.836694
1234.514960,540.080618,511.853317
1234.515187,540.080618,511.864104
1234.515427,540.080618,511.909621
1234.515647,540.080618,511.958080
1234.516597,540.080618,511.972155
1234.516953,540.080618,511.991059
1234.517269,540.080618,512.101288
1234.517415,540.080618,512.118824
1234.517785,540.080618,512.258434
1234.518184,540.080618,512.302350
1234.518605,540.080618,512.339824
1234.519088,540.080618,512.568565
1234.519179,540.080618,512.613675
1234.519430,540.080618,512.613686
1234.520008,540.080618,512.631696
1234.520387,540.080618,512.641152
1234.520554,540.080618,512.778958
1234.520819,540.080618,512.872677
1234.521098,540.080618,512.998517
1234.521288,540.080618,513.000710
1234.521478,540.080618,513.059808
1234.521763,540.080618,513.088659
1234.522089,540.080618,513.131067
1234.522414,540.080618,513.218683
1234.522624,540.080618,513.244165
1234.522909,540.080618,513.249770
1234.523112,540.080618,513.250019
1234.523360,540.080618,513.322589
1234.523541,540.080618,513.554840
1234.523889,540.080618,513.563378
1234.524094,540.080618,513.593414
1234.524493,540.080618,513.630611
1234.524739,540.080618,513.684030
1234.524954,540.080618,513.756747
1234.525150,540.080618,513.811006
1234.525344,540.080618,513.812922
1234.525616,540.080618,513.824469
1234.525811,540.080618,513.842523
1234.526451,540.080618,513.871362
1234.526765,540.080618,513.880382
1234.527073,540.080618,513.939869
1234.527337,540.080618,513.947147
1234.527715,540.080618,513.950859
1234.528132,540.080618,514.090251
1234.528412,540.080618,514.204160
1234.528585,540.080618,514.261530
1234.528952,540.080618,514.286006
1234.529224,540.080618,514.317211
1234.529360,540.080618,514.330486
1234.529699,540.080618,514.357035
1234.529919,540.080618,514.401045
1234.530028,540.080618,514.424176
1234.530368,540.080618,514.431882
1234.530557,540.080618,514.472747
1234.530853,540.080618,514.546827
1234.530985,540.080618,514.560237
1234.531203,540.080618,514.595958
1234.531441,540.080618,514.628771
1234.531634,540.080618,514.646632
1234.531847,540.080618,514.648870
1234.532034,540.080618,514.676016
1234.532262,540.080618,514.694774
1234.532572,540.080618,514.754656
1234.532858,540.080618,514.760144
1234.533216,540.080618,514.801779
1234.533438,540.080618,514.887784
1234.533821,540.080618,514.892779
1234.534412,540.080618,514.923141
1234.534592,540.080618,514.939134
1234.534768,540.080618,514.953555
1234.534897,540.080618,515.054862
1234.535263,540.080618,515.068850
1234.535529,540.080618,515.123182
1234.535824,540.080618,515.137357
1234.536035,540.080618,515.137651
1234.536228,540.080618,515.150485
1234.536460,540.080618,515.271678
1234.536896,540.080618,515.344771
1234.537202,540.080618,515.498229
1234.537303,540.080618,515.541867
1234.537613,540.080618,515.569789
1234.537855,540.080618,515.580434
1234.538022,540.080618,515.634325
1234.538181,540.080618,515.639531
1234.538475,540.080618,515.683070
1234.538778,540.080618,515.689797
1234.538932,540.080618,515.735315
1234.539138,540.080618,515.753554
1234.539392,540.080618,515.759974
1234.539586,540.080618,515.774555
1234.539936,540.080618,515.806006
1234.540633,540.080618,515.833786
1234.540979,540.080618,515.947877
1234.541129,540.080618,516.042368
1234.541387,540.080618,516.084450
1234.541839,540.080618,516.132634
1234.542101,540.080618,516.159824
1234.542275,540.080618,516.209688
1234.542598,540.080618,516.247790
1234.543496,540.080618,516.265779
1234.543715,540.080618,516.311974
1234.544094,540.080618,516.389875
1234.544328,540.080618,516.413891
1234.544634,540.080618,516.438563
1234.545104,540.080618,516.445442
1234.545452,540.080618,516.449827
1234.545749,540.080618,516.487550
1234.546134,540.080618,516.500811
1234.546656,540.080618,516.553013
1234.546820,540.080618,516.567349
1234.546915,540.080618,516.578176
1234.547182,540.080618,516.581499
1234.547493,540.080618,516.608149
1234.547753,540.080618,516.625232
1234.547993,540.080618,516.684227
1234.548423,540.080618,516.731315
1234.548894,540.080618,516.774230
1234.550385,540.080618,516.777430
1234.550652,540.080618,516.919302
1234.551095,540.080618,516.924645
1234.551335,540.080618,516.925506
1234.552169,540.080618,516.964158
1234.552448,540.080618,517.003899
1234.552852,540.080618,517.025472
1234.553236,540.080618,517.063056
1234.553491,540.080618,517.080296
1234.553884,540.080618,517.121712
1234.554284,540.080618,517.125603
1234.554746,540.080618,517.193186
1234.555167,540.080618,517.298259
1234.555406,540.080618,517.377602
1234.555884,540.080618,517.502715
1234.556241,540.080618,517.527254
1234.557995,540.080618,517.544603
1234.558241,540.080618,517.586246
1234.558523,540.080618,517.606090
1234.559981,540.080618,517.615136
1234.560183,540.080618,517.642930
1234.560483,540.080618,517.699883
1234.560725,540.080618,517.788144
1234.560954,540.080618,517.795053
1234.561712,540.080618,517.814195
1234.562190,540.080618,517.844373
1234.562464,540.080618,517.910576
1234.562793,540.080618,517.911490
1234.563256,540.080618,517.971170
1234.563925,540.080618,518.005947
1234.564528,540.080618,518.073552
1234.565046,540.080618,518.091776
1234.565221,540.080618,518.105760
1234.565662,540.080618,518.146206
1234.567352,540.080618,518.165803
1234.567826,540.080618,518.168445
1234.568092,540.080618,518.186267
1234.568366,540.080618,518.221290
1234.568889,540.080618,518.293448
1234.569108,540.080618,518.331136
1234.569392,540.080618,518.376459
1234.569516,540.080618,518.397174
1234.569795,540.080618,518.401426
1234.569992,540.080618,518.414662
1234.572282,540.080618,518.469056
1234.574046,540.080618,518.481939
1234.574703,540.080618,518.494579
1234.574955,540.080618,518.549499
1234.575493,540.080618,518.567078
1234.576057,540.080618,518.574546
1234.576334,540.080618,518.664917
1234.576628,540.080618,518.686120
1234.577620,540.080618,518.693883
1234.577949,540.080618,518.769003
1234.578175,540.080618,518.837776
1234.578396,540.080618,518.842800
1234.578745,540.080618,518.893414
1234.579169,540.080618,518.941216
1234.579800,540.080618,518.963272
1234.580252,540.080618,519.016347
1234.580659,540.080618,519.071238
1234.581158,540.080618,519.136883
1234.582001,540.080618,519.162677
1234.582229,540.080618,519.243957
1234.582490,540.080618,519.246901
1234.582635,540.080618,519.250747
1234.582994,540.080618,519.260395
1234.583123,540.080618,519.326125
1234.583237,540.080618,519.335685
1234.583497,540.080618,519.349077
1234.583784,540.080618,519.400256
1234.584056,540.080618,519.415226
1234.584223,540.080618,519.426240
1234.584384,540.080618,519.492488
1234.584673,540.080618,519.494907
1234.584857,540.080618,519.570973
1234.585016,540.080618,519.637136
1234.585267,540.080618,519.676838
1234.586151,540.080618,519.760248
1234.586434,540.080618,519.836096
1234.586626,540.080618,519.878677
1234.586964,540.080618,519.927467
1234.587336,540.080618,519.951682
1234.587852,540.080618,519.983213
1234.588119,540.080618,520.033029
1234.588278,540.080618,520.041722
1234.588542,540.080618,520.134395
1234.588806,540.080618,520.184072
1234.589255,540.080618,520.222790
1234.589445,540.080618,520.232390
1234.590328,540.080618,520.243386
1234.591076,540.080618,520.251634
1234.591674,540.080618,520.251725
1234.592132,540.080618,520.279957
1234.592414,540.080618,520.281792
1234.592721,540.080618,520.287936
1234.593002,540.080618,520.323872
1234.593290,540.080618,520.356563
1234.593666,540.080618,520.384526
1234.594141,540.080618,520.424096
1234.594408,540.080618,520.476440
1234.594568,540.080618,520.480181
1234.594812,540.080618,520.485680
1234.595012,540.080618,520.503155
1234.595269,540.080618,520.519654
1234.595640,540.080618,520.533477
1234.596074,540.080618,520.608453
1234.596364,540.080618,520.645547
1234.596901,540.080618,520.661216
1234.597158,540.080618,520.748168
1234.597410,540.080618,520.804390
1234.597600,540.080618,520.872970
1234.598455,540.080618,520.883803
1234.598706,540.080618,520.908070
1234.598845,540.080618,520.947797
1234.599142,540.080618,520.982208
1234.599500,540.080618,521.006995
1234.599930,540.080618,521.063392
1234.600151,540.080618,521.093658
1234.601705,540.080618,521.100922
1234.602065,540.080618,521.143027
1234.602431,540.080618,521.160826
1234.602674,540.080618,521.223808
1234.602838,540.080618,521.233490
1234.603046,540.080618,521.252710
1234.603448,540.080618,521.276917
1234.604748,540.080618,521.290248
1234.605178,540.080618,521.390475
1234.605754,540.080618,521.405845
1234.606007,540.080618,521.412880
1234.606149,540.080618,521.438931
1234.606417,540.080618,521.517571
1234.606767,540.080618,521.529222
1234.607147,540.080618,521.530616
1234.607723,540.080618,521.551978
1234.608600,540.080618,521.625994
1234.610790,540.080618,521.642272
1234.611283,540.080618,521.717390
1234.612105,540.080618,521.723978
1234.612407,540.080618,521.775611
1234.612914,540.080618,521.779392
1234.613408,540.080618,521.820558
1234.613655,540.080618,521.824230
1234.614130,540.080618,521.844229
1234.614535,540.080618,521.972082
1234.614967,540.080618,522.086168
1234.615515,540.080618,522.103902
1234.615737,540.080618,522.128296
1234.616028,540.080618,522.129862
1234.616137,540.080618,522.133728
1234.616413,540.080618,522.157845
1234.616681,540.080618,522.161907
1234.618370,540.080618,522.230986
1234.619285,540.080618,522.244946
1234.621503,540.080618,522.270514
1234.621773,540.080618,522.321899
1234.622617,540.080618,522.386651
1234.622973,540.080618,522.399072
1234.623171,540.080618,522.415680
1234.623633,540.080618,522.443554
1234.623891,540.080618,522.487470
1234.624152,540.080618,522.548442
1234.624329,540.080618,522.562936
1234.624579,540.080618,522.595355
1234.624910,540.080618,522.619021
1234.625157,540.080618,522.641720
1234.625684,540.080618,522.689491
1234.625992,540.080618,522.749347
1234.626522,540.080618,522.768096
1234.628406,540.080618,522.786614
1234.629183,540.080618,522.822104
1234.629439,540.080618,522.848512
1234.629706,540.080618,522.888904
1234.629879,540.080618,522.926480
1234.630118,540.080618,523.077253
1234.630340,540.080618,523.077730
1234.631180,540.080618,523.089051
1234.631664,540.080618,523.121632
1234.631926,540.080618,523.128216
1234.632230,540.080618,523.191872
1234.632539,540.080618,523.206347
1234.632797,540.080618,523.313342
1234.633331,540.080618,523.356064
1234.633468,540.080618,523.368256
1234.633733,540.080618,523.403894
1234.634605,540.080618,523.514405
1234.634898,540.080618,523.520730
1234.635127,540.080618,523.525472
1234.635530,540.080618,523.526003
1234.637194,540.080618,523.595280
1234.637288,540.080618,523.639826
1234.637701,540.080618,523.725931
1234.638054,540.080618,523.734906
1234.638287,540.080618,523.761882
1234.638954,540.080618,523.831715
1234.639814,540.080618,523.867669
1234.640062,540.080618,523.889998
1234.640221,540.080618,523.890042
1234.640317,540.080618,523.946370
1234.641277,540.080618,523.959694
1234.641657,540.080618,523.964214
1234.642607,540.080618,523.966728
1234.642881,540.080618,524.043690
1234.643172,540.080618,524.056482
1234.643379,540.080618,524.064267
1234.643574,540.080618,524.094075
1234.643795,540.080618,524.109686
1234.644273,540.080618,524.124989
1234.644435,540.080618,524.294352
1234.644857,540.080618,524.319802
1234.644977,540.080618,524.436288
1234.645170,540.080618,524.482475
1234.645292,540.080618,524.503936
1234.645560,540.080618,524.629544
1234.645700,540.080618,524.630290
1234.646273,540.080618,524.661669
1234.646524,540.080618,524.699456
1234.646921,540.080618,524.793653
1234.647179,540.080618,524.802197
1234.647621,540.080618,524.806656
1234.647838,540.080618,524.831829
1234.648036,540.080618,524.836467
1234.648474,540.080618,524.927174
1234.648995,540.080618,524.928576
1234.649737,540.080618,524.974752
1234.649913,540.080618,525.004339
1234.650153,540.080618,525.077589
1234.650419,540.080618,525.113216
1234.650847,540.080618,525.123278
1234.651089,540.080618,525.130598
1234.651396,540.080618,525.152288
1234.651713,540.080618,525.185842
1234.652286,540.080618,525.217038
1234.652650,540.080618,525.244966
1234.652853,540.080618,525.247296
1234.653004,540.080618,525.260472
1234.653242,540.080618,525.292558
1234.653901,540.080618,525.298824
1234.654061,540.080618,525.308128
1234.654371,540.080618,525.343650
1234.654643,540.080618,525.370051
1234.654931,540.080618,525.387027
1234.655220,540.080618,525.391616
1234.655500,540.080618,525.415955
1234.655943,540.080618,525.442746
1234.656305,540.080618,525.487222
1234.656597,540.080618,525.487349
1234.656854,540.080618,525.491840
1234.657099,540.080618,525.567051
1234.658050,540.080618,525.649768
1234.658467,540.080618,525.653786
1234.659010,540.080618,525.654578
1234.659322,540.080618,525.726987
1234.659504,540.080618,525.739819
1234.660280,540.080618,525.815912
1234.660531,540.080618,525.818085
1234.660799,540.080618,525.829232
1234.661211,540.080618,525.866842
1234.662022,540.080618,525.867349
1234.662205,540.080618,525.913077
1234.662350,540.080618,525.936726
1234.662800,540.080618,525.978970
1234.663035,540.080618,525.998824
1234.663282,540.080618,526.017062
1234.663661,540.080618,526.051477
1234.663986,540.080618,526.116211
1234.664478,540.080618,526.174267
1234.664893,540.080618,526.179890
1234.665058,540.080618,526.192243
1234.666649,540.080618,526.194814
1234.666897,540.080618,526.221408
1234.667192,540.080618,526.223157
1234.667330,540.080618,526.239219
1234.667674,540.080618,526.248397
1234.667794,540.080618,526.304144
1234.668073,540.080618,526.324515
1234.668529,540.080618,526.394795
1234.668754,540.080618,526.411619
1234.669042,540.080618,526.447555
1234.669324,540.080618,526.472699
1234.669563,540.080618,526.497094
1234.669824,540.080618,526.499662
1234.670036,540.080618,526.599011
1234.670213,540.080618,526.630562
1234.670403,540.080618,526.672670
1234.670630,540.080618,526.694501
1234.670838,540.080618,526.781221
1234.671056,540.080618,526.868950
1234.671562,540.080618,526.897310
1234.671818,540.080618,526.939658
1234.672336,540.080618,526.941344
1234.672586,540.080618,526.942555
1234.673074,540.080618,526.949077
1234.673339,540.080618,526.954827
1234.673943,540.080618,526.956371
1234.674338,540.080618,527.016011
1234.674536,540.080618,527.021323
1234.674894,540.080618,527.133824
1234.675081,540.080618,527.201472
1234.675348,540.080618,527.215662
1234.675670,540.080618,527.231328
1234.675921,540.080618,527.265416
1234.676144,540.080618,527.293963
1234.676295,540.080618,527.321691
1234.676888,540.080618,527.355557
1234.677208,540.080618,527.409976
1234.677625,540.080618,527.518618
1234.677893,540.080618,527.532571
1234.678845,540.080618,527.572107
1234.679451,540.080618,527.601371
1234.679785,540.080618,527.616942
1234.680013,540.080618,527.637704
1234.680434,540.080618,527.651411
1234.680754,540.080618,527.725184
1234.680948,540.080618,527.732011
1234.681262,540.080618,527.759176
1234.681522,540.080618,527.825531
1234.681783,540.080618,527.826307
1234.681977,540.080618,527.870746
1234.682160,540.080618,527.883104
1234.682299,540.080618,527.890907
1234.683187,540.080618,527.924117
1234.683349,540.080618,527.952192
1234.683669,540.080618,527.961965
1234.685557,540.080618,527.982843
1234.685842,540.080618,527.999315
1234.686082,540.080618,528.030290
1234.686993,540.080618,528.074984
1234.687908,540.080618,528.096610
1234.688174,540.080618,528.113491
1234.688605,540.080618,528.127624
1234.690102,540.080618,528.160496
1234.690373,540.080618,528.275547
1234.690582,540.080618,528.284782
1234.690874,540.080618,528.320072
1234.691232,540.080618,528.356970
1234.692119,540.080618,528.364981
1234.692355,540.080618,528.422405
1234.692815,540.080618,528.454984
1234.693665,540.080618,528.459456
1234.693889,540.080618,528.473622
1234.694363,540.080618,528.503157
1234.694547,540.080618,528.542307
1234.694996,540.080618,528.542955
1234.695987,540.080618,528.566176
1234.696380,540.080618,528.574418
1234.696726,540.080618,528.591144
1234.697171,540.080618,528.597763
1234.697829,540.080618,528.603637
1234.697982,540.080618,528.619187
1234.698216,540.080618,528.657910
1234.698544,540.080618,528.660882
1234.698880,540.080618,528.666667
1234.699176,540.080618,528.695990
1234.699572,540.080618,528.696360
1234.699820,540.080618,528.725056
1234.700036,540.080618,528.731928
1234.700152,540.080618,528.734602
1234.700323,540.080618,528.739440
1234.700937,540.080618,528.753970
1234.701084,540.080618,528.763422
1234.702554,540.080618,528.801131
1234.702855,540.080618,528.810886
1234.703148,540.080618,528.882088
1234.703712,540.080618,528.913640
1234.704087,540.080618,528.969594
1234.704428,540.080618,528.991123
1234.704800,540.080618,529.015917
1234.705166,540.080618,529.053325
1234.705750,540.080618,529.080184
1234.705991,540.080618,529.098507
1234.706436,540.080618,529.117000
1234.706648,540.080618,529.139795
1234.707163,540.080618,529.141978
1234.707605,540.080618,529.173760
1234.708022,540.080618,529.206739
1234.708300,540.080618,529.236224
1234.708560,540.080618,529.239904
1234.708792,540.080618,529.247478
1234.709584,540.080618,529.256358
1234.709870,540.080618,529.307024
1234.710233,540.080618,529.308478
1234.710478,540.080618,529.323002
1234.710740,540.080618,529.345445
1234.711028,540.080618,529.369787
1234.711621,540.080618,529.393595
1234.711785,540.080618,529.405442
1234.712268,540.080618,529.425779
1234.715291,540.080618,529.428758
1234.715544,540.080618,529.451718
1234.715909,540.080618,529.466971
1234.716247,540.080618,529.470178
1234.716604,540.080618,529.510925
1234.716842,540.080618,529.519736
1234.717008,540.080618,529.561622
1234.718790,540.080618,529.580096
1234.719648,540.080618,529.585376
1234.719816,540.080618,529.611427
1234.720112,540.080618,529.626974
1234.721125,540.080618,529.655174
1234.721399,540.080618,529.690741
1234.722341,540.080618,529.718245
1234.722579,540.080618,529.750835
1234.722725,540.080618,529.775275
1234.722921,540.080618,529.775712
1234.723173,540.080618,529.795438
1234.723554,540.080618,529.811730
1234.724566,540.080618,529.849022
1234.725441,540.080618,529.880109
1234.725904,540.080618,529.882299
1234.726138,540.080618,529.883675
1234.726346,540.080618,529.889749
1234.726854,540.080618,529.925339
1234.727451,540.080618,529.941358
1234.728402,540.080618,530.002944
1234.728986,540.080618,530.004422
1234.729376,540.080618,530.015528
1234.729588,540.080618,530.027634
1234.731107,540.080618,530.028736
1234.731362,540.080618,530.030677
1234.731771,540.080618,530.031565
1234.732209,540.080618,530.084270
1234.732436,540.080618,530.092302
1234.732718,540.080618,530.165656
1234.733849,540.080618,530.240341
1234.734758,540.080618,530.242542
1234.735621,540.080618,530.279435
1234.736145,540.080618,530.369192
1234.736387,540.080618,530.461339
1234.736627,540.080618,530.473056
1234.736782,540.080618,530.502158
1234.737007,540.080618,530.508374
1234.737355,540.080618,530.568248
1234.737601,540.080618,530.713258
1234.737860,540.080618,530.796891
1234.738297,540.080618,530.796896
1234.738534,540.080618,530.814306
1234.738936,540.080618,530.817581
1234.740452,540.080618,530.848627
1234.740634,540.080618,530.876022
1234.740949,540.080618,530.905258
1234.741331,540.080618,530.988806
1234.742132,540.080618,531.034811
1234.742374,540.080618,531.058355
1234.744154,540.080618,531.094253
1234.744309,540.080618,531.097278
1234.744865,540.080618,531.123746
1234.745645,540.080618,531.132917
1234.745856,540.080618,531.140661
1234.746178,540.080618,531.232482
1234.746601,540.080618,531.241211
1234.747062,540.080618,531.263539
1234.747207,540.080618,531.263797
1234.747403,540.080618,531.278662
1234.747605,540.080618,531.286042
1234.747782,540.080618,531.304971
1234.748063,540.080618,531.325088
1234.748342,540.080618,531.390997
1234.748484,540.080618,531.431216
1234.748728,540.080618,531.432760
1234.749094,540.080618,531.457749
1234.749300,540.080618,531.461299
1234.749597,540.080618,531.462371
1234.749970,540.080618,531.468219
1234.750307,540.080618,531.468290
1234.750652,540.080618,531.501170
1234.750808,540.080618,531.515050
1234.751043,540.080618,531.578144
1234.751160,540.080618,531.587869
1234.751340,540.080618,531.613907
1234.753166,540.080618,531.615509
1234.753355,540.080618,531.645851
1234.753598,540.080618,531.692787
1234.754404,540.080618,531.716946
1234.754825,540.080618,531.719493
1234.754953,540.080618,531.753843
1234.755327,540.080618,531.817350
1234.755722,540.080618,531.856078
1234.756057,540.080618,531.884574
1234.756703,540.080618,531.977152
1234.757084,540.080618,532.029349
1234.757264,540.080618,532.050514
1234.757607,540.080618,532.081304
1234.757748,540.080618,532.151218
1234.758165,540.080618,532.195035
1234.758402,540.080618,532.226434
1234.758875,540.080618,532.310067
1234.759700,540.080618,532.336930
1234.760180,540.080618,532.351024
1234.760379,540.080618,532.379765
1234.760898,540.080618,532.395253
1234.761133,540.080618,532.396323
1234.761520,540.080618,532.480416
1234.761889,540.080618,532.510677
1234.762146,540.080618,532.517867
1234.762700,540.080618,532.543029
1234.763095,540.080618,532.550995
1234.763589,540.080618,532.581211
1234.763798,540.080618,532.583146
1234.764070,540.080618,532.587590
1234.764859,540.080618,532.589608
1234.765076,540.080618,532.711216
1234.765324,540.080618,532.716602
1234.765572,540.080618,532.836814
1234.767524,540.080618,532.845429
1234.768075,540.080618,532.920584
1234.768212,540.080618,532.931893
1234.768710,540.080618,532.936064
1234.769609,540.080618,533.033632
1234.769803,540.080618,533.038699
1234.770268,540.080618,533.067059
1234.770508,540.080618,533.101163
1234.770704,540.080618,533.115845
1234.770928,540.080618,533.130618
1234.771703,540.080618,533.144461
1234.771991,540.080618,533.154794
1234.772332,540.080618,533.177946
1234.772708,540.080618,533.219685
1234.772903,540.080618,533.239560
1234.773211,540.080618,533.243941
1234.773590,540.080618,533.255152
1234.775052,540.080618,533.272240
1234.775398,540.080618,533.284789
1234.775964,540.080618,533.290784
1234.776435,540.080618,533.313336
1234.776602,540.080618,533.322042
1234.776994,540.080618,533.330216
1234.778826,540.080618,533.330638
1234.780874,540.080618,533.331931
1234.781178,540.080618,533.366096
1234.781598,540.080618,533.368886
1234.781896,540.080618,533.377592
1234.782200,540.080618,533.388462
1234.782488,540.080618,533.389008
1234.782700,540.080618,533.415765
1234.782941,540.080618,533.455974
1234.783917,540.080618,533.465747
1234.785410,540.080618,533.485472
1234.785689,540.080618,533.541056
1234.786204,540.080618,533.550832
1234.786427,540.080618,533.553344
1234.787402,540.080618,533.558054
1234.787808,540.080618,533.560990
1234.788124,540.080618,533.595200
1234.788315,540.080618,533.596021
1234.788685,540.080618,533.600550
1234.788863,540.080618,533.607696
1234.788989,540.080618,533.615827
1234.789287,540.080618,533.619883
1234.789535,540.080618,533.643790
1234.789979,540.080618,533.655739
1234.790345,540.080618,533.662096
1234.790579,540.080618,533.673976
1234.790725,540.080618,533.676747
1234.791119,540.080618,533.694950
1234.791484,540.080618,533.730061
1234.791634,540.080618,533.731403
1234.793073,540.080618,533.739157
1234.793339,540.080618,533.775498
1234.794204,540.080618,533.812440
1234.794611,540.080618,533.818306
1234.795590,540.080618,533.824946
1234.795846,540.080618,533.899605
1234.796050,540.080618,533.902069
1234.796521,540.080618,533.904811
1234.796839,540.080618,533.958656
1234.797070,540.080618,533.986662
1234.797193,540.080618,533.990619
1234.797610,540.080618,534.022624
1234.797928,540.080618,534.039835
1234.798325,540.080618,534.043314
1234.798858,540.080618,534.052789
1234.799003,540.080618,534.065856
1234.799126,540.080618,534.067024
1234.799382,540.080618,534.081339
1234.799629,540.080618,534.089130
1234.799860,540.080618,534.099682
1234.800101,540.080618,534.170624
1234.800969,540.080618,534.186374
1234.801289,540.080618,534.187178
1234.801713,540.080618,534.312130
1234.802682,540.080618,534.361837
1234.803516,540.080618,534.402291
1234.803894,540.080618,534.460842
1234.804177,540.080618,534.479472
1234.804363,540.080618,534.519349
1234.804858,540.080618,534.529118
1234.806367,540.080618,534.551232
1234.806756,540.080618,534.569275
1234.807043,540.080618,534.629251
1234.807229,540.080618,534.715107
1234.807521,540.080618,534.719102
1234.807943,540.080618,534.746422
1234.808108,540.080618,534.793216
1234.808362,540.080618,534.803995
1234.808646,540.080618,534.805435
1234.810331,540.080618,534.820853
1234.810544,540.080618,534.836074
1234.811515,540.080618,534.912165
1234.811840,540.080618,534.913778
1234.812044,540.080618,534.923285
1234.812181,540.080618,534.945205
1234.812427,540.080618,534.955056
1234.812737,540.080618,534.984902
1234.814245,540.080618,535.022904
1234.814784,540.080618,535.034875
1234.815189,540.080618,535.056555
1234.815343,540.080618,535.076517
1234.815672,540.080618,535.099123
1234.816246,540.080618,535.120664
1234.816372,540.080618,535.223014
1234.816699,540.080618,535.270619
1234.817118,540.080618,535.283336
1234.817315,540.080618,535.284486
1234.817457,540.080618,535.343456
1234.818222,540.080618,535.361496
1234.818801,540.080618,535.368003
1234.819332,540.080618,535.368509
1234.819919,540.080618,535.380480
1234.820143,540.080618,535.380635
1234.820517,540.080618,535.429547
1234.820660,540.080618,535.462579
1234.821076,540.080618,535.484443
1234.822790,540.080618,535.484926
1234.823365,540.080618,535.729616
1234.823567,540.080618,535.731899
1234.823705,540.080618,535.745539
1234.824073,540.080618,535.855320
1234.824653,540.080618,535.862693
1234.824998,540.080618,535.877594
1234.825734,540.080618,535.904187
1234.826191,540.080618,535.940622
1234.826366,540.080618,535.942869
1234.826506,540.080618,535.951546
1234.827057,540.080618,535.953701
1234.827184,540.080618,535.960736
1234.827905,540.080618,535.976082
1234.828861,540.080618,535.990238
1234.829232,540.080618,535.997034
1234.829642,540.080618,536.021795
1234.830048,540.080618,536.029467
1234.830452,540.080618,536.045174
1234.830778,540.080618,536.051573
1234.831024,540.080618,536.053424
1234.831237,540.080618,536.086416
1234.832290,540.080618,536.088080
1234.832588,540.080618,536.109653
1234.832858,540.080618,536.121846
1234.833114,540.080618,536.128150
1234.833416,540.080618,536.134429
1234.834692,540.080618,536.144563
1234.835540,540.080618,536.156510
1234.835716,540.080618,536.186640
1234.835946,540.080618,536.207682
1234.836721,540.080618,536.359387
1234.836968,540.080618,536.359814
1234.837174,540.080618,536.371512
1234.837317,540.080618,536.374574
1234.838178,540.080618,536.374965
1234.838440,540.080618,536.379147
1234.838697,540.080618,536.403054
1234.839143,540.080618,536.406528
1234.839336,540.080618,536.408955
1234.839659,540.080618,536.433725
1234.839946,540.080618,536.436011
1234.840353,540.080618,536.440360
1234.841190,540.080618,536.444998
1234.841842,540.080618,536.534118
1234.842229,540.080618,536.565792
1234.842501,540.080618,536.570896
1234.842807,540.080618,536.584077
1234.843218,540.080618,536.584210
1234.843447,540.080618,536.593362
1234.844385,540.080618,536.602880
1234.844554,540.080618,536.624275
1234.845373,540.080618,536.664075
1234.845727,540.080618,536.755509
1234.845995,540.080618,536.762421
1234.846193,540.080618,536.767701
1234.846503,540.080618,536.875443
1234.847477,540.080618,536.878885
1234.847853,540.080618,536.926952
1234.847994,540.080618,536.930197
1234.848161,540.080618,536.948302
1234.848410,540.080618,536.960000
1234.848679,540.080618,536.960054
1234.848954,540.080618,536.989962
1234.849357,540.080618,537.025523
1234.849753,540.080618,537.028146
1234.851810,540.080618,537.031701
1234.853284,540.080618,537.047051
1234.853716,540.080618,537.064992
1234.854050,540.080618,537.082310
1234.854344,540.080618,537.089461
1234.854465,540.080618,537.090176
1234.854895,540.080618,537.094102
1234.855302,540.080618,537.108080
1234.855620,540.080618,537.170165
1234.855821,540.080618,537.218958
1234.856193,540.080618,537.228552
1234.856608,540.080618,537.243466
1234.857394,540.080618,537.248885
1234.857663,540.080618,537.248992
1234.858129,540.080618,537.253998
1234.858344,540.080618,537.269467
1234.858725,540.080618,537.315669
1234.859152,540.080618,537.336792
1234.859665,540.080618,537.351533
1234.859833,540.080618,537.393166
1234.860053,540.080618,537.439339
1234.860259,540.080618,537.475608
1234.861697,540.080618,537.476955
1234.862115,540.080618,537.489602
1234.862591,540.080618,537.490752
1234.862857,540.080618,537.491888
1234.863164,540.080618,537.517141
1234.863445,540.080618,537.521970
1234.865367,540.080618,537.533899
1234.865785,540.080618,537.568256
1234.866065,540.080618,537.600965
1234.866318,540.080618,537.614357
1234.866592,540.080618,537.669595
1234.867982,540.080618,537.718656
1234.868125,540.080618,537.750238
1234.869065,540.080618,537.758749
1234.869669,540.080618,537.782616
1234.870070,540.080618,537.787176
1234.870582,540.080618,537.788309
1234.870744,540.080618,537.797875
1234.871146,540.080618,537.805387
1234.871554,540.080618,537.833618
1234.871794,540.080618,537.847862
1234.872110,540.080618,537.891973
1234.872256,540.080618,537.920082
1234.872471,540.080618,537.980248
1234.872671,540.080618,538.070086
1234.872848,540.080618,538.084115
1234.872936,540.080618,538.101579
1234.873859,540.080618,538.121083
1234.874615,540.080618,538.141184
1234.875186,540.080618,538.153634
1234.875684,540.080618,538.156621
1234.876119,540.080618,538.211587
1234.876267,540.080618,538.213397
1234.876524,540.080618,538.237685
1234.876713,540.080618,538.263419
1234.877078,540.080618,538.275117
1234.877328,540.080618,538.295648
1234.877618,540.080618,538.338754
1234.878099,540.080618,538.348603
1234.879550,540.080618,538.367349
1234.879741,540.080618,538.371198
1234.880616,540.080618,538.382725
1234.880891,540.080618,538.404456
1234.881388,540.080618,538.418083
1234.881716,540.080618,538.469902
1234.881896,540.080618,538.470136
1234.882072,540.080618,538.477646
1234.882358,540.080618,538.536523
1234.883171,540.080618,538.550442
1234.883292,540.080618,538.566224
1234.883537,540.080618,538.568658
1234.884413,540.080618,538.589152
1234.884700,540.080618,538.589248
1234.884935,540.080618,538.612331
1234.885219,540.080618,538.613837
1234.885680,540.080618,538.620067
1234.886660,540.080618,538.620190
1234.887830,540.080618,538.621843
1234.888232,540.080618,538.633744
1234.888429,540.080618,538.664642
1234.888708,540.080618,538.689376
1234.888970,540.080618,538.727982
1234.889114,540.080618,538.745461
1234.889356,540.080618,538.750960
1234.889559,540.080618,538.768202
1234.889797,540.080618,538.815830
1234.890202,540.080618,538.881110
1234.890447,540.080618,538.885808
1234.890686,540.080618,538.901528
1234.890825,540.080618,538.975570
1234.891178,540.080618,538.986251
1234.891371,540.080618,539.002507
1234.891610,540.080618,539.012053
1234.892468,540.080618,539.013448
1234.892741,540.080618,539.069533
1234.892985,540.080618,539.075014
1234.893377,540.080618,539.083642
1234.894920,540.080618,539.103266
1234.896574,540.080618,539.135179
1234.896973,540.080618,539.142875
1234.897105,540.080618,539.175619
1234.897620,540.080618,539.185891
1234.897930,540.080618,539.261867
1234.898198,540.080618,539.263328
1234.898450,540.080618,539.263622
1234.898683,540.080618,539.276326
1234.899053,540.080618,539.287936
1234.899177,540.080618,539.309946
1234.899640,540.080618,539.338395
1234.899874,540.080618,539.375936
1234.900131,540.080618,539.408307
1234.900508,540.080618,539.423531
1234.900856,540.080618,539.426106
1234.901105,540.080618,539.429141
1234.901240,540.080618,539.489330
1234.903044,540.080618,539.501680
1234.903333,540.080618,539.508122
1234.903501,540.080618,539.601248
1234.904398,540.080618,539.609155
1234.904702,540.080618,539.626208
1234.905003,540.080618,539.642024
1234.905356,540.080618,539.658818
1234.906159,540.080618,539.671125
1234.906439,540.080618,539.693061
1234.906795,540.080618,539.694381
1234.908607,540.080618,539.717338
1234.908843,540.080618,539.731171
1234.909343,540.080618,539.762528
1234.909665,540.080618,539.796547
1234.909846,540.080618,539.824378
1234.911583,540.080618,539.922168
1234.911922,540.080618,539.946528
1234.912408,540.080618,539.947646
1234.913900,540.080618,539.968502
1234.914066,540.080618,539.980558
1234.914291,540.080618,539.983285
1234.915503,540.080618,539.985909
1234.915768,540.080618,539.988954
1234.916179,540.080618,540.076139
