Time,UB,LB
0.000000,472.719051,19.926203
0.010714,472.719051,19.952094
0.010893,472.719051,19.961354
0.011108,472.719051,20.028006
0.011233,472.719051,20.079250
0.011379,472.719051,20.115674
0.011540,472.719051,20.121846
0.011586,472.719051,20.131718
0.011678,472.719051,20.144038
0.011721,472.719051,20.168142
0.011830,472.719051,20.208266
0.011980,472.719051,20.284178
0.012081,472.719051,20.286038
0.012236,472.719051,20.322462
0.012535,472.719051,20.336646
0.012585,472.719051,20.349554
0.012630,472.719051,20.362586
0.012686,472.719051,20.378018
0.012782,472.719051,20.387890
0.012895,472.719051,20.415054
0.013018,472.719051,20.424314
0.013320,472.719051,20.490966
0.013446,472.719051,20.542210
0.013569,472.719051,20.569374
0.013627,472.719051,20.578634
0.013822,472.719051,20.584806
0.013879,472.719051,20.594678
0.014004,472.719051,20.631102
0.014430,472.719051,20.671226
0.014557,472.719051,20.747138
0.014624,472.719051,20.748998
0.014684,472.719051,20.758646
0.019101,472.719051,20.785422
0.019277,472.719051,20.809842
0.019376,472.719051,20.825546
0.019491,472.719051,20.840978
0.019614,472.719051,20.850850
0.085253,471.574587,20.850850
0.093656,467.366682,20.850850
0.093713,465.821538,20.850850
0.093725,460.034018,20.850850
0.120998,458.144386,20.850850
0.121002,451.171586,20.850850
0.121031,449.554242,20.850850
0.121167,447.003522,20.850850
0.121719,438.593114,20.850850
0.160849,437.597696,20.850850
0.160861,435.022528,20.850850
0.160874,432.605184,20.850850
0.160877,425.632384,20.850850
0.161161,423.313144,20.850850
0.161529,416.507632,20.850850
0.166039,415.882501,20.850850
0.166052,413.465157,20.850850
0.166055,406.492357,20.850850
0.171494,405.566437,20.850850
0.172905,395.931040,20.850850
0.172934,389.990240,20.850850
0.172944,387.415072,20.850850
0.172956,384.997728,20.850850
0.172959,378.024928,20.850850
0.182854,371.823490,20.850850
0.183955,366.805262,20.850850
0.183968,364.387918,20.850850
0.183971,357.415118,20.850850
0.199195,356.687162,20.850850
0.205917,356.413918,20.850850
0.205951,354.796574,20.850850
0.214444,354.180986,20.850850
0.511284,352.283669,20.850850
0.511369,349.750357,20.850850
0.511381,347.333013,20.850850
0.511384,340.360213,20.850850
0.512629,338.954242,20.850850
0.717476,337.081266,20.850850
0.929679,336.362789,20.850850
0.941802,334.855381,20.850850
1.191174,334.559086,20.850850
1.810245,331.015322,20.850850
2.156147,330.945923,20.850850
2.156335,328.523131,20.850850
2.156348,326.105787,20.850850
2.156351,319.132987,20.850850
2.291385,318.540398,20.850850
2.896155,317.408909,20.850850
2.896160,310.436109,20.850850
3.152999,295.443818,20.850850
3.158459,294.980858,20.850850
3.208620,294.736920,20.850850
3.208937,290.166520,20.850850
3.210301,285.612168,20.850850
3.671130,282.711350,20.850850
3.804955,282.049136,20.850850
3.804993,280.431792,20.850850
3.810627,279.372496,20.850850
3.895097,275.720686,20.850850
3.898950,270.703627,20.850850
3.915124,268.614432,20.850850
3.915381,266.308539,20.850850
3.915404,261.150272,20.850850
3.915443,259.532928,20.850850
3.916438,256.424192,20.850850
3.931865,255.336624,20.850850
3.931871,248.363824,20.850850
3.932472,247.470064,20.850850
3.932507,245.852720,20.850850
4.045585,245.307371,20.850850
4.113852,238.306800,20.850850
4.114753,235.483691,20.850850
4.114777,234.377690,20.850850
4.114822,232.760346,20.850850
4.132913,231.942435,20.850850
4.837275,231.936997,20.850850
4.909337,227.936650,20.850850
4.910529,227.907758,20.850850
4.917717,226.336426,20.850850
4.918099,222.113317,20.850850
4.953710,219.128970,20.850850
6.631406,218.858890,20.850850
6.674561,217.789198,20.850850
6.678870,214.816650,20.850850
6.787403,212.532302,20.850850
15.116235,210.175814,20.850850
15.128718,208.437478,20.850850
15.128732,206.020134,20.850850
15.128737,199.047334,20.850850
15.249287,198.121414,20.850850
15.424921,195.386174,20.850850
15.620564,194.460254,20.850850
15.884608,193.993864,20.850850
15.884621,191.576520,20.850850
15.884624,184.603720,20.850850
15.967035,182.785381,20.850850
61.225087,176.946611,20.850850
61.523097,175.379106,20.850850
61.523300,174.600947,20.850850
98.877661,173.527266,20.850850
99.620996,173.341696,20.850850
108.888467,171.105179,20.850850
108.922380,171.060494,20.850850
109.201358,168.364842,20.850850
109.201566,167.586683,20.850850
109.297598,166.716554,20.850850
113.207267,166.617246,20.850850
113.223032,165.327674,20.850850
115.245265,164.659282,20.850850
116.683972,163.486386,20.850850
116.684172,162.708227,20.850850
117.133358,159.198202,20.850850
117.346419,156.011400,20.850850
117.351070,154.831240,20.850850
117.429410,152.394525,20.850850
117.429597,151.320072,20.850850
117.446775,150.918070,20.850850
117.446885,150.139912,20.850850
156.915137,148.690845,20.850850
156.927754,147.214390,20.850850
220.026215,147.214390,20.878014
220.026333,147.214390,20.887274
220.026621,147.214390,20.995298
220.026677,147.214390,21.010848
220.026727,147.214390,21.041594
220.026788,147.214390,21.047766
220.026847,147.214390,21.064386
220.026901,147.214390,21.094062
220.026959,147.214390,21.158646
292.898094,147.214390,21.184538
326.262745,147.214390,21.193797
363.612458,146.838600,21.193797
363.807029,145.143776,21.193797
363.807370,144.069323,21.193797
363.843816,143.316229,21.193797
363.843978,142.241776,21.193797
427.756844,142.241776,21.207541
441.403733,140.558893,21.207541
442.800042,140.352899,21.207541
448.003377,140.352899,21.211958
448.003420,140.352899,21.248382
448.003483,140.352899,21.303938
448.003534,140.352899,21.350234
448.003710,140.352899,21.463712
448.003761,140.352899,21.468130
448.003814,140.352899,21.504554
448.003872,140.352899,21.545864
448.004036,140.352899,21.557022
448.004301,140.352899,21.610461
448.004367,140.352899,21.612696
448.004419,140.352899,21.656243
448.004472,140.352899,21.670501
448.004532,140.352899,21.813194
448.004699,140.352899,21.847725
448.004757,140.352899,21.967514
448.004834,140.352899,22.039682
448.004998,140.352899,22.048216
448.005069,140.352899,22.073421
448.005130,140.352899,22.174302
448.005208,140.352899,22.182843
448.005279,140.352899,22.237218
448.005327,140.352899,22.295853
448.005532,140.352899,22.341549
448.005592,140.352899,22.422402
448.005647,140.352899,22.536381
448.005705,140.352899,22.594136
448.005759,140.352899,22.615776
448.005830,140.352899,22.638450
448.005974,140.352899,22.664392
448.006043,140.352899,22.752034
448.006109,140.352899,22.763086
448.006248,140.352899,22.835960
448.006318,140.352899,22.878120
448.006381,140.352899,22.923579
448.006502,140.352899,22.979205
448.006570,140.352899,22.998946
448.006631,140.352899,23.059381
448.006696,140.352899,23.075987
448.006759,140.352899,23.082285
448.006830,140.352899,23.094168
448.006884,140.352899,23.116110
448.006944,140.352899,23.326203
448.013683,140.352899,23.342222
448.014104,140.352899,23.346416
448.014174,140.352899,23.350246
448.014264,140.352899,23.369378
448.014347,140.352899,23.410419
448.014416,140.352899,23.452098
448.014504,140.352899,23.453958
448.014546,140.352899,23.458258
448.014586,140.352899,23.503822
448.014719,140.352899,23.509784
448.014792,140.352899,23.522341
448.014871,140.352899,23.555091
448.014950,140.352899,23.561970
448.015019,140.352899,23.598394
448.015064,140.352899,23.657533
448.015147,140.352899,23.658886
448.015277,140.352899,23.710130
448.015359,140.352899,23.758646
448.015447,140.352899,23.777986
448.015526,140.352899,23.795118
448.015599,140.352899,23.813206
448.015644,140.352899,23.831712
448.015685,140.352899,23.832338
448.015775,140.352899,23.858646
448.017152,140.352899,23.864450
448.017196,140.352899,23.882955
448.017241,140.352899,23.907541
448.017317,140.352899,23.915058
448.017409,140.352899,23.916918
448.017492,140.352899,23.935424
448.017572,140.352899,23.954290
448.017639,140.352899,23.965410
448.017685,140.352899,24.026203
448.018618,140.352899,24.034157
448.018704,140.352899,24.069378
448.018752,140.352899,24.103190
448.018882,140.352899,24.119730
448.018987,140.352899,24.121846
448.019078,140.352899,24.138861
448.019118,140.352899,24.145858
448.019210,140.352899,24.158646
448.021825,140.352899,24.201821
448.021902,140.352899,24.209514
448.021984,140.352899,24.210461
448.022129,140.352899,24.223442
448.022170,140.352899,24.228915
448.022244,140.352899,24.235245
448.022286,140.352899,24.241472
448.022362,140.352899,24.263077
448.022434,140.352899,24.272336
448.022581,140.352899,24.276166
448.022627,140.352899,24.288024
448.022701,140.352899,24.298394
448.022819,140.352899,24.327410
448.022865,140.352899,24.337010
448.022915,140.352899,24.353282
448.022962,140.352899,24.355515
448.023003,140.352899,24.379878
448.023089,140.352899,24.426130
448.023158,140.352899,24.428370
448.023290,140.352899,24.448261
448.023441,140.352899,24.457373
448.023518,140.352899,24.460677
448.023594,140.352899,24.479613
448.023636,140.352899,24.513206
448.023688,140.352899,24.518722
448.023802,140.352899,24.531712
448.023845,140.352899,24.532338
448.023896,140.352899,24.534198
448.023941,140.352899,24.558646
448.029113,140.352899,24.563032
448.029192,140.352899,24.574666
448.029307,140.352899,24.584806
448.029407,140.352899,24.595035
448.029435,140.352899,24.601821
448.029530,140.352899,24.611686
448.029629,140.352899,24.625286
448.029696,140.352899,24.635634
448.029886,140.352899,24.645650
448.029936,140.352899,24.658184
448.029989,140.352899,24.664155
448.030036,140.352899,24.665410
448.030104,140.352899,24.684541
448.030158,140.352899,24.686402
448.030182,140.352899,24.688493
448.030236,140.352899,24.696893
448.030281,140.352899,24.715398
448.030327,140.352899,24.716653
448.030376,140.352899,24.726203
448.030662,140.352899,24.739126
448.030819,140.352899,24.743170
448.030860,140.352899,24.774893
448.030995,140.352899,24.775419
448.031219,140.352899,24.790370
448.031318,140.352899,24.794413
448.031358,140.352899,24.801112
448.031403,140.352899,24.803190
448.031450,140.352899,24.819101
448.031499,140.352899,24.819730
448.031616,140.352899,24.827741
448.031692,140.352899,24.838861
448.031754,140.352899,24.842838
448.031812,140.352899,24.858646
448.032731,140.352899,24.870603
448.032783,140.352899,24.873090
448.032836,140.352899,24.880210
448.032975,140.352899,24.891330
448.033060,140.352899,24.894589
448.033114,140.352899,24.895282
448.033183,140.352899,24.901821
448.033233,140.352899,24.909197
448.033280,140.352899,24.921581
448.033341,140.352899,24.935634
448.033451,140.352899,24.960603
448.033615,140.352899,24.961970
448.033664,140.352899,24.978301
448.033764,140.352899,24.982208
448.033847,140.352899,24.995298
448.033962,140.352899,25.045650
448.034015,140.352899,25.047766
448.034076,140.352899,25.053282
448.034127,140.352899,25.077749
448.034176,140.352899,25.078018
448.034235,140.352899,25.090107
448.034292,140.352899,25.096893
448.034343,140.352899,25.119730
448.034488,140.352899,25.127122
448.034559,140.352899,25.128370
448.034660,140.352899,25.136002
448.034895,140.352899,25.136381
448.035037,140.352899,25.147501
448.035098,140.352899,25.150760
448.035151,140.352899,25.155522
448.035195,140.352899,25.158646
448.035297,140.352899,25.165368
448.035349,140.352899,25.167867
448.035394,140.352899,25.175949
448.035445,140.352899,25.179613
448.035548,140.352899,25.188997
448.035704,140.352899,25.202086
448.035761,140.352899,25.212315
448.035803,140.352899,25.258646
448.041611,140.352899,25.260032
448.041688,140.352899,25.262930
448.041820,140.352899,25.263558
448.041856,140.352899,25.268717
448.041941,140.352899,25.282690
448.042135,140.352899,25.288936
448.042220,140.352899,25.295035
448.042297,140.352899,25.301821
448.042476,140.352899,25.303938
448.042602,140.352899,25.312941
448.042651,140.352899,25.313704
448.042702,140.352899,25.320326
448.042756,140.352899,25.321501
448.042842,140.352899,25.334776
448.042961,140.352899,25.336050
448.043014,140.352899,25.345650
448.043076,140.352899,25.346278
448.043151,140.352899,25.351165
448.043225,140.352899,25.354290
448.043342,140.352899,25.355662
448.043425,140.352899,25.364155
448.043477,140.352899,25.365410
448.043626,140.352899,25.366642
448.043681,140.352899,25.372157
448.043789,140.352899,25.384541
448.043907,140.352899,25.390701
448.044003,140.352899,25.392173
448.044257,140.352899,25.407624
448.044508,140.352899,25.411693
448.044562,140.352899,25.415896
448.044680,140.352899,25.448117
448.044759,140.352899,25.458258
448.044882,140.352899,25.464162
448.044982,140.352899,25.468486
448.045022,140.352899,25.473202
448.045110,140.352899,25.488227
448.045310,140.352899,25.500586
448.045373,140.352899,25.508610
448.045416,140.352899,25.509373
448.045482,140.352899,25.510726
448.045543,140.352899,25.511869
448.045655,140.352899,25.520955
448.045741,140.352899,25.521846
448.045801,140.352899,25.524214
448.045861,140.352899,25.530837
448.046118,140.352899,25.540978
448.046177,140.352899,25.542838
448.046231,140.352899,25.545107
448.046315,140.352899,25.551206
448.046398,140.352899,25.558646
448.048091,140.352899,25.559853
448.048134,140.352899,25.571570
448.048315,140.352899,25.572198
448.048355,140.352899,25.591330
448.048556,140.352899,25.594034
448.048616,140.352899,25.596088
448.048681,140.352899,25.601821
448.048838,140.352899,25.602450
448.049073,140.352899,25.607336
448.049245,140.352899,25.608622
482.454578,140.352899,25.621581
494.400006,140.352899,25.775901
494.400102,140.352899,26.015286
494.400199,140.352899,26.238861
494.400265,140.352899,26.258646
494.400325,140.352899,26.272445
494.400384,140.352899,26.528370
494.400434,140.352899,26.658646
494.404134,140.352899,26.683616
494.404198,140.352899,26.701821
494.404419,140.352899,26.775901
494.404589,140.352899,26.800072
494.404649,140.352899,26.812443
494.404724,140.352899,26.930850
494.404816,140.352899,26.958646
494.404888,140.352899,27.021581
494.404991,140.352899,27.140664
494.405114,140.352899,27.175901
494.405151,140.352899,27.219730
494.405199,140.352899,27.226021
494.405340,140.352899,27.239490
494.405426,140.352899,27.358646
494.409378,140.352899,27.392686
494.409449,140.352899,27.393181
494.409507,140.352899,27.393810
494.409621,140.352899,27.412941
494.409785,140.352899,27.426037
494.409850,140.352899,27.462285
494.410042,140.352899,27.475901
494.410116,140.352899,27.568486
494.410254,140.352899,27.581952
494.410356,140.352899,27.630850
494.410468,140.352899,27.642566
494.410649,140.352899,27.658646
494.410761,140.352899,27.701821
494.410886,140.352899,27.721581
494.411062,140.352899,27.738363
494.411131,140.352899,27.840664
494.411317,140.352899,27.875901
494.411369,140.352899,27.879507
494.411541,140.352899,27.939490
494.411843,140.352899,27.973299
494.411955,140.352899,27.982006
494.412040,140.352899,27.990733
494.412069,140.352899,28.042566
494.412194,140.352899,28.058646
494.416283,140.352899,28.082690
494.416357,140.352899,28.086395
494.416406,140.352899,28.093810
494.416473,140.352899,28.095035
494.416585,140.352899,28.101821
494.416715,140.352899,28.112941
494.417331,140.352899,28.165410
494.417388,140.352899,28.184541
494.417501,140.352899,28.195661
494.417540,140.352899,28.253571
494.418067,140.352899,28.259846
494.418118,140.352899,28.260475
494.418319,140.352899,28.280704
494.418410,140.352899,28.281442
494.418666,140.352899,28.312941
494.418726,140.352899,28.330850
494.418885,140.352899,28.338861
494.418997,140.352899,28.351206
494.419106,140.352899,28.377315
494.419157,140.352899,28.391330
494.419228,140.352899,28.401821
494.419427,140.352899,28.402450
494.419473,140.352899,28.421507
494.419527,140.352899,28.421581
494.419915,140.352899,28.490627
494.419985,140.352899,28.493736
494.420036,140.352899,28.508006
494.420096,140.352899,28.540664
494.420260,140.352899,28.542525
494.420386,140.352899,28.545650
494.420455,140.352899,28.567261
494.420729,140.352899,28.579507
494.420843,140.352899,28.606104
494.421029,140.352899,28.628370
494.421181,140.352899,28.639490
494.421225,140.352899,28.647501
494.421434,140.352899,28.677678
494.421553,140.352899,28.680813
494.421741,140.352899,28.696845
494.421877,140.352899,28.712315
494.421935,140.352899,28.716531
494.422110,140.352899,28.746173
494.422273,140.352899,28.758646
494.425874,140.352899,28.766584
494.426015,140.352899,28.782690
494.426096,140.352899,28.793046
494.426333,140.352899,28.793810
494.426625,140.352899,28.795035
494.426793,140.352899,28.801821
494.427097,140.352899,28.825286
494.427215,140.352899,28.835634
494.427702,140.352899,28.854290
494.427909,140.352899,28.862285
494.428268,140.352899,28.865410
494.428314,140.352899,28.871072
494.428403,140.352899,28.884541
494.428594,140.352899,28.895661
494.428643,140.352899,28.953571
494.429252,140.352899,28.968486
494.429371,140.352899,28.973299
494.429595,140.352899,28.981442
494.429786,140.352899,29.011090
494.429862,140.352899,29.012941
494.429917,140.352899,29.019730
494.430067,140.352899,29.020955
494.430198,140.352899,29.030850
494.430349,140.352899,29.032851
494.430418,140.352899,29.042566
494.430490,140.352899,29.051206
494.430622,140.352899,29.058646
494.430697,140.352899,29.071758
494.430780,140.352899,29.077861
494.430864,140.352899,29.088205
494.431049,140.352899,29.088824
494.431113,140.352899,29.091330
494.431312,140.352899,29.102450
494.431377,140.352899,29.110461
494.431523,140.352899,29.118408
494.431604,140.352899,29.121507
494.431651,140.352899,29.121581
494.432011,140.352899,29.143773
494.432304,140.352899,29.144408
494.432363,140.352899,29.154762
494.432576,140.352899,29.166510
504.385979,140.352899,29.239528
504.386022,140.352899,29.247427
504.386102,140.352899,29.264781
504.386164,140.352899,29.277126
504.386265,140.352899,29.347501
504.386372,140.352899,29.360402
504.386405,140.352899,29.388824
504.386438,140.352899,29.471570
504.386488,140.352899,29.488131
504.386617,140.352899,29.501821
504.386710,140.352899,29.518408
504.386803,140.352899,29.533782
504.386854,140.352899,29.554290
504.386999,140.352899,29.565410
504.387032,140.352899,29.573421
504.387084,140.352899,29.584541
504.387118,140.352899,29.589928
504.387241,140.352899,29.614118
504.387290,140.352899,29.638235
504.387335,140.352899,29.650019
504.387410,140.352899,29.653571
504.387542,140.352899,29.658646
504.387834,140.352899,29.727741
504.387939,140.352899,29.734456
504.388003,140.352899,29.780210
504.388056,140.352899,29.790675
504.388108,140.352899,29.793810
504.388221,140.352899,29.802450
504.388263,140.352899,29.810461
504.388369,140.352899,29.821581
504.388443,140.352899,29.856003
504.388485,140.352899,29.866510
504.388519,140.352899,29.893736
504.388564,140.352899,29.894406
504.388614,140.352899,29.930850
504.388655,140.352899,29.964781
504.388770,140.352899,29.975901
504.388815,140.352899,29.978997
504.388863,140.352899,30.036381
504.388988,140.352899,30.047501
504.389069,140.352899,30.073915
504.389141,140.352899,30.104301
504.389244,140.352899,30.116531
504.389294,140.352899,30.146173
504.389320,140.352899,30.147453
504.389472,140.352899,30.171570
504.389569,140.352899,30.188131
504.389599,140.352899,30.216522
504.389618,140.352899,30.254290
504.389650,140.352899,30.273421
504.389752,140.352899,30.283197
504.389789,140.352899,30.352451
504.389828,140.352899,30.358646
504.390138,140.352899,30.368486
504.390184,140.352899,30.385074
504.390230,140.352899,30.397490
504.390296,140.352899,30.411090
504.390358,140.352899,30.412941
504.390454,140.352899,30.420955
504.390493,140.352899,30.456696
504.390559,140.352899,30.480210
504.390664,140.352899,30.488824
504.390761,140.352899,30.510461
504.390821,140.352899,30.608622
504.390903,140.352899,30.629544
504.391036,140.352899,30.630850
504.391066,140.352899,30.644886
504.391140,140.352899,30.653661
504.391202,140.352899,30.657341
504.391255,140.352899,30.660475
504.391352,140.352899,30.664781
504.391397,140.352899,30.677126
504.391447,140.352899,30.695613
504.391495,140.352899,30.773290
504.391574,140.352899,30.804301
504.391657,140.352899,30.834398
504.391685,140.352899,30.855534
504.391740,140.352899,30.858646
504.392753,140.352899,30.888131
504.392828,140.352899,30.893736
504.392881,140.352899,30.903046
504.392962,140.352899,30.919656
504.393085,140.352899,30.933933
504.393140,140.352899,30.946278
504.393210,140.352899,30.949256
504.393287,140.352899,30.950562
504.393338,140.352899,30.973421
504.393447,140.352899,30.975901
504.393511,140.352899,30.986402
504.393569,140.352899,30.989928
504.393600,140.352899,30.995613
504.393654,140.352899,31.014118
504.393697,140.352899,31.016653
504.393801,140.352899,31.025874
504.393848,140.352899,31.038235
504.393891,140.352899,31.112941
504.394218,140.352899,31.116531
504.394336,140.352899,31.127741
504.394402,140.352899,31.134456
504.394492,140.352899,31.146798
504.394538,140.352899,31.180210
504.394600,140.352899,31.207955
504.394742,140.352899,31.223442
504.394856,140.352899,31.242573
504.395022,140.352899,31.253571
504.395204,140.352899,31.264155
504.395247,140.352899,31.277755
504.395293,140.352899,31.306704
504.395340,140.352899,31.307387
504.395387,140.352899,31.330850
504.395445,140.352899,31.346875
504.395500,140.352899,31.390627
504.395578,140.352899,31.396893
504.395653,140.352899,31.435296
504.395714,140.352899,31.436381
504.395771,140.352899,31.442467
504.395824,140.352899,31.449362
504.395934,140.352899,31.482006
504.396017,140.352899,31.485115
504.396100,140.352899,31.490733
504.396146,140.352899,31.496210
504.396240,140.352899,31.520326
504.396289,140.352899,31.541803
504.396372,140.352899,31.543773
504.396516,140.352899,31.558646
504.396788,140.352899,31.559202
504.396832,140.352899,31.559208
504.396968,140.352899,31.562875
504.397061,140.352899,31.563558
504.397174,140.352899,31.570806
504.397260,140.352899,31.590701
504.397382,140.352899,31.616027
504.397438,140.352899,31.620936
504.397565,140.352899,31.646278
504.397666,140.352899,31.680813
504.397730,140.352899,31.681368
504.397794,140.352899,31.684461
504.397868,140.352899,31.686402
504.397912,140.352899,31.695613
504.397970,140.352899,31.710339
504.398017,140.352899,31.715379
504.398071,140.352899,31.716653
504.398150,140.352899,31.758646
504.398212,140.352899,31.760402
504.398298,140.352899,31.771544
504.398406,140.352899,31.797490
504.398514,140.352899,31.812216
504.398555,140.352899,31.815922
504.398631,140.352899,31.827725
504.398689,140.352899,31.827965
504.398750,140.352899,31.842566
504.398799,140.352899,31.861598
504.398834,140.352899,31.872198
504.398902,140.352899,31.899341
504.399006,140.352899,31.918408
504.399076,140.352899,31.936330
504.399192,140.352899,31.942573
504.399323,140.352899,31.953571
504.399496,140.352899,31.967662
504.399630,140.352899,31.994390
504.399680,140.352899,32.004942
504.399795,140.352899,32.030850
504.399844,140.352899,32.068387
504.399926,140.352899,32.087518
504.400078,140.352899,32.088824
504.400140,140.352899,32.090107
504.400238,140.352899,32.096893
504.400356,140.352899,32.144328
504.400433,140.352899,32.157318
504.400558,140.352899,32.161598
504.400672,140.352899,32.166510
504.401053,140.352899,32.168493
504.401102,140.352899,32.173299
504.401251,140.352899,32.179613
504.401401,140.352899,32.185115
504.401451,140.352899,32.190733
504.401481,140.352899,32.207955
504.401644,140.352899,32.209758
504.401707,140.352899,32.230808
504.401766,140.352899,32.263558
504.401811,140.352899,32.265811
504.401866,140.352899,32.275176
504.401953,140.352899,32.282539
504.402030,140.352899,32.303611
504.402087,140.352899,32.316027
504.402198,140.352899,32.340067
504.402325,140.352899,32.342515
504.402391,140.352899,32.348672
504.402441,140.352899,32.349256
504.402501,140.352899,32.380136
504.402574,140.352899,32.382702
504.402621,140.352899,32.388824
504.402732,140.352899,32.393771
504.402795,140.352899,32.399357
504.402839,140.352899,32.410339
504.402877,140.352899,32.425874
504.403004,140.352899,32.437597
504.403074,140.352899,32.448672
504.403126,140.352899,32.494974
504.403218,140.352899,32.506733
504.403351,140.352899,32.511635
504.403523,140.352899,32.539358
504.403636,140.352899,32.541947
504.403686,140.352899,32.562278
504.403736,140.352899,32.582045
504.403784,140.352899,32.589928
504.403948,140.352899,32.601821
504.404014,140.352899,32.609197
504.404138,140.352899,32.621507
504.404183,140.352899,32.631453
504.404248,140.352899,32.642573
504.404376,140.352899,32.653571
504.404681,140.352899,32.677066
504.404737,140.352899,32.682006
504.404810,140.352899,32.683197
504.404917,140.352899,32.685642
504.404987,140.352899,32.694406
504.405041,140.352899,32.727016
504.405147,140.352899,32.732595
504.405214,140.352899,32.742467
504.405317,140.352899,32.746259
504.405370,140.352899,32.771496
504.405487,140.352899,32.778333
504.405565,140.352899,32.798118
504.405682,140.352899,32.830734
504.405740,140.352899,32.833891
504.405812,140.352899,32.848088
504.405887,140.352899,32.848672
504.405951,140.352899,32.849362
504.406071,140.352899,32.866510
504.406370,140.352899,32.877678
504.406607,140.352899,32.877714
504.406726,140.352899,32.910304
504.406822,140.352899,32.920936
504.406901,140.352899,32.930808
504.406960,140.352899,32.949939
504.407172,140.352899,32.954184
504.407327,140.352899,32.962875
504.407554,140.352899,32.963558
504.407648,140.352899,32.986296
504.407792,140.352899,32.990701
504.407851,140.352899,32.998638
504.407905,140.352899,33.000557
504.407961,140.352899,33.003046
504.408016,140.352899,33.009149
504.408076,140.352899,33.039965
504.408127,140.352899,33.046278
504.408173,140.352899,33.054877
504.408243,140.352899,33.073421
504.408305,140.352899,33.074621
504.408475,140.352899,33.080813
504.408589,140.352899,33.094413
504.408654,140.352899,33.110339
504.408794,140.352899,33.148672
504.408845,140.352899,33.169038
504.408884,140.352899,33.169664
504.409005,140.352899,33.171544
504.409109,140.352899,33.188227
504.409195,140.352899,33.189408
504.409364,140.352899,33.204189
504.409422,140.352899,33.212941
504.409674,140.352899,33.216605
504.409860,140.352899,33.227054
504.409931,140.352899,33.234456
504.410244,140.352899,33.242467
504.410716,140.352899,33.248531
504.410894,140.352899,33.266022
504.410949,140.352899,33.286296
504.411018,140.352899,33.288019
504.411101,140.352899,33.301202
504.411179,140.352899,33.304262
504.411243,140.352899,33.305395
504.411326,140.352899,33.309197
504.411421,140.352899,33.321507
504.411464,140.352899,33.331453
504.411582,140.352899,33.336330
504.411691,140.352899,33.338739
504.412001,140.352899,33.344408
504.412059,140.352899,33.353571
504.412301,140.352899,33.353699
504.412382,140.352899,33.354762
504.412634,140.352899,33.395613
504.412707,140.352899,33.406024
504.412807,140.352899,33.414715
504.412859,140.352899,33.420894
504.412981,140.352899,33.423882
504.413030,140.352899,33.440035
504.413098,140.352899,33.446875
504.413180,140.352899,33.449256
504.413371,140.352899,33.452978
504.413430,140.352899,33.453459
504.413520,140.352899,33.472776
504.413821,140.352899,33.475779
504.413947,140.352899,33.482462
504.414073,140.352899,33.487518
504.414176,140.352899,33.488198
504.414261,140.352899,33.488824
504.414389,140.352899,33.498118
504.414443,140.352899,33.530763
504.414503,140.352899,33.534328
504.414625,140.352899,33.538078
504.414701,140.352899,33.540635
504.414764,140.352899,33.548088
504.414823,140.352899,33.557373
504.414954,140.352899,33.569664
504.415021,140.352899,33.573299
504.415219,140.352899,33.574627
504.415295,140.352899,33.577678
504.415504,140.352899,33.592411
504.415576,140.352899,33.593682
509.323628,140.352899,33.630496
509.323658,140.352899,33.638194
509.323701,140.352899,33.644886
509.323778,140.352899,33.679565
509.323884,140.352899,33.697416
509.323999,140.352899,33.746259
509.324060,140.352899,33.781358
509.324094,140.352899,33.788170
509.324139,140.352899,33.888227
509.324245,140.352899,33.912216
509.324311,140.352899,33.920202
509.324380,140.352899,33.920227
509.324413,140.352899,33.944963
509.324510,140.352899,33.961598
509.324587,140.352899,33.966600
509.324637,140.352899,33.976440
509.324677,140.352899,33.988147
509.324707,140.352899,34.004125
509.324725,140.352899,34.027398
509.324762,140.352899,34.034398
509.324780,140.352899,34.035678
509.324831,140.352899,34.056003
509.324864,140.352899,34.056086
509.324941,140.352899,34.084464
509.325045,140.352899,34.127016
509.325084,140.352899,34.146798
509.325120,140.352899,34.149256
509.325157,140.352899,34.150478
509.325275,140.352899,34.151752
509.325426,140.352899,34.159128
509.325489,140.352899,34.168387
509.325670,140.352899,34.173389
509.325727,140.352899,34.191907
509.325786,140.352899,34.259766
509.325935,140.352899,34.262875
509.326095,140.352899,34.300512
509.326194,140.352899,34.340635
509.326241,140.352899,34.357267
509.326348,140.352899,34.382006
509.326449,140.352899,34.392032
509.326514,140.352899,34.399616
509.326578,140.352899,34.417160
509.326626,140.352899,34.422742
509.326730,140.352899,34.449256
509.326849,140.352899,34.548672
509.326895,140.352899,34.572734
509.327034,140.352899,34.573299
509.327239,140.352899,34.589408
509.327284,140.352899,34.612925
509.327332,140.352899,34.635630
509.327429,140.352899,34.639358
509.327569,140.352899,34.644963
509.327612,140.352899,34.661598
509.327691,140.352899,34.673331
509.327748,140.352899,34.685731
509.327868,140.352899,34.688019
509.327935,140.352899,34.704179
509.327989,140.352899,34.707336
509.328053,140.352899,34.714090
509.328103,140.352899,34.723891
509.328152,140.352899,34.740635
509.328223,140.352899,34.754893
509.328271,140.352899,34.825200
509.328316,140.352899,34.850478
509.328420,140.352899,34.868387
509.328465,140.352899,34.875779
509.328522,140.352899,34.891907
509.328579,140.352899,34.902344
509.328623,140.352899,34.914125
509.328677,140.352899,34.922752
509.328719,140.352899,34.931363
509.328869,140.352899,34.947424
509.328931,140.352899,34.961598
509.329062,140.352899,34.962875
509.329160,140.352899,34.998430
509.329245,140.352899,35.018418
509.329286,140.352899,35.024574
509.329341,140.352899,35.040635
509.329388,140.352899,35.041248
509.329431,140.352899,35.068445
509.329625,140.352899,35.075176
509.329662,140.352899,35.081371
509.329753,140.352899,35.083162
509.329778,140.352899,35.086296
509.329826,140.352899,35.116531
509.329876,140.352899,35.124288
509.329928,140.352899,35.138152
509.330052,140.352899,35.191904
509.330141,140.352899,35.200490
509.330212,140.352899,35.210419
509.330269,140.352899,35.211552
509.330350,140.352899,35.212232
509.330450,140.352899,35.223933
509.330493,140.352899,35.315922
509.330577,140.352899,35.324616
509.330637,140.352899,35.335630
509.330680,140.352899,35.339358
509.330720,140.352899,35.343715
509.330759,140.352899,35.346798
509.330834,140.352899,35.364024
509.330862,140.352899,35.414090
509.330915,140.352899,35.421507
509.330962,140.352899,35.428248
509.331077,140.352899,35.439965
509.331206,140.352899,35.456003
509.331294,140.352899,35.476456
509.331405,140.352899,35.482603
509.331492,140.352899,35.484464
509.331649,140.352899,35.522726
509.331694,140.352899,35.533846
509.331806,140.352899,35.546147
509.331889,140.352899,35.549256
509.332037,140.352899,35.553587
509.332085,140.352899,35.562269
509.332151,140.352899,35.575779
509.332206,140.352899,35.590557
509.332247,140.352899,35.599251
509.332315,140.352899,35.631363
509.332365,140.352899,35.640010
509.332410,140.352899,35.642419
509.332467,140.352899,35.682006
509.332551,140.352899,35.685642
509.332682,140.352899,35.700512
509.332726,140.352899,35.702424
509.332773,140.352899,35.730763
509.332814,140.352899,35.751120
509.332852,140.352899,35.752936
509.332928,140.352899,35.764056
509.332968,140.352899,35.771499
509.333016,140.352899,35.788157
509.333071,140.352899,35.818440
509.333209,140.352899,35.828264
509.333260,140.352899,35.860392
509.333307,140.352899,35.884467
509.333403,140.352899,35.893002
509.333473,140.352899,35.919602
509.333523,140.352899,35.936304
509.333579,140.352899,35.947424
509.333622,140.352899,35.986296
509.333693,140.352899,35.994090
509.333832,140.352899,36.002957
509.333880,140.352899,36.004818
509.333934,140.352899,36.012216
509.334027,140.352899,36.020227
509.334161,140.352899,36.024616
509.334232,140.352899,36.025043
509.334351,140.352899,36.058570
509.334407,140.352899,36.064024
509.334440,140.352899,36.065930
509.334535,140.352899,36.084435
509.334598,140.352899,36.085038
509.334715,140.352899,36.110339
509.334779,140.352899,36.112229
509.334883,140.352899,36.114715
509.335018,140.352899,36.185651
509.335075,140.352899,36.195587
509.335211,140.352899,36.200502
509.335281,140.352899,36.222726
509.335331,140.352899,36.223339
509.335377,140.352899,36.227016
509.335487,140.352899,36.230734
509.335562,140.352899,36.241842
509.335692,140.352899,36.242467
509.335833,140.352899,36.249256
509.335895,140.352899,36.259128
509.336004,140.352899,36.263462
509.336099,140.352899,36.265253
509.336136,140.352899,36.269610
509.336258,140.352899,36.269635
509.336310,140.352899,36.283597
509.336475,140.352899,36.291827
509.336596,140.352899,36.294307
509.336661,140.352899,36.298099
509.336733,140.352899,36.301096
509.336797,140.352899,36.321504
509.336865,140.352899,36.335059
509.336913,140.352899,36.340010
509.336958,140.352899,36.349866
509.337004,140.352899,36.350494
509.337187,140.352899,36.353603
509.337229,140.352899,36.360931
509.337280,140.352899,36.365885
509.337381,140.352899,36.399264
509.337429,140.352899,36.405443
509.337497,140.352899,36.440067
509.337577,140.352899,36.440635
509.337737,140.352899,36.453459
509.337827,140.352899,36.453546
509.337903,140.352899,36.459766
509.338026,140.352899,36.464056
509.338066,140.352899,36.475176
509.338272,140.352899,36.481371
509.338440,140.352899,36.482462
509.338526,140.352899,36.515896
509.338581,140.352899,36.525155
509.338637,140.352899,36.528264
509.338694,140.352899,36.553587
509.338757,140.352899,36.570883
509.338822,140.352899,36.581358
509.338859,140.352899,36.598318
509.339040,140.352899,36.612232
509.339122,140.352899,36.626432
509.339175,140.352899,36.635107
509.339236,140.352899,36.647424
509.339356,140.352899,36.658547
509.339459,140.352899,36.686296
509.339511,140.352899,36.688115
509.339615,140.352899,36.688160
509.339736,140.352899,36.739358
509.339963,140.352899,36.760376
509.340046,140.352899,36.777672
509.340119,140.352899,36.784464
509.340259,140.352899,36.785038
509.340341,140.352899,36.810339
509.340385,140.352899,36.813438
509.340623,140.352899,36.814090
509.340668,140.352899,36.852965
509.340720,140.352899,36.854826
509.340763,140.352899,36.859766
509.340833,140.352899,36.862131
509.340868,140.352899,36.862224
509.340910,140.352899,36.878266
509.341011,140.352899,36.882603
509.341066,140.352899,36.904776
509.341115,140.352899,36.928877
509.341174,140.352899,36.930738
509.341244,140.352899,36.942467
509.341429,140.352899,36.969610
509.341516,140.352899,36.969635
509.341565,140.352899,37.009075
509.341597,140.352899,37.010355
509.341662,140.352899,37.026432
509.341717,140.352899,37.033789
509.341809,140.352899,37.040635
509.342101,140.352899,37.041254
509.342160,140.352899,37.042419
509.342230,140.352899,37.060931
509.342371,140.352899,37.064062
509.342654,140.352899,37.065930
509.342842,140.352899,37.073299
509.342965,140.352899,37.082006
509.343057,140.352899,37.111539
509.343218,140.352899,37.118093
509.343278,140.352899,37.136275
509.343338,140.352899,37.149256
509.343405,140.352899,37.158493
509.343464,140.352899,37.159766
509.343513,140.352899,37.167762
509.343567,140.352899,37.175176
509.343628,140.352899,37.177362
509.343682,140.352899,37.194920
509.343737,140.352899,37.198638
509.343783,140.352899,37.200502
509.343879,140.352899,37.217160
509.343932,140.352899,37.227016
509.344138,140.352899,37.228867
509.344187,140.352899,37.298318
509.344240,140.352899,37.341842
509.344459,140.352899,37.367742
509.344506,140.352899,37.372846
509.344564,140.352899,37.383187
509.344613,140.352899,37.420253
509.344663,140.352899,37.439358
509.344722,140.352899,37.470110
509.344791,140.352899,37.502334
509.344947,140.352899,37.506704
509.345099,140.352899,37.509136
509.345236,140.352899,37.522062
509.345298,140.352899,37.523891
509.345358,140.352899,37.592475
509.345532,140.352899,37.600483
509.345642,140.352899,37.606024
509.345746,140.352899,37.616506
509.345830,140.352899,37.623882
509.345868,140.352899,37.625174
509.345926,140.352899,37.632445
509.345995,140.352899,37.649866
509.346046,140.352899,37.661598
509.346195,140.352899,37.680104
509.346390,140.352899,37.686296
509.346454,140.352899,37.703515
509.346528,140.352899,37.709075
509.346563,140.352899,37.710355
509.346631,140.352899,37.739358
509.346900,140.352899,37.740010
509.347013,140.352899,37.745566
509.347041,140.352899,37.750494
509.347083,140.352899,37.760389
509.347150,140.352899,37.760931
509.347202,140.352899,37.771442
509.347242,140.352899,37.780746
509.347336,140.352899,37.799264
509.347452,140.352899,37.801125
509.347512,140.352899,37.802302
509.347717,140.352899,37.808523
509.347817,140.352899,37.810384
509.347882,140.352899,37.830763
509.347974,140.352899,37.850478
509.348184,140.352899,37.858314
509.348277,140.352899,37.864056
509.348486,140.352899,37.864765
509.348546,140.352899,37.865037
509.348591,140.352899,37.896155
509.348647,140.352899,37.900502
509.348871,140.352899,37.903611
509.348916,140.352899,37.909085
509.348967,140.352899,37.917722
509.349036,140.352899,37.920202
509.349196,140.352899,37.932595
509.349370,140.352899,37.937514
509.349453,140.352899,37.948672
509.349509,140.352899,37.965930
509.349618,140.352899,37.987534
509.349748,140.352899,37.997368
509.349812,140.352899,38.006733
509.349884,140.352899,38.019602
509.349950,140.352899,38.026429
509.350248,140.352899,38.031363
509.350322,140.352899,38.060357
509.350430,140.352899,38.067168
509.350539,140.352899,38.093682
509.350672,140.352899,38.094090
509.350721,140.352899,38.094307
509.350850,140.352899,38.112826
509.350911,140.352899,38.114061
509.350979,140.352899,38.152830
509.351053,140.352899,38.154200
509.351175,140.352899,38.160376
509.351242,140.352899,38.168672
509.351322,140.352899,38.175192
509.351377,140.352899,38.179478
509.351442,140.352899,38.181326
509.351503,140.352899,38.185038
509.351627,140.352899,38.204170
509.351757,140.352899,38.206704
509.351866,140.352899,38.213454
509.351992,140.352899,38.232586
509.352054,140.352899,38.238152
509.352134,140.352899,38.259131
509.352212,140.352899,38.299190
509.352255,140.352899,38.311606
509.352367,140.352899,38.327016
509.352680,140.352899,38.330958
509.352763,140.352899,38.346173
509.352825,140.352899,38.346798
509.352957,140.352899,38.353587
509.353017,140.352899,38.363414
509.353143,140.352899,38.369000
509.353259,140.352899,38.377011
509.353331,140.352899,38.391827
509.353432,140.352899,38.393688
509.353674,140.352899,38.399251
509.353747,140.352899,38.401096
509.353808,140.352899,38.409123
509.353865,140.352899,38.428254
509.353983,140.352899,38.431363
509.354084,140.352899,38.463160
509.354127,140.352899,38.465885
509.354215,140.352899,38.512088
509.354315,140.352899,38.518395
509.354554,140.352899,38.523891
512.415134,140.352899,38.534418
512.429086,140.352899,38.541912
512.429118,140.352899,38.554781
512.429167,140.352899,38.566309
512.429218,140.352899,38.608256
512.429235,140.352899,38.615286
512.429295,140.352899,38.660392
512.429367,140.352899,38.709758
512.429432,140.352899,38.725184
512.429560,140.352899,38.728296
512.429702,140.352899,38.734373
512.429724,140.352899,38.750208
512.429758,140.352899,38.794307
512.429844,140.352899,38.830147
512.429921,140.352899,38.875192
512.429960,140.352899,38.891850
512.430005,140.352899,38.897214
512.430078,140.352899,38.924574
512.430120,140.352899,38.932586
512.430165,140.352899,38.950272
512.430205,140.352899,38.951582
512.430279,140.352899,38.996813
512.430335,140.352899,39.002960
512.430492,140.352899,39.006704
512.430540,140.352899,39.011606
512.430650,140.352899,39.014715
512.430732,140.352899,39.020227
512.430798,140.352899,39.029216
512.430861,140.352899,39.046760
512.430906,140.352899,39.050478
512.431077,140.352899,39.052342
512.431186,140.352899,39.078856
512.431249,140.352899,39.131363
512.431323,140.352899,39.139117
512.431343,140.352899,39.158506
512.431385,140.352899,39.165307
512.431447,140.352899,39.178272
512.431515,140.352899,39.209136
512.431676,140.352899,39.219008
512.431715,140.352899,39.221504
512.431755,140.352899,39.257267
512.431838,140.352899,39.259766
512.431908,140.352899,39.273290
512.432002,140.352899,39.290928
512.432022,140.352899,39.294920
512.432042,140.352899,39.300502
512.432072,140.352899,39.343690
512.432115,140.352899,39.353587
512.432164,140.352899,39.391904
512.432212,140.352899,39.418986
512.432405,140.352899,39.447427
512.432463,140.352899,39.460338
512.432528,140.352899,39.465920
512.432568,140.352899,39.469664
512.432665,140.352899,39.480701
512.432713,140.352899,39.535050
512.432825,140.352899,39.581326
512.432870,140.352899,39.588147
512.432922,140.352899,39.591198
512.433024,140.352899,39.604170
512.433062,140.352899,39.639984
512.433109,140.352899,39.656086
512.433156,140.352899,39.672096
512.433193,140.352899,39.684464
512.433268,140.352899,39.697554
512.433327,140.352899,39.704776
512.433364,140.352899,39.714648
512.433431,140.352899,39.720227
512.433475,140.352899,39.733846
512.433602,140.352899,39.742467
512.433700,140.352899,39.769610
512.433792,140.352899,39.788115
512.433919,140.352899,39.809123
512.433959,140.352899,39.817770
512.434005,140.352899,39.840010
512.434086,140.352899,39.858506
512.434134,140.352899,39.862875
512.434226,140.352899,39.922666
512.434299,140.352899,39.922733
512.434357,140.352899,39.924574
512.434416,140.352899,39.940635
512.434494,140.352899,39.945522
512.434540,140.352899,39.954158
512.434581,140.352899,39.959131
512.434763,140.352899,40.015912
512.434801,140.352899,40.028867
512.434839,140.352899,40.076979
512.434896,140.352899,40.100490
512.434913,140.352899,40.102944
512.434955,140.352899,40.110326
512.434999,140.352899,40.111936
512.435081,140.352899,40.114064
512.435242,140.352899,40.139955
512.435286,140.352899,40.147424
512.435351,140.352899,40.160947
512.435391,140.352899,40.174994
512.435479,140.352899,40.186142
512.435572,140.352899,40.201070
512.435619,140.352899,40.205427
512.435666,140.352899,40.210400
512.435713,140.352899,40.221504
512.435830,140.352899,40.228851
512.435891,140.352899,40.242733
512.435949,140.352899,40.245250
512.436014,140.352899,40.257267
512.436134,140.352899,40.269610
512.436176,140.352899,40.271422
512.436259,140.352899,40.284765
512.436300,140.352899,40.285038
512.436377,140.352899,40.285651
512.436500,140.352899,40.288022
512.436576,140.352899,40.354238
512.436602,140.352899,40.360363
512.436689,140.352899,40.388170
512.436732,140.352899,40.401099
512.436771,140.352899,40.401715
512.436814,140.352899,40.411606
512.436849,140.352899,40.422726
512.436893,140.352899,40.425200
512.436929,140.352899,40.439358
512.436983,140.352899,40.457864
512.437023,140.352899,40.474582
512.437064,140.352899,40.479218
512.437100,140.352899,40.488131
512.437139,140.352899,40.495549
512.437220,140.352899,40.528254
512.437286,140.352899,40.533182
512.437339,140.352899,40.565904
512.437372,140.352899,40.577024
512.437406,140.352899,40.581946
512.437496,140.352899,40.592224
512.437537,140.352899,40.608523
512.437676,140.352899,40.637523
512.437781,140.352899,40.653546
512.437941,140.352899,40.656086
512.438001,140.352899,40.659766
512.438029,140.352899,40.669914
512.438080,140.352899,40.678262
512.438117,140.352899,40.680733
512.438133,140.352899,40.681371
512.438203,140.352899,40.681987
512.438259,140.352899,40.733846
512.438370,140.352899,40.746099
512.438428,140.352899,40.767742
512.438574,140.352899,40.769610
512.438729,140.352899,40.776112
512.438778,140.352899,40.789963
512.438818,140.352899,40.791240
512.438862,140.352899,40.825184
512.438932,140.352899,40.848653
512.438979,140.352899,40.871442
512.439032,140.352899,40.888160
512.439063,140.352899,40.899235
512.439101,140.352899,40.900512
512.439189,140.352899,40.920202
512.439225,140.352899,40.937638
512.439280,140.352899,40.971838
512.439424,140.352899,40.975192
512.439507,140.352899,40.983203
512.439620,140.352899,41.041194
512.439684,140.352899,41.062131
512.439714,140.352899,41.123933
512.439799,140.352899,41.169635
512.439845,140.352899,41.189992
512.439889,140.352899,41.205290
512.439952,140.352899,41.255962
512.439982,140.352899,41.259766
512.440077,140.352899,41.271422
512.440191,140.352899,41.296155
512.440239,140.352899,41.310387
512.440284,140.352899,41.314090
512.440330,140.352899,41.321504
512.440404,140.352899,41.322046
512.440455,140.352899,41.325472
512.440506,140.352899,41.328880
512.440555,140.352899,41.359131
512.440594,140.352899,41.366261
512.440715,140.352899,41.373290
512.440790,140.352899,41.386016
512.440819,140.352899,41.438152
512.440962,140.352899,41.449246
512.441001,140.352899,41.468403
512.441083,140.352899,41.474582
512.441147,140.352899,41.522752
512.441200,140.352899,41.525184
512.441417,140.352899,41.535056
512.441466,140.352899,41.536304
512.441645,140.352899,41.558477
512.441692,140.352899,41.565920
512.441731,140.352899,41.575888
512.441803,140.352899,41.583806
512.441851,140.352899,41.594307
512.441899,140.352899,41.601070
512.441946,140.352899,41.604818
512.441997,140.352899,41.612765
512.442044,140.352899,41.623882
512.442110,140.352899,41.636275
512.442158,140.352899,41.639955
512.442220,140.352899,41.641248
512.442269,140.352899,41.683203
512.442303,140.352899,41.699854
512.442374,140.352899,41.702334
512.442531,140.352899,41.706704
512.442581,140.352899,41.714715
512.442629,140.352899,41.730109
512.442746,140.352899,41.764037
512.442843,140.352899,41.771614
512.442906,140.352899,41.774573
512.442959,140.352899,41.782290
512.443026,140.352899,41.784464
512.443263,140.352899,41.792475
512.443520,140.352899,41.794307
512.443586,140.352899,41.797987
512.443636,140.352899,41.800483
512.443736,140.352899,41.811915
512.443791,140.352899,41.816506
512.443890,140.352899,41.825174
512.443944,140.352899,41.847395
512.444001,140.352899,41.862808
512.444057,140.352899,41.897214
512.444127,140.352899,41.909123
512.444167,140.352899,41.917770
512.444242,140.352899,41.938149
512.444350,140.352899,41.949202
512.444384,140.352899,41.952358
512.444440,140.352899,41.971422
512.444507,140.352899,41.973331
512.444577,140.352899,41.977474
512.444677,140.352899,41.980136
512.444770,140.352899,41.999264
512.444924,140.352899,42.014715
512.445041,140.352899,42.015286
512.445089,140.352899,42.037526
512.445701,140.352899,42.049853
512.445802,140.352899,42.050478
512.445998,140.352899,42.057267
512.446102,140.352899,42.078262
512.446232,140.352899,42.082603
512.446336,140.352899,42.083162
512.446388,140.352899,42.097368
512.446443,140.352899,42.124382
512.446534,140.352899,42.137523
512.446587,140.352899,42.139862
512.446746,140.352899,42.169664
512.446868,140.352899,42.185997
512.446957,140.352899,42.189992
512.447022,140.352899,42.238992
512.447093,140.352899,42.243680
512.447223,140.352899,42.247424
512.447431,140.352899,42.298597
512.447511,140.352899,42.300838
512.447612,140.352899,42.301070
512.447658,140.352899,42.302318
512.447716,140.352899,42.318986
512.447771,140.352899,42.336275
512.447833,140.352899,42.368958
512.447891,140.352899,42.380094
512.447937,140.352899,42.389989
512.448000,140.352899,42.410346
512.448049,140.352899,42.418986
512.448257,140.352899,42.430725
512.448322,140.352899,42.433846
512.448453,140.352899,42.439984
512.448512,140.352899,42.460363
512.448595,140.352899,42.460819
512.448668,140.352899,42.462224
512.448712,140.352899,42.470235
512.448754,140.352899,42.478246
512.448802,140.352899,42.482290
512.448855,140.352899,42.489632
512.448890,140.352899,42.494307
512.448943,140.352899,42.497987
512.448984,140.352899,42.511606
512.449086,140.352899,42.522666
512.449135,140.352899,42.525200
512.449232,140.352899,42.530102
512.449291,140.352899,42.531648
512.449323,140.352899,42.533211
512.449461,140.352899,42.538685
512.449525,140.352899,42.541222
512.449589,140.352899,42.553278
512.449636,140.352899,42.558515
512.449693,140.352899,42.585686
512.449758,140.352899,42.601048
512.449875,140.352899,42.601856
512.449949,140.352899,42.606014
512.450022,140.352899,42.609123
512.450057,140.352899,42.610323
512.450275,140.352899,42.617770
512.450689,140.352899,42.624192
512.450749,140.352899,42.626346
512.450823,140.352899,42.655262
512.450903,140.352899,42.658506
512.450938,140.352899,42.677024
512.450983,140.352899,42.688144
512.451118,140.352899,42.696768
512.451169,140.352899,42.702334
512.451363,140.352899,42.704843
512.451423,140.352899,42.709136
512.451472,140.352899,42.726387
512.451592,140.352899,42.726403
512.451704,140.352899,42.733846
512.451755,140.352899,42.737835
512.451812,140.352899,42.740000
512.451864,140.352899,42.750478
512.451978,140.352899,42.752352
512.452033,140.352899,42.754158
512.452181,140.352899,42.765037
512.452228,140.352899,42.797368
512.452290,140.352899,42.818366
512.452349,140.352899,42.823339
512.452405,140.352899,42.828867
512.452517,140.352899,42.843690
512.452561,140.352899,42.858994
512.452690,140.352899,42.865294
512.452743,140.352899,42.902944
512.452805,140.352899,42.945250
512.452860,140.352899,42.957267
512.452913,140.352899,42.960947
512.452969,140.352899,42.988160
512.453193,140.352899,42.998597
512.453313,140.352899,42.999264
512.453534,140.352899,43.020202
512.453659,140.352899,43.031960
512.453701,140.352899,43.042419
512.453740,140.352899,43.056658
512.453794,140.352899,43.057267
512.453857,140.352899,43.057854
512.454022,140.352899,43.059734
512.454086,140.352899,43.069610
512.454138,140.352899,43.091850
512.454245,140.352899,43.103534
512.454344,140.352899,43.106643
512.454458,140.352899,43.114003
512.454589,140.352899,43.117744
512.454705,140.352899,43.118986
512.454764,140.352899,43.122666
512.454946,140.352899,43.125755
512.455173,140.352899,43.139984
512.455385,140.352899,43.150272
512.455449,140.352899,43.165930
512.455679,140.352899,43.189366
512.455794,140.352899,43.190547
512.455868,140.352899,43.200486
512.456255,140.352899,43.205998
512.456364,140.352899,43.206589
512.456483,140.352899,43.212034
512.456868,140.352899,43.214054
512.456931,140.352899,43.217118
512.456992,140.352899,43.235624
512.457043,140.352899,43.238730
512.457302,140.352899,43.246760
512.457338,140.352899,43.252342
512.457565,140.352899,43.289992
512.457679,140.352899,43.291827
512.457875,140.352899,43.296498
512.457911,140.352899,43.297214
512.457982,140.352899,43.307994
512.458051,140.352899,43.318986
512.458123,140.352899,43.324253
512.458180,140.352899,43.327029
512.458312,140.352899,43.336266
512.458420,140.352899,43.340010
512.458475,140.352899,43.343715
512.458576,140.352899,43.351672
512.458647,140.352899,43.354784
512.458781,140.352899,43.356032
512.458870,140.352899,43.386283
512.459222,140.352899,43.412787
512.459325,140.352899,43.433846
512.459476,140.352899,43.435954
512.459555,140.352899,43.460077
512.459591,140.352899,43.468349
512.459654,140.352899,43.469610
512.459781,140.352899,43.472680
512.459841,140.352899,43.473290
512.460012,140.352899,43.476989
512.460144,140.352899,43.485651
512.460202,140.352899,43.504792
512.460261,140.352899,43.507859
512.460332,140.352899,43.511606
512.460481,140.352899,43.518366
512.460547,140.352899,43.521450
512.460654,140.352899,43.561310
512.460698,140.352899,43.569000
512.460871,140.352899,43.581946
512.461002,140.352899,43.593053
512.461061,140.352899,43.599533
512.461126,140.352899,43.601067
512.461195,140.352899,43.613432
512.461266,140.352899,43.614064
512.461432,140.352899,43.626346
512.461505,140.352899,43.636304
512.461703,140.352899,43.641816
512.461772,140.352899,43.649827
512.461894,140.352899,43.669581
512.461962,140.352899,43.674994
512.462154,140.352899,43.678272
512.462276,140.352899,43.692366
512.462335,140.352899,43.702909
512.462460,140.352899,43.740000
512.462533,140.352899,43.742419
512.462600,140.352899,43.759734
512.462670,140.352899,43.760963
512.462904,140.352899,43.773283
512.463033,140.352899,43.775192
512.463167,140.352899,43.780659
514.215467,140.352899,43.804170
514.215508,140.352899,43.822062
514.215551,140.352899,43.831976
514.215656,140.352899,43.832586
514.215693,140.352899,43.858994
514.215764,140.352899,43.860363
514.215800,140.352899,43.880720
514.215844,140.352899,43.884722
514.215880,140.352899,43.914093
514.215937,140.352899,43.918366
514.215951,140.352899,43.918966
514.216026,140.352899,43.924520
514.216048,140.352899,43.930102
514.216081,140.352899,43.941858
514.216127,140.352899,43.960947
514.216192,140.352899,43.983203
514.216254,140.352899,43.989331
514.216308,140.352899,44.025659
514.216351,140.352899,44.026346
514.216488,140.352899,44.039374
514.216539,140.352899,44.085632
514.216602,140.352899,44.096155
514.216643,140.352899,44.099264
514.216741,140.352899,44.100493
514.216778,140.352899,44.136891
514.216859,140.352899,44.156658
514.216899,140.352899,44.189267
514.216954,140.352899,44.199229
514.217141,140.352899,44.206040
514.217185,140.352899,44.215616
514.217244,140.352899,44.215912
514.217294,140.352899,44.252342
514.217495,140.352899,44.265930
514.217582,140.352899,44.299590
514.217671,140.352899,44.302944
514.217717,140.352899,44.314064
514.217893,140.352899,44.338094
514.217944,140.352899,44.341203
514.218004,140.352899,44.357838
514.218085,140.352899,44.376970
514.218126,140.352899,44.384413
514.218166,140.352899,44.404022
514.218236,140.352899,44.411498
514.218286,140.352899,44.419008
514.218435,140.352899,44.430712
514.218466,140.352899,44.452734
514.218532,140.352899,44.471422
514.218651,140.352899,44.473290
514.218779,140.352899,44.478910
514.218847,140.352899,44.480094
514.218895,140.352899,44.505066
514.218948,140.352899,44.507320
514.219014,140.352899,44.536304
514.219139,140.352899,44.553792
514.219210,140.352899,44.554174
514.219281,140.352899,44.562224
514.219406,140.352899,44.564627
514.219523,140.352899,44.570235
514.219674,140.352899,44.594307
514.219713,140.352899,44.606589
514.219793,140.352899,44.610717
514.219971,140.352899,44.671194
514.220052,140.352899,44.674994
514.220120,140.352899,44.683203
514.220163,140.352899,44.686883
514.220261,140.352899,44.689331
514.220310,140.352899,44.777024
514.220438,140.352899,44.781952
514.220492,140.352899,44.790547
514.220543,140.352899,44.792475
514.220747,140.352899,44.815286
514.220857,140.352899,44.820557
514.220928,140.352899,44.827613
514.220982,140.352899,44.840000
514.221026,140.352899,44.849259
514.221042,140.352899,44.851104
514.221102,140.352899,44.918366
514.221130,140.352899,44.947424
514.221176,140.352899,44.969386
514.221234,140.352899,44.991824
514.221277,140.352899,44.999264
514.221317,140.352899,45.011936
514.221397,140.352899,45.017770
514.221442,140.352899,45.025184
514.221468,140.352899,45.039374
514.221532,140.352899,45.054800
514.221578,140.352899,45.055933
514.221612,140.352899,45.068958
514.221651,140.352899,45.082578
514.221689,140.352899,45.120118
514.221735,140.352899,45.152926
514.221752,140.352899,45.189306
514.221800,140.352899,45.193027
514.221847,140.352899,45.206040
514.221895,140.352899,45.207750
514.221944,140.352899,45.229198
514.221990,140.352899,45.239984
514.222102,140.352899,45.267723
514.222193,140.352899,45.289366
514.222219,140.352899,45.299653
514.222392,140.352899,45.303534
514.222439,140.352899,45.310971
514.222677,140.352899,45.339955
514.222779,140.352899,45.346760
514.222819,140.352899,45.363446
514.222942,140.352899,45.375102
514.223091,140.352899,45.386883
514.223116,140.352899,45.395530
514.223191,140.352899,45.396774
514.223252,140.352899,45.402334
514.223310,140.352899,45.403534
514.223499,140.352899,45.420840
514.223543,140.352899,45.432544
514.223598,140.352899,45.433789
514.223713,140.352899,45.457774
514.223764,140.352899,45.464656
514.223865,140.352899,45.477474
514.223914,140.352899,45.480094
514.223976,140.352899,45.499302
514.224036,140.352899,45.504163
514.224081,140.352899,45.510323
514.224131,140.352899,45.511606
514.224218,140.352899,45.515597
514.224258,140.352899,45.517760
514.224289,140.352899,45.528854
514.224391,140.352899,45.530112
514.224487,140.352899,45.533211
514.224592,140.352899,45.592579
514.224639,140.352899,45.599210
514.224707,140.352899,45.601099
514.224850,140.352899,45.651424
514.224892,140.352899,45.669386
514.224938,140.352899,45.686851
514.225036,140.352899,45.713946
514.225185,140.352899,45.753533
514.225259,140.352899,45.754158
514.225324,140.352899,45.760947
514.225374,140.352899,45.762544
514.225429,140.352899,45.777024
514.225566,140.352899,45.801048
514.225675,140.352899,45.808536
514.225734,140.352899,45.823882
514.225806,140.352899,45.870114
514.225853,140.352899,45.927616
514.225891,140.352899,45.936214
514.225943,140.352899,45.943690
514.226139,140.352899,45.948928
514.226167,140.352899,45.964043
514.226220,140.352899,45.972638
514.226268,140.352899,45.978246
514.226315,140.352899,45.980720
514.226357,140.352899,46.000198
514.226439,140.352899,46.009046
514.226490,140.352899,46.022666
514.226538,140.352899,46.040010
514.226570,140.352899,46.098003
514.226656,140.352899,46.104182
514.226730,140.352899,46.109317
514.226796,140.352899,46.118947
514.226833,140.352899,46.125755
514.227116,140.352899,46.144874
514.227157,140.352899,46.147744
514.227241,140.352899,46.164043
514.227394,140.352899,46.201667
514.227482,140.352899,46.241659
514.227534,140.352899,46.243006
514.227634,140.352899,46.244688
514.227713,140.352899,46.252342
514.227756,140.352899,46.270848
514.227804,140.352899,46.273290
514.227827,140.352899,46.278262
514.227848,140.352899,46.299267
514.228004,140.352899,46.304067
514.228116,140.352899,46.331558
514.228190,140.352899,46.346760
514.228240,140.352899,46.358942
514.228311,140.352899,46.371397
514.228359,140.352899,46.388131
514.228411,140.352899,46.388483
514.228490,140.352899,46.388517
514.228534,140.352899,46.405347
514.228567,140.352899,46.413946
514.228674,140.352899,46.430083
514.228729,140.352899,46.443680
514.228766,140.352899,46.454158
514.228813,140.352899,46.457838
514.229077,140.352899,46.472006
514.229130,140.352899,46.510323
514.229193,140.352899,46.522046
514.229290,140.352899,46.526834
514.229420,140.352899,46.530712
514.229460,140.352899,46.540317
514.229502,140.352899,46.593669
514.229558,140.352899,46.602931
514.229620,140.352899,46.610346
514.229664,140.352899,46.638123
514.229708,140.352899,46.642685
514.229767,140.352899,46.658480
514.229899,140.352899,46.664627
514.229990,140.352899,46.667126
514.230089,140.352899,46.676989
514.230138,140.352899,46.690547
514.230192,140.352899,46.696726
514.230317,140.352899,46.704728
514.230421,140.352899,46.707862
514.230521,140.352899,46.712034
514.230675,140.352899,46.712203
514.230785,140.352899,46.725155
514.230870,140.352899,46.748573
514.230918,140.352899,46.760947
514.230970,140.352899,46.760963
514.231020,140.352899,46.763414
514.231134,140.352899,46.766238
514.231187,140.352899,46.767027
514.231246,140.352899,46.797955
514.231441,140.352899,46.807214
514.231483,140.352899,46.808523
514.231553,140.352899,46.817134
514.231616,140.352899,46.822666
514.231777,140.352899,46.826346
514.232088,140.352899,46.833792
514.232168,140.352899,46.833834
514.232268,140.352899,46.844886
514.232391,140.352899,46.862224
514.232448,140.352899,46.863392
514.232632,140.352899,46.864656
514.232834,140.352899,46.869610
514.232946,140.352899,46.874528
514.232985,140.352899,46.913152
514.233054,140.352899,46.917734
514.233249,140.352899,46.942410
514.233321,140.352899,46.951675
514.233394,140.352899,46.983800
514.233446,140.352899,46.993672
514.233547,140.352899,47.010314
514.233602,140.352899,47.022666
514.233666,140.352899,47.026346
514.233752,140.352899,47.030102
514.233810,140.352899,47.034973
514.233854,140.352899,47.067456
514.233939,140.352899,47.080704
514.233998,140.352899,47.085997
514.234077,140.352899,47.091824
514.234215,140.352899,47.110400
514.234264,140.352899,47.113946
514.234316,140.352899,47.136368
514.234389,140.352899,47.160338
514.234442,140.352899,47.162613
514.234613,140.352899,47.163757
514.234645,140.352899,47.167579
514.234700,140.352899,47.173290
514.234748,140.352899,47.180669
514.234801,140.352899,47.189331
514.234851,140.352899,47.194214
514.235002,140.352899,47.196768
514.235050,140.352899,47.201048
514.235114,140.352899,47.212742
514.235168,140.352899,47.217683
514.235346,140.352899,47.225082
514.235402,140.352899,47.226307
514.235445,140.352899,47.230712
514.235478,140.352899,47.238723
514.235544,140.352899,47.257854
514.235642,140.352899,47.260915
514.235757,140.352899,47.265294
514.235811,140.352899,47.297349
514.235868,140.352899,47.302264
514.235926,140.352899,47.314064
514.236269,140.352899,47.325094
514.236323,140.352899,47.339984
514.236423,140.352899,47.347995
514.236520,140.352899,47.349770
514.236576,140.352899,47.374566
514.236636,140.352899,47.377490
514.236695,140.352899,47.393499
514.236799,140.352899,47.406589
514.236902,140.352899,47.414077
514.237017,140.352899,47.419525
514.237133,140.352899,47.427581
514.237255,140.352899,47.429190
514.237351,140.352899,47.434738
514.237479,140.352899,47.446099
514.237600,140.352899,47.450157
514.237665,140.352899,47.452939
514.237718,140.352899,47.453278
514.237764,140.352899,47.453587
514.237827,140.352899,47.460963
514.237874,140.352899,47.493669
514.237999,140.352899,47.507850
514.238059,140.352899,47.509317
514.238121,140.352899,47.528851
514.238190,140.352899,47.538691
514.238245,140.352899,47.544155
514.238296,140.352899,47.554784
514.238416,140.352899,47.570235
514.238519,140.352899,47.593046
514.238715,140.352899,47.601070
514.238779,140.352899,47.602909
514.238833,140.352899,47.630725
514.239023,140.352899,47.643909
514.239060,140.352899,47.664232
514.239138,140.352899,47.664627
514.239198,140.352899,47.670806
514.239250,140.352899,47.683123
514.239314,140.352899,47.693011
514.239426,140.352899,47.721450
514.239481,140.352899,47.730026
514.239829,140.352899,47.756971
514.239886,140.352899,47.777024
514.240035,140.352899,47.783158
514.240097,140.352899,47.790576
514.240155,140.352899,47.794102
514.240276,140.352899,47.809075
514.240331,140.352899,47.817134
514.240398,140.352899,47.821440
514.240448,140.352899,47.833077
514.240501,140.352899,47.834674
514.240538,140.352899,47.849789
514.240592,140.352899,47.860338
514.240639,140.352899,47.865933
514.240790,140.352899,47.869658
514.240859,140.352899,47.872638
514.240924,140.352899,47.902909
514.240992,140.352899,47.904022
514.241078,140.352899,47.916829
514.241149,140.352899,47.925510
514.241385,140.352899,47.926307
514.241427,140.352899,47.927291
514.241479,140.352899,47.938434
514.241503,140.352899,47.969610
514.241551,140.352899,47.973315
514.241607,140.352899,47.978656
514.241696,140.352899,47.983800
514.241745,140.352899,47.988106
514.241780,140.352899,47.989306
514.241855,140.352899,47.996794
514.241944,140.352899,48.001651
514.242070,140.352899,48.003248
514.242148,140.352899,48.006912
514.242206,140.352899,48.010314
514.242279,140.352899,48.015883
514.242365,140.352899,48.032515
514.242420,140.352899,48.044883
514.242613,140.352899,48.045483
514.242733,140.352899,48.051554
514.242790,140.352899,48.054800
514.242896,140.352899,48.067126
514.242931,140.352899,48.114035
514.242985,140.352899,48.115302
514.243040,140.352899,48.124520
514.243088,140.352899,48.129778
514.243146,140.352899,48.152294
514.243270,140.352899,48.168317
514.243328,140.352899,48.173290
514.243628,140.352899,48.175102
514.243763,140.352899,48.176970
514.243822,140.352899,48.176979
514.243874,140.352899,48.179712
514.244002,140.352899,48.179773
514.244036,140.352899,48.180094
514.244093,140.352899,48.182590
514.244365,140.352899,48.189306
514.244429,140.352899,48.194214
514.244580,140.352899,48.216435
514.244632,140.352899,48.240875
514.244788,140.352899,48.243664
514.244878,140.352899,48.257854
514.245006,140.352899,48.284384
514.245075,140.352899,48.286800
514.245285,140.352899,48.289366
514.245339,140.352899,48.295520
514.245398,140.352899,48.298269
514.245584,140.352899,48.300448
514.245647,140.352899,48.301070
514.245707,140.352899,48.303534
514.245828,140.352899,48.310269
514.246218,140.352899,48.310971
514.246800,140.352899,48.312491
514.246868,140.352899,48.319283
514.246941,140.352899,48.319419
514.247063,140.352899,48.320186
514.247131,140.352899,48.344704
514.247269,140.352899,48.349779
514.247400,140.352899,48.357174
514.247568,140.352899,48.365072
514.247677,140.352899,48.371422
514.247739,140.352899,48.371955
514.247807,140.352899,48.378859
514.247862,140.352899,48.380643
514.248076,140.352899,48.417757
514.248162,140.352899,48.420451
514.248246,140.352899,48.451050
514.248348,140.352899,48.459712
514.248466,140.352899,48.467994
514.248543,140.352899,48.482898
514.248611,140.352899,48.492366
514.248685,140.352899,48.513234
514.248740,140.352899,48.517760
514.248790,140.352899,48.531293
514.248842,140.352899,48.538621
514.248922,140.352899,48.553434
514.249036,140.352899,48.554784
514.249198,140.352899,48.589950
514.249292,140.352899,48.608302
514.249364,140.352899,48.620118
514.249467,140.352899,48.620202
514.249514,140.352899,48.632557
514.249580,140.352899,48.645934
514.249634,140.352899,48.658358
514.249741,140.352899,48.687518
514.249796,140.352899,48.694214
514.249856,140.352899,48.697317
514.249920,140.352899,48.699155
514.249993,140.352899,48.705347
514.250057,140.352899,48.705792
514.250167,140.352899,48.707846
514.250238,140.352899,48.711523
514.250320,140.352899,48.721450
514.250435,140.352899,48.726246
514.250496,140.352899,48.736214
514.250625,140.352899,48.741829
514.250704,140.352899,48.743702
514.250832,140.352899,48.756003
514.250900,140.352899,48.756006
514.251015,140.352899,48.774968
514.251073,140.352899,48.775709
514.251137,140.352899,48.778246
514.251179,140.352899,48.789322
514.251258,140.352899,48.793046
514.251412,140.352899,48.837798
514.251484,140.352899,48.845512
514.251601,140.352899,48.875102
514.251666,140.352899,48.882549
514.251798,140.352899,48.892986
514.252012,140.352899,48.899235
514.252082,140.352899,48.904789
514.252129,140.352899,48.908798
514.252210,140.352899,48.941803
514.252387,140.352899,48.959712
514.270268,140.352899,48.991166
514.967750,140.352899,49.001651
515.623968,140.352899,49.047645
515.624004,140.352899,49.051027
515.624061,140.352899,49.065570
515.624110,140.352899,49.068984
515.624172,140.352899,49.072632
515.624196,140.352899,49.080426
515.624266,140.352899,49.092579
515.624351,140.352899,49.127382
515.624426,140.352899,49.128038
515.624471,140.352899,49.129422
515.624511,140.352899,49.138582
515.624588,140.352899,49.151510
515.624629,140.352899,49.168317
515.624724,140.352899,49.179872
515.624788,140.352899,49.183114
515.624939,140.352899,49.191824
515.625014,140.352899,49.201667
515.625053,140.352899,49.217693
515.625090,140.352899,49.295520
515.625154,140.352899,49.332896
515.625195,140.352899,49.344032
515.625243,140.352899,49.349779
515.625359,140.352899,49.388106
515.625415,140.352899,49.414514
515.625459,140.352899,49.414574
515.625511,140.352899,49.445560
515.625570,140.352899,49.457838
515.625640,140.352899,49.462141
515.625666,140.352899,49.462186
515.625707,140.352899,49.464627
515.625754,140.352899,49.482539
515.625817,140.352899,49.497378
515.625842,140.352899,49.508798
515.625908,140.352899,49.527562
515.626067,140.352899,49.530501
515.626126,140.352899,49.538723
515.626161,140.352899,49.546045
515.626223,140.352899,49.547222
515.626440,140.352899,49.551107
515.626507,140.352899,49.581179
515.626533,140.352899,49.594894
515.626574,140.352899,49.601542
515.626643,140.352899,49.637427
515.626685,140.352899,49.654784
515.626766,140.352899,49.688686
515.626792,140.352899,49.697166
515.626829,140.352899,49.712178
515.626861,140.352899,49.712710
515.626902,140.352899,49.731632
515.626934,140.352899,49.736195
515.626981,140.352899,49.761560
515.627006,140.352899,49.768208
515.627044,140.352899,49.807818
515.627071,140.352899,49.807862
515.627182,140.352899,49.821450
515.627232,140.352899,49.851424
515.627272,140.352899,49.869584
515.627436,140.352899,49.904526
515.627488,140.352899,49.922976
515.627562,140.352899,49.974528
515.627624,140.352899,49.997930
515.627686,140.352899,50.007859
515.627745,140.352899,50.012494
515.627763,140.352899,50.037376
515.627804,140.352899,50.091824
515.627866,140.352899,50.109694
515.627921,140.352899,50.133706
515.627979,140.352899,50.133747
515.628025,140.352899,50.146664
515.628079,140.352899,50.199155
515.628134,140.352899,50.203838
515.628173,140.352899,50.207859
515.628217,140.352899,50.225046
515.628260,140.352899,50.265862
515.628312,140.352899,50.276096
515.628351,140.352899,50.279218
515.628411,140.352899,50.295466
515.628467,140.352899,50.306506
515.628526,140.352899,50.357774
515.628564,140.352899,50.364656
515.628604,140.352899,50.369950
515.628764,140.352899,50.388106
515.628850,140.352899,50.389322
515.628901,140.352899,50.394227
515.628998,140.352899,50.406624
515.629068,140.352899,50.434048
515.629113,140.352899,50.464627
515.629203,140.352899,50.510894
515.629243,140.352899,50.514003
515.629278,140.352899,50.531010
515.629304,140.352899,50.531870
515.629349,140.352899,50.541107
515.629408,140.352899,50.573290
515.629448,140.352899,50.580704
515.629495,140.352899,50.601542
515.629559,140.352899,50.608770
515.629587,140.352899,50.640237
515.629612,140.352899,50.646090
515.629763,140.352899,50.651710
515.629862,140.352899,50.668752
515.629937,140.352899,50.688006
515.629986,140.352899,50.768208
515.630024,140.352899,50.778205
515.630156,140.352899,50.786890
515.630221,140.352899,50.793954
515.630247,140.352899,50.820734
515.630289,140.352899,50.823032
515.630350,140.352899,50.832451
515.630411,140.352899,50.832910
515.630443,140.352899,50.854672
515.630482,140.352899,50.856974
515.630501,140.352899,50.872638
515.630531,140.352899,50.874525
515.630582,140.352899,50.880502
515.630685,140.352899,50.887168
515.630724,140.352899,50.893912
515.630767,140.352899,50.894802
515.630810,140.352899,50.927562
515.630882,140.352899,50.944874
515.630960,140.352899,50.957638
515.631019,140.352899,50.976360
515.631066,140.352899,50.997704
515.631092,140.352899,51.025437
515.631129,140.352899,51.043664
515.631157,140.352899,51.051675
515.631206,140.352899,51.053952
515.631249,140.352899,51.071438
515.631316,140.352899,51.073280
515.631341,140.352899,51.077424
515.631383,140.352899,51.086618
515.631433,140.352899,51.117773
515.631487,140.352899,51.127562
515.631589,140.352899,51.199146
515.631647,140.352899,51.208154
515.631693,140.352899,51.221954
515.631737,140.352899,51.229422
515.631775,140.352899,51.274672
515.631836,140.352899,51.278227
515.631896,140.352899,51.279112
515.631936,140.352899,51.290832
515.631989,140.352899,51.306918
515.632035,140.352899,51.321731
515.632082,140.352899,51.328755
515.632137,140.352899,51.349221
515.632210,140.352899,51.358448
515.632332,140.352899,51.358464
515.632406,140.352899,51.388416
515.632451,140.352899,51.389322
515.632514,140.352899,51.407773
515.632559,140.352899,51.428822
515.632607,140.352899,51.447162
515.632660,140.352899,51.499210
515.632700,140.352899,51.512755
515.632753,140.352899,51.525117
515.632832,140.352899,51.553434
515.632883,140.352899,51.576318
515.632975,140.352899,51.599634
515.633037,140.352899,51.606589
515.633095,140.352899,51.614368
515.633139,140.352899,51.621746
515.633323,140.352899,51.622646
515.633391,140.352899,51.629190
515.633475,140.352899,51.644222
515.633599,140.352899,51.645778
515.633626,140.352899,51.651710
515.633690,140.352899,51.688006
515.633759,140.352899,51.694128
515.633798,140.352899,51.703333
515.633844,140.352899,51.713946
515.634026,140.352899,51.716243
515.634073,140.352899,51.788029
515.634125,140.352899,51.790570
515.634309,140.352899,51.794227
515.634363,140.352899,51.800445
515.634415,140.352899,51.805693
515.634462,140.352899,51.824610
515.634535,140.352899,51.833458
515.634561,140.352899,51.854672
515.634658,140.352899,51.883392
515.634723,140.352899,51.886270
515.634818,140.352899,51.941165
515.634919,140.352899,51.942672
515.634981,140.352899,51.969584
515.635076,140.352899,51.981336
515.635130,140.352899,51.985992
515.635187,140.352899,51.994227
515.635242,140.352899,51.995475
515.635310,140.352899,52.000445
515.635358,140.352899,52.001667
515.635408,140.352899,52.007798
515.635441,140.352899,52.073280
515.635491,140.352899,52.092579
515.635561,140.352899,52.107834
515.635609,140.352899,52.120118
515.635661,140.352899,52.126288
515.635789,140.352899,52.126962
515.635859,140.352899,52.138582
515.635982,140.352899,52.158451
515.636118,140.352899,52.165866
515.636159,140.352899,52.198205
515.636281,140.352899,52.239946
515.636320,140.352899,52.255987
515.636375,140.352899,52.291747
515.636463,140.352899,52.293630
515.636609,140.352899,52.333693
515.636663,140.352899,52.344222
515.636748,140.352899,52.354742
515.636791,140.352899,52.356930
515.636858,140.352899,52.370813
515.636901,140.352899,52.401470
515.636926,140.352899,52.401968
515.636981,140.352899,52.402742
515.637027,140.352899,52.409472
515.637081,140.352899,52.411552
515.637143,140.352899,52.413946
515.637329,140.352899,52.414574
515.637440,140.352899,52.417731
515.637490,140.352899,52.438078
515.637538,140.352899,52.451675
515.637597,140.352899,52.547222
515.637709,140.352899,52.561496
515.637764,140.352899,52.565182
515.637796,140.352899,52.583078
515.637848,140.352899,52.599510
515.637880,140.352899,52.601542
515.637922,140.352899,52.613942
515.637976,140.352899,52.658381
515.638027,140.352899,52.669984
515.638061,140.352899,52.688074
515.638174,140.352899,52.694528
515.638203,140.352899,52.694846
515.638254,140.352899,52.696691
515.638314,140.352899,52.724285
515.638437,140.352899,52.748330
515.638533,140.352899,52.754707
515.638592,140.352899,52.778218
515.638657,140.352899,52.780592
515.638703,140.352899,52.802539
515.638839,140.352899,52.835646
515.638896,140.352899,52.854742
515.638951,140.352899,52.855190
515.638998,140.352899,52.869584
515.639116,140.352899,52.894610
515.639213,140.352899,52.911272
515.639297,140.352899,52.921373
515.639348,140.352899,52.924427
515.639406,140.352899,52.925130
515.639477,140.352899,52.936214
515.639529,140.352899,52.938504
515.639558,140.352899,52.973848
515.639665,140.352899,52.976318
515.639738,140.352899,52.981336
515.639795,140.352899,52.997678
515.639902,140.352899,53.056878
515.639957,140.352899,53.068598
515.640029,140.352899,53.087234
515.640086,140.352899,53.123256
515.640193,140.352899,53.133077
515.640350,140.352899,53.133706
515.640424,140.352899,53.139326
515.640537,140.352899,53.149525
515.640572,140.352899,53.165866
515.640617,140.352899,53.167602
515.640667,140.352899,53.168083
515.640726,140.352899,53.172453
515.640806,140.352899,53.176318
515.640860,140.352899,53.184384
515.640916,140.352899,53.189312
515.641058,140.352899,53.198365
515.641181,140.352899,53.199146
515.641268,140.352899,53.215896
515.641326,140.352899,53.219752
515.641396,140.352899,53.225046
515.641512,140.352899,53.231242
515.641586,140.352899,53.247902
515.641661,140.352899,53.257523
515.641852,140.352899,53.260032
515.641939,140.352899,53.266354
515.641984,140.352899,53.272565
515.642122,140.352899,53.289925
515.642176,140.352899,53.332544
515.642219,140.352899,53.339118
515.642273,140.352899,53.351050
515.642320,140.352899,53.356990
515.642356,140.352899,53.362045
515.642446,140.352899,53.365294
515.642521,140.352899,53.394592
515.642646,140.352899,53.395870
515.642706,140.352899,53.401558
515.642762,140.352899,53.438078
515.642820,140.352899,53.455914
515.643097,140.352899,53.484717
515.643135,140.352899,53.486803
515.643208,140.352899,53.492579
515.643267,140.352899,53.514003
515.643325,140.352899,53.519840
515.643381,140.352899,53.528835
515.643429,140.352899,53.534725
515.643490,140.352899,53.540237
515.643529,140.352899,53.548896
515.643571,140.352899,53.585565
515.643659,140.352899,53.593643
515.643710,140.352899,53.598995
515.643758,140.352899,53.610320
515.643858,140.352899,53.617808
515.644010,140.352899,53.622579
515.644083,140.352899,53.623256
515.644207,140.352899,53.626387
515.644268,140.352899,53.661158
515.644342,140.352899,53.670806
515.644399,140.352899,53.686506
515.644457,140.352899,53.688006
515.644508,140.352899,53.717683
515.644548,140.352899,53.735232
515.644613,140.352899,53.756416
515.644711,140.352899,53.771438
515.644774,140.352899,53.785587
515.644829,140.352899,53.813710
515.644866,140.352899,53.830070
515.644926,140.352899,53.834683
515.644968,140.352899,53.836702
515.645029,140.352899,53.864518
515.645085,140.352899,53.864605
515.645239,140.352899,53.869917
515.645288,140.352899,53.878782
515.645345,140.352899,53.880502
515.645482,140.352899,53.904779
515.645578,140.352899,53.915806
515.645637,140.352899,53.916358
515.645696,140.352899,53.925120
515.645752,140.352899,53.925541
515.645890,140.352899,53.930421
515.646041,140.352899,53.960312
515.646109,140.352899,53.975971
515.646252,140.352899,53.978227
515.646331,140.352899,53.979443
515.646471,140.352899,53.999146
515.646536,140.352899,54.007224
515.646609,140.352899,54.052592
515.646635,140.352899,54.073280
515.646678,140.352899,54.076954
515.646794,140.352899,54.091786
515.646881,140.352899,54.101542
515.646948,140.352899,54.118899
515.647108,140.352899,54.126653
515.647211,140.352899,54.126974
515.647270,140.352899,54.139230
515.647388,140.352899,54.153434
515.647504,140.352899,54.154662
515.647633,140.352899,54.156587
515.647697,140.352899,54.157758
515.647782,140.352899,54.159941
515.647858,140.352899,54.172819
515.647916,140.352899,54.180643
515.647958,140.352899,54.188077
515.648019,140.352899,54.205315
515.648093,140.352899,54.211710
515.648161,140.352899,54.217683
515.648214,140.352899,54.219883
515.648272,140.352899,54.221954
515.648393,140.352899,54.223269
515.648452,140.352899,54.231408
515.648526,140.352899,54.241194
515.648634,140.352899,54.243622
515.648692,140.352899,54.259690
515.648764,140.352899,54.261312
515.648878,140.352899,54.268208
515.648928,140.352899,54.276970
515.648979,140.352899,54.298358
515.649023,140.352899,54.304067
515.649087,140.352899,54.325094
515.649148,140.352899,54.362106
515.649211,140.352899,54.374944
515.649337,140.352899,54.390483
515.649427,140.352899,54.394206
515.649507,140.352899,54.430990
515.649554,140.352899,54.444848
515.649743,140.352899,54.448930
515.649802,140.352899,54.460096
515.649849,140.352899,54.464502
515.649906,140.352899,54.466310
515.649954,140.352899,54.476918
515.650001,140.352899,54.488352
515.650071,140.352899,54.490570
515.650242,140.352899,54.503515
515.650320,140.352899,54.508408
515.650382,140.352899,54.518947
515.650582,140.352899,54.521210
515.650639,140.352899,54.524915
515.650691,140.352899,54.530514
515.650750,140.352899,54.541066
515.650831,140.352899,54.548566
515.650898,140.352899,54.553434
515.650976,140.352899,54.557774
515.651107,140.352899,54.571790
515.651208,140.352899,54.579389
515.651333,140.352899,54.597056
515.651362,140.352899,54.599634
515.651420,140.352899,54.606515
515.651497,140.352899,54.608430
515.651547,140.352899,54.612478
515.651585,140.352899,54.615595
515.651631,140.352899,54.618899
515.651743,140.352899,54.621746
515.651876,140.352899,54.622646
515.651969,140.352899,54.626387
515.652048,140.352899,54.626637
515.652086,140.352899,54.631242
515.652319,140.352899,54.653885
515.652439,140.352899,54.667005
515.652596,140.352899,54.676963
515.652649,140.352899,54.677938
515.652679,140.352899,54.680662
515.652735,140.352899,54.683558
515.652894,140.352899,54.698574
515.653032,140.352899,54.708798
515.653078,140.352899,54.714051
515.653142,140.352899,54.735392
515.653407,140.352899,54.760093
515.653508,140.352899,54.762750
515.653596,140.352899,54.765550
515.653673,140.352899,54.767027
515.653740,140.352899,54.775118
515.654160,140.352899,54.804670
515.654281,140.352899,54.820734
515.654467,140.352899,54.821437
515.654577,140.352899,54.843310
515.654648,140.352899,54.844794
515.654757,140.352899,54.846512
515.654854,140.352899,54.860947
515.654921,140.352899,54.864518
515.654989,140.352899,54.864605
515.655076,140.352899,54.872565
515.655147,140.352899,54.902826
515.655227,140.352899,54.908718
515.655292,140.352899,54.910624
515.655356,140.352899,54.941085
515.655412,140.352899,54.945454
515.655464,140.352899,54.976131
515.655512,140.352899,54.980973
515.655620,140.352899,54.981013
515.655676,140.352899,54.981907
515.656213,140.352899,54.985565
515.656344,140.352899,54.995712
515.656384,140.352899,54.996666
515.656453,140.352899,54.997678
515.656589,140.352899,55.005944
515.656792,140.352899,55.008430
515.656872,140.352899,55.016197
515.656905,140.352899,55.017706
515.656966,140.352899,55.020734
515.657042,140.352899,55.024424
515.657107,140.352899,55.027565
515.657278,140.352899,55.063318
515.657348,140.352899,55.064883
515.657444,140.352899,55.084349
515.657566,140.352899,55.084706
515.657616,140.352899,55.094206
515.657668,140.352899,55.102742
515.657938,140.352899,55.123754
515.658012,140.352899,55.135525
515.658133,140.352899,55.149512
515.658176,140.352899,55.188061
515.658246,140.352899,55.190570
515.658301,140.352899,55.195491
515.658347,140.352899,55.195504
515.658400,140.352899,55.205134
515.658463,140.352899,55.205944
515.658522,140.352899,55.212110
515.658610,140.352899,55.213362
515.658942,140.352899,55.234405
515.659008,140.352899,55.245432
515.659057,140.352899,55.247248
515.659388,140.352899,55.253434
515.659445,140.352899,55.262483
515.659484,140.352899,55.266133
515.659542,140.352899,55.266192
515.659579,140.352899,55.268307
515.659697,140.352899,55.279389
516.541468,140.352899,55.280014
517.121438,140.352899,55.282904
517.121456,140.352899,55.312491
517.121490,140.352899,55.402742
517.121592,140.352899,55.423923
517.121704,140.352899,55.494250
517.121854,140.352899,55.568765
517.121904,140.352899,55.589950
517.122023,140.352899,55.620798
517.122097,140.352899,55.622957
517.122160,140.352899,55.630712
517.122221,140.352899,55.638582
517.122289,140.352899,55.638682
517.122350,140.352899,55.644514
517.122412,140.352899,55.664832
517.122480,140.352899,55.666144
517.122521,140.352899,55.742981
517.122546,140.352899,55.762766
517.122617,140.352899,55.823530
517.122687,140.352899,55.839834
517.122766,140.352899,55.903186
517.122798,140.352899,55.908834
517.122851,140.352899,55.908995
517.122901,140.352899,55.912110
517.122979,140.352899,55.942117
517.123087,140.352899,55.952243
517.123149,140.352899,55.953382
517.123243,140.352899,55.969555
517.123316,140.352899,55.985970
517.123446,140.352899,56.060434
517.123505,140.352899,56.120048
517.123584,140.352899,56.121874
517.123621,140.352899,56.133706
517.123681,140.352899,56.143054
517.123730,140.352899,56.158205
517.123784,140.352899,56.170730
517.123848,140.352899,56.196682
517.123916,140.352899,56.200448
517.123968,140.352899,56.224272
517.124002,140.352899,56.245158
517.124116,140.352899,56.268307
517.124162,140.352899,56.300770
517.124266,140.352899,56.312414
517.124291,140.352899,56.329832
517.124334,140.352899,56.357774
517.124434,140.352899,56.371955
517.124488,140.352899,56.392224
517.124530,140.352899,56.401610
517.124568,140.352899,56.405315
517.124612,140.352899,56.419963
517.124633,140.352899,56.467435
517.124712,140.352899,56.478512
517.124754,140.352899,56.481898
517.125011,140.352899,56.482104
517.125124,140.352899,56.487464
517.125169,140.352899,56.493934
517.125219,140.352899,56.513158
517.125322,140.352899,56.562352
517.125354,140.352899,56.571694
517.125378,140.352899,56.580957
517.125413,140.352899,56.605632
517.125480,140.352899,56.609472
517.125523,140.352899,56.612110
517.125573,140.352899,56.613158
517.125610,140.352899,56.615806
517.125651,140.352899,56.617022
517.125792,140.352899,56.634712
517.125819,140.352899,56.688390
517.125920,140.352899,56.688477
517.125943,140.352899,56.700990
517.126028,140.352899,56.719486
517.126106,140.352899,56.723298
517.126171,140.352899,56.805163
517.126250,140.352899,56.828510
517.126296,140.352899,56.843006
517.126383,140.352899,56.849518
517.126407,140.352899,56.853205
517.126435,140.352899,56.855053
517.126483,140.352899,56.861880
517.126504,140.352899,56.877336
517.126545,140.352899,56.885952
517.126629,140.352899,56.919576
517.126720,140.352899,56.925541
517.126928,140.352899,56.941518
517.126978,140.352899,56.945797
517.127003,140.352899,56.947552
517.127062,140.352899,56.963712
517.127097,140.352899,57.002794
517.127145,140.352899,57.012450
517.127199,140.352899,57.023534
517.127223,140.352899,57.047162
517.127311,140.352899,57.057774
517.127356,140.352899,57.062141
517.127397,140.352899,57.063347
517.127443,140.352899,57.088349
517.127470,140.352899,57.090210
517.127524,140.352899,57.104590
517.127587,140.352899,57.121746
517.127635,140.352899,57.151653
517.127703,140.352899,57.153434
517.127766,140.352899,57.167602
517.127831,140.352899,57.237032
517.127898,140.352899,57.238405
517.127924,140.352899,57.244238
517.127990,140.352899,57.331242
517.128051,140.352899,57.346531
517.128095,140.352899,57.349112
517.128163,140.352899,57.353198
517.128206,140.352899,57.374274
517.128249,140.352899,57.389258
517.128286,140.352899,57.410214
517.128343,140.352899,57.414373
517.128393,140.352899,57.415219
517.128457,140.352899,57.415637
517.128522,140.352899,57.431765
517.128588,140.352899,57.432531
517.128613,140.352899,57.451027
517.128678,140.352899,57.452034
517.128702,140.352899,57.458093
517.128745,140.352899,57.491125
517.128793,140.352899,57.510122
517.128837,140.352899,57.520734
517.128880,140.352899,57.521245
517.128939,140.352899,57.558672
517.129046,140.352899,57.576880
517.129086,140.352899,57.581038
517.129120,140.352899,57.615219
517.129164,140.352899,57.617693
517.129208,140.352899,57.629117
517.129249,140.352899,57.660222
517.129368,140.352899,57.669555
517.129435,140.352899,57.682824
517.129604,140.352899,57.692896
517.129636,140.352899,57.731632
517.129656,140.352899,57.756112
517.129720,140.352899,57.830654
517.129862,140.352899,57.841408
517.129904,140.352899,57.844710
517.129956,140.352899,57.853434
517.130004,140.352899,57.853632
517.130116,140.352899,57.886504
517.130174,140.352899,57.913358
517.130218,140.352899,57.915768
517.130309,140.352899,57.925954
517.130339,140.352899,57.928714
517.130385,140.352899,57.938768
517.130456,140.352899,57.944874
517.130511,140.352899,57.945512
517.130645,140.352899,57.946648
517.130750,140.352899,57.963370
517.130921,140.352899,57.964992
517.131128,140.352899,57.984339
517.131171,140.352899,57.997637
517.131211,140.352899,58.006014
517.131256,140.352899,58.027872
517.131303,140.352899,58.030616
517.131348,140.352899,58.059070
517.131411,140.352899,58.078045
517.131566,140.352899,58.079872
517.131631,140.352899,58.094163
517.131704,140.352899,58.123610
517.131762,140.352899,58.130035
517.131875,140.352899,58.134494
517.131945,140.352899,58.192944
517.131977,140.352899,58.201683
517.132061,140.352899,58.220914
517.132119,140.352899,58.242091
517.132163,140.352899,58.244710
517.132214,140.352899,58.245438
517.132264,140.352899,58.260632
517.132300,140.352899,58.279805
517.132349,140.352899,58.281885
517.132403,140.352899,58.298430
517.132455,140.352899,58.306050
517.132530,140.352899,58.308954
517.132574,140.352899,58.314898
517.132600,140.352899,58.315002
517.132651,140.352899,58.342154
517.132705,140.352899,58.383398
517.132787,140.352899,58.387238
517.132837,140.352899,58.408472
517.133078,140.352899,58.439072
517.133125,140.352899,58.451640
517.133191,140.352899,58.465866
517.133229,140.352899,58.469539
517.133465,140.352899,58.490243
517.133524,140.352899,58.497227
517.133581,140.352899,58.525117
517.133669,140.352899,58.526259
517.133757,140.352899,58.526888
517.133815,140.352899,58.539072
517.133856,140.352899,58.543613
517.133906,140.352899,58.550762
517.134078,140.352899,58.564627
517.134175,140.352899,58.572565
517.134221,140.352899,58.575138
517.134271,140.352899,58.597728
517.134331,140.352899,58.630971
517.134367,140.352899,58.642712
517.134474,140.352899,58.645832
517.134532,140.352899,58.689312
517.134590,140.352899,58.700362
517.134758,140.352899,58.702051
517.134964,140.352899,58.709534
517.135114,140.352899,58.712110
517.135250,140.352899,58.753235
517.135302,140.352899,58.753885
517.135393,140.352899,58.777962
517.135436,140.352899,58.796682
517.135504,140.352899,58.805648
517.135596,140.352899,58.809378
517.135683,140.352899,58.816733
517.135741,140.352899,58.870730
517.135799,140.352899,58.883408
517.135898,140.352899,58.899485
517.135933,140.352899,58.912510
517.135967,140.352899,58.919525
517.136070,140.352899,58.920814
517.136119,140.352899,58.932499
517.136392,140.352899,58.951018
517.136460,140.352899,58.971946
517.136616,140.352899,58.978208
517.136697,140.352899,58.994163
517.136820,140.352899,59.006866
517.136886,140.352899,59.016171
517.136939,140.352899,59.026802
517.137013,140.352899,59.038602
517.137280,140.352899,59.061285
517.137340,140.352899,59.073098
517.137542,140.352899,59.086510
517.137613,140.352899,59.107834
517.137679,140.352899,59.133706
517.137757,140.352899,59.149208
517.137820,140.352899,59.158205
517.137930,140.352899,59.164270
517.137996,140.352899,59.170110
517.138084,140.352899,59.194202
517.138138,140.352899,59.207805
517.138188,140.352899,59.210275
517.138355,140.352899,59.221877
517.138418,140.352899,59.240922
517.138457,140.352899,59.245232
517.138506,140.352899,59.267011
517.138552,140.352899,59.269370
517.138596,140.352899,59.282798
517.138629,140.352899,59.284685
517.138660,140.352899,59.285298
517.138686,140.352899,59.293630
517.138792,140.352899,59.300371
517.138849,140.352899,59.312126
517.138950,140.352899,59.362045
517.139081,140.352899,59.382485
517.139172,140.352899,59.383694
517.139224,140.352899,59.388696
517.139278,140.352899,59.392925
517.139331,140.352899,59.401539
517.139398,140.352899,59.412110
517.139503,140.352899,59.412165
517.139563,140.352899,59.426802
517.139623,140.352899,59.435248
517.139696,140.352899,59.448334
517.139751,140.352899,59.452808
517.139809,140.352899,59.466446
517.140192,140.352899,59.480522
517.140257,140.352899,59.499768
517.140358,140.352899,59.501058
517.140487,140.352899,59.526094
517.140521,140.352899,59.552189
517.140624,140.352899,59.567027
517.140744,140.352899,59.576200
517.140856,140.352899,59.591699
517.140976,140.352899,59.614398
517.141084,140.352899,59.616110
517.141122,140.352899,59.621746
517.141178,140.352899,59.636157
517.141235,140.352899,59.636782
517.141285,140.352899,59.650902
517.141325,140.352899,59.654653
517.141394,140.352899,59.656427
517.141451,140.352899,59.663347
517.141508,140.352899,59.672334
517.141564,140.352899,59.673235
517.141979,140.352899,59.675667
517.142079,140.352899,59.676701
517.142126,140.352899,59.699181
517.142187,140.352899,59.702530
517.142223,140.352899,59.708643
517.142302,140.352899,59.710598
517.142369,140.352899,59.736163
517.142407,140.352899,59.741333
517.142657,140.352899,59.741472
517.142702,140.352899,59.742110
517.142757,140.352899,59.751330
517.142856,140.352899,59.770270
517.142955,140.352899,59.792229
517.143100,140.352899,59.805693
517.143169,140.352899,59.854742
517.143273,140.352899,59.871403
517.143328,140.352899,59.877336
517.143376,140.352899,59.880320
517.143447,140.352899,59.886749
517.143513,140.352899,59.900362
517.143720,140.352899,59.905267
517.143903,140.352899,59.927693
517.144051,140.352899,59.978045
517.144118,140.352899,59.990099
517.144176,140.352899,59.992754
517.144226,140.352899,59.998290
517.144311,140.352899,60.012829
517.144397,140.352899,60.025085
517.144566,140.352899,60.053523
517.144692,140.352899,60.073242
517.144764,140.352899,60.099248
517.144842,140.352899,60.099544
517.144905,140.352899,60.126214
517.144973,140.352899,60.127310
517.145062,140.352899,60.129394
517.145174,140.352899,60.131242
517.145280,140.352899,60.142278
517.145343,140.352899,60.156765
517.145392,140.352899,60.185578
517.145863,140.352899,60.188606
517.145940,140.352899,60.197717
517.145973,140.352899,60.216838
517.146027,140.352899,60.237856
517.146082,140.352899,60.241794
517.146149,140.352899,60.242765
517.146195,140.352899,60.246574
517.146371,140.352899,60.254685
517.146428,140.352899,60.257280
517.146530,140.352899,60.260312
517.146658,140.352899,60.264318
517.146698,140.352899,60.266210
517.146753,140.352899,60.268282
517.146869,140.352899,60.271432
517.146922,140.352899,60.275064
517.146986,140.352899,60.284278
517.147066,140.352899,60.289925
517.147141,140.352899,60.290912
517.147189,140.352899,60.294974
517.147258,140.352899,60.299774
517.147317,140.352899,60.301960
517.147375,140.352899,60.311198
517.147423,140.352899,60.318845
517.147500,140.352899,60.319470
517.147595,140.352899,60.320702
517.147652,140.352899,60.332445
517.147711,140.352899,60.355914
517.147756,140.352899,60.357994
517.147821,140.352899,60.367488
517.147863,140.352899,60.390926
517.147935,140.352899,60.404670
517.148029,140.352899,60.405944
517.148107,140.352899,60.426978
517.148163,140.352899,60.435525
517.148225,140.352899,60.457392
517.148265,140.352899,60.482462
517.148328,140.352899,60.499736
517.148386,140.352899,60.501029
517.148445,140.352899,60.502120
517.148604,140.352899,60.502746
517.148822,140.352899,60.525005
517.148947,140.352899,60.534032
517.149118,140.352899,60.564576
517.149304,140.352899,60.573238
517.149370,140.352899,60.582917
517.149466,140.352899,60.594163
517.149507,140.352899,60.611792
517.149646,140.352899,60.627965
517.149715,140.352899,60.660222
517.149803,140.352899,60.691747
517.150061,140.352899,60.712848
517.150139,140.352899,60.714278
517.150202,140.352899,60.723272
517.150519,140.352899,60.731165
517.150586,140.352899,60.732330
517.150704,140.352899,60.744374
517.150782,140.352899,60.746661
517.150836,140.352899,60.749118
517.150958,140.352899,60.750174
517.151023,140.352899,60.765821
517.151247,140.352899,60.767027
517.151422,140.352899,60.769250
517.151458,140.352899,60.770554
517.151528,140.352899,60.772654
517.151603,140.352899,60.783774
517.151654,140.352899,60.784834
517.151716,140.352899,60.788542
517.151787,140.352899,60.795459
517.151911,140.352899,60.818232
517.151991,140.352899,60.821659
517.152149,140.352899,60.830048
517.152291,140.352899,60.845438
517.152353,140.352899,60.853886
517.152502,140.352899,60.879709
517.152637,140.352899,60.881814
517.152771,140.352899,60.897907
517.152889,140.352899,60.901314
517.152921,140.352899,60.901610
517.153013,140.352899,60.913714
517.153144,140.352899,60.932829
517.153184,140.352899,60.932877
517.153241,140.352899,60.946574
517.153353,140.352899,60.954634
517.153418,140.352899,60.957469
517.153498,140.352899,60.965782
517.153550,140.352899,60.979074
517.153584,140.352899,60.988432
517.153699,140.352899,60.994237
517.153759,140.352899,61.019470
517.153813,140.352899,61.020702
517.153940,140.352899,61.033747
517.154065,140.352899,61.050174
517.154186,140.352899,61.058784
517.154224,140.352899,61.063632
517.154259,140.352899,61.073368
517.154440,140.352899,61.078496
517.154565,140.352899,61.087358
517.154771,140.352899,61.098222
517.154827,140.352899,61.099478
517.154884,140.352899,61.113862
517.154943,140.352899,61.118899
517.155079,140.352899,61.124285
517.155283,140.352899,61.154707
517.155685,140.352899,61.169347
517.155754,140.352899,61.170114
517.155829,140.352899,61.175677
517.155891,140.352899,61.181230
517.155971,140.352899,61.186232
517.156280,140.352899,61.196056
517.156350,140.352899,61.202746
517.156525,140.352899,61.212605
517.156606,140.352899,61.235136
517.156684,140.352899,61.237430
517.156766,140.352899,61.243622
517.156886,140.352899,61.243626
517.156953,140.352899,61.271133
517.157004,140.352899,61.280320
517.157071,140.352899,61.295306
517.157447,140.352899,61.308954
517.157524,140.352899,61.309034
517.157623,140.352899,61.321373
517.157823,140.352899,61.326830
517.157897,140.352899,61.341752
517.158046,140.352899,61.352898
517.158249,140.352899,61.359358
517.158289,140.352899,61.364570
517.158345,140.352899,61.371168
517.158386,140.352899,61.376902
517.158462,140.352899,61.386142
517.158546,140.352899,61.390174
517.158628,140.352899,61.400179
517.158702,140.352899,61.409534
517.158858,140.352899,61.421411
517.158915,140.352899,61.456427
517.158993,140.352899,61.464008
517.159056,140.352899,61.482434
517.159125,140.352899,61.486749
517.159194,140.352899,61.491125
517.159276,140.352899,61.502842
517.159350,140.352899,61.507722
517.159440,140.352899,61.510122
517.159517,140.352899,61.510147
517.894852,140.352899,61.513134
518.139370,140.352899,61.540085
518.139417,140.352899,61.542914
518.139461,140.352899,61.547549
518.139499,140.352899,61.549022
518.139564,140.352899,61.566125
518.139593,140.352899,61.596354
518.139614,140.352899,61.608814
518.139681,140.352899,61.626816
518.139722,140.352899,61.640198
518.139765,140.352899,61.660670
518.139784,140.352899,61.663254
518.139823,140.352899,61.668024
518.139859,140.352899,61.686574
518.139901,140.352899,61.686749
518.139923,140.352899,61.738928
518.139944,140.352899,61.749702
518.140064,140.352899,61.762750
518.140130,140.352899,61.766922
518.140203,140.352899,61.771942
518.140240,140.352899,61.779792
518.140264,140.352899,61.830629
518.140280,140.352899,61.847677
518.140296,140.352899,61.898725
518.140331,140.352899,61.915781
518.140353,140.352899,61.929184
518.140371,140.352899,61.935566
518.140416,140.352899,61.951325
518.140536,140.352899,61.976485
518.140560,140.352899,62.014437
518.140697,140.352899,62.045870
518.140782,140.352899,62.053224
518.140815,140.352899,62.061365
518.141001,140.352899,62.100832
518.141018,140.352899,62.102528
518.141086,140.352899,62.123512
518.141113,140.352899,62.142355
518.141168,140.352899,62.146661
518.141186,140.352899,62.164992
518.141368,140.352899,62.168678
518.141389,140.352899,62.181102
518.141434,140.352899,62.197704
518.141454,140.352899,62.206448
518.141487,140.352899,62.217933
518.141582,140.352899,62.262045
518.141658,140.352899,62.314384
518.141693,140.352899,62.338474
518.141726,140.352899,62.391536
518.141854,140.352899,62.403072
518.141879,140.352899,62.408701
518.141922,140.352899,62.415688
518.141962,140.352899,62.420755
518.142030,140.352899,62.453989
518.142073,140.352899,62.469904
518.142181,140.352899,62.472581
518.142202,140.352899,62.480290
518.142240,140.352899,62.508712
518.142274,140.352899,62.530200
518.142337,140.352899,62.541874
518.142433,140.352899,62.542958
518.142454,140.352899,62.558098
518.142487,140.352899,62.561362
518.142522,140.352899,62.571790
518.142554,140.352899,62.574410
518.142588,140.352899,62.627010
518.142649,140.352899,62.633587
518.142687,140.352899,62.654698
518.142974,140.352899,62.655939
518.143035,140.352899,62.658118
518.143113,140.352899,62.660778
518.143154,140.352899,62.671634
518.143197,140.352899,62.695872
518.143239,140.352899,62.704086
518.143326,140.352899,62.740230
518.143396,140.352899,62.762750
518.143506,140.352899,62.792552
518.143570,140.352899,62.802528
518.143617,140.352899,62.821363
518.143668,140.352899,62.849512
518.143804,140.352899,62.856494
518.143843,140.352899,62.912973
518.143892,140.352899,62.918032
518.143940,140.352899,62.923512
518.143977,140.352899,62.928030
518.144113,140.352899,62.948992
518.144149,140.352899,62.954046
518.144224,140.352899,62.963248
518.144293,140.352899,62.965702
518.144344,140.352899,62.975374
518.144368,140.352899,62.987774
518.144481,140.352899,62.990483
518.144507,140.352899,63.014437
518.144574,140.352899,63.021954
518.144633,140.352899,63.047162
518.144797,140.352899,63.053134
518.144823,140.352899,63.057605
518.144851,140.352899,63.102222
518.144913,140.352899,63.103152
518.145022,140.352899,63.129117
518.145067,140.352899,63.134309
518.145092,140.352899,63.152557
518.145192,140.352899,63.155678
518.145228,140.352899,63.156402
518.145308,140.352899,63.173120
518.145391,140.352899,63.181102
518.145446,140.352899,63.204075
518.145492,140.352899,63.228742
518.145554,140.352899,63.283694
518.145611,140.352899,63.341608
518.145671,140.352899,63.342234
518.145774,140.352899,63.354682
518.145873,140.352899,63.355939
518.145915,140.352899,63.363194
518.146034,140.352899,63.384798
518.146141,140.352899,63.448160
518.146233,140.352899,63.488352
518.146430,140.352899,63.489402
518.146499,140.352899,63.496605
518.146547,140.352899,63.521245
518.146632,140.352899,63.521659
518.146679,140.352899,63.531235
518.146786,140.352899,63.542288
518.146833,140.352899,63.555834
518.146866,140.352899,63.557558
518.146899,140.352899,63.562058
518.146938,140.352899,63.635544
518.146969,140.352899,63.654698
518.147172,140.352899,63.671704
518.147195,140.352899,63.691747
518.147313,140.352899,63.705480
518.147362,140.352899,63.732330
518.147490,140.352899,63.746654
518.147534,140.352899,63.747162
518.147625,140.352899,63.754008
518.147692,140.352899,63.792938
518.147727,140.352899,63.818899
518.147762,140.352899,63.821363
518.147926,140.352899,63.847758
518.147966,140.352899,63.855714
518.148110,140.352899,63.873790
518.148195,140.352899,63.880925
518.148248,140.352899,63.890197
518.148276,140.352899,63.901397
518.148303,140.352899,63.902030
518.148354,140.352899,63.919422
518.148417,140.352899,63.931613
518.148456,140.352899,63.933474
518.148506,140.352899,63.952672
518.148547,140.352899,63.984307
518.148641,140.352899,63.994195
518.148738,140.352899,64.003454
518.148786,140.352899,64.008902
518.148823,140.352899,64.023490
518.148884,140.352899,64.042234
518.148971,140.352899,64.068696
518.149019,140.352899,64.092376
518.149130,140.352899,64.101250
518.149194,140.352899,64.110122
518.149384,140.352899,64.117674
518.149452,140.352899,64.121222
518.149502,140.352899,64.143424
518.149565,140.352899,64.154707
518.149610,140.352899,64.160861
518.149659,140.352899,64.191872
518.149732,140.352899,64.201933
518.149832,140.352899,64.203326
518.149899,140.352899,64.210122
518.149986,140.352899,64.212605
518.150065,140.352899,64.275397
518.150092,140.352899,64.279693
518.150127,140.352899,64.290474
518.150202,140.352899,64.292874
518.150250,140.352899,64.332445
518.150324,140.352899,64.335072
518.150382,140.352899,64.354682
518.150452,140.352899,64.363194
518.150500,140.352899,64.370730
518.150536,140.352899,64.376280
518.150596,140.352899,64.379270
518.150644,140.352899,64.394448
518.150700,140.352899,64.420208
518.150836,140.352899,64.441085
518.150880,140.352899,64.449702
518.150935,140.352899,64.464832
518.151078,140.352899,64.473558
518.151113,140.352899,64.501390
518.151156,140.352899,64.507722
518.151278,140.352899,64.521354
518.151340,140.352899,64.552814
518.151377,140.352899,64.571691
518.151409,140.352899,64.584598
518.151441,140.352899,64.590226
518.151469,140.352899,64.598995
518.151557,140.352899,64.605331
518.151617,140.352899,64.606384
518.151660,140.352899,64.612424
518.151711,140.352899,64.615934
518.151820,140.352899,64.627278
518.151862,140.352899,64.672574
518.151904,140.352899,64.684205
518.151967,140.352899,64.716371
518.152033,140.352899,64.730990
518.152080,140.352899,64.753861
518.152156,140.352899,64.761365
518.152294,140.352899,64.771342
518.152349,140.352899,64.779112
518.152406,140.352899,64.780832
518.152469,140.352899,64.781024
518.152512,140.352899,64.783685
518.152565,140.352899,64.784685
518.152610,140.352899,64.786088
518.152652,140.352899,64.816264
518.152692,140.352899,64.821733
518.152738,140.352899,64.827965
518.152819,140.352899,64.832114
518.152895,140.352899,64.879357
518.152941,140.352899,64.888510
518.153021,140.352899,64.901310
518.153095,140.352899,64.920526
518.153150,140.352899,64.927304
518.153199,140.352899,64.938621
518.153268,140.352899,64.962045
518.153324,140.352899,64.969798
518.153369,140.352899,64.983672
518.153443,140.352899,64.984307
518.153494,140.352899,65.003454
518.153643,140.352899,65.005906
518.153691,140.352899,65.021328
518.153738,140.352899,65.034334
518.153790,140.352899,65.086781
518.153835,140.352899,65.117674
518.153998,140.352899,65.121746
518.154063,140.352899,65.161758
518.154150,140.352899,65.184678
518.154201,140.352899,65.190816
518.154268,140.352899,65.199110
518.154325,140.352899,65.203416
518.154377,140.352899,65.222274
518.154466,140.352899,65.246645
518.154518,140.352899,65.269370
518.154685,140.352899,65.286510
518.154766,140.352899,65.300034
518.154843,140.352899,65.303314
518.154883,140.352899,65.315232
518.154937,140.352899,65.333648
518.155024,140.352899,65.348445
518.155091,140.352899,65.354557
518.155148,140.352899,65.356494
518.155226,140.352899,65.371234
518.155283,140.352899,65.371704
518.155329,140.352899,65.374387
518.155396,140.352899,65.379925
518.155463,140.352899,65.383075
518.155575,140.352899,65.399059
518.155647,140.352899,65.407674
518.155693,140.352899,65.408701
518.155741,140.352899,65.429104
518.155774,140.352899,65.452315
518.155839,140.352899,65.452686
518.156052,140.352899,65.453854
518.156109,140.352899,65.523141
518.156176,140.352899,65.524915
518.156269,140.352899,65.525325
518.156308,140.352899,65.527154
518.156358,140.352899,65.561362
518.156403,140.352899,65.568246
518.156451,140.352899,65.568266
518.156514,140.352899,65.571691
518.156560,140.352899,65.584706
518.156604,140.352899,65.618165
518.156672,140.352899,65.619352
518.156722,140.352899,65.629358
518.156781,140.352899,65.641066
518.156862,140.352899,65.648912
518.156998,140.352899,65.679163
518.157029,140.352899,65.681754
518.157081,140.352899,65.681859
518.157137,140.352899,65.712008
518.157218,140.352899,65.723518
518.157257,140.352899,65.726672
518.157343,140.352899,65.734931
518.157396,140.352899,65.737427
518.157508,140.352899,65.749702
518.157582,140.352899,65.756904
518.157681,140.352899,65.766738
518.157799,140.352899,65.769992
518.157853,140.352899,65.788475
518.157907,140.352899,65.816688
518.157949,140.352899,65.819944
518.158000,140.352899,65.845304
518.158063,140.352899,65.846035
518.158426,140.352899,65.847794
518.158472,140.352899,65.857155
518.158520,140.352899,65.864832
518.158598,140.352899,65.866296
518.158647,140.352899,65.868672
518.158749,140.352899,65.889213
518.158814,140.352899,65.892032
518.158862,140.352899,65.894448
518.158894,140.352899,65.910525
518.158947,140.352899,65.916368
518.159002,140.352899,65.916814
518.159065,140.352899,65.929774
518.159155,140.352899,65.932939
518.159206,140.352899,65.947677
518.159238,140.352899,65.965702
518.159298,140.352899,65.969370
518.159345,140.352899,65.975626
518.159408,140.352899,65.986634
518.159688,140.352899,66.007534
518.159742,140.352899,66.012701
518.159789,140.352899,66.017667
518.159839,140.352899,66.033080
518.159889,140.352899,66.056494
518.159969,140.352899,66.064363
518.160015,140.352899,66.073368
518.160108,140.352899,66.097550
518.160180,140.352899,66.102162
518.160226,140.352899,66.102618
518.160280,140.352899,66.108718
518.160318,140.352899,66.142291
518.160461,140.352899,66.152315
518.160514,140.352899,66.156402
518.160648,140.352899,66.156805
518.160717,140.352899,66.163254
518.160820,140.352899,66.166430
518.160875,140.352899,66.175310
518.160949,140.352899,66.204997
518.160982,140.352899,66.246590
518.161040,140.352899,66.262045
518.161200,140.352899,66.279112
518.161237,140.352899,66.332877
518.161284,140.352899,66.333648
518.161383,140.352899,66.339230
518.161450,140.352899,66.342234
518.161524,140.352899,66.342910
518.161593,140.352899,66.369154
518.161797,140.352899,66.381202
518.161854,140.352899,66.394786
518.161907,140.352899,66.397917
518.161958,140.352899,66.409133
518.162023,140.352899,66.419426
518.162185,140.352899,66.425534
518.162259,140.352899,66.428710
518.162350,140.352899,66.428736
518.162399,140.352899,66.432330
518.162440,140.352899,66.446914
518.162573,140.352899,66.452686
518.162637,140.352899,66.459374
518.162680,140.352899,66.484830
518.162730,140.352899,66.494269
518.162797,140.352899,66.496232
518.162871,140.352899,66.508902
518.162932,140.352899,66.537134
518.162966,140.352899,66.545272
518.163159,140.352899,66.545794
518.163206,140.352899,66.549731
518.163274,140.352899,66.556478
518.163347,140.352899,66.573726
518.163421,140.352899,66.590283
518.163470,140.352899,66.605290
518.163527,140.352899,66.615002
518.163690,140.352899,66.616736
518.163791,140.352899,66.619352
518.163847,140.352899,66.624029
518.163957,140.352899,66.624325
518.164012,140.352899,66.626214
518.164231,140.352899,66.629358
518.164286,140.352899,66.657726
518.164349,140.352899,66.660778
518.164412,140.352899,66.679805
518.164457,140.352899,66.689174
518.164515,140.352899,66.695912
518.164577,140.352899,66.705070
518.164621,140.352899,66.705765
518.164939,140.352899,66.714285
518.164973,140.352899,66.735704
518.165019,140.352899,66.771955
518.165062,140.352899,66.773082
518.165181,140.352899,66.775626
518.165255,140.352899,66.780912
518.165295,140.352899,66.784619
518.165360,140.352899,66.784691
518.165445,140.352899,66.805902
518.165508,140.352899,66.806832
518.165578,140.352899,66.813464
518.165619,140.352899,66.816733
518.165652,140.352899,66.827224
518.165708,140.352899,66.832896
518.165756,140.352899,66.839747
518.165921,140.352899,66.842288
518.165968,140.352899,66.843566
518.166027,140.352899,66.846035
518.166241,140.352899,66.848467
518.166299,140.352899,66.852766
518.166364,140.352899,66.864554
518.166454,140.352899,66.868005
518.166504,140.352899,66.871446
518.166548,140.352899,66.872430
518.166594,140.352899,66.874814
518.166645,140.352899,66.917022
518.166711,140.352899,66.919461
518.166742,140.352899,66.925398
518.166777,140.352899,66.957126
518.166838,140.352899,66.960133
518.166878,140.352899,66.982912
518.166972,140.352899,66.987264
518.167023,140.352899,66.998494
518.167094,140.352899,67.012701
518.167262,140.352899,67.033080
518.167462,140.352899,67.042234
518.167519,140.352899,67.050213
518.167596,140.352899,67.075394
518.167661,140.352899,67.077962
518.167713,140.352899,67.086510
518.167750,140.352899,67.088384
518.167784,140.352899,67.090816
518.167857,140.352899,67.098434
518.167911,140.352899,67.102162
518.167962,140.352899,67.109357
518.168012,140.352899,67.121645
518.168075,140.352899,67.138557
518.168238,140.352899,67.149470
518.168279,140.352899,67.166430
518.168379,140.352899,67.168453
518.168422,140.352899,67.171474
518.168491,140.352899,67.173120
518.168619,140.352899,67.190962
518.168665,140.352899,67.192032
518.168822,140.352899,67.195718
518.168878,140.352899,67.205082
518.168929,140.352899,67.212424
518.168977,140.352899,67.214232
518.169039,140.352899,67.215768
518.169174,140.352899,67.216878
518.169232,140.352899,67.259520
518.169292,140.352899,67.264877
518.169345,140.352899,67.266032
518.169395,140.352899,67.292200
518.169462,140.352899,67.296334
518.169607,140.352899,67.306526
518.169651,140.352899,67.308970
518.169722,140.352899,67.309011
518.169795,140.352899,67.310598
518.169861,140.352899,67.320352
518.169976,140.352899,67.324382
518.170053,140.352899,67.364130
518.170160,140.352899,67.374094
518.170283,140.352899,67.394986
518.170340,140.352899,67.407074
518.170390,140.352899,67.421750
518.170421,140.352899,67.428682
518.170491,140.352899,67.445872
518.170578,140.352899,67.447568
518.170607,140.352899,67.453328
518.170653,140.352899,67.457688
518.170712,140.352899,67.473584
518.170757,140.352899,67.481811
518.170829,140.352899,67.486027
518.170950,140.352899,67.496605
518.171031,140.352899,67.501291
518.171073,140.352899,67.506845
518.171257,140.352899,67.527443
518.171317,140.352899,67.534670
518.171368,140.352899,67.542914
518.171545,140.352899,67.545072
518.171650,140.352899,67.545272
518.171705,140.352899,67.553317
518.171806,140.352899,67.555034
518.171901,140.352899,67.559936
518.171930,140.352899,67.575888
518.172015,140.352899,67.590987
518.172081,140.352899,67.610802
518.172203,140.352899,67.612514
518.172236,140.352899,67.613862
518.172341,140.352899,67.622832
518.172449,140.352899,67.638502
518.172528,140.352899,67.651232
518.172587,140.352899,67.663270
518.172643,140.352899,67.663274
518.172753,140.352899,67.666922
518.172808,140.352899,67.667912
518.172859,140.352899,67.689822
518.172921,140.352899,67.693832
518.173025,140.352899,67.705765
518.173179,140.352899,67.712691
518.173248,140.352899,67.720512
518.173369,140.352899,67.722973
518.173510,140.352899,67.734334
518.173562,140.352899,67.741634
518.173622,140.352899,67.750325
518.173695,140.352899,67.752573
518.173777,140.352899,67.753405
518.173864,140.352899,67.757432
518.173925,140.352899,67.761365
518.174001,140.352899,67.776093
518.174035,140.352899,67.780290
518.174076,140.352899,67.800733
518.174147,140.352899,67.806210
518.174241,140.352899,67.812398
518.174345,140.352899,67.815840
518.174393,140.352899,67.821354
518.174454,140.352899,67.831648
518.174486,140.352899,67.842214
518.174546,140.352899,67.845394
518.174656,140.352899,67.858387
518.174715,140.352899,67.872430
518.174814,140.352899,67.891645
518.174875,140.352899,67.909408
518.174916,140.352899,67.918838
518.174992,140.352899,67.938853
518.175113,140.352899,67.943869
518.175153,140.352899,67.945122
518.175238,140.352899,67.951350
518.175294,140.352899,67.962574
518.175412,140.352899,67.966093
518.175512,140.352899,67.989726
518.175625,140.352899,67.994154
518.175686,140.352899,68.038318
518.175723,140.352899,68.039786
518.175826,140.352899,68.043853
518.175867,140.352899,68.056402
518.176011,140.352899,68.056878
518.176054,140.352899,68.086405
518.176131,140.352899,68.098434
518.176240,140.352899,68.105518
518.176329,140.352899,68.110766
518.176385,140.352899,68.121944
518.176448,140.352899,68.126205
518.176487,140.352899,68.132243
518.176545,140.352899,68.143310
518.176600,140.352899,68.150845
518.176671,140.352899,68.163254
518.176798,140.352899,68.169792
518.176835,140.352899,68.182750
518.176884,140.352899,68.192216
518.176953,140.352899,68.192819
518.177020,140.352899,68.207086
518.177197,140.352899,68.210128
518.177273,140.352899,68.215768
518.177339,140.352899,68.218120
518.177416,140.352899,68.224504
518.177474,140.352899,68.225034
518.177540,140.352899,68.245717
518.177591,140.352899,68.246176
518.177666,140.352899,68.254541
518.177802,140.352899,68.260571
518.177851,140.352899,68.262045
518.177908,140.352899,68.266163
518.177971,140.352899,68.269370
518.178060,140.352899,68.295290
518.178164,140.352899,68.309011
518.178372,140.352899,68.319461
518.178419,140.352899,68.321347
518.178472,140.352899,68.331669
518.178585,140.352899,68.360742
518.178633,140.352899,68.360797
518.178676,140.352899,68.366224
518.178764,140.352899,68.387600
518.178846,140.352899,68.398970
518.178904,140.352899,68.405032
518.178974,140.352899,68.407674
518.179046,140.352899,68.410827
518.179125,140.352899,68.418800
518.179187,140.352899,68.426250
518.179277,140.352899,68.444746
518.179353,140.352899,68.449702
518.179436,140.352899,68.452686
518.179497,140.352899,68.453363
518.179556,140.352899,68.453989
518.179631,140.352899,68.470506
518.179691,140.352899,68.472272
518.179874,140.352899,68.479032
518.179928,140.352899,68.497818
518.179996,140.352899,68.510718
518.180059,140.352899,68.519883
518.180105,140.352899,68.521899
518.180173,140.352899,68.543165
518.180230,140.352899,68.571779
518.180323,140.352899,68.577077
518.180375,140.352899,68.577810
518.180427,140.352899,68.582192
518.180460,140.352899,68.586104
518.180520,140.352899,68.607394
518.180553,140.352899,68.611411
518.180617,140.352899,68.616990
518.180672,140.352899,68.627963
518.180718,140.352899,68.630917
518.180859,140.352899,68.638586
518.180926,140.352899,68.642301
518.180995,140.352899,68.645771
518.181065,140.352899,68.658672
518.181134,140.352899,68.662574
518.181262,140.352899,68.687352
518.181341,140.352899,68.710469
518.181441,140.352899,68.726622
518.181648,140.352899,68.750174
518.591264,140.352899,68.759603
518.775716,140.352899,68.765030
518.775755,140.352899,68.785792
518.775800,140.352899,68.795934
518.775864,140.352899,68.819141
518.775937,140.352899,68.831424
518.775976,140.352899,68.873525
518.776039,140.352899,68.879709
518.776061,140.352899,68.887490
518.776123,140.352899,68.926269
518.776166,140.352899,68.938582
518.776209,140.352899,68.962045
518.776285,140.352899,68.969798
518.776324,140.352899,68.987898
518.776362,140.352899,68.991992
518.776384,140.352899,69.023314
518.776434,140.352899,69.126846
518.776488,140.352899,69.153074
518.776732,140.352899,69.155034
518.776763,140.352899,69.164877
518.776836,140.352899,69.171704
518.776872,140.352899,69.191989
518.776917,140.352899,69.195750
518.776934,140.352899,69.230834
518.777087,140.352899,69.242637
518.777105,140.352899,69.244069
518.777226,140.352899,69.258914
518.777322,140.352899,69.286240
518.777372,140.352899,69.307109
518.777392,140.352899,69.348445
518.777460,140.352899,69.394413
518.777500,140.352899,69.446349
518.777521,140.352899,69.450858
518.777641,140.352899,69.452906
518.777677,140.352899,69.465702
518.777871,140.352899,69.469214
518.777979,140.352899,69.497182
518.778039,140.352899,69.515110
518.778082,140.352899,69.534594
518.778117,140.352899,69.556904
518.778178,140.352899,69.564360
518.778229,140.352899,69.569138
518.778264,140.352899,69.573472
518.778320,140.352899,69.580950
518.778353,140.352899,69.632368
518.778391,140.352899,69.633997
518.778456,140.352899,69.662477
518.778478,140.352899,69.662600
518.778523,140.352899,69.697088
518.778567,140.352899,69.718032
518.778620,140.352899,69.724810
518.778671,140.352899,69.729904
518.778798,140.352899,69.746342
518.778854,140.352899,69.817488
518.779002,140.352899,69.828710
518.779053,140.352899,69.838909
518.779102,140.352899,69.852189
518.779160,140.352899,69.879058
518.779243,140.352899,69.891989
518.779283,140.352899,69.897915
518.779361,140.352899,69.922448
518.779396,140.352899,69.936509
518.779487,140.352899,69.963200
518.779525,140.352899,69.963293
518.779564,140.352899,69.965738
518.779596,140.352899,70.008902
518.779650,140.352899,70.009525
518.779768,140.352899,70.026326
518.779917,140.352899,70.056910
518.779952,140.352899,70.064581
518.779997,140.352899,70.066093
518.780023,140.352899,70.087698
518.780047,140.352899,70.140118
518.780074,140.352899,70.188562
518.780145,140.352899,70.222885
518.780303,140.352899,70.259520
518.780369,140.352899,70.262045
518.780417,140.352899,70.273525
518.780465,140.352899,70.282229
518.780535,140.352899,70.295824
518.780582,140.352899,70.332974
518.780627,140.352899,70.351890
518.780667,140.352899,70.363848
518.780711,140.352899,70.381811
518.780731,140.352899,70.416704
518.780894,140.352899,70.458704
518.780941,140.352899,70.480290
518.780972,140.352899,70.494464
518.781000,140.352899,70.529042
518.781043,140.352899,70.552814
518.781198,140.352899,70.568523
518.781256,140.352899,70.575258
518.781320,140.352899,70.586002
518.781511,140.352899,70.588520
518.781551,140.352899,70.593229
518.781576,140.352899,70.597554
518.781619,140.352899,70.605290
518.781746,140.352899,70.625680
518.781889,140.352899,70.626214
518.782013,140.352899,70.675314
518.782048,140.352899,70.683373
518.782257,140.352899,70.697202
518.782307,140.352899,70.749483
518.782348,140.352899,70.752573
518.782374,140.352899,70.761133
518.782406,140.352899,70.771955
518.782451,140.352899,70.788384
518.782481,140.352899,70.792880
518.782574,140.352899,70.866144
518.782604,140.352899,70.866754
518.782685,140.352899,70.870947
518.782714,140.352899,70.876190
518.782805,140.352899,70.892864
518.782856,140.352899,70.911045
518.782921,140.352899,70.911854
518.782979,140.352899,70.943891
518.783068,140.352899,70.944514
518.783116,140.352899,70.946272
518.783247,140.352899,70.960133
518.783323,140.352899,70.960174
518.783565,140.352899,70.988235
518.783642,140.352899,70.992656
518.783700,140.352899,70.996334
518.783742,140.352899,71.000170
518.783804,140.352899,71.010802
518.783855,140.352899,71.012650
518.783916,140.352899,71.064848
518.784009,140.352899,71.126186
518.784057,140.352899,71.126608
518.784086,140.352899,71.138557
518.784152,140.352899,71.142608
518.784225,140.352899,71.143744
518.784272,140.352899,71.147114
518.784366,140.352899,71.171862
518.784412,140.352899,71.199504
518.784492,140.352899,71.202912
518.784558,140.352899,71.204368
518.784586,140.352899,71.215920
518.784631,140.352899,71.237245
518.784707,140.352899,71.246672
518.784755,140.352899,71.271946
518.784815,140.352899,71.281381
518.784859,140.352899,71.289768
518.784916,140.352899,71.290394
518.784988,140.352899,71.305222
518.785036,140.352899,71.310802
518.785099,140.352899,71.323538
518.785142,140.352899,71.329091
518.785277,140.352899,71.336432
518.785382,140.352899,71.381530
518.785460,140.352899,71.397512
518.785524,140.352899,71.414192
518.785627,140.352899,71.434670
518.785669,140.352899,71.475610
518.785724,140.352899,71.485944
518.785800,140.352899,71.499634
518.785871,140.352899,71.516078
518.785921,140.352899,71.542672
518.785972,140.352899,71.592893
518.786031,140.352899,71.592992
518.786084,140.352899,71.613862
518.786152,140.352899,71.619883
518.786192,140.352899,71.652610
518.786239,140.352899,71.657046
518.786414,140.352899,71.666299
518.786461,140.352899,71.672256
518.786546,140.352899,71.673944
518.786615,140.352899,71.679248
518.786697,140.352899,71.679306
518.786818,140.352899,71.703714
518.786845,140.352899,71.713189
518.786892,140.352899,71.718800
518.786987,140.352899,71.731483
518.787037,140.352899,71.733491
518.787093,140.352899,71.749483
518.787134,140.352899,71.780528
518.787183,140.352899,71.781474
518.787208,140.352899,71.785728
518.787237,140.352899,71.790853
518.787308,140.352899,71.796378
518.787376,140.352899,71.830990
518.787417,140.352899,71.842214
518.787474,140.352899,71.866835
518.787522,140.352899,71.867582
518.787592,140.352899,71.881814
518.787647,140.352899,71.913218
518.787699,140.352899,71.915627
518.787886,140.352899,71.919978
518.787936,140.352899,71.954046
518.787989,140.352899,71.957518
518.788036,140.352899,71.963043
518.788081,140.352899,71.973067
518.788161,140.352899,71.990394
518.788208,140.352899,71.997586
518.788262,140.352899,72.038325
518.788360,140.352899,72.051752
518.788441,140.352899,72.056811
518.788475,140.352899,72.058282
518.788667,140.352899,72.062013
518.788734,140.352899,72.074955
518.788781,140.352899,72.097782
518.788827,140.352899,72.100323
518.788945,140.352899,72.116698
518.789008,140.352899,72.120006
518.789057,140.352899,72.125344
518.789120,140.352899,72.126205
518.789358,140.352899,72.129930
518.789430,140.352899,72.135810
518.789462,140.352899,72.145088
518.789656,140.352899,72.148426
518.789728,140.352899,72.157634
518.789793,140.352899,72.161758
518.789822,140.352899,72.163254
518.789939,140.352899,72.184624
518.789985,140.352899,72.222848
518.790020,140.352899,72.227278
518.790071,140.352899,72.233314
518.790153,140.352899,72.265022
518.790222,140.352899,72.286510
518.790264,140.352899,72.289758
518.790321,140.352899,72.290197
518.790350,140.352899,72.292870
518.790518,140.352899,72.301278
518.790558,140.352899,72.308277
518.790610,140.352899,72.311074
518.790696,140.352899,72.315091
518.790800,140.352899,72.345694
518.790901,140.352899,72.379925
518.791036,140.352899,72.397782
518.791088,140.352899,72.400205
518.791132,140.352899,72.419426
518.791357,140.352899,72.423454
518.791394,140.352899,72.423525
518.791444,140.352899,72.431758
518.791496,140.352899,72.463283
518.791619,140.352899,72.480918
518.791711,140.352899,72.487314
518.791760,140.352899,72.535994
518.791856,140.352899,72.556906
518.791907,140.352899,72.567912
518.791968,140.352899,72.569824
518.792032,140.352899,72.571779
518.792156,140.352899,72.595562
518.792210,140.352899,72.626214
518.792253,140.352899,72.629949
518.792384,140.352899,72.640427
518.792448,140.352899,72.653954
518.792546,140.352899,72.657701
518.792607,140.352899,72.659952
518.792650,140.352899,72.661061
518.792748,140.352899,72.694045
518.792817,140.352899,72.706448
518.792867,140.352899,72.709525
518.792932,140.352899,72.726827
518.792989,140.352899,72.734248
518.793035,140.352899,72.737712
518.793063,140.352899,72.771710
518.793090,140.352899,72.778090
518.793147,140.352899,72.792755
518.793192,140.352899,72.793232
518.793241,140.352899,72.821552
518.793287,140.352899,72.834701
518.793349,140.352899,72.848390
518.793398,140.352899,72.860710
518.793444,140.352899,72.883582
518.793530,140.352899,72.913574
518.793584,140.352899,72.919978
518.793641,140.352899,72.940814
518.793726,140.352899,72.944755
518.793771,140.352899,72.976992
518.793838,140.352899,72.982718
518.793888,140.352899,72.984624
518.793942,140.352899,72.996595
518.794006,140.352899,73.008874
518.794056,140.352899,73.009765
518.794106,140.352899,73.018574
518.794162,140.352899,73.020333
518.794207,140.352899,73.087525
518.794243,140.352899,73.088950
518.794319,140.352899,73.095925
518.794387,140.352899,73.116736
518.794481,140.352899,73.131688
518.794532,140.352899,73.134906
518.794587,140.352899,73.138557
518.794681,140.352899,73.156586
518.794733,140.352899,73.156910
518.794776,140.352899,73.172318
518.794834,140.352899,73.177914
518.794901,140.352899,73.183312
518.794961,140.352899,73.206752
518.795027,140.352899,73.222885
518.795083,140.352899,73.242624
518.795158,140.352899,73.246590
518.795262,140.352899,73.263283
518.795319,140.352899,73.265240
518.795373,140.352899,73.282690
518.795433,140.352899,73.319394
518.795489,140.352899,73.326214
518.795558,140.352899,73.332974
518.795637,140.352899,73.367918
518.795753,140.352899,73.369824
518.795803,140.352899,73.380192
518.795851,140.352899,73.407074
518.795974,140.352899,73.412413
518.796050,140.352899,73.450858
518.796199,140.352899,73.450931
518.796327,140.352899,73.465702
518.796473,140.352899,73.474962
518.796633,140.352899,73.497182
518.796699,140.352899,73.501278
518.796757,140.352899,73.542266
518.796812,140.352899,73.545634
518.796850,140.352899,73.555869
518.796916,140.352899,73.560678
518.797101,140.352899,73.579648
518.797194,140.352899,73.582296
518.797243,140.352899,73.611398
518.797311,140.352899,73.617597
518.797373,140.352899,73.632368
518.797477,140.352899,73.633021
518.797544,140.352899,73.652914
518.797686,140.352899,73.657046
518.797839,140.352899,73.660168
518.797886,140.352899,73.660794
518.797964,140.352899,73.666973
518.798016,140.352899,73.684661
518.798147,140.352899,73.738050
518.798223,140.352899,73.740427
518.798295,140.352899,73.748426
518.798416,140.352899,73.760590
518.798460,140.352899,73.786211
518.798504,140.352899,73.796627
518.798574,140.352899,73.806851
518.798622,140.352899,73.843798
518.798661,140.352899,73.866400
518.798763,140.352899,73.870258
518.798833,140.352899,73.879254
518.798890,140.352899,73.886478
518.798952,140.352899,73.887061
518.799008,140.352899,73.901405
518.799112,140.352899,73.904997
518.799161,140.352899,73.918310
518.799224,140.352899,73.929774
518.799267,140.352899,73.934810
518.799328,140.352899,73.954949
518.799399,140.352899,73.962590
518.799453,140.352899,73.963200
518.799526,140.352899,73.963293
518.799584,140.352899,73.976298
518.799652,140.352899,73.978045
518.799802,140.352899,73.983672
518.799867,140.352899,74.000323
518.800001,140.352899,74.018146
518.800099,140.352899,74.018168
518.800173,140.352899,74.032974
518.800226,140.352899,74.038312
518.800290,140.352899,74.042802
518.800345,140.352899,74.049648
518.800447,140.352899,74.057608
518.800513,140.352899,74.097550
518.800548,140.352899,74.107195
518.800602,140.352899,74.112413
518.800663,140.352899,74.119128
518.800720,140.352899,74.126205
518.800769,140.352899,74.135426
518.800828,140.352899,74.138893
518.800928,140.352899,74.143315
518.800998,140.352899,74.144710
518.801101,140.352899,74.164224
518.801172,140.352899,74.178686
518.801238,140.352899,74.185944
518.801314,140.352899,74.192880
518.801374,140.352899,74.201291
518.801423,140.352899,74.209870
518.801460,140.352899,74.213208
518.801569,140.352899,74.216653
518.801660,140.352899,74.219253
518.801719,140.352899,74.228998
518.801772,140.352899,74.256494
518.801894,140.352899,74.262045
518.801968,140.352899,74.273166
518.802003,140.352899,74.285478
518.802061,140.352899,74.308970
518.802126,140.352899,74.317523
518.802307,140.352899,74.325432
518.802369,140.352899,74.329360
518.802453,140.352899,74.337902
518.802511,140.352899,74.342214
518.802579,140.352899,74.353125
518.802645,140.352899,74.360794
518.802696,140.352899,74.397754
518.802748,140.352899,74.398784
518.802816,140.352899,74.400875
518.802876,140.352899,74.413984
518.802939,140.352899,74.419426
518.802991,140.352899,74.423702
518.803049,140.352899,74.428682
518.803154,140.352899,74.428710
518.803209,140.352899,74.447533
518.803312,140.352899,74.463283
518.803379,140.352899,74.475635
518.803439,140.352899,74.482813
518.803501,140.352899,74.489174
518.803559,140.352899,74.492098
518.803612,140.352899,74.495934
518.803662,140.352899,74.525318
518.803717,140.352899,74.529464
518.803758,140.352899,74.543517
518.803820,140.352899,74.558288
518.803932,140.352899,74.566109
518.803987,140.352899,74.572485
518.804040,140.352899,74.594432
518.804117,140.352899,74.599050
518.804187,140.352899,74.623538
518.804233,140.352899,74.623554
518.804264,140.352899,74.626214
518.804321,140.352899,74.654595
518.804582,140.352899,74.678166
518.804644,140.352899,74.716104
518.804691,140.352899,74.716330
518.804753,140.352899,74.728426
518.804813,140.352899,74.736074
518.804874,140.352899,74.736126
518.804910,140.352899,74.772941
518.804969,140.352899,74.784525
518.805018,140.352899,74.786682
518.805092,140.352899,74.787133
518.805125,140.352899,74.787907
518.805260,140.352899,74.808128
518.805293,140.352899,74.820006
518.805397,140.352899,74.831544
518.805450,140.352899,74.838600
518.805504,140.352899,74.842688
518.805539,140.352899,74.861744
518.805593,140.352899,74.864150
518.805763,140.352899,74.878016
518.805822,140.352899,74.885414
518.805872,140.352899,74.885754
518.805907,140.352899,74.889213
518.805982,140.352899,74.897915
518.806050,140.352899,74.908632
518.806107,140.352899,74.932403
518.806174,140.352899,74.962394
518.806330,140.352899,74.975626
518.806390,140.352899,74.978944
518.806453,140.352899,74.987898
518.806525,140.352899,75.001517
518.806585,140.352899,75.019994
518.806639,140.352899,75.028579
518.806758,140.352899,75.051053
518.806828,140.352899,75.061619
518.806867,140.352899,75.079925
518.806917,140.352899,75.081270
518.806969,140.352899,75.086510
518.807015,140.352899,75.099069
518.807080,140.352899,75.117555
518.807221,140.352899,75.118800
518.807287,140.352899,75.138557
518.807458,140.352899,75.144682
518.807533,140.352899,75.145520
518.807589,140.352899,75.169235
518.807651,140.352899,75.169328
518.807706,140.352899,75.169725
518.807769,140.352899,75.171888
518.807824,140.352899,75.174760
518.807884,140.352899,75.179290
518.807952,140.352899,75.190797
518.808009,140.352899,75.212605
518.808082,140.352899,75.213787
518.808135,140.352899,75.243443
518.808244,140.352899,75.244069
518.808398,140.352899,75.251326
518.808460,140.352899,75.257373
518.808530,140.352899,75.267232
518.808590,140.352899,75.290285
518.808771,140.352899,75.293832
518.808832,140.352899,75.297518
518.808898,140.352899,75.302085
518.808964,140.352899,75.326802
518.809074,140.352899,75.354502
518.809150,140.352899,75.357784
518.809225,140.352899,75.374690
518.809294,140.352899,75.379270
518.809352,140.352899,75.416005
518.809427,140.352899,75.416282
518.809553,140.352899,75.418222
518.809601,140.352899,75.440814
518.809644,140.352899,75.459792
518.809685,140.352899,75.465715
518.809758,140.352899,75.466325
518.809833,140.352899,75.466813
518.809898,140.352899,75.491989
518.810040,140.352899,75.504587
518.810288,140.352899,75.508586
518.810395,140.352899,75.521614
518.810454,140.352899,75.522381
518.810515,140.352899,75.524579
518.810555,140.352899,75.526808
518.810614,140.352899,75.529866
518.810678,140.352899,75.532336
518.810808,140.352899,75.546750
518.810858,140.352899,75.585494
518.810984,140.352899,75.589838
518.811206,140.352899,75.592893
518.811296,140.352899,75.610802
518.811408,140.352899,75.634514
518.811594,140.352899,75.646317
518.811694,140.352899,75.654352
518.811850,140.352899,75.657392
518.811881,140.352899,75.657726
518.811957,140.352899,75.674189
518.812014,140.352899,75.676747
518.812061,140.352899,75.678504
518.812126,140.352899,75.679045
518.812190,140.352899,75.687898
518.812245,140.352899,75.688218
518.812293,140.352899,75.689794
518.812351,140.352899,75.712274
518.812402,140.352899,75.719650
518.812680,140.352899,75.722973
518.812729,140.352899,75.737568
518.812764,140.352899,75.738318
518.812815,140.352899,75.742005
518.812952,140.352899,75.747139
518.813013,140.352899,75.749491
518.813082,140.352899,75.752610
518.813138,140.352899,75.753090
518.813388,140.352899,75.790070
518.813438,140.352899,75.797410
518.813677,140.352899,75.812398
518.813733,140.352899,75.830850
518.813886,140.352899,75.831018
518.813955,140.352899,75.834597
518.814018,140.352899,75.837696
518.814122,140.352899,75.845520
518.814167,140.352899,75.849483
518.814214,140.352899,75.858259
518.814276,140.352899,75.860571
518.814324,140.352899,75.879254
518.814392,140.352899,75.882328
518.814460,140.352899,75.890749
518.814500,140.352899,75.904344
518.814580,140.352899,75.908216
518.814649,140.352899,75.915456
518.814685,140.352899,75.916939
518.814757,140.352899,75.919978
518.814899,140.352899,75.940402
518.814984,140.352899,75.944069
518.815100,140.352899,75.951474
518.815184,140.352899,75.969427
518.815249,140.352899,75.989165
518.815317,140.352899,75.993216
518.815426,140.352899,76.014725
518.815501,140.352899,76.016034
518.815556,140.352899,76.021242
518.815636,140.352899,76.024674
518.815780,140.352899,76.024989
518.815849,140.352899,76.036674
518.815913,140.352899,76.043835
518.815983,140.352899,76.048374
518.816040,140.352899,76.050915
518.816109,140.352899,76.070976
518.816151,140.352899,76.072427
518.816216,140.352899,76.087234
518.816281,140.352899,76.102434
518.816427,140.352899,76.113080
518.816502,140.352899,76.118360
518.816556,140.352899,76.120006
518.816783,140.352899,76.127205
518.816906,140.352899,76.128426
518.816963,140.352899,76.136093
518.817031,140.352899,76.140048
518.817112,140.352899,76.142424
518.817166,140.352899,76.150858
518.817220,140.352899,76.166813
518.817270,140.352899,76.179648
518.817348,140.352899,76.182954
518.817407,140.352899,76.191989
518.817467,140.352899,76.203117
518.817517,140.352899,76.222518
518.817598,140.352899,76.228938
518.817645,140.352899,76.243853
518.817699,140.352899,76.245771
518.817759,140.352899,76.246672
518.817810,140.352899,76.263362
518.817869,140.352899,76.277190
518.817918,140.352899,76.281102
518.817987,140.352899,76.286672
518.818162,140.352899,76.308970
518.818217,140.352899,76.321613
518.818257,140.352899,76.326243
518.818318,140.352899,76.332990
518.818386,140.352899,76.350003
518.818443,140.352899,76.355616
518.818509,140.352899,76.358894
518.818570,140.352899,76.360498
518.818896,140.352899,76.361381
518.818965,140.352899,76.362979
518.819088,140.352899,76.373488
518.819149,140.352899,76.384678
518.819203,140.352899,76.408701
518.819345,140.352899,76.427395
518.819419,140.352899,76.432200
518.819507,140.352899,76.432320
519.341945,140.352899,76.438258
519.341970,140.352899,76.446317
519.342000,140.352899,76.465530
519.342049,140.352899,76.472272
519.342103,140.352899,76.475893
519.342138,140.352899,76.487477
519.342190,140.352899,76.525232
519.342230,140.352899,76.588317
519.342369,140.352899,76.601171
519.342426,140.352899,76.606205
519.342481,140.352899,76.633827
519.342506,140.352899,76.650842
519.342697,140.352899,76.697598
519.342843,140.352899,76.703898
519.342998,140.352899,76.756088
519.343067,140.352899,76.759923
519.343094,140.352899,76.775304
519.343152,140.352899,76.817488
519.343214,140.352899,76.826994
519.343280,140.352899,76.827354
519.343315,140.352899,76.861406
519.343358,140.352899,76.879254
519.343460,140.352899,76.890723
519.343479,140.352899,76.910432
519.343544,140.352899,76.912312
519.343602,140.352899,76.934907
519.343683,140.352899,76.947136
519.343717,140.352899,76.960069
519.343791,140.352899,76.973067
519.343864,140.352899,77.012650
519.343926,140.352899,77.025432
519.343993,140.352899,77.041248
519.344029,140.352899,77.078994
519.344070,140.352899,77.101573
519.344113,140.352899,77.119486
519.344160,140.352899,77.142176
519.344223,140.352899,77.156754
519.344255,140.352899,77.166858
519.344335,140.352899,77.179074
519.344376,140.352899,77.180290
519.344431,140.352899,77.190104
519.344481,140.352899,77.191744
519.344546,140.352899,77.226530
519.344571,140.352899,77.240224
519.344592,140.352899,77.297512
519.344644,140.352899,77.298986
519.344737,140.352899,77.370506
519.344810,140.352899,77.382430
519.344916,140.352899,77.388317
519.344961,140.352899,77.393229
519.344984,140.352899,77.401291
519.345023,140.352899,77.437696
519.345067,140.352899,77.475610
519.345130,140.352899,77.479648
519.345167,140.352899,77.486682
519.345244,140.352899,77.519771
519.345295,140.352899,77.533853
519.345318,140.352899,77.546288
519.345425,140.352899,77.580274
519.345453,140.352899,77.607134
519.345489,140.352899,77.620272
519.345512,140.352899,77.624048
519.345585,140.352899,77.625424
519.345729,140.352899,77.634530
519.345774,140.352899,77.657046
519.346000,140.352899,77.678166
519.346075,140.352899,77.690958
519.346160,140.352899,77.708574
519.346205,140.352899,77.714112
519.346304,140.352899,77.724902
519.346341,140.352899,77.740144
519.346419,140.352899,77.741998
519.346473,140.352899,77.765648
519.346538,140.352899,77.767304
519.346601,140.352899,77.768118
519.346683,140.352899,77.779083
519.346720,140.352899,77.783296
519.346759,140.352899,77.797947
519.346872,140.352899,77.799424
519.346899,140.352899,77.873082
519.346970,140.352899,77.875402
519.347073,140.352899,77.892098
519.347119,140.352899,77.892517
519.347180,140.352899,77.904971
519.347230,140.352899,77.932403
519.347302,140.352899,77.936509
519.347346,140.352899,77.945704
519.347387,140.352899,77.950915
519.347508,140.352899,77.962384
519.347550,140.352899,77.969872
519.347591,140.352899,78.009248
519.347663,140.352899,78.047632
519.347686,140.352899,78.056805
519.347749,140.352899,78.067277
519.347792,140.352899,78.099069
519.347858,140.352899,78.120006
519.347940,140.352899,78.147114
519.347989,140.352899,78.153696
519.348033,140.352899,78.155384
519.348087,140.352899,78.162976
519.348274,140.352899,78.175371
519.348318,140.352899,78.176931
519.348385,140.352899,78.214109
519.348445,140.352899,78.249968
519.348496,140.352899,78.261942
519.348579,140.352899,78.275917
519.348600,140.352899,78.283664
519.348643,140.352899,78.335232
519.348768,140.352899,78.397782
519.348881,140.352899,78.413875
519.348930,140.352899,78.459853
519.348975,140.352899,78.481077
519.349062,140.352899,78.491989
519.349133,140.352899,78.502707
519.349186,140.352899,78.512912
519.349210,140.352899,78.534162
519.349349,140.352899,78.555738
519.349394,140.352899,78.562498
519.349463,140.352899,78.564522
519.349521,140.352899,78.605898
519.349551,140.352899,78.611763
519.349594,140.352899,78.612312
519.349649,140.352899,78.626214
519.349717,140.352899,78.632342
519.349765,140.352899,78.653954
519.349991,140.352899,78.657701
519.350056,140.352899,78.684512
519.350109,140.352899,78.746269
519.350140,140.352899,78.786682
519.350183,140.352899,78.792880
519.350229,140.352899,78.794432
519.350285,140.352899,78.811909
519.350423,140.352899,78.816307
519.350481,140.352899,78.827134
519.350656,140.352899,78.828184
519.350700,140.352899,78.860742
519.350739,140.352899,78.862976
519.350788,140.352899,78.868110
519.350832,140.352899,78.872192
519.350860,140.352899,78.904894
519.350955,140.352899,78.912270
519.351052,140.352899,78.925344
519.351092,140.352899,78.937171
519.351142,140.352899,78.945710
519.351237,140.352899,78.960174
519.351345,140.352899,78.973488
519.351524,140.352899,78.979074
519.351570,140.352899,78.989104
519.351615,140.352899,78.997512
519.351669,140.352899,79.007064
519.351739,140.352899,79.018698
519.351920,140.352899,79.023470
519.351955,140.352899,79.024989
519.352020,140.352899,79.051248
519.352052,140.352899,79.064848
519.352104,140.352899,79.095274
519.352154,140.352899,79.099373
519.352184,140.352899,79.105003
519.352224,140.352899,79.128998
519.352249,140.352899,79.138557
519.352319,140.352899,79.146850
519.352350,140.352899,79.191989
519.352399,140.352899,79.192123
519.352457,140.352899,79.197947
519.352549,140.352899,79.203314
519.352618,140.352899,79.208654
519.352651,140.352899,79.219390
519.352732,140.352899,79.244325
519.352809,140.352899,79.244832
519.352884,140.352899,79.257899
519.353045,140.352899,79.267309
519.353071,140.352899,79.274672
519.353275,140.352899,79.305222
519.353323,140.352899,79.352432
519.353486,140.352899,79.373046
519.353667,140.352899,79.373085
519.353752,140.352899,79.392925
519.353805,140.352899,79.394163
519.353856,140.352899,79.394432
519.353910,140.352899,79.403053
519.353941,140.352899,79.403190
519.354055,140.352899,79.416307
519.354098,140.352899,79.429544
519.354162,140.352899,79.442768
519.354189,140.352899,79.499312
519.354248,140.352899,79.524058
519.354345,140.352899,79.535994
519.354392,140.352899,79.541776
519.354449,140.352899,79.543568
519.354528,140.352899,79.553118
519.354660,140.352899,79.582107
519.354702,140.352899,79.630878
519.354732,140.352899,79.641954
519.354779,140.352899,79.654334
519.354841,140.352899,79.654949
519.354888,140.352899,79.657046
519.354940,140.352899,79.679306
519.355002,140.352899,79.683312
519.355075,140.352899,79.688922
519.355149,140.352899,79.695536
519.355213,140.352899,79.704139
519.355282,140.352899,79.718800
519.355330,140.352899,79.719714
519.355366,140.352899,79.742536
519.355407,140.352899,79.747558
519.355440,140.352899,79.748752
519.355466,140.352899,79.830891
519.355525,140.352899,79.842205
519.355604,140.352899,79.887754
519.355741,140.352899,79.894147
519.355795,140.352899,79.913218
519.355844,140.352899,79.917078
519.355892,140.352899,79.955474
519.355945,140.352899,79.982966
519.356040,140.352899,80.007410
519.356068,140.352899,80.008870
519.356119,140.352899,80.009330
519.356174,140.352899,80.025432
519.356256,140.352899,80.033314
519.356285,140.352899,80.043933
519.356332,140.352899,80.054653
519.356378,140.352899,80.056382
519.356453,140.352899,80.072224
519.356575,140.352899,80.095925
519.356647,140.352899,80.112998
519.356694,140.352899,80.120006
519.356742,140.352899,80.121693
519.356770,140.352899,80.126205
519.356840,140.352899,80.134354
519.356911,140.352899,80.135810
519.356942,140.352899,80.147758
519.356996,140.352899,80.149984
519.357027,140.352899,80.172762
519.357093,140.352899,80.195437
519.357141,140.352899,80.203987
519.357205,140.352899,80.213182
519.357283,140.352899,80.213787
519.357330,140.352899,80.248749
519.357359,140.352899,80.271614
519.357410,140.352899,80.276835
519.357465,140.352899,80.286672
519.357512,140.352899,80.292870
519.357562,140.352899,80.307134
519.357602,140.352899,80.324029
519.357633,140.352899,80.336994
519.357673,140.352899,80.349374
519.357711,140.352899,80.351698
519.357838,140.352899,80.383141
519.357932,140.352899,80.408093
519.357961,140.352899,80.419426
519.358077,140.352899,80.436834
519.358144,140.352899,80.443805
519.358202,140.352899,80.461358
519.358264,140.352899,80.484074
519.358393,140.352899,80.484154
519.358461,140.352899,80.487314
519.358518,140.352899,80.533488
519.358620,140.352899,80.547544
519.358687,140.352899,80.549016
519.358732,140.352899,80.555587
519.358784,140.352899,80.570805
519.358837,140.352899,80.606885
519.359028,140.352899,80.632349
519.359068,140.352899,80.653954
519.359117,140.352899,80.662013
519.359181,140.352899,80.666947
519.359239,140.352899,80.675078
519.359298,140.352899,80.676747
519.359352,140.352899,80.681458
519.359415,140.352899,80.714210
519.359463,140.352899,80.723702
519.359518,140.352899,80.724902
519.359583,140.352899,80.725525
519.359739,140.352899,80.759218
519.359823,140.352899,80.799264
519.359875,140.352899,80.837174
519.359928,140.352899,80.843566
519.359964,140.352899,80.860466
519.360020,140.352899,80.865808
519.360093,140.352899,80.873082
519.360200,140.352899,80.875402
519.360347,140.352899,80.888816
519.360412,140.352899,80.892098
519.360470,140.352899,80.904562
519.360597,140.352899,80.911667
519.360629,140.352899,80.928973
519.360765,140.352899,80.932094
519.360815,140.352899,80.940814
519.360842,140.352899,80.949949
519.360883,140.352899,80.962590
519.360932,140.352899,80.979578
519.360997,140.352899,80.983621
519.361053,140.352899,81.006733
519.361089,140.352899,81.012605
519.361172,140.352899,81.013290
519.361231,140.352899,81.024149
519.361360,140.352899,81.029042
519.361483,140.352899,81.047549
519.361601,140.352899,81.053134
519.361648,140.352899,81.054614
519.361704,140.352899,81.056600
519.361750,140.352899,81.063717
519.361808,140.352899,81.079848
519.361857,140.352899,81.083141
519.361932,140.352899,81.134590
519.361963,140.352899,81.138557
519.362012,140.352899,81.157328
519.362045,140.352899,81.166858
519.362117,140.352899,81.190962
519.362165,140.352899,81.203205
519.362223,140.352899,81.236045
519.362275,140.352899,81.264893
519.362324,140.352899,81.282690
519.362363,140.352899,81.288285
519.362405,140.352899,81.322910
519.362524,140.352899,81.346317
519.362627,140.352899,81.382674
519.362722,140.352899,81.386008
519.362778,140.352899,81.389602
519.362845,140.352899,81.394210
519.362897,140.352899,81.452387
519.362930,140.352899,81.460434
519.362963,140.352899,81.474962
519.363012,140.352899,81.481507
519.363060,140.352899,81.492002
519.363102,140.352899,81.502992
519.363171,140.352899,81.508838
519.363272,140.352899,81.520288
519.363336,140.352899,81.526677
519.363392,140.352899,81.542266
519.363473,140.352899,81.558090
519.363594,140.352899,81.561619
519.363679,140.352899,81.576736
519.363770,140.352899,81.592190
519.363874,140.352899,81.592867
519.363934,140.352899,81.594533
519.363996,140.352899,81.624013
519.364030,140.352899,81.662253
519.364086,140.352899,81.707994
519.364132,140.352899,81.728285
519.364182,140.352899,81.734168
519.364255,140.352899,81.740013
519.364314,140.352899,81.740093
519.364361,140.352899,81.748426
519.364425,140.352899,81.752896
519.364494,140.352899,81.760491
519.364554,140.352899,81.800608
519.364675,140.352899,81.846304
519.364724,140.352899,81.857170
519.364773,140.352899,81.863114
519.364823,140.352899,81.887862
519.364871,140.352899,81.895725
519.364920,140.352899,81.896301
519.364966,140.352899,81.904939
519.365006,140.352899,81.912832
519.365036,140.352899,81.913032
519.365087,140.352899,81.934907
519.365153,140.352899,81.946144
519.365208,140.352899,81.978045
519.365278,140.352899,81.989104
519.365346,140.352899,82.005768
519.365416,140.352899,82.042997
519.365478,140.352899,82.043584
519.365556,140.352899,82.073158
519.365605,140.352899,82.074189
519.365660,140.352899,82.075347
519.365716,140.352899,82.080752
519.365777,140.352899,82.093730
519.365835,140.352899,82.117914
519.365905,140.352899,82.125938
519.365956,140.352899,82.127757
519.366087,140.352899,82.144682
519.366135,140.352899,82.144710
519.366185,140.352899,82.146285
519.366300,140.352899,82.171490
519.366363,140.352899,82.184512
519.366430,140.352899,82.194067
519.366483,140.352899,82.203314
519.366578,140.352899,82.205517
519.366612,140.352899,82.234187
519.366715,140.352899,82.243824
519.366769,140.352899,82.248714
519.366803,140.352899,82.256267
519.366861,140.352899,82.280925
519.366911,140.352899,82.282486
519.366993,140.352899,82.307891
519.367033,140.352899,82.319136
519.367263,140.352899,82.345072
519.367384,140.352899,82.363794
519.367442,140.352899,82.373046
519.367554,140.352899,82.380326
519.367601,140.352899,82.396896
519.367630,140.352899,82.399088
519.367711,140.352899,82.423584
519.367782,140.352899,82.443824
519.367811,140.352899,82.455029
519.367872,140.352899,82.460062
519.367938,140.352899,82.463669
519.368010,140.352899,82.465952
519.368085,140.352899,82.467832
519.368155,140.352899,82.474656
519.368277,140.352899,82.492454
519.368332,140.352899,82.506114
519.368366,140.352899,82.541776
519.368494,140.352899,82.545578
519.368561,140.352899,82.581458
519.368656,140.352899,82.583874
519.368691,140.352899,82.590814
519.368749,140.352899,82.597314
519.368870,140.352899,82.629024
519.368971,140.352899,82.640344
519.369033,140.352899,82.654595
519.369159,140.352899,82.659218
519.369190,140.352899,82.662085
519.369265,140.352899,82.680518
519.369313,140.352899,82.689846
519.369371,140.352899,82.708768
519.369443,140.352899,82.720357
519.369489,140.352899,82.724902
519.369563,140.352899,82.725293
519.369745,140.352899,82.733523
519.369799,140.352899,82.734013
519.369830,140.352899,82.745624
519.369889,140.352899,82.753541
519.369944,140.352899,82.755134
519.370006,140.352899,82.774282
519.370192,140.352899,82.778997
519.370250,140.352899,82.786682
519.370319,140.352899,82.813782
519.370370,140.352899,82.822797
519.370423,140.352899,82.827354
519.370492,140.352899,82.828750
519.370549,140.352899,82.829024
519.370594,140.352899,82.850069
519.370664,140.352899,82.853032
519.370730,140.352899,82.890205
519.370854,140.352899,82.891568
519.370902,140.352899,82.901587
519.370966,140.352899,82.910376
519.371025,140.352899,82.913038
519.371094,140.352899,82.917909
519.371155,140.352899,82.927757
519.371186,140.352899,82.938210
519.371222,140.352899,82.943837
519.371279,140.352899,82.953712
519.371339,140.352899,82.968507
519.371426,140.352899,82.976739
519.371482,140.352899,82.986504
519.371533,140.352899,83.001267
519.371585,140.352899,83.001517
519.371641,140.352899,83.018085
519.371700,140.352899,83.018698
519.371964,140.352899,83.031059
519.372037,140.352899,83.051445
519.372122,140.352899,83.053210
519.372179,140.352899,83.060504
519.372211,140.352899,83.075291
519.372276,140.352899,83.102998
519.372317,140.352899,83.114912
519.372383,140.352899,83.117555
519.372449,140.352899,83.130824
519.372503,140.352899,83.136272
519.372556,140.352899,83.147758
519.372613,140.352899,83.152064
519.372670,140.352899,83.164197
519.372726,140.352899,83.175872
519.372872,140.352899,83.191869
519.372907,140.352899,83.193630
519.372971,140.352899,83.194010
519.373031,140.352899,83.201154
519.373063,140.352899,83.220587
519.373122,140.352899,83.238245
519.373186,140.352899,83.241776
519.373240,140.352899,83.251994
519.373296,140.352899,83.253632
519.373407,140.352899,83.264174
519.373442,140.352899,83.286499
519.373575,140.352899,83.294448
519.373636,140.352899,83.297518
519.373699,140.352899,83.308434
519.373842,140.352899,83.326728
519.373893,140.352899,83.326802
519.373949,140.352899,83.329760
519.374012,140.352899,83.372208
519.374053,140.352899,83.393570
519.374126,140.352899,83.416282
519.374179,140.352899,83.416307
519.374237,140.352899,83.428579
519.374303,140.352899,83.460491
519.374422,140.352899,83.473166
519.374488,140.352899,83.479694
519.374554,140.352899,83.488198
519.374636,140.352899,83.504587
519.374711,140.352899,83.580301
519.374790,140.352899,83.594445
519.374843,140.352899,83.605000
519.374915,140.352899,83.606790
519.374969,140.352899,83.609336
519.375026,140.352899,83.610250
519.375113,140.352899,83.639626
519.375191,140.352899,83.653944
519.375263,140.352899,83.659443
519.375317,140.352899,83.704736
519.375375,140.352899,83.734350
519.375434,140.352899,83.754429
519.375497,140.352899,83.765243
519.375560,140.352899,83.769979
519.375641,140.352899,83.770144
519.375691,140.352899,83.787770
519.375761,140.352899,83.806779
519.375841,140.352899,83.817488
519.375896,140.352899,83.825274
519.376005,140.352899,83.831544
519.376093,140.352899,83.835173
519.376161,140.352899,83.879074
519.376220,140.352899,83.879238
519.376349,140.352899,83.883317
519.376395,140.352899,83.885363
519.376691,140.352899,83.890752
519.376803,140.352899,83.907222
519.376887,140.352899,83.916939
519.376967,140.352899,83.918110
519.377024,140.352899,83.919136
519.377260,140.352899,83.962278
519.377324,140.352899,83.962914
519.377503,140.352899,83.983806
519.377554,140.352899,83.990314
519.377611,140.352899,83.998210
519.377671,140.352899,84.024032
519.377740,140.352899,84.032077
519.377811,140.352899,84.035394
519.377873,140.352899,84.040674
519.378015,140.352899,84.043725
519.378085,140.352899,84.045907
519.378149,140.352899,84.047768
519.378241,140.352899,84.048050
519.378315,140.352899,84.054962
519.378374,140.352899,84.068309
519.378442,140.352899,84.083678
519.378514,140.352899,84.084253
519.378581,140.352899,84.102851
519.378673,140.352899,84.112864
519.378802,140.352899,84.120006
519.379032,140.352899,84.126528
519.379250,140.352899,84.167283
519.379372,140.352899,84.167832
519.379453,140.352899,84.170752
519.379524,140.352899,84.172680
519.379603,140.352899,84.190114
519.379645,140.352899,84.190624
519.379695,140.352899,84.195552
519.379763,140.352899,84.221629
519.379800,140.352899,84.238752
519.379839,140.352899,84.250440
519.379901,140.352899,84.252648
519.379968,140.352899,84.255054
519.380185,140.352899,84.261942
519.380751,140.352899,84.277872
519.380808,140.352899,84.279194
519.380870,140.352899,84.280688
519.380961,140.352899,84.286672
519.381145,140.352899,84.312998
519.381198,140.352899,84.322910
519.381343,140.352899,84.330893
519.381407,140.352899,84.334131
519.381450,140.352899,84.334155
519.381511,140.352899,84.338312
519.381569,140.352899,84.348034
519.381611,140.352899,84.364832
519.381688,140.352899,84.374656
519.381840,140.352899,84.379070
519.381896,140.352899,84.389602
519.381979,140.352899,84.428925
519.382053,140.352899,84.452416
519.382157,140.352899,84.493294
519.382220,140.352899,84.503085
519.382275,140.352899,84.548717
519.382344,140.352899,84.553032
519.382419,140.352899,84.570554
519.382479,140.352899,84.570987
519.382557,140.352899,84.576742
519.382635,140.352899,84.580845
519.382688,140.352899,84.606205
519.382747,140.352899,84.612318
519.382811,140.352899,84.633853
519.382877,140.352899,84.633906
519.383018,140.352899,84.645365
519.383120,140.352899,84.651099
519.383201,140.352899,84.652718
519.383245,140.352899,84.654256
519.383308,140.352899,84.663136
519.383358,140.352899,84.673445
519.383432,140.352899,84.682624
519.383514,140.352899,84.712909
519.383705,140.352899,84.718014
519.383855,140.352899,84.724902
519.384090,140.352899,84.725904
519.384172,140.352899,84.734168
519.384259,140.352899,84.743408
519.384329,140.352899,84.764270
519.384390,140.352899,84.765648
519.384506,140.352899,84.765693
519.384602,140.352899,84.773888
519.384668,140.352899,84.775315
519.384736,140.352899,84.779082
519.384923,140.352899,84.785870
519.384999,140.352899,84.791224
519.385039,140.352899,84.795774
519.385189,140.352899,84.797091
519.385233,140.352899,84.811283
519.385486,140.352899,84.834480
519.385559,140.352899,84.845446
519.385668,140.352899,84.860742
519.385754,140.352899,84.868984
519.385795,140.352899,84.890605
519.385828,140.352899,84.911133
519.385893,140.352899,84.916234
519.385955,140.352899,84.924784
519.386023,140.352899,84.934974
519.386086,140.352899,84.949250
519.386247,140.352899,84.957997
519.386314,140.352899,84.960491
519.386378,140.352899,84.980515
519.386435,140.352899,84.997518
519.386501,140.352899,85.005525
519.386582,140.352899,85.012270
519.386629,140.352899,85.017264
519.386688,140.352899,85.027010
519.386744,140.352899,85.027408
519.386814,140.352899,85.036818
519.386896,140.352899,85.054832
519.386970,140.352899,85.061358
519.387038,140.352899,85.069658
519.387091,140.352899,85.071598
519.387153,140.352899,85.093232
519.387259,140.352899,85.093797
519.387324,140.352899,85.096334
519.387364,140.352899,85.096866
519.387450,140.352899,85.114059
519.387514,140.352899,85.124746
519.387578,140.352899,85.125965
519.387682,140.352899,85.138923
519.387744,140.352899,85.139702
519.387812,140.352899,85.145584
519.387944,140.352899,85.146966
519.388029,140.352899,85.180301
519.388087,140.352899,85.187715
519.388163,140.352899,85.203150
519.388238,140.352899,85.206291
519.388301,140.352899,85.212592
519.388555,140.352899,85.235002
519.388619,140.352899,85.242042
519.388775,140.352899,85.243000
519.388851,140.352899,85.256101
519.388906,140.352899,85.256267
519.388978,140.352899,85.258734
519.389055,140.352899,85.269845
519.389131,140.352899,85.275872
519.389331,140.352899,85.277675
519.389518,140.352899,85.287747
519.389578,140.352899,85.325232
519.389653,140.352899,85.325926
519.389727,140.352899,85.338022
519.389779,140.352899,85.352843
519.389852,140.352899,85.353632
519.389895,140.352899,85.356427
519.389969,140.352899,85.364110
519.390094,140.352899,85.368509
519.390295,140.352899,85.371779
519.390364,140.352899,85.373085
519.390455,140.352899,85.377394
519.390522,140.352899,85.386405
519.390593,140.352899,85.386411
519.390668,140.352899,85.395318
519.390764,140.352899,85.397139
519.390896,140.352899,85.413304
519.390961,140.352899,85.419342
519.391062,140.352899,85.421656
519.391152,140.352899,85.438768
519.391196,140.352899,85.446269
519.391245,140.352899,85.459963
519.391302,140.352899,85.503814
519.391386,140.352899,85.504971
519.391456,140.352899,85.512030
519.391589,140.352899,85.523645
519.391655,140.352899,85.537925
519.391756,140.352899,85.539750
519.391821,140.352899,85.546288
519.391902,140.352899,85.550069
519.391996,140.352899,85.554050
519.392081,140.352899,85.587622
519.392147,140.352899,85.589533
519.392184,140.352899,85.599490
519.392277,140.352899,85.639312
519.392347,140.352899,85.643934
519.392422,140.352899,85.654256
519.392499,140.352899,85.657046
519.392914,140.352899,85.668518
519.393039,140.352899,85.672272
519.393219,140.352899,85.678877
519.393302,140.352899,85.705525
519.393369,140.352899,85.710432
519.393479,140.352899,85.729939
519.393576,140.352899,85.735790
519.393718,140.352899,85.744579
519.393791,140.352899,85.750032
519.393835,140.352899,85.756112
519.394059,140.352899,85.756464
519.394131,140.352899,85.768118
519.394206,140.352899,85.774853
519.394421,140.352899,85.790098
519.394466,140.352899,85.813550
519.394573,140.352899,85.833872
519.394758,140.352899,85.840045
519.394867,140.352899,85.841248
519.395149,140.352899,85.843566
519.395196,140.352899,85.845542
519.395265,140.352899,85.850069
519.395347,140.352899,85.850704
519.395417,140.352899,85.851294
519.395567,140.352899,85.860099
519.395616,140.352899,85.860894
519.395698,140.352899,85.866165
519.395779,140.352899,85.882302
519.395855,140.352899,85.882522
519.395930,140.352899,85.884493
519.395973,140.352899,85.896605
519.396027,140.352899,85.919008
519.396082,140.352899,85.921694
519.396157,140.352899,85.953328
519.396227,140.352899,85.962584
519.396318,140.352899,85.982469
519.396390,140.352899,85.990114
519.396449,140.352899,85.999325
519.396526,140.352899,86.005005
519.396651,140.352899,86.009248
519.396696,140.352899,86.027538
519.396755,140.352899,86.045106
519.397035,140.352899,86.086653
519.397111,140.352899,86.095274
519.397239,140.352899,86.099216
519.397306,140.352899,86.112318
519.397354,140.352899,86.119694
519.397422,140.352899,86.120006
519.397622,140.352899,86.138346
519.397696,140.352899,86.142598
519.397839,140.352899,86.146333
519.397909,140.352899,86.164752
519.398032,140.352899,86.167962
519.398154,140.352899,86.168485
519.398220,140.352899,86.182187
519.398297,140.352899,86.188208
519.398377,140.352899,86.188720
519.398445,140.352899,86.220910
519.398490,140.352899,86.262317
519.398555,140.352899,86.269658
519.398597,140.352899,86.279072
519.398788,140.352899,86.286032
519.666362,140.352899,86.290078
519.666406,140.352899,86.306234
519.666453,140.352899,86.322584
519.666541,140.352899,86.327675
519.666600,140.352899,86.342214
519.666649,140.352899,86.372366
519.666700,140.352899,86.421550
519.666729,140.352899,86.422094
519.666751,140.352899,86.423933
519.666782,140.352899,86.462269
519.666823,140.352899,86.482360
519.666887,140.352899,86.483205
519.666927,140.352899,86.502682
519.666991,140.352899,86.508066
519.667026,140.352899,86.508880
519.667064,140.352899,86.513576
519.667117,140.352899,86.540029
519.667143,140.352899,86.567870
519.667174,140.352899,86.599238
519.667224,140.352899,86.619797
519.667261,140.352899,86.639936
519.667287,140.352899,86.653954
519.667405,140.352899,86.673662
519.667426,140.352899,86.675278
519.667475,140.352899,86.694122
519.667505,140.352899,86.735168
519.667529,140.352899,86.739373
519.667570,140.352899,86.742032
519.667666,140.352899,86.766083
519.667697,140.352899,86.795616
519.667747,140.352899,86.810378
519.667773,140.352899,86.833138
519.667830,140.352899,86.835810
519.667856,140.352899,86.838190
519.667901,140.352899,86.865285
519.667927,140.352899,86.870914
519.667984,140.352899,86.874427
519.668051,140.352899,86.878931
519.668105,140.352899,86.879694
519.668155,140.352899,86.889533
519.668178,140.352899,86.915950
519.668204,140.352899,86.921650
519.668276,140.352899,86.927118
519.668327,140.352899,86.935072
519.668387,140.352899,86.935754
519.668414,140.352899,86.943045
519.668441,140.352899,86.973488
519.668472,140.352899,86.985806
519.668535,140.352899,87.001198
519.668584,140.352899,87.004256
519.668616,140.352899,87.004997
519.668657,140.352899,87.024701
519.668739,140.352899,87.039312
519.668791,140.352899,87.041093
519.668831,140.352899,87.042024
519.668870,140.352899,87.046253
519.668966,140.352899,87.082016
519.668982,140.352899,87.104478
519.669082,140.352899,87.111757
519.669128,140.352899,87.132307
519.669173,140.352899,87.154918
519.669253,140.352899,87.162898
519.669300,140.352899,87.167293
519.669345,140.352899,87.220349
519.669389,140.352899,87.240658
519.669425,140.352899,87.242464
519.669447,140.352899,87.248034
519.669502,140.352899,87.250034
519.669570,140.352899,87.255992
519.669639,140.352899,87.263570
519.669723,140.352899,87.292678
519.669777,140.352899,87.298109
519.669810,140.352899,87.300613
519.669845,140.352899,87.340928
519.669925,140.352899,87.341363
519.669947,140.352899,87.365301
519.669994,140.352899,87.372861
519.670062,140.352899,87.373046
519.670120,140.352899,87.373085
519.670164,140.352899,87.388173
519.670249,140.352899,87.431389
519.670280,140.352899,87.435680
519.670334,140.352899,87.464174
519.670375,140.352899,87.496832
519.670418,140.352899,87.497512
519.670467,140.352899,87.499998
519.670502,140.352899,87.536894
519.670531,140.352899,87.538040
519.670569,140.352899,87.541934
519.670591,140.352899,87.582613
519.670640,140.352899,87.594432
519.670685,140.352899,87.615800
519.670715,140.352899,87.617706
519.670742,140.352899,87.642176
519.670792,140.352899,87.665086
519.670878,140.352899,87.722584
519.670919,140.352899,87.726530
519.670953,140.352899,87.746333
519.671044,140.352899,87.766621
519.671085,140.352899,87.794974
519.671142,140.352899,87.827757
519.671177,140.352899,87.864114
519.671433,140.352899,87.884443
519.671505,140.352899,87.912893
519.671580,140.352899,87.924715
519.671607,140.352899,87.928846
519.671659,140.352899,87.941874
519.671799,140.352899,87.953592
519.671882,140.352899,87.981474
519.671926,140.352899,87.982690
519.672033,140.352899,87.990078
519.672077,140.352899,87.998906
519.672141,140.352899,87.999344
519.672181,140.352899,88.003728
519.672250,140.352899,88.053005
519.672303,140.352899,88.060450
519.672338,140.352899,88.072579
519.672379,140.352899,88.072861
519.672422,140.352899,88.077093
519.672492,140.352899,88.078784
519.672540,140.352899,88.080832
519.672598,140.352899,88.105453
519.672627,140.352899,88.107427
519.672666,140.352899,88.112094
519.672742,140.352899,88.134299
519.672770,140.352899,88.141870
519.672813,140.352899,88.156210
519.672898,140.352899,88.162619
519.672959,140.352899,88.167898
519.673022,140.352899,88.176886
519.673050,140.352899,88.185622
519.673076,140.352899,88.207594
519.673143,140.352899,88.245634
519.673175,140.352899,88.259261
519.673292,140.352899,88.259696
519.673406,140.352899,88.268138
519.673512,140.352899,88.303110
519.673552,140.352899,88.310006
519.673612,140.352899,88.312522
519.673689,140.352899,88.319027
519.673739,140.352899,88.361307
519.673790,140.352899,88.377013
519.673887,140.352899,88.386938
519.673972,140.352899,88.434803
519.674021,140.352899,88.445597
519.674064,140.352899,88.455414
519.674122,140.352899,88.461866
519.674164,140.352899,88.479776
519.674211,140.352899,88.521525
519.674257,140.352899,88.547488
519.674280,140.352899,88.562211
519.674323,140.352899,88.582376
519.674380,140.352899,88.590098
519.674507,140.352899,88.607378
519.674562,140.352899,88.609045
519.674618,140.352899,88.619966
519.674657,140.352899,88.629008
519.674742,140.352899,88.639312
519.674886,140.352899,88.644928
519.674932,140.352899,88.654194
519.675043,140.352899,88.658448
519.675110,140.352899,88.666077
519.675139,140.352899,88.667858
519.675165,140.352899,88.681330
519.675227,140.352899,88.682630
519.675277,140.352899,88.695616
519.675319,140.352899,88.706768
519.675348,140.352899,88.740245
519.675429,140.352899,88.754670
519.675473,140.352899,88.772093
519.675511,140.352899,88.777358
519.675555,140.352899,88.797523
519.675605,140.352899,88.797915
519.675637,140.352899,88.799821
519.675748,140.352899,88.800416
519.675778,140.352899,88.804171
519.675849,140.352899,88.819790
519.675895,140.352899,88.824267
519.675939,140.352899,88.853632
519.676003,140.352899,88.854766
519.676053,140.352899,88.869677
519.676105,140.352899,88.870394
519.676162,140.352899,88.975234
519.676211,140.352899,89.041232
519.676326,140.352899,89.047549
519.676359,140.352899,89.062898
519.676594,140.352899,89.072005
519.676646,140.352899,89.076450
519.676697,140.352899,89.090091
519.676750,140.352899,89.105523
519.676804,140.352899,89.140658
519.676950,140.352899,89.148034
519.677045,140.352899,89.154210
519.677078,140.352899,89.179187
519.677153,140.352899,89.204288
519.677187,140.352899,89.220934
519.677235,140.352899,89.232061
519.677293,140.352899,89.236045
519.677347,140.352899,89.257373
519.677433,140.352899,89.262781
519.677478,140.352899,89.284443
519.677526,140.352899,89.304237
519.677568,140.352899,89.309587
519.677620,140.352899,89.315312
519.677645,140.352899,89.317917
519.677695,140.352899,89.342214
519.677768,140.352899,89.343725
519.677822,140.352899,89.372198
519.677864,140.352899,89.375123
519.677910,140.352899,89.387786
519.677951,140.352899,89.389685
519.678001,140.352899,89.446272
519.678047,140.352899,89.465275
519.678103,140.352899,89.483318
519.678130,140.352899,89.484392
519.678180,140.352899,89.495101
519.678265,140.352899,89.508880
519.678316,140.352899,89.525274
519.678443,140.352899,89.528189
519.678484,140.352899,89.534965
519.678522,140.352899,89.570893
519.678571,140.352899,89.573130
519.678630,140.352899,89.589037
519.678679,140.352899,89.606910
519.678752,140.352899,89.616894
519.678804,140.352899,89.625032
519.678865,140.352899,89.646243
519.678894,140.352899,89.670837
519.678943,140.352899,89.728925
519.679002,140.352899,89.729464
519.679027,140.352899,89.764467
519.679087,140.352899,89.775888
519.679144,140.352899,89.777110
519.679186,140.352899,89.781474
519.679230,140.352899,89.782915
519.679256,140.352899,89.789874
519.679325,140.352899,89.828808
519.679387,140.352899,89.839339
519.679533,140.352899,89.850490
519.679636,140.352899,89.867248
519.679694,140.352899,89.868518
519.679789,140.352899,89.880128
519.679846,140.352899,89.915912
519.679931,140.352899,89.934165
519.680005,140.352899,89.937672
519.680152,140.352899,89.938174
519.680330,140.352899,89.945008
519.680375,140.352899,89.993232
519.680423,140.352899,90.003574
519.680466,140.352899,90.009587
519.680507,140.352899,90.015934
519.680594,140.352899,90.017885
519.680624,140.352899,90.020155
519.680706,140.352899,90.022080
519.680750,140.352899,90.024893
519.680845,140.352899,90.039312
519.680914,140.352899,90.056750
519.681072,140.352899,90.057864
519.681113,140.352899,90.062187
519.681180,140.352899,90.070992
519.681207,140.352899,90.072109
519.681255,140.352899,90.077072
519.681454,140.352899,90.110957
519.681510,140.352899,90.111248
519.681588,140.352899,90.134510
519.681628,140.352899,90.149869
519.681673,140.352899,90.154832
519.681840,140.352899,90.157981
519.681889,140.352899,90.186070
519.682016,140.352899,90.263570
519.682156,140.352899,90.295016
519.682206,140.352899,90.302918
519.682255,140.352899,90.313450
519.682315,140.352899,90.328998
519.682370,140.352899,90.363768
519.682421,140.352899,90.378085
519.682488,140.352899,90.383296
519.682580,140.352899,90.393560
519.682614,140.352899,90.394093
519.682662,140.352899,90.434800
519.682719,140.352899,90.444354
519.682768,140.352899,90.447392
519.682860,140.352899,90.456734
519.682896,140.352899,90.482450
519.682979,140.352899,90.485712
519.683139,140.352899,90.522114
519.683178,140.352899,90.523432
519.683256,140.352899,90.532813
519.683297,140.352899,90.544750
519.683351,140.352899,90.580128
519.683399,140.352899,90.600253
519.683475,140.352899,90.628846
519.683533,140.352899,90.631398
519.683640,140.352899,90.635666
519.683671,140.352899,90.656626
519.683703,140.352899,90.681928
519.683771,140.352899,90.703069
519.683835,140.352899,90.720155
519.683892,140.352899,90.726530
519.683935,140.352899,90.728254
519.684065,140.352899,90.732509
519.684128,140.352899,90.753725
519.684175,140.352899,90.754728
519.684228,140.352899,90.758443
519.684296,140.352899,90.763352
519.684434,140.352899,90.764349
519.684521,140.352899,90.769677
519.684565,140.352899,90.775234
519.684622,140.352899,90.800830
519.684679,140.352899,90.824762
519.684784,140.352899,90.872224
519.684836,140.352899,90.876450
519.684897,140.352899,90.886070
519.684994,140.352899,90.890114
519.685041,140.352899,90.890205
519.685168,140.352899,90.891558
519.685222,140.352899,90.945611
519.685277,140.352899,90.950043
519.685339,140.352899,90.993394
519.685387,140.352899,91.019614
519.685419,140.352899,91.019691
519.685471,140.352899,91.037456
519.685530,140.352899,91.043758
519.685588,140.352899,91.044024
519.685661,140.352899,91.045586
519.685694,140.352899,91.049294
519.685740,140.352899,91.060517
519.685789,140.352899,91.125965
519.685855,140.352899,91.136958
519.686029,140.352899,91.143176
519.686100,140.352899,91.148224
519.686185,140.352899,91.159312
519.686246,140.352899,91.204171
519.686292,140.352899,91.214718
519.686396,140.352899,91.222094
519.686481,140.352899,91.224038
519.686523,140.352899,91.246677
519.686568,140.352899,91.269944
519.686621,140.352899,91.380053
519.686677,140.352899,91.384354
519.686726,140.352899,91.409232
519.686763,140.352899,91.410944
519.686812,140.352899,91.419310
519.686871,140.352899,91.425675
519.686898,140.352899,91.439286
519.686949,140.352899,91.440874
519.686993,140.352899,91.470670
519.687047,140.352899,91.479669
519.687126,140.352899,91.483858
519.687178,140.352899,91.487606
519.687224,140.352899,91.494357
519.687278,140.352899,91.503262
519.687361,140.352899,91.504338
519.687415,140.352899,91.531392
519.687485,140.352899,91.554766
519.687532,140.352899,91.556069
519.687646,140.352899,91.566424
519.687687,140.352899,91.574643
519.687789,140.352899,91.575710
519.687881,140.352899,91.578176
519.687918,140.352899,91.582453
519.687988,140.352899,91.601664
519.688036,140.352899,91.605202
519.688121,140.352899,91.605854
519.688199,140.352899,91.609336
519.688251,140.352899,91.627030
519.688311,140.352899,91.634488
519.688356,140.352899,91.661730
519.688398,140.352899,91.669928
519.688444,140.352899,91.703024
519.688486,140.352899,91.712248
519.688512,140.352899,91.713706
519.688556,140.352899,91.716592
519.688632,140.352899,91.739490
519.688674,140.352899,91.740531
519.688712,140.352899,91.742376
519.688773,140.352899,91.794432
519.688821,140.352899,91.799821
519.689013,140.352899,91.855534
519.689058,140.352899,91.862181
519.689215,140.352899,91.862272
519.689267,140.352899,91.869658
519.689307,140.352899,91.888224
519.689360,140.352899,91.907378
519.689406,140.352899,91.921453
519.689439,140.352899,91.931970
519.689475,140.352899,91.964632
519.689516,140.352899,91.982509
519.689570,140.352899,91.982922
519.689621,140.352899,91.985138
519.689648,140.352899,91.996307
519.689709,140.352899,91.998614
519.689740,140.352899,92.014890
519.689825,140.352899,92.019678
519.689891,140.352899,92.044731
519.689943,140.352899,92.067293
519.690086,140.352899,92.073650
519.690136,140.352899,92.085232
519.690193,140.352899,92.088224
519.690236,140.352899,92.109294
519.690282,140.352899,92.112864
519.690331,140.352899,92.145053
519.690362,140.352899,92.187992
519.690399,140.352899,92.190624
519.690448,140.352899,92.198029
519.690481,140.352899,92.217230
519.690536,140.352899,92.222872
519.690694,140.352899,92.238848
519.690750,140.352899,92.261942
519.690867,140.352899,92.262781
519.690912,140.352899,92.276992
519.690949,140.352899,92.288925
519.691006,140.352899,92.289502
519.691125,140.352899,92.294990
519.691163,140.352899,92.339965
519.691227,140.352899,92.356251
519.691468,140.352899,92.404878
519.691542,140.352899,92.434574
519.691640,140.352899,92.464426
519.691701,140.352899,92.486379
519.691737,140.352899,92.496728
519.691860,140.352899,92.512334
519.691923,140.352899,92.521453
519.692159,140.352899,92.531491
519.692247,140.352899,92.533022
519.692314,140.352899,92.556718
519.692376,140.352899,92.560998
519.692424,140.352899,92.594242
519.692475,140.352899,92.606205
519.692529,140.352899,92.606589
519.692583,140.352899,92.631018
519.692651,140.352899,92.631424
519.692685,140.352899,92.640029
519.692766,140.352899,92.659712
519.692801,140.352899,92.668296
519.692847,140.352899,92.669648
519.692913,140.352899,92.686811
519.692951,140.352899,92.695360
519.692980,140.352899,92.699354
519.693038,140.352899,92.710432
519.693121,140.352899,92.714858
519.693175,140.352899,92.724902
519.693223,140.352899,92.728846
519.693274,140.352899,92.829754
519.693320,140.352899,92.838283
519.693372,140.352899,92.850490
519.693511,140.352899,92.857502
519.693589,140.352899,92.872125
519.693702,140.352899,92.884392
519.693804,140.352899,92.927629
519.693855,140.352899,92.928338
519.693908,140.352899,92.949968
519.693938,140.352899,92.975917
519.693968,140.352899,92.976710
519.694046,140.352899,93.028845
519.694103,140.352899,93.038029
519.694153,140.352899,93.053032
519.694258,140.352899,93.075382
519.694343,140.352899,93.085698
519.694395,140.352899,93.106605
519.694432,140.352899,93.123851
519.694490,140.352899,93.134206
519.694574,140.352899,93.147472
519.694636,140.352899,93.149952
519.694734,140.352899,93.156005
519.694814,140.352899,93.175186
519.694866,140.352899,93.214845
519.694918,140.352899,93.231944
519.694953,140.352899,93.277056
519.695014,140.352899,93.289490
519.695064,140.352899,93.310573
519.695109,140.352899,93.313450
519.695169,140.352899,93.325336
519.695208,140.352899,93.343226
519.695303,140.352899,93.389144
519.695368,140.352899,93.399059
519.695445,140.352899,93.399688
519.695492,140.352899,93.416512
519.695558,140.352899,93.427515
519.695613,140.352899,93.464653
519.695646,140.352899,93.464765
519.695697,140.352899,93.497683
519.695754,140.352899,93.540064
519.695798,140.352899,93.557918
519.695852,140.352899,93.565725
519.695903,140.352899,93.567442
519.695995,140.352899,93.572198
519.696093,140.352899,93.631765
519.696175,140.352899,93.633152
519.696222,140.352899,93.644338
519.696281,140.352899,93.654766
519.696330,140.352899,93.672272
519.696378,140.352899,93.708549
519.696423,140.352899,93.717712
519.696456,140.352899,93.722098
519.696505,140.352899,93.724168
519.696575,140.352899,93.729474
519.696634,140.352899,93.734107
519.696684,140.352899,93.749888
519.696829,140.352899,93.754346
519.696877,140.352899,93.770312
519.696959,140.352899,93.771512
519.697023,140.352899,93.786309
519.697051,140.352899,93.799821
519.697164,140.352899,93.830208
519.697195,140.352899,93.846850
519.697231,140.352899,93.887011
519.697329,140.352899,93.936779
519.697364,140.352899,93.945614
519.697418,140.352899,94.005872
519.697486,140.352899,94.006030
519.697521,140.352899,94.012547
519.697572,140.352899,94.022798
519.697640,140.352899,94.023374
519.697675,140.352899,94.023952
519.697779,140.352899,94.047454
519.697815,140.352899,94.051590
519.697961,140.352899,94.054832
519.698021,140.352899,94.066574
519.698053,140.352899,94.080672
519.698117,140.352899,94.082509
519.698155,140.352899,94.114032
519.698213,140.352899,94.117731
519.698311,140.352899,94.142528
519.698412,140.352899,94.156712
519.698469,140.352899,94.157582
519.698592,140.352899,94.168352
519.698626,140.352899,94.173880
519.698654,140.352899,94.194357
519.698704,140.352899,94.229576
519.698769,140.352899,94.245570
519.698810,140.352899,94.259749
519.698961,140.352899,94.260405
519.699028,140.352899,94.262781
519.699082,140.352899,94.266939
519.699137,140.352899,94.276414
519.699197,140.352899,94.307933
519.699244,140.352899,94.309152
519.699321,140.352899,94.333152
519.699359,140.352899,94.361550
519.699400,140.352899,94.374322
519.699490,140.352899,94.383392
519.699551,140.352899,94.385693
519.699600,140.352899,94.398032
519.699662,140.352899,94.409152
519.699891,140.352899,94.411406
519.699946,140.352899,94.413310
519.699979,140.352899,94.424229
519.700066,140.352899,94.440032
519.700120,140.352899,94.453062
519.700185,140.352899,94.461152
519.700239,140.352899,94.463514
519.700343,140.352899,94.488192
519.700410,140.352899,94.489538
519.700525,140.352899,94.498430
519.700584,140.352899,94.499232
519.700666,140.352899,94.545704
519.700715,140.352899,94.560512
519.700746,140.352899,94.561574
519.700786,140.352899,94.562278
519.700857,140.352899,94.587862
519.700912,140.352899,94.601198
519.700952,140.352899,94.624438
519.701023,140.352899,94.625133
519.701084,140.352899,94.635498
519.701131,140.352899,94.645605
519.701191,140.352899,94.649891
519.701281,140.352899,94.658546
519.701335,140.352899,94.669792
519.701373,140.352899,94.671296
519.701453,140.352899,94.672093
519.701502,140.352899,94.674818
519.701569,140.352899,94.675214
519.701617,140.352899,94.681474
519.701707,140.352899,94.683248
519.701777,140.352899,94.697922
519.701827,140.352899,94.702893
519.701882,140.352899,94.708446
519.701944,140.352899,94.714232
519.702030,140.352899,94.748723
519.702120,140.352899,94.749853
519.702153,140.352899,94.752974
519.702201,140.352899,94.756286
519.702303,140.352899,94.759234
519.702335,140.352899,94.765314
519.702563,140.352899,94.768352
519.702613,140.352899,94.770722
519.702667,140.352899,94.801725
519.702723,140.352899,94.805469
519.702761,140.352899,94.825741
519.702823,140.352899,94.832786
519.702903,140.352899,94.843074
519.703103,140.352899,94.864114
519.703141,140.352899,94.874859
519.703194,140.352899,94.877024
519.703283,140.352899,94.880898
519.703437,140.352899,94.899245
519.703510,140.352899,94.903173
519.703591,140.352899,94.916198
519.703646,140.352899,94.938342
519.703750,140.352899,94.941152
519.703783,140.352899,94.941874
519.703821,140.352899,94.949074
519.703889,140.352899,94.968333
519.703987,140.352899,94.968384
519.704040,140.352899,94.968978
519.704157,140.352899,94.978880
519.704231,140.352899,94.989144
519.704301,140.352899,95.024029
519.704371,140.352899,95.028912
519.704426,140.352899,95.045634
519.704462,140.352899,95.061579
519.704501,140.352899,95.069838
519.704568,140.352899,95.072566
519.704614,140.352899,95.078834
519.704677,140.352899,95.088818
519.704740,140.352899,95.115776
519.704793,140.352899,95.121974
519.704831,140.352899,95.124229
519.704889,140.352899,95.135634
519.704989,140.352899,95.155864
519.705031,140.352899,95.156594
519.705107,140.352899,95.162878
519.705178,140.352899,95.176410
519.705229,140.352899,95.183312
519.705268,140.352899,95.186070
519.705427,140.352899,95.197330
519.705465,140.352899,95.240987
519.705527,140.352899,95.245699
519.705674,140.352899,95.254210
519.705814,140.352899,95.284445
519.705870,140.352899,95.290094
519.705938,140.352899,95.305485
519.705982,140.352899,95.324754
519.706033,140.352899,95.335614
519.706085,140.352899,95.349885
519.706146,140.352899,95.366760
519.706231,140.352899,95.369558
519.706270,140.352899,95.375586
519.706349,140.352899,95.383045
519.706418,140.352899,95.383245
519.706467,140.352899,95.402246
519.706534,140.352899,95.436253
519.706595,140.352899,95.439806
519.706749,140.352899,95.471432
519.706816,140.352899,95.471512
519.706873,140.352899,95.481330
519.706949,140.352899,95.496728
519.707092,140.352899,95.509192
519.707250,140.352899,95.528989
519.707293,140.352899,95.539230
519.707355,140.352899,95.547373
519.707403,140.352899,95.548078
519.707532,140.352899,95.549278
519.707587,140.352899,95.566069
519.707659,140.352899,95.567542
519.707723,140.352899,95.574366
519.707772,140.352899,95.585274
519.707857,140.352899,95.602299
519.707894,140.352899,95.680522
519.707948,140.352899,95.684392
519.708004,140.352899,95.686811
519.708049,140.352899,95.702277
519.708105,140.352899,95.706656
519.708155,140.352899,95.710269
519.708193,140.352899,95.729174
519.708269,140.352899,95.743666
519.708310,140.352899,95.746333
519.708360,140.352899,95.801718
519.708452,140.352899,95.809093
519.708488,140.352899,95.837704
519.708531,140.352899,95.843360
519.708588,140.352899,95.858438
519.708635,140.352899,95.884365
519.708677,140.352899,95.886070
519.708761,140.352899,95.890624
519.708848,140.352899,95.934478
519.708911,140.352899,96.012750
519.708970,140.352899,96.020614
519.709059,140.352899,96.022050
519.709138,140.352899,96.052638
519.709201,140.352899,96.062989
519.709257,140.352899,96.069373
519.709334,140.352899,96.073938
519.709639,140.352899,96.078834
519.709680,140.352899,96.088690
519.709722,140.352899,96.122738
519.709778,140.352899,96.151698
519.709816,140.352899,96.186918
519.709985,140.352899,96.193034
519.710025,140.352899,96.195694
519.710087,140.352899,96.204243
519.710119,140.352899,96.206802
519.710205,140.352899,96.215859
519.710256,140.352899,96.220262
519.710318,140.352899,96.237814
519.710387,140.352899,96.242413
519.710425,140.352899,96.251930
519.710496,140.352899,96.257328
519.710612,140.352899,96.268162
519.710676,140.352899,96.271523
519.710747,140.352899,96.272296
519.710815,140.352899,96.277160
519.710887,140.352899,96.284934
519.710932,140.352899,96.315277
519.710974,140.352899,96.319630
519.711022,140.352899,96.320344
519.711120,140.352899,96.321280
519.711159,140.352899,96.322584
519.711218,140.352899,96.331915
519.711282,140.352899,96.335088
519.711368,140.352899,96.345373
519.711416,140.352899,96.349150
519.711468,140.352899,96.369726
519.711523,140.352899,96.375858
519.711669,140.352899,96.376373
519.711738,140.352899,96.383213
519.711780,140.352899,96.386526
519.711834,140.352899,96.389144
519.711904,140.352899,96.402280
519.711965,140.352899,96.404480
519.712024,140.352899,96.419614
519.712081,140.352899,96.423078
519.712140,140.352899,96.429174
519.712195,140.352899,96.438314
519.712280,140.352899,96.469677
519.712334,140.352899,96.473880
519.712406,140.352899,96.474672
519.712457,140.352899,96.478990
519.712510,140.352899,96.487010
519.712564,140.352899,96.512883
519.712768,140.352899,96.515158
519.712919,140.352899,96.534256
519.712964,140.352899,96.547544
519.713039,140.352899,96.552432
519.713078,140.352899,96.572728
519.713131,140.352899,96.575205
519.713198,140.352899,96.575211
519.713268,140.352899,96.579491
519.713317,140.352899,96.580114
519.713425,140.352899,96.605202
519.713469,140.352899,96.609133
519.713529,140.352899,96.629008
519.713568,140.352899,96.633152
519.713622,140.352899,96.633197
519.713674,140.352899,96.634494
519.713726,140.352899,96.640939
519.713772,140.352899,96.642944
519.713828,140.352899,96.654752
519.713884,140.352899,96.662085
519.713925,140.352899,96.674299
519.713979,140.352899,96.680656
519.714027,140.352899,96.704582
519.714111,140.352899,96.712019
519.714216,140.352899,96.714210
519.714274,140.352899,96.717296
519.714387,140.352899,96.717643
519.714454,140.352899,96.744872
519.714513,140.352899,96.745106
519.714646,140.352899,96.751019
519.714816,140.352899,96.755534
519.714976,140.352899,96.760982
519.715037,140.352899,96.766534
519.715103,140.352899,96.778317
519.715154,140.352899,96.783666
519.715189,140.352899,96.785912
519.715251,140.352899,96.799821
519.715393,140.352899,96.801106
519.715503,140.352899,96.812994
519.715588,140.352899,96.833294
519.715626,140.352899,96.836958
519.715681,140.352899,96.838832
519.715772,140.352899,96.842413
519.715880,140.352899,96.852104
519.715952,140.352899,96.862000
519.715991,140.352899,96.862411
519.716056,140.352899,96.868902
519.716104,140.352899,96.872032
519.716284,140.352899,96.872635
519.716332,140.352899,96.878208
519.716381,140.352899,96.878685
519.716439,140.352899,96.878866
519.716555,140.352899,96.887280
519.716636,140.352899,96.910997
519.716688,140.352899,96.914718
519.716731,140.352899,96.919550
519.716767,140.352899,96.922114
519.716824,140.352899,96.924504
519.716888,140.352899,96.928832
519.716944,140.352899,96.932634
519.717029,140.352899,96.934016
519.717122,140.352899,96.942251
519.717188,140.352899,96.943134
519.717233,140.352899,96.949792
519.717427,140.352899,96.967152
519.717533,140.352899,96.979659
519.717590,140.352899,96.990608
519.717790,140.352899,96.999874
519.717845,140.352899,97.003741
519.717908,140.352899,97.015213
519.717945,140.352899,97.023134
519.718012,140.352899,97.047408
519.718300,140.352899,97.051187
519.718368,140.352899,97.053603
519.718463,140.352899,97.054877
519.718506,140.352899,97.057232
519.718561,140.352899,97.068368
519.718632,140.352899,97.071525
519.718691,140.352899,97.079616
519.718741,140.352899,97.135640
519.718796,140.352899,97.208066
519.718851,140.352899,97.209694
519.718951,140.352899,97.215877
519.719009,140.352899,97.221376
519.719049,140.352899,97.238912
519.719107,140.352899,97.245490
519.719231,140.352899,97.246699
519.719274,140.352899,97.249278
519.719334,140.352899,97.253552
519.719384,140.352899,97.257373
519.719429,140.352899,97.262781
519.719483,140.352899,97.264669
519.719542,140.352899,97.266475
519.719580,140.352899,97.266939
519.719633,140.352899,97.286274
519.719691,140.352899,97.288152
519.719760,140.352899,97.288237
519.719825,140.352899,97.295611
519.719886,140.352899,97.300741
519.719963,140.352899,97.304979
519.720054,140.352899,97.308086
519.720107,140.352899,97.309824
519.720167,140.352899,97.315368
519.720218,140.352899,97.316608
519.720251,140.352899,97.328270
519.720437,140.352899,97.333682
519.720502,140.352899,97.342429
519.720542,140.352899,97.349304
519.720593,140.352899,97.357890
519.720669,140.352899,97.364034
519.720712,140.352899,97.374299
519.720762,140.352899,97.437880
519.720822,140.352899,97.443744
519.720881,140.352899,97.447552
519.720921,140.352899,97.456626
519.720957,140.352899,97.465224
519.721004,140.352899,97.465275
519.721042,140.352899,97.467026
519.721099,140.352899,97.482450
519.721141,140.352899,97.486542
519.721193,140.352899,97.494750
519.721283,140.352899,97.495101
519.721392,140.352899,97.496728
519.721512,140.352899,97.501152
519.721578,140.352899,97.505976
519.721623,140.352899,97.510285
519.721678,140.352899,97.515640
519.721742,140.352899,97.516955
519.721784,140.352899,97.530734
519.721840,140.352899,97.536427
519.721928,140.352899,97.554638
519.722026,140.352899,97.575198
519.722096,140.352899,97.586571
519.722145,140.352899,97.591907
519.722194,140.352899,97.597952
519.722230,140.352899,97.605091
519.722291,140.352899,97.607726
519.722431,140.352899,97.618398
519.722484,140.352899,97.631950
519.722536,140.352899,97.638210
519.722611,140.352899,97.639941
519.722659,140.352899,97.642352
519.722815,140.352899,97.650304
519.722902,140.352899,97.656763
519.722953,140.352899,97.668390
519.723108,140.352899,97.673437
519.723184,140.352899,97.676360
519.723227,140.352899,97.679432
519.723277,140.352899,97.683502
519.723361,140.352899,97.701683
519.723443,140.352899,97.706320
519.723509,140.352899,97.709635
519.723593,140.352899,97.709710
519.723634,140.352899,97.715970
519.723671,140.352899,97.721304
519.723729,140.352899,97.736358
519.723828,140.352899,97.738397
519.723921,140.352899,97.746690
519.723961,140.352899,97.769594
519.724086,140.352899,97.774392
519.724205,140.352899,97.776338
519.724264,140.352899,97.780717
519.724319,140.352899,97.786210
519.724423,140.352899,97.788805
519.724484,140.352899,97.794272
519.724681,140.352899,97.800344
519.724757,140.352899,97.821411
519.724816,140.352899,97.830890
519.724893,140.352899,97.840746
519.725016,140.352899,97.854552
519.725062,140.352899,97.882794
519.725144,140.352899,97.889160
519.725222,140.352899,97.892358
519.725331,140.352899,97.895485
519.725404,140.352899,97.901154
519.725441,140.352899,97.905062
519.725507,140.352899,97.907832
519.725567,140.352899,97.923968
519.725645,140.352899,97.927512
519.725725,140.352899,97.928952
519.725810,140.352899,97.935072
519.725873,140.352899,97.939373
519.725937,140.352899,97.949075
519.726000,140.352899,97.957168
519.726042,140.352899,97.960398
519.726109,140.352899,97.964112
519.726180,140.352899,97.965298
519.726247,140.352899,97.986526
519.726309,140.352899,97.986992
519.726350,140.352899,97.997346
519.726385,140.352899,97.999698
519.726460,140.352899,98.011016
519.726622,140.352899,98.012832
519.726668,140.352899,98.028189
519.726732,140.352899,98.033195
519.726778,140.352899,98.041963
519.726835,140.352899,98.053350
519.726875,140.352899,98.059934
519.726942,140.352899,98.060776
519.726999,140.352899,98.063893
519.727084,140.352899,98.064752
519.727128,140.352899,98.068352
519.727181,140.352899,98.076357
519.727232,140.352899,98.092614
519.727301,140.352899,98.093430
519.727353,140.352899,98.095618
519.727418,140.352899,98.102226
519.727480,140.352899,98.112832
519.727609,140.352899,98.113264
519.727684,140.352899,98.113629
519.727733,140.352899,98.124342
519.727803,140.352899,98.147998
519.727927,140.352899,98.152894
519.727970,140.352899,98.157293
519.728156,140.352899,98.157800
519.728199,140.352899,98.161005
519.728251,140.352899,98.168790
519.728322,140.352899,98.177510
519.728396,140.352899,98.183072
519.728438,140.352899,98.191992
519.728507,140.352899,98.214232
519.728560,140.352899,98.225758
519.728602,140.352899,98.238765
519.728663,140.352899,98.241840
519.728733,140.352899,98.269632
519.728793,140.352899,98.275960
519.728869,140.352899,98.281438
519.728934,140.352899,98.281555
519.728998,140.352899,98.291592
519.729056,140.352899,98.307720
519.729127,140.352899,98.318134
519.729214,140.352899,98.331389
519.729360,140.352899,98.344794
519.729477,140.352899,98.360514
519.729538,140.352899,98.360869
519.729596,140.352899,98.361248
519.729661,140.352899,98.377205
519.729732,140.352899,98.388621
519.729947,140.352899,98.388818
519.729996,140.352899,98.392947
519.730084,140.352899,98.398165
519.730171,140.352899,98.398520
519.730277,140.352899,98.409149
519.730372,140.352899,98.425642
519.730446,140.352899,98.438274
519.730488,140.352899,98.447907
519.730581,140.352899,98.452946
519.730634,140.352899,98.453552
519.730717,140.352899,98.458802
519.730815,140.352899,98.459966
519.731012,140.352899,98.466578
519.731049,140.352899,98.473954
519.731103,140.352899,98.476341
519.731167,140.352899,98.491149
519.731221,140.352899,98.524574
519.731326,140.352899,98.524878
519.731400,140.352899,98.543000
519.731464,140.352899,98.545678
519.731546,140.352899,98.548733
519.731605,140.352899,98.551714
519.731643,140.352899,98.553314
519.731694,140.352899,98.567542
519.731789,140.352899,98.576301
519.731877,140.352899,98.590038
519.731931,140.352899,98.597374
519.731998,140.352899,98.621338
519.732045,140.352899,98.626493
519.732089,140.352899,98.627512
519.732157,140.352899,98.630366
519.732291,140.352899,98.654174
519.732407,140.352899,98.655296
519.732514,140.352899,98.666558
519.732559,140.352899,98.693872
519.732620,140.352899,98.703069
519.732663,140.352899,98.710530
519.732737,140.352899,98.721491
519.732801,140.352899,98.730699
519.732858,140.352899,98.739310
519.732898,140.352899,98.749459
519.732968,140.352899,98.759024
519.733030,140.352899,98.775792
519.733127,140.352899,98.810352
519.733190,140.352899,98.820547
519.733278,140.352899,98.833752
519.733340,140.352899,98.846197
519.733399,140.352899,98.851581
519.733478,140.352899,98.857960
519.733554,140.352899,98.859176
519.733702,140.352899,98.861248
519.733758,140.352899,98.885514
519.733846,140.352899,98.890379
519.733955,140.352899,98.912893
519.734053,140.352899,98.916014
519.734110,140.352899,98.950674
519.734193,140.352899,98.985058
519.734259,140.352899,98.985536
519.734306,140.352899,98.993774
519.734346,140.352899,98.998232
519.734427,140.352899,99.002893
519.734572,140.352899,99.007720
519.734623,140.352899,99.008571
519.734664,140.352899,99.018134
519.734729,140.352899,99.023936
519.734832,140.352899,99.028434
519.734896,140.352899,99.033824
519.735079,140.352899,99.039184
519.735142,140.352899,99.046931
519.735290,140.352899,99.085920
519.735342,140.352899,99.087154
519.735407,140.352899,99.090003
519.735488,140.352899,99.090472
519.735559,140.352899,99.093557
519.735613,140.352899,99.103741
519.735663,140.352899,99.106691
519.735755,140.352899,99.111584
519.735904,140.352899,99.121469
519.736149,140.352899,99.127070
519.736204,140.352899,99.142626
519.736267,140.352899,99.143232
519.736429,140.352899,99.143837
519.736486,140.352899,99.153677
519.736587,140.352899,99.156725
519.736643,140.352899,99.172382
519.736715,140.352899,99.181371
519.736768,140.352899,99.181478
519.736846,140.352899,99.220786
519.736964,140.352899,99.221995
519.737172,140.352899,99.243870
519.737234,140.352899,99.247392
519.737339,140.352899,99.248563
519.737391,140.352899,99.250168
519.737452,140.352899,99.262770
519.737530,140.352899,99.264830
519.737672,140.352899,99.277709
519.737772,140.352899,99.289938
519.737838,140.352899,99.293678
519.737926,140.352899,99.295158
519.738033,140.352899,99.295234
519.738088,140.352899,99.327125
519.738149,140.352899,99.339048
519.738198,140.352899,99.340470
519.738257,140.352899,99.349075
519.738311,140.352899,99.374322
519.738392,140.352899,99.386526
519.738447,140.352899,99.393771
519.738501,140.352899,99.397555
519.738558,140.352899,99.409778
519.738625,140.352899,99.426432
519.738695,140.352899,99.428248
519.738728,140.352899,99.456594
519.738786,140.352899,99.462386
519.738870,140.352899,99.469408
519.738902,140.352899,99.478200
519.738989,140.352899,99.478819
519.739062,140.352899,99.481589
519.739133,140.352899,99.499821
519.739240,140.352899,99.505995
519.739313,140.352899,99.520547
519.739389,140.352899,99.523184
519.739443,140.352899,99.526445
519.739527,140.352899,99.539888
519.739567,140.352899,99.541309
519.739631,140.352899,99.554925
519.739697,140.352899,99.566571
519.739800,140.352899,99.568994
519.739862,140.352899,99.597990
519.739922,140.352899,99.600128
519.740005,140.352899,99.607733
519.740066,140.352899,99.617648
519.740113,140.352899,99.619069
519.740165,140.352899,99.625032
519.740210,140.352899,99.632867
519.740261,140.352899,99.633422
519.740331,140.352899,99.636192
519.740458,140.352899,99.656626
519.740579,140.352899,99.656806
519.740637,140.352899,99.674299
519.740693,140.352899,99.684944
519.740747,140.352899,99.686963
519.740820,140.352899,99.697933
519.740877,140.352899,99.712270
519.740996,140.352899,99.712325
519.741089,140.352899,99.721078
519.741147,140.352899,99.725371
519.741267,140.352899,99.735454
519.741307,140.352899,99.737266
519.741365,140.352899,99.737974
519.741442,140.352899,99.749634
519.741514,140.352899,99.752120
519.741572,140.352899,99.761506
519.741660,140.352899,99.765234
519.741785,140.352899,99.777634
519.741835,140.352899,99.785728
519.741869,140.352899,99.786456
519.741910,140.352899,99.788427
519.741980,140.352899,99.790030
519.742019,140.352899,99.792013
519.742067,140.352899,99.798742
519.742123,140.352899,99.800080
519.742241,140.352899,99.807906
519.742319,140.352899,99.812035
519.742376,140.352899,99.812994
519.742443,140.352899,99.815925
519.742523,140.352899,99.823472
519.742579,140.352899,99.825741
519.742641,140.352899,99.846182
519.742720,140.352899,99.865106
519.742830,140.352899,99.868333
519.743037,140.352899,99.878850
519.743098,140.352899,99.890456
519.743207,140.352899,99.890598
519.743354,140.352899,99.897816
519.743452,140.352899,99.905074
519.743526,140.352899,99.909117
519.743669,140.352899,99.917522
519.743934,140.352899,99.928875
519.744015,140.352899,99.940125
519.744089,140.352899,99.946093
519.744129,140.352899,99.952741
519.744192,140.352899,99.956610
519.744234,140.352899,99.956669
519.744320,140.352899,99.957778
519.744430,140.352899,99.967152
519.744493,140.352899,99.974571
519.744549,140.352899,99.976589
519.744599,140.352899,99.979659
519.744656,140.352899,99.993726
519.744711,140.352899,99.996360
519.744809,140.352899,100.008342
519.744871,140.352899,100.014725
519.744934,140.352899,100.022502
519.745007,140.352899,100.031229
519.745050,140.352899,100.038382
519.745276,140.352899,100.043294
519.745353,140.352899,100.046715
519.745427,140.352899,100.048514
519.745486,140.352899,100.071486
519.745543,140.352899,100.075021
519.745603,140.352899,100.085698
519.745667,140.352899,100.086198
519.745735,140.352899,100.087400
519.745781,140.352899,100.090402
519.745846,140.352899,100.098584
519.745905,140.352899,100.100262
519.745956,140.352899,100.101224
519.746065,140.352899,100.105658
519.746125,140.352899,100.106714
519.746266,140.352899,100.121054
519.746323,140.352899,100.131424
519.746403,140.352899,100.141794
519.746450,140.352899,100.151595
519.746509,140.352899,100.154230
519.746642,140.352899,100.159773
519.746836,140.352899,100.161806
519.746909,140.352899,100.171000
519.746994,140.352899,100.178200
519.747072,140.352899,100.201125
519.747155,140.352899,100.210914
519.747230,140.352899,100.227683
519.747268,140.352899,100.235614
519.747318,140.352899,100.238848
519.747355,140.352899,100.240987
519.747414,140.352899,100.252363
519.891017,140.352899,100.263040
519.891050,140.352899,100.265251
519.891107,140.352899,100.288555
519.891131,140.352899,100.307726
519.891167,140.352899,100.308086
519.891206,140.352899,100.311968
519.891260,140.352899,100.315198
519.891326,140.352899,100.322781
519.891371,140.352899,100.328472
519.891408,140.352899,100.333422
519.891436,140.352899,100.369939
519.891503,140.352899,100.410184
519.891535,140.352899,100.414384
519.891651,140.352899,100.420914
519.891697,140.352899,100.426432
519.891743,140.352899,100.427054
519.891780,140.352899,100.444502
519.891814,140.352899,100.458658
519.891858,140.352899,100.471806
519.891888,140.352899,100.472600
519.891910,140.352899,100.474392
519.891952,140.352899,100.481864
519.891990,140.352899,100.487470
519.892016,140.352899,100.496728
519.892215,140.352899,100.498674
519.892246,140.352899,100.504814
519.892271,140.352899,100.548014
519.892322,140.352899,100.550510
519.892360,140.352899,100.570546
519.892396,140.352899,100.580290
519.892422,140.352899,100.609587
519.892452,140.352899,100.639304
519.892478,140.352899,100.644549
519.892543,140.352899,100.650165
519.892604,140.352899,100.673245
519.892645,140.352899,100.677494
519.892665,140.352899,100.683312
519.892686,140.352899,100.689997
519.892750,140.352899,100.697869
519.892775,140.352899,100.705995
519.892799,140.352899,100.709898
519.892833,140.352899,100.710694
519.892974,140.352899,100.768875
519.893041,140.352899,100.772262
519.893068,140.352899,100.775629
519.893094,140.352899,100.797330
519.893120,140.352899,100.818933
519.893244,140.352899,100.832627
519.893272,140.352899,100.849853
519.893310,140.352899,100.856662
519.893367,140.352899,100.868866
519.893389,140.352899,100.877344
519.893423,140.352899,100.886026
519.893469,140.352899,100.901074
519.893509,140.352899,100.905579
519.893542,140.352899,100.927408
519.893671,140.352899,100.962224
519.893707,140.352899,100.964018
519.893800,140.352899,100.977195
519.893844,140.352899,100.999565
519.893895,140.352899,101.026930
519.893922,140.352899,101.041874
519.894004,140.352899,101.073437
519.894030,140.352899,101.097997
519.894109,140.352899,101.112360
519.894159,140.352899,101.120768
519.894180,140.352899,101.149304
519.894218,140.352899,101.171806
519.894235,140.352899,101.191992
519.894303,140.352899,101.200893
519.894325,140.352899,101.215859
519.894402,140.352899,101.234912
519.894434,140.352899,101.238066
519.894458,140.352899,101.246715
519.894481,140.352899,101.249792
519.894628,140.352899,101.286909
519.894658,140.352899,101.288112
519.894725,140.352899,101.317250
519.894753,140.352899,101.345554
519.894778,140.352899,101.347424
519.894815,140.352899,101.368368
519.894864,140.352899,101.395568
519.894928,140.352899,101.407784
519.894968,140.352899,101.423218
519.895021,140.352899,101.442816
519.895089,140.352899,101.471525
519.895128,140.352899,101.487394
519.895172,140.352899,101.494059
519.895222,140.352899,101.510563
519.895260,140.352899,101.511138
519.895394,140.352899,101.516830
519.895438,140.352899,101.522592
519.895462,140.352899,101.524469
519.895498,140.352899,101.531325
519.895535,140.352899,101.534504
519.895574,140.352899,101.539862
519.895601,140.352899,101.549888
519.895626,140.352899,101.557115
519.895652,140.352899,101.558432
519.895731,140.352899,101.560274
519.895870,140.352899,101.575808
519.895915,140.352899,101.592200
519.895956,140.352899,101.593691
519.896001,140.352899,101.617074
519.896124,140.352899,101.618896
519.896151,140.352899,101.627026
519.896176,140.352899,101.638034
519.896326,140.352899,101.643853
519.896350,140.352899,101.645410
519.896463,140.352899,101.648733
519.896500,140.352899,101.651694
519.896528,140.352899,101.653318
519.896566,140.352899,101.664078
519.896615,140.352899,101.677008
519.896660,140.352899,101.678850
519.896713,140.352899,101.692514
519.896787,140.352899,101.704256
519.896809,140.352899,101.735650
519.896902,140.352899,101.740645
519.896941,140.352899,101.756130
519.896983,140.352899,101.765971
519.897025,140.352899,101.770274
519.897048,140.352899,101.780768
519.897124,140.352899,101.784416
519.897162,140.352899,101.811946
519.897203,140.352899,101.825072
519.897231,140.352899,101.833798
519.897271,140.352899,101.839294
519.897373,140.352899,101.840454
519.897396,140.352899,101.851694
519.897432,140.352899,101.853549
519.897454,140.352899,101.870874
519.897482,140.352899,101.872750
519.897508,140.352899,101.878990
519.897547,140.352899,101.889592
519.897596,140.352899,101.919122
519.897654,140.352899,101.941794
519.897691,140.352899,101.950510
519.897717,140.352899,101.952192
519.897743,140.352899,101.961419
519.897796,140.352899,101.964224
519.897842,140.352899,101.975776
519.897880,140.352899,101.978891
519.897925,140.352899,101.980672
519.897975,140.352899,101.982632
519.898055,140.352899,101.994285
519.898107,140.352899,102.040320
519.898212,140.352899,102.090608
519.898236,140.352899,102.104693
519.898286,140.352899,102.105810
519.898314,140.352899,102.108466
519.898338,140.352899,102.115232
519.898379,140.352899,102.119360
519.898423,140.352899,102.123685
519.898471,140.352899,102.124048
519.898543,140.352899,102.126000
519.898581,140.352899,102.156083
519.898672,140.352899,102.159616
519.898701,140.352899,102.172221
519.898745,140.352899,102.174387
519.898768,140.352899,102.182453
519.898818,140.352899,102.183570
519.898847,140.352899,102.191152
519.898885,140.352899,102.191709
519.898912,140.352899,102.194038
519.898937,140.352899,102.196717
519.898994,140.352899,102.204574
519.899022,140.352899,102.210272
519.899066,140.352899,102.214112
519.899113,140.352899,102.221645
519.899151,140.352899,102.227773
519.899187,140.352899,102.256307
519.899209,140.352899,102.267733
519.899248,140.352899,102.282334
519.899278,140.352899,102.283136
519.899317,140.352899,102.286026
519.899356,140.352899,102.286258
519.899404,140.352899,102.291872
519.899438,140.352899,102.305533
519.899458,140.352899,102.307462
519.899498,140.352899,102.309482
519.899544,140.352899,102.312114
519.899589,140.352899,102.313976
519.899682,140.352899,102.320867
519.899753,140.352899,102.325018
519.899780,140.352899,102.326461
519.899834,140.352899,102.332867
519.899871,140.352899,102.364018
519.899922,140.352899,102.368272
519.899970,140.352899,102.395408
519.900002,140.352899,102.401358
519.900058,140.352899,102.441571
519.900099,140.352899,102.451011
519.900148,140.352899,102.454901
519.900183,140.352899,102.468939
519.900224,140.352899,102.473168
519.900255,140.352899,102.487533
519.900325,140.352899,102.494034
519.900394,140.352899,102.499821
519.900474,140.352899,102.519454
519.900500,140.352899,102.539898
519.900553,140.352899,102.582984
519.900635,140.352899,102.584941
519.900667,140.352899,102.606845
519.900728,140.352899,102.644616
519.900779,140.352899,102.654112
519.900817,140.352899,102.657797
519.900844,140.352899,102.665176
519.900884,140.352899,102.688298
519.900954,140.352899,102.693846
519.900998,140.352899,102.696803
519.901021,140.352899,102.698922
519.901068,140.352899,102.725371
519.901179,140.352899,102.732934
519.901263,140.352899,102.734370
519.901291,140.352899,102.738382
519.901421,140.352899,102.740304
519.901464,140.352899,102.757216
519.901545,140.352899,102.757373
519.901570,140.352899,102.765440
519.901627,140.352899,102.775757
519.901734,140.352899,102.810525
519.901930,140.352899,102.816867
519.901982,140.352899,102.831795
519.902031,140.352899,102.840763
519.902132,140.352899,102.853517
519.902156,140.352899,102.875134
519.902217,140.352899,102.877192
519.902252,140.352899,102.878022
519.902285,140.352899,102.886312
519.902330,140.352899,102.899824
519.902374,140.352899,102.927070
519.902414,140.352899,102.946590
519.902461,140.352899,102.956112
519.902578,140.352899,102.959125
519.902621,140.352899,102.962781
519.902653,140.352899,102.975134
519.902691,140.352899,102.998461
519.902733,140.352899,103.002226
519.902788,140.352899,103.004754
519.902837,140.352899,103.009659
519.902865,140.352899,103.033872
519.902911,140.352899,103.038078
519.903013,140.352899,103.045944
519.903048,140.352899,103.054168
519.903096,140.352899,103.060174
519.903135,140.352899,103.061554
519.903208,140.352899,103.079392
519.903254,140.352899,103.082514
519.903291,140.352899,103.091338
519.903495,140.352899,103.101064
519.903535,140.352899,103.101358
519.903603,140.352899,103.147533
519.903636,140.352899,103.184989
519.903690,140.352899,103.195584
519.903718,140.352899,103.202166
519.903747,140.352899,103.207872
519.903793,140.352899,103.209088
519.903845,140.352899,103.211946
519.903884,140.352899,103.224101
519.903918,140.352899,103.235402
519.903958,140.352899,103.236562
519.904032,140.352899,103.238366
519.904081,140.352899,103.258432
519.904127,140.352899,103.265266
519.904167,140.352899,103.277133
519.904213,140.352899,103.312270
519.904252,140.352899,103.323853
519.904400,140.352899,103.344325
519.904485,140.352899,103.351654
519.904533,140.352899,103.360699
519.904584,140.352899,103.392437
519.904625,140.352899,103.403227
519.904666,140.352899,103.405408
519.904735,140.352899,103.408989
519.904814,140.352899,103.415854
519.904877,140.352899,103.420256
519.904917,140.352899,103.437410
519.904961,140.352899,103.442429
519.905090,140.352899,103.444502
519.905131,140.352899,103.458658
519.905186,140.352899,103.464034
519.905230,140.352899,103.472048
519.905287,140.352899,103.485000
519.905329,140.352899,103.496728
519.905444,140.352899,103.500336
519.905467,140.352899,103.507504
519.905532,140.352899,103.519605
519.905587,140.352899,103.527098
519.905627,140.352899,103.528848
519.905755,140.352899,103.533816
519.905784,140.352899,103.540189
519.905828,140.352899,103.554298
519.905938,140.352899,103.554963
519.906000,140.352899,103.555531
519.906097,140.352899,103.557184
519.906158,140.352899,103.563986
519.906212,140.352899,103.580032
519.906251,140.352899,103.601134
519.906275,140.352899,103.607042
519.906304,140.352899,103.635029
519.906363,140.352899,103.640048
519.906392,140.352899,103.641918
519.906434,140.352899,103.643602
519.906505,140.352899,103.678894
519.906529,140.352899,103.691134
519.906636,140.352899,103.702792
519.906684,140.352899,103.702944
519.906722,140.352899,103.705373
519.906765,140.352899,103.721802
519.906843,140.352899,103.728640
519.906872,140.352899,103.730029
519.906910,140.352899,103.732867
519.906936,140.352899,103.766574
519.907050,140.352899,103.778317
519.907078,140.352899,103.795387
519.907134,140.352899,103.802925
519.907187,140.352899,103.805986
519.907214,140.352899,103.808498
519.907259,140.352899,103.809710
519.907423,140.352899,103.820490
519.907483,140.352899,103.825744
519.907528,140.352899,103.831795
519.907593,140.352899,103.832074
519.907692,140.352899,103.844334
519.907719,140.352899,103.846125
519.907760,140.352899,103.858477
519.907800,140.352899,103.860398
519.907829,140.352899,103.872547
519.907865,140.352899,103.880752
519.907902,140.352899,103.883168
519.907984,140.352899,103.887470
519.908080,140.352899,103.901090
519.908108,140.352899,103.904805
519.908163,140.352899,103.908491
519.908211,140.352899,103.912232
519.908260,140.352899,103.928992
519.908289,140.352899,103.972032
519.908333,140.352899,103.980717
519.908374,140.352899,103.988038
519.908416,140.352899,103.990446
519.908475,140.352899,103.992245
519.908520,140.352899,103.998461
519.908564,140.352899,104.005886
519.908607,140.352899,104.018491
519.908643,140.352899,104.028414
519.908698,140.352899,104.049837
519.908773,140.352899,104.054733
519.908831,140.352899,104.059141
519.908872,140.352899,104.060152
519.908905,140.352899,104.079456
519.908999,140.352899,104.091218
519.909030,140.352899,104.101198
519.909181,140.352899,104.105312
519.909273,140.352899,104.119717
519.909313,140.352899,104.178754
519.909362,140.352899,104.180552
519.909406,140.352899,104.184762
519.909443,140.352899,104.188125
519.909494,140.352899,104.213632
519.909532,140.352899,104.215859
519.909577,140.352899,104.226376
519.909780,140.352899,104.248813
519.909845,140.352899,104.256514
519.909894,140.352899,104.269360
519.909924,140.352899,104.277574
519.909976,140.352899,104.287968
519.910034,140.352899,104.290624
519.910080,140.352899,104.295034
519.910134,140.352899,104.322613
519.910213,140.352899,104.331211
519.910275,140.352899,104.332106
519.910327,140.352899,104.334325
519.910369,140.352899,104.342464
519.910401,140.352899,104.345742
519.910432,140.352899,104.347552
519.910498,140.352899,104.357232
519.910566,140.352899,104.360848
519.910628,140.352899,104.365917
519.910671,140.352899,104.386174
519.910715,140.352899,104.399800
519.910760,140.352899,104.420224
519.910791,140.352899,104.423301
519.910835,140.352899,104.442333
519.910890,140.352899,104.442944
519.910933,140.352899,104.448886
519.910997,140.352899,104.478819
519.911098,140.352899,104.481589
519.911139,140.352899,104.528261
519.911196,140.352899,104.532544
519.911250,140.352899,104.538190
519.911282,140.352899,104.542790
519.911332,140.352899,104.552904
519.911400,140.352899,104.585318
519.911443,140.352899,104.587459
519.911507,140.352899,104.589464
519.911600,140.352899,104.591170
519.911701,140.352899,104.607909
519.911743,140.352899,104.625909
519.911787,140.352899,104.649250
519.911845,140.352899,104.664078
519.911889,140.352899,104.670464
519.911937,140.352899,104.690984
519.911989,140.352899,104.691686
519.912013,140.352899,104.700946
519.912071,140.352899,104.707702
519.912157,140.352899,104.715123
519.912202,140.352899,104.723968
519.912276,140.352899,104.727010
519.912310,140.352899,104.728547
519.912369,140.352899,104.731858
519.912400,140.352899,104.736891
519.912447,140.352899,104.748014
519.912496,140.352899,104.756130
519.912553,140.352899,104.787346
519.912606,140.352899,104.792883
519.912645,140.352899,104.808430
519.912676,140.352899,104.819360
519.912756,140.352899,104.824758
519.912798,140.352899,104.825774
519.912833,140.352899,104.825797
519.912891,140.352899,104.832920
519.912943,140.352899,104.838832
519.912968,140.352899,104.856077
519.913112,140.352899,104.857112
519.913189,140.352899,104.875109
519.913216,140.352899,104.878438
519.913269,140.352899,104.888733
519.913324,140.352899,104.889810
519.913391,140.352899,104.912194
519.913418,140.352899,104.927512
519.913474,140.352899,104.940520
519.913508,140.352899,104.945006
519.913567,140.352899,104.952869
519.913596,140.352899,104.956307
519.913625,140.352899,104.961330
519.913665,140.352899,104.994285
519.913725,140.352899,104.997373
519.913796,140.352899,105.005312
519.913822,140.352899,105.030173
519.913912,140.352899,105.037909
519.913944,140.352899,105.038382
519.914030,140.352899,105.039090
519.914071,140.352899,105.044954
519.914096,140.352899,105.047408
519.914151,140.352899,105.060094
519.914192,140.352899,105.076184
519.914272,140.352899,105.083979
519.914319,140.352899,105.107933
519.914374,140.352899,105.122091
519.914512,140.352899,105.135614
519.914592,140.352899,105.143718
519.914644,140.352899,105.148886
519.914694,140.352899,105.153453
519.914746,140.352899,105.156400
519.914781,140.352899,105.162075
519.914811,140.352899,105.163950
519.914849,140.352899,105.175125
519.914898,140.352899,105.180552
519.914946,140.352899,105.184160
519.914975,140.352899,105.187946
519.915038,140.352899,105.189160
519.915105,140.352899,105.223358
519.915194,140.352899,105.228179
519.915245,140.352899,105.239872
519.915277,140.352899,105.241571
519.915320,140.352899,105.257232
519.915419,140.352899,105.264688
519.915467,140.352899,105.265706
519.915516,140.352899,105.283962
519.915600,140.352899,105.307462
519.915648,140.352899,105.325008
519.915711,140.352899,105.332493
519.915761,140.352899,105.339952
519.915818,140.352899,105.357890
519.915879,140.352899,105.369939
519.915940,140.352899,105.403480
519.915975,140.352899,105.406733
519.916032,140.352899,105.430530
519.916062,140.352899,105.435650
519.916113,140.352899,105.440555
519.916146,140.352899,105.460710
519.916179,140.352899,105.477614
519.916221,140.352899,105.484493
519.916259,140.352899,105.494317
519.916341,140.352899,105.506656
519.916385,140.352899,105.509586
519.916430,140.352899,105.530699
519.916466,140.352899,105.538094
519.916553,140.352899,105.555374
519.916598,140.352899,105.570752
519.916642,140.352899,105.578592
519.916728,140.352899,105.582984
519.916824,140.352899,105.600400
519.917056,140.352899,105.619360
519.917095,140.352899,105.644549
519.917171,140.352899,105.646546
519.917198,140.352899,105.686026
519.917249,140.352899,105.691139
519.917283,140.352899,105.714109
519.917317,140.352899,105.718546
519.917353,140.352899,105.723218
519.917405,140.352899,105.724880
519.917439,140.352899,105.725152
519.917494,140.352899,105.732493
519.917558,140.352899,105.738190
519.917632,140.352899,105.741960
519.917695,140.352899,105.765440
519.917777,140.352899,105.774082
519.917841,140.352899,105.789690
519.917895,140.352899,105.800978
519.917942,140.352899,105.803379
519.917990,140.352899,105.810253
519.918023,140.352899,105.834405
519.918091,140.352899,105.843565
519.918126,140.352899,105.852555
519.918176,140.352899,105.864038
519.918251,140.352899,105.869136
519.918327,140.352899,105.873938
519.918418,140.352899,105.878301
519.918478,140.352899,105.881451
519.918520,140.352899,105.901632
519.918573,140.352899,105.905870
519.918600,140.352899,105.912848
519.918675,140.352899,105.913952
519.918726,140.352899,105.937523
519.918754,140.352899,105.938034
519.918803,140.352899,105.938221
519.918859,140.352899,105.949291
519.918913,140.352899,105.951698
519.918941,140.352899,105.956355
519.918986,140.352899,105.956514
519.919018,140.352899,105.965027
519.919070,140.352899,105.975150
519.919104,140.352899,105.979418
519.919182,140.352899,105.990608
519.919240,140.352899,106.000078
519.919337,140.352899,106.007885
519.919405,140.352899,106.008646
519.919475,140.352899,106.015794
519.919529,140.352899,106.025189
519.919655,140.352899,106.035802
519.919705,140.352899,106.045944
519.919744,140.352899,106.056610
519.919841,140.352899,106.057800
519.919872,140.352899,106.071419
519.919906,140.352899,106.076592
519.919947,140.352899,106.084256
519.919979,140.352899,106.086234
519.920043,140.352899,106.133202
519.920095,140.352899,106.134370
519.920144,140.352899,106.166744
519.920197,140.352899,106.175312
519.920241,140.352899,106.179373
519.920337,140.352899,106.179488
519.920363,140.352899,106.215120
519.920439,140.352899,106.216203
519.920492,140.352899,106.235770
519.920571,140.352899,106.253523
519.920702,140.352899,106.267318
519.920753,140.352899,106.286832
519.920802,140.352899,106.319506
519.920831,140.352899,106.319554
519.920888,140.352899,106.326320
519.920968,140.352899,106.330626
519.921006,140.352899,106.364456
519.921075,140.352899,106.366554
519.921156,140.352899,106.402435
519.921224,140.352899,106.408386
519.921267,140.352899,106.434909
519.921325,140.352899,106.435840
519.921387,140.352899,106.439218
519.921473,140.352899,106.457491
519.921536,140.352899,106.504677
519.921588,140.352899,106.535072
519.921653,140.352899,106.575176
519.921711,140.352899,106.590456
519.921810,140.352899,106.599238
519.921891,140.352899,106.603563
519.921937,140.352899,106.611946
519.921976,140.352899,106.612832
519.922029,140.352899,106.619592
519.922092,140.352899,106.628146
519.922145,140.352899,106.631846
519.922214,140.352899,106.634970
519.922279,140.352899,106.647275
519.922363,140.352899,106.656574
519.922399,140.352899,106.662805
519.922453,140.352899,106.664018
519.922550,140.352899,106.665230
519.922711,140.352899,106.670130
519.922741,140.352899,106.697448
519.922819,140.352899,106.712730
519.922849,140.352899,106.723310
519.922951,140.352899,106.728189
519.922992,140.352899,106.755397
519.923041,140.352899,106.756723
519.923099,140.352899,106.758206
519.923186,140.352899,106.765234
519.923220,140.352899,106.772051
519.923275,140.352899,106.775006
519.923322,140.352899,106.779416
519.923361,140.352899,106.789690
519.923440,140.352899,106.801070
519.923473,140.352899,106.813941
519.923521,140.352899,106.826640
519.923559,140.352899,106.841355
519.923609,140.352899,106.860226
519.923639,140.352899,106.860688
519.923709,140.352899,106.861406
519.923758,140.352899,106.866069
519.923830,140.352899,106.868978
519.923865,140.352899,106.873230
519.923903,140.352899,106.876768
519.923928,140.352899,106.882275
519.923980,140.352899,106.891854
519.924089,140.352899,106.902354
519.924149,140.352899,106.913355
519.924182,140.352899,106.913678
519.924236,140.352899,106.913984
519.924284,140.352899,106.916230
519.924316,140.352899,106.956355
519.924366,140.352899,106.960688
519.924410,140.352899,106.964731
519.924467,140.352899,106.980114
519.924513,140.352899,107.015890
519.924546,140.352899,107.022067
519.924637,140.352899,107.046706
519.924670,140.352899,107.048005
519.924723,140.352899,107.051717
519.924779,140.352899,107.064110
519.924824,140.352899,107.064456
519.924897,140.352899,107.089160
519.924999,140.352899,107.094323
519.925141,140.352899,107.101232
519.925190,140.352899,107.121469
519.925290,140.352899,107.142123
519.925341,140.352899,107.165818
519.925374,140.352899,107.166083
519.925415,140.352899,107.168866
519.925452,140.352899,107.172221
519.925500,140.352899,107.191149
519.925537,140.352899,107.191618
519.925579,140.352899,107.197816
519.925646,140.352899,107.197984
519.925683,140.352899,107.203379
519.925720,140.352899,107.217893
519.925772,140.352899,107.237202
519.925835,140.352899,107.243093
519.925892,140.352899,107.268325
519.925944,140.352899,107.301406
519.925985,140.352899,107.309558
519.926064,140.352899,107.331293
519.926259,140.352899,107.332106
519.926314,140.352899,107.348835
519.926367,140.352899,107.367027
519.926408,140.352899,107.382514
519.926454,140.352899,107.389344
519.926533,140.352899,107.392272
519.926593,140.352899,107.399069
519.926671,140.352899,107.408848
519.926745,140.352899,107.417488
519.926773,140.352899,107.437000
519.926838,140.352899,107.454075
519.926866,140.352899,107.460274
519.926902,140.352899,107.478819
519.926964,140.352899,107.482320
519.927006,140.352899,107.490314
519.927054,140.352899,107.495694
519.927118,140.352899,107.498512
519.927164,140.352899,107.505944
519.927218,140.352899,107.505995
519.927247,140.352899,107.514074
519.927302,140.352899,107.542427
519.927360,140.352899,107.552120
519.927405,140.352899,107.556610
519.927445,140.352899,107.570643
519.927483,140.352899,107.580717
519.927527,140.352899,107.610178
519.927576,140.352899,107.635043
519.927641,140.352899,107.639582
519.927699,140.352899,107.643712
519.927732,140.352899,107.655190
519.927812,140.352899,107.661325
519.927859,140.352899,107.670206
519.927919,140.352899,107.690800
519.927996,140.352899,107.721437
519.928046,140.352899,107.731232
519.928103,140.352899,107.771749
519.928147,140.352899,107.787701
519.928228,140.352899,107.803320
519.928262,140.352899,107.826930
519.928297,140.352899,107.827083
519.928393,140.352899,107.835651
519.928428,140.352899,107.849808
519.928545,140.352899,107.850242
519.928597,140.352899,107.881981
519.928732,140.352899,107.882275
519.928782,140.352899,107.883698
519.928831,140.352899,107.888733
519.928884,140.352899,107.907747
519.928926,140.352899,107.948422
519.928961,140.352899,107.957778
519.929012,140.352899,107.981195
519.929073,140.352899,107.986909
519.929159,140.352899,108.001088
519.929194,140.352899,108.012094
519.929243,140.352899,108.014421
519.929274,140.352899,108.018277
519.929327,140.352899,108.018683
519.929413,140.352899,108.041714
519.929525,140.352899,108.042618
519.929573,140.352899,108.043466
519.929626,140.352899,108.046664
519.929659,140.352899,108.046715
519.929687,140.352899,108.055952
519.929735,140.352899,108.062800
519.929813,140.352899,108.063760
519.929864,140.352899,108.064482
519.929934,140.352899,108.064669
519.930002,140.352899,108.084253
519.930120,140.352899,108.089854
519.930165,140.352899,108.092272
519.930215,140.352899,108.108498
519.930260,140.352899,108.119474
519.930384,140.352899,108.121226
519.930435,140.352899,108.125650
519.930525,140.352899,108.126850
519.930667,140.352899,108.130173
519.930708,140.352899,108.130670
519.930862,140.352899,108.131861
519.930895,140.352899,108.160290
519.930964,140.352899,108.170040
519.931017,140.352899,108.176224
519.931092,140.352899,108.184432
519.931129,140.352899,108.189701
519.931205,140.352899,108.207058
519.931252,140.352899,108.208430
519.931311,140.352899,108.211730
519.931357,140.352899,108.217090
519.931409,140.352899,108.222187
519.931532,140.352899,108.244896
519.931583,140.352899,108.269208
519.931636,140.352899,108.282984
519.931867,140.352899,108.297949
519.931903,140.352899,108.298800
519.931953,140.352899,108.307720
519.932015,140.352899,108.309117
519.932066,140.352899,108.317634
519.932129,140.352899,108.333134
519.932178,140.352899,108.355190
519.932235,140.352899,108.366045
519.932297,140.352899,108.367650
519.932333,140.352899,108.368875
519.932394,140.352899,108.375792
519.932451,140.352899,108.393614
519.932507,140.352899,108.399829
519.932551,140.352899,108.415925
519.932606,140.352899,108.423234
519.932662,140.352899,108.424432
519.932708,140.352899,108.424718
519.932787,140.352899,108.434350
519.932842,140.352899,108.440571
519.932937,140.352899,108.457216
519.933031,140.352899,108.470104
519.933093,140.352899,108.471256
519.933157,140.352899,108.478635
519.933202,140.352899,108.480232
519.933261,140.352899,108.486498
519.933332,140.352899,108.489142
519.933369,140.352899,108.501469
519.933518,140.352899,108.505408
519.933578,140.352899,108.512110
519.933614,140.352899,108.512954
519.933655,140.352899,108.516838
519.933716,140.352899,108.533163
519.933764,140.352899,108.550970
519.933823,140.352899,108.553427
519.933921,140.352899,108.556395
519.933967,140.352899,108.563147
519.934031,140.352899,108.565862
519.934087,140.352899,108.578288
519.934125,140.352899,108.578738
519.934174,140.352899,108.587250
519.934215,140.352899,108.597950
519.934272,140.352899,108.610178
519.934385,140.352899,108.648608
519.934422,140.352899,108.656048
519.934466,140.352899,108.665010
519.934509,140.352899,108.669469
519.934548,140.352899,108.672416
519.934616,140.352899,108.681808
519.934677,140.352899,108.693195
519.934737,140.352899,108.694750
519.934786,140.352899,108.697294
519.934821,140.352899,108.710744
519.934859,140.352899,108.716606
519.934924,140.352899,108.737814
519.934959,140.352899,108.738078
519.935056,140.352899,108.745944
519.935165,140.352899,108.762122
519.935211,140.352899,108.767698
519.935272,140.352899,108.785467
519.935330,140.352899,108.788112
519.935528,140.352899,108.788504
519.935565,140.352899,108.795456
519.935613,140.352899,108.796179
519.935669,140.352899,108.801125
519.935765,140.352899,108.821408
519.935874,140.352899,108.825771
519.935968,140.352899,108.841568
519.936043,140.352899,108.845458
519.936115,140.352899,108.847240
519.936156,140.352899,108.852102
519.936188,140.352899,108.852834
519.936252,140.352899,108.865872
519.936393,140.352899,108.873264
519.936439,140.352899,108.879194
519.936492,140.352899,108.886093
519.936599,140.352899,108.909595
519.936661,140.352899,108.909827
519.936762,140.352899,108.929466
519.936820,140.352899,108.929862
519.936859,140.352899,108.961464
519.936893,140.352899,108.969594
519.937017,140.352899,108.972880
519.937153,140.352899,108.973178
519.937224,140.352899,108.974387
519.937282,140.352899,108.987853
519.937336,140.352899,109.003690
519.937424,140.352899,109.008234
519.937480,140.352899,109.019931
519.937590,140.352899,109.023218
519.937627,140.352899,109.026107
519.937686,140.352899,109.026930
519.937731,140.352899,109.030706
519.937771,140.352899,109.043632
519.937840,140.352899,109.054344
519.937896,140.352899,109.070824
519.937955,140.352899,109.074322
519.938011,140.352899,109.075125
519.938078,140.352899,109.095683
519.938117,140.352899,109.104798
519.938166,140.352899,109.109093
519.938221,140.352899,109.114686
519.938284,140.352899,109.116363
519.938335,140.352899,109.117326
519.938388,140.352899,109.125018
519.938416,140.352899,109.130858
519.938474,140.352899,109.132344
519.938522,140.352899,109.140746
519.938581,140.352899,109.155394
519.938632,140.352899,109.162198
519.938679,140.352899,109.162914
519.938776,140.352899,109.183683
519.938846,140.352899,109.186498
519.938904,140.352899,109.216838
519.938945,140.352899,109.233154
519.938979,140.352899,109.241158
519.939073,140.352899,109.245357
519.939117,140.352899,109.247518
519.939172,140.352899,109.247989
519.939207,140.352899,109.258464
519.939251,140.352899,109.270155
519.939326,140.352899,109.277258
519.939390,140.352899,109.290456
519.939502,140.352899,109.312906
519.939554,140.352899,109.313302
519.939631,140.352899,109.341571
519.939682,140.352899,109.358445
519.939740,140.352899,109.372557
519.939781,140.352899,109.378461
519.939833,140.352899,109.388291
519.939889,140.352899,109.426530
519.939959,140.352899,109.428832
519.940015,140.352899,109.435630
519.940075,140.352899,109.435840
519.940148,140.352899,109.449866
519.940210,140.352899,109.456574
519.940254,140.352899,109.460325
519.940311,140.352899,109.479968
519.940384,140.352899,109.486194
519.940443,140.352899,109.490490
519.940473,140.352899,109.496576
519.940502,140.352899,109.499203
519.940543,140.352899,109.502184
519.940578,140.352899,109.519326
519.940691,140.352899,109.528573
519.940741,140.352899,109.534334
519.940776,140.352899,109.547398
519.940825,140.352899,109.554650
519.940854,140.352899,109.563954
519.940904,140.352899,109.566976
519.940936,140.352899,109.568250
519.940966,140.352899,109.571330
519.941022,140.352899,109.578192
519.941080,140.352899,109.587490
519.941135,140.352899,109.595304
519.941171,140.352899,109.649090
519.941214,140.352899,109.670981
519.941289,140.352899,109.677957
519.941411,140.352899,109.699602
519.941479,140.352899,109.700547
519.941527,140.352899,109.708317
519.941571,140.352899,109.709261
519.941640,140.352899,109.713579
519.941691,140.352899,109.720586
519.941766,140.352899,109.724872
519.941827,140.352899,109.731070
519.941885,140.352899,109.735650
519.941937,140.352899,109.739872
519.941986,140.352899,109.743645
519.942042,140.352899,109.755992
519.942150,140.352899,109.764920
519.942197,140.352899,109.768256
519.942317,140.352899,109.776493
519.942402,140.352899,109.802226
519.942461,140.352899,109.810875
519.942541,140.352899,109.830978
519.942598,140.352899,109.847517
519.942647,140.352899,109.855386
519.942699,140.352899,109.883899
519.942742,140.352899,109.901696
519.942830,140.352899,109.905629
519.942877,140.352899,109.916098
519.942926,140.352899,109.923869
519.942983,140.352899,109.931774
519.943053,140.352899,109.934154
519.943099,140.352899,109.940882
519.943133,140.352899,109.952027
519.943177,140.352899,110.021960
519.943211,140.352899,110.022613
519.943267,140.352899,110.025658
519.943319,140.352899,110.030610
519.943448,140.352899,110.049118
519.943590,140.352899,110.079928
519.943636,140.352899,110.082574
519.943711,140.352899,110.086883
519.943747,140.352899,110.086965
519.943816,140.352899,110.094974
519.943872,140.352899,110.100946
519.943904,140.352899,110.128698
519.943933,140.352899,110.129819
519.943977,140.352899,110.143923
519.944053,140.352899,110.160334
519.944126,140.352899,110.168829
519.944187,140.352899,110.172221
519.944243,140.352899,110.172734
519.944281,140.352899,110.182558
519.944325,140.352899,110.190496
519.944393,140.352899,110.193832
519.944445,140.352899,110.201408
519.944490,140.352899,110.250019
519.944540,140.352899,110.253285
519.944579,140.352899,110.263243
519.944646,140.352899,110.287918
519.944702,140.352899,110.342946
519.944761,140.352899,110.346859
519.944806,140.352899,110.366976
519.944849,140.352899,110.381798
519.944882,140.352899,110.391608
519.944934,140.352899,110.394546
519.944979,140.352899,110.409586
519.945019,140.352899,110.454058
519.945069,140.352899,110.454608
519.945130,140.352899,110.467534
519.945162,140.352899,110.480243
519.945202,140.352899,110.493630
519.945235,140.352899,110.506206
519.945283,140.352899,110.521224
519.945319,140.352899,110.531277
519.945405,140.352899,110.542427
519.945477,140.352899,110.560896
519.945535,140.352899,110.570355
519.945592,140.352899,110.580802
519.945672,140.352899,110.583683
519.945723,140.352899,110.599150
519.945763,140.352899,110.615232
519.945815,140.352899,110.616448
519.945982,140.352899,110.651030
519.946023,140.352899,110.653718
519.946070,140.352899,110.654768
519.946146,140.352899,110.658208
519.946175,140.352899,110.662059
519.946247,140.352899,110.694720
519.946310,140.352899,110.699395
519.946363,140.352899,110.707506
519.946492,140.352899,110.712906
519.946535,140.352899,110.713106
519.946609,140.352899,110.730725
519.946664,140.352899,110.738005
519.946707,140.352899,110.738547
519.946746,140.352899,110.744120
519.946830,140.352899,110.744354
519.946872,140.352899,110.747467
519.946925,140.352899,110.751691
519.946973,140.352899,110.789861
519.947024,140.352899,110.790525
519.947132,140.352899,110.797330
519.947168,140.352899,110.812589
519.947274,140.352899,110.813298
519.947320,140.352899,110.815765
519.947362,140.352899,110.826421
519.947433,140.352899,110.854568
519.947471,140.352899,110.859904
519.947522,140.352899,110.862173
519.947630,140.352899,110.867621
519.947678,140.352899,110.886037
519.947710,140.352899,110.888971
519.947761,140.352899,110.907696
519.947790,140.352899,110.922518
519.947824,140.352899,110.936802
519.947905,140.352899,110.939933
519.947985,140.352899,110.942869
519.948048,140.352899,110.944194
519.948087,140.352899,110.953630
519.948137,140.352899,110.958584
519.948216,140.352899,111.000606
519.948277,140.352899,111.001552
519.948311,140.352899,111.014562
519.948385,140.352899,111.029227
519.948442,140.352899,111.034350
519.948476,140.352899,111.036230
519.948518,140.352899,111.039968
519.948592,140.352899,111.041248
519.948621,140.352899,111.047587
519.948709,140.352899,111.064880
519.948751,140.352899,111.082603
519.948794,140.352899,111.103842
519.948828,140.352899,111.119008
519.948857,140.352899,111.129909
519.948911,140.352899,111.131070
519.948958,140.352899,111.139062
519.949001,140.352899,111.152994
519.949038,140.352899,111.157168
519.949125,140.352899,111.160658
519.949177,140.352899,111.164378
519.949232,140.352899,111.175725
519.949396,140.352899,111.178400
519.949518,140.352899,111.186498
519.949587,140.352899,111.191763
519.949676,140.352899,111.201632
519.949708,140.352899,111.204757
519.949753,140.352899,111.223314
519.949880,140.352899,111.229454
519.949973,140.352899,111.234334
519.950129,140.352899,111.235517
519.950176,140.352899,111.236974
519.950219,140.352899,111.277835
519.950269,140.352899,111.282984
519.950437,140.352899,111.287435
519.950466,140.352899,111.289216
519.950518,140.352899,111.289870
519.950553,140.352899,111.290528
519.950602,140.352899,111.298800
519.950653,140.352899,111.301074
519.950754,140.352899,111.302814
519.950804,140.352899,111.307214
519.950878,140.352899,111.311901
519.950933,140.352899,111.312094
519.951100,140.352899,111.313245
519.951167,140.352899,111.319470
519.951276,140.352899,111.327989
519.951324,140.352899,111.334155
519.951372,140.352899,111.334893
519.951426,140.352899,111.352910
519.951485,140.352899,111.354312
519.951533,140.352899,111.358208
519.951585,140.352899,111.371779
519.951642,140.352899,111.389925
519.951705,140.352899,111.399123
519.951751,140.352899,111.405408
519.951789,140.352899,111.425152
519.951825,140.352899,111.442770
519.951912,140.352899,111.460163
519.951956,140.352899,111.467512
519.951995,140.352899,111.479910
519.952048,140.352899,111.490288
519.952122,140.352899,111.499917
519.952203,140.352899,111.520530
519.952248,140.352899,111.521149
519.952353,140.352899,111.528848
519.952407,140.352899,111.532965
519.952462,140.352899,111.542272
519.952497,140.352899,111.548074
519.952618,140.352899,111.561386
519.952670,140.352899,111.566264
519.952707,140.352899,111.574171
519.952833,140.352899,111.574342
519.952920,140.352899,111.585661
519.952984,140.352899,111.591283
519.953049,140.352899,111.608370
519.953087,140.352899,111.608813
519.953143,140.352899,111.615854
519.953186,140.352899,111.617000
519.953228,140.352899,111.630326
519.953294,140.352899,111.644024
519.953331,140.352899,111.653426
519.953441,140.352899,111.655880
519.953501,140.352899,111.661550
519.953555,140.352899,111.666582
519.953631,140.352899,111.673387
519.953687,140.352899,111.693195
519.953745,140.352899,111.697547
519.953786,140.352899,111.704227
519.953845,140.352899,111.707622
519.953880,140.352899,111.710304
519.953951,140.352899,111.716714
519.953998,140.352899,111.745944
519.954055,140.352899,111.751602
519.954097,140.352899,111.772754
519.954160,140.352899,111.777117
519.954201,140.352899,111.780488
519.954241,140.352899,111.783426
519.954288,140.352899,111.805986
519.954324,140.352899,111.809710
519.954422,140.352899,111.813933
519.954471,140.352899,111.822496
519.954515,140.352899,111.828155
519.954545,140.352899,111.832344
519.954594,140.352899,111.839330
519.954659,140.352899,111.844405
519.954715,140.352899,111.849872
519.954754,140.352899,111.850514
519.954802,140.352899,111.851595
519.954884,140.352899,111.866045
519.954954,140.352899,111.867347
519.955021,140.352899,111.879550
519.955073,140.352899,111.886498
519.955130,140.352899,111.888173
519.955189,140.352899,111.889184
519.955240,140.352899,111.893714
519.955300,140.352899,111.898336
519.955342,140.352899,111.898928
519.955398,140.352899,111.902110
519.955435,140.352899,111.902667
519.955491,140.352899,111.902998
519.955525,140.352899,111.917090
519.955580,140.352899,111.941794
519.955624,140.352899,111.960318
519.955676,140.352899,111.963779
519.955729,140.352899,111.965933
519.955771,140.352899,111.975757
519.955861,140.352899,111.978058
519.955907,140.352899,111.981998
519.955970,140.352899,111.983118
519.956034,140.352899,111.999194
519.956134,140.352899,112.002200
519.956192,140.352899,112.003690
519.956272,140.352899,112.008904
519.956385,140.352899,112.011034
519.956450,140.352899,112.011070
519.956496,140.352899,112.019534
519.956592,140.352899,112.038078
519.956644,140.352899,112.045117
519.956717,140.352899,112.055829
519.956768,140.352899,112.056893
519.956808,140.352899,112.061534
519.956842,140.352899,112.076256
519.956896,140.352899,112.077586
519.957055,140.352899,112.086578
519.957110,140.352899,112.090598
519.957163,140.352899,112.097294
519.957210,140.352899,112.099046
519.957241,140.352899,112.104670
519.957292,140.352899,112.109093
519.957351,140.352899,112.115062
519.957437,140.352899,112.119914
519.957488,140.352899,112.125605
519.957528,140.352899,112.131328
519.957558,140.352899,112.148886
519.957624,140.352899,112.149533
519.957680,140.352899,112.155346
519.957744,140.352899,112.163981
519.957809,140.352899,112.171768
519.957868,140.352899,112.226376
519.957967,140.352899,112.230574
519.958012,140.352899,112.234758
519.958044,140.352899,112.240685
519.958101,140.352899,112.252696
519.958137,140.352899,112.257621
519.958186,140.352899,112.264557
519.958265,140.352899,112.274216
519.958312,140.352899,112.295304
519.958350,140.352899,112.313245
519.958482,140.352899,112.313301
519.958558,140.352899,112.330326
519.958614,140.352899,112.335634
519.958656,140.352899,112.341931
519.958690,140.352899,112.345269
519.958726,140.352899,112.360832
519.958923,140.352899,112.363216
519.958952,140.352899,112.372557
519.959001,140.352899,112.392315
519.959074,140.352899,112.393086
519.959180,140.352899,112.405830
519.959239,140.352899,112.420027
519.959295,140.352899,112.434411
519.959345,140.352899,112.441494
519.959404,140.352899,112.442830
519.959442,140.352899,112.445357
519.959683,140.352899,112.452314
519.959714,140.352899,112.457949
519.959769,140.352899,112.468901
519.959835,140.352899,112.479910
519.959890,140.352899,112.495227
519.959938,140.352899,112.497234
519.959985,140.352899,112.506464
519.960037,140.352899,112.507021
519.960153,140.352899,112.525197
519.960200,140.352899,112.527045
519.960246,140.352899,112.538050
519.960351,140.352899,112.542859
519.960419,140.352899,112.561194
519.960458,140.352899,112.585011
519.960520,140.352899,112.586845
519.960562,140.352899,112.592502
519.960637,140.352899,112.605629
519.960691,140.352899,112.614437
519.960737,140.352899,112.615810
519.960847,140.352899,112.621248
519.960885,140.352899,112.662066
519.960944,140.352899,112.666325
519.960984,140.352899,112.666546
519.961110,140.352899,112.674278
519.961166,140.352899,112.676350
519.961198,140.352899,112.678814
519.961253,140.352899,112.690800
519.961298,140.352899,112.705890
519.961340,140.352899,112.716203
519.961390,140.352899,112.720125
519.961497,140.352899,112.724848
519.961565,140.352899,112.728114
519.961772,140.352899,112.734013
519.961846,140.352899,112.742731
519.961909,140.352899,112.744194
519.961955,140.352899,112.744306
519.962090,140.352899,112.755992
519.962217,140.352899,112.756574
519.962261,140.352899,112.767757
519.962321,140.352899,112.775478
519.962354,140.352899,112.778176
519.962447,140.352899,112.793286
519.962495,140.352899,112.807531
519.962611,140.352899,112.812066
519.962654,140.352899,112.818414
519.962697,140.352899,112.837971
519.962754,140.352899,112.839840
519.962786,140.352899,112.843725
519.962830,140.352899,112.846690
519.962944,140.352899,112.848886
519.962996,140.352899,112.848989
519.963039,140.352899,112.850878
519.963092,140.352899,112.859074
519.963189,140.352899,112.863922
519.963245,140.352899,112.865374
519.963300,140.352899,112.873938
519.963332,140.352899,112.889594
519.963486,140.352899,112.889826
519.963528,140.352899,112.891757
519.963572,140.352899,112.897371
519.963631,140.352899,112.904454
519.963673,140.352899,112.911782
519.963731,140.352899,112.912437
519.963798,140.352899,112.936834
519.963840,140.352899,112.941682
519.963893,140.352899,112.943134
519.963934,140.352899,112.951328
519.964017,140.352899,112.962144
519.964065,140.352899,112.963774
519.964115,140.352899,112.970090
519.964187,140.352899,112.971277
519.964238,140.352899,112.972045
519.964313,140.352899,112.976197
519.964363,140.352899,112.986283
519.964417,140.352899,113.000629
519.964473,140.352899,113.003922
519.964514,140.352899,113.016168
519.964570,140.352899,113.016512
519.964689,140.352899,113.018080
519.964731,140.352899,113.018254
519.964773,140.352899,113.018317
519.964842,140.352899,113.021182
519.964896,140.352899,113.033749
519.964948,140.352899,113.035666
519.964982,140.352899,113.037282
519.965039,140.352899,113.039054
519.965077,140.352899,113.048896
519.965155,140.352899,113.051595
519.965238,140.352899,113.062125
519.965300,140.352899,113.067958
519.965353,140.352899,113.068909
519.965439,140.352899,113.074320
519.965486,140.352899,113.074411
519.965562,140.352899,113.079672
519.965630,140.352899,113.086816
519.965684,140.352899,113.094272
519.965785,140.352899,113.099053
519.965845,140.352899,113.099856
519.965922,140.352899,113.105325
519.966036,140.352899,113.106979
519.966090,140.352899,113.167691
519.966149,140.352899,113.178227
519.966196,140.352899,113.179443
519.966253,140.352899,113.180691
519.966310,140.352899,113.182834
519.966355,140.352899,113.184982
519.966424,140.352899,113.192261
519.966506,140.352899,113.200949
519.966539,140.352899,113.221224
519.966579,140.352899,113.227054
519.966621,140.352899,113.238546
519.966672,140.352899,113.248296
519.966735,140.352899,113.255189
519.966800,140.352899,113.257232
519.966853,140.352899,113.282571
519.966912,140.352899,113.331237
519.967040,140.352899,113.331790
519.967093,140.352899,113.342675
519.967189,140.352899,113.354474
519.967238,140.352899,113.359582
519.967279,140.352899,113.363277
519.967336,140.352899,113.386778
519.967382,140.352899,113.386803
519.967429,140.352899,113.403645
519.967485,140.352899,113.405830
519.967544,140.352899,113.422578
519.967593,140.352899,113.423154
519.967633,140.352899,113.437501
519.967701,140.352899,113.447325
519.967763,140.352899,113.449696
519.967819,140.352899,113.456574
519.967888,140.352899,113.467597
519.967945,140.352899,113.475123
519.967998,140.352899,113.496109
519.968033,140.352899,113.504470
519.968079,140.352899,113.508261
519.968247,140.352899,113.508794
519.968298,140.352899,113.522066
519.968471,140.352899,113.545296
519.968526,140.352899,113.546600
519.968615,140.352899,113.550237
519.968682,140.352899,113.554566
519.968714,140.352899,113.559616
519.968907,140.352899,113.565891
519.968963,140.352899,113.568018
519.969030,140.352899,113.570355
519.969109,140.352899,113.576386
519.969145,140.352899,113.583666
519.969214,140.352899,113.592315
519.969259,140.352899,113.598699
519.969310,140.352899,113.599150
519.969354,140.352899,113.599826
519.969487,140.352899,113.634144
519.969529,140.352899,113.656963
519.969653,140.352899,113.663488
519.969706,140.352899,113.677947
519.969762,140.352899,113.678522
519.969839,140.352899,113.709298
519.969892,140.352899,113.712637
519.969954,140.352899,113.729482
519.970014,140.352899,113.753517
519.970134,140.352899,113.758424
519.970205,140.352899,113.763760
519.970263,140.352899,113.779102
519.970338,140.352899,113.780677
519.970420,140.352899,113.794197
519.970488,140.352899,113.795507
519.970529,140.352899,113.809053
519.970574,140.352899,113.832378
519.970613,140.352899,113.833877
519.970687,140.352899,113.863147
519.970739,140.352899,113.868589
519.970803,140.352899,113.877005
519.970858,140.352899,113.877589
519.970904,140.352899,113.889781
519.970958,140.352899,113.891504
519.971004,140.352899,113.896768
519.971036,140.352899,113.902339
519.971105,140.352899,113.906970
519.971148,140.352899,113.909200
519.971204,140.352899,113.923933
519.971248,140.352899,113.926093
519.971305,140.352899,113.926898
519.971448,140.352899,113.927523
519.971482,140.352899,113.931800
519.971566,140.352899,113.942317
519.971682,140.352899,113.943629
519.971722,140.352899,113.966982
519.971805,140.352899,113.968595
519.971843,140.352899,113.979168
519.971904,140.352899,113.980632
519.971993,140.352899,113.987789
519.972080,140.352899,113.997294
519.972152,140.352899,113.997984
519.972187,140.352899,114.005222
519.972229,140.352899,114.020077
519.972272,140.352899,114.026725
519.972333,140.352899,114.052800
519.972391,140.352899,114.061806
519.972432,140.352899,114.062157
519.972483,140.352899,114.063934
519.972525,140.352899,114.075744
519.972559,140.352899,114.078834
519.972617,140.352899,114.079795
519.972664,140.352899,114.086546
519.972706,140.352899,114.093874
519.972765,140.352899,114.097344
519.972843,140.352899,114.122672
519.972963,140.352899,114.135490
519.973027,140.352899,114.137645
519.973107,140.352899,114.147298
519.973163,140.352899,114.156594
519.973221,140.352899,114.161493
519.973276,140.352899,114.166882
519.973320,140.352899,114.179398
519.973432,140.352899,114.193710
519.973467,140.352899,114.197792
519.973509,140.352899,114.200432
519.973597,140.352899,114.204208
519.973628,140.352899,114.218472
519.973676,140.352899,114.222656
519.973729,140.352899,114.230034
519.973792,140.352899,114.235517
519.973846,140.352899,114.240531
519.973890,140.352899,114.249291
519.973930,140.352899,114.260181
519.974030,140.352899,114.272466
519.974117,140.352899,114.274981
519.974182,140.352899,114.289594
519.974315,140.352899,114.302963
519.974366,140.352899,114.303194
519.974497,140.352899,114.304550
519.974558,140.352899,114.307019
519.974752,140.352899,114.308378
519.974850,140.352899,114.309091
519.974887,140.352899,114.335851
519.974935,140.352899,114.369472
519.974981,140.352899,114.377474
519.975034,140.352899,114.379877
519.975117,140.352899,114.387362
519.975202,140.352899,114.388050
519.975262,140.352899,114.395734
519.975332,140.352899,114.397584
519.975446,140.352899,114.397888
519.975545,140.352899,114.401506
519.975607,140.352899,114.403534
519.975657,140.352899,114.408877
519.975705,140.352899,114.414821
519.975783,140.352899,114.420125
519.975909,140.352899,114.421275
519.975939,140.352899,114.421424
519.975984,140.352899,114.423237
519.976059,140.352899,114.423250
519.976103,140.352899,114.434824
519.976208,140.352899,114.451938
519.976266,140.352899,114.455234
519.976313,140.352899,114.466813
519.976370,140.352899,114.481294
519.976399,140.352899,114.484349
519.976476,140.352899,114.499072
519.976584,140.352899,114.500997
519.976630,140.352899,114.516445
519.976672,140.352899,114.519888
519.976731,140.352899,114.542288
519.976818,140.352899,114.545942
519.976857,140.352899,114.549701
519.976968,140.352899,114.567445
519.977026,140.352899,114.570602
519.977084,140.352899,114.574192
519.977138,140.352899,114.575074
519.977193,140.352899,114.576520
519.977241,140.352899,114.581973
519.977304,140.352899,114.590456
519.977411,140.352899,114.593416
519.977616,140.352899,114.609176
519.977673,140.352899,114.610898
519.977718,140.352899,114.612110
519.977768,140.352899,114.615141
519.977820,140.352899,114.621938
519.977865,140.352899,114.628146
519.977908,140.352899,114.629986
519.977955,140.352899,114.632838
519.978027,140.352899,114.637232
519.978171,140.352899,114.641592
519.978205,140.352899,114.651203
519.978238,140.352899,114.651504
519.978298,140.352899,114.653811
519.978434,140.352899,114.682715
519.978499,140.352899,114.689870
519.978549,140.352899,114.694291
519.978617,140.352899,114.703491
519.978661,140.352899,114.703966
519.978729,140.352899,114.717718
519.978783,140.352899,114.723150
519.978834,140.352899,114.736224
519.978983,140.352899,114.737854
519.979023,140.352899,114.739910
519.979067,140.352899,114.743354
519.979116,140.352899,114.752272
519.979257,140.352899,114.754493
519.979352,140.352899,114.765077
519.979419,140.352899,114.767270
519.979484,140.352899,114.774387
519.979595,140.352899,114.777816
519.979669,140.352899,114.779950
519.979724,140.352899,114.795400
519.979811,140.352899,114.796678
519.979853,140.352899,114.802174
519.980022,140.352899,114.806624
519.980075,140.352899,114.808467
519.980130,140.352899,114.813186
519.980178,140.352899,114.815614
519.980220,140.352899,114.823432
519.980285,140.352899,114.828259
519.980345,140.352899,114.832344
519.980388,140.352899,114.852237
519.980540,140.352899,114.857685
519.980587,140.352899,114.861541
519.980642,140.352899,114.870632
519.980696,140.352899,114.880482
519.980824,140.352899,114.881771
519.980891,140.352899,114.891432
519.981013,140.352899,114.897784
519.981068,140.352899,114.901645
519.981122,140.352899,114.913355
519.981168,140.352899,114.920750
519.981425,140.352899,114.923114
519.981524,140.352899,114.932774
519.981600,140.352899,114.933134
519.981740,140.352899,114.943811
519.981811,140.352899,114.944482
519.981882,140.352899,114.950893
519.982060,140.352899,114.953909
519.982136,140.352899,114.959773
519.982194,140.352899,114.963970
519.982243,140.352899,114.966616
519.982295,140.352899,114.975058
519.982358,140.352899,114.992022
519.982411,140.352899,114.998510
519.982511,140.352899,115.008725
519.982567,140.352899,115.008904
519.982640,140.352899,115.010894
519.982692,140.352899,115.012661
519.982761,140.352899,115.031950
519.982833,140.352899,115.046706
519.982876,140.352899,115.058965
519.982976,140.352899,115.089779
519.983065,140.352899,115.090922
519.983118,140.352899,115.095309
519.983185,140.352899,115.098178
519.983249,140.352899,115.102918
519.983314,140.352899,115.109710
519.983375,140.352899,115.112149
519.983430,140.352899,115.118003
519.983508,140.352899,115.131346
519.983577,140.352899,115.136725
519.983681,140.352899,115.138258
519.983734,140.352899,115.141213
519.983768,140.352899,115.168866
519.983818,140.352899,115.175043
519.983887,140.352899,115.211598
519.983949,140.352899,115.212171
519.984021,140.352899,115.218778
519.984077,140.352899,115.220734
519.984135,140.352899,115.239656
519.984291,140.352899,115.256067
519.984365,140.352899,115.262464
519.984430,140.352899,115.269552
519.984488,140.352899,115.269944
519.984536,140.352899,115.277072
519.984591,140.352899,115.284461
519.984661,140.352899,115.284669
519.984720,140.352899,115.291981
519.984794,140.352899,115.295304
519.984841,140.352899,115.323573
519.984916,140.352899,115.329389
519.984977,140.352899,115.331293
519.985095,140.352899,115.334274
519.985168,140.352899,115.346552
519.985223,140.352899,115.347312
519.985266,140.352899,115.347342
519.985329,140.352899,115.348973
519.985380,140.352899,115.351970
519.985446,140.352899,115.354832
519.985483,140.352899,115.355782
519.985630,140.352899,115.374533
519.985699,140.352899,115.379672
519.985869,140.352899,115.390800
519.985917,140.352899,115.403037
519.985979,140.352899,115.408070
519.986034,140.352899,115.423112
519.986163,140.352899,115.437872
519.986230,140.352899,115.454075
519.986278,140.352899,115.455640
519.986348,140.352899,115.468576
519.986382,140.352899,115.469408
519.986567,140.352899,115.483650
519.986612,140.352899,115.484443
519.986658,140.352899,115.485454
519.986722,140.352899,115.491613
519.986907,140.352899,115.494629
519.986960,140.352899,115.497214
519.987009,140.352899,115.503779
519.987081,140.352899,115.508117
519.987171,140.352899,115.516651
519.987239,140.352899,115.525733
519.987324,140.352899,115.549381
519.987380,140.352899,115.561410
519.987432,140.352899,115.568173
519.987629,140.352899,115.576688
519.987714,140.352899,115.583597
519.987779,140.352899,115.593397
519.987823,140.352899,115.610806
519.987906,140.352899,115.633035
519.987946,140.352899,115.633677
519.988154,140.352899,115.634274
519.988206,140.352899,115.636109
519.988258,140.352899,115.638845
519.988302,140.352899,115.640304
519.988353,140.352899,115.641650
519.988404,140.352899,115.662066
519.988468,140.352899,115.664010
519.988527,140.352899,115.669661
519.988597,140.352899,115.702210
519.988693,140.352899,115.707506
519.988762,140.352899,115.712021
519.988826,140.352899,115.729490
519.988860,140.352899,115.730254
519.988919,140.352899,115.734226
519.988980,140.352899,115.739648
519.989013,140.352899,115.759498
519.989069,140.352899,115.760573
519.989117,140.352899,115.761454
519.989163,140.352899,115.767411
519.989209,140.352899,115.782856
519.989253,140.352899,115.786464
519.989309,140.352899,115.789781
519.989375,140.352899,115.795328
519.989440,140.352899,115.798792
519.989503,140.352899,115.799440
519.989587,140.352899,115.802210
519.989624,140.352899,115.811986
519.989688,140.352899,115.825056
519.989741,140.352899,115.826163
519.989785,140.352899,115.826930
519.989826,140.352899,115.835456
519.989895,140.352899,115.849808
519.989953,140.352899,115.852382
519.990006,140.352899,115.853352
519.990083,140.352899,115.865411
519.990154,140.352899,115.869859
519.990224,140.352899,115.870402
519.990287,140.352899,115.872032
519.990337,140.352899,115.881317
519.990442,140.352899,115.889594
519.990516,140.352899,115.896502
519.990609,140.352899,115.896822
519.990686,140.352899,115.900832
519.990736,140.352899,115.903267
519.990798,140.352899,115.903923
519.990843,140.352899,115.909586
519.990879,140.352899,115.911128
519.990935,140.352899,115.924766
519.990977,140.352899,115.934136
519.991027,140.352899,115.936702
519.991090,140.352899,115.949792
519.991150,140.352899,115.960309
519.991215,140.352899,115.960787
519.991254,140.352899,115.961904
519.991291,140.352899,115.971930
519.991326,140.352899,115.973222
519.991387,140.352899,115.981486
519.991466,140.352899,116.000958
519.991612,140.352899,116.001379
519.991670,140.352899,116.004501
519.991757,140.352899,116.013866
519.991809,140.352899,116.017326
519.991879,140.352899,116.020018
519.991952,140.352899,116.021995
519.991986,140.352899,116.033101
519.992042,140.352899,116.049690
519.992080,140.352899,116.052723
519.992133,140.352899,116.052770
519.992203,140.352899,116.052786
519.992249,140.352899,116.057992
519.992306,140.352899,116.063488
519.992377,140.352899,116.066326
519.992416,140.352899,116.082227
519.992473,140.352899,116.085952
519.992598,140.352899,116.097630
519.992655,140.352899,116.102110
519.992688,140.352899,116.110237
519.992736,140.352899,116.113728
519.992834,140.352899,116.114069
519.992882,140.352899,116.129322
519.992935,140.352899,116.130530
519.992993,140.352899,116.141405
519.993055,140.352899,116.156150
519.993134,140.352899,116.157885
519.993194,140.352899,116.157998
519.993249,140.352899,116.160290
519.993442,140.352899,116.160813
519.993491,140.352899,116.166902
519.993525,140.352899,116.173755
519.993566,140.352899,116.186498
519.993636,140.352899,116.196733
519.993758,140.352899,116.197891
519.993852,140.352899,116.206314
519.993912,140.352899,116.209133
519.994031,140.352899,116.210589
519.994094,140.352899,116.215890
519.994156,140.352899,116.217090
519.994212,140.352899,116.225733
519.994289,140.352899,116.228768
519.994399,140.352899,116.238050
519.994564,140.352899,116.238691
519.994604,140.352899,116.242726
519.994691,140.352899,116.255120
519.994730,140.352899,116.271870
519.994807,140.352899,116.274493
519.994903,140.352899,116.280368
519.994936,140.352899,116.286274
519.994987,140.352899,116.286893
519.995085,140.352899,116.287904
519.995129,140.352899,116.292552
519.995179,140.352899,116.294699
519.995221,140.352899,116.294850
519.995263,140.352899,116.296717
519.995313,140.352899,116.298546
519.995351,140.352899,116.309477
519.995410,140.352899,116.329314
519.995541,140.352899,116.337338
519.995737,140.352899,116.358144
519.995830,140.352899,116.360405
519.995886,140.352899,116.367650
519.995928,140.352899,116.374046
519.995989,140.352899,116.379765
519.996033,140.352899,116.385443
519.996165,140.352899,116.388875
519.996213,140.352899,116.389826
519.996272,140.352899,116.391624
519.996315,140.352899,116.397080
519.996378,140.352899,116.398546
519.996455,140.352899,116.398808
519.996505,140.352899,116.407074
519.996559,140.352899,116.415397
519.996709,140.352899,116.425283
519.996769,140.352899,116.426914
519.996822,140.352899,116.443533
519.996872,140.352899,116.448486
519.997047,140.352899,116.451534
519.997100,140.352899,116.452403
519.997153,140.352899,116.457008
519.997266,140.352899,116.462627
519.997372,140.352899,116.474856
519.997422,140.352899,116.475301
519.997473,140.352899,116.480232
519.997539,140.352899,116.485262
519.997615,140.352899,116.498474
519.997684,140.352899,116.504674
519.997739,140.352899,116.518472
519.997808,140.352899,116.524277
519.997923,140.352899,116.529294
519.997976,140.352899,116.548474
519.998021,140.352899,116.548912
519.998088,140.352899,116.549754
519.998188,140.352899,116.550336
519.998260,140.352899,116.560858
519.998336,140.352899,116.573133
519.998448,140.352899,116.574171
519.998506,140.352899,116.576070
519.998577,140.352899,116.576414
519.998642,140.352899,116.584390
519.998702,140.352899,116.587986
519.998768,140.352899,116.603818
519.998829,140.352899,116.614686
519.998901,140.352899,116.619277
519.998955,140.352899,116.621629
519.999011,140.352899,116.622542
519.999063,140.352899,116.623891
519.999111,140.352899,116.633504
519.999220,140.352899,116.644174
519.999282,140.352899,116.646952
519.999336,140.352899,116.648518
519.999439,140.352899,116.649134
519.999556,140.352899,116.654174
519.999613,140.352899,116.666416
519.999690,140.352899,116.675680
520.074120,140.352899,116.684958
520.074159,140.352899,116.692446
520.074221,140.352899,116.694677
520.074273,140.352899,116.695998
520.074305,140.352899,116.733850
520.074350,140.352899,116.740434
520.074391,140.352899,116.757088
520.074416,140.352899,116.771378
520.074484,140.352899,116.772677
520.074535,140.352899,116.817106
520.074555,140.352899,116.825502
520.074585,140.352899,116.835592
520.074620,140.352899,116.844075
520.074665,140.352899,116.846048
520.074712,140.352899,116.853504
520.074739,140.352899,116.902842
520.074757,140.352899,116.926189
520.074979,140.352899,116.937800
520.075023,140.352899,116.943469
520.075074,140.352899,116.966638
520.075132,140.352899,116.972070
520.075190,140.352899,117.025870
520.075240,140.352899,117.029565
520.075273,140.352899,117.034176
520.075326,140.352899,117.042496
520.075369,140.352899,117.044749
520.075494,140.352899,117.049074
520.075532,140.352899,117.079469
520.075550,140.352899,117.085358
520.075604,140.352899,117.093178
520.075643,140.352899,117.093614
520.075664,140.352899,117.109138
520.075698,140.352899,117.120256
520.075718,140.352899,117.121954
520.075767,140.352899,117.122509
520.075821,140.352899,117.126834
520.075842,140.352899,117.161301
520.075880,140.352899,117.163200
520.075908,140.352899,117.167034
520.075947,140.352899,117.167650
520.076019,140.352899,117.171374
520.076041,140.352899,117.181563
520.076086,140.352899,117.191432
520.076171,140.352899,117.206974
520.076195,140.352899,117.209586
520.076268,140.352899,117.211128
520.076302,140.352899,117.213222
520.076365,140.352899,117.214061
520.076423,140.352899,117.216400
520.076474,140.352899,117.220792
520.076509,140.352899,117.221941
520.076561,140.352899,117.230034
520.076623,140.352899,117.232994
520.076659,140.352899,117.238014
520.076687,140.352899,117.245410
520.076707,140.352899,117.251741
520.076773,140.352899,117.258802
520.076826,140.352899,117.278757
520.076865,140.352899,117.284734
520.076887,140.352899,117.296042
520.076940,140.352899,117.337472
520.076997,140.352899,117.353922
520.077137,140.352899,117.366222
520.077163,140.352899,117.379888
520.077194,140.352899,117.382715
520.077240,140.352899,117.396021
520.077291,140.352899,117.415232
520.077340,140.352899,117.430594
520.077358,140.352899,117.433850
520.077403,140.352899,117.444928
520.077425,140.352899,117.447603
520.077500,140.352899,117.466909
520.077675,140.352899,117.487288
520.077754,140.352899,117.497630
520.077821,140.352899,117.511237
520.077899,140.352899,117.512790
520.077949,140.352899,117.539486
520.078002,140.352899,117.542637
520.078022,140.352899,117.543469
520.078108,140.352899,117.544178
520.078145,140.352899,117.544834
520.078190,140.352899,117.549701
520.078502,140.352899,117.561194
520.078529,140.352899,117.567634
520.078559,140.352899,117.586542
520.078591,140.352899,117.593374
520.078622,140.352899,117.593968
520.078750,140.352899,117.595408
520.078773,140.352899,117.597330
520.078796,140.352899,117.599261
520.078857,140.352899,117.612019
520.078916,140.352899,117.620189
520.078936,140.352899,117.655218
520.078970,140.352899,117.659083
520.079075,140.352899,117.671134
520.079103,140.352899,117.677902
520.079180,140.352899,117.708334
520.079219,140.352899,117.711499
520.079253,140.352899,117.715069
520.079305,140.352899,117.715710
520.079340,140.352899,117.742328
520.079403,140.352899,117.750306
520.079446,140.352899,117.757790
520.079492,140.352899,117.757998
520.079539,140.352899,117.781264
520.079602,140.352899,117.786662
520.079634,140.352899,117.790974
520.079658,140.352899,117.795272
520.079742,140.352899,117.799411
520.079789,140.352899,117.815493
520.079840,140.352899,117.832611
520.079862,140.352899,117.845101
520.079905,140.352899,117.880576
520.079946,140.352899,117.888003
520.079980,140.352899,117.890333
520.080006,140.352899,117.893178
520.080057,140.352899,117.899117
520.080094,140.352899,117.915525
520.080135,140.352899,117.924211
520.080211,140.352899,117.938528
520.080282,140.352899,117.948467
520.080309,140.352899,117.953488
520.080358,140.352899,117.956629
520.080382,140.352899,117.974742
520.080461,140.352899,117.995213
520.080516,140.352899,118.012661
520.080573,140.352899,118.028008
520.080595,140.352899,118.031248
520.080629,140.352899,118.047704
520.080660,140.352899,118.052288
520.080680,140.352899,118.070672
520.080721,140.352899,118.075243
520.080821,140.352899,118.093400
520.080848,140.352899,118.102037
520.080899,140.352899,118.118406
520.080941,140.352899,118.125464
520.080976,140.352899,118.130048
520.080995,140.352899,118.138050
520.081022,140.352899,118.142990
520.081116,140.352899,118.148730
520.081162,140.352899,118.166734
520.081196,140.352899,118.185182
520.081262,140.352899,118.189062
520.081290,140.352899,118.193446
520.081330,140.352899,118.201408
520.081368,140.352899,118.204690
520.081396,140.352899,118.205877
520.081428,140.352899,118.216762
520.081485,140.352899,118.220750
520.081547,140.352899,118.225152
520.081574,140.352899,118.233808
520.081598,140.352899,118.241645
520.081691,140.352899,118.246336
520.081712,140.352899,118.247858
520.081744,140.352899,118.248014
520.081766,140.352899,118.249381
520.081809,140.352899,118.287942
520.081866,140.352899,118.292003
520.081922,140.352899,118.298510
520.081969,140.352899,118.311568
520.081992,140.352899,118.325618
520.082030,140.352899,118.327382
520.082060,140.352899,118.360334
520.082098,140.352899,118.366360
520.082120,140.352899,118.367554
520.082167,140.352899,118.367781
520.082231,140.352899,118.374856
520.082275,140.352899,118.387789
520.082311,140.352899,118.395048
520.082408,140.352899,118.408070
520.082451,140.352899,118.410890
520.082503,140.352899,118.439917
520.082537,140.352899,118.443632
520.082674,140.352899,118.461978
520.082718,140.352899,118.464949
520.082768,140.352899,118.472466
520.082788,140.352899,118.489187
520.082813,140.352899,118.497170
520.082851,140.352899,118.513250
520.082940,140.352899,118.521392
520.083023,140.352899,118.531325
520.083076,140.352899,118.538203
520.083121,140.352899,118.542709
520.083174,140.352899,118.561979
520.083208,140.352899,118.567427
520.083253,140.352899,118.591010
520.083293,140.352899,118.591077
520.083341,140.352899,118.598386
520.083385,140.352899,118.652027
520.083431,140.352899,118.653941
520.083499,140.352899,118.659214
520.083552,140.352899,118.686226
520.083579,140.352899,118.692798
520.083627,140.352899,118.759843
520.083655,140.352899,118.765192
520.083676,140.352899,118.765872
520.083699,140.352899,118.778355
520.083746,140.352899,118.780704
520.083850,140.352899,118.781792
520.083893,140.352899,118.804789
520.083936,140.352899,118.810914
520.083956,140.352899,118.825117
520.083993,140.352899,118.845438
520.084062,140.352899,118.846738
520.084094,140.352899,118.848363
520.084127,140.352899,118.852192
520.084202,140.352899,118.858464
520.084324,140.352899,118.858947
520.084369,140.352899,118.859994
520.084438,140.352899,118.888674
520.084458,140.352899,118.894632
520.084527,140.352899,118.910898
520.084566,140.352899,118.914376
520.084606,140.352899,118.931698
520.084653,140.352899,118.940214
520.084699,140.352899,118.941739
520.084731,140.352899,118.942808
520.084752,140.352899,118.943832
520.084815,140.352899,118.983541
520.084857,140.352899,119.002174
520.084886,140.352899,119.008061
520.084933,140.352899,119.015810
520.084976,140.352899,119.024357
520.085027,140.352899,119.033861
520.085097,140.352899,119.047621
520.085139,140.352899,119.064653
520.085168,140.352899,119.067573
520.085263,140.352899,119.076165
520.085292,140.352899,119.083701
520.085338,140.352899,119.084352
520.085403,140.352899,119.100885
520.085442,140.352899,119.101550
520.085502,140.352899,119.114179
520.085567,140.352899,119.116557
520.085611,140.352899,119.133869
520.085666,140.352899,119.142413
520.085693,140.352899,119.145118
520.085749,140.352899,119.150392
520.085785,140.352899,119.157998
520.085834,140.352899,119.175301
520.085876,140.352899,119.178192
520.085917,140.352899,119.194317
520.085944,140.352899,119.196014
520.085982,140.352899,119.216403
520.086053,140.352899,119.233122
520.086311,140.352899,119.235368
520.086457,140.352899,119.235515
520.086482,140.352899,119.238675
520.086567,140.352899,119.242120
520.086631,140.352899,119.243010
520.086654,140.352899,119.280459
520.086757,140.352899,119.296002
520.086802,140.352899,119.296544
520.086844,140.352899,119.296733
520.086868,140.352899,119.307054
520.086905,140.352899,119.310882
520.087074,140.352899,119.313824
520.087116,140.352899,119.315152
520.087148,140.352899,119.336269
520.087276,140.352899,119.358208
520.087324,140.352899,119.382848
520.087390,140.352899,119.406554
520.087431,140.352899,119.410178
520.087465,140.352899,119.433042
520.087501,140.352899,119.455096
520.087549,140.352899,119.458531
520.087589,140.352899,119.465045
520.087707,140.352899,119.470206
520.087772,140.352899,119.482459
520.087800,140.352899,119.517024
520.087860,140.352899,119.522205
520.087882,140.352899,119.524330
520.087955,140.352899,119.542805
520.087976,140.352899,119.545474
520.088055,140.352899,119.546693
520.088097,140.352899,119.573458
520.088138,140.352899,119.596829
520.088171,140.352899,119.608370
520.088203,140.352899,119.618238
520.088248,140.352899,119.626226
520.088312,140.352899,119.640606
520.088369,140.352899,119.641694
520.088396,140.352899,119.655234
520.088444,140.352899,119.660181
520.088494,140.352899,119.683690
520.088567,140.352899,119.701630
520.088629,140.352899,119.705080
520.088670,140.352899,119.715576
520.088711,140.352899,119.718366
520.088761,140.352899,119.728114
520.088812,140.352899,119.729278
520.088844,140.352899,119.737941
520.088889,140.352899,119.745117
520.088947,140.352899,119.766376
520.089005,140.352899,119.766499
520.089053,140.352899,119.779395
520.089111,140.352899,119.791907
520.089176,140.352899,119.815283
520.089198,140.352899,119.817555
520.089413,140.352899,119.837264
520.089461,140.352899,119.842821
520.089486,140.352899,119.851595
520.089532,140.352899,119.871374
520.089575,140.352899,119.875141
520.089634,140.352899,119.877130
520.089682,140.352899,119.886696
520.089725,140.352899,119.892784
520.089758,140.352899,119.900269
520.089820,140.352899,119.902624
520.089885,140.352899,119.925602
520.089950,140.352899,119.927314
520.090000,140.352899,119.949134
520.090029,140.352899,119.951018
520.090097,140.352899,119.954499
520.090159,140.352899,119.978029
520.090196,140.352899,119.986758
520.090277,140.352899,119.986925
520.090310,140.352899,119.999232
520.090333,140.352899,120.013059
520.090402,140.352899,120.046501
520.090445,140.352899,120.076992
520.090468,140.352899,120.083710
520.090489,140.352899,120.086816
520.090516,140.352899,120.150315
520.090537,140.352899,120.161330
520.090563,140.352899,120.161576
520.090612,140.352899,120.186542
520.090692,140.352899,120.190152
520.090733,140.352899,120.190877
520.090800,140.352899,120.192992
520.090850,140.352899,120.197773
520.090878,140.352899,120.201141
520.090943,140.352899,120.211237
520.091028,140.352899,120.213547
520.091068,140.352899,120.217568
520.091089,140.352899,120.239090
520.091112,140.352899,120.241634
520.091152,140.352899,120.260094
520.091176,140.352899,120.262003
520.091200,140.352899,120.268802
520.091244,140.352899,120.270752
520.091288,140.352899,120.271253
520.091330,140.352899,120.271314
520.091457,140.352899,120.292890
520.091477,140.352899,120.309091
520.091517,140.352899,120.317624
520.091592,140.352899,120.326795
520.091685,140.352899,120.331256
520.091781,140.352899,120.337854
520.091808,140.352899,120.349074
520.091888,140.352899,120.356450
520.091961,140.352899,120.359424
520.092004,140.352899,120.363486
520.092095,140.352899,120.372125
520.092164,140.352899,120.389890
520.092212,140.352899,120.392315
520.092260,140.352899,120.393331
520.092282,140.352899,120.397198
520.092356,140.352899,120.401163
520.092394,140.352899,120.403328
520.092445,140.352899,120.443026
520.092467,140.352899,120.447603
520.092557,140.352899,120.471250
520.092586,140.352899,120.474158
520.092660,140.352899,120.484290
520.092700,140.352899,120.495800
520.092746,140.352899,120.515293
520.092783,140.352899,120.517693
520.092869,140.352899,120.523568
520.092895,140.352899,120.525168
520.092957,140.352899,120.525733
520.093014,140.352899,120.528762
520.093049,140.352899,120.586341
520.093122,140.352899,120.587221
520.093160,140.352899,120.587310
520.093285,140.352899,120.606942
520.093317,140.352899,120.609610
520.093381,140.352899,120.611782
520.093427,140.352899,120.631000
520.093465,140.352899,120.652834
520.093490,140.352899,120.665070
520.093537,140.352899,120.665894
520.093618,140.352899,120.678064
520.093666,140.352899,120.689352
520.093832,140.352899,120.690613
520.093883,140.352899,120.691035
520.093908,140.352899,120.692419
520.093955,140.352899,120.702816
520.094012,140.352899,120.704096
520.094182,140.352899,120.714475
520.094210,140.352899,120.719445
520.094259,140.352899,120.729261
520.094352,140.352899,120.742200
520.094422,140.352899,120.743544
520.094454,140.352899,120.747874
520.094588,140.352899,120.748018
520.094712,140.352899,120.753510
520.094761,140.352899,120.758144
520.094799,140.352899,120.763149
520.094835,140.352899,120.790170
520.094888,140.352899,120.794856
520.094963,140.352899,120.795272
520.095055,140.352899,120.797205
520.095090,140.352899,120.808514
520.095114,140.352899,120.825634
520.095250,140.352899,120.844549
520.095320,140.352899,120.845101
520.095382,140.352899,120.853877
520.095405,140.352899,120.853955
520.095478,140.352899,120.857048
520.095526,140.352899,120.861467
520.095571,140.352899,120.862074
520.095617,140.352899,120.866698
520.095659,140.352899,120.868802
520.095740,140.352899,120.877256
520.095784,140.352899,120.884974
520.095840,140.352899,120.893446
520.095875,140.352899,120.905674
520.095907,140.352899,120.910368
520.095972,140.352899,120.931656
520.096018,140.352899,120.956998
520.096042,140.352899,120.958914
520.096067,140.352899,120.962338
520.096114,140.352899,120.962734
520.096160,140.352899,120.977139
520.096206,140.352899,120.978773
520.096237,140.352899,120.980515
520.096376,140.352899,120.983746
520.096399,140.352899,120.984958
520.096436,140.352899,120.987098
520.096515,140.352899,120.987378
520.096566,140.352899,120.991026
520.096611,140.352899,120.997298
520.096651,140.352899,120.998510
520.096719,140.352899,121.011704
520.096777,140.352899,121.022066
520.096834,140.352899,121.023714
520.096879,140.352899,121.036520
520.096906,140.352899,121.036674
520.096937,140.352899,121.057602
520.096973,140.352899,121.066638
520.097010,140.352899,121.068256
520.097052,140.352899,121.075058
520.097076,140.352899,121.077363
520.097100,140.352899,121.077902
520.097186,140.352899,121.090851
520.097228,140.352899,121.097638
520.097250,140.352899,121.098418
520.097299,140.352899,121.099826
520.097364,140.352899,121.101859
520.097390,140.352899,121.116797
520.097461,140.352899,121.131053
520.097483,140.352899,121.133109
520.097551,140.352899,121.146109
520.097595,140.352899,121.149706
520.097651,140.352899,121.151848
520.097726,140.352899,121.153702
520.097750,140.352899,121.166734
520.097789,140.352899,121.172434
520.097845,140.352899,121.204750
520.097873,140.352899,121.223869
520.097912,140.352899,121.225733
520.097980,140.352899,121.232938
520.098033,140.352899,121.240510
520.098071,140.352899,121.250194
520.098114,140.352899,121.252120
520.098145,140.352899,121.261030
520.098243,140.352899,121.268728
520.098269,140.352899,121.278670
520.098309,140.352899,121.280557
520.098334,140.352899,121.297237
520.098358,140.352899,121.304834
520.098397,140.352899,121.315194
520.098421,140.352899,121.317070
520.098446,140.352899,121.320469
520.098504,140.352899,121.320994
520.098602,140.352899,121.342981
520.098647,140.352899,121.365310
520.098712,140.352899,121.371826
520.098767,140.352899,121.378770
520.098792,140.352899,121.379986
520.098814,140.352899,121.388942
520.098872,140.352899,121.398229
520.098912,140.352899,121.405125
520.098965,140.352899,121.414574
520.098990,140.352899,121.417976
520.099031,140.352899,121.431810
520.099080,140.352899,121.443562
520.099102,140.352899,121.448018
520.099150,140.352899,121.470098
520.099258,140.352899,121.474174
520.099332,140.352899,121.489184
520.099453,140.352899,121.492334
520.099477,140.352899,121.514403
520.099502,140.352899,121.523326
520.099563,140.352899,121.531480
520.099630,140.352899,121.535114
520.099684,140.352899,121.539106
520.099721,140.352899,121.547858
520.099825,140.352899,121.553208
520.099893,140.352899,121.555234
520.099981,140.352899,121.555608
520.100028,140.352899,121.556018
520.100077,140.352899,121.571790
520.100122,140.352899,121.579725
520.100191,140.352899,121.586758
520.100399,140.352899,121.587589
520.100484,140.352899,121.587949
520.100598,140.352899,121.616866
520.100624,140.352899,121.619534
520.100772,140.352899,121.634742
520.100819,140.352899,121.638358
520.100841,140.352899,121.643048
520.100886,140.352899,121.646446
520.100909,140.352899,121.657570
520.100954,140.352899,121.671773
520.100979,140.352899,121.682158
520.101030,140.352899,121.689992
520.101097,140.352899,121.693242
520.101166,140.352899,121.697294
520.101260,140.352899,121.706496
520.101299,140.352899,121.720136
520.101348,140.352899,121.730683
520.101388,140.352899,121.730738
520.101424,140.352899,121.734242
520.101469,140.352899,121.735330
520.101511,140.352899,121.752366
520.101555,140.352899,121.767794
520.101599,140.352899,121.781230
520.101623,140.352899,121.784352
520.101701,140.352899,121.793874
520.101745,140.352899,121.798986
520.101777,140.352899,121.802174
520.101860,140.352899,121.808498
520.101882,140.352899,121.811680
520.101945,140.352899,121.812002
520.101998,140.352899,121.826669
520.102070,140.352899,121.829285
520.102101,140.352899,121.844568
520.102141,140.352899,121.853763
520.102206,140.352899,121.859907
520.102253,140.352899,121.876746
520.102287,140.352899,121.878112
520.102323,140.352899,121.901504
520.102415,140.352899,121.910914
520.102438,140.352899,121.930501
520.102484,140.352899,121.932142
520.102518,140.352899,121.944864
520.102581,140.352899,121.949512
520.102675,140.352899,121.949634
520.102723,140.352899,121.950619
520.102800,140.352899,121.957816
520.102861,140.352899,121.963338
520.102885,140.352899,121.976462
520.102941,140.352899,121.978346
520.103021,140.352899,121.985562
520.103071,140.352899,121.991154
520.103098,140.352899,121.991541
520.103148,140.352899,122.006592
520.103170,140.352899,122.008061
520.103222,140.352899,122.022045
520.103262,140.352899,122.025714
520.103316,140.352899,122.042250
520.103380,140.352899,122.043894
520.103449,140.352899,122.057507
520.103559,140.352899,122.073293
520.103591,140.352899,122.085629
520.103665,140.352899,122.101550
520.103719,140.352899,122.103474
520.103760,140.352899,122.106746
520.103789,140.352899,122.115883
520.103826,140.352899,122.143878
520.103923,140.352899,122.150642
520.103974,140.352899,122.151053
520.104007,140.352899,122.162606
520.104131,140.352899,122.167149
520.104195,140.352899,122.177557
520.104218,140.352899,122.181757
520.104261,140.352899,122.197613
520.104359,140.352899,122.210560
520.104401,140.352899,122.220494
520.104425,140.352899,122.231976
520.104486,140.352899,122.235114
520.104527,140.352899,122.242835
520.104588,140.352899,122.248730
520.104633,140.352899,122.250197
520.104682,140.352899,122.252981
520.104756,140.352899,122.259994
520.104826,140.352899,122.277782
520.104858,140.352899,122.285443
520.104899,140.352899,122.292264
520.104942,140.352899,122.314475
520.104965,140.352899,122.315694
520.105003,140.352899,122.319454
520.105059,140.352899,122.320115
520.105109,140.352899,122.334155
520.105136,140.352899,122.344731
520.105186,140.352899,122.346437
520.105225,140.352899,122.352059
520.105286,140.352899,122.357114
520.105364,140.352899,122.361410
520.105392,140.352899,122.370005
520.105421,140.352899,122.370243
520.105505,140.352899,122.377486
520.105542,140.352899,122.395102
520.105577,140.352899,122.400994
520.105658,140.352899,122.406334
520.105706,140.352899,122.411915
520.105737,140.352899,122.416856
520.105774,140.352899,122.423112
520.105826,140.352899,122.433010
520.105867,140.352899,122.442224
520.105922,140.352899,122.446546
520.105967,140.352899,122.454768
520.106026,140.352899,122.462230
520.106099,140.352899,122.463453
520.106139,140.352899,122.467146
520.106223,140.352899,122.480522
520.106344,140.352899,122.486803
520.106390,140.352899,122.494093
520.106442,140.352899,122.496126
520.106496,140.352899,122.502210
520.106586,140.352899,122.504058
520.106610,140.352899,122.505645
520.106671,140.352899,122.510770
520.106710,140.352899,122.518725
520.106783,140.352899,122.520467
520.106822,140.352899,122.550733
520.106875,140.352899,122.550880
520.106896,140.352899,122.560573
520.106949,140.352899,122.564126
520.107011,140.352899,122.577507
520.107064,140.352899,122.604926
520.107101,140.352899,122.612110
520.107148,140.352899,122.613602
520.107177,140.352899,122.615912
520.107243,140.352899,122.630734
520.107281,140.352899,122.649045
520.107312,140.352899,122.651018
520.107385,140.352899,122.655282
520.107425,140.352899,122.723179
520.107456,140.352899,122.726894
520.107483,140.352899,122.733042
520.107519,140.352899,122.737699
520.107568,140.352899,122.777691
520.107595,140.352899,122.778157
520.107671,140.352899,122.785629
520.107726,140.352899,122.790496
520.107810,140.352899,122.790566
520.107856,140.352899,122.799557
520.107881,140.352899,122.814562
520.107947,140.352899,122.821934
520.107987,140.352899,122.839968
520.108050,140.352899,122.843128
520.108101,140.352899,122.845278
520.108142,140.352899,122.857232
520.108185,140.352899,122.857989
520.108220,140.352899,122.860174
520.108277,140.352899,122.863010
520.108308,140.352899,122.863054
520.108434,140.352899,122.864656
520.108494,140.352899,122.898878
520.108536,140.352899,122.952014
520.108578,140.352899,122.953493
520.108646,140.352899,122.957576
520.108685,140.352899,122.977491
520.108719,140.352899,123.016850
520.108742,140.352899,123.016877
520.108793,140.352899,123.025506
520.108831,140.352899,123.032974
520.108861,140.352899,123.034813
520.108894,140.352899,123.041998
520.108935,140.352899,123.060021
520.108977,140.352899,123.065568
520.109014,140.352899,123.082491
520.109057,140.352899,123.087904
520.109093,140.352899,123.094610
520.109119,140.352899,123.110734
520.109146,140.352899,123.115614
520.109169,140.352899,123.139648
520.109215,140.352899,123.139907
520.109265,140.352899,123.142317
520.109305,140.352899,123.157896
520.109365,140.352899,123.158189
520.109459,140.352899,123.160437
520.109533,140.352899,123.162570
520.109581,140.352899,123.176174
520.109637,140.352899,123.180746
520.109709,140.352899,123.186542
520.109788,140.352899,123.217459
520.109864,140.352899,123.240651
520.109896,140.352899,123.246494
520.109932,140.352899,123.254117
520.109957,140.352899,123.261030
520.110009,140.352899,123.287258
520.110076,140.352899,123.314856
520.110170,140.352899,123.324254
520.110212,140.352899,123.339077
520.110265,140.352899,123.352112
520.110293,140.352899,123.385998
520.110317,140.352899,123.392651
520.110507,140.352899,123.414750
520.110552,140.352899,123.444645
520.110620,140.352899,123.454923
520.110664,140.352899,123.467691
520.110709,140.352899,123.468216
520.110752,140.352899,123.468946
520.110861,140.352899,123.495099
520.110919,140.352899,123.499603
520.110957,140.352899,123.501408
520.110985,140.352899,123.504760
520.111027,140.352899,123.505870
520.111074,140.352899,123.509470
520.111099,140.352899,123.522274
520.111128,140.352899,123.523936
520.111172,140.352899,123.524058
520.111199,140.352899,123.536490
520.111230,140.352899,123.546706
520.111343,140.352899,123.554560
520.111368,140.352899,123.556269
520.111462,140.352899,123.564253
520.111487,140.352899,123.577194
520.111523,140.352899,123.595670
520.111598,140.352899,123.601696
520.111619,140.352899,123.602026
520.111690,140.352899,123.613178
520.111763,140.352899,123.615941
520.111802,140.352899,123.619670
520.111851,140.352899,123.633035
520.111897,140.352899,123.656597
520.111935,140.352899,123.656920
520.111980,140.352899,123.661765
520.112026,140.352899,123.666822
520.112051,140.352899,123.668570
520.112097,140.352899,123.680493
520.112145,140.352899,123.696006
520.112194,140.352899,123.697840
520.112229,140.352899,123.703381
520.112287,140.352899,123.727086
520.112330,140.352899,123.737312
520.112372,140.352899,123.743779
520.112422,140.352899,123.744582
520.112454,140.352899,123.753774
520.112476,140.352899,123.770752
520.112507,140.352899,123.771968
520.112534,140.352899,123.786005
520.112580,140.352899,123.792195
520.112624,140.352899,123.808181
520.112675,140.352899,123.833109
520.112741,140.352899,123.866434
520.112826,140.352899,123.878446
520.112866,140.352899,123.880746
520.112915,140.352899,123.905674
520.112954,140.352899,123.913728
520.113007,140.352899,123.915669
520.113031,140.352899,123.943016
520.113086,140.352899,123.944194
520.113135,140.352899,123.946317
520.113173,140.352899,123.947858
520.113220,140.352899,123.952502
520.113301,140.352899,123.958304
520.113382,140.352899,123.961030
520.113483,140.352899,123.968218
520.113512,140.352899,123.984974
520.113539,140.352899,123.992074
520.113566,140.352899,124.012034
520.113588,140.352899,124.014405
520.113617,140.352899,124.019976
520.113642,140.352899,124.024992
520.113668,140.352899,124.025618
520.113714,140.352899,124.026605
520.113765,140.352899,124.041797
520.113805,140.352899,124.042128
520.113835,140.352899,124.045483
520.113876,140.352899,124.062000
520.113904,140.352899,124.062464
520.113934,140.352899,124.068930
520.113965,140.352899,124.074046
520.113998,140.352899,124.082389
520.114059,140.352899,124.084352
520.114123,140.352899,124.119168
520.114197,140.352899,124.128608
520.114220,140.352899,124.131530
520.114257,140.352899,124.134190
520.114301,140.352899,124.138573
520.114342,140.352899,124.139808
520.114400,140.352899,124.146176
520.114487,140.352899,124.146690
520.114520,140.352899,124.153923
520.114574,140.352899,124.160800
520.114602,140.352899,124.166571
520.114634,140.352899,124.173755
520.114660,140.352899,124.187614
520.114694,140.352899,124.206739
520.114729,140.352899,124.212722
520.114819,140.352899,124.224466
520.114844,140.352899,124.230594
520.114891,140.352899,124.232107
520.114921,140.352899,124.244952
520.115010,140.352899,124.254021
520.115066,140.352899,124.267032
520.115132,140.352899,124.295914
520.115186,140.352899,124.311296
520.115211,140.352899,124.314578
520.115252,140.352899,124.319842
520.115362,140.352899,124.324466
520.115425,140.352899,124.343706
520.115465,140.352899,124.352014
520.115496,140.352899,124.376947
520.115519,140.352899,124.390502
520.115564,140.352899,124.392338
520.115587,140.352899,124.399869
520.115669,140.352899,124.401314
520.115704,140.352899,124.422274
520.115755,140.352899,124.433698
520.115797,140.352899,124.448269
520.115843,140.352899,124.454448
520.115889,140.352899,124.455034
520.115916,140.352899,124.468691
520.115978,140.352899,124.473733
520.116027,140.352899,124.479088
520.116054,140.352899,124.494757
520.116106,140.352899,124.496557
520.116149,140.352899,124.506963
520.116181,140.352899,124.511563
520.116231,140.352899,124.513090
520.116278,140.352899,124.513662
520.116345,140.352899,124.528669
520.116364,140.352899,124.531523
520.116395,140.352899,124.543661
520.116508,140.352899,124.545174
520.116550,140.352899,124.547098
520.116574,140.352899,124.548422
520.116625,140.352899,124.551110
520.116685,140.352899,124.555125
520.116722,140.352899,124.574840
520.116754,140.352899,124.576270
520.116920,140.352899,124.579934
520.116958,140.352899,124.590850
520.116988,140.352899,124.603541
520.117047,140.352899,124.608165
520.117091,140.352899,124.623109
520.117133,140.352899,124.634238
520.117172,140.352899,124.639221
520.117274,140.352899,124.640597
520.117319,140.352899,124.645374
520.117343,140.352899,124.646035
520.117391,140.352899,124.652600
520.117421,140.352899,124.653006
520.117459,140.352899,124.677165
520.117518,140.352899,124.687474
520.117541,140.352899,124.716792
520.117570,140.352899,124.718581
520.117599,140.352899,124.727662
520.117625,140.352899,124.727776
520.117643,140.352899,124.732365
520.117701,140.352899,124.741434
520.117769,140.352899,124.747165
520.117816,140.352899,124.765234
520.117838,140.352899,124.779232
520.117864,140.352899,124.781077
520.117905,140.352899,124.782802
520.117963,140.352899,124.785629
520.118017,140.352899,124.791176
520.118069,140.352899,124.793928
520.118104,140.352899,124.803381
520.118127,140.352899,124.805498
520.118155,140.352899,124.810862
520.118214,140.352899,124.812504
520.118260,140.352899,124.813912
520.118326,140.352899,124.823667
520.118354,140.352899,124.827373
520.118409,140.352899,124.841570
520.118465,140.352899,124.841774
520.118539,140.352899,124.849221
520.118643,140.352899,124.859451
520.118737,140.352899,124.864253
520.118760,140.352899,124.864448
520.118810,140.352899,124.868686
520.118829,140.352899,124.881234
520.118948,140.352899,124.884875
520.118973,140.352899,124.888459
520.119078,140.352899,124.890037
520.119107,140.352899,124.905181
520.119172,140.352899,124.914712
520.119192,140.352899,124.919534
520.119269,140.352899,124.921088
520.119327,140.352899,124.926981
520.119348,140.352899,124.928861
520.119451,140.352899,124.932142
520.119483,140.352899,124.942013
520.119509,140.352899,124.942803
520.119602,140.352899,124.949296
520.119647,140.352899,124.951018
520.119717,140.352899,124.958994
520.119761,140.352899,124.961515
520.119784,140.352899,124.978355
520.119830,140.352899,125.001541
520.119912,140.352899,125.004690
520.119937,140.352899,125.008405
520.119982,140.352899,125.010946
520.120057,140.352899,125.021950
520.120079,140.352899,125.042130
520.120113,140.352899,125.045088
520.120179,140.352899,125.050450
520.120254,140.352899,125.071146
520.120289,140.352899,125.083427
520.120332,140.352899,125.086720
520.120359,140.352899,125.089142
520.120409,140.352899,125.090502
520.120443,140.352899,125.095941
520.120494,140.352899,125.117565
520.120554,140.352899,125.128210
520.120602,140.352899,125.139170
520.120625,140.352899,125.143878
520.120720,140.352899,125.147016
520.120745,140.352899,125.148885
520.120788,140.352899,125.174349
520.120821,140.352899,125.178355
520.120923,140.352899,125.179578
520.120975,140.352899,125.181317
520.120996,140.352899,125.189675
520.121021,140.352899,125.216930
520.121050,140.352899,125.249706
520.121100,140.352899,125.253642
520.121149,140.352899,125.256888
520.121176,140.352899,125.258898
520.121223,140.352899,125.262734
520.121269,140.352899,125.265378
520.121328,140.352899,125.277133
520.121359,140.352899,125.298032
520.121394,140.352899,125.300802
520.121434,140.352899,125.306790
520.121475,140.352899,125.313621
520.121513,140.352899,125.324813
520.121563,140.352899,125.336358
520.121631,140.352899,125.336658
520.121654,140.352899,125.341723
520.121709,140.352899,125.347280
520.121962,140.352899,125.352997
520.121988,140.352899,125.375648
520.122051,140.352899,125.378118
520.122074,140.352899,125.388830
520.122101,140.352899,125.389746
520.122141,140.352899,125.392338
520.122183,140.352899,125.393605
520.122233,140.352899,125.395102
520.122261,140.352899,125.397291
520.122298,140.352899,125.405168
520.122333,140.352899,125.406402
520.122361,140.352899,125.410176
520.122405,140.352899,125.423738
520.122457,140.352899,125.424488
520.122504,140.352899,125.425040
520.122595,140.352899,125.441434
520.122642,140.352899,125.470206
520.122706,140.352899,125.480488
520.122732,140.352899,125.485629
520.122762,140.352899,125.502235
520.122785,140.352899,125.505728
520.122858,140.352899,125.511237
520.122928,140.352899,125.519782
520.122971,140.352899,125.530006
520.123054,140.352899,125.542314
520.123122,140.352899,125.545410
520.123149,140.352899,125.553462
520.123181,140.352899,125.563746
520.123227,140.352899,125.576494
520.123256,140.352899,125.600381
520.123327,140.352899,125.604574
520.123370,140.352899,125.610525
520.123425,140.352899,125.612018
520.123464,140.352899,125.615789
520.123503,140.352899,125.620266
520.123555,140.352899,125.634194
520.123606,140.352899,125.637125
520.123630,140.352899,125.641315
520.123696,140.352899,125.650782
520.123764,140.352899,125.677902
520.123814,140.352899,125.689778
520.123854,140.352899,125.690002
520.123875,140.352899,125.711934
520.123929,140.352899,125.715069
520.123948,140.352899,125.732542
520.124006,140.352899,125.733914
520.124050,140.352899,125.771624
520.124101,140.352899,125.777442
520.124142,140.352899,125.777458
520.124187,140.352899,125.802174
520.124216,140.352899,125.804298
520.124327,140.352899,125.804368
520.124362,140.352899,125.804968
520.124411,140.352899,125.849736
520.124498,140.352899,125.863010
520.124530,140.352899,125.865914
520.124596,140.352899,125.868206
520.124640,140.352899,125.879731
520.124675,140.352899,125.890152
520.124723,140.352899,125.923917
520.124796,140.352899,125.930779
520.124844,140.352899,125.946422
520.124895,140.352899,125.952494
520.124918,140.352899,125.953642
520.124949,140.352899,125.961043
520.124986,140.352899,125.962000
520.125051,140.352899,125.965984
520.125100,140.352899,125.971397
520.125135,140.352899,125.995440
520.125190,140.352899,126.005133
520.125300,140.352899,126.021918
520.125338,140.352899,126.029869
520.125378,140.352899,126.031787
520.125419,140.352899,126.036027
520.125449,140.352899,126.037706
520.125503,140.352899,126.039760
520.125561,140.352899,126.043366
520.125586,140.352899,126.046243
520.125630,140.352899,126.050117
520.125671,140.352899,126.050848
520.125790,140.352899,126.052706
520.125847,140.352899,126.065010
520.125897,140.352899,126.067467
520.125944,140.352899,126.072443
520.125991,140.352899,126.073200
520.126049,140.352899,126.080328
520.126102,140.352899,126.086094
520.126122,140.352899,126.094792
520.126161,140.352899,126.099053
520.126188,140.352899,126.099678
520.126234,140.352899,126.120533
520.126341,140.352899,126.130109
520.126388,140.352899,126.130501
520.126415,140.352899,126.133109
520.126473,140.352899,126.136674
520.126520,140.352899,126.141621
520.126701,140.352899,126.143538
520.126748,140.352899,126.149613
520.126866,140.352899,126.149706
520.126918,140.352899,126.160565
520.126958,140.352899,126.178536
520.127003,140.352899,126.206442
520.127060,140.352899,126.211509
520.127134,140.352899,126.219381
520.127182,140.352899,126.228123
520.127212,140.352899,126.242013
520.127234,140.352899,126.247466
520.127280,140.352899,126.272648
520.127318,140.352899,126.302472
520.127357,140.352899,126.304654
520.127440,140.352899,126.331683
520.127481,140.352899,126.332206
520.127533,140.352899,126.338176
520.127577,140.352899,126.342894
520.127605,140.352899,126.380142
520.127652,140.352899,126.404712
520.127736,140.352899,126.414750
520.127783,140.352899,126.416987
520.127864,140.352899,126.440093
520.127903,140.352899,126.443632
520.127927,140.352899,126.447858
520.127994,140.352899,126.454981
520.128033,140.352899,126.470101
520.128060,140.352899,126.473774
520.128085,140.352899,126.477709
520.128222,140.352899,126.479992
520.128263,140.352899,126.480672
520.128289,140.352899,126.501458
520.128323,140.352899,126.504365
520.128376,140.352899,126.504683
520.128428,140.352899,126.510048
520.128469,140.352899,126.521392
520.128497,140.352899,126.522274
520.128527,140.352899,126.525002
520.128554,140.352899,126.543957
520.128593,140.352899,126.558432
520.128620,140.352899,126.577194
520.128649,140.352899,126.582235
520.128793,140.352899,126.586110
520.128825,140.352899,126.587522
520.128866,140.352899,126.605730
520.128900,140.352899,126.613323
520.128939,140.352899,126.620670
520.128962,140.352899,126.623499
520.129015,140.352899,126.623763
520.129068,140.352899,126.626718
520.129091,140.352899,126.636933
520.129121,140.352899,126.642770
520.129171,140.352899,126.645384
520.129230,140.352899,126.645762
520.129265,140.352899,126.646035
520.129309,140.352899,126.651992
520.129355,140.352899,126.663870
520.129389,140.352899,126.695670
520.129433,140.352899,126.702498
520.129517,140.352899,126.713114
520.129569,140.352899,126.720530
520.129619,140.352899,126.723074
520.129699,140.352899,126.724405
520.129756,140.352899,126.732579
520.129801,140.352899,126.733702
520.129841,140.352899,126.742253
520.129869,140.352899,126.743957
520.129902,140.352899,126.750242
520.129941,140.352899,126.766264
520.129963,140.352899,126.790582
520.130030,140.352899,126.794126
520.130070,140.352899,126.800901
520.130118,140.352899,126.801208
520.130153,140.352899,126.803358
520.130189,140.352899,126.832867
520.130230,140.352899,126.835421
520.130280,140.352899,126.843648
520.130348,140.352899,126.852050
520.130505,140.352899,126.852757
520.130531,140.352899,126.859994
520.130580,140.352899,126.868734
520.130664,140.352899,126.869163
520.130705,140.352899,126.874174
520.130766,140.352899,126.876139
520.130792,140.352899,126.879854
520.130842,140.352899,126.886450
520.130890,140.352899,126.887701
520.130956,140.352899,126.896050
520.130982,140.352899,126.899406
520.131023,140.352899,126.904371
520.131061,140.352899,126.911558
520.131109,140.352899,126.911765
520.131282,140.352899,126.918778
520.131335,140.352899,126.923282
520.131433,140.352899,126.930006
520.131479,140.352899,126.939186
520.131538,140.352899,126.941206
520.131625,140.352899,126.968634
520.131656,140.352899,126.978520
520.131700,140.352899,126.979986
520.131728,140.352899,126.992074
520.131751,140.352899,127.001042
520.131774,140.352899,127.004594
520.131807,140.352899,127.006248
520.131853,140.352899,127.010952
520.131897,140.352899,127.015726
520.131948,140.352899,127.016946
520.131996,140.352899,127.018715
520.132143,140.352899,127.046973
520.132172,140.352899,127.061189
520.132197,140.352899,127.065722
520.132218,140.352899,127.067254
520.132295,140.352899,127.080142
520.132343,140.352899,127.082354
520.132361,140.352899,127.088674
520.132399,140.352899,127.097006
520.132419,140.352899,127.103358
520.132451,140.352899,127.120387
520.132480,140.352899,127.124213
520.132551,140.352899,127.124653
520.132647,140.352899,127.136224
520.132702,140.352899,127.165480
520.132755,140.352899,127.172370
520.132779,140.352899,127.181118
520.132798,140.352899,127.186104
520.132839,140.352899,127.186755
520.132886,140.352899,127.193365
520.132924,140.352899,127.200880
520.132991,140.352899,127.202469
520.133066,140.352899,127.215614
520.133098,140.352899,127.226029
520.133139,140.352899,127.233920
520.133177,140.352899,127.245693
520.133202,140.352899,127.247517
520.133249,140.352899,127.250130
520.133274,140.352899,127.251818
520.133343,140.352899,127.267933
520.133374,140.352899,127.271134
520.133398,140.352899,127.271314
520.133438,140.352899,127.299906
520.133490,140.352899,127.301366
520.133562,140.352899,127.305498
520.133610,140.352899,127.323205
520.133653,140.352899,127.325379
520.133715,140.352899,127.331123
520.133741,140.352899,127.334357
520.133785,140.352899,127.334835
520.133851,140.352899,127.343546
520.133880,140.352899,127.348894
520.133903,140.352899,127.349074
520.133929,140.352899,127.354864
520.133972,140.352899,127.372179
520.134084,140.352899,127.406942
520.134108,140.352899,127.409454
520.134136,140.352899,127.416402
520.134224,140.352899,127.418483
520.134273,140.352899,127.424907
520.134306,140.352899,127.427488
520.134349,140.352899,127.434573
520.134419,140.352899,127.440992
520.134458,140.352899,127.452834
520.134483,140.352899,127.455034
520.134509,140.352899,127.459498
520.134534,140.352899,127.466398
520.134569,140.352899,127.467146
520.134647,140.352899,127.467720
520.134694,140.352899,127.497317
520.134748,140.352899,127.499496
520.134824,140.352899,127.504326
520.134936,140.352899,127.519240
520.134975,140.352899,127.520294
520.135018,140.352899,127.520706
520.135043,140.352899,127.521790
520.135082,140.352899,127.532418
520.135125,140.352899,127.541810
520.135168,140.352899,127.543102
520.135227,140.352899,127.551672
520.135247,140.352899,127.571266
520.135326,140.352899,127.588642
520.135391,140.352899,127.606094
520.135429,140.352899,127.606538
520.135553,140.352899,127.607808
520.135576,140.352899,127.611558
520.135637,140.352899,127.616014
520.135716,140.352899,127.622082
520.135843,140.352899,127.622184
520.135878,140.352899,127.630179
520.135937,140.352899,127.639190
520.135985,140.352899,127.645414
520.136031,140.352899,127.651018
520.136096,140.352899,127.658499
520.136143,140.352899,127.678106
520.136184,140.352899,127.679165
520.136213,140.352899,127.686774
520.136266,140.352899,127.687230
520.136287,140.352899,127.697294
520.136357,140.352899,127.699842
520.136489,140.352899,127.704741
520.136509,140.352899,127.708254
520.136546,140.352899,127.714450
520.136591,140.352899,127.714750
520.136617,140.352899,127.728434
520.136679,140.352899,127.732206
520.136714,140.352899,127.737277
520.136745,140.352899,127.748474
520.136786,140.352899,127.750013
520.136815,140.352899,127.752059
520.136882,140.352899,127.754366
520.136930,140.352899,127.766309
520.136979,140.352899,127.768757
520.137019,140.352899,127.769389
520.137038,140.352899,127.769896
520.137065,140.352899,127.771120
520.137123,140.352899,127.772450
520.137176,140.352899,127.785629
520.137248,140.352899,127.792038
520.137292,140.352899,127.798510
520.137378,140.352899,127.799893
520.137407,140.352899,127.836029
520.137432,140.352899,127.844896
520.137511,140.352899,127.845038
520.137557,140.352899,127.850210
520.137605,140.352899,127.851474
520.137644,140.352899,127.851518
520.137684,140.352899,127.863829
520.137730,140.352899,127.871843
520.137757,140.352899,127.876270
520.137808,140.352899,127.877190
520.137851,140.352899,127.878355
520.137899,140.352899,127.878998
520.137944,140.352899,127.881075
520.137990,140.352899,127.889133
520.138048,140.352899,127.889557
520.138110,140.352899,127.892491
520.138141,140.352899,127.898674
520.138190,140.352899,127.908517
520.138211,140.352899,127.915445
520.138247,140.352899,127.918824
520.138273,140.352899,127.922656
520.138315,140.352899,127.934405
520.138358,140.352899,127.937786
520.138404,140.352899,127.937938
520.138477,140.352899,127.943957
520.138516,140.352899,127.947662
520.138543,140.352899,127.972674
520.138696,140.352899,127.974861
520.138770,140.352899,127.979466
520.138792,140.352899,128.009493
520.138854,140.352899,128.015614
520.138902,140.352899,128.023245
520.138948,140.352899,128.033792
520.138984,140.352899,128.035270
520.139028,140.352899,128.049515
520.139063,140.352899,128.051254
520.139114,140.352899,128.062510
520.139160,140.352899,128.069134
520.139226,140.352899,128.073603
520.139268,140.352899,128.074518
520.139321,140.352899,128.086462
520.139358,140.352899,128.093139
520.139407,140.352899,128.108360
520.139455,140.352899,128.112640
520.139487,140.352899,128.122477
520.139538,140.352899,128.124909
520.139613,140.352899,128.141526
520.139650,140.352899,128.147437
520.139717,140.352899,128.148170
520.139813,140.352899,128.148528
520.139836,140.352899,128.151397
520.139890,140.352899,128.160504
520.139915,140.352899,128.166347
520.140095,140.352899,128.167539
520.140158,140.352899,128.179578
520.140232,140.352899,128.191710
520.140285,140.352899,128.198706
520.140348,140.352899,128.200806
520.140575,140.352899,128.202800
520.140740,140.352899,128.209056
520.140762,140.352899,128.215682
520.140907,140.352899,128.246243
520.140966,140.352899,128.251053
520.141014,140.352899,128.268818
520.141052,140.352899,128.286816
520.141077,140.352899,128.292776
520.141126,140.352899,128.293442
520.141161,140.352899,128.293466
520.141201,140.352899,128.310109
520.141219,140.352899,128.329862
520.141240,140.352899,128.332981
520.141287,140.352899,128.342901
520.141331,140.352899,128.356342
520.141365,140.352899,128.358059
520.141409,140.352899,128.370992
520.141489,140.352899,128.375488
520.141537,140.352899,128.380408
520.141580,140.352899,128.393619
520.141636,140.352899,128.404549
520.141678,140.352899,128.405240
520.141725,140.352899,128.412909
520.141770,140.352899,128.429853
520.141798,140.352899,128.430277
520.141837,140.352899,128.448342
520.141884,140.352899,128.457781
520.141939,140.352899,128.480803
520.141962,140.352899,128.481138
520.142065,140.352899,128.484725
520.142121,140.352899,128.485629
520.142166,140.352899,128.486482
520.142205,140.352899,128.504968
520.142264,140.352899,128.505774
520.142308,140.352899,128.507470
520.142358,140.352899,128.519968
520.142434,140.352899,128.523589
520.142472,140.352899,128.558898
520.142541,140.352899,128.566274
520.142588,140.352899,128.575058
520.142631,140.352899,128.589360
520.142662,140.352899,128.593374
520.142684,140.352899,128.598493
520.142771,140.352899,128.611443
520.142794,140.352899,128.618725
520.142861,140.352899,128.623464
520.142893,140.352899,128.630779
520.142937,140.352899,128.637125
520.142960,140.352899,128.660046
520.143031,140.352899,128.661043
520.143060,140.352899,128.662734
520.143111,140.352899,128.668570
520.143157,140.352899,128.671134
520.143178,140.352899,128.682845
520.143205,140.352899,128.683029
520.143266,140.352899,128.683835
520.143366,140.352899,128.709493
520.143435,140.352899,128.716685
520.143463,140.352899,128.737806
520.143502,140.352899,128.742955
520.143523,140.352899,128.755736
520.143576,140.352899,128.765640
520.143620,140.352899,128.769498
520.143731,140.352899,128.786130
520.143755,140.352899,128.797134
520.143856,140.352899,128.797165
520.143905,140.352899,128.801138
520.143947,140.352899,128.811816
520.143986,140.352899,128.816422
520.144017,140.352899,128.817520
520.144085,140.352899,128.819302
520.144107,140.352899,128.825336
520.144145,140.352899,128.834418
520.144182,140.352899,128.840941
520.144233,140.352899,128.853318
520.144263,140.352899,128.870582
520.144290,140.352899,128.878898
520.144310,140.352899,128.881872
520.144348,140.352899,128.882109
520.144372,140.352899,128.904275
520.144432,140.352899,128.914272
520.144452,140.352899,128.936458
520.144513,140.352899,128.943763
520.144564,140.352899,128.950918
520.144678,140.352899,128.953582
520.144747,140.352899,128.961030
520.144840,140.352899,128.979229
520.144974,140.352899,128.982146
520.145001,140.352899,128.983541
520.145046,140.352899,128.991026
520.145069,140.352899,128.996475
520.145108,140.352899,129.019059
520.145145,140.352899,129.021280
520.145193,140.352899,129.023245
520.145237,140.352899,129.038338
520.145259,140.352899,129.038382
520.145345,140.352899,129.046237
520.145372,140.352899,129.046243
520.145424,140.352899,129.050258
520.145461,140.352899,129.054589
520.145495,140.352899,129.057582
520.145596,140.352899,129.061301
520.145637,140.352899,129.067446
520.145672,140.352899,129.092099
520.145716,140.352899,129.104166
520.145826,140.352899,129.114312
520.145854,140.352899,129.127318
520.145876,140.352899,129.137096
520.145920,140.352899,129.149706
520.145971,140.352899,129.153725
520.145994,140.352899,129.160608
520.146041,140.352899,129.163594
520.146086,140.352899,129.164245
520.146111,140.352899,129.177419
520.146149,140.352899,129.198491
520.146217,140.352899,129.204674
520.146236,140.352899,129.204760
520.146283,140.352899,129.208070
520.146330,140.352899,129.214534
520.146373,140.352899,129.216739
520.146413,140.352899,129.236150
520.146438,140.352899,129.239202
520.146497,140.352899,129.251226
520.146563,140.352899,129.255179
520.146584,140.352899,129.267426
520.146619,140.352899,129.269762
520.146658,140.352899,129.278355
520.146689,140.352899,129.283838
520.146748,140.352899,129.289069
520.146849,140.352899,129.290837
520.146890,140.352899,129.296906
520.146916,140.352899,129.296912
520.146959,140.352899,129.308864
520.147066,140.352899,129.316962
520.147115,140.352899,129.329294
520.147160,140.352899,129.332206
520.147207,140.352899,129.338829
520.147246,140.352899,129.365157
520.147319,140.352899,129.377232
520.147342,140.352899,129.381923
520.147399,140.352899,129.382258
520.147435,140.352899,129.394038
520.147458,140.352899,129.394088
520.147533,140.352899,129.399942
520.147577,140.352899,129.413114
520.147653,140.352899,129.413878
520.147694,140.352899,129.414574
520.147715,140.352899,129.417328
520.147736,140.352899,129.422997
520.147756,140.352899,129.424771
520.147807,140.352899,129.424869
520.147875,140.352899,129.425069
520.147892,140.352899,129.428624
520.147944,140.352899,129.430510
520.147970,140.352899,129.434621
520.147992,140.352899,129.441630
520.148024,140.352899,129.442189
520.148092,140.352899,129.451390
520.148116,140.352899,129.451541
520.148150,140.352899,129.459523
520.148174,140.352899,129.460018
520.148216,140.352899,129.479032
520.148281,140.352899,129.486662
520.148304,140.352899,129.493253
520.148351,140.352899,129.494387
520.148449,140.352899,129.498290
520.148497,140.352899,129.501298
520.148519,140.352899,129.511797
520.148645,140.352899,129.519390
520.148676,140.352899,129.523179
520.148699,140.352899,129.526894
520.148767,140.352899,129.541461
520.148805,140.352899,129.564899
520.148848,140.352899,129.565914
520.148916,140.352899,129.576050
520.148965,140.352899,129.579779
520.149009,140.352899,129.583614
520.149031,140.352899,129.589650
520.149094,140.352899,129.592973
520.149127,140.352899,129.594597
520.149152,140.352899,129.599411
520.149219,140.352899,129.604654
520.149241,140.352899,129.629146
520.149265,140.352899,129.634392
520.149309,140.352899,129.641206
520.149353,140.352899,129.645698
520.149393,140.352899,129.650886
520.149430,140.352899,129.657605
520.149453,140.352899,129.665827
520.149515,140.352899,129.693970
520.149549,140.352899,129.695213
520.149595,140.352899,129.701328
520.149635,140.352899,129.713298
520.149684,140.352899,129.719968
520.149713,140.352899,129.724245
520.149771,140.352899,129.728646
520.149789,140.352899,129.741315
520.149820,140.352899,129.741621
520.149846,140.352899,129.746939
520.149889,140.352899,129.757514
520.149924,140.352899,129.759866
520.149950,140.352899,129.766494
520.149975,140.352899,129.773584
520.150045,140.352899,129.780142
520.150091,140.352899,129.790528
520.150109,140.352899,129.797843
520.150171,140.352899,129.804928
520.150215,140.352899,129.809541
520.150266,140.352899,129.818210
520.150304,140.352899,129.824864
520.150410,140.352899,129.837696
520.150457,140.352899,129.846128
520.150497,140.352899,129.846510
520.150540,140.352899,129.849584
520.150570,140.352899,129.853906
520.150593,140.352899,129.857048
520.150621,140.352899,129.860114
520.150638,140.352899,129.863594
520.150666,140.352899,129.869683
520.150716,140.352899,129.882957
520.150758,140.352899,129.891704
520.150789,140.352899,129.903285
520.150820,140.352899,129.920115
520.150865,140.352899,129.937874
520.150882,140.352899,129.938570
520.150929,140.352899,129.958878
520.150946,140.352899,129.965789
520.150984,140.352899,129.993933
520.151006,140.352899,130.011998
520.151070,140.352899,130.016582
520.151095,140.352899,130.022088
520.151124,140.352899,130.025650
520.151166,140.352899,130.027382
520.151187,140.352899,130.027890
520.151214,140.352899,130.028742
520.151278,140.352899,130.034181
520.151314,140.352899,130.036917
520.151377,140.352899,130.045410
520.151412,140.352899,130.050558
520.151494,140.352899,130.063899
520.151517,140.352899,130.072226
520.151559,140.352899,130.079173
520.151627,140.352899,130.097381
520.151645,140.352899,130.105650
520.151669,140.352899,130.119483
520.151703,140.352899,130.120667
520.151736,140.352899,130.126654
520.151761,140.352899,130.127258
520.151798,140.352899,130.135314
520.151830,140.352899,130.139744
520.151850,140.352899,130.140454
520.151898,140.352899,130.162394
520.151934,140.352899,130.169080
520.151960,140.352899,130.194387
520.151989,140.352899,130.194741
520.152036,140.352899,130.195408
520.152097,140.352899,130.207189
520.152127,140.352899,130.218226
520.152171,140.352899,130.224269
520.152261,140.352899,130.228334
520.152304,140.352899,130.235933
520.152350,140.352899,130.248912
520.152386,140.352899,130.249354
520.152422,140.352899,130.255059
520.152463,140.352899,130.258256
520.152524,140.352899,130.259912
520.152561,140.352899,130.262734
520.152606,140.352899,130.265088
520.152627,140.352899,130.273546
520.152687,140.352899,130.282086
520.152851,140.352899,130.283117
520.152871,140.352899,130.291534
520.152922,140.352899,130.295986
520.152972,140.352899,130.297250
520.153030,140.352899,130.301909
520.153052,140.352899,130.306094
520.153081,140.352899,130.308354
520.153098,140.352899,130.314312
520.153137,140.352899,130.327205
520.153157,140.352899,130.340813
520.153182,140.352899,130.341723
520.153237,140.352899,130.349026
520.153279,140.352899,130.352059
520.153344,140.352899,130.389290
520.153388,140.352899,130.399110
520.153413,140.352899,130.407042
520.153467,140.352899,130.412125
520.153507,140.352899,130.413674
520.153564,140.352899,130.423562
520.153596,140.352899,130.426786
520.153670,140.352899,130.426824
520.153707,140.352899,130.432579
520.153758,140.352899,130.435117
520.153783,140.352899,130.437717
520.154004,140.352899,130.438438
520.154040,140.352899,130.442216
520.154076,140.352899,130.446798
520.154114,140.352899,130.471120
520.154167,140.352899,130.477602
520.154363,140.352899,130.490518
520.154447,140.352899,130.494093
520.154478,140.352899,130.504683
520.154508,140.352899,130.509426
520.154545,140.352899,130.515477
520.154671,140.352899,130.518725
520.154718,140.352899,130.521645
520.154744,140.352899,130.524864
520.154854,140.352899,130.525312
520.154908,140.352899,130.526752
520.154933,140.352899,130.531842
520.154976,140.352899,130.534653
520.154998,140.352899,130.547248
520.155070,140.352899,130.551512
520.155090,140.352899,130.555362
520.155135,140.352899,130.567461
520.155174,140.352899,130.569970
520.155217,140.352899,130.571618
520.155260,140.352899,130.573024
520.155316,140.352899,130.574606
520.155340,140.352899,130.574901
520.155357,140.352899,130.575790
520.155392,140.352899,130.600381
520.155467,140.352899,130.604024
520.155531,140.352899,130.616739
520.155563,140.352899,130.619267
520.155583,140.352899,130.620266
520.155632,140.352899,130.622229
520.155657,140.352899,130.634797
520.155788,140.352899,130.637786
520.155824,140.352899,130.640250
520.155872,140.352899,130.641206
520.155917,140.352899,130.650242
520.155977,140.352899,130.654030
520.156025,140.352899,130.657347
520.156054,140.352899,130.673774
520.156096,140.352899,130.680464
520.156113,140.352899,130.683682
520.156214,140.352899,130.691978
520.156248,140.352899,130.694549
520.156286,140.352899,130.700218
520.156312,140.352899,130.700336
520.156329,140.352899,130.700416
520.156346,140.352899,130.710530
520.156368,140.352899,130.713818
520.156393,140.352899,130.722034
520.156455,140.352899,130.723816
520.156495,140.352899,130.725003
520.156537,140.352899,130.728002
520.156594,140.352899,130.729381
520.156642,140.352899,130.734357
520.156675,140.352899,130.750558
520.156721,140.352899,130.751534
520.156744,140.352899,130.761426
520.156765,140.352899,130.761442
520.156870,140.352899,130.761870
520.156913,140.352899,130.767714
520.156947,140.352899,130.770080
520.156988,140.352899,130.770690
520.157035,140.352899,130.772309
520.157055,140.352899,130.776174
520.157101,140.352899,130.776781
520.157144,140.352899,130.778176
520.157165,140.352899,130.796835
520.157222,140.352899,130.798699
520.157291,140.352899,130.800632
520.157324,140.352899,130.801632
520.157368,140.352899,130.818213
520.157446,140.352899,130.823525
520.157487,140.352899,130.827893
520.157551,140.352899,130.842629
520.157571,140.352899,130.845474
520.157591,140.352899,130.865234
520.157644,140.352899,130.874107
520.157685,140.352899,130.880746
520.157745,140.352899,130.881699
520.157778,140.352899,130.888699
520.157843,140.352899,130.942590
520.157892,140.352899,130.946243
520.157956,140.352899,130.953006
520.158022,140.352899,130.955933
520.158061,140.352899,130.958256
520.158102,140.352899,130.959459
520.158162,140.352899,130.960141
520.158181,140.352899,130.961342
520.158285,140.352899,130.967544
520.158319,140.352899,130.993490
520.158353,140.352899,130.994530
520.158398,140.352899,131.001218
520.158479,140.352899,131.009101
520.158512,140.352899,131.013598
520.158535,140.352899,131.018915
520.158580,140.352899,131.023074
520.158599,140.352899,131.034813
520.158624,140.352899,131.040395
520.158645,140.352899,131.042445
520.158679,140.352899,131.050146
520.158704,140.352899,131.057602
520.158747,140.352899,131.062494
520.158769,140.352899,131.067411
520.158794,140.352899,131.068317
520.158829,140.352899,131.071250
520.158866,140.352899,131.078358
520.158890,140.352899,131.088125
520.158934,140.352899,131.121328
520.158991,140.352899,131.135362
520.159027,140.352899,131.140254
520.159049,140.352899,131.144101
520.159094,140.352899,131.152493
520.159162,140.352899,131.164288
520.159201,140.352899,131.167784
520.159235,140.352899,131.169950
520.159306,140.352899,131.180803
520.159328,140.352899,131.188382
520.159349,140.352899,131.211941
520.159369,140.352899,131.215325
520.159430,140.352899,131.215541
520.159480,140.352899,131.230486
520.159522,140.352899,131.243995
520.159624,140.352899,131.247450
520.159666,140.352899,131.250822
520.159695,140.352899,131.261126
520.159731,140.352899,131.264326
520.159774,140.352899,131.273024
520.159838,140.352899,131.276838
520.159875,140.352899,131.286504
520.159920,140.352899,131.287339
520.159951,140.352899,131.289360
520.159979,140.352899,131.313150
520.160059,140.352899,131.319158
520.160128,140.352899,131.321699
520.160152,140.352899,131.325030
520.160180,140.352899,131.335870
520.160220,140.352899,131.353928
520.160281,140.352899,131.358499
520.160323,140.352899,131.364125
520.160343,140.352899,131.369896
520.160391,140.352899,131.381990
520.160431,140.352899,131.389248
520.160450,140.352899,131.394782
520.160494,140.352899,131.408798
520.160544,140.352899,131.424035
520.160581,140.352899,131.424944
520.160674,140.352899,131.427645
520.160744,140.352899,131.436413
520.160785,140.352899,131.436917
520.160834,140.352899,131.437915
520.160870,140.352899,131.441397
520.160966,140.352899,131.441717
520.161005,140.352899,131.444645
520.161047,140.352899,131.448894
520.161123,140.352899,131.449885
520.161144,140.352899,131.454506
520.161166,140.352899,131.456318
520.161199,140.352899,131.459546
520.161250,140.352899,131.469690
520.161289,140.352899,131.472061
520.161320,140.352899,131.473626
520.161360,140.352899,131.497674
520.161382,140.352899,131.498680
520.161411,140.352899,131.504683
520.161455,140.352899,131.509296
520.161479,140.352899,131.525736
520.161519,140.352899,131.526654
520.161540,140.352899,131.532266
520.161563,140.352899,131.534078
520.161593,140.352899,131.548149
520.161622,140.352899,131.548850
520.161659,140.352899,131.562003
520.161704,140.352899,131.563080
520.161743,140.352899,131.563706
520.161780,140.352899,131.566170
520.161815,140.352899,131.579470
520.161835,140.352899,131.580746
520.161875,140.352899,131.584275
520.161959,140.352899,131.588882
520.161979,140.352899,131.593331
520.162019,140.352899,131.611093
520.162064,140.352899,131.620693
520.162103,140.352899,131.647506
520.162142,140.352899,131.660438
520.162161,140.352899,131.663501
520.162190,140.352899,131.665706
520.162223,140.352899,131.677387
520.162280,140.352899,131.679229
520.162388,140.352899,131.684064
520.162421,140.352899,131.702110
520.162457,140.352899,131.703531
520.162506,140.352899,131.708158
520.162526,140.352899,131.708765
520.162564,140.352899,131.710670
520.162584,140.352899,131.716685
520.162603,140.352899,131.724947
520.162633,140.352899,131.727478
520.162665,140.352899,131.733320
520.162691,140.352899,131.750976
520.162766,140.352899,131.752661
520.162785,140.352899,131.761314
520.162812,140.352899,131.770298
520.162855,140.352899,131.772386
520.162882,140.352899,131.774323
520.162906,140.352899,131.778819
520.162966,140.352899,131.781352
520.162982,140.352899,131.795357
520.163014,140.352899,131.802707
520.163030,140.352899,131.804366
520.163060,140.352899,131.814619
520.163118,140.352899,131.820456
520.163148,140.352899,131.821746
520.163173,140.352899,131.821896
520.163199,140.352899,131.823112
520.163243,140.352899,131.824466
520.163479,140.352899,131.828222
520.163527,140.352899,131.830008
520.163582,140.352899,131.830891
520.163606,140.352899,131.839074
520.163628,140.352899,131.850146
520.163654,140.352899,131.852814
520.163721,140.352899,131.874088
520.163763,140.352899,131.885035
520.163841,140.352899,131.889002
520.163945,140.352899,131.893333
520.163979,140.352899,131.902226
520.164185,140.352899,131.903005
520.164238,140.352899,131.904710
520.164278,140.352899,131.912845
520.164295,140.352899,131.930006
520.164332,140.352899,131.930574
520.164371,140.352899,131.948910
520.164396,140.352899,131.952781
520.164430,140.352899,131.955782
520.164470,140.352899,131.958750
520.164512,140.352899,131.965088
520.164546,140.352899,131.971093
520.164573,140.352899,131.972398
520.164598,140.352899,131.972507
520.164635,140.352899,131.974848
520.164669,140.352899,131.980549
520.164705,140.352899,131.982434
520.164721,140.352899,131.987784
520.164739,140.352899,131.992155
520.164799,140.352899,132.003901
520.164836,140.352899,132.026510
520.164876,140.352899,132.028110
520.164965,140.352899,132.032939
520.164981,140.352899,132.037478
520.165013,140.352899,132.038338
520.165033,140.352899,132.038382
520.165115,140.352899,132.038986
520.165156,140.352899,132.042771
520.165188,140.352899,132.043706
520.165231,140.352899,132.044979
520.165271,140.352899,132.045397
520.165300,140.352899,132.060194
520.165319,140.352899,132.065104
520.165337,140.352899,132.065398
520.165405,140.352899,132.065568
520.165429,140.352899,132.077378
520.165458,140.352899,132.077862
520.165498,140.352899,132.081451
520.165527,140.352899,132.094782
520.165566,140.352899,132.102299
520.165605,140.352899,132.115634
520.165682,140.352899,132.117546
520.165739,140.352899,132.124995
520.165816,140.352899,132.129317
520.165856,140.352899,132.142189
520.165904,140.352899,132.155102
520.165950,140.352899,132.155968
520.165972,140.352899,132.156048
520.166005,140.352899,132.168843
520.166048,140.352899,132.170944
520.166071,140.352899,132.180376
520.166136,140.352899,132.187430
520.166209,140.352899,132.188226
520.166253,140.352899,132.191722
520.166301,140.352899,132.193394
520.166337,140.352899,132.198597
520.166370,140.352899,132.209374
520.166394,140.352899,132.213365
520.166408,140.352899,132.231190
520.166451,140.352899,132.232064
520.166506,140.352899,132.234210
520.166587,140.352899,132.237646
520.166622,140.352899,132.242830
520.166657,140.352899,132.244104
520.166677,140.352899,132.248878
520.166694,140.352899,132.282632
520.166729,140.352899,132.290701
520.166757,140.352899,132.291182
520.166791,140.352899,132.291696
520.166851,140.352899,132.307910
520.166878,140.352899,132.311970
520.166921,140.352899,132.313126
520.166948,140.352899,132.321088
520.166983,140.352899,132.326998
520.167050,140.352899,132.332890
520.167099,140.352899,132.347042
520.167131,140.352899,132.356421
520.167171,140.352899,132.358186
520.167217,140.352899,132.361994
520.167257,140.352899,132.365741
520.167302,140.352899,132.366240
520.167334,140.352899,132.372179
520.167371,140.352899,132.382414
520.167386,140.352899,132.391405
520.167413,140.352899,132.392883
520.167432,140.352899,132.394445
520.167468,140.352899,132.397032
520.167502,140.352899,132.404437
520.167519,140.352899,132.404536
520.167551,140.352899,132.416501
520.167582,140.352899,132.421934
520.167613,140.352899,132.430597
520.167642,140.352899,132.434283
520.167669,140.352899,132.459797
520.167704,140.352899,132.460030
520.167806,140.352899,132.476686
520.167834,140.352899,132.482944
520.167895,140.352899,132.490394
520.167928,140.352899,132.491070
520.167969,140.352899,132.496502
520.168030,140.352899,132.497154
520.168069,140.352899,132.501250
520.168122,140.352899,132.501298
520.168139,140.352899,132.506406
520.168153,140.352899,132.512909
520.168194,140.352899,132.532906
520.168214,140.352899,132.535874
520.168255,140.352899,132.542850
520.168298,140.352899,132.544411
520.168354,140.352899,132.557742
520.168397,140.352899,132.563232
520.168458,140.352899,132.570254
520.168484,140.352899,132.571059
520.168510,140.352899,132.575733
520.168545,140.352899,132.584579
520.168585,140.352899,132.602864
520.168618,140.352899,132.606288
520.168638,140.352899,132.618582
520.168676,140.352899,132.624840
520.168717,140.352899,132.625506
520.168747,140.352899,132.630179
520.168789,140.352899,132.631976
520.168830,140.352899,132.641522
520.168861,140.352899,132.652422
520.168909,140.352899,132.680842
520.168934,140.352899,132.680851
520.168969,140.352899,132.683557
520.169002,140.352899,132.686774
520.169039,140.352899,132.689906
520.169084,140.352899,132.691986
520.169118,140.352899,132.695822
520.169164,140.352899,132.696688
520.169186,140.352899,132.705149
520.169224,140.352899,132.707064
520.169245,140.352899,132.715110
520.169285,140.352899,132.734181
520.169320,140.352899,132.754142
520.169352,140.352899,132.757514
520.169389,140.352899,132.761262
520.169476,140.352899,132.761902
520.169505,140.352899,132.767666
520.169554,140.352899,132.768454
520.169587,140.352899,132.768610
520.169622,140.352899,132.774477
520.169639,140.352899,132.775910
520.169665,140.352899,132.795597
520.169685,140.352899,132.797678
520.169718,140.352899,132.801010
520.169802,140.352899,132.821347
520.169838,140.352899,132.829317
520.169885,140.352899,132.840864
520.169915,140.352899,132.841618
520.169979,140.352899,132.845109
520.170031,140.352899,132.846083
520.170063,140.352899,132.846370
520.170085,140.352899,132.852237
520.170102,140.352899,132.864448
520.170127,140.352899,132.870646
520.170146,140.352899,132.897298
520.170161,140.352899,132.904710
520.170199,140.352899,132.906461
520.170243,140.352899,132.916088
520.170274,140.352899,132.937752
520.170305,140.352899,132.939294
520.170339,140.352899,132.939646
520.170355,140.352899,132.940718
520.170396,140.352899,132.942834
520.170431,140.352899,132.945256
520.170449,140.352899,132.955214
520.170479,140.352899,132.962515
520.170547,140.352899,132.975058
520.170562,140.352899,132.977018
520.170584,140.352899,132.978256
520.170640,140.352899,132.981531
520.170688,140.352899,132.991024
520.170707,140.352899,132.999107
520.170743,140.352899,133.000750
520.170843,140.352899,133.007208
520.170872,140.352899,133.007722
520.170916,140.352899,133.010061
520.170960,140.352899,133.020474
520.170991,140.352899,133.023664
520.171021,140.352899,133.025312
520.171078,140.352899,133.025781
520.171099,140.352899,133.030190
520.171133,140.352899,133.034037
520.171170,140.352899,133.047539
520.171198,140.352899,133.048846
520.171254,140.352899,133.055016
520.171329,140.352899,133.066083
520.171364,140.352899,133.075533
520.171397,140.352899,133.077310
520.171499,140.352899,133.083506
520.171531,140.352899,133.087346
520.171547,140.352899,133.093139
520.171574,140.352899,133.102261
520.171622,140.352899,133.104366
520.171755,140.352899,133.115978
520.171815,140.352899,133.116061
520.171850,140.352899,133.122098
520.171881,140.352899,133.124210
520.171901,140.352899,133.131680
520.171919,140.352899,133.136555
520.171939,140.352899,133.148197
520.171977,140.352899,133.169218
520.172014,140.352899,133.192437
520.172029,140.352899,133.193664
520.172073,140.352899,133.201430
520.172095,140.352899,133.201970
520.172115,140.352899,133.204144
520.172167,140.352899,133.209534
520.172189,140.352899,133.214315
520.172216,140.352899,133.216621
520.172246,140.352899,133.217805
520.172282,140.352899,133.223997
520.172302,140.352899,133.233670
520.172343,140.352899,133.234357
520.172380,140.352899,133.255830
520.172423,140.352899,133.260146
520.172456,140.352899,133.268102
520.172475,140.352899,133.268946
520.172554,140.352899,133.272962
520.172584,140.352899,133.282048
520.172649,140.352899,133.282086
520.172716,140.352899,133.282643
520.172749,140.352899,133.289386
520.172774,140.352899,133.296384
520.172804,140.352899,133.304619
520.172823,140.352899,133.307464
520.172852,140.352899,133.312946
520.172883,140.352899,133.313728
520.172924,140.352899,133.313816
520.172943,140.352899,133.314122
520.173012,140.352899,133.324696
520.173046,140.352899,133.333606
520.173065,140.352899,133.345485
520.173097,140.352899,133.350213
520.173140,140.352899,133.350874
520.173156,140.352899,133.359240
520.173180,140.352899,133.360584
520.173273,140.352899,133.361698
520.173317,140.352899,133.370005
520.173350,140.352899,133.371112
520.173377,140.352899,133.373523
520.173409,140.352899,133.391584
520.173459,140.352899,133.398459
520.173496,140.352899,133.399973
520.173525,140.352899,133.401875
520.173563,140.352899,133.405168
520.173587,140.352899,133.410846
520.173620,140.352899,133.422034
520.173671,140.352899,133.425222
520.173691,140.352899,133.429898
520.173750,140.352899,133.438829
520.173780,140.352899,133.439978
520.173801,140.352899,133.447765
520.173834,140.352899,133.453374
520.173881,140.352899,133.453955
520.173935,140.352899,133.458826
520.173952,140.352899,133.461194
520.173982,140.352899,133.462381
520.174026,140.352899,133.470331
520.174052,140.352899,133.472744
520.174074,140.352899,133.476653
520.174110,140.352899,133.486034
520.174165,140.352899,133.488606
520.174199,140.352899,133.491496
520.174240,140.352899,133.491506
520.174271,140.352899,133.501010
520.174327,140.352899,133.502066
520.174365,140.352899,133.504968
520.174405,140.352899,133.518912
520.174458,140.352899,133.519691
520.174475,140.352899,133.524338
520.174622,140.352899,133.529294
520.174643,140.352899,133.529589
520.174687,140.352899,133.548448
520.174736,140.352899,133.549683
520.174755,140.352899,133.550069
520.174774,140.352899,133.550781
520.174812,140.352899,133.553877
520.174830,140.352899,133.558568
520.174856,140.352899,133.563794
520.174884,140.352899,133.565914
520.174935,140.352899,133.574792
520.174998,140.352899,133.581170
520.175012,140.352899,133.588494
520.175042,140.352899,133.588699
520.175092,140.352899,133.609528
520.175121,140.352899,133.610139
520.175149,140.352899,133.611797
520.175181,140.352899,133.616253
520.175202,140.352899,133.616962
520.175255,140.352899,133.618030
520.175317,140.352899,133.621178
520.175361,140.352899,133.627829
520.175378,140.352899,133.630779
520.175416,140.352899,133.632984
520.175436,140.352899,133.657685
520.175488,140.352899,133.671512
520.175517,140.352899,133.683389
520.175533,140.352899,133.683506
520.175640,140.352899,133.687800
520.175671,140.352899,133.699525
520.175684,140.352899,133.716024
520.175704,140.352899,133.724450
520.175722,140.352899,133.733914
520.175762,140.352899,133.737219
520.175785,140.352899,133.739030
520.175828,140.352899,133.743763
520.175847,140.352899,133.750254
520.175867,140.352899,133.753165
520.175906,140.352899,133.754096
520.175975,140.352899,133.759603
520.175990,140.352899,133.762827
520.176012,140.352899,133.767912
520.176038,140.352899,133.776776
520.176057,140.352899,133.778046
520.176109,140.352899,133.781667
520.176142,140.352899,133.786349
520.176176,140.352899,133.791323
520.176219,140.352899,133.796835
520.176263,140.352899,133.802210
520.176283,140.352899,133.805054
520.176317,140.352899,133.808822
520.176335,140.352899,133.814979
520.176379,140.352899,133.821842
520.176406,140.352899,133.823544
520.176444,140.352899,133.824395
520.176459,140.352899,133.833998
520.176475,140.352899,133.841666
520.176507,140.352899,133.845171
520.176556,140.352899,133.845901
520.176642,140.352899,133.848789
520.176687,140.352899,133.849010
520.176715,140.352899,133.850954
520.176763,140.352899,133.867720
520.176802,140.352899,133.880979
520.176828,140.352899,133.884830
520.176843,140.352899,133.891978
520.176884,140.352899,133.898421
520.176960,140.352899,133.899602
520.176986,140.352899,133.914894
520.177031,140.352899,133.924154
520.177047,140.352899,133.926549
520.177069,140.352899,133.926770
520.177095,140.352899,133.929282
520.177135,140.352899,133.931008
520.177175,140.352899,133.931078
520.177206,140.352899,133.952022
520.177242,140.352899,133.958821
520.177262,140.352899,133.962722
520.177340,140.352899,133.963970
520.177397,140.352899,133.967394
520.177427,140.352899,133.969922
520.177462,140.352899,133.971560
520.177540,140.352899,133.973459
520.177564,140.352899,133.974946
520.177590,140.352899,133.978626
520.177618,140.352899,133.982406
520.177649,140.352899,134.001218
520.177676,140.352899,134.005133
520.177720,140.352899,134.006832
520.177735,140.352899,134.015634
520.177748,140.352899,134.019059
520.177775,140.352899,134.022971
520.177796,140.352899,134.028030
520.177811,140.352899,134.032650
520.177843,140.352899,134.034051
520.177858,140.352899,134.040482
520.177937,140.352899,134.045154
520.177965,140.352899,134.052706
520.177991,140.352899,134.052744
520.178025,140.352899,134.062106
520.178057,140.352899,134.065010
520.178079,140.352899,134.065058
520.178167,140.352899,134.065926
520.178190,140.352899,134.069344
520.178235,140.352899,134.070810
520.178275,140.352899,134.074117
520.178313,140.352899,134.083221
520.178342,140.352899,134.090403
520.178359,140.352899,134.093394
520.178372,140.352899,134.097834
520.178386,140.352899,134.099714
520.178415,140.352899,134.100946
520.178429,140.352899,134.108046
520.178487,140.352899,134.111789
520.178519,140.352899,134.112573
520.178532,140.352899,134.114398
520.178545,140.352899,134.119741
520.178561,140.352899,134.121331
520.178623,140.352899,134.126538
520.178656,140.352899,134.139088
520.178672,140.352899,134.139134
520.178700,140.352899,134.144485
520.178757,140.352899,134.149317
520.178775,140.352899,134.151317
520.178804,140.352899,134.153221
520.178864,140.352899,134.166784
520.178894,140.352899,134.175058
520.178931,140.352899,134.178984
520.178950,140.352899,134.179502
520.178978,140.352899,134.182747
520.179011,140.352899,134.185243
520.179073,140.352899,134.188741
520.179093,140.352899,134.189579
520.179107,140.352899,134.189694
520.179169,140.352899,134.192158
520.179182,140.352899,134.198405
520.179216,140.352899,134.207621
520.179234,140.352899,134.212694
520.179281,140.352899,134.224226
520.179309,140.352899,134.232930
520.179328,140.352899,134.236517
520.179368,140.352899,134.237424
520.179397,140.352899,134.240638
520.179479,140.352899,134.246381
520.179533,140.352899,134.259526
520.179552,140.352899,134.264178
520.179601,140.352899,134.267454
520.179631,140.352899,134.273797
520.179656,140.352899,134.295795
520.179690,140.352899,134.316512
520.179724,140.352899,134.318507
520.179741,140.352899,134.318574
520.179775,140.352899,134.320621
520.179817,140.352899,134.326138
520.179836,140.352899,134.329106
520.179864,140.352899,134.329598
520.179896,140.352899,134.340581
520.179960,140.352899,134.351395
520.179991,140.352899,134.352192
520.180008,140.352899,134.353408
520.180020,140.352899,134.360197
520.180045,140.352899,134.361718
520.180072,140.352899,134.365115
520.180087,140.352899,134.375755
520.180124,140.352899,134.376677
520.180159,140.352899,134.379270
520.180201,140.352899,134.384570
520.180231,140.352899,134.384821
520.180247,140.352899,134.385578
520.180301,140.352899,134.387346
520.180315,140.352899,134.391480
520.180358,140.352899,134.399006
520.180394,140.352899,134.406184
520.180432,140.352899,134.417426
520.180460,140.352899,134.432579
520.180497,140.352899,134.451472
520.180543,140.352899,134.453974
520.180562,140.352899,134.456275
520.180575,140.352899,134.466398
520.180675,140.352899,134.468549
520.180691,140.352899,134.474365
520.180705,140.352899,134.495331
520.180738,140.352899,134.496949
520.180752,140.352899,134.498843
520.180788,140.352899,134.532304
520.180817,140.352899,134.537424
520.180848,140.352899,134.543342
520.180873,140.352899,134.544520
520.180919,140.352899,134.544922
520.180961,140.352899,134.549544
520.180977,140.352899,134.549638
520.181073,140.352899,134.565914
520.181127,140.352899,134.571214
520.181161,140.352899,134.571674
520.181185,140.352899,134.579413
520.181243,140.352899,134.593464
520.181279,140.352899,134.595845
520.181296,140.352899,134.597622
520.181314,140.352899,134.611690
520.181346,140.352899,134.611989
520.181399,140.352899,134.616888
520.181449,140.352899,134.616910
520.181484,140.352899,134.627173
520.181497,140.352899,134.627906
520.181520,140.352899,134.629789
520.181569,140.352899,134.630858
520.181598,140.352899,134.633125
520.181642,140.352899,134.636314
520.181696,140.352899,134.658011
520.181714,140.352899,134.662051
520.181770,140.352899,134.663501
520.181794,140.352899,134.669683
520.181812,140.352899,134.670581
520.181829,140.352899,134.670928
520.181855,140.352899,134.679854
520.181910,140.352899,134.679986
520.182042,140.352899,134.680016
520.182109,140.352899,134.690691
520.182149,140.352899,134.702669
520.182187,140.352899,134.702696
520.182208,140.352899,134.703598
520.182280,140.352899,134.707504
520.182308,140.352899,134.708334
520.182339,140.352899,134.729525
520.182375,140.352899,134.748853
520.182401,140.352899,134.757746
520.182462,140.352899,134.761773
520.182499,140.352899,134.774792
520.182512,140.352899,134.780522
520.182556,140.352899,134.782846
520.182597,140.352899,134.784256
520.182615,140.352899,134.792006
520.182653,140.352899,134.792099
520.182684,140.352899,134.793235
520.182710,140.352899,134.798562
520.182758,140.352899,134.799410
520.182797,140.352899,134.803888
520.182831,140.352899,134.806394
520.182858,140.352899,134.809550
520.182893,140.352899,134.814102
520.182911,140.352899,134.814421
520.182947,140.352899,134.814434
520.182960,140.352899,134.823147
520.182989,140.352899,134.826613
520.183002,140.352899,134.837678
520.183015,140.352899,134.847530
520.183029,140.352899,134.852050
520.183083,140.352899,134.887310
520.183118,140.352899,134.892154
520.183142,140.352899,134.892194
520.183155,140.352899,134.903251
520.183195,140.352899,134.903264
520.183247,140.352899,134.904374
520.183267,140.352899,134.915678
520.183317,140.352899,134.919990
520.183354,140.352899,134.925541
520.183371,140.352899,134.928066
520.183383,140.352899,134.928325
520.183442,140.352899,134.928736
520.183487,140.352899,134.929808
520.183553,140.352899,134.932752
520.183567,140.352899,134.935422
520.183661,140.352899,134.935522
520.183716,140.352899,134.944891
520.183742,140.352899,134.946674
520.183776,140.352899,134.963045
520.183793,140.352899,134.968198
520.183805,140.352899,134.987514
520.183849,140.352899,134.987522
520.183876,140.352899,134.996320
520.183905,140.352899,135.005621
520.183942,140.352899,135.010134
520.184008,140.352899,135.011267
520.184067,140.352899,135.013282
520.184099,140.352899,135.013538
520.184127,140.352899,135.015034
520.184142,140.352899,135.016894
520.184174,140.352899,135.018574
520.184195,140.352899,135.018715
520.184248,140.352899,135.024434
520.184265,140.352899,135.027296
520.184303,140.352899,135.027651
520.184340,140.352899,135.031765
520.184370,140.352899,135.032890
520.184455,140.352899,135.035931
520.184469,140.352899,135.047797
520.184481,140.352899,135.050950
520.184499,140.352899,135.054237
520.184520,140.352899,135.061994
520.184559,140.352899,135.067317
520.184601,140.352899,135.072179
520.184634,140.352899,135.074069
520.184667,140.352899,135.078366
520.184691,140.352899,135.083150
520.184718,140.352899,135.086901
520.184745,140.352899,135.094590
520.184771,140.352899,135.106245
520.184785,140.352899,135.108098
520.184817,140.352899,135.116253
520.184829,140.352899,135.125018
520.184850,140.352899,135.125419
520.184877,140.352899,135.126446
520.184903,140.352899,135.136565
520.184919,140.352899,135.147248
520.184960,140.352899,135.152346
520.184986,140.352899,135.164845
520.185117,140.352899,135.165347
520.185138,140.352899,135.169165
520.185161,140.352899,135.184830
520.185173,140.352899,135.206955
520.185211,140.352899,135.216533
520.185238,140.352899,135.224206
520.185254,140.352899,135.242382
520.185284,140.352899,135.246541
520.185319,140.352899,135.246925
520.185341,140.352899,135.252901
520.185395,140.352899,135.267643
520.185433,140.352899,135.270544
520.185452,140.352899,135.278106
520.185518,140.352899,135.283150
520.185531,140.352899,135.289078
520.185554,140.352899,135.306118
520.185610,140.352899,135.324645
520.185628,140.352899,135.328925
520.185666,140.352899,135.331510
520.185778,140.352899,135.331643
520.185795,140.352899,135.333773
520.185852,140.352899,135.343570
520.185878,140.352899,135.344712
520.185904,140.352899,135.354152
520.185929,140.352899,135.355926
520.186069,140.352899,135.358499
520.186099,140.352899,135.359150
520.186133,140.352899,135.366838
520.186180,140.352899,135.382334
520.186216,140.352899,135.411726
520.186266,140.352899,135.419718
520.186293,140.352899,135.428957
520.186318,140.352899,135.431669
520.186342,140.352899,135.432579
520.186379,140.352899,135.436638
520.186406,140.352899,135.444066
520.186433,140.352899,135.445888
520.186463,140.352899,135.447666
520.186545,140.352899,135.463344
520.186559,140.352899,135.469456
520.186594,140.352899,135.473094
520.186626,140.352899,135.475464
520.186641,140.352899,135.476498
520.186655,140.352899,135.480522
520.186690,140.352899,135.481138
520.186701,140.352899,135.481237
520.186718,140.352899,135.487464
520.186756,140.352899,135.489598
520.186771,140.352899,135.490518
520.186804,140.352899,135.495597
520.186820,140.352899,135.497454
520.186853,140.352899,135.497501
520.186865,140.352899,135.500438
520.186919,140.352899,135.501875
520.186955,140.352899,135.502216
520.187011,140.352899,135.504275
520.187041,140.352899,135.505333
520.187076,140.352899,135.508918
520.187088,140.352899,135.514398
520.187099,140.352899,135.520294
520.187132,140.352899,135.521779
520.187175,140.352899,135.521826
520.187204,140.352899,135.524405
520.187263,140.352899,135.545426
520.187310,140.352899,135.558898
520.187322,140.352899,135.566350
520.187354,140.352899,135.566382
520.187389,140.352899,135.567669
520.187436,140.352899,135.573056
520.187467,140.352899,135.585230
520.187479,140.352899,135.586598
520.187506,140.352899,135.588517
520.187517,140.352899,135.589421
520.187541,140.352899,135.598680
520.187561,140.352899,135.601213
520.187577,140.352899,135.604419
520.187591,140.352899,135.607464
520.187618,140.352899,135.622082
520.187667,140.352899,135.622229
520.187685,140.352899,135.623090
520.187702,140.352899,135.624130
520.187717,140.352899,135.629518
520.187771,140.352899,135.634797
520.187872,140.352899,135.640347
520.187904,140.352899,135.647768
520.187941,140.352899,135.651621
520.187996,140.352899,135.651949
520.188032,140.352899,135.654133
520.188050,140.352899,135.665738
520.188069,140.352899,135.676078
520.188089,140.352899,135.678256
520.188148,140.352899,135.682546
520.188178,140.352899,135.684691
520.188218,140.352899,135.685477
520.188241,140.352899,135.699842
520.188272,140.352899,135.700850
520.188289,140.352899,135.701890
520.188305,140.352899,135.703805
520.188317,140.352899,135.718880
520.188389,140.352899,135.720040
520.188417,140.352899,135.725378
520.188446,140.352899,135.725550
520.188458,140.352899,135.727013
520.188494,140.352899,135.729381
520.188516,140.352899,135.731614
520.188546,140.352899,135.736693
520.188616,140.352899,135.737222
520.188660,140.352899,135.737536
520.188686,140.352899,135.737706
520.188706,140.352899,135.739744
520.188718,140.352899,135.761994
520.188757,140.352899,135.787936
520.188775,140.352899,135.790133
520.188787,140.352899,135.793176
520.188803,140.352899,135.793818
520.188830,140.352899,135.795821
520.188860,140.352899,135.796474
520.188921,140.352899,135.796666
520.188982,140.352899,135.800798
520.188994,140.352899,135.801010
520.189036,140.352899,135.810734
520.189064,140.352899,135.818826
520.189128,140.352899,135.818886
520.189168,140.352899,135.822413
520.189191,140.352899,135.831906
520.189325,140.352899,135.837637
520.189349,140.352899,135.844678
520.189375,140.352899,135.846838
520.189399,140.352899,135.847008
520.189431,140.352899,135.865859
520.189459,140.352899,135.907658
520.189469,140.352899,135.911950
520.189486,140.352899,135.914016
520.189526,140.352899,135.914478
520.189641,140.352899,135.923048
520.189760,140.352899,135.923070
520.189776,140.352899,135.932034
520.189801,140.352899,135.937408
520.189818,140.352899,135.946246
520.189838,140.352899,135.955059
520.189864,140.352899,135.955115
520.189896,140.352899,135.956386
520.189932,140.352899,135.960331
520.189948,140.352899,135.962933
520.189970,140.352899,135.964835
520.190005,140.352899,135.979730
520.190021,140.352899,135.986608
520.190037,140.352899,135.988386
520.190082,140.352899,135.993958
520.190108,140.352899,136.000640
520.190123,140.352899,136.001218
520.190148,140.352899,136.004610
520.190188,140.352899,136.007722
520.190263,140.352899,136.008334
520.190309,140.352899,136.028040
520.190335,140.352899,136.029621
520.190346,140.352899,136.032630
520.190386,140.352899,136.036314
520.190435,140.352899,136.059854
520.190451,140.352899,136.067237
520.190481,140.352899,136.068990
520.190517,140.352899,136.073085
520.190541,140.352899,136.077165
520.190553,140.352899,136.084517
520.190576,140.352899,136.086094
520.190596,140.352899,136.090531
520.190622,140.352899,136.094702
520.190650,140.352899,136.101246
520.190675,140.352899,136.105149
520.190702,140.352899,136.111837
520.190733,140.352899,136.113776
520.190762,140.352899,136.114016
520.190816,140.352899,136.122109
520.190867,140.352899,136.124909
520.190878,140.352899,136.124998
520.190906,140.352899,136.143894
520.190939,140.352899,136.146750
520.190974,140.352899,136.156704
520.191003,140.352899,136.166309
520.191033,140.352899,136.169605
520.191067,140.352899,136.171726
520.191100,140.352899,136.174110
520.191153,140.352899,136.174227
520.191188,140.352899,136.177749
520.191207,140.352899,136.189571
520.191249,140.352899,136.191605
520.191266,140.352899,136.198770
520.191295,140.352899,136.200806
520.191328,140.352899,136.207613
520.191351,140.352899,136.215912
520.191402,140.352899,136.219176
520.191431,140.352899,136.224954
520.191469,140.352899,136.227886
520.191484,140.352899,136.237424
520.191509,140.352899,136.239288
520.191531,140.352899,136.239426
520.191552,140.352899,136.249118
520.191607,140.352899,136.250565
520.191623,140.352899,136.251390
520.191668,140.352899,136.253934
520.191700,140.352899,136.258795
520.191710,140.352899,136.269822
520.191725,140.352899,136.272334
520.191741,140.352899,136.275058
520.191769,140.352899,136.277942
520.191798,140.352899,136.278446
520.191863,140.352899,136.301434
520.191883,140.352899,136.303904
520.191906,140.352899,136.320565
520.191967,140.352899,136.327539
520.192013,140.352899,136.333549
520.192062,140.352899,136.341554
520.192082,140.352899,136.350706
520.192105,140.352899,136.353928
520.192149,140.352899,136.358499
520.192181,140.352899,136.375488
520.192222,140.352899,136.379747
520.192278,140.352899,136.379957
520.192308,140.352899,136.384725
520.192331,140.352899,136.387182
520.192392,140.352899,136.389510
520.192427,140.352899,136.389557
520.192491,140.352899,136.395867
520.192539,140.352899,136.404830
520.192549,140.352899,136.419314
520.192571,140.352899,136.427989
520.192633,140.352899,136.428136
520.192651,140.352899,136.436413
520.192670,140.352899,136.437058
520.192704,140.352899,136.443654
520.192807,140.352899,136.461194
520.192820,140.352899,136.476874
520.192858,140.352899,136.501010
520.192883,140.352899,136.507309
520.192934,140.352899,136.513602
520.193024,140.352899,136.518965
520.193050,140.352899,136.520702
520.193083,140.352899,136.529589
520.193140,140.352899,136.534678
520.193151,140.352899,136.537934
520.193163,140.352899,136.543642
520.193209,140.352899,136.546413
520.193262,140.352899,136.547526
520.193381,140.352899,136.550110
520.193392,140.352899,136.553651
520.193416,140.352899,136.556176
520.193438,140.352899,136.568760
520.193461,140.352899,136.585446
520.193476,140.352899,136.592698
520.193501,140.352899,136.606926
520.193527,140.352899,136.606960
520.193542,140.352899,136.610320
520.193610,140.352899,136.611354
520.193631,140.352899,136.615694
520.193642,140.352899,136.622304
520.193668,140.352899,136.623754
520.193717,140.352899,136.626288
520.193733,140.352899,136.632269
520.193743,140.352899,136.633878
520.193758,140.352899,136.642179
520.193805,140.352899,136.646450
520.193832,140.352899,136.654918
520.193842,140.352899,136.656437
520.193864,140.352899,136.658904
520.193879,140.352899,136.660974
520.193907,140.352899,136.665718
520.193917,140.352899,136.667427
520.193955,140.352899,136.674387
520.194003,140.352899,136.675058
520.194013,140.352899,136.681040
520.194023,140.352899,136.682530
520.194071,140.352899,136.684686
520.194096,140.352899,136.687901
520.194134,140.352899,136.690264
520.194165,140.352899,136.696254
520.194208,140.352899,136.722784
520.194222,140.352899,136.726040
520.194260,140.352899,136.727971
520.194276,140.352899,136.743731
520.194290,140.352899,136.745234
520.194317,140.352899,136.749870
520.194340,140.352899,136.752818
520.194352,140.352899,136.755168
520.194385,140.352899,136.755176
520.194400,140.352899,136.755445
520.194443,140.352899,136.766997
520.194487,140.352899,136.767221
520.194587,140.352899,136.785722
520.194615,140.352899,136.789598
520.194625,140.352899,136.791013
520.194649,140.352899,136.791501
520.194684,140.352899,136.792110
520.194693,140.352899,136.799230
520.194727,140.352899,136.801246
520.194739,140.352899,136.810542
520.194754,140.352899,136.811486
520.194781,140.352899,136.814626
520.194823,140.352899,136.822914
520.194846,140.352899,136.828222
520.194880,140.352899,136.833227
520.194895,140.352899,136.841350
520.194946,140.352899,136.845506
520.194973,140.352899,136.854030
520.195011,140.352899,136.862597
520.195057,140.352899,136.871154
520.195067,140.352899,136.874269
520.195088,140.352899,136.881840
520.195140,140.352899,136.881872
520.195166,140.352899,136.888482
520.195202,140.352899,136.888494
520.195212,140.352899,136.894022
520.195226,140.352899,136.896002
520.195263,140.352899,136.900674
520.195273,140.352899,136.911882
520.195301,140.352899,136.919994
520.195351,140.352899,136.922094
520.195391,140.352899,136.924154
520.195404,140.352899,136.940245
520.195414,140.352899,136.942266
520.195443,140.352899,136.948914
520.195453,140.352899,136.950698
520.195519,140.352899,136.963970
520.195545,140.352899,136.966112
520.195599,140.352899,136.966200
520.195613,140.352899,136.966254
520.195623,140.352899,136.968709
520.195686,140.352899,136.969918
520.195696,140.352899,136.972224
520.195706,140.352899,136.976006
520.195745,140.352899,136.976046
520.195756,140.352899,136.978565
520.195811,140.352899,136.980331
520.195821,140.352899,136.986197
520.195848,140.352899,136.990974
520.195863,140.352899,136.993202
520.195885,140.352899,137.013525
520.195929,140.352899,137.022901
520.195959,140.352899,137.028110
520.196028,140.352899,137.028458
520.196051,140.352899,137.037101
520.196067,140.352899,137.044979
520.196088,140.352899,137.048901
520.196112,140.352899,137.054398
520.196160,140.352899,137.054589
520.196169,140.352899,137.056450
520.196184,140.352899,137.058750
520.196214,140.352899,137.062515
520.196284,140.352899,137.068419
520.196368,140.352899,137.075957
520.196378,140.352899,137.088450
520.196393,140.352899,137.089504
520.196420,140.352899,137.095867
520.196457,140.352899,137.098382
520.196482,140.352899,137.100501
520.196495,140.352899,137.103669
520.196509,140.352899,137.104339
520.196544,140.352899,137.105826
520.196569,140.352899,137.110525
520.196604,140.352899,137.121902
520.196632,140.352899,137.132778
520.196667,140.352899,137.136218
520.196694,140.352899,137.138944
520.196714,140.352899,137.139558
520.196736,140.352899,137.141187
520.196761,140.352899,137.147210
520.196869,140.352899,137.148981
520.196884,140.352899,137.151472
520.196926,140.352899,137.152552
520.196936,140.352899,137.153645
520.196962,140.352899,137.155214
520.196986,140.352899,137.155342
520.197043,140.352899,137.165499
520.197076,140.352899,137.172989
520.197086,140.352899,137.175989
520.197113,140.352899,137.176213
520.197159,140.352899,137.182229
520.197178,140.352899,137.185243
520.197248,140.352899,137.187170
520.197262,140.352899,137.187629
520.197294,140.352899,137.191722
520.197335,140.352899,137.196251
520.197375,140.352899,137.199662
520.197403,140.352899,137.206691
520.197429,140.352899,137.209309
520.197438,140.352899,137.209435
520.197458,140.352899,137.215317
520.197507,140.352899,137.233102
520.197565,140.352899,137.235400
520.197674,140.352899,137.244922
520.197716,140.352899,137.253749
520.197730,140.352899,137.257614
520.197743,140.352899,137.270598
520.197769,140.352899,137.291182
520.197796,140.352899,137.295896
520.197810,140.352899,137.299653
520.197906,140.352899,137.307115
520.197927,140.352899,137.318138
520.197949,140.352899,137.319394
520.197960,140.352899,137.324245
520.197985,140.352899,137.330318
520.197994,140.352899,137.338554
520.198004,140.352899,137.347976
520.198041,140.352899,137.350877
520.198062,140.352899,137.356318
520.198092,140.352899,137.363139
520.198109,140.352899,137.366446
520.198139,140.352899,137.367427
520.198166,140.352899,137.372904
520.198178,140.352899,137.373149
520.198187,140.352899,137.376749
520.198216,140.352899,137.377413
520.198239,140.352899,137.386773
520.198285,140.352899,137.388510
520.198301,140.352899,137.389693
520.198332,140.352899,137.390862
520.198362,140.352899,137.391480
520.198418,140.352899,137.402622
520.198429,140.352899,137.424115
520.198454,140.352899,137.434742
520.198467,140.352899,137.439125
520.198492,140.352899,137.440899
520.198508,140.352899,137.443642
520.198543,140.352899,137.444251
520.198579,140.352899,137.448691
520.198617,140.352899,137.448722
520.198639,140.352899,137.449973
520.198664,140.352899,137.450906
520.198709,140.352899,137.466270
520.198724,140.352899,137.467334
520.198735,140.352899,137.467438
520.198755,140.352899,137.469186
520.198822,140.352899,137.470997
520.198841,140.352899,137.472333
520.198888,140.352899,137.476434
520.198927,140.352899,137.476824
520.198983,140.352899,137.480030
520.199016,140.352899,137.480965
520.199025,140.352899,137.482986
520.199054,140.352899,137.490419
520.199102,140.352899,137.491070
520.199136,140.352899,137.494838
520.199167,140.352899,137.501813
520.199194,140.352899,137.503742
520.199226,140.352899,137.506920
520.199240,140.352899,137.510699
520.199265,140.352899,137.510750
520.199275,140.352899,137.526917
520.199284,140.352899,137.530885
520.199299,140.352899,137.541507
520.199324,140.352899,137.545538
520.199359,140.352899,137.551720
520.199385,140.352899,137.554194
520.199409,140.352899,137.562597
520.199443,140.352899,137.563232
520.199506,140.352899,137.563621
520.199520,140.352899,137.564098
520.199548,140.352899,137.567928
520.199577,140.352899,137.568454
520.199603,140.352899,137.584387
520.199626,140.352899,137.588459
520.199635,140.352899,137.599470
520.199656,140.352899,137.600179
520.199675,140.352899,137.610170
520.199724,140.352899,137.623390
520.199748,140.352899,137.635522
520.199972,140.352899,137.640334
520.199980,140.352899,137.643150
520.200014,140.352899,137.643490
520.200045,140.352899,137.649010
520.200058,140.352899,137.663082
520.200073,140.352899,137.665070
520.200100,140.352899,137.695709
520.200109,140.352899,137.697150
520.200121,140.352899,137.700763
520.200171,140.352899,137.704291
520.200187,140.352899,137.709269
520.200202,140.352899,137.726464
520.200215,140.352899,137.726850
520.200231,140.352899,137.727651
520.200266,140.352899,137.733966
520.200296,140.352899,137.740842
520.200310,140.352899,137.753550
520.200332,140.352899,137.754142
520.200356,140.352899,137.761994
520.200392,140.352899,137.770901
520.200485,140.352899,137.772530
520.200516,140.352899,137.774910
520.200528,140.352899,137.778754
520.200537,140.352899,137.779890
520.200559,140.352899,137.780088
520.200586,140.352899,137.782376
520.200616,140.352899,137.789504
520.200628,140.352899,137.790074
520.200650,140.352899,137.792411
520.200709,140.352899,137.802194
520.200722,140.352899,137.805813
520.200758,140.352899,137.814998
520.200788,140.352899,137.823421
520.200796,140.352899,137.825418
520.200804,140.352899,137.830387
520.200831,140.352899,137.834130
520.200844,140.352899,137.834184
520.200869,140.352899,137.836792
520.200925,140.352899,137.838755
520.200938,140.352899,137.842766
520.200947,140.352899,137.847835
520.200966,140.352899,137.850290
520.200999,140.352899,137.850667
520.201048,140.352899,137.856514
520.201057,140.352899,137.861075
520.201084,140.352899,137.864845
520.201120,140.352899,137.870509
520.201140,140.352899,137.877152
520.201230,140.352899,137.878346
520.201263,140.352899,137.890931
520.201276,140.352899,137.901453
520.201292,140.352899,137.903280
520.201346,140.352899,137.903362
520.201382,140.352899,137.904374
520.201391,140.352899,137.905758
520.201414,140.352899,137.912782
520.201427,140.352899,137.917469
520.201436,140.352899,137.918661
520.201495,140.352899,137.920574
520.201516,140.352899,137.921064
520.201549,140.352899,137.932269
520.201558,140.352899,137.939387
520.201580,140.352899,137.944018
520.201602,140.352899,137.948224
520.201623,140.352899,137.954531
520.201673,140.352899,137.956954
520.201695,140.352899,137.959726
520.201703,140.352899,137.963010
520.201716,140.352899,137.976166
520.201753,140.352899,137.978677
520.201770,140.352899,137.979726
520.201779,140.352899,137.979845
520.201803,140.352899,137.980939
520.201825,140.352899,137.982261
520.201833,140.352899,137.983518
520.201842,140.352899,137.985379
520.201862,140.352899,137.988501
520.201873,140.352899,138.003458
520.201905,140.352899,138.010134
520.201940,140.352899,138.014642
520.201974,140.352899,138.018768
520.202022,140.352899,138.025557
520.202049,140.352899,138.028544
520.202060,140.352899,138.030888
520.202088,140.352899,138.033970
520.202113,140.352899,138.035216
520.202124,140.352899,138.042533
520.202145,140.352899,138.051470
520.202154,140.352899,138.054435
520.202220,140.352899,138.054547
520.202247,140.352899,138.055666
520.202282,140.352899,138.055926
520.202344,140.352899,138.058698
520.202375,140.352899,138.066446
520.202402,140.352899,138.073195
520.202422,140.352899,138.073534
520.202433,140.352899,138.078670
520.202466,140.352899,138.092115
520.202499,140.352899,138.098811
520.202540,140.352899,138.104974
520.202574,140.352899,138.106245
520.202584,140.352899,138.111730
520.202597,140.352899,138.124464
520.202627,140.352899,138.132611
520.202650,140.352899,138.134651
520.202676,140.352899,138.135034
520.202689,140.352899,138.144598
520.202706,140.352899,138.151294
520.202718,140.352899,138.160510
520.202732,140.352899,138.165090
520.202769,140.352899,138.165106
520.202822,140.352899,138.168786
520.202829,140.352899,138.168936
520.202879,140.352899,138.171154
520.202888,140.352899,138.188869
520.202897,140.352899,138.197134
520.202925,140.352899,138.201024
520.202934,140.352899,138.202216
520.202962,140.352899,138.203888
520.202989,140.352899,138.207992
520.203007,140.352899,138.215034
520.203014,140.352899,138.215912
520.203048,140.352899,138.216486
520.203086,140.352899,138.222358
520.203123,140.352899,138.224405
520.203175,140.352899,138.225222
520.203187,140.352899,138.230904
520.203200,140.352899,138.235474
520.203239,140.352899,138.236456
520.203252,140.352899,138.238234
520.203263,140.352899,138.239314
520.203293,140.352899,138.242866
520.203349,140.352899,138.245621
520.203363,140.352899,138.247022
520.203373,140.352899,138.248914
520.203382,140.352899,138.249989
520.203393,140.352899,138.250242
520.203427,140.352899,138.253826
520.203441,140.352899,138.255234
520.203464,140.352899,138.258146
520.203500,140.352899,138.262106
520.203526,140.352899,138.262584
520.203538,140.352899,138.269918
520.203546,140.352899,138.270434
520.203610,140.352899,138.273085
520.203638,140.352899,138.273485
520.203670,140.352899,138.289758
520.203691,140.352899,138.292158
520.203698,140.352899,138.297770
520.203720,140.352899,138.304984
520.203764,140.352899,138.311862
520.203788,140.352899,138.313234
520.203810,140.352899,138.319122
520.203829,140.352899,138.335602
520.203883,140.352899,138.347101
520.203908,140.352899,138.347678
520.203916,140.352899,138.360080
520.203927,140.352899,138.364314
520.203947,140.352899,138.366240
520.203967,140.352899,138.366274
520.203976,140.352899,138.369211
520.203983,140.352899,138.369918
520.203991,140.352899,138.373494
520.204034,140.352899,138.374773
520.204055,140.352899,138.374904
520.204078,140.352899,138.375530
520.204086,140.352899,138.377301
520.204114,140.352899,138.381846
520.204152,140.352899,138.386366
520.204180,140.352899,138.389168
520.204268,140.352899,138.398472
520.204283,140.352899,138.400629
520.204387,140.352899,138.410549
520.204423,140.352899,138.416339
520.204466,140.352899,138.418880
520.204533,140.352899,138.427013
520.204562,140.352899,138.429898
520.204614,140.352899,138.431235
520.204644,140.352899,138.437592
520.204666,140.352899,138.439658
520.204700,140.352899,138.442173
520.204716,140.352899,138.443166
520.204749,140.352899,138.443440
520.204758,140.352899,138.446494
520.204770,140.352899,138.451395
520.204821,140.352899,138.452533
520.204841,140.352899,138.454586
520.204882,140.352899,138.455061
520.204914,140.352899,138.459934
520.204925,140.352899,138.461994
520.204959,140.352899,138.465546
520.204971,140.352899,138.471170
520.204992,140.352899,138.471650
520.205020,140.352899,138.472989
520.205028,140.352899,138.473094
520.205061,140.352899,138.477602
520.205087,140.352899,138.478278
520.205100,140.352899,138.490518
520.205133,140.352899,138.499082
520.205163,140.352899,138.507458
520.205182,140.352899,138.517395
520.205245,140.352899,138.517536
520.205279,140.352899,138.523942
520.205314,140.352899,138.531533
520.205322,140.352899,138.537694
520.205333,140.352899,138.540160
520.205349,140.352899,138.543306
520.205361,140.352899,138.548286
520.205396,140.352899,138.548930
520.205404,140.352899,138.555362
520.205430,140.352899,138.561075
520.205442,140.352899,138.563514
520.205484,140.352899,138.567429
520.205532,140.352899,138.569019
520.205556,140.352899,138.572205
520.205614,140.352899,138.584714
520.205622,140.352899,138.592334
520.205634,140.352899,138.594118
520.205670,140.352899,138.596880
520.205683,140.352899,138.620166
520.205720,140.352899,138.621539
520.205729,140.352899,138.621629
520.205736,140.352899,138.623478
520.205747,140.352899,138.625909
520.205754,140.352899,138.626549
520.205775,140.352899,138.626930
520.205798,140.352899,138.627354
520.205805,140.352899,138.634797
520.205910,140.352899,138.637949
520.205968,140.352899,138.641437
520.205978,140.352899,138.645088
520.206011,140.352899,138.647296
520.206032,140.352899,138.647694
520.206039,140.352899,138.653408
520.206046,140.352899,138.657922
520.206061,140.352899,138.660045
520.206085,140.352899,138.662610
520.206096,140.352899,138.664917
520.206121,140.352899,138.669762
520.206148,140.352899,138.680157
520.206162,140.352899,138.680797
520.206169,140.352899,138.681330
520.206187,140.352899,138.682526
520.206220,140.352899,138.684464
520.206259,140.352899,138.685382
520.206278,140.352899,138.690837
520.206301,140.352899,138.692718
520.206326,140.352899,138.693166
520.206333,140.352899,138.694805
520.206341,140.352899,138.703904
520.206361,140.352899,138.706474
520.206473,140.352899,138.708334
520.206483,140.352899,138.710562
520.206501,140.352899,138.718768
520.206537,140.352899,138.719258
520.206578,140.352899,138.733394
520.206609,140.352899,138.748720
520.206619,140.352899,138.751338
520.206626,140.352899,138.757206
520.206651,140.352899,138.770997
520.206665,140.352899,138.772854
520.206684,140.352899,138.783904
520.206713,140.352899,138.791323
520.206742,140.352899,138.793155
520.206773,140.352899,138.804614
520.206803,140.352899,138.809493
520.206840,140.352899,138.816851
520.206852,140.352899,138.819294
520.206875,140.352899,138.823040
520.206885,140.352899,138.825581
520.206911,140.352899,138.832165
520.206920,140.352899,138.832522
520.206955,140.352899,138.846984
520.206981,140.352899,138.847686
520.207087,140.352899,138.848123
520.207125,140.352899,138.863854
520.207137,140.352899,138.876648
520.207148,140.352899,138.877965
520.207162,140.352899,138.884451
520.207173,140.352899,138.892302
520.207206,140.352899,138.894195
520.207233,140.352899,138.897061
520.207239,140.352899,138.901134
520.207264,140.352899,138.903758
520.207300,140.352899,138.904373
520.207319,140.352899,138.905034
520.207325,140.352899,138.906458
520.207338,140.352899,138.922184
520.207367,140.352899,138.924510
520.207399,140.352899,138.924954
520.207433,140.352899,138.927968
520.207439,140.352899,138.928037
520.207445,140.352899,138.929378
520.207471,140.352899,138.932038
520.207503,140.352899,138.934418
520.207528,140.352899,138.951269
520.207546,140.352899,138.951504
520.207604,140.352899,138.953979
520.207641,140.352899,138.955933
520.207660,140.352899,138.962106
520.207672,140.352899,138.966270
520.207677,140.352899,138.968013
520.207734,140.352899,138.970418
520.207740,140.352899,138.981022
520.207782,140.352899,138.982133
520.207788,140.352899,138.987214
520.207838,140.352899,138.987846
520.207845,140.352899,138.990984
520.207896,140.352899,138.997294
520.207922,140.352899,139.000666
520.207936,140.352899,139.024035
520.207947,140.352899,139.026792
520.207952,140.352899,139.031890
520.208022,140.352899,139.032030
520.208049,140.352899,139.040261
520.208055,140.352899,139.046269
520.208060,140.352899,139.056206
520.208094,140.352899,139.073379
520.208117,140.352899,139.078235
520.208142,140.352899,139.078651
520.208169,140.352899,139.079747
520.208258,140.352899,139.088946
520.208288,140.352899,139.102062
520.208319,140.352899,139.109650
520.208387,140.352899,139.111789
520.208420,140.352899,139.134838
520.208439,140.352899,139.142766
520.208445,140.352899,139.143594
520.208477,140.352899,139.155198
520.208584,140.352899,139.158336
520.208606,140.352899,139.164198
520.208615,140.352899,139.168269
520.208622,140.352899,139.169434
520.208670,140.352899,139.176874
520.208695,140.352899,139.183299
520.208724,140.352899,139.184066
520.208750,140.352899,139.188504
520.208760,140.352899,139.192883
520.208766,140.352899,139.196771
520.208788,140.352899,139.197560
520.208815,140.352899,139.203694
520.208845,140.352899,139.212694
520.208874,140.352899,139.215438
520.208893,140.352899,139.227237
520.208917,140.352899,139.229053
520.208926,140.352899,139.230472
520.208953,140.352899,139.234376
520.209016,140.352899,139.237424
520.209038,140.352899,139.241634
520.209064,140.352899,139.244624
520.209070,140.352899,139.246413
520.209141,140.352899,139.247051
520.209163,140.352899,139.250050
520.209185,140.352899,139.250896
520.209218,140.352899,139.265373
520.209249,140.352899,139.267317
520.209255,140.352899,139.278253
520.209293,140.352899,139.286894
520.209316,140.352899,139.287547
520.209329,140.352899,139.301998
520.209338,140.352899,139.317125
520.209350,140.352899,139.322421
520.209361,140.352899,139.325237
520.209394,140.352899,139.326549
520.209423,140.352899,139.327810
520.209432,140.352899,139.339298
520.209441,140.352899,139.341755
520.209487,140.352899,139.342024
520.209519,140.352899,139.348883
520.209545,140.352899,139.353928
520.209589,140.352899,139.354496
520.209615,140.352899,139.361744
520.209620,140.352899,139.369222
520.209629,140.352899,139.382546
520.209662,140.352899,139.384570
520.209680,140.352899,139.393256
520.209702,140.352899,139.393454
520.209708,140.352899,139.397570
520.209730,140.352899,139.401042
520.209782,140.352899,139.401421
520.209845,140.352899,139.404309
520.209880,140.352899,139.420362
520.209895,140.352899,139.421765
520.209908,140.352899,139.424944
520.209913,140.352899,139.427712
520.209926,140.352899,139.431510
520.209961,140.352899,139.434758
520.209966,140.352899,139.437696
520.209972,140.352899,139.437781
520.209977,140.352899,139.437899
520.210004,140.352899,139.441614
520.210035,140.352899,139.443731
520.210043,140.352899,139.444546
520.210117,140.352899,139.446312
520.210122,140.352899,139.446381
520.210151,140.352899,139.446982
520.210159,140.352899,139.447178
520.210171,140.352899,139.448394
520.210179,140.352899,139.455576
520.210206,140.352899,139.458435
520.210215,140.352899,139.462075
520.210231,140.352899,139.462446
520.210252,140.352899,139.472758
520.210267,140.352899,139.485222
520.210378,140.352899,139.488125
520.210404,140.352899,139.491616
520.210416,140.352899,139.494939
520.210431,140.352899,139.504277
520.210463,140.352899,139.506750
520.210494,140.352899,139.509914
520.210510,140.352899,139.511005
520.210533,140.352899,139.515477
520.210576,140.352899,139.517693
520.210620,140.352899,139.518254
520.210631,140.352899,139.522203
520.210707,140.352899,139.530578
520.210712,140.352899,139.531704
520.210752,140.352899,139.533227
520.210761,140.352899,139.536339
520.210770,140.352899,139.540206
520.210775,140.352899,139.545538
520.210794,140.352899,139.545557
520.210803,140.352899,139.546610
520.210822,140.352899,139.549390
520.210834,140.352899,139.554030
520.210881,140.352899,139.557984
520.210904,140.352899,139.558134
520.210936,140.352899,139.562462
520.210972,140.352899,139.564803
520.211001,140.352899,139.576698
520.211010,140.352899,139.578304
520.211019,140.352899,139.580979
520.211034,140.352899,139.581840
520.211090,140.352899,139.583701
520.211163,140.352899,139.593237
520.211171,140.352899,139.598669
520.211210,140.352899,139.608338
520.211214,140.352899,139.611989
520.211266,140.352899,139.613046
520.211284,140.352899,139.614102
520.211294,140.352899,139.616888
520.211334,140.352899,139.624370
520.211351,140.352899,139.632965
520.211376,140.352899,139.640954
520.211412,140.352899,139.643981
520.211488,140.352899,139.650573
520.211553,140.352899,139.659821
520.211572,140.352899,139.671710
520.211634,140.352899,139.674387
520.211682,140.352899,139.694654
520.211705,140.352899,139.695918
520.211770,140.352899,139.699056
520.211789,140.352899,139.699486
520.211836,140.352899,139.706034
520.211864,140.352899,139.708989
520.211869,140.352899,139.718784
520.211897,140.352899,139.719560
520.211914,140.352899,139.721331
520.211933,140.352899,139.722251
520.211947,140.352899,139.730534
520.211971,140.352899,139.732658
520.211980,140.352899,139.733603
520.211984,140.352899,139.743862
520.212019,140.352899,139.747104
520.212037,140.352899,139.748960
520.212045,140.352899,139.749520
520.212089,140.352899,139.754398
520.212121,140.352899,139.762354
520.212137,140.352899,139.768626
520.212164,140.352899,139.774677
520.212198,140.352899,139.781451
520.212212,140.352899,139.789467
520.212233,140.352899,139.800910
520.212244,140.352899,139.803445
520.212263,140.352899,139.806218
520.212279,140.352899,139.809480
520.212296,140.352899,139.820328
520.212312,140.352899,139.820725
520.212340,140.352899,139.822037
520.212398,140.352899,139.825970
520.212408,140.352899,139.829317
520.212440,140.352899,139.835522
520.212478,140.352899,139.839766
520.212482,140.352899,139.843166
520.212503,140.352899,139.847210
520.212579,140.352899,139.848878
520.212591,140.352899,139.865957
520.212606,140.352899,139.868597
520.212668,140.352899,139.871294
520.212676,140.352899,139.872168
520.212691,140.352899,139.876197
520.212723,140.352899,139.881942
520.212752,140.352899,139.881966
520.212825,140.352899,139.883978
520.212840,140.352899,139.890304
520.212858,140.352899,139.892286
520.212877,140.352899,139.897952
520.212921,140.352899,139.900608
520.212932,140.352899,139.906438
520.212936,140.352899,139.906442
520.212951,140.352899,139.907878
520.212972,140.352899,139.907971
520.213004,140.352899,139.908147
520.213011,140.352899,139.918678
520.213018,140.352899,139.921165
520.213069,140.352899,139.933976
520.213076,140.352899,139.935400
520.213104,140.352899,139.937166
520.213134,140.352899,139.950784
520.213155,140.352899,139.953957
520.213172,140.352899,139.962485
520.213183,140.352899,139.965958
520.213224,140.352899,139.967474
520.213247,140.352899,139.970046
520.213273,140.352899,139.975478
520.213278,140.352899,139.979440
520.213287,140.352899,139.979819
520.213307,140.352899,139.983838
520.213335,140.352899,139.986037
520.213341,140.352899,139.989670
520.213364,140.352899,139.990894
520.213379,140.352899,139.996438
520.213393,140.352899,139.998925
520.213408,140.352899,140.000978
520.213411,140.352899,140.003782
520.213441,140.352899,140.008517
520.213456,140.352899,140.009333
520.213517,140.352899,140.010734
520.213525,140.352899,140.018078
520.213541,140.352899,140.019550
520.213552,140.352899,140.024981
520.213590,140.352899,140.025942
520.213688,140.352899,140.028110
520.213761,140.352899,140.031509
520.213770,140.352899,140.032830
520.213774,140.352899,140.042024
520.213789,140.352899,140.045234
520.213792,140.352899,140.047470
520.213821,140.352899,140.049965
520.213835,140.352899,140.053422
520.213853,140.352899,140.055438
520.213897,140.352899,140.057579
520.213901,140.352899,140.062562
520.213908,140.352899,140.071029
520.213949,140.352899,140.082157
520.213984,140.352899,140.088323
520.214012,140.352899,140.088622
520.214035,140.352899,140.094515
520.214039,140.352899,140.096181
520.214065,140.352899,140.096474
520.214068,140.352899,140.108030
520.214087,140.352899,140.110235
520.214107,140.352899,140.114989
520.214114,140.352899,140.125024
520.214135,140.352899,140.132757
520.214160,140.352899,140.135250
520.214168,140.352899,140.137456
520.214182,140.352899,140.137646
520.214191,140.352899,140.139389
520.214236,140.352899,140.143642
520.214271,140.352899,140.146446
520.214274,140.352899,140.147595
520.214281,140.352899,140.149341
520.214284,140.352899,140.152509
520.214287,140.352899,140.155173
520.214304,140.352899,140.161139
520.214324,140.352899,140.172333
520.214388,140.352899,140.177312
520.214451,140.352899,140.185790
520.214458,140.352899,140.187914
520.214475,140.352899,140.188645
520.214505,140.352899,140.208421
520.214536,140.352899,140.209429
520.214562,140.352899,140.213010
520.214568,140.352899,140.217893
520.214598,140.352899,140.218659
520.214609,140.352899,140.225355
520.214615,140.352899,140.228666
520.214624,140.352899,140.234605
520.214654,140.352899,140.235374
520.214690,140.352899,140.262051
520.214705,140.352899,140.262990
520.214742,140.352899,140.267714
520.214745,140.352899,140.284539
520.214754,140.352899,140.287824
520.214757,140.352899,140.290574
520.214775,140.352899,140.295005
520.214778,140.352899,140.299968
520.214800,140.352899,140.305678
520.214805,140.352899,140.306126
520.214821,140.352899,140.306522
520.214836,140.352899,140.309346
520.214858,140.352899,140.310170
520.214890,140.352899,140.310546
520.214904,140.352899,140.311998
520.214934,140.352899,140.312365
520.214952,140.352899,140.314918
520.214976,140.352899,140.318518
520.214990,140.352899,140.322638
520.215019,140.352899,140.324398
520.215044,140.352899,140.329294
520.215059,140.352899,140.331954
520.215077,140.352899,140.335659
520.215102,140.352899,140.343979
520.215105,140.352899,140.345474
520.215108,140.352899,140.349032
520.215112,140.352899,140.350200
520.215127,140.352899,140.352899
